onset	duration	nwb_table	block	tone_on_time	tone_off_time	action_on_time	action_off_time	pokeC_on_time	pokeC_off_time	reward_on_time	reward_off_time	state	action	reward	result	FinishedBlock	FirstTrial	LastTrial	RewardRule_L	RewardRule_R
4.423	891.114	BlockDesign														1.0	1.0	58.0	90.0	50.0
4.423	16.548000000000002	trials	1.0	18.386655	18.961641			17.458779	18.956222			1.0		0.0	2.0					
23.02	6.041	trials	1.0	25.616014	27.053573	27.756164	27.965078	24.801	27.041864			1.0		0.0	2.0					
31.077	10.103999999999996	trials	1.0	38.662988	39.10328			37.806279	39.098355			1.0		0.0	2.0					
44.236	22.285000000000004	trials	1.0	60.011905999999996	61.164873	65.978775	66.51744000000001	59.0132	61.156608000000006			2.0		0.0	2.0					
67.242	16.093999999999994	trials	1.0	78.966921	80.23450100000001	81.245676	81.75116700000001	78.15774900000001	80.646629	81.981	83.336	1.0	1.0	1.0	1.0					
87.381	8.284999999999997	trials	1.0	90.203575	92.029381	92.963115	93.525614	89.401431	92.327533	93.666	95.666	1.0	2.0	1.0	1.0					
99.681	8.64	trials	1.0	104.141919	106.060139			103.43480100000001	106.204887			2.0		1.0	1.0					
111.846	6.224999999999994	trials	1.0	114.007097	116.05840500000001			113.42951000000001	116.020152			2.0		1.0	1.0					
120.592	19.70899999999999	trials	1.0	135.422408	136.97869999999998	137.969213	138.72447799999998	134.732127	137.351904	138.741	140.301	1.0	2.0	1.0	1.0					
142.321	9.725999999999999	trials	1.0	148.748981	150.038571	151.154673	151.566938	147.82391099999998	150.026681			2.0		0.0	2.0					
156.099	13.951999999999998	trials	1.0	165.397563	166.957146	167.61704999999998	168.442274	164.61328899999998	166.90756499999998	168.416	170.051	1.0	2.0	1.0	1.0					
173.077	7.670000000000016	trials	1.0	176.087474	177.17484	178.2668	179.06169899999998	175.49924	177.657174	179.086	180.747	1.0	2.0	1.0	1.0					
182.787	7.039999999999992	trials	1.0	185.93238	187.06866	187.797072	188.26715399999998	185.330942	187.17768199999998	188.476	189.827	1.0	1.0	1.0	1.0					
192.846	7.6510000000000105	trials	1.0	195.52219699999998	196.979157	197.99014799999998	198.80873699999998	194.85418399999998	197.354703	198.651	200.497	1.0	2.0	1.0	1.0					
204.556	6.069999999999993	trials	1.0	207.36310699999999	208.619163	209.812571	210.62281199999998	206.54700499999998	209.164955			1.0	2.0	0.0	3.0					
212.145	32.216999999999985	trials	1.0	241.46765299999998	242.895344	243.69214499999998	244.36210599999998	240.71982799999998	243.06053			1.0	2.0	0.0	3.0					
247.077	19.60899999999998	trials	1.0	262.548202	264.119638			262.022335	264.381705			2.0		1.0	1.0					
271.211	5.264999999999986	trials	1.0	273.067412	274.465279			271.78884300000004	274.455123			2.0		0.0	2.0					
279.527	9.759999999999991	trials	1.0	284.273057	285.68895000000003	286.806868	287.537418	283.700126	286.157108	287.611	289.287	1.0	2.0	1.0	1.0					
291.351	8.889999999999986	trials	1.0	295.128314	296.582377	297.564876	298.503492	294.290498	296.822568	298.287	300.241	1.0	2.0	1.0	1.0					
303.304	9.177000000000021	trials	1.0	306.89347200000003	308.020905	309.530015	310.57914500000004	306.298047	308.82360600000004	310.412	312.481	1.0	2.0	1.0	1.0					
316.54	17.825999999999965	trials	1.0	331.36379300000004	332.28496			330.39482100000004	332.28184200000004			1.0		0.0	2.0					
336.381	16.741000000000042	trials	1.0	347.242989	349.118856	350.373105	351.240492	346.63224	349.632716	351.111	353.122	1.0	2.0	1.0	1.0					
356.186	7.410000000000025	trials	1.0	360.233072	361.26480300000003	362.742237	363.59657000000004	359.451561	362.08860000000004			1.0	2.0	0.0	3.0					
366.111	22.560000000000002	trials	1.0	385.563352	387.170497	388.04803400000003	388.672115	384.839224	387.431599			1.0	2.0	0.0	3.0					
390.366	22.69999999999999	trials	1.0	408.11330000000004	409.850886	410.96462	411.472724	407.33349200000004	410.253826	411.767	413.066	1.0	1.0	1.0	1.0					
416.166	7.314999999999998	trials	1.0	418.971737	420.920814			418.239053	421.22083100000003			2.0		1.0	1.0					
426.056	10.015000000000043	trials	1.0	430.448215	432.300519	433.444989	434.109119	429.788544	432.79056	434.176	436.071	1.0	1.0	1.0	1.0					
439.176	7.560000000000002	trials	1.0	442.794053	444.370065	445.97397900000004	446.73669	442.195707	445.26380600000005			1.0	2.0	0.0	3.0					
449.333	18.13299999999998	trials	1.0	462.363261	463.95020400000004	465.11769200000003	465.840816	461.65448000000004	464.396568	465.896	467.466	1.0	2.0	1.0	1.0					
470.516	6.2999999999999545	trials	1.0	473.844154	474.811364			472.904334	474.799274			1.0		0.0	2.0					
480.864	15.647000000000048	trials	1.0	492.59432100000004	493.995222			491.704251	494.373381			2.0		1.0	1.0					
499.041	7.100000000000023	trials	1.0	502.05397500000004	503.833352			501.130697	503.94473700000003			2.0		1.0	1.0					
510.611	4.3700000000000045	trials	1.0	512.48409	512.910421	513.57135	513.75393	510.786383	512.903951			1.0		0.0	2.0					
519.037	13.875	trials	1.0	528.769086	530.360778			527.874317	530.629451			2.0		1.0	1.0					
537.476	6.5499999999999545	trials	1.0	539.434221	540.8492170000001	541.9582330000001	542.456758	538.469365	541.304274	542.651	544.026	1.0	1.0	1.0	1.0					
547.097	9.730000000000018	trials	1.0	551.92427	553.025085	554.569386	555.220835	551.364378	553.912694	555.321	556.827	1.0	1.0	1.0	1.0					
560.896	7.690000000000055	trials	1.0	565.559114	566.989331	568.0782770000001	568.588963	564.67988	567.42213			1.0	1.0	0.0	3.0					
572.412	17.914999999999964	trials	1.0	586.4937600000001	588.316197	589.379325	589.5873	585.499143	588.308631			1.0		0.0	2.0					
592.336	22.79499999999996	trials	1.0	607.790973	609.235962	612.83516	613.49451	606.940434	609.512016	613.537	615.131	1.0	1.0	1.0	1.0					
618.191	10.572000000000003	trials	1.0	621.474656	622.766441	626.37434	627.2611410000001	620.529879	623.173374	627.091	628.763	1.0	1.0	1.0	1.0					
632.827	15.94399999999996	trials	1.0	644.9946630000001	646.762273			644.349974	646.75156			2.0		0.0	2.0					
650.823	21.84800000000007	trials	1.0	667.384821	669.435789	670.291035	671.11235	666.47033	669.652553	670.956	672.671	1.0	2.0	1.0	1.0					
674.73	8.91599999999994	trials	1.0	679.791153	681.5835450000001	682.405082	682.670072	678.8779890000001	681.575604			1.0		0.0	2.0					
686.701	17.795999999999935	trials	1.0	699.77544	701.1519440000001	702.321476	702.941628	698.933247	701.6663130000001	703.037	704.497	1.0	1.0	1.0	1.0					
707.561	10.68999999999994	trials	1.0	710.39502	711.931945	715.747491	716.6513160000001	709.820381	712.461914	716.506	718.251	1.0	1.0	1.0	1.0					
720.271	10.920000000000073	trials	1.0	725.434918	726.962451	728.019804	728.629917	724.470312	727.46264	728.756	731.191	1.0	1.0	1.0	1.0					
733.253	9.847999999999956	trials	1.0	738.295728	740.500493			737.323203	740.7818530000001			2.0		1.0	1.0					
745.571	5.755999999999972	trials	1.0	749.1111970000001	749.322565			748.597602	749.310525			1.0		0.0	2.0					
755.351	14.784999999999968	trials	1.0	762.034856	763.881672	767.6213	768.5114990000001	761.213448	764.105424	768.311	770.136	1.0	1.0	1.0	1.0					
772.181	9.490000000000009	trials	1.0	776.275386	777.341823	779.090316	779.964867	775.540649	778.442253	779.881	781.671	1.0	1.0	1.0	1.0					
784.722	14.91700000000003	trials	1.0	796.1556390000001	797.58411	798.453885	798.705968	795.218445	797.580354			1.0		0.0	2.0					
801.651	19.81000000000006	trials	1.0	816.457476	818.503987	819.14799	819.80723	815.875221	818.515638	819.827	821.461	1.0	2.0	1.0	1.0					
823.499	13.288000000000011	trials	1.0	827.645478	828.702036	833.385747	834.12852	827.118003	829.148294	834.091	836.787	1.0	1.0	1.0	1.0					
839.836	11.004999999999995	trials	1.0	846.605915	847.687413	848.665715	849.294067	845.714372	847.856502	849.391	850.841	1.0	1.0	1.0	1.0					
852.906	19.756000000000085	trials	1.0	869.115594	870.3576810000001			868.258208	870.380366			2.0		1.0	1.0					
875.226	10.004999999999995	trials	1.0	880.506045	882.185876	883.070972	883.733112	879.754367	882.472661	883.702	885.231	1.0	1.0	1.0	1.0					
889.251	6.286000000000058	trials	1.0	890.811111	892.512746	893.185659	893.8671360000001	890.171661	892.5883650000001	893.916	895.537	1.0	1.0	1.0	1.0					
898.611	2418.0150000000003	BlockDesign														1.0	59.0	207.0	50.0	10.0
898.611	5.926000000000045	trials	2.0	901.582752	902.937957	903.919656	904.537677	901.044666	903.367173			1.0	1.0	0.0	3.0					
906.307	8.338999999999942	trials	2.0	911.252292	912.572663	913.2288540000001	913.4813300000001	910.429464	912.5685050000001			1.0		0.0	2.0					
917.662	10.06899999999996	trials	2.0	925.046322	926.251446	927.113013	927.733119	924.054894	926.441451			1.0	2.0	0.0	3.0					
929.436	18.476	trials	2.0	944.761557	945.9081150000001			944.115138	945.902241			1.0		0.0	2.0					
950.921	9.875	trials	2.0	957.087432	958.178165			956.3280090000001	958.52352			2.0		1.0	1.0					
965.309	6.652000000000044	trials	2.0	968.43575	970.392524	971.400924	971.964423	967.705224	970.748153			1.0	1.0	0.0	3.0					
974.721	14.38900000000001	trials	2.0	985.491379	986.798325			984.720442	987.001563			2.0		1.0	1.0					
991.577	7.5890000000000555	trials	2.0	996.100303	997.5892210000001	998.45547	999.167775	995.238378	997.783689			1.0	2.0	0.0	3.0					
1001.771	18.585000000000036	trials	2.0	1016.4462090000001	1018.35386			1015.439123	1018.343343			1.0		0.0	2.0					
1023.379	51.01699999999994	trials	2.0	1070.246798	1071.394347	1072.424034	1073.0131059999999	1069.369851	1071.8107249999998	1073.191	1074.396	1.0	1.0	1.0	1.0					
1076.414	10.35200000000009	trials	2.0	1082.2773029999998	1083.374009	1084.4328639999999	1085.2935559999999	1081.705622	1083.872555	1085.226	1086.766	1.0	1.0	1.0	1.0					
1090.831	8.204000000000178	trials	2.0	1095.4069889999998	1096.990143	1097.730257	1098.0122669999998	1094.4503129999998	1096.9861099999998			1.0		0.0	2.0					
1101.088	23.972999999999956	trials	2.0	1116.7420849999999	1118.2555679999998	1122.145881	1122.9471509999998	1116.0858269999999	1118.6750129999998	1122.986	1125.061	1.0	1.0	1.0	1.0					
1127.117	10.104000000000042	trials	2.0	1129.8473979999999	1130.9689939999998	1134.8391889999998	1135.75722	1129.0367609999998	1131.5241449999999	1135.488	1137.221	1.0	1.0	1.0	1.0					
1140.257	8.993999999999915	trials	2.0	1143.5435719999998	1145.434317	1148.6136549999999	1149.254272	1142.653754	1145.4301369999998			2.0		0.0	2.0					
1151.511	14.309999999999945	trials	2.0	1162.4334299999998	1164.292154	1165.240701	1165.8229979999999	1161.506514	1164.652958			1.0	2.0	0.0	3.0					
1167.561	12.990000000000009	trials	2.0	1176.632619	1178.043045			1175.9796529999999	1178.3052519999999			2.0		1.0	1.0					
1184.063	5.867999999999938	trials	2.0	1186.728062	1187.780961	1189.393817	1189.9338899999998	1186.116849	1188.7441829999998			1.0	1.0	0.0	3.0					
1193.716	11.260000000000218	trials	2.0	1201.757913	1202.853921	1204.357004	1204.9799959999998	1200.8384959999999	1203.6622619999998			1.0	2.0	0.0	3.0					
1206.676	18.24500000000012	trials	2.0	1220.558501	1221.9830539999998	1222.7406139999998	1223.346083	1219.863738	1222.0502119999999	1223.501	1224.921	1.0	1.0	1.0	1.0					
1227.987	7.730000000000018	trials	2.0	1230.5231019999999	1232.211225	1233.380716	1234.045328	1229.7281189999999	1232.794334	1234.111	1235.717	1.0	1.0	1.0	1.0					
1237.767	7.418999999999869	trials	2.0	1241.5776179999998	1243.43589	1244.5059139999998	1245.1913359999999	1240.8820719999999	1243.9214029999998			1.0	1.0	0.0	3.0					
1248.848	7.923000000000002	trials	2.0	1253.084637	1254.215822			1252.172783	1254.62898			2.0		1.0	1.0					
1261.295	5.115000000000009	trials	2.0	1263.4123829999999	1264.4006359999998	1265.1516749999998	1265.373087	1261.579113	1264.3884389999998			1.0		0.0	2.0					
1270.446	19.6550000000002	trials	2.0	1284.537648	1286.5095359999998	1287.531198	1288.2408509999998	1283.9617859999998	1286.8398419999999	1288.266	1290.101	1.0	2.0	1.0	1.0					
1293.772	6.3840000000000146	trials	2.0	1295.8884269999999	1297.856057			1295.159109	1298.0219639999998			2.0		1.0	1.0					
1304.689	5.607999999999947	trials	2.0	1306.412918	1308.294594	1309.012968	1309.2652979999998	1305.2447599999998	1308.2861269999999			1.0		0.0	2.0					
1312.308	20.354000000000042	trials	2.0	1329.59286	1330.6600079999998	1331.3289719999998	1331.506688	1328.6688589999999	1330.649876			1.0		0.0	2.0					
1336.671	20.90599999999995	trials	2.0	1351.818126	1353.2703199999999	1357.003017	1357.582029	1351.1763979999998	1353.7657949999998			1.0	1.0	0.0	3.0					
1361.426	14.680000000000064	trials	2.0	1372.585181	1374.54002	1375.593858	1376.108847	1371.8129749999998	1374.823487			1.0	2.0	0.0	3.0					
1378.921	12.779999999999973	trials	2.0	1388.1302939999998	1389.640524			1387.245401	1389.594447			2.0		1.0	1.0					
1395.206	5.121000000000095	trials	2.0	1396.943597	1398.270636			1396.017606	1398.265038			1.0		0.0	2.0					
1402.381	15.934999999999945	trials	2.0	1414.318454	1416.3055729999999	1417.244708	1417.81577	1413.345226	1416.453752			1.0	1.0	1.0	1.0					
1420.825	13.422000000000025	trials	2.0	1430.7846499999998	1432.240948			1429.862639	1432.2362329999999			2.0		0.0	2.0					
1437.296	9.940000000000055	trials	2.0	1443.698516	1444.7260589999999			1442.854496	1445.108166			2.0		1.0	1.0					
1451.801	7.870000000000118	trials	2.0	1455.658988	1456.8607519999998			1455.0735109999998	1457.4242239999999			2.0		1.0	1.0					
1464.241	4.285000000000082	trials	2.0	1465.9292389999998	1467.150833	1468.066584	1468.529067	1464.391068	1467.469257			1.0	1.0	0.0	3.0					
1472.381	18.03099999999995	trials	2.0	1487.024426	1488.6723809999999	1489.864142	1490.4190429999999	1486.358342	1489.154625			1.0	2.0	0.0	3.0					
1494.183	14.843000000000075	trials	2.0	1505.9540479999998	1506.962621			1505.284391	1506.9601169999999			1.0		0.0	2.0					
1511.077	13.845000000000027	trials	2.0	1520.7295009999998	1522.66005			1520.1725359999998	1522.7894299999998			2.0		1.0	1.0					
1528.435	5.971000000000004	trials	2.0	1530.9542279999998	1532.401913	1533.140342	1533.392537	1530.067413	1532.391062			1.0		0.0	2.0					
1536.414	14.562000000000126	trials	2.0	1547.050059	1548.911246			1546.1404189999998	1548.908137			1.0		0.0	2.0					
1552.986	29.439999999999827	trials	2.0	1578.977751	1580.416008			1578.024446	1580.39922			1.0		0.0	2.0					
1585.436	8.115000000000009	trials	2.0	1590.360164	1591.472405			1589.515346	1591.4558539999998			1.0		0.0	2.0					
1596.561	13.930000000000064	trials	2.0	1602.3401609999999	1603.4159359999999	1607.9482189999999	1608.713295	1601.655227	1603.963278	1608.571	1610.491	1.0	1.0	1.0	1.0					
1612.551	10.300000000000182	trials	2.0	1617.6850559999998	1619.235518	1620.121305	1620.726545	1617.009273	1619.532512	1620.782	1622.851	1.0	1.0	1.0	1.0					
1624.881	8.280999999999949	trials	2.0	1629.8853629999999	1631.151249	1631.7693539999998	1632.040278	1628.911645	1631.139839			1.0		0.0	2.0					
1636.177	11.63000000000011	trials	2.0	1644.9450539999998	1645.8030059999999			1644.1187189999998	1645.794256			2.0		0.0	2.0					
1649.817	12.118999999999915	trials	2.0	1657.955139	1659.1367089999999	1661.5658629999998	1661.9407199999998	1657.1779769999998	1659.616065			1.0	2.0	0.0	3.0					
1664.901	4.704999999999927	trials	2.0	1666.690688	1667.602631			1666.152693	1667.5987759999998			1.0		0.0	2.0					
1672.613	8.64799999999991	trials	2.0	1678.010261	1680.066965	1680.7073779999998	1681.266428	1677.469424	1680.1555039999998			1.0	2.0	0.0	3.0					
1685.071	10.950000000000045	trials	2.0	1691.195198	1692.8357059999998	1693.8398089999998	1694.6409899999999	1690.649532	1693.2367009999998	1694.586	1696.021	1.0	2.0	1.0	1.0					
1699.087	6.889000000000124	trials	2.0	1701.2119369999998	1702.842537	1703.618534	1704.43178	1700.358671	1702.9050109999998	1704.316	1705.976	1.0	1.0	1.0	1.0					
1709.997	8.368999999999915	trials	2.0	1712.0258489999999	1713.897581	1717.8322349999999	1718.373603	1710.518807	1713.8920979999998			2.0		0.0	2.0					
1719.987	13.61999999999989	trials	2.0	1729.8709319999998	1731.6038179999998	1732.241388	1732.622387	1729.156194	1731.599057			1.0		0.0	2.0					
1735.617	12.460000000000036	trials	2.0	1744.361132	1745.7782129999998			1743.4653329999999	1745.7344369999998			2.0		1.0	1.0					
1751.563	5.2029999999999745	trials	2.0	1753.5356419999998	1754.762779	1755.496064	1755.6449639999998	1752.452083	1754.752857			1.0		0.0	2.0					
1759.787	12.229000000000042	trials	2.0	1768.6858559999998	1769.802626	1770.918561	1771.4403599999998	1768.127636	1770.316863			1.0	1.0	1.0	1.0					
1775.456	14.485000000000127	trials	2.0	1786.515825	1787.88446			1785.943421	1787.8743829999999			1.0		0.0	2.0					
1791.952	13.913999999999987	trials	2.0	1802.98595	1803.808202			1802.4692539999999	1803.801477			1.0		0.0	2.0					
1809.874	12.741999999999962	trials	2.0	1819.716545	1821.133245	1822.18077	1822.620203	1819.0216699999999	1821.586026			1.0	1.0	0.0	3.0					
1824.516	13.449999999999818	trials	2.0	1834.1913479999998	1835.4163369999999			1833.4880119999998	1835.748056			2.0		1.0	1.0					
1842.531	32.131000000000085	trials	2.0	1870.9510189999999	1872.603249			1870.1405209999998	1872.5965279999998			1.0		0.0	2.0					
1878.717	16.43399999999997	trials	2.0	1885.391543	1886.781986	1892.9457869999999	1893.6427649999998	1884.7229699999998	1887.174711	1893.526	1895.151	1.0	1.0	1.0	1.0					
1899.206	25.996000000000095	trials	2.0	1919.531499	1920.817991	1922.911527	1923.473558	1919.0103709999999	1922.118837	1923.551	1925.202	1.0	2.0	1.0	1.0					
1927.287	33.013999999999896	trials	2.0	1956.0718109999998	1958.0473109999998			1955.447735	1958.1770999999999			2.0		1.0	1.0					
1962.841	6.6460000000001855	trials	2.0	1966.9820869999999	1967.480087			1966.449443	1967.4746389999998			1.0		0.0	2.0					
1971.496	22.09999999999991	trials	2.0	1990.339025	1991.596544	1992.270122	1992.586482	1989.4673719999998	1991.5863419999998			1.0		0.0	2.0					
1995.642	17.66300000000001	trials	2.0	2009.117196	2010.9974009999999			2008.3866859999998	2011.1479339999999			2.0		1.0	1.0					
2017.776	4.350999999999885	trials	2.0	2019.7817149999998	2020.0641019999998			2019.229539	2020.059153			1.0		0.0	2.0					
2025.146	13.845000000000027	trials	2.0	2029.706886	2031.44291	2036.757506	2037.5916089999998	2029.1004919999998	2031.848904	2037.446	2038.991	1.0	1.0	1.0	1.0					
2043.011	5.175999999999931	trials	2.0	2044.85258	2046.5287019999998	2047.5809029999998	2048.197152	2044.122072	2046.8951129999998			1.0	1.0	0.0	3.0					
2049.912	12.319000000000415	trials	2.0	2055.742619	2057.329098	2061.988205	2062.241478	2055.0945220000003	2057.3220140000003			2.0		0.0	2.0					
2062.45	16.56600000000026	trials	2.0	2076.07254	2077.18926	2078.557347	2079.024551	2075.3424250000003	2077.8814190000003			1.0	1.0	0.0	3.0					
2081.887	14.253999999999905	trials	2.0	2090.312621	2092.127183	2095.618151	2096.1480180000003	2089.649562	2092.550082			1.0	1.0	0.0	3.0					
2097.948	13.853000000000065	trials	2.0	2108.373126	2109.8011260000003	2110.737528	2110.987298	2107.635068	2109.794733			1.0		0.0	2.0					
2114.811	7.855000000000018	trials	2.0	2119.897868	2120.9942920000003	2122.196922	2122.673772	2119.3625070000003	2121.5750700000003			1.0	1.0	0.0	3.0					
2125.511	16.63000000000011	trials	2.0	2138.7283540000003	2140.2613060000003	2141.52282	2142.1508910000002	2138.207504	2140.8097620000003			1.0	2.0	0.0	3.0					
2143.851	27.789999999999964	trials	2.0	2162.2829610000003	2164.0410150000002	2169.570336	2170.275314	2161.3497700000003	2164.335692	2170.216	2171.641	1.0	1.0	1.0	1.0					
2175.662	7.294000000000324	trials	2.0	2179.068314	2180.9234380000003	2182.3415950000003	2182.966856	2178.5586630000003	2181.448605			1.0	2.0	0.0	3.0					
2186.666	16.46499999999969	trials	2.0	2199.238367	2200.324784			2198.617377	2200.853766			2.0		1.0	1.0					
2207.616	21.740000000000236	trials	2.0	2224.94373	2226.065208	2227.2677670000003	2227.861269	2223.963075	2226.57695	2228.061	2229.356	1.0	1.0	1.0	1.0					
2232.376	19.539999999999964	trials	2.0	2247.143477	2248.335927	2249.452178	2250.211604	2246.492369	2248.846083	2250.238	2251.916	1.0	1.0	1.0	1.0					
2253.936	9.694999999999709	trials	2.0	2259.4489980000003	2261.0387530000003			2258.6237300000003	2261.32605			2.0		1.0	1.0					
2267.12	8.83600000000024	trials	2.0	2270.639192	2272.6307690000003	2273.7426170000003	2274.5382280000003	2269.7427890000004	2272.966785	2274.412	2275.956	1.0	2.0	1.0	1.0					
2280.027	8.175000000000182	trials	2.0	2284.6282960000003	2286.150638			2283.8670150000003	2286.146103			2.0		0.0	2.0					
2292.209	9.447000000000116	trials	2.0	2298.3637630000003	2299.595856	2300.9361160000003	2301.666669	2297.733357	2300.2912340000003			1.0	1.0	0.0	3.0					
2304.256	25.05500000000029	trials	2.0	2325.746979	2326.927107	2328.630399	2329.321839	2325.079998	2327.8986			1.0	2.0	0.0	3.0					
2330.946	23.489000000000033	trials	2.0	2351.6284960000003	2353.048044	2354.02689	2354.441142	2350.833428	2353.4206910000003			1.0	1.0	0.0	3.0					
2356.344	18.146999999999935	trials	2.0	2371.579494	2372.8536710000003	2374.0441610000003	2374.5021890000003	2370.662471	2373.3772590000003			1.0	1.0	0.0	3.0					
2378.376	20.427999999999884	trials	2.0	2395.639422	2397.41255	2398.339856	2398.8169270000003	2394.664824	2397.67245			1.0	2.0	0.0	3.0					
2402.692	19.539000000000215	trials	2.0	2417.623965	2418.714984	2420.060329	2420.731361	2416.8490300000003	2419.286552	2420.776	2422.231	1.0	1.0	1.0	1.0					
2424.251	8.326000000000022	trials	2.0	2429.8547940000003	2431.06251	2432.23808	2432.587452	2428.8661030000003	2431.5736420000003			1.0	1.0	0.0	3.0					
2435.556	15.954999999999927	trials	2.0	2448.209432	2449.848303	2451.172869	2451.5211320000003	2447.3549780000003	2450.367576			1.0	1.0	0.0	3.0					
2455.473	18.04300000000012	trials	2.0	2468.368716	2469.8920200000002	2471.418759	2472.054201	2467.807851	2470.581405	2472.041	2473.516	1.0	1.0	1.0	1.0					
2476.587	10.23700000000008	trials	2.0	2481.4905080000003	2483.1471340000003	2484.684405	2485.421451	2480.76717	2483.9195760000002	2485.461	2486.824	1.0	2.0	1.0	1.0					
2488.864	7.085000000000036	trials	2.0	2492.8651130000003	2494.645484	2495.423339	2495.9575910000003	2492.320884	2494.6209590000003			1.0	2.0	0.0	3.0					
2497.77	12.920999999999822	trials	2.0	2507.095973	2508.898755	2509.7968720000003	2510.702484	2506.232274	2509.145261			1.0	2.0	0.0	3.0					
2513.106	12.319999999999709	trials	2.0	2521.159764	2522.442096	2523.268469	2523.9090880000003	2520.36024	2522.628944	2524.176	2525.426	1.0	1.0	1.0	1.0					
2528.495	6.891000000000076	trials	2.0	2531.610717	2532.7829770000003			2530.9289900000003	2533.1378010000003			2.0		1.0	1.0					
2538.846	7.675000000000182	trials	2.0	2542.0339940000003	2543.9562920000003			2541.079131	2544.2154250000003			2.0		1.0	1.0					
2548.981	10.399999999999636	trials	2.0	2554.864031	2556.141978	2557.143692	2557.83846	2554.020255	2556.515121	2557.811	2559.381	1.0	1.0	1.0	1.0					
2562.401	7.971000000000004	trials	2.0	2566.555538	2567.866809			2565.993383	2568.196485			2.0		1.0	1.0					
2572.893	5.822999999999865	trials	2.0	2575.950401	2577.0490520000003	2578.062309	2578.727694	2575.391117	2577.4205030000003			1.0	1.0	0.0	3.0					
2582.381	10.360000000000127	trials	2.0	2589.4214970000003	2591.0066380000003	2592.0531800000003	2592.752997	2588.580069	2591.360709			1.0	2.0	0.0	3.0					
2596.395	21.391999999999825	trials	2.0	2614.258785	2615.7315860000003	2616.8768050000003	2617.251177	2613.629159	2615.718359			1.0		0.0	2.0					
2619.797	15.610000000000127	trials	2.0	2632.0404630000003	2633.9647400000003	2634.987818	2635.4209880000003	2631.195635	2634.084369			1.0	1.0	0.0	3.0					
2639.332	17.44900000000007	trials	2.0	2652.89916	2654.5277450000003			2652.3533270000003	2654.742288			2.0		1.0	1.0					
2659.292	12.11999999999989	trials	2.0	2663.1908390000003	2664.337187	2666.0532660000003	2666.779599	2662.513982	2665.325619	2666.787	2671.412	1.0	1.0	1.0	1.0					
2673.457	10.938000000000102	trials	2.0	2680.5490790000003	2681.788676			2679.8724110000003	2682.139008			2.0		1.0	1.0					
2687.831	5.309999999999945	trials	2.0	2690.5527300000003	2692.063563	2692.83903	2693.093847	2689.813185	2692.0796600000003			1.0	1.0	0.0	3.0					
2697.151	7.81899999999996	trials	2.0	2701.917273	2703.4483800000003	2704.587707	2704.9766130000003	2701.3820060000003	2703.8569860000002			1.0	1.0	0.0	3.0					
2708.942	12.838999999999942	trials	2.0	2718.6965680000003	2719.733118	2721.035193	2721.7941530000003	2717.88663	2720.3189380000003			1.0	2.0	0.0	3.0					
2725.346	10.385000000000218	trials	2.0	2732.3875080000003	2733.6727920000003			2731.43868	2733.667356			2.0		0.0	2.0					
2737.787	12.923999999999978	trials	2.0	2747.436435	2749.0040870000003	2750.0502180000003	2750.723027	2746.66707	2749.324325			1.0	2.0	0.0	3.0					
2752.351	14.290999999999713	trials	2.0	2763.279794	2764.720511	2766.0187800000003	2766.651518	2762.705538	2765.258006			1.0	2.0	0.0	3.0					
2768.328	19.833999999999833	trials	2.0	2784.8923440000003	2786.60856	2787.7835050000003	2788.172594	2784.343605	2787.1050480000004			1.0	1.0	0.0	3.0					
2791.145	15.454999999999927	trials	2.0	2802.0970500000003	2803.7893910000003			2801.479715	2804.38956			2.0		1.0	1.0					
2810.056	5.460000000000036	trials	2.0	2812.1123430000002	2813.208251			2811.451724	2813.3170720000003			2.0		1.0	1.0					
2818.981	8.319999999999709	trials	2.0	2823.477182	2825.303202			2822.836737	2825.2926380000004			1.0		0.0	2.0					
2830.348	15.083000000000084	trials	2.0	2840.519488	2842.119482	2843.1923140000004	2843.7845540000003	2839.669413	2842.51236	2843.841	2845.431	1.0	1.0	1.0	1.0					
2848.471	7.485000000000127	trials	2.0	2853.1838110000003	2854.4002330000003	2855.564507	2855.9714750000003	2852.2292540000003	2854.875255			1.0	1.0	0.0	3.0					
2858.881	14.215000000000146	trials	2.0	2869.187625	2870.569188			2868.445146	2870.8768800000003	2872.787	2873.096	2.0		1.0	1.0					
2875.181	11.210000000000036	trials	2.0	2881.157384	2883.145673	2884.094571	2884.771686	2880.478074	2883.379328	2884.747	2886.391	1.0	1.0	1.0	1.0					
2888.442	10.264000000000124	trials	2.0	2893.402149	2895.188936	2896.396263	2897.1975780000002	2892.853725	2895.722765	2897.171	2898.706	1.0	1.0	1.0	1.0					
2902.726	5.351000000000113	trials	2.0	2905.074497	2906.4586160000003	2907.561447	2908.093185	2904.162009	2906.861468			1.0	1.0	0.0	3.0					
2910.881	11.845000000000255	trials	2.0	2919.2519190000003	2920.5741350000003	2922.025473	2922.7412590000004	2918.4726330000003	2921.349803			1.0	2.0	0.0	3.0					
2925.364	16.23199999999997	trials	2.0	2936.7028840000003	2938.380937	2939.5185570000003	2940.185207	2935.981779	2938.7960430000003	2940.346	2941.596	1.0	2.0	1.0	1.0					
2945.656	10.575000000000273	trials	2.0	2949.53253	2950.789052	2955.658749	2956.2465420000003	2948.922024	2951.321334			1.0	1.0	0.0	3.0					
2957.973	13.581000000000131	trials	2.0	2967.7028760000003	2969.4949850000003	2970.1752490000003	2970.28812	2966.711961	2969.484609			1.0		0.0	2.0					
2975.607	9.164000000000215	trials	2.0	2981.188079	2982.258968			2980.2635640000003	2982.587358			2.0		1.0	1.0					
2989.284	4.377999999999702	trials	2.0	2991.278288	2992.374316	2993.2037	2993.678205	2990.034888	2992.525584			1.0	1.0	0.0	3.0					
2997.506	15.894999999999982	trials	2.0	3007.081266	3008.5998280000003	3013.073553	3013.4141910000003	3006.4350630000004	3009.1329640000004			1.0	1.0	0.0	3.0					
3015.395	64.57099999999991	trials	2.0	3076.768619	3077.9010749999998			3076.055292	3077.8950689999997			1.0		0.0	2.0					
3082.021	10.379999999999654	trials	2.0	3088.5108149999996	3090.346184			3087.644	3090.336668			1.0		0.0	2.0					
3095.412	11.625	trials	2.0	3103.125071	3105.034377			3102.3211499999998	3105.024314			1.0		0.0	2.0					
3110.056	15.960000000000036	trials	2.0	3121.892399	3123.455474			3121.375248	3123.8077909999997			2.0		1.0	1.0					
3129.521	8.664999999999964	trials	2.0	3132.594483	3134.145873	3137.579256	3138.0791219999996	3131.690474	3134.3521469999996			1.0	1.0	0.0	3.0					
3141.196	13.072999999999865	trials	2.0	3149.319216	3151.060232	3152.037664	3152.724162	3148.4473869999997	3151.379877	3152.731	3154.269	1.0	1.0	1.0	1.0					
3157.317	9.135000000000218	trials	2.0	3161.360381	3163.1003929999997	3164.2023649999996	3164.8614989999996	3160.784553	3163.489037	3164.931	3166.452	1.0	1.0	1.0	1.0					
3168.504	19.682000000000244	trials	2.0	3180.154479	3181.346964	3185.6829709999997	3186.538971	3179.366106	3181.840695	3186.426	3188.186	1.0	1.0	1.0	1.0					
3190.248	10.337999999999738	trials	2.0	3196.46982	3198.032495			3195.922748	3198.310419			2.0		1.0	1.0					
3204.13	6.991999999999734	trials	2.0	3208.2889739999996	3209.5156709999997	3210.563858	3211.1273149999997	3207.29792	3209.9466239999997			1.0	1.0	0.0	3.0					
3214.91	17.883000000000266	trials	2.0	3228.0611449999997	3229.370124	3230.387813	3231.109199	3227.264267	3229.708088	3231.077	3232.793	1.0	1.0	1.0	1.0					
3234.832	9.495000000000346	trials	2.0	3240.778437	3242.2582169999996			3239.7824039999996	3242.2524869999997			2.0		0.0	2.0					
3248.336	13.195000000000164	trials	2.0	3257.850023	3259.526723			3257.0439979999996	3259.5128539999996			1.0		0.0	2.0					
3264.567	20.539000000000215	trials	2.0	3279.8813059999998	3281.8480099999997	3282.634205	3283.594065	3279.332576	3281.793373	3283.366	3285.106	1.0	2.0	1.0	1.0					
3287.136	9.099999999999909	trials	2.0	3291.449819	3293.427003			3290.5625849999997	3294.0682699999998			2.0		1.0	1.0					
3300.706	15.920000000000073	trials	2.0	3314.2051939999997	3315.2767379999996	3316.551923	3317.16669	3313.2210019999998	3315.8521339999998			1.0	1.0	0.0	3.0					
3320.931	3162.7499999999995	BlockDesign														1.0	208.0	403.0	50.0	90.0
3320.931	12.139999999999873	trials	3.0	3327.930606	3329.7418289999996	3330.506063	3331.369799	3327.163529	3329.84838	3331.191	3333.071	1.0	2.0	1.0	1.0					
3335.096	11.889999999999873	trials	3.0	3342.970817	3344.97822			3342.0347659999998	3344.9745559999997			2.0		1.0	1.0					
3350.522	6.992999999999938	trials	3.0	3352.7117959999996	3354.277542	3355.115684	3355.9289849999996	3352.172877	3354.398985	3355.896	3357.515	1.0	2.0	1.0	1.0					
3359.596	11.99499999999989	trials	3.0	3366.8106239999997	3368.2774919999997	3369.063476	3369.8464209999997	3366.106449	3368.329531	3369.796	3371.591	1.0	1.0	1.0	1.0					
3373.614	9.721999999999753	trials	3.0	3378.9757799999998	3380.2517249999996	3381.278868	3381.725255	3378.1997549999996	3380.640383			2.0		0.0	4.0					
3386.346	16.5	trials	3.0	3397.251546	3398.416891	3399.539863	3400.354848	3396.7062739999997	3398.9270039999997	3400.271	3402.846	1.0	2.0	1.0	1.0					
3406.873	8.148000000000138	trials	3.0	3412.0610669999996	3413.0189339999997	3413.725767	3413.8534179999997	3411.0804359999997	3413.009295			1.0		0.0	2.0					
3419.051	10.57400000000007	trials	3.0	3424.9807629999996	3426.187551	3427.369561	3428.0839429999996	3424.2312169999996	3426.615156	3428.101	3429.625	1.0	2.0	1.0	1.0					
3433.651	6.130000000000109	trials	3.0	3437.1361909999996	3437.7145269999996			3436.165932	3437.705622			1.0		0.0	2.0					
3441.817	12.088999999999942	trials	3.0	3450.6255499999997	3451.83266	3452.545995	3453.0967619999997	3449.7181349999996	3451.828083			1.0		0.0	2.0					
3456.931	17.949999999999818	trials	3.0	3471.1726049999997	3472.3321969999997			3470.482145	3472.697175			2.0		1.0	1.0					
3477.416	12.53899999999976	trials	3.0	3484.551251	3486.215175	3487.254051	3487.9093289999996	3483.731805	3486.5637389999997	3488.077	3489.955	1.0	1.0	1.0	1.0					
3491.986	10.943000000000211	trials	3.0	3498.128136	3499.9141579999996	3500.69271	3501.345501	3497.511247	3500.058869	3501.327	3502.929	1.0	1.0	1.0	1.0					
3504.975	23.916000000000167	trials	3.0	3524.516511	3526.2877049999997			3523.523582	3526.5615049999997			2.0		1.0	1.0					
3532.341	6.809999999999945	trials	3.0	3534.3215969999997	3536.1031169999997	3537.0896279999997	3537.4712999999997	3533.625885	3536.477802			2.0		0.0	4.0					
3543.157	11.56899999999996	trials	3.0	3550.375838	3551.535852	3552.2759419999998	3553.080752	3549.411083	3551.575196	3553.021	3554.726	1.0	2.0	1.0	1.0					
3558.772	6.334000000000287	trials	3.0	3561.446261	3563.04312			3560.626062	3563.0396299999998			1.0		0.0	2.0					
3568.111	11.745000000000346	trials	3.0	3576.786147	3577.922517	3579.4824089999997	3579.829923	3576.138009	3578.402209			1.0	1.0	0.0	3.0					
3583.848	17.73799999999983	trials	3.0	3596.730255	3598.3621679999997	3599.1410579999997	3600.0928099999996	3595.74583	3598.521538	3599.961	3601.586	1.0	2.0	1.0	1.0					
3604.629	6.94800000000032	trials	3.0	3607.2169919999997	3609.224687			3606.6958	3609.2355019999995			2.0		1.0	1.0					
3615.021	5.809999999999945	trials	3.0	3617.872587	3619.351099	3620.335344	3620.841	3617.122491	3619.7084339999997			1.0	1.0	0.0	3.0					
3623.662	11.459000000000287	trials	3.0	3631.812194	3633.129102	3634.447957	3635.1285239999997	3631.145917	3633.6321239999997			1.0	2.0	0.0	3.0					
3638.776	12.50500000000011	trials	3.0	3646.9275869999997	3648.144129	3649.181321	3649.8198829999997	3646.2661829999997	3648.493181	3649.872	3651.281	1.0	1.0	1.0	1.0					
3653.306	10.704999999999927	trials	3.0	3661.201728	3662.293938	3663.624609	3664.020592	3660.3377459999997	3662.895066			1.0	1.0	0.0	3.0					
3665.941	11.580000000000382	trials	3.0	3674.041562	3675.675156	3676.9242029999996	3677.528774	3673.4902759999995	3676.1312369999996			1.0	2.0	0.0	3.0					
3680.272	15.159000000000106	trials	3.0	3690.3317429999997	3691.786425	3693.03829	3693.937108	3689.6382719999997	3692.310189	3693.706	3695.431	1.0	2.0	1.0	1.0					
3698.446	8.414999999999964	trials	3.0	3702.2628	3703.6188199999997	3704.755257	3705.3785639999996	3701.445594	3704.0447759999997	3705.541	3706.861	1.0	1.0	1.0	1.0					
3709.936	7.031999999999698	trials	3.0	3713.8221489999996	3715.312995	3716.4766529999997	3716.9779879999996	3712.8592799999997	3715.8224809999997			1.0	1.0	0.0	3.0					
3718.801	9.67300000000023	trials	3.0	3725.227407	3726.253637	3727.809344	3728.481755	3724.2892589999997	3727.0650269999996			1.0	2.0	0.0	3.0					
3730.145	17.58100000000013	trials	3.0	3743.86831	3745.7256359999997			3743.0808079999997	3745.7133889999996			1.0		0.0	2.0					
3751.782	7.653999999999996	trials	3.0	3755.646242	3756.8858809999997			3755.042958	3757.18703			2.0		1.0	1.0					
3763.956	6.125999999999749	trials	3.0	3766.3844929999996	3768.0716909999996			3765.563355	3768.06708			2.0		0.0	2.0					
3773.141	12.68600000000015	trials	3.0	3781.964361	3783.2791789999997			3781.439292	3783.562361			2.0		1.0	1.0					
3788.341	8.570999999999913	trials	3.0	3794.0094759999997	3795.2844569999997	3796.53876	3796.9232509999997	3793.485906	3795.7736879999998			1.0	1.0	0.0	3.0					
3798.903	20.39300000000003	trials	3.0	3814.549228	3815.9014819999998	3817.1790229999997	3817.836269	3813.706811	3816.5013719999997	3818.021	3819.296	1.0	1.0	1.0	1.0					
3821.316	23.365000000000236	trials	3.0	3837.237898	3838.499183	3842.291777	3843.113448	3836.6595549999997	3839.0104819999997	3842.941	3844.681	1.0	1.0	1.0	1.0					
3847.702	6.13399999999956	trials	3.0	3850.492785	3852.439951	3853.2430329999997	3853.8459559999997	3849.9147839999996	3852.493634			1.0	1.0	0.0	3.0					
3856.598	12.97900000000027	trials	3.0	3865.9834379999998	3867.0662759999996			3865.4090069999997	3867.486426			2.0		1.0	1.0					
3874.111	7.980000000000018	trials	3.0	3877.209297	3878.9666719999996	3879.7873219999997	3880.4791429999996	3876.4219439999997	3879.085143	3880.497	3882.091	1.0	1.0	1.0	1.0					
3886.145	6.375	trials	3.0	3889.1500859999996	3890.4453679999997			3888.186713	3890.4407189999997			1.0		0.0	2.0					
3896.526	13.809999999999945	trials	3.0	3907.098776	3908.2855219999997			3906.3905809999997	3908.281449			1.0		0.0	2.0					
3912.341	16.496000000000095	trials	3.0	3925.359512	3926.794932	3927.719721	3927.8870349999997	3924.726455	3926.783631			1.0		0.0	2.0					
3932.88	13.610999999999876	trials	3.0	3942.877025	3944.491414			3942.011235	3944.4858299999996			2.0		0.0	2.0					
3949.536	14.047999999999774	trials	3.0	3958.386375	3960.020823	3961.0995439999997	3962.029059	3957.577523	3960.432594	3961.941	3963.584	1.0	2.0	1.0	1.0					
3967.659	8.440999999999804	trials	3.0	3971.337165	3972.495363	3974.043474	3974.6236259999996	3970.59714	3973.00238	3974.638	3976.1	1.0	1.0	1.0	1.0					
3978.126	10.795999999999822	trials	3.0	3983.7488329999996	3985.405788	3986.432751	3987.294665	3982.96559	3985.744992	3987.146	3988.922	1.0	2.0	1.0	1.0					
3991.973	10.708000000000084	trials	3.0	3997.576035	3998.690705	4000.146062	4001.048442	3996.671735	3999.384123	4000.846	4002.681	1.0	2.0	1.0	1.0					
4005.74	13.047000000000025	trials	3.0	4014.292322	4015.481348	4016.2593989999996	4017.2082379999997	4013.6153059999997	4015.543214	4016.968	4018.787	1.0	2.0	1.0	1.0					
4020.854	6.397000000000389	trials	3.0	4024.0387699999997	4025.2559359999996			4023.7126049999997	4025.2475369999997			1.0		0.0	2.0					
4030.276	12.039999999999964	trials	3.0	4037.2845469999997	4039.026113	4039.985138	4040.7990139999997	4036.6190629999996	4039.359216	4040.751	4042.316	1.0	1.0	1.0	1.0					
4046.348	38.02399999999989	trials	3.0	4081.154318	4082.377692	4083.404031	4083.686484	4080.1715639999998	4082.3705149999996			2.0		0.0	2.0					
4086.381	17.134999999999764	trials	3.0	4100.7893699999995	4101.518029999999	4102.141254	4102.615545	4099.899362	4101.511526			1.0		0.0	2.0					
4105.535	11.905999999999949	trials	3.0	4113.936788	4115.446762	4116.296487	4116.661464	4113.09453	4115.435922			1.0		0.0	2.0					
4120.457	14.259000000000015	trials	3.0	4130.449517999999	4131.666263	4132.574396	4133.312114	4129.490303	4131.995159	4133.236	4134.716	1.0	2.0	1.0	1.0					
4138.742	16.173999999999978	trials	3.0	4152.435052	4153.616728999999	4154.4197189999995	4154.928534	4151.589162	4153.815266			1.0	1.0	0.0	3.0					
4156.731	19.074999999999818	trials	3.0	4170.99476	4172.541662	4173.549414	4174.3394	4170.222575	4172.881789	4174.357	4175.806	1.0	2.0	1.0	1.0					
4177.846	7.481000000000677	trials	3.0	4182.217159	4183.342458	4184.657655	4185.338202	4181.501915	4183.979507			1.0	1.0	0.0	3.0					
4187.022	14.359000000000378	trials	3.0	4196.176893	4197.913031	4199.097336	4199.9461949999995	4195.482737	4198.412714	4200.056	4201.381	1.0	2.0	1.0	1.0					
4204.442	7.319000000000415	trials	3.0	4207.498262	4208.637263	4209.699924	4210.124189	4206.541972999999	4209.05474			2.0		0.0	4.0					
4213.766	17.306000000000495	trials	3.0	4227.565951	4229.032649			4226.808015	4229.020560999999			1.0		0.0	2.0					
4234.081	15.581000000000131	trials	3.0	4246.278746	4248.134579	4249.173459	4249.676286	4245.596319	4248.515313			1.0	1.0	0.0	3.0					
4253.446	17.265000000000327	trials	3.0	4266.819614	4268.20775			4266.272706	4268.643528			2.0		1.0	1.0					
4275.231	7.253000000000611	trials	3.0	4278.025665	4279.352919	4280.282972999999	4280.988112999999	4277.282762	4279.598177	4281.046	4282.484	1.0	1.0	1.0	1.0					
4286.516	9.890000000000327	trials	3.0	4291.235838	4292.532547	4293.938948	4294.873922	4290.538571	4293.241397	4294.747	4296.406	1.0	2.0	1.0	1.0					
4298.434	9.359999999999673	trials	3.0	4303.771338	4305.86871	4306.943673	4307.806128	4303.200398	4306.237023			1.0	2.0	0.0	3.0					
4309.256	10.070999999999913	trials	3.0	4315.250427	4316.73045			4314.654939	4317.069101			2.0		1.0	1.0					
4323.806	7.910000000000764	trials	3.0	4327.971444	4329.168648			4327.38434	4329.4921429999995			2.0		1.0	1.0					
4336.236	8.50500000000011	trials	3.0	4340.181307999999	4342.1783749999995			4339.369549999999	4342.4899159999995			2.0		1.0	1.0					
4348.202	6.8289999999997235	trials	3.0	4351.0310899999995	4352.4292			4350.161694	4352.714271			2.0		1.0	1.0					
4357.547	8.598000000000866	trials	3.0	4362.96792	4364.124965			4362.123323	4364.118074			1.0		0.0	2.0					
4369.126	24.514999999999418	trials	3.0	4390.311401999999	4391.643801	4392.435609	4392.772369	4389.665967999999	4391.635367999999			1.0		0.0	2.0					
4396.676	9.764999999999418	trials	3.0	4401.849284	4403.438335999999	4404.130216	4404.957681	4401.2055359999995	4403.508965999999	4404.876	4406.441	1.0	2.0	1.0	1.0					
4409.456	8.8149999999996	trials	3.0	4413.102573	4414.690248	4415.834334	4416.7357489999995	4412.398482	4415.030805	4416.581	4418.271	1.0	1.0	1.0	1.0					
4422.296	8.268999999999323	trials	3.0	4425.669888	4426.764526999999	4428.093016	4429.125164	4424.8669709999995	4427.211405	4428.962	4430.565	1.0	2.0	1.0	1.0					
4434.629	7.856999999999971	trials	3.0	4439.110164	4440.489541999999	4441.255408999999	4441.521461	4438.270175	4440.482289			1.0		0.0	2.0					
4444.497	12.358999999999469	trials	3.0	4453.61697	4454.798556			4452.900283999999	4454.788047			1.0		0.0	2.0					
4459.879	17.05199999999968	trials	3.0	4468.7543239999995	4470.167622	4474.737182999999	4475.52932	4467.902051	4470.625298999999	4475.351	4476.931	1.0	1.0	1.0	1.0					
4479.961	61.279999999999745	trials	3.0	4537.797009	4539.180984			4537.1055479999995	4539.174548			1.0		0.0	2.0					
4545.251	26.675999999999476	trials	3.0	4568.1223979999995	4569.328004999999			4567.129611	4569.593906			2.0		1.0	1.0					
4575.442	6.168999999999869	trials	3.0	4577.722596	4579.539777			4576.864002	4579.5225199999995			2.0		0.0	2.0					
4583.647	16.890000000000327	trials	3.0	4595.242394999999	4596.480165	4597.454769	4598.379284	4594.487024	4596.787899	4598.206	4600.537	1.0	2.0	1.0	1.0					
4603.596	7.660000000000764	trials	3.0	4605.97794	4607.003966	4608.293963	4609.313936	4605.274485	4607.631294	4609.136	4611.256	1.0	2.0	1.0	1.0					
4614.327	12.018999999999323	trials	3.0	4623.443703	4624.353139999999			4622.541003	4624.341243			1.0		0.0	2.0					
4630.356	33.26000000000022	trials	3.0	4659.063039	4660.3349069999995	4661.3334589999995	4662.169937	4658.408692999999	4660.421025	4661.986	4663.616	1.0	2.0	1.0	1.0					
4666.647	7.844000000000051	trials	3.0	4670.453769	4672.143339			4669.708418	4672.20712			2.0		1.0	1.0					
4678.932	6.418999999999869	trials	3.0	4681.659321	4683.295534999999	4683.987922	4684.331799	4680.711413999999	4683.28374			1.0		0.0	2.0					
4687.361	17.90400000000045	trials	3.0	4701.332813	4702.714725			4700.499879	4703.028839			2.0		1.0	1.0					
4708.787	5.813999999999396	trials	3.0	4711.488099	4713.075479	4714.135738999999	4714.6149319999995	4710.654813	4713.426914			1.0	1.0	0.0	3.0					
4717.446	13.730000000000473	trials	3.0	4727.894225	4729.643601	4730.588142	4731.191992	4727.156487	4729.932242999999			1.0	2.0	0.0	3.0					
4732.906	15.335000000000036	trials	3.0	4742.382849	4744.061634	4747.706001	4748.254766	4741.484394	4744.414699999999			1.0	1.0	0.0	3.0					
4752.035	9.471000000000458	trials	3.0	4756.418444999999	4757.799992	4759.255075	4760.004081	4755.701814	4758.451862	4760.056	4761.506	1.0	1.0	1.0	1.0					
4763.531	10.239999999999782	trials	3.0	4768.5079829999995	4770.487988999999	4771.5614909999995	4772.290188	4767.767143	4770.870848	4772.361	4773.771	1.0	1.0	1.0	1.0					
4777.787	11.548999999999978	trials	3.0	4785.694052999999	4787.430899	4788.952565	4789.350584	4784.783834	4787.8095889999995			1.0	1.0	0.0	3.0					
4791.311	22.94500000000062	trials	3.0	4810.459301	4812.004713			4809.621368	4812.109581			2.0		1.0	1.0					
4817.842	8.094000000000051	trials	3.0	4821.0726349999995	4822.239933	4823.723674999999	4824.460814	4820.2605539999995	4822.933139	4824.497	4825.936	1.0	1.0	1.0	1.0					
4830.006	10.010999999999513	trials	3.0	4832.325149	4833.9858779999995	4837.70825	4838.520945	4831.704527	4834.380705	4838.471	4840.017	1.0	1.0	1.0	1.0					
4842.042	7.733999999999469	trials	3.0	4846.708871	4847.803594999999	4849.145673	4849.7898319999995	4845.7013369999995	4848.450138			1.0	1.0	0.0	3.0					
4851.452	17.39300000000003	trials	3.0	4864.644315	4866.291039			4863.865304999999	4866.601658			2.0		1.0	1.0					
4871.331	9.909999999999854	trials	3.0	4876.154721	4878.129174	4879.04427	4879.784097	4875.542955	4878.289796999999	4879.827	4881.241	1.0	1.0	1.0	1.0					
4883.306	9.390000000000327	trials	3.0	4889.509032	4891.343412	4892.150584999999	4892.709097999999	4888.947077	4891.424007			1.0	1.0	0.0	3.0					
4895.466	16.787999999999556	trials	3.0	4908.509187	4910.235807			4907.703389	4910.227016999999			1.0		0.0	2.0					
4916.266	19.789999999999964	trials	3.0	4931.329662	4932.4905499999995	4933.6930649999995	4934.617523	4930.542219	4932.928398	4934.356	4936.056	1.0	2.0	1.0	1.0					
4939.071	12.895000000000437	trials	3.0	4947.28976	4948.792852	4949.701376999999	4950.400212	4946.470322	4949.012091	4950.622	4951.966	1.0	1.0	1.0	1.0					
4956.02	6.934999999999491	trials	3.0	4958.89227	4959.921129	4960.73954	4961.519987	4958.083833	4960.1122589999995	4961.516	4962.955	1.0	1.0	1.0	1.0					
4965.981	8.159999999999854	trials	3.0	4970.378084	4972.1523019999995	4973.077347	4973.136490999999	4969.524522	4972.138762			1.0		0.0	2.0					
4978.176	16.107999999999265	trials	3.0	4990.4501	4991.7719			4989.573402	4992.042176999999			2.0		1.0	1.0					
4996.836	7.579999999999927	trials	3.0	5000.656524	5002.427297			4999.693412	5002.418877			2.0		0.0	2.0					
5007.442	9.122999999999593	trials	3.0	5011.916273	5013.277688	5014.117833	5014.944131	5011.32377	5013.417194	5014.801	5016.565	1.0	2.0	1.0	1.0					
5019.645	12.030999999999949	trials	3.0	5026.549715	5027.66645	5029.215533	5030.105471999999	5025.754142	5028.459858	5030.041	5031.676	1.0	2.0	1.0	1.0					
5035.723	17.677999999999884	trials	3.0	5049.6502199999995	5051.40356			5048.6849569999995	5051.397099			2.0		1.0	1.0					
5057.942	6.783999999999651	trials	3.0	5061.270452	5062.7379089999995			5060.587181999999	5062.72961			1.0		0.0	2.0					
5066.736	71.06999999999971	trials	3.0	5133.925139	5135.302398			5133.383336999999	5135.587544			2.0		1.0	1.0					
5140.321	6.725000000000364	trials	3.0	5144.120483	5145.055646	5146.140444	5146.324583	5143.226622	5145.046998			1.0		0.0	2.0					
5151.051	41.45799999999963	trials	3.0	5186.976665	5188.8940920000005	5189.891781	5190.77751	5186.29095	5189.191445	5190.546	5192.509	1.0	1.0	1.0	1.0					
5195.577	6.625	trials	3.0	5198.925528	5200.434137	5201.687354	5202.2168679999995	5198.313693	5200.98273			1.0	1.0	0.0	3.0					
5204.004	19.332000000000335	trials	3.0	5219.330864	5220.749223			5218.533273	5221.032025			2.0		1.0	1.0					
5226.781	8.550000000000182	trials	3.0	5231.994524	5233.368081	5234.86341	5235.3496159999995	5231.4060549999995	5234.062886			1.0	1.0	0.0	3.0					
5238.171	16.88000000000011	trials	3.0	5249.299725	5251.362333	5252.460488999999	5253.550272	5248.755519	5251.721495	5253.162	5255.051	1.0	2.0	1.0	1.0					
5258.071	9.04700000000048	trials	3.0	5263.737886999999	5265.644958	5266.661039	5267.132229	5262.958551	5266.006991			1.0	1.0	0.0	3.0					
5270.981	19.460000000000036	trials	3.0	5283.942043	5285.791536	5286.982961	5288.083602999999	5283.219010999999	5286.278627	5287.776	5290.441	1.0	2.0	1.0	1.0					
5292.489	6.963000000000648	trials	3.0	5296.6665379999995	5297.463254			5295.685358999999	5297.454473			1.0		0.0	2.0					
5301.461	14.094999999999345	trials	3.0	5309.631812	5311.144684999999	5312.576112	5313.430487	5308.920663	5311.810836	5313.226	5315.556	1.0	2.0	1.0	1.0					
5319.576	9.96100000000024	trials	3.0	5326.727022	5327.494772			5325.942593	5327.490610999999			1.0		0.0	2.0					
5333.567	15.338999999999942	trials	3.0	5345.563254	5346.915231			5344.855437	5346.90888			1.0		0.0	2.0					
5350.916	18.69499999999971	trials	3.0	5366.223345	5367.62475	5368.329344	5368.704605999999	5365.481683	5367.6159800000005			1.0		0.0	2.0					
5372.671	18.67999999999938	trials	3.0	5382.962163	5384.899316999999	5389.35657	5390.006613	5382.391841	5385.1658179999995	5390.101	5391.351	1.0	1.0	1.0	1.0					
5394.379	7.30199999999968	trials	3.0	5398.008499	5399.288710999999	5401.122753	5401.697657999999	5397.463342	5400.237837			1.0	1.0	0.0	3.0					
5403.421	23.25999999999931	trials	3.0	5418.977757	5420.213707999999	5424.255315	5425.050423	5418.079125	5420.594379	5424.966	5426.681	1.0	1.0	1.0	1.0					
5428.754	15.118000000000393	trials	3.0	5434.540204999999	5436.119331	5441.329634	5442.094975	5433.88544	5436.603138	5442.196	5443.872	1.0	1.0	1.0	1.0					
5447.897	7.694000000000415	trials	3.0	5452.042119	5453.246222			5451.209405	5453.487316999999			2.0		1.0	1.0					
5458.047	8.950000000000728	trials	3.0	5463.261999	5465.009658			5462.331125	5465.003943			1.0		0.0	2.0					
5470.002	14.10399999999936	trials	3.0	5480.170781	5481.564571999999			5479.264302	5481.826977			2.0		1.0	1.0					
5488.581	7.255000000000109	trials	3.0	5491.547495	5493.339696			5490.687137999999	5493.749658			2.0		1.0	1.0					
5499.351	7.686000000000604	trials	3.0	5503.467302	5504.540642			5502.93474	5504.942327			2.0		1.0	1.0					
5510.561	8.990000000000691	trials	3.0	5513.559440999999	5515.445216	5516.432032999999	5517.3022789999995	5512.991309999999	5515.684031	5517.226	5519.551	1.0	2.0	1.0	1.0					
5523.624	12.331000000000131	trials	3.0	5529.913094	5531.764254	5532.888632	5533.558274	5529.051104	5532.160698	5535.526	5535.955	1.0	1.0	1.0	1.0					
5537.412	12.622999999999593	trials	3.0	5546.924297	5547.9401259999995			5545.999083	5547.9370149999995			1.0		0.0	2.0					
5554.086	10.960000000000036	trials	3.0	5559.231757	5561.009317	5562.0569510000005	5563.196634	5558.325105	5561.356354	5562.816	5565.046	1.0	2.0	1.0	1.0					
5566.771	10.275000000000546	trials	3.0	5572.088035999999	5573.403741	5574.646597999999	5575.445685	5571.2625960000005	5573.914158	5575.287	5577.046	1.0	1.0	1.0	1.0					
5579.098	10.524000000000342	trials	3.0	5585.523458	5586.920418	5588.570619	5589.499001	5585.0081979999995	5587.904925	5589.361	5589.376	1.0	2.0	1.0	1.0					
5594.145	9.375999999999294	trials	3.0	5598.043019	5599.147606	5600.9667819999995	5601.919026	5597.361408	5600.032316999999	5601.741	5603.521	1.0	2.0	1.0	1.0					
5607.586	8.576000000000022	trials	3.0	5610.628565	5611.825112	5613.569352	5614.443955999999	5610.112491	5612.822463	5614.281	5616.162	1.0	2.0	1.0	1.0					
5619.181	8.928000000000793	trials	3.0	5625.133001	5626.200726	5627.3168	5628.1281739999995	5624.309601	5626.637964			1.0	1.0	0.0	3.0					
5629.616	9.720000000000255	trials	3.0	5635.148912	5636.784562999999			5634.60231	5637.054437			2.0		1.0	1.0					
5641.806	9.5600000000004	trials	3.0	5645.439402	5647.324563	5648.875859	5649.757175	5644.694665	5647.732502999999	5649.681	5651.366	1.0	1.0	1.0	1.0					
5655.43	5.981999999999971	trials	3.0	5657.100338	5658.135689			5656.530159	5659.309730999999			2.0		1.0	1.0					
5663.946	7.569999999999709	trials	3.0	5668.699079	5669.759626	5671.089039	5671.535318	5668.085445	5670.314501999999			1.0	1.0	0.0	3.0					
5674.438	11.82799999999952	trials	3.0	5683.253616	5684.410818	5685.663952999999	5686.288753999999	5682.734445	5684.9586739999995			1.0	2.0	0.0	3.0					
5689.961	12.539999999999964	trials	3.0	5697.923712	5699.281977	5700.223625	5700.955916999999	5696.923401	5699.516662	5701.056	5702.501	1.0	2.0	1.0	1.0					
5704.551	10.289999999999964	trials	3.0	5709.645758	5711.049809	5712.418704	5713.208729	5708.794508	5711.70629	5713.056	5714.841	1.0	1.0	1.0	1.0					
5717.901	9.215000000000146	trials	3.0	5721.450521999999	5723.3764439999995	5724.4618040000005	5725.445618	5720.8821100000005	5723.804538	5725.202	5727.116	1.0	2.0	1.0	1.0					
5730.141	9.920000000000073	trials	3.0	5734.850381	5736.157251	5737.53966	5738.492238	5734.165644999999	5736.807446999999	5738.291	5740.061	1.0	1.0	1.0	1.0					
5744.127	14.048999999999978	trials	3.0	5753.088717	5754.415836	5755.700715	5756.580096	5752.390914	5754.881958	5756.561	5758.176	1.0	1.0	1.0	1.0					
5760.196	12.904999999999745	trials	3.0	5766.694844	5768.680801	5772.362012	5772.990699	5765.967247	5769.049836			1.0	1.0	0.0	3.0					
5776.129	17.36499999999978	trials	3.0	5789.250774	5791.171007999999			5788.359273	5791.302804			2.0		1.0	1.0					
5795.989	9.423000000000684	trials	3.0	5800.181767	5801.671891	5802.634265	5803.9510900000005	5799.279114	5801.847632	5803.401	5805.412	1.0	2.0	1.0	1.0					
5808.473	8.682999999999993	trials	3.0	5812.052261999999	5813.425196	5814.762959	5815.564227	5811.271804	5813.980235	5815.626	5817.156	1.0	2.0	1.0	1.0					
5819.178	12.844000000000051	trials	3.0	5828.544484	5829.681752			5827.561554	5829.80045			2.0		1.0	1.0					
5836.531	5.292000000000371	trials	3.0	5839.070345	5840.462192	5841.36254	5841.839072	5838.080067	5840.655413			1.0	1.0	0.0	3.0					
5845.672	16.139000000000124	trials	3.0	5857.075521	5858.305023	5859.11139	5860.234101	5856.468763999999	5858.417667	5859.787	5861.811	1.0	2.0	1.0	1.0					
5863.831	9.412000000000262	trials	3.0	5868.370422	5870.030595	5870.754438	5871.721044	5867.786561999999	5869.978079	5871.526	5873.243	1.0	2.0	1.0	1.0					
5876.285	8.792000000000371	trials	3.0	5880.795983	5882.535431			5880.174078	5882.850132			2.0		1.0	1.0					
5887.601	9.035000000000764	trials	3.0	5893.077917	5894.591474999999			5892.415475	5894.588033			1.0		0.0	2.0					
5898.686	19.110000000000582	trials	3.0	5913.82551	5915.513687			5913.043707	5915.74526			2.0		1.0	1.0					
5921.336	6.125	trials	3.0	5923.75383	5925.492506	5926.652071	5927.484546	5922.990358	5925.973336			1.0	2.0	0.0	3.0					
5928.976	17.67700000000059	trials	3.0	5940.7551889999995	5942.797707	5943.7438999999995	5944.388563	5940.128133	5943.020927	5944.512	5946.653	1.0	2.0	1.0	1.0					
5948.696	11.148000000000138	trials	3.0	5956.2717059999995	5958.232131	5959.300488	5959.862277	5955.72818	5958.587787			1.0	1.0	0.0	3.0					
5963.606	10.301000000000386	trials	3.0	5969.860913	5971.6070469999995			5969.14535	5971.7078870000005			2.0		1.0	1.0					
5977.395	8.68499999999949	trials	3.0	5981.200618999999	5982.796598999999	5983.616298	5984.407605	5980.408643	5982.89715	5984.247	5986.08	1.0	1.0	1.0	1.0					
5990.126	11.529999999999745	trials	3.0	5995.610922	5997.434733	5999.180376	6000.144428	5995.042611	5998.413705	5999.851	6001.656	1.0	2.0	1.0	1.0					
6003.707	8.398999999999432	trials	3.0	6007.587153	6008.964135	6010.063989	6010.528398	6006.593148	6009.363071			2.0		0.0	4.0					
6014.121	17.93499999999949	trials	3.0	6028.868415	6030.01727			6028.086757	6030.00807			1.0		0.0	2.0					
6036.061	22.00300000000061	trials	3.0	6052.900877	6054.686320999999	6055.438026	6056.4488949999995	6052.183526999999	6054.741083999999	6056.236	6058.064	1.0	2.0	1.0	1.0					
6060.131	9.74499999999989	trials	3.0	6064.210585999999	6065.2577440000005	6066.743388	6067.639064	6063.697388	6065.952515999999	6067.436	6069.876	1.0	2.0	1.0	1.0					
6073.946	8.44000000000051	trials	3.0	6077.009147999999	6078.5027549999995	6079.658181	6080.797275	6076.27275	6078.987977999999	6080.362	6082.386	1.0	1.0	1.0	1.0					
6085.431	12.085000000000036	trials	3.0	6092.306864	6093.898447	6095.025308	6095.881401	6091.584233	6094.265437	6095.726	6097.516	1.0	1.0	1.0	1.0					
6100.541	11.269999999999527	trials	3.0	6107.295792	6109.222538			6106.300031	6109.649856			2.0		1.0	1.0					
6116.27	8.540999999999258	trials	3.0	6118.476	6119.656	6121.276	6122.346	6117.844	6120.491	6124.497	6124.811	1.0	2.0	1.0	1.0					
6125.897	17.515000000000327	trials	3.0	6136.972272999999	6138.375529999999	6140.294927999999	6141.331649	6136.430402999999	6139.515468	6141.026	6143.412	1.0	2.0	1.0	1.0					
6146.471	6.890000000000327	trials	3.0	6150.317488	6151.679144	6152.83199	6153.357674	6149.471	6152.1219439999995			1.0	1.0	0.0	3.0					
6157.176	85.66999999999916	trials	3.0	6239.397349	6240.8414139999995			6238.860455	6240.82511			1.0		0.0	2.0					
6245.881	30.979999999999563	trials	3.0	6271.71407	6273.0698919999995	6274.021352	6274.686634	6270.732478	6273.332518	6274.776	6276.861	1.0	2.0	1.0	1.0					
6279.925	8.911000000000058	trials	3.0	6283.806834999999	6285.284533999999	6286.274897	6287.232187	6282.909763	6285.6069529999995	6287.077	6288.836	1.0	2.0	1.0	1.0					
6292.881	7.405999999999949	trials	3.0	6295.32967	6296.470286	6297.840878	6298.776392	6294.735833	6297.067433	6298.622	6300.287	1.0	2.0	1.0	1.0					
6303.356	9.485000000000582	trials	3.0	6309.029113	6310.770592			6308.034022	6310.763092			1.0		0.0	2.0					
6314.88	19.975999999999658	trials	3.0	6329.633468999999	6331.231168	6332.160233	6333.331931	6329.070424	6331.391093	6332.962	6334.856	1.0	2.0	1.0	1.0					
6336.872	12.603000000000065	trials	3.0	6344.375215999999	6345.7607689999995	6347.105045	6348.00664	6343.389262	6346.3934739999995	6347.916	6349.475	1.0	2.0	1.0	1.0					
6352.545	8.484000000000378	trials	3.0	6355.638781	6356.80325	6358.499732	6359.480456	6354.71551	6357.788755	6359.301	6361.029	1.0	2.0	1.0	1.0					
6363.061	11.579999999999927	trials	3.0	6369.031653999999	6370.641213	6371.773019	6372.736744	6368.157637	6371.1048009999995	6372.631	6374.641	1.0	2.0	1.0	1.0					
6376.395	13.266999999999825	trials	3.0	6382.500383	6383.975543	6385.445278	6386.400618	6381.889016	6384.769979	6386.106	6389.662	1.0	2.0	1.0	1.0					
6391.676	10.25	trials	3.0	6398.028487	6399.910229	6400.825889	6400.904678	6397.16597	6399.899683			1.0		0.0	2.0					
6405.936	11.345000000000255	trials	3.0	6414.125186	6415.474807	6416.867888	6417.279063	6413.331167	6416.084342			1.0	1.0	0.0	3.0					
6419.207	25.34400000000005	trials	3.0	6438.8716939999995	6439.926023	6441.40409	6442.361532	6438.123415	6440.723876999999	6444.537	6444.551	1.0	2.0	1.0	1.0					
6446.975	9.045999999999367	trials	3.0	6452.945771	6453.951003			6452.005372	6453.942622			1.0		0.0	2.0					
6458.031	12.667999999999665	trials	3.0	6465.399526	6466.618934	6468.197443999999	6469.2463419999995	6464.6136129999995	6467.479013	6468.851	6470.699	1.0	2.0	1.0	1.0					
6473.736	9.944999999999709	trials	3.0	6477.983915	6479.0825509999995	6480.879899	6481.892914999999	6477.3089709999995	6480.152746	6481.556	6483.681	1.0	2.0	1.0	1.0					
6485.787	983.3139999999994	BlockDesign														1.0	404.0	459.0	10.0	50.0
6485.787	11.893999999999323	trials	4.0	6492.14976	6494.082700999999	6495.213697	6496.104198999999	6491.498495	6494.497973	6496.001	6497.681	1.0	2.0	1.0	1.0					
6500.757	9.225000000000364	trials	4.0	6505.854367	6507.466286			6505.301132	6507.942841			2.0		1.0	1.0					
6513.511	30.919999999999163	trials	4.0	6539.349961	6541.051498	6541.995401	6542.907504	6538.65682	6541.224826	6542.597	6544.431	1.0	2.0	1.0	1.0					
6546.461	12.984999999999673	trials	4.0	6551.228462	6552.46081	6557.162206	6557.833691	6550.6954749999995	6553.694246	6557.811	6559.446	1.0	1.0	1.0	1.0					
6561.489	9.717000000000553	trials	4.0	6565.800246	6567.376252999999	6568.590274	6569.758551	6564.971961	6567.809647	6569.396	6571.206	1.0	2.0	1.0	1.0					
6574.271	8.99499999999989	trials	4.0	6578.869288	6580.652749			6577.943566	6580.94137			2.0		1.0	1.0					
6585.706	6.279999999999745	trials	4.0	6588.791732	6589.983077	6591.443689	6591.9870519999995	6587.981442	6590.691233			1.0	1.0	0.0	3.0					
6595.776	13.735000000000582	trials	4.0	6605.755088	6607.508474			6604.817774	6607.495124			2.0		0.0	2.0					
6612.565	12.96100000000024	trials	4.0	6621.016147	6622.911617			6620.124728	6623.179201			2.0		1.0	1.0					
6627.977	13.550000000000182	trials	4.0	6636.320119	6637.5036629999995	6638.859775999999	6639.945522999999	6635.579942	6638.072905	6639.586	6641.527	1.0	2.0	1.0	1.0					
6643.582	8.97399999999925	trials	4.0	6648.805187	6650.028043	6651.673323999999	6652.557578	6648.208793	6650.938532			1.0	2.0	0.0	3.0					
6654.036	10.704999999999927	trials	4.0	6660.306145	6662.132192			6659.6828	6662.417416			2.0		1.0	1.0					
6668.222	6.4890000000004875	trials	4.0	6670.940582	6672.647508999999			6669.9423449999995	6672.63839			1.0		0.0	2.0					
6678.716	22.3149999999996	trials	4.0	6698.05055	6699.02369			6697.246058	6699.012267			1.0		0.0	2.0					
6705.043	16.13799999999992	trials	4.0	6717.241384999999	6719.168922	6719.798044	6720.114167	6716.304982	6719.164385			1.0		0.0	2.0					
6723.207	21.479999999999563	trials	4.0	6741.663602	6742.807463	6744.13235	6744.688222	6740.819198	6743.347066			1.0	1.0	0.0	3.0					
6748.504	13.462000000000444	trials	4.0	6758.091541	6759.45199			6757.316503	6759.775436			2.0		1.0	1.0					
6766.506	7.594999999999345	trials	4.0	6768.546396	6769.742552	6771.438152	6772.542997	6767.743141	6770.703571	6772.151	6774.101	1.0	2.0	1.0	1.0					
6778.116	9.020000000000437	trials	4.0	6782.240436	6783.4522719999995	6784.7284469999995	6785.428465999999	6781.328723	6783.987763	6785.347	6787.136	1.0	1.0	1.0	1.0					
6789.156	8.284999999999854	trials	4.0	6793.341586	6794.580857	6796.344637	6797.440847	6792.568877	6795.716702			1.0	2.0	0.0	3.0					
6799.671	11.009999999999309	trials	4.0	6806.975668	6808.851146	6810.1452469999995	6810.681877	6806.442811999999	6809.371967			1.0	2.0	0.0	3.0					
6814.476	31.02300000000014	trials	4.0	6842.787115	6843.897462999999	6844.8539	6845.497458	6841.811301	6844.195366			1.0	2.0	0.0	3.0					
6848.178	18.038000000000466	trials	4.0	6861.375958	6862.733107	6863.669677	6864.6350919999995	6860.816948	6863.019945999999	6864.412	6866.216	1.0	2.0	1.0	1.0					
6870.241	10.94800000000032	trials	4.0	6874.316153	6876.108158	6880.751005	6881.1934169999995	6873.662114	6876.532687999999			1.0	1.0	0.0	3.0					
6884.081	12.389999999999418	trials	4.0	6892.67164	6894.582452	6896.015162	6896.473572999999	6891.893658	6895.045545			1.0	1.0	0.0	3.0					
6899.331	19.951000000000022	trials	4.0	6915.686412999999	6917.101971	6918.662495	6919.282195	6915.172751	6917.924451999999			1.0	2.0	0.0	3.0					
6920.991	17.046000000000276	trials	4.0	6932.708648	6934.420099999999	6935.472757	6936.573647	6931.980731	6934.754312	6936.287	6938.037	1.0	2.0	1.0	1.0					
6942.057	7.963999999999942	trials	4.0	6946.936583	6948.360101	6949.648627	6950.022747999999	6945.932570999999	6948.759419			1.0	1.0	0.0	3.0					
6951.972	20.108000000000175	trials	4.0	6966.701521999999	6968.646748	6969.651981999999	6970.636637	6966.060961	6968.964241	6970.416	6972.08	1.0	2.0	1.0	1.0					
6976.111	11.154999999999745	trials	4.0	6980.321814999999	6982.372885	6986.814563	6987.26933	6979.785538	6982.903186			1.0	1.0	0.0	3.0					
6989.127	22.643999999999323	trials	4.0	7006.911547	7008.069019	7009.459406	7010.392012	7005.9863	7008.736347999999	7010.202	7011.771	1.0	2.0	1.0	1.0					
7015.794	11.396999999999935	trials	4.0	7021.2131899999995	7022.724157	7026.853012	7027.187711	7020.3158	7023.011804			1.0	1.0	0.0	3.0					
7029.181	16.70800000000054	trials	4.0	7040.172856	7041.224161	7042.783389	7043.856623	7039.51463	7042.036072	7043.401	7045.889	1.0	2.0	1.0	1.0					
7048.916	9.18499999999949	trials	4.0	7054.392701	7056.390844	7057.5431659999995	7058.10538	7053.82754	7056.8926519999995			1.0	2.0	0.0	3.0					
7060.866	17.48999999999978	trials	4.0	7074.5225199999995	7076.343758	7077.785344	7078.357486	7073.704819	7076.9590849999995			1.0	2.0	0.0	3.0					
7082.107	14.47900000000027	trials	4.0	7093.367351	7094.510213			7092.715464999999	7094.501502			1.0		0.0	2.0					
7099.646	17.851000000000568	trials	4.0	7113.120395	7115.119291999999			7112.517801	7115.380612999999			2.0		1.0	1.0					
7120.956	7.390999999999622	trials	4.0	7124.933309	7126.230223			7124.04872	7126.219024999999			1.0		0.0	2.0					
7131.341	23.070999999999913	trials	4.0	7148.838905	7149.9156459999995	7151.84288	7152.8088339999995	7148.310667	7151.065927	7152.631	7154.412	1.0	2.0	1.0	1.0					
7157.431	8.465000000000146	trials	4.0	7162.248976	7163.634409	7165.177184	7165.901067	7161.348671	7164.440472			1.0	2.0	0.0	3.0					
7169.506	17.599999999999454	trials	4.0	7182.088286	7183.2301			7181.477897	7184.934544			2.0		1.0	1.0					
7189.546	9.884999999999309	trials	4.0	7196.173288	7197.234732999999	7198.765841	7199.433991	7195.483645	7198.007935			1.0	2.0	0.0	3.0					
7203.046	20.149999999999636	trials	4.0	7219.385866	7220.430155			7218.489115	7220.954339			2.0		1.0	1.0					
7226.77	8.605999999999767	trials	4.0	7230.16418	7231.366333	7233.089932999999	7233.895001	7229.649783999999	7232.210564	7233.872	7235.376	1.0	2.0	1.0	1.0					
7237.426	13.326000000000022	trials	4.0	7244.728363	7246.314488	7247.899609	7248.983612	7244.118091	7246.907308	7248.611	7250.752	1.0	2.0	1.0	1.0					
7252.772	8.555000000000291	trials	4.0	7257.4528629999995	7258.774361			7256.572666	7259.05582			2.0		1.0	1.0					
7263.906	9.78899999999976	trials	4.0	7269.53791	7271.137017			7268.681783	7271.537437			2.0		1.0	1.0					
7278.156	9.161000000000058	trials	4.0	7283.9010849999995	7285.490135	7286.757842	7287.3218529999995	7283.29836	7285.959063			1.0	1.0	0.0	3.0					
7291.084	14.686999999999898	trials	4.0	7302.553703	7304.135732	7305.061936	7305.774087	7301.556505	7304.356933			1.0	2.0	0.0	3.0					
7308.381	52.04500000000007	trials	4.0	7356.9941659999995	7358.682183999999	7359.729901	7360.431046	7356.198332	7359.077574999999			1.0	2.0	0.0	3.0					
7362.046	35.024999999999636	trials	4.0	7390.452128	7392.271183999999	7396.535534	7397.077004	7389.751625	7392.8455189999995			1.0	1.0	0.0	3.0					
7399.881	10.615999999999985	trials	4.0	7406.714422999999	7408.191923			7405.9584079999995	7408.4290009999995			2.0		1.0	1.0					
7412.966	10.460000000000036	trials	4.0	7418.314075	7419.991366	7420.871241999999	7421.846670999999	7417.3518109999995	7420.14485	7421.636	7423.426	1.0	2.0	1.0	1.0					
7427.441	10.945000000000618	trials	4.0	7434.676586	7436.356367	7437.408413	7438.392838	7434.080404	7436.68049			1.0	2.0	0.0	3.0					
7441.721	17.063000000000102	trials	4.0	7453.639529	7455.056684	7456.297145	7457.204704	7452.863539	7455.494316	7457.141	7458.784	1.0	2.0	1.0	1.0					
7461.656	7.444999999999709	trials	4.0	7465.796171	7467.465208	7469.0363179999995	7469.827915	7464.925168	7468.384078			1.0	2.0	0.0	3.0					
7472.376	4047.955	BlockDesign														1.0	460.0	657.0	50.0	10.0
7472.376	16.201000000000022	trials	5.0	7483.954136	7485.501033			7483.046321	7486.371137			2.0		1.0	1.0					
7492.046	10.63000000000011	trials	5.0	7497.809942	7498.977734	7500.2009929999995	7501.177484	7497.121229	7499.457614999999	7500.866	7502.676	1.0	2.0	1.0	1.0					
7506.696	7.176000000000386	trials	5.0	7510.131412	7511.221845	7513.120371999999	7513.879325	7509.353453	7512.448628			1.0	2.0	0.0	3.0					
7516.446	19.824000000000524	trials	5.0	7532.6901609999995	7534.2085099999995			7531.966963999999	7534.1975569999995			1.0		0.0	2.0					
7538.278	14.333999999999833	trials	5.0	7548.729991	7550.261977	7551.977812	7552.61504	7548.080237	7550.875091			1.0	1.0	0.0	3.0					
7556.291	18.28899999999976	trials	5.0	7571.208049999999	7572.527215	7574.016952	7574.588895999999	7570.36438	7573.243544			1.0	2.0	0.0	3.0					
7578.336	19.420000000000073	trials	5.0	7593.87496	7595.1372519999995			7592.906696	7595.549467999999			2.0		1.0	1.0					
7601.207	6.606999999999971	trials	5.0	7604.341186	7606.121675	7607.176115	7607.81752	7603.816065999999	7606.396151			1.0	2.0	0.0	3.0					
7609.512	22.588999999999942	trials	5.0	7629.109279	7630.881131	7631.738133999999	7632.105152	7628.544188	7630.896358			1.0	1.0	0.0	3.0					
7636.056	61.4350000000004	trials	5.0	7693.776452	7695.489044			7692.91625	7695.482951			1.0		0.0	2.0					
7700.497	17.710000000000036	trials	5.0	7714.981489	7716.127036	7717.787012	7718.2140979999995	7714.443739	7717.074214			1.0	2.0	0.0	3.0					
7720.145	16.71099999999933	trials	5.0	7728.285716	7729.472885	7734.6318249999995	7735.350812	7727.492618	7729.891401999999	7735.266	7736.856	1.0	1.0	1.0	1.0					
7738.882	10.009000000000015	trials	5.0	7745.445779	7746.580841	7748.384156	7748.898037999999	7744.939115	7747.654288			1.0	2.0	0.0	3.0					
7750.697	20.175999999999476	trials	5.0	7759.070884	7760.589625	7770.405661	7770.876362	7758.1780069999995	7761.035573			1.0	1.0	0.0	3.0					
7772.739	15.452000000000226	trials	5.0	7783.797974	7785.667778			7783.284695	7785.932263			2.0		1.0	1.0					
7791.706	23.01000000000022	trials	5.0	7810.597057999999	7812.404209			7809.80347	7812.627229			2.0		1.0	1.0					
7817.239	9.032000000000153	trials	5.0	7822.356698	7824.6483849999995	7825.551853999999	7826.280553	7821.506867	7824.769988			1.0	2.0	0.0	3.0					
7828.867	15.363999999999578	trials	5.0	7840.9669269999995	7842.514223	7843.815431	7844.239253	7840.244522	7843.044172			1.0	2.0	0.0	3.0					
7847.126	19.844999999999345	trials	5.0	7856.664745	7858.635581	7864.856166	7865.502311	7855.877762	7859.134249	7865.702	7866.971	1.0	1.0	1.0	1.0					
7870.991	8.845000000000255	trials	5.0	7875.468699999999	7877.328654999999			7874.7299	7877.642588			2.0		1.0	1.0					
7883.379	4.42699999999968	trials	5.0	7885.281169	7885.8104539999995			7884.337774	7885.794196999999			1.0		0.0	2.0					
7889.811	24.460000000000036	trials	5.0	7906.46339	7908.084532999999	7912.121671	7912.908701	7905.710736999999	7908.5350929999995	7912.872	7914.271	1.0	1.0	1.0	1.0					
7918.295	6.173999999999978	trials	5.0	7921.272197	7922.904433	7923.969419	7924.480508	7920.603838	7923.290177			1.0	1.0	0.0	3.0					
7928.272	26.216999999999643	trials	5.0	7947.24976	7948.418369	7952.0728389999995	7952.900681	7946.3899329999995	7948.851060999999	7952.811	7954.489	1.0	1.0	1.0	1.0					
7956.577	8.493999999999687	trials	5.0	7961.017358	7962.457977			7960.348015	7962.831085			2.0		1.0	1.0					
7969.537	21.173999999999978	trials	5.0	7987.607822	7989.479447	7990.3226509999995	7990.721663	7986.690538	7989.666206			1.0	2.0	0.0	3.0					
7992.646	22.675000000000182	trials	5.0	8011.5581839999995	8013.254752			8010.799736	8013.242518999999			1.0		0.0	2.0					
8017.328	28.532999999999447	trials	5.0	8042.83277	8044.32716	8045.375048	8045.871577	8042.324221999999	8044.687358			1.0	1.0	0.0	3.0					
8048.702	21.157000000000153	trials	5.0	8067.174277	8068.419683	8069.377327	8069.865164	8066.639021	8068.726257			1.0	1.0	0.0	3.0					
8072.696	20.284999999999854	trials	5.0	8089.589737	8091.411287	8092.348042	8092.98953	8088.911158	8091.4627789999995			1.0	2.0	0.0	3.0					
8094.666	12.539999999999964	trials	5.0	8102.134409	8104.029877	8104.891073	8105.6336329999995	8101.622368	8104.123186999999	8105.481	8107.206	1.0	1.0	1.0	1.0					
8110.226	6.682999999999993	trials	5.0	8113.6085379999995	8115.355724	8116.402174	8116.916737	8113.053148999999	8115.743662			1.0	1.0	0.0	3.0					
8119.754	13.011999999999716	trials	5.0	8128.707813999999	8130.204392			8128.142242	8130.592			2.0		1.0	1.0					
8137.291	6.510000000000218	trials	5.0	8139.444598	8141.243483			8138.811149	8141.582447			2.0		1.0	1.0					
8146.301	7.357999999999265	trials	5.0	8150.624066	8152.179602	8153.118501999999	8153.664196	8149.951338999999	8152.349975			1.0	2.0	0.0	3.0					
8157.446	10.735999999999876	trials	5.0	8165.501612	8166.709957	8167.663441	8168.19097	8164.774139	8166.993517999999			1.0	1.0	0.0	3.0					
8170.984	24.216999999998734	trials	5.0	8192.514244	8193.142517			8191.566435999999	8193.138273			1.0		0.0	2.0					
8199.211	64.35000000000036	trials	5.0	8260.493855	8261.563624999999			8259.649103	8261.555940999999			2.0		0.0	2.0					
8266.57	13.800999999999476	trials	5.0	8277.244901	8278.367635999999			8276.248501	8278.356565			1.0		0.0	2.0					
8284.376	14.920000000000073	trials	5.0	8296.614120999999	8297.251188999999			8295.977493999999	8297.243027			1.0		0.0	2.0					
8303.347	10.248999999999796	trials	5.0	8309.890072	8311.541256			8309.239087	8311.533163			1.0		0.0	2.0					
8317.645	27.02599999999984	trials	5.0	8341.004065	8342.671016			8340.1993	8342.663833999999			1.0		0.0	2.0					
8346.692	24.955000000001746	trials	5.0	8364.024929	8365.682398			8363.139614	8365.671762			2.0		0.0	2.0					
8371.756	4.915000000000873	trials	5.0	8373.410171	8374.675474	8375.40582	8375.836658	8371.655009	8374.667053			1.0		0.0	2.0					
8378.726	40.95999999999913	trials	5.0	8416.940435	8418.073966	8419.182006	8419.69848	8416.04605	8418.251443			1.0	2.0	0.0	3.0					
8421.535	11.361000000000786	trials	5.0	8428.967152	8430.843812			8428.390069	8430.834556			1.0		0.0	2.0					
8436.926	42.05000000000109	trials	5.0	8474.597326	8476.376998			8473.829486999999	8476.665098			2.0		1.0	1.0					
8482.436	5.735000000000582	trials	5.0	8484.740257	8486.437276	8487.697871	8488.185536	8483.959753	8486.970443			1.0	2.0	0.0	3.0					
8490.001	13.60399999999936	trials	5.0	8500.075498999999	8501.257403			8499.068404	8501.388226			2.0		1.0	1.0					
8506.061	11.659999999999854	trials	5.0	8514.123752	8515.987439	8517.156094	8517.732382999999	8513.295541	8516.307268			1.0	1.0	0.0	3.0					
8520.466	16.909999999999854	trials	5.0	8532.880530999999	8534.340694999999	8535.473714	8536.118666	8532.055424	8534.609641	8536.116	8537.376	1.0	2.0	1.0	1.0					
8540.391	21.17699999999968	trials	5.0	8554.534694	8555.719183	8559.559087	8560.208093	8553.693029	8555.942159	8560.181	8561.568	1.0	1.0	1.0	1.0					
8564.584	7.996999999999389	trials	5.0	8569.231231	8570.927461	8572.110341	8572.594324	8568.551021	8571.464902			1.0	2.0	0.0	3.0					
8575.442	19.71400000000176	trials	5.0	8587.436192	8589.443957	8592.941726000001	8593.75157	8586.625951	8589.804052	8593.616	8595.156	1.0	1.0	1.0	1.0					
8597.176	8.840000000000146	trials	5.0	8602.611136	8604.282847	8605.49452	8606.029379	8601.994655	8604.791234			1.0	1.0	0.0	3.0					
8607.796	14.990999999999985	trials	5.0	8619.790931	8620.978567	8622.251232999999	8622.798266	8619.197344	8621.569745			1.0	2.0	0.0	3.0					
8625.576	15.665000000000873	trials	5.0	8637.976964	8639.593874	8640.438079	8641.251006	8637.308841	8639.70977			1.0	2.0	0.0	3.0					
8644.761	9.345999999999549	trials	5.0	8651.017145	8652.708655999999	8653.547714	8654.120020999999	8650.256014999999	8652.828523			1.0	1.0	0.0	3.0					
8656.859	17.771999999999025	trials	5.0	8671.786812999999	8672.85577	8674.144436999999	8674.645862	8671.070383999999	8673.452397000001			1.0	1.0	0.0	3.0					
8678.461	12.701000000000931	trials	5.0	8688.030248	8689.538435	8690.739345	8691.173417	8687.061578	8689.890776			1.0	1.0	0.0	3.0					
8693.086	17.94300000000112	trials	5.0	8706.803171	8707.874632	8709.068852	8709.746273	8706.020653	8708.070975999999	8709.816	8711.029	1.0	1.0	1.0	1.0					
8715.086	9.145000000000437	trials	5.0	8720.417525	8721.848203	8723.449169	8724.245447	8719.529492	8722.699733			1.0	2.0	0.0	3.0					
8727.756	8.795000000000073	trials	5.0	8733.222685	8734.531145			8732.368309	8734.521767			1.0		0.0	2.0					
8740.604	11.48700000000099	trials	5.0	8744.828787999999	8745.929371999999	8749.770301	8750.588135	8743.959884	8746.423433	8750.601	8752.091	1.0	1.0	1.0	1.0					
8756.156	10.96599999999853	trials	5.0	8763.031976	8764.618787			8762.495164	8765.052091			2.0		1.0	1.0					
8770.651	32.94000000000051	trials	5.0	8800.09375	8801.572823			8799.283432	8801.527538			2.0		1.0	1.0					
8806.147	8.068999999999505	trials	5.0	8811.002396	8812.92323	8813.584965	8814.232168999999	8810.472539	8812.930707			1.0	2.0	0.0	3.0					
8815.887	18.524999999999636	trials	5.0	8831.653882999999	8832.720908	8834.014387	8834.423683	8830.732801	8833.275176			1.0	2.0	0.0	3.0					
8836.316	24.55199999999968	trials	5.0	8857.433431	8859.174442	8860.262188	8860.884272	8856.822414999999	8859.567256999999			1.0	2.0	0.0	3.0					
8863.598	17.212999999999738	trials	5.0	8876.819281	8878.309781			8876.067310999999	8878.632303999999			2.0		1.0	1.0					
8883.321	8.405000000000655	trials	5.0	8886.918126	8888.129224	8889.495164	8890.274192	8886.169103	8888.732479	8890.296	8891.726	1.0	1.0	1.0	1.0					
8895.785	13.611000000000786	trials	5.0	8905.087582	8906.890121			8904.25583	8907.253127			2.0		1.0	1.0					
8913.921	9.360000000000582	trials	5.0	8917.89427	8918.931357	8920.526937999999	8921.276285	8917.047061	8919.749515	8921.256	8923.281	1.0	2.0	1.0	1.0					
8925.351	19.26000000000022	trials	5.0	8937.048122	8938.404924	8942.247691	8943.069203	8936.072993	8938.763123	8943.066	8944.611	1.0	1.0	1.0	1.0					
8947.636	37.17499999999927	trials	5.0	8981.318476	8982.815728			8980.623715	8982.799626			1.0		0.0	2.0					
8986.821	17.76000000000022	trials	5.0	8999.39585	9000.860299	9002.143946	9003.034995	8998.574072	9001.511053	9002.906	9004.581	1.0	1.0	1.0	1.0					
9007.601	8.959999999999127	trials	5.0	9012.50845	9014.310015			9011.756942	9014.433151			2.0		1.0	1.0					
9020.081	9.761000000000422	trials	5.0	9025.3939	9027.340693			9024.455417	9027.732841000001			2.0		1.0	1.0					
9032.401	8.06500000000051	trials	5.0	9037.398857	9039.091933	9039.854968	9040.47998	9036.430535	9039.203026			1.0	1.0	0.0	3.0					
9044.206	10.010000000000218	trials	5.0	9050.543854	9051.655483999999			9049.699075	9052.138303			2.0		1.0	1.0					
9056.672	9.85399999999936	trials	5.0	9063.349439	9064.949935	9065.955965	9066.542717	9062.477695	9065.320179999999			1.0	1.0	0.0	3.0					
9069.272	21.023999999999432	trials	5.0	9086.845465999999	9088.241281999999			9086.11559	9088.236516			1.0		0.0	2.0					
9094.348	18.03100000000086	trials	5.0	9108.805534	9110.180073	9111.887747	9112.391585	9108.203428	9111.089423			1.0	2.0	0.0	3.0					
9116.211	15.5	trials	5.0	9127.93946	9129.856121	9130.883747	9131.727555	9127.105676	9130.171597			1.0	2.0	0.0	3.0					
9134.202	17.15400000000045	trials	5.0	9148.53409	9149.840105	9150.856519	9151.371347	9147.551806	9150.254541999999			1.0	2.0	0.0	3.0					
9155.204	13.229999999999563	trials	5.0	9163.306367	9164.583134	9166.079818999999	9166.880696	9162.436643000001	9165.276073	9166.706	9168.434	1.0	2.0	1.0	1.0					
9171.471	9.972999999999956	trials	5.0	9175.43089	9176.666105	9180.822203	9181.439798	9174.585959	9177.179419			1.0	1.0	0.0	3.0					
9185.051	19.715000000000146	trials	5.0	9201.274938	9203.229438999999	9204.313963	9204.76771	9200.672174	9203.52029			1.0	1.0	0.0	3.0					
9207.647	13.068999999999505	trials	5.0	9217.490214	9218.900378	9220.21675	9220.715634	9216.731	9219.406022			1.0	2.0	0.0	3.0					
9223.551	32.15400000000045	trials	5.0	9250.096214	9251.78204	9252.903126	9253.691251	9249.388984	9252.232818999999	9253.591	9255.705	1.0	1.0	1.0	1.0					
9257.731	9.806000000000495	trials	5.0	9262.502661999999	9263.988199	9265.091402	9265.930215999999	9261.976161999999	9264.461556	9265.756	9267.537	1.0	1.0	1.0	1.0					
9271.586	6.505000000001019	trials	5.0	9274.230644	9275.522366			9273.631152	9275.81467			2.0		1.0	1.0					
9281.546	4.694999999999709	trials	5.0	9283.362431	9284.472772	9285.574596999999	9286.243564999999	9282.201043	9284.938277			1.0	1.0	0.0	3.0					
9287.901	23.11499999999978	trials	5.0	9307.239064	9308.40647			9306.651992	9308.85179			2.0		1.0	1.0					
9315.452	6.8840000000000146	trials	5.0	9318.172781	9319.585454	9320.270915	9320.978191	9317.368684	9319.511218	9321.066	9322.336	1.0	1.0	1.0	1.0					
9324.38	10.881000000001222	trials	5.0	9331.617334999999	9332.69278			9330.808636	9333.077942			2.0		1.0	1.0					
9339.799	6.072999999998501	trials	5.0	9342.436097	9343.868303			9341.794106	9343.86127			1.0		0.0	2.0					
9348.926	16.424000000000888	trials	5.0	9360.886703	9362.243403999999			9360.231843	9363.222357999999			2.0		1.0	1.0					
9368.781	5.529999999998836	trials	5.0	9371.275266999999	9372.78272	9373.841881	9374.311679	9370.540861	9373.17752			1.0	2.0	0.0	3.0					
9376.171	25.13500000000022	trials	5.0	9398.207674	9399.619094	9400.62182	9401.310787	9397.587017	9399.971101			1.0	1.0	0.0	3.0					
9402.952	14.989000000001397	trials	5.0	9414.157704	9415.46333	9417.443008	9417.944325999999	9413.624926999999	9416.284916			1.0	2.0	0.0	3.0					
9420.781	18.804999999998472	trials	5.0	9435.770333	9437.279408999999			9434.771105	9437.402074			2.0		1.0	1.0					
9442.126	6.975000000000364	trials	5.0	9446.31642	9447.785189	9448.495288	9449.105651	9445.610647	9447.811163			1.0	1.0	0.0	3.0					
9450.821	43.29500000000007	trials	5.0	9491.228477	9492.109387			9490.305984999999	9492.099913			1.0		0.0	2.0					
9496.16	50.086999999999534	trials	5.0	9542.637287	9543.991022			9541.923882	9544.009752			2.0		1.0	1.0					
9548.766	34.75200000000041	trials	5.0	9576.962332	9578.60039	9582.805499	9583.517603	9576.340571	9578.91078			1.0	1.0	0.0	3.0					
9587.131	10.47400000000016	trials	5.0	9593.815802	9594.997368			9593.006746	9595.40303			2.0		1.0	1.0					
9602.051	7.7150000000001455	trials	5.0	9604.333928	9605.47208	9609.136717	9609.764192	9603.469411	9605.870582			1.0	1.0	0.0	3.0					
9611.466	15.574999999998909	trials	5.0	9622.977727	9624.444268			9622.246084	9624.740554			2.0		1.0	1.0					
9629.471	9.555000000000291	trials	5.0	9635.952744	9637.494142	9638.583811	9639.031431	9635.310868	9637.826669			1.0	1.0	0.0	3.0					
9641.907	23.47200000000157	trials	5.0	9659.763211	9661.131325999999	9664.853924	9665.367817	9658.849846	9661.395532999999			1.0	1.0	0.0	3.0					
9667.382	14.934000000001106	trials	5.0	9679.318378	9680.614567	9681.848087	9682.322023	9678.419029	9681.072428			1.0	2.0	0.0	3.0					
9684.186	18.097999999999956	trials	5.0	9698.473108	9700.272047	9701.658205	9702.282917	9697.711057999999	9701.008937			1.0	2.0	0.0	3.0					
9705.976	19.31999999999971	trials	5.0	9721.979059	9723.291463			9721.178453999999	9723.281509999999			1.0		0.0	2.0					
9728.352	17.509000000000015	trials	5.0	9742.919624	9744.164426	9745.337852	9745.866089	9742.122165	9744.635108			1.0	2.0	0.0	3.0					
9748.66	33.00200000000041	trials	5.0	9778.428806	9779.601433	9781.020065	9781.66496	9777.542648999999	9780.032396			1.0	2.0	0.0	3.0					
9784.341	45.29500000000007	trials	5.0	9822.108502	9823.627652	9827.537147	9828.317777	9821.19128	9823.889077	9828.331	9829.636	1.0	1.0	1.0	1.0					
9833.692	7.229000000001179	trials	5.0	9836.364113	9837.906377			9835.825090999999	9838.887584			2.0		1.0	1.0					
9845.461	11.555000000000291	trials	5.0	9851.627121	9853.455377	9854.508738	9855.319491	9850.815338	9853.867676	9855.136	9857.016	1.0	1.0	1.0	1.0					
9860.051	10.450000000000728	trials	5.0	9865.072199	9866.629949	9868.157014	9869.054144	9864.250045	9867.465958	9868.866	9870.501	1.0	2.0	1.0	1.0					
9873.516	11.810999999999694	trials	5.0	9880.899127	9882.730993			9880.087436	9883.068127999999			2.0		1.0	1.0					
9889.812	12.014999999999418	trials	5.0	9894.871310999999	9896.705931999999	9901.084219	9901.834895	9894.083282	9897.147303			1.0	1.0	0.0	3.0					
9904.426	7.81000000000131	trials	5.0	9908.869157	9910.227644			9907.906895	9910.221851			1.0		0.0	2.0					
9915.241	13.865999999999985	trials	5.0	9924.964990999999	9926.845829			9924.377677999999	9927.093049			2.0		1.0	1.0					
9933.626	8.549999999999272	trials	5.0	9937.265189	9938.590881	9939.82769	9940.62818	9936.415774	9939.182192	9940.631	9942.176	1.0	1.0	1.0	1.0					
9946.196	8.200000000000728	trials	5.0	9950.979546999999	9952.306236999999	9953.820387	9954.403814	9950.058219999999	9953.118074			1.0	2.0	0.0	3.0					
9956.141	14.939000000000306	trials	5.0	9967.569547	9968.691212	9970.375585	9971.085233	9967.051816	9969.688818			1.0	2.0	0.0	3.0					
9972.702	14.509000000000015	trials	5.0	9982.675808	9983.893743	9984.86188	9985.74562	9981.870065	9984.087405	9985.516	9987.211	1.0	2.0	1.0	1.0					
9989.226	10.18999999999869	trials	5.0	9994.654175	9996.388355	9997.360849	9998.004782	9993.804184	9996.711971	9997.961	9999.416	1.0	1.0	1.0	1.0					
10002.441	7.84900000000016	trials	5.0	10007.149565	10008.406402	10009.575524	10010.294699	10006.321955	10008.94585			1.0	1.0	0.0	3.0					
10012.896	18.495999999999185	trials	5.0	10027.02	10028.793694			10026.04574	10029.084406			2.0		1.0	1.0					
10033.865	9.806000000000495	trials	5.0	10040.569645	10041.606674999999	10043.219917	10043.676411999999	10039.927509	10042.555162			1.0	2.0	0.0	3.0					
10046.545	15.870999999999185	trials	5.0	10056.561588999999	10058.275044	10061.917443999999	10062.424567	10055.736289	10058.260589			1.0	1.0	0.0	3.0					
10064.254	10.871999999999389	trials	5.0	10071.495005	10073.126504			10070.917402	10073.120732			1.0		0.0	2.0					
10078.136	18.336999999999534	trials	5.0	10093.296567	10094.767209	10096.027066999999	10096.479823	10092.320647	10095.335093			1.0	1.0	0.0	3.0					
10099.394	13.71099999999933	trials	5.0	10109.355703	10110.591715			10108.725127	10111.080482			2.0		1.0	1.0					
10115.631	13.920000000000073	trials	5.0	10125.708322999999	10127.244791			10124.918094	10127.404595			2.0		1.0	1.0					
10132.068	9.96900000000096	trials	5.0	10138.015909	10139.43824			10137.388891999999	10139.745964			2.0		1.0	1.0					
10144.457	9.671000000000276	trials	5.0	10150.87495	10152.762663	10153.698397	10154.133844	10150.017522	10153.069196			1.0	2.0	0.0	3.0					
10156.021	14.719999999999345	trials	5.0	10167.320357	10168.922185	10170.163067	10170.748678	10166.552518	10169.444687			1.0	1.0	0.0	3.0					
10174.473	17.10399999999936	trials	5.0	10187.575816	10189.147678	10190.82292	10191.584117	10186.745859999999	10189.51472			1.0	2.0	0.0	3.0					
10195.178	13.943999999999505	trials	5.0	10204.172580999999	10205.829614	10206.80537	10207.551935	10203.166433	10206.155336	10207.506	10209.122	1.0	1.0	1.0	1.0					
10213.145	6.800999999999476	trials	5.0	10216.355897	10217.576089	10219.170079	10219.952256999999	10215.610996	10218.39226			1.0	2.0	0.0	3.0					
10221.497	19.944000000001324	trials	5.0	10238.286958	10239.550772	10240.966844	10241.445947	10237.667610999999	10240.173059			1.0	2.0	0.0	3.0					
10245.291	14.515000000001237	trials	5.0	10256.096302	10257.806813			10255.522042999999	10257.793109			1.0		0.0	2.0					
10263.811	17.101000000000568	trials	5.0	10277.987356	10279.533893	10280.240695	10280.919058	10276.984691	10279.559121999999			1.0	2.0	0.0	3.0					
10283.548	22.57799999999952	trials	5.0	10300.816616	10302.619446	10303.776775999999	10304.674058	10299.975976	10303.063064	10304.577	10306.126	1.0	2.0	1.0	1.0					
10310.146	9.854999999999563	trials	5.0	10315.676672	10317.698003			10314.914438	10317.831427			2.0		1.0	1.0					
10322.52	6.9210000000002765	trials	5.0	10326.156212	10327.341742	10328.756012	10329.447662	10325.222662	10327.99492			1.0	2.0	0.0	3.0					
10331.072	17.03399999999965	trials	5.0	10342.891932999999	10344.438426	10345.542583999999	10346.42246	10342.345758	10344.812639	10346.421	10348.106	1.0	2.0	1.0	1.0					
10351.136	7.9759999999987485	trials	5.0	10355.49691	10356.755704	10358.275945	10359.118398999999	10354.923229	10357.535281			1.0	2.0	0.0	3.0					
10361.592	17.679000000000087	trials	5.0	10375.762381	10377.517853	10378.514933	10379.276539	10375.072501999999	10377.860125			1.0	2.0	0.0	3.0					
10382.832	16.454999999999927	trials	5.0	10395.511526	10397.288591			10394.546284	10397.27245			2.0		0.0	2.0					
10402.291	12.96100000000115	trials	5.0	10411.876581999999	10413.434014	10414.664615	10415.261047	10411.123672	10413.94708			1.0	2.0	0.0	3.0					
10419.031	19.724999999998545	trials	5.0	10431.456578	10433.288674	10436.412517	10437.006296	10430.59261	10433.719449	10437.077	10438.756	1.0	1.0	1.0	1.0					
10441.784	13.721999999999753	trials	5.0	10451.911774	10453.453963			10451.288978999999	10453.448975			1.0		0.0	2.0					
10457.516	21.595000000001164	trials	5.0	10475.247206	10477.109602999999			10474.418576	10477.10458			1.0		0.0	2.0					
10483.161	17.699000000000524	trials	5.0	10496.972921999999	10498.344509			10495.988345	10498.757813			2.0		1.0	1.0					
10504.401	6.889999999999418	trials	5.0	10508.072983	10509.449191	10510.758971	10511.299319	10507.484002	10509.969506			1.0	2.0	0.0	3.0					
10513.086	23.58600000000115	trials	5.0	10533.152624	10534.354315999999	10536.056532999999	10536.679414	10532.3621	10535.021058999999			1.0	1.0	0.0	3.0					
10539.381	27.329999999999927	trials	5.0	10563.353044	10564.711470999999			10562.800835	10564.70132			1.0		0.0	2.0					
10568.726	23.61999999999898	trials	5.0	10589.318038	10590.345502			10588.513003	10590.337465999999			1.0		0.0	2.0					
10596.356	35.55999999999949	trials	5.0	10627.867744	10629.570089			10627.180502	10629.772810999999			2.0		1.0	1.0					
10634.362	8.22400000000016	trials	5.0	10639.138228	10640.571856	10641.82772	10642.593251	10638.382599999999	10641.145188999999			1.0	2.0	0.0	3.0					
10644.146	206.33499999999913	trials	5.0	10846.944883	10848.421057			10846.163618	10848.41819			1.0		0.0	2.0					
10852.486	13.617999999998574	trials	5.0	10859.551139	10860.781267	10865.509418	10866.113602	10858.730195	10860.966629			1.0	1.0	0.0	3.0					
10869.811	8.213999999999942	trials	5.0	10875.449172999999	10875.983850999999			10874.670911	10875.978529			1.0		0.0	2.0					
10882.068	59.228000000000975	trials	5.0	10935.784337	10937.227144999999	10940.73335	10941.307465	10935.219986	10937.223017			2.0		0.0	2.0					
10942.261	9.594999999999345	trials	5.0	10948.386666999999	10949.76886	10951.215205999999	10951.86718	10947.678802999999	10949.97143			1.0	1.0	0.0	3.0					
10953.575	38.04399999999987	trials	5.0	10987.657322	10989.255659			10987.019581999999	10989.43055			2.0		1.0	1.0					
10995.049	33.17399999999907	trials	5.0	11025.640994	11026.90736	11027.776213	11028.231039999999	11024.975290999999	11027.063615			1.0	1.0	0.0	3.0					
11032.101	13.375	trials	5.0	11038.255103	11039.993164	11042.299442	11042.960273	11037.491968	11040.158558	11045.456	11045.476	1.0	1.0	1.0	1.0					
11045.88	16.92200000000048	trials	5.0	11058.953362	11060.661917	11061.747159999999	11062.369558	11058.127876999999	11060.83453			1.0	2.0	1.0	1.0					
11066.348	10.814000000000306	trials	5.0	11074.171448	11075.187439	11076.630165999999	11077.171752999999	11073.574211	11075.913541			1.0	2.0	0.0	3.0					
11079.941	20.21899999999914	trials	5.0	11097.025759	11098.141195			11096.085568999999	11098.125488			2.0		0.0	2.0					
11104.171	15.289999999999054	trials	5.0	11116.427308999999	11117.594749	11118.827044	11119.47068	11115.623375	11118.101555			1.0	1.0	0.0	3.0					
11123.145	13.001000000000204	trials	5.0	11131.6511	11133.539284999999			11130.800138999999	11133.958924999999			2.0		1.0	1.0					
11140.581	33.45900000000074	trials	5.0	11170.434992	11172.334918999999	11173.467064	11174.047311999999	11169.752102	11172.684240999999			1.0	2.0	0.0	3.0					
11176.821	12.380999999999403	trials	5.0	11183.686346	11184.767915	11186.143141999999	11186.957099	11182.859437	11185.339163	11186.851	11189.202	1.0	1.0	1.0	1.0					
11192.221	11.83600000000115	trials	5.0	11198.41913	11200.250517	11201.12411	11201.969805	11197.544679999999	11200.181815	11201.891	11204.057	1.0	1.0	1.0	1.0					
11207.081	9.64600000000064	trials	5.0	11212.856576	11214.813433	11215.99892	11216.739947	11212.040654	11215.177164			1.0	2.0	0.0	3.0					
11218.367	15.998999999999796	trials	5.0	11230.280944	11232.118658	11233.28531	11234.159447	11229.581452999999	11232.568109	11220.541	11220.611	1.0	1.0	1.0	1.0					
11237.848	9.656000000000859	trials	5.0	11243.938374	11245.110546	11246.365279	11247.51599	11243.068598	11245.65064			1.0	1.0	1.0	1.0					
11250.886	12.549999999999272	trials	5.0	11259.836455	11260.933434999999	11262.320791	11263.449187999999	11258.984003	11261.569347999999			1.0	1.0	1.0	1.0					
11265.912	15.135000000000218	trials	5.0	11277.066833	11278.62314	11279.901911	11281.060129	11276.500827	11279.177186			1.0	1.0	0.0	3.0					
11283.254	11.48699999999917	trials	5.0	11290.914851	11292.503416	11293.641914	11294.708996	11290.047416	11292.858042			1.0	1.0	1.0	1.0					
11299.213	8.648000000001048	trials	5.0	11304.177964999999	11305.531165	11306.966747	11307.875714	11303.302177	11306.199848			1.0	1.0	0.0	3.0					
11309.291	14.280000000000655	trials	5.0	11318.678199	11319.748268			11318.166128	11321.273577			2.0		1.0	1.0					
11328.032	7.97400000000016	trials	5.0	11332.481809	11333.788313	11335.304468	11336.017328	11331.578234999999	11334.511348			1.0	1.0	0.0	3.0					
11338.616	10.195999999999913	trials	5.0	11345.155529	11346.769202	11348.352274	11348.821694	11344.415986	11347.514499			1.0	2.0	0.0	3.0					
11350.739	18.096999999999753	trials	5.0	11364.628735999999	11366.31895			11363.87018	11366.588681			2.0		1.0	1.0					
11373.371	9.831000000000131	trials	5.0	11378.826794	11380.568965	11382.136752	11383.201648999999	11378.222725	11381.305195			1.0	1.0	1.0	1.0					
11386.711	11.278000000000247	trials	5.0	11393.322096	11395.081721999999			11392.389917	11395.261958	11397.051	11397.989	2.0		1.0	1.0					
11402.037	24.14600000000064	trials	5.0	11419.631657	11421.312448	11425.507921	11426.192266	11418.737674	11421.599560999999			1.0	1.0	0.0	3.0					
11427.821	21.255999999999403	trials	5.0	11440.013641	11441.708768	11446.354193	11447.309701	11439.377145	11442.397451	11447.211	11449.077	1.0	1.0	1.0	1.0					
11453.101	9.744999999998981	trials	5.0	11459.162885	11461.091628999999	11462.127036	11462.860637	11458.236737	11461.460045			1.0	1.0	0.0	3.0					
11466.474	8.586999999999534	trials	5.0	11470.917474	11472.78458	11474.271764	11475.07625	11470.187977	11473.572095			1.0	1.0	0.0	3.0					
11476.591	43.73999999999978	trials	5.0	11513.152592	11514.399426	11520.27578	11520.882266	11512.585905	11514.869318			1.0	1.0	0.0	3.0					
11522.626	5553.360000000001	BlockDesign														1.0	658.0	947.0	10.0	50.0
11522.626	18.965000000000146	trials	6.0	11537.913016999999	11539.596664			11537.14848	11539.58605			2.0		0.0	2.0					
11543.598	15.792999999999665	trials	6.0	11556.022958	11557.262296	11558.879128	11559.407212999999	11555.402068	11557.792205			1.0	2.0	0.0	3.0					
11562.196	33.60499999999956	trials	6.0	11592.363078	11593.740428			11591.488763	11593.731205			1.0		0.0	2.0					
11598.832	31.083999999998923	trials	6.0	11626.891022	11628.310355	11629.396751	11629.93172	11625.937487	11628.634127			1.0	1.0	0.0	3.0					
11633.723	17.717000000000553	trials	6.0	11644.86913	11646.216359	11648.248616	11649.179455	11643.919835	11646.827406	11648.856	11651.44	1.0	2.0	1.0	1.0					
11653.461	8.485000000000582	trials	6.0	11658.157524999999	11660.138927	11661.223645	11661.959755	11657.155847	11660.500481			1.0	1.0	0.0	3.0					
11663.541	12.081000000000131	trials	6.0	11671.514972	11673.020384			11670.546207	11673.338686			2.0		1.0	1.0					
11679.071	8.096999999999753	trials	6.0	11682.958788	11684.106429	11686.501964	11687.185664	11682.01726	11685.754297			1.0	2.0	0.0	3.0					
11688.816	18.784999999999854	trials	6.0	11701.790147	11702.870465	11704.315759	11705.038625	11701.264082	11703.544994	11707.446	11707.601	1.0	1.0	1.0	1.0					
11707.877	12.703999999999724	trials	6.0	11716.739134	11718.256877	11719.990045999999	11720.595596	11716.051888	11719.217098			1.0	1.0	0.0	3.0					
11724.301	16.420000000000073	trials	6.0	11734.564412	11736.505354	11737.715615	11738.632044	11733.663126	11736.931064	11740.702	11740.721	1.0	2.0	1.0	1.0					
11743.281	7.941999999999098	trials	6.0	11748.180758999999	11749.360659	11750.693068	11751.23612	11747.246477	11749.908124			1.0	1.0	0.0	3.0					
11755.006	9.760000000000218	trials	6.0	11760.894159	11762.465307	11763.703532	11764.628434999999	11760.272881	11762.910539	11764.372	11764.381	1.0	2.0	1.0	1.0					
11768.228	13.458000000000538	trials	6.0	11778.220383	11779.977133	11781.006436	11781.703324	11777.632709	11780.142921999999			1.0	2.0	0.0	3.0					
11783.321	28.520000000000437	trials	6.0	11808.244459	11809.845716			11807.64844	11809.832057			1.0		0.0	2.0					
11813.864	20.81500000000051	trials	6.0	11828.779719999999	11829.926029999999	11831.216220999999	11832.013198999999	11827.923007	11830.446060999999	11831.981	11834.679	1.0	2.0	1.0	1.0					
11838.739	7.356999999999971	trials	6.0	11841.714877	11843.258088999999			11841.123637	11843.831638	11845.666	11845.921	2.0		1.0	1.0					
11849.561	8.585000000000946	trials	6.0	11853.689522	11855.314964			11852.795804	11855.961481999999			2.0		1.0	1.0					
11861.614	8.997000000001208	trials	6.0	11866.954558	11869.215828	11870.058057999999	11870.628454	11866.282320999999	11869.311979			1.0	1.0	0.0	3.0					
11873.366	14.193999999999505	trials	6.0	11882.024632999999	11883.176039	11884.475189	11885.432039	11881.042861	11883.683066	11885.247	11887.56	1.0	2.0	1.0	1.0					
11890.601	19.014999999999418	trials	6.0	11905.721758	11907.621635			11904.890585	11907.606072999999			2.0		0.0	2.0					
11912.631	11.409999999999854	trials	6.0	11920.47551	11922.051077	11922.81478	11923.248072	11919.802136	11922.047032			1.0		0.0	2.0					
11928.051	22.079999999999927	trials	6.0	11945.945681	11947.432324			11945.406564	11947.833971	11949.926	11950.131	2.0		1.0	1.0					
11954.146	7.479999999999563	trials	6.0	11958.150269	11959.938821	11960.809087	11961.641063	11957.149955	11960.085995			1.0	2.0	0.0	3.0					
11965.106	12.807000000000698	trials	6.0	11974.574994999999	11975.843509999999			11973.686281999999	11975.83706			1.0		0.0	2.0					
11979.957	28.15899999999965	trials	6.0	12001.270438	12002.337425	12004.330566999999	12005.06884	12000.563597	12003.653081	12005.006	12008.116	1.0	2.0	1.0	1.0					
12011.176	9.780000000000655	trials	6.0	12015.890989	12016.98772	12018.383158999999	12019.302982	12015.367076999999	12017.61653	12019.166	12020.956	1.0	2.0	1.0	1.0					
12022.981	8.69000000000051	trials	6.0	12027.205931	12029.102792			12026.336506	12029.436664			2.0		1.0	1.0					
12034.239	9.36700000000019	trials	6.0	12039.490558	12041.552050999999	12042.446840999999	12042.917793999999	12038.675535	12041.54245			1.0		0.0	2.0					
12047.616	12.430000000000291	trials	6.0	12056.645678	12058.406815999999	12059.518102	12060.062496999999	12055.676561	12058.790945			1.0	1.0	0.0	3.0					
12061.832	20.68499999999949	trials	6.0	12079.289128	12081.052393	12082.01561	12082.533452	12078.592724	12081.291998			1.0	2.0	0.0	3.0					
12086.321	17.895000000000437	trials	6.0	12100.545431999999	12102.158233999999			12099.891437	12102.148418			1.0		0.0	2.0					
12108.229	24.382000000001426	trials	6.0	12129.425394	12130.614615999999	12132.080595	12132.627814	12128.478286	12131.231931999999			1.0	1.0	0.0	3.0					
12134.395	18.415999999999258	trials	6.0	12148.677274	12150.663079	12152.409937	12152.828951	12147.778688	12150.910346			1.0	1.0	0.0	3.0					
12154.754	37.03699999999844	trials	6.0	12184.261075	12185.600897	12191.125054	12191.808476	12183.300451	12186.217625			1.0	1.0	0.0	3.0					
12195.426	12.489999999999782	trials	6.0	12204.687108999999	12206.057305999999	12207.353592	12207.932574	12204.037539	12206.543041			1.0	2.0	0.0	3.0					
12210.666	32.2400000000016	trials	6.0	12228.856673	12230.087995	12242.529820000002	12242.903633000002	12228.055683999999	12230.089891			1.0	1.0	0.0	3.0					
12246.856	16.403000000000247	trials	6.0	12260.141526000001	12261.610165000002	12262.736571000001	12263.256420000002	12259.156833000001	12261.998224			1.0	2.0	0.0	3.0					
12267.114	72.05199999999968	trials	6.0	12327.25825	12328.795236000002	12338.267083	12339.16349	12326.656	12329.098367			1.0	1.0	0.0	3.0					
12341.614	10.36700000000019	trials	6.0	12348.007272	12349.465653000001			12347.156448000002	12349.744548			2.0		1.0	1.0					
12355.491	8.510000000000218	trials	6.0	12359.906869	12361.478763000001			12358.913458	12361.925706000002			2.0		1.0	1.0					
12367.557	23.73399999999856	trials	6.0	12386.430829	12387.724138000001	12389.005056000002	12389.703046	12385.424836000002	12388.269487000001	12389.726	12391.291	1.0	2.0	1.0	1.0					
12394.348	12.868000000000393	trials	6.0	12399.704211	12401.331887	12404.833069	12405.602847000002	12398.882082000002	12401.574340000001	12405.716	12407.216	1.0	1.0	1.0	1.0					
12409.281	11.810999999999694	trials	6.0	12417.289297000001	12418.568287000002			12416.290279	12418.950052			2.0		1.0	1.0					
12423.661	10.889999999999418	trials	6.0	12430.092715	12431.940331000002			12429.572925	12432.248640000002			2.0		1.0	1.0					
12438.997	4.640000000001237	trials	6.0	12441.474538	12441.581286			12440.782777	12441.578662000002			1.0		0.0	2.0					
12446.646	17.8799999999992	trials	6.0	12458.438142	12459.849468	12463.850185000001	12464.52618	12457.889333000001	12460.60675			1.0	1.0	0.0	3.0					
12468.166	7.081000000000131	trials	6.0	12470.758240000001	12471.878819000001			12470.019737	12472.943643			2.0		1.0	1.0					
12478.671	5.980999999999767	trials	6.0	12481.142833000002	12482.581459	12483.601785	12483.622251	12480.55392	12482.573809000001			1.0		0.0	2.0					
12486.666	16.105000000001382	trials	6.0	12500.044276	12501.150939000001	12502.109151	12502.763554000001	12499.418169	12501.489607000001			1.0	1.0	0.0	3.0					
12504.483	15.503000000000611	trials	6.0	12514.358317	12515.989722	12516.965233	12518.152681000001	12513.802243000002	12516.293478000001	12517.741	12519.986	1.0	2.0	1.0	1.0					
12523.02	11.564000000000306	trials	6.0	12531.798799	12532.889883000002	12534.070249	12534.579401	12531.232989000002	12533.307550000001			1.0	2.0	0.0	3.0					
12536.41	18.41699999999946	trials	6.0	12548.152986000001	12550.090567000001	12554.238914000001	12554.826535	12547.524599	12550.100304000001			1.0	1.0	0.0	3.0					
12558.577	9.609000000000378	trials	6.0	12564.123864000001	12565.605456000001			12563.129131000002	12565.987249000002			2.0		1.0	1.0					
12572.676	8.540000000000873	trials	6.0	12574.948341000001	12576.075076000001	12577.581261000001	12578.48595	12574.326651000001	12576.853846000002	12578.341	12581.216	1.0	2.0	1.0	1.0					
12583.272	8.461999999999534	trials	6.0	12587.613199000001	12588.876286			12586.7383	12589.470754000002			2.0		1.0	1.0					
12596.192	4.578000000001339	trials	6.0	12598.124967000002	12598.731748000002	12599.556505	12599.611352000002	12596.464306000002	12598.727581000001			1.0		0.0	2.0					
12604.776	26.270000000000437	trials	6.0	12625.610201000001	12627.495280000001	12628.438767000001	12629.455999000002	12624.717226	12627.695164	12629.231	12631.046	1.0	2.0	1.0	1.0					
12634.071	6.530000000000655	trials	6.0	12637.232046000001	12638.592553	12639.287947	12639.85309	12636.318444	12638.581819			1.0		0.0	2.0					
12643.606	10.770000000000437	trials	6.0	12650.794450000001	12652.591374000001	12653.770389000001	12654.377584000002	12650.258733	12653.07233			1.0	2.0	0.0	3.0					
12658.111	12.670000000000073	trials	6.0	12667.033509	12668.775169	12669.651880000001	12669.932028000001	12666.037447	12668.763254000001			1.0		0.0	2.0					
12673.787	15.935999999999694	trials	6.0	12686.140912	12687.689674000001	12688.479384	12688.803279000002	12685.315504000002	12687.678346			1.0		0.0	2.0					
12691.731	33.96800000000076	trials	6.0	12719.493816000002	12720.968341000002	12724.964264	12725.694672000001	12718.817181	12721.359331000001			1.0	1.0	0.0	3.0					
12729.301	13.335000000000946	trials	6.0	12739.165894000002	12740.226255000001	12742.224807	12742.636239000001	12738.195864000001	12740.825271000002			1.0	1.0	0.0	3.0					
12745.591	15.764999999999418	trials	6.0	12755.622595	12757.186253000002	12758.543743000002	12759.6558	12755.107446000002	12757.799470000002	12759.296	12761.356	1.0	2.0	1.0	1.0					
12763.43	8.380999999999403	trials	6.0	12767.354434	12769.241614			12766.687108000002	12769.604115000002			2.0		1.0	1.0					
12774.287	7.609000000000378	trials	6.0	12777.710011000001	12779.290435			12777.015316	12779.648856000002			2.0		1.0	1.0					
12784.346	9.045000000000073	trials	6.0	12789.429781	12791.764992	12792.697153000001	12793.391047000001	12788.798629	12791.896235			1.0	2.0	0.0	3.0					
12796.036	9.69000000000051	trials	6.0	12802.105449	12803.467555000001	12805.09978	12805.725129	12801.247798	12803.883670000001			1.0	1.0	0.0	3.0					
12809.441	11.904999999998836	trials	6.0	12818.489534	12819.595152000002	12820.834104000001	12821.349211	12817.844659	12820.210177			1.0	2.0	0.0	3.0					
12824.156	15.562999999998283	trials	6.0	12832.444909000002	12833.515508	12838.929461000002	12839.722915	12831.518268000002	12833.802787			1.0	1.0	0.0	3.0					
12842.247	13.029000000000451	trials	6.0	12850.931089000002	12852.168325			12850.073998000002	12853.02821			2.0		1.0	1.0					
12857.706	9.331000000000131	trials	6.0	12863.340762000002	12865.032096	12865.865641	12866.021596	12862.475992000001	12865.018253000002			1.0		0.0	2.0					
12870.047	7.5090000000000146	trials	6.0	12874.047579000002	12875.891574000001	12876.954949	12877.556385000002	12873.410191	12876.259610000001			1.0	1.0	0.0	3.0					
12879.271	18.98999999999978	trials	6.0	12892.741678	12894.077254000002	12895.610463	12896.598064000002	12891.974161000002	12894.838685	12896.281	12898.261	1.0	2.0	1.0	1.0					
12901.281	9.875	trials	6.0	12905.390650000001	12906.732084000001	12910.590505	12911.158162000002	12904.701493	12906.910933000001			1.0	1.0	0.0	3.0					
12913.059	13.356000000001586	trials	6.0	12922.385901000001	12923.471827000001	12925.689787000001	12926.415397	12921.551097000001	12925.015897000001			1.0	2.0	0.0	3.0					
12930.058	12.75799999999981	trials	6.0	12938.771228000001	12939.999009000001			12938.207262000002	12940.572046000001			2.0		1.0	1.0					
12945.341	23.6929999999993	trials	6.0	12965.009578000001	12967.010017	12968.232921	12969.037571	12964.109869000002	12967.497471			1.0	2.0	0.0	3.0					
12972.546	11.272999999999229	trials	6.0	12980.860603000001	12982.012998000002	12983.353915000002	12983.817375	12980.34575	12982.664677			1.0	1.0	0.0	3.0					
12985.723	14.997999999999593	trials	6.0	12995.690727000001	12997.007934000001	12998.063982000001	12998.995527000001	12994.707799000002	12997.375334	12998.716	13000.721	1.0	2.0	1.0	1.0					
13003.751	5.90599999999904	trials	6.0	13006.601971000002	13007.999451000001	13009.097028	13009.656075	13005.817140000001	13008.361725			1.0	1.0	0.0	3.0					
13012.461	15.530000000000655	trials	6.0	13024.806750000002	13026.410687000001	13027.532356000002	13027.992150000002	13024.288921000001	13026.739093			1.0	1.0	0.0	3.0					
13029.871	19.626000000000204	trials	6.0	13044.141262000001	13045.482998000001	13046.679469	13047.622855000001	13043.264966	13045.920922000001	13047.476	13049.497	1.0	2.0	1.0	1.0					
13052.516	9.159999999999854	trials	6.0	13057.926246	13059.117669000001			13057.328607000001	13059.426927			2.0		1.0	1.0					
13064.223	8.462999999999738	trials	6.0	13068.306861000001	13070.124073			13067.780446	13070.516119000002			2.0		1.0	1.0					
13077.202	8.809000000001106	trials	6.0	13079.976957	13082.037873000001	13083.230262000001	13084.194333000001	13079.016582	13082.533883000002	13083.931	13086.011	1.0	2.0	1.0	1.0					
13090.032	12.480000000001382	trials	6.0	13098.542946000001	13100.51878	13101.490011000002	13102.516162000002	13097.616535000001	13100.68488			1.0	2.0	0.0	3.0					
13105.821	20.112999999999374	trials	6.0	13122.686652	13123.750016000002	13125.320118000001	13125.937244	13121.929158	13124.095773000001			1.0	2.0	0.0	3.0					
13127.66	22.761000000000422	trials	6.0	13141.946530000001	13143.248782	13149.805943000001	13150.424608000001	13140.958015	13143.801858			1.0	1.0	0.0	3.0					
13153.129	15.947999999998501	trials	6.0	13165.607298	13167.069259000002			13164.632797	13167.064537			1.0		0.0	2.0					
13173.082	29.273999999999432	trials	6.0	13196.458717000001	13197.638452000001	13199.211225000001	13200.186726000002	13195.843097	13198.509693000002	13199.961	13202.356	1.0	2.0	1.0	1.0					
13204.381	8.49200000000019	trials	6.0	13209.568386	13211.368609000001	13212.258527000002	13212.872466	13208.723481	13211.536257000002			1.0	2.0	0.0	3.0					
13215.598	20.052999999999884	trials	6.0	13229.952435000001	13231.554418000002	13232.543041	13233.513042	13229.059129000001	13231.799479000001	13233.261	13235.651	1.0	2.0	1.0	1.0					
13239.506	14.025000000001455	trials	6.0	13248.708832	13250.730162000002			13248.064762000002	13251.135694	13253.086	13253.531	2.0		1.0	1.0					
13255.595	10.011000000000422	trials	6.0	13262.257705000002	13263.670320000001	13264.808028000001	13265.611639	13261.588146000002	13264.007884			1.0	2.0	0.0	3.0					
13268.126	23.153000000000247	trials	6.0	13288.140993	13289.481801000002	13290.765957000001	13291.277310000001	13287.361992000002	13289.960277000002			1.0	2.0	0.0	3.0					
13293.086	55.80500000000029	trials	6.0	13345.883446000002	13346.887078000002			13344.888984000001	13346.880316			1.0		0.0	2.0					
13352.916	12.746000000001004	trials	6.0	13362.449281000001	13363.600237			13361.683057000002	13363.596790000001			1.0		0.0	2.0					
13368.711	13.220000000001164	trials	6.0	13378.077769000001	13379.865038000002			13377.135793000001	13379.859947			1.0		0.0	2.0					
13384.936	19.18000000000029	trials	6.0	13400.278690000001	13401.600256000002			13399.722720000002	13402.047919			2.0		1.0	1.0					
13406.636	10.065999999998894	trials	6.0	13412.56005	13414.381593000002			13412.017590000001	13414.586824000002			2.0		1.0	1.0					
13420.156	9.804999999998472	trials	6.0	13425.976779	13427.399373			13425.467743000001	13427.803564000002			2.0		1.0	1.0					
13434.421	10.575999999999112	trials	6.0	13438.920057000001	13440.645285	13444.594248000001	13445.00301	13438.176505000001	13441.118443000001			1.0	1.0	0.0	3.0					
13447.918	14.628000000000611	trials	6.0	13458.823402000002	13460.529747	13462.088670000001	13462.551436000002	13458.163528000001	13461.327811000001			1.0	2.0	0.0	3.0					
13466.419	20.078999999999724	trials	6.0	13483.308862000002	13484.441802000001	13485.921505000002	13486.502323	13482.584649	13485.066261000002			1.0	1.0	0.0	3.0					
13490.241	39.06500000000051	trials	6.0	13524.104343	13525.375177000002	13526.818083000002	13527.643366	13523.487518000002	13526.045727	13527.521	13529.306	1.0	2.0	1.0	1.0					
13532.331	8.760000000000218	trials	6.0	13537.619125000001	13539.249258000002	13540.586089	13541.098584000001	13536.687256000001	13539.588687000001			1.0	1.0	0.0	3.0					
13543.901	12.970999999999549	trials	6.0	13553.484137000001	13555.120486000002	13556.242075000002	13556.876209000002	13552.800342	13555.617951			1.0	2.0	0.0	3.0					
13560.561	16.13500000000022	trials	6.0	13572.964279000002	13574.936131	13576.113186	13576.699051000001	13572.319924000001	13575.412081			1.0	2.0	0.0	3.0					
13579.473	29.778000000000247	trials	6.0	13601.957938000001	13603.386334	13606.962207	13609.258495000002	13601.147847	13603.600219000002			1.0	1.0	0.0	3.0					
13609.616	20.219999999999345	trials	6.0	13624.545991	13625.771577000001	13627.207314000001	13628.03316	13623.675549000001	13626.212412	13627.976	13629.836	1.0	2.0	1.0	1.0					
13632.856	11.390999999999622	trials	6.0	13637.988242000001	13640.094165	13641.431003000002	13642.541754000002	13637.284812000002	13640.399244	13642.166	13644.247	1.0	2.0	1.0	1.0					
13646.266	11.944999999999709	trials	6.0	13652.634846	13653.948760000001	13655.456776	13656.520887	13651.799509	13654.739125	13656.386	13658.211	1.0	2.0	1.0	1.0					
13662.241	6.819999999999709	trials	6.0	13664.796225000002	13666.746496000002			13663.884588	13666.966072000001			2.0		1.0	1.0					
13673.568	11.478000000000975	trials	6.0	13678.945309	13680.321681000001	13682.209954000002	13683.165259000001	13678.134814000001	13681.082059	13682.856	13685.046	1.0	2.0	1.0	1.0					
13689.071	16.13500000000022	trials	6.0	13702.672098000001	13703.207352000001			13701.940483	13703.192605			1.0		0.0	2.0					
13707.216	12.679000000000087	trials	6.0	13717.155476000002	13718.677341	13719.558087000001	13719.90175	13716.296932000001	13718.811606000001			1.0	1.0	0.0	3.0					
13722.882	9.738999999999578	trials	6.0	13727.925441000001	13729.613316	13730.536647	13731.239658	13727.265454	13729.839715000002	13731.202	13732.621	1.0	1.0	1.0	1.0					
13734.639	10.239000000001397	trials	6.0	13741.360043	13742.868756000002	13743.652277000001	13744.090182000002	13740.787242	13742.864062			1.0		0.0	2.0					
13747.936	14.300000000001091	trials	6.0	13758.415202	13759.687323000002			13757.632570000002	13759.978072000002			2.0		1.0	1.0					
13764.741	12.293999999999869	trials	6.0	13772.105386000001	13773.764457000001			13771.192935000001	13774.065477			2.0		1.0	1.0					
13779.166	21.320000000001528	trials	6.0	13796.915746	13797.978454			13795.982428000001	13798.460833000001			2.0		1.0	1.0					
13805.061	13.444999999999709	trials	6.0	13812.576359	13813.843038	13817.961678000001	13818.514528000002	13811.920284000002	13814.377195000001			1.0	1.0	0.0	3.0					
13821.322	9.933999999999287	trials	6.0	13827.816079	13829.540665	13830.573465000001	13831.262949000002	13826.977066000001	13829.839057000001			1.0	1.0	0.0	3.0					
13832.922	20.789999999999054	trials	6.0	13849.320874000001	13851.202404000001			13848.619672	13851.543829000002			2.0		1.0	1.0					
13858.222	7.179000000000087	trials	6.0	13861.941050000001	13863.959997000002	13864.760175000001	13865.405724	13861.218383000001	13863.970473000001			1.0	2.0	0.0	3.0					
13868.101	14.234999999998763	trials	6.0	13878.181513000001	13879.280658000001			13877.451449	13880.184328000001			2.0		1.0	1.0					
13884.856	9.200000000000728	trials	6.0	13891.121072000002	13892.054353000001			13890.4999	13892.047866			1.0		0.0	2.0					
13896.102	16.886999999998807	trials	6.0	13909.429342000001	13910.9431			13908.451226000001	13910.933325000002			1.0		0.0	2.0					
13917.001	11.825999999999112	trials	6.0	13924.181908	13925.468772	13926.688182000002	13927.368202000001	13923.625407000001	13925.88153	13927.386	13928.827	1.0	1.0	1.0	1.0					
13932.846	6.325000000000728	trials	6.0	13935.601647000001	13937.393151	13938.510477000002	13939.181031	13934.867395000001	13937.797257000002			1.0	2.0	0.0	3.0					
13942.821	14.085000000000946	trials	6.0	13953.59691	13955.218569	13956.280617	13956.914355	13952.773851000002	13955.566372000001			1.0	1.0	0.0	3.0					
13958.597	21.56500000000051	trials	6.0	13976.356668	13978.163347000002			13975.662025000001	13978.154913			1.0		0.0	2.0					
13984.171	14.07300000000032	trials	6.0	13993.557144	13995.392349000002			13992.708918	13995.797895000002			2.0		1.0	1.0					
14001.687	7.789000000000669	trials	6.0	14006.103258000001	14007.418476			14005.176075000001	14007.412071			1.0		0.0	2.0					
14013.531	17.514999999999418	trials	6.0	14024.67324	14026.361916000002	14030.269981000001	14031.053933000001	14023.951269000001	14026.820602000002			1.0	1.0	0.0	3.0					
14032.601	12.549999999999272	trials	6.0	14039.321877	14040.608569000002	14041.953118000001	14043.132686	14038.445722	14041.369088000001	14042.651	14045.151	1.0	2.0	1.0	1.0					
14047.166	16.33100000000013	trials	6.0	14053.512475000001	14055.494296	14062.969547	14063.504382000001	14052.705292	14055.854524			1.0	1.0	0.0	3.0					
14065.321	8.101000000000568	trials	6.0	14070.088768000001	14071.369051000001	14072.944419000001	14073.102639	14069.33076	14071.363549000002			1.0		0.0	2.0					
14075.431	47.26499999999942	trials	6.0	14118.327027000001	14119.694415000002			14117.796736	14120.67142			2.0		1.0	1.0					
14126.296	9.375	trials	6.0	14131.233069000002	14133.082498000002			14130.641362	14133.417247000001			2.0		1.0	1.0					
14139.126	9.235000000000582	trials	6.0	14144.428255	14146.360131000001			14143.441929	14146.356639000001			2.0		0.0	2.0					
14150.372	19.144000000000233	trials	6.0	14164.71419	14166.723363000001			14164.199361	14167.380219			2.0		1.0	1.0					
14174.075	10.21599999999853	trials	6.0	14179.058043	14180.469768	14181.566143000002	14182.460823000001	14178.429970000001	14180.900164	14182.171	14184.291	1.0	2.0	1.0	1.0					
14188.351	10.354999999999563	trials	6.0	14192.96449	14194.784398000002	14196.049056000002	14197.024477	14192.439612000002	14195.334303000001	14196.747	14198.706	1.0	2.0	1.0	1.0					
14201.731	10.604999999999563	trials	6.0	14208.563289000002	14210.275006000002	14211.089064000002	14211.509844	14207.752552000002	14210.269108			1.0		0.0	2.0					
14215.346	14.800000000001091	trials	6.0	14226.803643000001	14228.192205000001	14229.346893000002	14230.156837	14226.016719000001	14228.672190000001			1.0	2.0	0.0	3.0					
14232.653	14.288000000000466	trials	6.0	14242.282806000001	14243.629714	14244.771172	14245.400592000002	14241.725315000002	14244.103726000001	14245.441	14246.941	1.0	1.0	1.0	1.0					
14249.957	12.704999999999927	trials	6.0	14257.518453	14259.116569000002			14256.844674000002	14259.942496000001			2.0		1.0	1.0					
14265.138	8.143000000000029	trials	6.0	14269.667688000001	14271.59509	14272.686133000001	14273.290951	14269.145905000001	14271.993024000001			1.0	1.0	0.0	3.0					
14276.062	20.144000000000233	trials	6.0	14291.185179	14292.255980000002	14293.720237000001	14294.709991000002	14290.554070000002	14293.139350000001	14294.372	14296.206	1.0	2.0	1.0	1.0					
14300.224	52.62700000000041	trials	6.0	14350.408786	14351.435856	14352.25329	14352.862503	14349.433606	14351.521309000002			1.0	2.0	0.0	3.0					
14354.586	23.56000000000131	trials	6.0	14374.698536000002	14376.151972000001	14377.045795000002	14377.164592000001	14373.852112	14376.139620000002			1.0		0.0	2.0					
14381.166	20.30500000000029	trials	6.0	14395.403905000001	14396.989093	14398.366462000002	14399.357782000001	14394.574981000002	14397.679365	14399.106	14401.471	1.0	2.0	1.0	1.0					
14403.529	9.231999999999971	trials	6.0	14409.639282	14410.710745			14408.707332000002	14410.707475000001			1.0		0.0	2.0					
14414.776	17.175999999999476	trials	6.0	14425.014527000001	14426.352445	14431.33263	14431.961425000001	14424.097411	14426.818002			1.0	1.0	0.0	3.0					
14435.651	19.47099999999955	trials	6.0	14451.623743	14453.370759000001	14454.452296000001	14455.128372000001	14450.896989	14453.74437			1.0	2.0	0.0	3.0					
14457.766	17.006000000001222	trials	6.0	14471.716067000001	14472.940443000001	14474.152512	14474.782825000002	14470.753771000002	14473.371096			1.0	1.0	0.0	3.0					
14476.461	25.400000000001455	trials	6.0	14497.539522000001	14499.262686000002			14496.716331000001	14499.761062000001			2.0		1.0	1.0					
14506.372	16.60900000000038	trials	6.0	14518.790122000002	14520.222116			14518.175385	14520.965779000002			2.0		1.0	1.0					
14525.511	17.360999999998967	trials	6.0	14537.789799000002	14539.474381	14540.334763	14541.184907	14537.145532	14539.651145000002	14541.056	14542.872	1.0	2.0	1.0	1.0					
14544.901	25.395000000000437	trials	6.0	14566.829752000001	14568.271789000002	14569.382205000002	14570.308641000001	14566.248181	14568.696916			1.0	2.0	0.0	3.0					
14571.686	23.860000000000582	trials	6.0	14591.249847000001	14592.651682000002	14594.981580000001	14595.558250000002	14590.323874000002	14592.993250000001			1.0	2.0	0.0	3.0					
14599.343	23.292999999999665	trials	6.0	14617.825834000001	14619.796648000001			14617.009281	14620.345727000002			2.0		1.0	1.0					
14626.094	8.597000000001572	trials	6.0	14631.030421000001	14633.082035000001	14634.096508	14634.704245	14630.317647000002	14633.377337000002			1.0	1.0	0.0	3.0					
14636.406	18.39099999999962	trials	6.0	14651.566197	14652.737176			14650.602015	14652.732169			1.0		0.0	2.0					
14657.853	17.968000000000757	trials	6.0	14669.405731	14671.30225	14672.700205000001	14673.837925000002	14668.843624000001	14672.039374	14673.446	14675.821	1.0	2.0	1.0	1.0					
14678.881	9.770000000000437	trials	6.0	14684.565776000001	14686.127155000002	14688.111535	14688.662694	14683.690458000001	14686.899669000002			1.0	1.0	0.0	3.0					
14691.431	14.33599999999933	trials	6.0	14702.373150000001	14703.542136	14705.100417000001	14705.776423000001	14701.770829000001	14704.328986			1.0	2.0	0.0	3.0					
14708.462	24.129000000000815	trials	6.0	14725.755826	14726.973394	14731.705417000001	14732.601486000001	14724.853642000002	14727.475884000001			1.0	1.0	0.0	3.0					
14736.041	8.802000000001499	trials	6.0	14741.085420000001	14742.752317			14740.082752000002	14742.745763			1.0		0.0	2.0					
14746.896	21.554000000000087	trials	6.0	14764.355865000001	14765.937802			14763.800914000001	14766.356167000002			2.0		1.0	1.0					
14771.976	8.834999999999127	trials	6.0	14777.070781000002	14778.764304			14776.544454	14778.755635000001			1.0		0.0	2.0					
14784.866	15.020000000000437	trials	6.0	14793.451459000002	14794.595451000001	14797.218653000002	14798.051004	14792.669872	14796.524104	14797.956	14799.886	1.0	2.0	1.0	1.0					
14801.948	10.253999999998996	trials	6.0	14806.981557000001	14809.395049			14806.412322	14809.903970000001			2.0		1.0	1.0					
14816.707	13.119999999998981	trials	6.0	14824.846855000002	14826.413107	14827.527228	14828.414035000002	14824.023307000001	14826.877468	14828.372	14829.827	1.0	1.0	1.0	1.0					
14831.851	10.395999999998821	trials	6.0	14837.956338	14839.952971			14837.040999	14840.205160000001			2.0		1.0	1.0					
14846.781	7.09099999999853	trials	6.0	14850.165892	14852.175522000001	14853.287655	14853.883090000001	14849.458378000001	14852.612260000002			1.0	1.0	0.0	3.0					
14856.596	21.17500000000109	trials	6.0	14870.256149	14872.091146	14876.908177000001	14877.783274000001	14869.298436000001	14872.465609			1.0	1.0	0.0	3.0					
14881.223	9.753000000000611	trials	6.0	14884.916083	14886.220035000002	14887.691093000001	14888.91631	14884.125216	14886.832374000001	14888.366	14890.976	1.0	2.0	1.0	1.0					
14894.041	8.020000000000437	trials	6.0	14898.741801	14900.187771	14901.177274000001	14902.074991000001	14897.837848000001	14900.457073000001			1.0	2.0	0.0	3.0					
14905.491	17.96600000000035	trials	6.0	14919.646960000002	14921.419924000002	14922.505705000001	14922.9793	14919.112717	14921.414386			1.0		0.0	2.0					
14927.471	81.57600000000093	trials	6.0	15006.218766000002	15007.053207			15005.405053	15007.041847			1.0		0.0	2.0					
15011.064	21.027000000000044	trials	6.0	15029.022628	15030.538983	15031.565928	15032.1034	15028.245121	15030.926349000001			1.0	1.0	0.0	3.0					
15034.886	13.40099999999984	trials	6.0	15045.403374000001	15046.754098000001	15047.780692	15048.299997000002	15044.859888	15047.143807			1.0	2.0	0.0	3.0					
15051.086	24.204999999999927	trials	6.0	15071.167690000002	15072.789979000001			15070.636489	15073.280745			2.0		1.0	1.0					
15077.891	10.975000000000364	trials	6.0	15085.667850000002	15087.14962	15088.337314	15088.879368000002	15084.796593000001	15087.56241			1.0	1.0	0.0	3.0					
15090.662	15.918999999999869	trials	6.0	15102.733110000001	15104.30946	15106.092231	15106.595733000002	15102.029619	15105.065938000002			1.0	2.0	0.0	3.0					
15108.396	18.72599999999875	trials	6.0	15120.764186	15121.974997000001	15124.336404000001	15125.168487	15120.193054000001	15123.005248000001	15125.116	15127.122	1.0	2.0	1.0	1.0					
15130.196	7.625	trials	6.0	15134.554642000001	15136.114678000002	15137.418588	15137.832454000001	15134.02157	15136.668271			1.0	1.0	0.0	3.0					
15140.726	18.389999999999418	trials	6.0	15154.823385000002	15156.564891000002			15154.099869000001	15156.962715000001			2.0		1.0	1.0					
15161.598	12.118000000000393	trials	6.0	15168.363645000001	15170.008603000002	15171.057511	15172.121610000002	15167.720467000001	15170.438470000001	15171.841	15173.716	1.0	2.0	1.0	1.0					
15176.801	12.792999999999665	trials	6.0	15183.558275000001	15184.92511	15188.829625000002	15189.609274	15182.705274	15185.588490000002			1.0	1.0	0.0	3.0					
15193.156	34.19499999999971	trials	6.0	15220.398262	15221.811810000001	15226.73724	15227.363616	15219.490702000001	15222.158517000002			1.0	1.0	0.0	3.0					
15230.056	19.24499999999898	trials	6.0	15244.533405000002	15246.301393000002			15243.985495	15247.293637			2.0		1.0	1.0					
15253.813	5.608000000000175	trials	6.0	15256.278726	15257.587232000002	15258.547545000001	15259.433772	15255.610589000002	15257.846527000002			1.0	2.0	0.0	3.0					
15261.876	11.245999999999185	trials	6.0	15269.783313000002	15271.474561	15272.523391	15273.137464000001	15269.133093	15271.782493			1.0	2.0	0.0	3.0					
15274.831	21.83100000000013	trials	6.0	15293.104468000001	15294.704398000002	15296.077597000001	15296.676237000001	15292.252134000002	15295.338021000001			1.0	2.0	0.0	3.0					
15298.395	66.58100000000013	trials	6.0	15360.909797	15362.464026			15359.952	15362.894809			2.0		1.0	1.0					
15367.535	10.435999999999694	trials	6.0	15373.206533	15374.482816	15375.677706	15376.438782	15372.224671	15374.923141	15376.401	15377.971	1.0	1.0	1.0	1.0					
15381.991	9.725000000000364	trials	6.0	15387.994774	15389.930538999999	15391.102692	15391.717023	15387.469337	15390.430228			1.0	1.0	0.0	3.0					
15394.426	19.034999999999854	trials	6.0	15408.408886	15409.479688	15410.909583999999	15411.859095	15407.479833	15410.177614	15411.662	15413.461	1.0	2.0	1.0	1.0					
15417.526	10.069999999999709	trials	6.0	15422.320324	15423.371745	15424.79271	15425.874705	15421.377445	15424.121299	15425.481	15427.596	1.0	2.0	1.0	1.0					
15429.666	11.950000000000728	trials	6.0	15437.695375	15439.102152			15436.908535	15439.484562			2.0		1.0	1.0					
15445.181	11.520999999998821	trials	6.0	15451.480365	15453.041056	15454.211305	15455.129796	15450.52074	15453.381163	15455.006	15456.702	1.0	2.0	1.0	1.0					
15460.811	11.274999999999636	trials	6.0	15467.310624	15469.329784			15466.612018	15469.953934			2.0		1.0	1.0					
15476.608	8.82799999999952	trials	6.0	15481.961157	15483.382771	15484.677226	15485.43714	15481.23903	15483.890329			1.0	2.0	0.0	3.0					
15489.035	16.612999999999374	trials	6.0	15502.145878	15503.594472			15501.571681	15503.589073			1.0		0.0	2.0					
15507.702	12.929000000000087	trials	6.0	15515.832817	15517.584151			15514.841253999999	15518.537923			2.0		1.0	1.0					
15525.151	6.915000000000873	trials	6.0	15529.377414999999	15530.003997			15528.847848	15530.000727			1.0		0.0	2.0					
15534.072	45.80899999999929	trials	6.0	15573.685826	15575.669349	15579.411076	15579.884007	15572.742424	15575.845792			1.0	1.0	0.0	3.0					
15581.755	11.561000000001513	trials	6.0	15588.921659	15590.802757			15588.074787	15591.073866			2.0		1.0	1.0					
15596.881	12.781000000000859	trials	6.0	15606.145915	15607.598389	15608.413097999999	15608.91112	15605.224306	15607.591351			1.0		0.0	2.0					
15612.707	24.068999999999505	trials	6.0	15631.00687	15632.172991	15634.689515	15635.358301	15630.46793	15634.067507	15635.412	15636.776	1.0	2.0	1.0	1.0					
15639.848	8.028000000000247	trials	6.0	15644.266777	15645.819102	15646.529454	15646.918818	15643.555311	15645.806382			1.0		0.0	2.0					
15650.901	16.985000000000582	trials	6.0	15662.811402	15664.579795	15665.434692	15666.292734	15662.191231	15664.639968	15666.156	15667.886	1.0	2.0	1.0	1.0					
15669.946	9.300999999999476	trials	6.0	15675.531394	15677.093426	15678.662418	15679.245918999999	15674.94359	15677.865753			1.0	1.0	0.0	3.0					
15681.031	17.528999999998632	trials	6.0	15695.156539	15696.756105	15697.505412	15698.459209	15694.494351	15696.791997			1.0	2.0	1.0	1.0					
15703.133	14.32799999999952	trials	6.0	15713.152033	15714.706444			15712.195465	15715.348054			2.0		1.0	1.0					
15722.004	31.891999999999825	trials	6.0	15750.197226	15751.91598	15753.133555	15753.897655	15749.642776	15752.481778			1.0	2.0	0.0	3.0					
15755.452	13.354000000001179	trials	6.0	15763.969962	15765.132376	15766.379056	15767.212051	15763.401689	15765.555901	15767.031	15768.806	1.0	1.0	1.0	1.0					
15771.836	12.411000000000058	trials	6.0	15779.032419	15781.009696			15778.349499	15781.556659	15783.876	15784.247	2.0		1.0	1.0					
15787.271	7.635000000000218	trials	6.0	15791.808186	15792.981475	15794.395761	15794.910994	15791.289432	15793.730734			1.0	2.0	0.0	3.0					
15796.711	19.865999999999985	trials	6.0	15812.157165999999	15813.813957			15811.423465	15814.345774			2.0		1.0	1.0					
15819.116	27.889999999999418	trials	6.0	15841.442116	15843.304216	15844.415868	15845.384554	15840.765956	15843.751806	15845.202	15847.006	1.0	2.0	1.0	1.0					
15850.026	10.965000000000146	trials	6.0	15857.833806999999	15858.920755	15859.848185	15860.04354	15856.884103	15858.913339			1.0		0.0	2.0					
15865.006	12.895000000000437	trials	6.0	15874.408849	15875.581501	15877.253531	15877.90584	15873.631972	15876.521461			1.0	2.0	0.0	3.0					
15879.577	13.125	trials	6.0	15889.428106	15891.059368	15892.061758	15892.7052	15888.769835	15891.382798999999			1.0	1.0	0.0	3.0					
15895.376	36.340000000000146	trials	6.0	15924.452315999999	15926.09021	15930.766689	15931.311037	15923.899255	15926.925949			1.0	1.0	0.0	3.0					
15934.436	9.950000000000728	trials	6.0	15941.084907	15942.862695	15943.839994	15944.391685	15940.442923999999	15943.224575			1.0	1.0	0.0	3.0					
15948.211	11.911000000000058	trials	6.0	15956.853327	15958.069977			15955.861006	15958.066543			1.0		0.0	2.0					
15964.162	12.459999999999127	trials	6.0	15972.515022	15974.058371			15971.969955	15974.54416			2.0		1.0	1.0					
15981.126	9.5049999999992	trials	6.0	15987.419719	15988.550169	15989.895216	15990.636955	15986.801412	15989.17396			1.0	2.0	0.0	3.0					
15993.226	15.805000000000291	trials	6.0	16005.99794	16007.628949	16008.428684	16009.035381	16005.299281	16007.747746			1.0	1.0	0.0	3.0					
16012.741	34.04999999999927	trials	6.0	16043.29902	16044.794411	16046.220396	16046.7955	16042.736968	16045.508017			1.0	1.0	0.0	3.0					
16049.541	17.411000000000058	trials	6.0	16063.085307	16064.365378			16062.337552	16064.788738			2.0		1.0	1.0					
16069.393	9.528000000000247	trials	6.0	16075.882675	16077.006899	16078.395709	16078.92435	16075.281498	16077.446005			1.0	1.0	0.0	3.0					
16080.747	15.274000000001251	trials	6.0	16091.64859	16093.509861999999			16091.082055	16093.995256			2.0		1.0	1.0					
16100.561	5.835000000000946	trials	6.0	16103.328829	16104.672093	16105.896367	16106.402434	16102.635975	16105.176752			1.0	2.0	0.0	3.0					
16109.257	17.394000000000233	trials	6.0	16122.335227	16123.605816			16121.780617	16124.600206			2.0		1.0	1.0					
16130.176	10.515999999999622	trials	6.0	16137.635134	16139.285577	16140.308887	16140.679893	16136.747503	16139.585136			1.0	1.0	0.0	3.0					
16144.641	15.880000000001019	trials	6.0	16155.264568	16157.256739			16154.645445	16158.352255			2.0		1.0	1.0					
16165.086	5.725000000000364	trials	6.0	16167.828739	16169.165758	16170.382776	16170.816781	16167.16735	16169.710063			1.0	1.0	0.0	3.0					
16172.719	19.707000000000335	trials	6.0	16188.854326	16190.024202	16191.836026	16192.429374	16188.17171	16191.198616			1.0	2.0	0.0	3.0					
16194.158	17.31800000000112	trials	6.0	16208.319619	16209.427018			16207.423016	16209.420712			1.0		0.0	2.0					
16215.486	21.18499999999949	trials	6.0	16229.659618	16231.136532	16236.051309	16236.675443	16229.05033	16232.463767			1.0	1.0	0.0	3.0					
16239.405	16.29699999999866	trials	6.0	16249.024498	16250.450194	16253.129313	16254.055182	16248.378355	16252.335366	16253.976	16255.702	1.0	2.0	1.0	1.0					
16257.722	11.699000000000524	trials	6.0	16265.836801	16267.245339	16268.762801	16269.427789	16264.95976	16268.06224			1.0	2.0	0.0	3.0					
16273.077	22.14900000000125	trials	6.0	16288.825255	16290.635025	16294.739431	16295.233413	16287.991654	16290.870294			1.0	1.0	0.0	3.0					
16297.071	16.659999999999854	trials	6.0	16310.749855	16312.416667	16313.161012	16313.739321	16310.037801	16312.437487			1.0	1.0	0.0	3.0					
16315.491	29.248999999999796	trials	6.0	16340.390159999999	16342.184001			16339.805326	16342.650357			2.0		1.0	1.0					
16347.231	12.890999999999622	trials	6.0	16351.961844	16353.269605	16359.762765	16360.131156	16351.369198	16353.758914			1.0	2.0	0.0	3.0					
16363.09	27.76599999999962	trials	6.0	16387.422348	16389.305634	16390.311290999998	16390.861323	16386.750783	16389.598435			1.0	1.0	0.0	3.0					
16394.671	21.150000000001455	trials	6.0	16412.227045	16413.820972	16414.729378	16415.066087	16411.575634	16413.812824			1.0		0.0	2.0					
16419.841	18.445999999999913	trials	6.0	16430.631909	16431.966349	16437.547881	16438.296202	16429.829449	16432.311804			1.0	1.0	0.0	3.0					
16440.876	57.07999999999811	trials	6.0	16492.301466	16494.052456	16494.796944	16495.477638	16491.544158	16494.041991	16495.551	16497.956	1.0	2.0	1.0	1.0					
16500.977	9.129000000000815	trials	6.0	16505.382334	16507.346539			16504.469587	16507.901089			2.0		1.0	1.0					
16513.662	9.633999999998196	trials	6.0	16517.896464	16518.964893	16520.338933	16521.336783	16517.338735	16519.614333999998	16521.226	16523.296	1.0	2.0	1.0	1.0					
16525.319	10.511999999998807	trials	6.0	16532.280928	16534.081671	16535.09203	16535.840965	16531.349546	16534.382154			1.0	2.0	0.0	3.0					
16539.407	10.96900000000096	trials	6.0	16547.366508	16548.314019			16546.381475	16548.301398			1.0		0.0	2.0					
16554.426	15.744999999998981	trials	6.0	16562.088223	16563.813186	16569.306328	16570.177735	16561.138893	16564.354996000002			1.0	1.0	0.0	3.0					
16571.681	10.5099999999984	trials	6.0	16578.486787	16580.187919	16580.898018	16581.526098	16577.552616	16580.174338			1.0		0.0	2.0					
16585.202	14.593999999997322	trials	6.0	16595.291327	16596.786399			16594.668697	16597.559628			2.0		1.0	1.0					
16603.329	6.636999999998807	trials	6.0	16607.277114	16607.965347			16606.734078	16607.959126			1.0		0.0	2.0					
16612.977	17.05500000000029	trials	6.0	16626.701775	16628.385589	16629.394822	16630.037748	16625.868303	16628.693784			1.0	1.0	0.0	3.0					
16633.721	13.209999999999127	trials	6.0	16643.571675	16645.094746	16646.43286	16646.940309	16642.865441	16645.632364			1.0	1.0	0.0	3.0					
16650.751	16.00500000000102	trials	6.0	16663.072491	16664.694528	16665.500227	16665.963312	16662.364998	16664.686879			1.0		0.0	2.0					
16669.772	22.48400000000038	trials	6.0	16688.86699	16690.236364	16691.696691	16692.262197	16688.14016	16691.046124			1.0	2.0	0.0	3.0					
16696.049	18.141999999999825	trials	6.0	16710.472632	16712.190051999998			16709.81703	16712.184276			1.0		0.0	2.0					
16716.198	19.177999999999884	trials	6.0	16729.892721	16731.056902	16732.658719	16733.532624	16729.148452	16731.962188	16733.497	16735.376	1.0	2.0	1.0	1.0					
16739.394	7.081999999998516	trials	6.0	16743.537102	16744.988475	16745.722408	16746.486756	16742.861671	16745.011119			1.0	2.0	0.0	3.0					
16748.041	18.395000000000437	trials	6.0	16762.784193	16763.885705			16762.136524	16764.356239			2.0		1.0	1.0					
16768.966	12.31499999999869	trials	6.0	16775.482624	16776.563839	16778.453755	16779.450995	16774.632244	16777.701387	16779.271	16781.281	1.0	2.0	1.0	1.0					
16785.306	9.029999999998836	trials	6.0	16790.803435	16792.749134	16793.788707	16794.345719	16790.12313	16793.129874			1.0	2.0	0.0	3.0					
16798.129	18.147000000000844	trials	6.0	16812.103918	16813.482637			16811.350197	16814.13432			2.0		1.0	1.0					
16818.771	11.364999999997963	trials	6.0	16825.174854	16826.508384	16827.607742	16828.634683	16824.34902	16826.977342	16828.441	16830.136	1.0	2.0	1.0	1.0					
16833.156	11.006000000001222	trials	6.0	16838.843649	16840.13391	16841.487807	16842.462216	16837.874701	16840.838494	16842.261	16844.162	1.0	2.0	1.0	1.0					
16847.224	10.907000000002881	trials	6.0	16852.768881	16854.454902	16855.458832	16856.342119	16852.043064999998	16854.767228	16856.071	16858.131	1.0	2.0	1.0	1.0					
16861.186	11.549999999999272	trials	6.0	16867.238181	16869.102885	16870.104027	16871.138218	16866.283626	16869.416386	16870.886	16872.736	1.0	2.0	1.0	1.0					
16874.781	10.280000000002474	trials	6.0	16882.108492	16883.145181	16884.155065	16885.070821	16881.310372	16883.538865			1.0	2.0	0.0	3.0					
16886.505	18.54099999999744	trials	6.0	16900.820814	16902.537406			16900.287984	16902.978835			2.0		1.0	1.0					
16907.561	10.555999999996857	trials	6.0	16914.12346	16916.066254			16913.354892	16916.05753			1.0		0.0	2.0					
16920.126	13.473999999998341	trials	6.0	16929.139931	16930.542561			16928.360533	16931.310486			2.0		1.0	1.0					
16937.113	10.402999999998428	trials	6.0	16942.719375	16944.137235	16945.414947	16946.098716	16941.916588	16944.693431	16946.136	16947.516	1.0	1.0	1.0	1.0					
16950.551	12.770000000000437	trials	6.0	16958.564676	16959.770526			16957.839379	16961.25651			2.0		1.0	1.0					
16965.801	10.643000000000029	trials	6.0	16973.35912	16974.848341	16975.803384	16976.454243	16972.804578	16975.092073			1.0	2.0	0.0	3.0					
16978.116	66.42999999999665	trials	6.0	17038.661	17039.866	17041.606	17042.931	17038.101	17040.896	17042.356	17044.546	1.0	2.0	1.0	1.0					
17047.561	9.560999999997875	trials	6.0	17053.476	17055.116			17052.881	17055.106			1.0		0.0	2.0					
17061.145	14.84100000000035	trials	6.0	17070.412	17072.287	17073.331	17074.206	17069.791	17072.641	17074.101	17075.986	1.0	2.0	1.0	1.0					
17080.058	917.6579999999994	BlockDesign														1.0	948.0	1002.0	90.0	50.0
17080.058	7.878000000000611	trials	7.0	17083.287	17085.351			17082.721	17085.801			2.0		1.0	1.0					
17091.441	9.940000000002328	trials	7.0	17096.883	17098.156	17099.301	17099.961	17096.151	17098.611	17099.952	17101.381	1.0	1.0	1.0	1.0					
17104.452	10.968999999997322	trials	7.0	17111.221	17112.396	17113.206	17113.896	17110.577	17112.546	17114.056	17115.421	1.0	1.0	1.0	1.0					
17119.461	8.360000000000582	trials	7.0	17124.268	17125.617	17127.126	17127.821	17123.521	17126.026			1.0	2.0	0.0	3.0					
17130.497	12.0	trials	7.0	17138.261	17139.956			17137.731	17140.341			2.0		1.0	1.0					
17146.022	14.423999999999069	trials	7.0	17151.501	17153.191	17157.776	17158.836	17150.662	17153.716	17158.461	17160.446	1.0	1.0	1.0	1.0					
17163.466	10.070999999999913	trials	7.0	17168.831	17170.461			17168.051	17171.361			2.0		1.0	1.0					
17177.981	11.779999999998836	trials	7.0	17185.296	17187.066			17184.351	17187.686			2.0		1.0	1.0					
17194.276	10.008999999998196	trials	7.0	17201.216	17202.211			17200.281	17202.186			1.0		0.0	2.0					
17206.293	14.667999999997846	trials	7.0	17215.792	17217.736	17218.446	17219.506	17215.171	17217.851	17219.276	17220.961	1.0	1.0	1.0	1.0					
17222.991	10.96099999999933	trials	7.0	17228.803	17230.816	17231.791	17232.447	17227.872	17227.887	17232.491	17233.952	1.0	1.0	1.0	1.0					
17237.976	9.325000000000728	trials	7.0	17241.936	17243.831	17244.872	17245.626	17241.241	17244.241	17245.662	17247.301	1.0	1.0	1.0	1.0					
17249.327	9.473999999998341	trials	7.0	17253.706	17255.561	17256.077	17256.886	17253.056	17253.096	17256.776	17258.801	1.0	1.0	1.0	1.0					
17260.827	13.484000000000378	trials	7.0	17270.952	17272.301			17270.151	17272.287			1.0		0.0	2.0					
17276.336	11.741000000001804	trials	7.0	17283.003	17284.791			17282.401	17285.861			2.0		1.0	1.0					
17290.601	10.715000000000146	trials	7.0	17295.926	17297.843	17298.931	17299.787	17295.366	17298.281	17299.801	17301.316	1.0	2.0	1.0	1.0					
17304.376	8.985000000000582	trials	7.0	17309.836	17311.301			17309.211	17311.291			1.0		0.0	2.0					
17317.377	15.309000000001106	trials	7.0	17327.516	17329.506	17330.497	17331.247	17326.986	17329.891	17331.327	17332.686	1.0	2.0	1.0	1.0					
17334.756	15.485999999997148	trials	7.0	17345.476	17347.156	17348.021	17348.691	17344.491	17347.471	17348.652	17350.242	1.0	1.0	1.0	1.0					
17353.256	13.204999999998108	trials	7.0	17363.811	17365.026	17365.876	17366.461	17362.861	17365.287			1.0	1.0	0.0	3.0					
17369.246	19.610000000000582	trials	7.0	17385.756	17386.851			17384.811	17386.841			1.0		0.0	2.0					
17391.911	8.075000000000728	trials	7.0	17397.386	17398.651	17399.311	17399.986	17396.636	17398.691			1.0	2.0	0.0	3.0					
17401.676	29.61999999999898	trials	7.0	17426.501	17427.981			17425.941	17429.111			2.0		1.0	1.0					
17433.751	7.540000000000873	trials	7.0	17436.482	17438.356	17439.111	17439.916	17435.931	17438.426	17439.936	17441.291	1.0	1.0	1.0	1.0					
17445.364	18.276999999998225	trials	7.0	17453.279	17454.526	17460.116	17460.984	17452.591	17455.611	17460.801	17463.641	1.0	1.0	1.0	1.0					
17467.701	11.21099999999933	trials	7.0	17474.244	17475.884	17476.586	17477.471	17473.376	17475.96	17477.231	17478.912	1.0	2.0	1.0	1.0					
17481.971	11.044999999998254	trials	7.0	17488.561	17490.287			17487.886	17490.791			2.0		1.0	1.0					
17497.546	9.190000000002328	trials	7.0	17502.872	17504.731			17502.226	17504.721			1.0		0.0	2.0					
17509.791	10.344999999997526	trials	7.0	17515.196	17516.616	17517.776	17518.571	17514.491	17517.186	17518.626	17520.136	1.0	1.0	1.0	1.0					
17522.196	10.180000000000291	trials	7.0	17527.73	17529.026	17530.131	17530.916	17527.046	17529.541	17530.841	17532.376	1.0	1.0	1.0	1.0					
17534.431	11.5099999999984	trials	7.0	17541.327	17542.406			17540.631	17543.341			2.0		1.0	1.0					
17548.521	11.854999999999563	trials	7.0	17555.986	17557.377			17555.176	17558.271			2.0		1.0	1.0					
17562.841	8.729999999999563	trials	7.0	17567.075	17568.666	17569.194	17570.016	17566.381	17568.666	17569.872	17571.571	1.0	1.0	1.0	1.0					
17573.591	14.516999999999825	trials	7.0	17583.636	17584.731	17585.676	17586.646	17583.056	17585.146	17586.466	17588.108	1.0	1.0	1.0	1.0					
17592.126	11.25	trials	7.0	17599.061	17600.916			17598.111	17601.311			2.0		1.0	1.0					
17605.955	14.840999999996711	trials	7.0	17615.423	17617.466	17618.221	17619.251	17614.801	17617.676	17619.091	17620.796	1.0	1.0	1.0	1.0					
17623.816	11.545000000001892	trials	7.0	17630.851	17632.037			17630.202	17632.711			2.0		0.0	4.0					
17639.372	13.173999999999069	trials	7.0	17648.972	17650.504			17648.421	17650.461			1.0		0.0	2.0					
17655.601	16.04500000000189	trials	7.0	17667.056	17668.696	17669.234	17670.216	17666.256	17668.696	17670.016	17671.646	1.0	1.0	1.0	1.0					
17673.756	8.544999999998254	trials	7.0	17679.186	17680.356	17681.521	17682.301	17678.497	17680.881			1.0	2.0	0.0	3.0					
17684.936	12.604999999999563	trials	7.0	17692.601	17693.808	17695.125	17696.126	17691.981	17694.501	17695.836	17697.541	1.0	2.0	1.0	1.0					
17700.606	9.380000000001019	trials	7.0	17705.306	17706.851	17707.676	17708.526	17704.756	17707.056	17708.386	17709.986	1.0	1.0	1.0	1.0					
17714.076	8.1349999999984	trials	7.0	17717.456	17718.787	17719.801	17720.702	17716.686	17719.266	17720.486	17722.211	1.0	1.0	1.0	1.0					
17725.272	22.099999999998545	trials	7.0	17740.991	17742.936	17744.211	17745.162	17740.351	17743.601	17744.952	17747.372	1.0	2.0	1.0	1.0					
17749.442	11.439000000002125	trials	7.0	17756.011	17757.571	17758.476	17759.391	17755.026	17757.912	17759.151	17760.881	1.0	1.0	1.0	1.0					
17763.947	36.215000000000146	trials	7.0	17794.906	17796.331	17797.537	17798.586	17794.291	17796.991	17798.341	17800.162	1.0	1.0	1.0	1.0					
17802.231	14.744999999998981	trials	7.0	17807.19	17808.466	17814.491	17815.501	17806.375	17809.791	17815.271	17816.976	1.0	1.0	1.0	1.0					
17820.997	10.790000000000873	trials	7.0	17827.646	17829.386			17827.086	17829.372			1.0		0.0	2.0					
17835.412	23.754000000000815	trials	7.0	17854.116	17855.896			17853.452	17856.761			2.0		1.0	1.0					
17863.776	6.044999999998254	trials	7.0	17866.308	17867.816			17865.731	17867.806			1.0		0.0	2.0					
17873.876	7.2150000000001455	trials	7.0	17878.352	17879.706	17880.431	17881.091	17877.516	17879.827			1.0	1.0	0.0	3.0					
17883.757	52.388999999999214	trials	7.0	17932.051	17933.222	17934.056	17934.787	17931.291	17933.501	17934.771	17936.146	1.0	1.0	1.0	1.0					
17938.207	7.679000000000087	trials	7.0	17942.499	17943.851			17941.886	17941.901			1.0		0.0	2.0					
17947.897	24.15899999999965	trials	7.0	17968.952	17970.051			17968.264	17970.041			1.0		0.0	2.0					
17975.111	22.604999999999563	trials	7.0	17991.89	17993.531	17994.441	17995.366	17991.101	17993.796	17995.306	17997.716	1.0	1.0	1.0	1.0					
18000.806	1185.4650000000001	BlockDesign														0.0	1003.0	1070.0	50.0	90.0
18000.806	5.805000000000291	trials	8.0	18003.556	18004.741	18006.031	18006.611	18002.966	18005.416			1.0	1.0	0.0	3.0					
18009.366	18.53399999999965	trials	8.0	18023.327	18024.627			18022.811	18025.763			2.0		1.0	1.0					
18032.431	8.43500000000131	trials	8.0	18036.926	18038.111	18039.711	18040.531	18036.321	18038.997			1.0	2.0	1.0	1.0					
18045.316	12.480999999999767	trials	8.0	18052.006	18053.622	18055.146	18055.986	18051.281	18054.497	18055.891	18057.797	1.0	2.0	1.0	1.0					
18061.556	8.950000000000728	trials	8.0	18065.501	18066.726	18068.106	18068.931	18064.921	18067.416	18068.921	18070.506	1.0	1.0	1.0	1.0					
18072.567	11.204000000001543	trials	8.0	18079.691	18080.952			18078.736	18081.581			2.0		1.0	1.0					
18087.317	10.510000000002037	trials	8.0	18093.156	18094.266	18095.456	18096.226	18092.226	18094.886	18096.111	18097.827	1.0	1.0	1.0	1.0					
18099.891	23.825000000000728	trials	8.0	18119.021	18120.231	18121.131	18121.816	18118.171	18120.491	18121.946	18123.716	1.0	2.0	1.0	1.0					
18127.736	9.510999999998603	trials	8.0	18132.396	18134.116	18134.772	18135.606	18131.466	18134.116	18135.486	18137.247	1.0	1.0	1.0	1.0					
18139.316	10.061000000001513	trials	8.0	18145.616	18147.321			18144.636	18147.311			1.0		0.0	2.0					
18151.431	11.480999999999767	trials	8.0	18158.031	18159.936			18157.416	18160.676			2.0		1.0	1.0					
18166.482	8.35399999999936	trials	8.0	18169.716	18171.641			18168.734	18172.706			2.0		1.0	1.0					
18177.401	22.764999999999418	trials	8.0	18197.108	18198.16			18196.396	18198.096			1.0		0.0	2.0					
18203.172	6.744000000002416	trials	8.0	18207.111	18208.412	18209.202	18209.916	18206.331	18208.631			1.0	1.0	0.0	3.0					
18212.531	32.205000000001746	trials	8.0	18241.463	18242.731			18240.466	18242.721			1.0		0.0	2.0					
18246.746	68.0010000000002	trials	8.0	18311.983	18313.331	18314.331	18314.747	18311.221	18313.736			1.0	1.0	0.0	3.0					
18316.662	27.5	trials	8.0	18338.811	18340.597	18341.452	18342.202	18338.026	18340.827	18342.191	18344.162	1.0	2.0	1.0	1.0					
18348.181	7.730999999999767	trials	8.0	18351.6	18353.376			18350.896	18353.776			2.0		1.0	1.0					
18358.431	21.89600000000064	trials	8.0	18377.412	18378.327			18376.441	18376.481			1.0		0.0	2.0					
18383.336	9.084999999999127	trials	8.0	18389.631	18390.811	18391.776	18392.421	18388.881	18391.186			1.0	1.0	0.0	3.0					
18396.141	9.81499999999869	trials	8.0	18401.295	18402.941			18400.741	18403.726			2.0		1.0	1.0					
18410.569	18.207000000002154	trials	8.0	18423.468	18425.456	18426.401	18427.247	18422.801	18425.726	18427.071	18428.776	1.0	2.0	1.0	1.0					
18431.841	16.715000000000146	trials	8.0	18445.336	18446.941	18447.866	18448.556	18444.561	18447.271			1.0	1.0	0.0	3.0					
18450.197	13.348999999998341	trials	8.0	18460.195	18461.541			18459.296	18461.531			1.0		0.0	2.0					
18467.601	26.575000000000728	trials	8.0	18491.047	18492.327	18493.666	18494.176	18490.101	18493.001			1.0	1.0	0.0	3.0					
18497.037	25.915000000000873	trials	8.0	18517.511	18518.973	18520.596	18521.391	18516.751	18519.976	18521.331	18522.952	1.0	2.0	1.0	1.0					
18526.001	11.014999999999418	trials	8.0	18531.356	18532.766	18534.476	18535.281	18530.702	18533.851	18535.196	18537.016	1.0	2.0	1.0	1.0					
18540.107	16.54899999999907	trials	8.0	18554.071	18555.242	18556.256	18556.656	18553.131	18555.551			1.0	1.0	0.0	3.0					
18558.633	14.092999999997119	trials	8.0	18566.916	18568.281	18569.821	18570.921	18566.046	18569.037	18570.561	18572.726	1.0	2.0	1.0	1.0					
18576.747	12.40899999999965	trials	8.0	18585.737	18587.747	18588.591	18589.156	18584.827	18587.747			1.0	1.0	0.0	3.0					
18592.001	17.049999999999272	trials	8.0	18603.372	18604.881	18606.446	18607.476	18602.776	18605.751	18607.216	18609.051	1.0	2.0	1.0	1.0					
18611.077	12.875	trials	8.0	18618.246	18619.846	18620.991	18621.936	18617.666	18620.236	18621.827	18623.952	1.0	2.0	1.0	1.0					
18627.973	15.39799999999741	trials	8.0	18638.976	18640.081			18638.111	18641.086			2.0		1.0	1.0					
18646.862	12.609000000000378	trials	8.0	18651.386	18653.186	18656.891	18657.846	18650.651	18653.516	18657.626	18659.471	1.0	1.0	1.0	1.0					
18663.538	11.873999999999796	trials	8.0	18670.058	18671.221	18672.706	18673.747	18669.191	18672.031	18673.471	18675.412	1.0	2.0	1.0	1.0					
18677.481	12.974999999998545	trials	8.0	18686.711	18688.671	18689.926	18690.456	18685.952	18689.196			1.0	1.0	0.0	3.0					
18693.297	11.599000000001979	trials	8.0	18699.077	18700.601			18698.296	18698.316			2.0		0.0	4.0					
18708.906	16.645000000000437	trials	8.0	18719.361	18721.206	18722.271	18723.372	18718.751	18721.622	18723.037	18725.551	1.0	2.0	1.0	1.0					
18729.571	9.275000000001455	trials	8.0	18735.156	18736.872	18737.941	18738.846	18734.241	18737.266			1.0	2.0	0.0	3.0					
18740.287	11.184000000001106	trials	8.0	18747.837	18748.976			18746.876	18749.386			2.0		1.0	1.0					
18756.001	12.090000000000146	trials	8.0	18763.176	18764.816			18762.191	18765.946			2.0		1.0	1.0					
18770.566	9.905000000002474	trials	8.0	18777.975	18779.051	18779.981	18780.471	18777.037	18779.247			1.0	1.0	0.0	3.0					
18782.32	15.940999999998894	trials	8.0	18792.781	18794.287	18795.387	18796.412	18791.837	18794.716	18796.096	18798.261	1.0	2.0	1.0	1.0					
18800.281	18.1150000000016	trials	8.0	18814.037	18815.861			18813.276	18813.287			2.0		1.0	1.0					
18821.901	10.19999999999709	trials	8.0	18827.386	18828.516	18829.639	18830.461	18826.471	18828.952	18830.221	18832.101	1.0	1.0	1.0	1.0					
18836.179	7.273000000001048	trials	8.0	18839.182	18840.886			18838.361	18841.156			2.0		1.0	1.0					
18845.916	10.120999999999185	trials	8.0	18850.556	18852.469	18853.586	18854.466	18849.721	18852.916	18854.327	18856.037	1.0	2.0	1.0	1.0					
18859.156	10.450000000000728	trials	8.0	18864.288	18865.736	18866.901	18868.016	18863.756	18866.262	18867.721	18869.606	1.0	2.0	1.0	1.0					
18873.647	15.748999999999796	trials	8.0	18883.871	18885.872	18886.886	18887.856	18883.266	18886.221	18887.591	18889.396	1.0	1.0	1.0	1.0					
18892.461	11.076000000000931	trials	8.0	18897.626	18899.559	18900.776	18901.646	18896.981	18897.016	18901.521	18903.537	1.0	2.0	1.0	1.0					
18906.561	12.765999999999622	trials	8.0	18915.316	18917.256			18914.346	18914.372			1.0		0.0	2.0					
18921.371	11.501000000000204	trials	8.0	18927.391	18928.761	18930.111	18930.997	18926.551	18929.477	18930.872	18932.872	1.0	1.0	1.0	1.0					
18935.937	10.773999999997613	trials	8.0	18941.256	18942.902	18943.771	18944.616	18940.516	18943.181	18944.606	18946.711	1.0	1.0	1.0	1.0					
18949.821	13.770000000000437	trials	8.0	18958.068	18959.386	18960.872	18961.872	18957.506	18960.106	18961.561	18963.591	1.0	2.0	1.0	1.0					
18967.631	8.87999999999738	trials	8.0	18973.351	18974.791	18975.861	18976.511	18972.556	18975.236			1.0	1.0	0.0	3.0					
18979.23	9.245999999999185	trials	8.0	18985.651	18986.901	18987.926	18988.476	18984.726	18987.281			1.0	1.0	0.0	3.0					
18992.246	12.275000000001455	trials	8.0	19000.912	19002.706	19003.846	19004.521	19000.168	19003.122			1.0	2.0	0.0	3.0					
19006.181	23.845000000001164	trials	8.0	19024.606	19026.361	19027.591	19028.516	19023.901	19026.831	19028.336	19030.026	1.0	1.0	1.0	1.0					
19032.046	8.93500000000131	trials	8.0	19037.291	19038.916	19040.376	19040.981	19036.676	19039.726			1.0	1.0	0.0	3.0					
19043.696	13.131000000001222	trials	8.0	19050.766	19052.191	19053.476	19054.311	19049.936	19052.626	19054.136	19056.827	1.0	2.0	1.0	1.0					
19059.936	12.635999999998603	trials	8.0	19067.256	19069.016	19069.861	19070.662	19066.361	19069.176	19070.436	19072.572	1.0	2.0	1.0	1.0					
19074.617	13.559000000001106	trials	8.0	19082.556	19084.052	19085.662	19086.516	19081.881	19084.987	19086.534	19088.176	1.0	2.0	1.0	1.0					
19092.071	19.19499999999971	trials	8.0	19107.281	19109.256			19106.372	19109.247			1.0		0.0	2.0					
19115.276	13.359999999996944	trials	8.0	19123.206	19124.636	19125.901	19126.996	19122.481	19122.497	19126.651	19128.636	1.0	2.0	1.0	1.0					
19131.702	12.5	trials	8.0	19137.866	19139.021	19143.691	19144.202	19136.952	19139.646			1.0	1.0	0.0	3.0					
19147.003	13.922999999998865	trials	8.0	19155.521	19157.396	19158.646	19159.386	19154.846	19157.731	19159.341	19160.926	1.0	1.0	1.0	1.0					
19162.976	12.385000000002037	trials	8.0	19168.956	19171.021	19172.172	19173.311	19168.016	19171.491	19172.736	19175.361	1.0	2.0	1.0	1.0					
19177.381	8.889999999999418	trials	8.0	19183.461	19184.206			19182.577	19184.196			1.0		0.0	2.0					
