onset	duration	nwb_table	block	tone_on_time	tone_off_time	action_on_time	action_off_time	pokeC_on_time	pokeC_off_time	reward_on_time	reward_off_time	state	action	reward	result	FinishedBlock	FirstTrial	LastTrial	RewardRule_L	RewardRule_R
3.446	451.255	BlockDesign														1.0	1.0	36.0	50.0	10.0
3.446	39.99	trials	1.0	39.471	40.622786	41.495501999999995	41.848034	38.9548	41.000845999999996	42.216	43.436	1.0	2.0	1.0	1.0					
45.131	5.395000000000003	trials	1.0	48.240466	49.444764	50.20084799999999	50.499531999999995	47.40645799999999	49.786494			1.0	2.0	0.0	3.0					
53.532	6.569000000000003	trials	1.0	55.841294	57.338829999999994			54.933504	57.968017999999994			2.0		1.0	1.0					
62.636	8.829999999999991	trials	1.0	64.261326	66.26116999999999	67.07973	67.706856	63.366423999999995	66.627316	67.816	68.747	1.0	1.0	1.0	1.0					
72.798	4.167999999999992	trials	1.0	74.471086	75.697428	76.554638	76.97067	71.46602399999999	76.086838			1.0	2.0	0.0	3.0					
78.881	9.459999999999994	trials	1.0	83.466284	85.42885799999999	86.41713999999999	87.073546	82.63054	85.942764	87.071	88.341	1.0	1.0	1.0	1.0					
91.361	5.72999999999999	trials	1.0	93.35627	95.086754			91.73173399999999	95.07446			2.0		0.0	2.0					
101.101	14.594999999999999	trials	1.0	113.167594	113.688222	114.19383599999999	114.29765599999999	112.21530399999999	113.680892			1.0		0.0	2.0					
117.707	14.864000000000004	trials	1.0	129.865766	131.41955199999998	132.169766	132.571404	128.971336	131.716068			1.0	2.0	0.0	3.0					
136.506	8.414999999999992	trials	1.0	140.686592	141.852914			139.738604	142.636076			2.0		1.0	1.0					
147.401	6.949999999999989	trials	1.0	149.176888	150.223272	152.479094	153.09481399999999	147.618008	150.919904	153.301	154.351	1.0	1.0	1.0	1.0					
156.401	9.60299999999998	trials	1.0	158.216598	159.987744			157.3935	160.653462			2.0		1.0	1.0					
166.546	4.875	trials	1.0	168.14127	169.75995	170.734244	171.422424	166.008024	170.225794			1.0	1.0	0.0	3.0					
175.056	4.7309999999999945	trials	1.0	176.866096	178.464436	179.324916	179.78728	176.087426	178.85222			1.0	2.0	0.0	3.0					
182.651	8.439999999999998	trials	1.0	186.226484	187.447936	188.91094999999999	189.66396799999998	185.60442	188.435954	189.766	191.091	1.0	1.0	1.0	1.0					
194.111	6.465000000000003	trials	1.0	196.73171399999998	198.78392399999998	199.750428	200.576068	196.097334	199.282076			1.0	1.0	0.0	3.0					
204.091	7.570999999999998	trials	1.0	207.721524	209.31316999999999	210.828598	211.661582	206.94411	210.28721			1.0	1.0	0.0	3.0					
214.163	11.197999999999979	trials	1.0	222.63181	224.005324	224.977952	225.36554	221.892582	224.53954199999998			1.0	2.0	0.0	3.0					
227.311	8.840000000000003	trials	1.0	232.8516	234.49817	235.768698	236.15466999999998	232.011958	235.324606			1.0	1.0	0.0	3.0					
239.142	14.114000000000004	trials	1.0	247.35197399999998	248.893238	251.175028	251.811284	246.40823	250.645872	251.886	253.256	1.0	1.0	1.0	1.0					
257.287	6.619000000000028	trials	1.0	259.146588	260.39554			257.999508	261.760356			2.0		1.0	1.0					
266.431	6.79200000000003	trials	1.0	269.021818	270.855184	272.633944	273.224272	268.44129	272.116308			1.0	1.0	0.0	3.0					
277.011	10.674999999999955	trials	1.0	283.8214	285.67906999999997			282.948158	285.668232			2.0		0.0	2.0					
289.696	13.604999999999961	trials	1.0	298.831328	300.688128	301.557682	302.230286	297.82957	301.070696	302.341	303.301	1.0	1.0	1.0	1.0					
306.321	4.739999999999952	trials	1.0	308.20664999999997	309.22843	310.733208	311.05192999999997	307.59749999999997	310.247826			1.0	2.0	0.0	3.0					
315.071	7.494999999999948	trials	1.0	317.463326	318.603606	320.54033599999997	321.27796	316.523206	320.03853	321.211	322.566	1.0	1.0	1.0	1.0					
326.631	5.970000000000027	trials	1.0	328.217692	329.458042	331.861896	332.604418	327.27882999999997	331.317162			1.0	1.0	0.0	3.0					
334.196	10.789999999999964	trials	1.0	341.196668	342.46684	344.576206	344.98747199999997	340.45888	344.08673799999997			1.0	2.0	0.0	3.0					
348.906	8.329999999999984	trials	1.0	353.906958	355.980394	356.816396	357.239284	352.959242	356.339072			1.0	1.0	0.0	3.0					
359.187	14.228999999999985	trials	1.0	369.92241	371.911502	372.800552	373.419242	368.92886	372.306648			1.0	2.0	0.0	3.0					
375.131	27.281000000000006	trials	1.0	397.532192	399.424246	400.458622	401.157948	396.526684	400.006732	401.151	402.412	1.0	1.0	1.0	1.0					
404.431	8.300000000000011	trials	1.0	407.482488	409.434018	410.517944	411.597434	406.5802	410.001868	411.261	412.731	1.0	1.0	1.0	1.0					
414.841	8.914999999999964	trials	1.0	417.567342	418.893798	421.145396	422.098394	416.912306	420.610364	421.876	423.756	1.0	1.0	1.0	1.0					
426.787	5.7690000000000055	trials	1.0	428.847398	430.820466	431.871132	432.559994	427.678806	431.351612			1.0	1.0	0.0	3.0					
434.231	10.20999999999998	trials	1.0	439.762794	441.193914	442.406412	443.24287	438.811314	441.845082	443.226	444.441	1.0	1.0	1.0	1.0					
448.466	6.235000000000014	trials	1.0	450.456932	451.54651	452.526942	453.51345399999997	448.569476	451.995324	453.481	454.701	1.0	1.0	1.0	1.0					
457.868	307.358	BlockDesign														1.0	37.0	64.0	90.0	50.0
457.868	5.262999999999977	trials	2.0	459.817364	461.383876	462.598258	463.134584	458.856664	461.85648199999997			1.0	2.0	0.0	3.0					
464.971	26.105000000000018	trials	2.0	482.213618	483.68035199999997	484.943588	485.74988	481.210918	484.468304	485.776	487.256	1.0	1.0	1.0	1.0					
491.271	6.814999999999998	trials	2.0	493.072504	494.559302	495.59617	496.57673	491.0785	495.008818	496.426	498.086	1.0	1.0	1.0	1.0					
500.136	11.814999999999998	trials	2.0	503.172704	504.642372	505.59394199999997	506.616054	502.457914	505.044062	506.221	508.162	1.0	1.0	1.0	1.0					
512.227	6.7590000000000146	trials	2.0	514.129312	515.547796	516.238668	517.318194	511.95297400000004	515.64136	516.936	518.986	1.0	1.0	1.0	1.0					
520.896	6.845000000000027	trials	2.0	522.986014	524.051894	525.173	526.219934	522.477972	524.611374	526.011	527.741	1.0	1.0	1.0	1.0					
530.772	7.338999999999942	trials	2.0	532.4122	534.377682	535.465718	536.336666	531.714054	534.838088	536.106	538.111	1.0	1.0	1.0	1.0					
542.055	7.411000000000058	trials	2.0	543.92305	545.449896	546.52247	547.615582	543.06656	545.93372	547.301	549.466	1.0	1.0	1.0	1.0					
553.486	4.5049999999999955	trials	2.0	555.012964	555.98553	556.706726	557.45412	554.129658	555.981868			1.0		0.0	2.0					
560.001	8.274999999999977	trials	2.0	565.940006	566.270862			565.269096	566.26675			1.0		0.0	2.0					
571.282	21.714999999999918	trials	2.0	584.722892	586.564912			583.8108	587.065486			2.0		1.0	1.0					
593.636	6.446000000000026	trials	2.0	595.633108	597.615998	598.37784	598.982332	593.000424	597.911956	599.096	600.082	1.0	1.0	1.0	1.0					
603.162	7.25	trials	2.0	604.728496	606.33397	607.321408	608.142778	603.693848	606.784034	608.221	610.412	1.0	1.0	1.0	1.0					
613.451	8.654999999999973	trials	2.0	615.3030219999999	616.349974			614.259682	616.953544	618.816	618.957	2.0		1.0	1.0					
622.711	9.649999999999977	trials	2.0	624.70251	626.41453			622.111112	626.406958	628.046	629.001	2.0		1.0	1.0					
632.757	6.280000000000086	trials	2.0	634.737732	636.324578	637.158576	637.685226	632.3645319999999	636.6531	637.951	639.037	1.0	1.0	1.0	1.0					
642.101	5.1749999999999545	trials	2.0	643.738062	645.769242	646.471552	647.2813	642.113382	645.9335			1.0	1.0	0.0	3.0					
648.829	7.951999999999998	trials	2.0	653.843344	655.14733	656.14607	656.786146	653.335114	655.608578			1.0	2.0	0.0	3.0					
658.497	18.229000000000042	trials	2.0	668.218224	670.01459	671.015414	671.979924	667.254344	670.428822	671.832	673.332	1.0	1.0	1.0	1.0					
677.396	5.1860000000000355	trials	2.0	679.148554	680.57606			676.732556	680.568334			2.0		0.0	2.0					
684.636	8.225000000000023	trials	2.0	688.617882	689.786104			688.005088	690.656902	692.591	692.861	2.0		1.0	1.0					
695.881	8.759999999999991	trials	2.0	700.24787	701.574878			699.481616	702.554588			2.0		1.0	1.0					
707.101	7.9950000000000045	trials	2.0	709.05836	710.256368	712.557674	713.457978	707.825122	712.041454	713.256	715.096	1.0	1.0	1.0	1.0					
718.131	6.394999999999982	trials	2.0	719.933816	721.050046	722.635242	723.341048	718.522496	722.03999	723.346	724.526	1.0	1.0	1.0	1.0					
726.546	6.6609999999999445	trials	2.0	728.714512	730.570198	732.402242	733.209836	728.102324	731.820212			1.0	1.0	0.0	3.0					
736.717	11.168999999999983	trials	2.0	739.30351	741.217238	742.340544	742.913656	738.483762	741.728242	743.051	744.131	1.0	2.0	1.0	1.0					
748.151	7.460000000000036	trials	2.0	750.113436	751.91449	752.885968	753.734458	747.891776	752.35534	753.656	755.611	1.0	1.0	1.0	1.0					
757.651	7.5750000000000455	trials	2.0	760.409828	762.12478	763.406742	763.966154	759.637294	762.681556	764.122	765.226	1.0	2.0	1.0	1.0					
767.248	754.088	BlockDesign														1.0	65.0	130.0	10.0	50.0
767.248	7.016999999999939	trials	3.0	769.420048	770.796742			768.735258	771.769682	773.582	774.265	2.0		1.0	1.0					
776.301	6.899999999999977	trials	3.0	778.163006	779.844426	782.58531	783.204522	777.509306	782.018966			1.0	2.0	0.0	3.0					
785.918	7.472999999999956	trials	3.0	790.3232399999999	791.430222	792.59877	793.394992	789.748894	792.049566			1.0	1.0	0.0	3.0					
796.931	10.480999999999995	trials	3.0	802.423908	803.885576	805.48363	806.139002	801.912706	804.882316	806.336	807.412	1.0	2.0	1.0	1.0					
810.436	4.784999999999968	trials	3.0	812.08301	813.756374	814.568888	815.224234	811.05927	814.05588			1.0	2.0	0.0	3.0					
817.85	11.983999999999924	trials	3.0	826.130136	827.73378	829.282476	829.835074	825.543156	828.6112439999999			1.0	1.0	0.0	3.0					
833.652	13.048999999999978	trials	3.0	840.913718	842.804216	844.843136	845.361258	840.115302	844.14177	845.521	846.701	1.0	2.0	1.0	1.0					
850.771	6.384999999999991	trials	3.0	852.396532	853.685448	854.929158	855.847332	850.935476	854.420088	855.611	857.156	1.0	2.0	1.0	1.0					
860.181	5.169999999999959	trials	3.0	862.130216	863.380228	864.726102	865.3560659999999	861.401746	864.031468			1.0	2.0	0.0	3.0					
869.091	11.155999999999949	trials	3.0	874.683784	875.882296	877.637734	878.61012	874.13244	876.977582	878.391	880.247	1.0	1.0	1.0	1.0					
883.261	5.465000000000032	trials	3.0	885.118914	887.081998	888.014446	888.732184	884.1536619999999	887.46902			1.0	1.0	0.0	3.0					
890.339	13.476999999999975	trials	3.0	899.67028	901.550702	903.274366	903.821358	898.820162	902.703352			1.0	2.0	0.0	3.0					
905.606	13.32000000000005	trials	3.0	915.158634	916.4623799999999	917.942362	918.931188	914.432908	917.36668			1.0	1.0	0.0	3.0					
922.263	17.793000000000006	trials	3.0	936.38043	938.28948	939.605576	940.058994	935.55537	939.02015			1.0	1.0	0.0	3.0					
943.932	13.158999999999992	trials	3.0	953.649072	954.721166	956.353222	957.094836	952.787842	955.8476459999999			1.0	2.0	0.0	3.0					
959.722	16.173999999999978	trials	3.0	968.06453	969.651914			967.403068	969.960838			2.0		1.0	1.0					
976.731	6.408999999999992	trials	3.0	978.354374	980.322538			975.902126	980.8523			2.0		1.0	1.0					
986.642	5.814999999999941	trials	3.0	988.170606	989.6982399999999			987.070664	989.771324			2.0		1.0	1.0					
995.981	6.375	trials	3.0	997.56413	999.612208	1001.831864	1002.361164	996.214282	1001.09056			1.0	1.0	0.0	3.0					
1004.198	10.83299999999997	trials	3.0	1009.304546	1011.000974	1013.23276	1013.789148	1008.666616	1012.771812	1013.846	1015.031	1.0	2.0	1.0	1.0					
1017.136	7.57100000000014	trials	3.0	1019.899406	1021.83545			1019.044208	1022.317826	1024.041	1024.707	2.0		1.0	1.0					
1026.756	7.314999999999827	trials	3.0	1028.444358	1029.926846	1033.46063	1033.945856	1027.913732	1032.776152			1.0	1.0	0.0	3.0					
1038.126	7.779999999999973	trials	3.0	1040.864372	1042.411062	1043.888444	1044.611732	1039.915022	1043.346622	1044.666	1045.906	1.0	2.0	1.0	1.0					
1048.961	6.279999999999973	trials	3.0	1050.795916	1051.8866639999999			1049.978858	1052.964858			2.0		1.0	1.0					
1057.676	8.215000000000146	trials	3.0	1060.479292	1062.5007	1065.033888	1065.895092	1059.933718	1064.396166			1.0	2.0	0.0	3.0					
1067.372	9.118999999999915	trials	3.0	1072.82434	1074.591558	1075.863054	1076.498136	1072.153948	1075.258964			1.0	2.0	0.0	3.0					
1080.181	11.924999999999955	trials	3.0	1086.864444	1088.596962	1090.138874	1090.827694	1085.95686	1089.54577	1091.037	1092.106	1.0	2.0	1.0	1.0					
1095.2	8.445999999999913	trials	3.0	1097.039108	1098.604866	1101.823812	1102.327296	1096.258802	1100.9626	1102.606	1103.646	1.0	2.0	1.0	1.0					
1106.666	7.7999999999999545	trials	3.0	1108.859546	1110.580792	1114.07407	1114.473478	1107.903258	1111.72221			1.0	2.0	0.0	3.0					
1116.481	6.420000000000073	trials	3.0	1119.515196	1121.021398	1122.279958	1122.90699	1118.778376	1121.756628			1.0	1.0	0.0	3.0					
1124.606	9.700000000000045	trials	3.0	1130.944744	1132.552916	1133.60266	1134.313354	1130.127894	1133.11584			1.0	2.0	0.0	3.0					
1137.924	10.661000000000058	trials	3.0	1145.135148	1146.266622	1148.072958	1148.587856	1144.196554	1147.574244			1.0	1.0	0.0	3.0					
1152.406	10.051000000000158	trials	3.0	1159.514912	1160.906266	1161.86288	1162.464098	1158.718038	1161.413988			1.0	2.0	0.0	3.0					
1164.227	29.95399999999995	trials	3.0	1187.189762	1188.266594			1186.228784	1188.793822			2.0		1.0	1.0					
1194.606	6.1749999999999545	trials	3.0	1196.17523	1197.50907	1198.726122	1199.27136	1194.188892	1198.210498	1199.501	1200.781	1.0	2.0	1.0	1.0					
1202.846	9.5	trials	3.0	1204.609982	1206.532884			1203.575828	1206.956644			2.0		1.0	1.0					
1214.111	4.4699999999998	trials	3.0	1215.704726	1216.916192	1218.100846	1218.587772	1212.349836	1217.466306			1.0	1.0	0.0	3.0					
1222.426	4.861000000000104	trials	3.0	1224.314896	1225.603902	1226.646366	1227.290934	1223.57857	1226.150014			1.0	2.0	0.0	3.0					
1229.981	10.089999999999918	trials	3.0	1236.645052	1238.475544	1239.62341	1240.07569	1235.684662	1238.927976			1.0	1.0	0.0	3.0					
1241.993	16.988000000000056	trials	3.0	1253.45473	1254.539898	1257.098906	1257.59237	1252.832148	1256.285946	1257.791	1258.981	1.0	2.0	1.0	1.0					
1262.761	6.2150000000001455	trials	3.0	1264.400168	1265.901926			1263.881172	1266.678098			2.0		1.0	1.0					
1271.507	5.213999999999942	trials	3.0	1273.205268	1274.84732	1276.017178	1276.726562	1272.118556	1275.504014			1.0	2.0	0.0	3.0					
1279.381	8.649999999999864	trials	3.0	1284.26583	1285.755108	1287.286022	1288.036604	1283.479018	1286.783646			1.0	1.0	0.0	3.0					
1290.611	7.879999999999882	trials	3.0	1295.890644	1297.156496	1298.095592	1298.494952	1295.03739	1297.653002			1.0	2.0	0.0	3.0					
1301.416	12.615000000000009	trials	3.0	1309.579936	1311.57601	1312.534836	1313.023082	1308.992686	1312.079812	1313.287	1314.031	1.0	1.0	1.0	1.0					
1317.051	5.375	trials	3.0	1319.084722	1320.486966	1321.72909	1322.432324	1318.284768	1321.225328			1.0	1.0	0.0	3.0					
1326.093	10.37299999999982	trials	3.0	1332.35039	1333.675048	1334.5899	1335.20468	1331.457666	1334.127886	1335.346	1336.466	1.0	2.0	1.0	1.0					
1338.486	7.479999999999791	trials	3.0	1340.90083	1342.541984			1340.390916	1343.371394	1345.162	1345.966	2.0		1.0	1.0					
1349.031	7.0750000000000455	trials	3.0	1350.88179	1352.254976	1353.176672	1353.61403	1349.44132	1352.695328	1353.926	1356.106	1.0	2.0	1.0	1.0					
1358.051	6.906000000000176	trials	3.0	1360.730734	1361.82655	1362.937914	1363.664502	1360.10388	1362.4449299999999	1363.832	1364.957	1.0	2.0	1.0	1.0					
1368.991	6.235000000000127	trials	3.0	1370.94548	1372.108022			1369.132746	1372.817414	1374.486	1375.226	2.0		1.0	1.0					
1377.301	10.57100000000014	trials	3.0	1379.88608	1381.274252			1379.31372	1382.287188			2.0		1.0	1.0					
1388.355	9.22700000000009	trials	3.0	1390.092108	1391.165882			1387.877144	1391.671576	1393.881	1394.056	2.0		1.0	1.0					
1398.731	5.072000000000116	trials	3.0	1400.655302	1401.798996	1402.724572	1402.87814	1397.589996	1401.793186			1.0		0.0	2.0					
1406.816	6.471000000000004	trials	3.0	1408.655478	1410.527096			1407.992008	1411.062832	1413.006	1413.071	2.0		1.0	1.0					
1415.851	8.944999999999936	trials	3.0	1417.405536	1418.877348	1422.903992	1423.52805	1416.801292	1422.35596	1423.696	1424.796	1.0	2.0	1.0	1.0					
1427.857	6.624000000000024	trials	3.0	1429.66544	1430.692496			1427.897052	1431.566904	1433.912	1434.481	2.0		1.0	1.0					
1437.541	6.384999999999991	trials	3.0	1439.515832	1441.1192819999999	1441.989284	1442.604548	1437.730354	1441.501072	1442.631	1443.926	1.0	2.0	1.0	1.0					
1445.951	5.6099999999999	trials	3.0	1448.055834	1449.65712	1451.0002	1451.567192	1447.397754	1450.457012			1.0	2.0	0.0	3.0					
1454.332	9.778999999999996	trials	3.0	1459.065826	1460.183964	1462.11467	1462.735172	1458.32603	1461.59192	1462.891	1464.111	1.0	2.0	1.0	1.0					
1466.081	8.25500000000011	trials	3.0	1468.43149	1470.277634	1472.303072	1472.989038	1467.439546	1471.812168	1472.941	1474.336	1.0	2.0	1.0	1.0					
1476.401	9.471000000000004	trials	3.0	1478.320656	1479.614026			1477.695992	1480.887222	1483.076	1483.231	2.0		1.0	1.0					
1486.923	4.9529999999999745	trials	3.0	1488.59614	1489.812564	1491.133412	1491.885018	1485.877046	1490.5694			1.0	2.0	0.0	3.0					
1495.461	7.960000000000036	trials	3.0	1497.945826	1499.057976	1501.39541	1501.912444	1497.341208	1500.50222	1502.256	1503.421	1.0	2.0	1.0	1.0					
1506.486	10.365000000000009	trials	3.0	1508.676374	1509.84405	1511.114186	1511.840878	1507.165988	1510.533852	1511.872	1513.216	1.0	2.0	1.0	1.0					
1517.247	4.088999999999942	trials	3.0	1518.900748	1520.071846	1521.030326	1521.888196	1516.85894	1520.498996			1.0	2.0	0.0	3.0					
1524.451	322.8899999999999	BlockDesign														1.0	131.0	163.0	50.0	90.0
1524.451	11.779999999999973	trials	4.0	1527.245646	1529.26539			1526.718128	1530.187986			2.0		1.0	1.0					
1537.548	7.083000000000084	trials	4.0	1539.491066	1541.55551	1542.464206	1543.0479559999999	1536.237068	1541.8876539999999	1543.096	1544.631	1.0	2.0	1.0	1.0					
1546.407	6.514000000000124	trials	4.0	1549.070912	1550.259164	1552.112472	1552.928688	1548.137232	1551.536972			1.0	2.0	0.0	3.0					
1556.491	7.339999999999918	trials	4.0	1558.781096	1559.9923			1558.037648	1561.502146			2.0		1.0	1.0					
1566.333	7.52800000000002	trials	4.0	1567.891198	1569.264448	1572.202336	1572.771424	1567.25926	1571.207634	1572.866	1573.861	1.0	1.0	1.0	1.0					
1576.881	10.201000000000022	trials	4.0	1578.731156	1580.553996	1582.105696	1582.683996	1577.653726	1581.330068	1582.886	1583.936	1.0	2.0	1.0	1.0					
1587.997	9.07899999999995	trials	4.0	1589.71052	1590.942922	1591.998212	1592.731118	1587.087036	1591.353738	1592.861	1594.276	1.0	1.0	1.0	1.0					
1597.301	9.690000000000055	trials	4.0	1599.33094	1600.678156	1601.706438	1602.490868	1597.08284	1601.14367	1602.386	1604.016	1.0	1.0	1.0	1.0					
1608.033	4.129000000000133	trials	4.0	1609.571274	1610.64225	1611.541654	1612.169788	1606.99994	1611.004252			1.0	1.0	0.0	3.0					
1614.881	7.9909999999999854	trials	4.0	1618.066052	1619.572656	1620.4887879999999	1621.170496	1617.34227	1619.928056	1621.256	1622.872	1.0	2.0	1.0	1.0					
1626.616	6.2999999999999545	trials	4.0	1628.281138	1629.581794	1630.757708	1631.501338	1626.764468	1630.166074	1631.476	1632.916	1.0	2.0	1.0	1.0					
1635.986	7.084999999999809	trials	4.0	1638.172594	1640.162546	1640.901786	1641.68099	1636.360014	1640.291348	1641.537	1643.071	1.0	2.0	1.0	1.0					
1646.091	9.620000000000118	trials	4.0	1647.821686	1649.56862			1646.285248	1650.363216			2.0		1.0	1.0					
1656.096	6.505000000000109	trials	4.0	1657.696122	1659.400214	1660.365698	1661.317068	1655.720936	1659.830444	1661.056	1662.601	1.0	2.0	1.0	1.0					
1666.636	9.230000000000018	trials	4.0	1668.431458	1669.706518	1670.879506	1671.581036	1667.006248	1670.279354	1671.741	1673.096	1.0	1.0	1.0	1.0					
1676.116	5.164999999999964	trials	4.0	1677.891954	1679.912148	1680.518522	1681.288158	1675.873954	1679.93312			1.0	1.0	0.0	3.0					
1684.842	7.483999999999924	trials	4.0	1687.291238	1688.75964	1690.264072	1691.020052	1686.541178	1689.6497219999999	1690.976	1692.326	1.0	2.0	1.0	1.0					
1694.389	7.576999999999998	trials	4.0	1696.7923	1697.903142			1695.9932019999999	1699.536912	1701.351	1701.966	2.0		1.0	1.0					
1704.067	9.70900000000006	trials	4.0	1705.882906	1707.4451099999999	1708.545608	1709.210082	1705.355056	1707.954876	1709.256	1710.516	1.0	2.0	1.0	1.0					
1714.582	6.343999999999824	trials	4.0	1716.19143	1717.9254779999999	1718.712744	1719.449668	1713.783428	1717.958362	1719.537	1720.926	1.0	2.0	1.0	1.0					
1722.986	6.180999999999813	trials	4.0	1724.646578	1726.084238	1727.114782	1727.83535	1724.03644	1726.491018	1727.946	1729.167	1.0	2.0	1.0	1.0					
1731.231	5.190000000000055	trials	4.0	1733.161754	1734.9385	1735.971978	1736.428538	1731.965146	1735.34007			1.0	1.0	0.0	3.0					
1738.251	9.569999999999936	trials	4.0	1742.541764	1744.01364			1741.87846	1745.400734			2.0		1.0	1.0					
1750.356	9.339999999999918	trials	4.0	1752.206592	1754.136216			1750.649978	1754.502204			2.0		1.0	1.0					
1760.201	6.660000000000082	trials	4.0	1761.811814	1763.861068	1764.829696	1765.538752	1759.7049	1764.217714	1765.596	1766.861	1.0	1.0	1.0	1.0					
1768.876	10.230000000000018	trials	4.0	1771.12177	1772.359382	1773.414696	1774.14861	1770.231024	1772.8671	1774.162	1775.912	1.0	2.0	1.0	1.0					
1779.741	6.059999999999945	trials	4.0	1781.641822	1782.763268	1783.697438	1784.374576	1779.112576	1783.099724	1784.391	1785.801	1.0	2.0	1.0	1.0					
1787.821	6.636000000000195	trials	4.0	1789.476824	1791.222232	1792.179662	1792.921288	1788.875376	1791.63692	1792.886	1794.457	1.0	2.0	1.0	1.0					
1797.511	7.230000000000018	trials	4.0	1799.262162	1800.472366	1802.296674	1803.064902	1797.70444	1801.6200019999999	1804.721	1804.741	1.0	2.0	1.0	1.0					
1807.826	6.836000000000013	trials	4.0	1809.66681	1811.478604	1812.22901	1813.121954	1808.865758	1811.59551	1812.806	1814.662	1.0	2.0	1.0	1.0					
1817.731	6.120000000000118	trials	4.0	1819.531846	1820.823822	1821.7123119999999	1822.405854	1818.290098	1821.136094	1822.346	1823.851	1.0	2.0	1.0	1.0					
1825.922	11.838999999999942	trials	4.0	1829.871554	1831.378444	1835.4224159999999	1836.061966	1828.983338	1834.768478	1836.151	1837.761	1.0	2.0	1.0	1.0					
1839.781	7.559999999999945	trials	4.0	1842.621618	1844.453336	1845.273516	1845.94327	1841.783744	1844.73931	1846.016	1847.341	1.0	2.0	1.0	1.0					
1850.411	1513.2350000000001	BlockDesign														1.0	164.0	288.0	50.0	10.0
1850.411	5.211000000000013	trials	5.0	1852.496722	1853.772592	1854.726252	1855.62729	1851.182988	1854.186942			1.0	2.0	0.0	3.0					
1859.054	5.976999999999862	trials	5.0	1861.126672	1863.007994	1864.195936	1865.03911	1860.387458	1863.662832			1.0	2.0	0.0	3.0					
1868.526	9.664999999999964	trials	5.0	1874.46862	1876.03369	1877.47062	1878.198308	1873.587906	1876.744448			1.0	1.0	0.0	3.0					
1880.795	18.110999999999876	trials	5.0	1895.567364	1896.998236	1898.243934	1898.911554	1894.96097	1897.740086			1.0	1.0	0.0	3.0					
1900.623	13.543999999999869	trials	5.0	1906.387448	1907.453776			1905.394468	1908.269082			2.0		1.0	1.0					
1915.027	5.70900000000006	trials	5.0	1916.562334	1918.3817999999999	1919.088898	1919.67789	1914.178386	1918.44631	1919.851	1920.736	1.0	1.0	1.0	1.0					
1923.761	6.401000000000067	trials	5.0	1925.6427879999999	1927.62848	1928.325912	1928.926014	1924.356434	1927.689996	1929.151	1930.162	1.0	2.0	1.0	1.0					
1934.182	4.973999999999933	trials	5.0	1935.812784	1937.404286	1938.326974	1939.164542	1934.325218	1937.79192			1.0	2.0	0.0	3.0					
1940.701	7.105000000000018	trials	5.0	1944.662216	1945.863634	1946.903494	1947.81521	1943.795326	1946.311162			1.0	2.0	0.0	3.0					
1949.232	10.31899999999996	trials	5.0	1956.218996	1958.064254	1959.001164	1959.558574	1955.4627	1958.452634			1.0	1.0	0.0	3.0					
1961.326	14.865000000000009	trials	5.0	1972.377304	1973.963008	1975.668502	1976.198448	1971.609232	1975.201592			1.0	2.0	0.0	3.0					
1979.036	9.809999999999945	trials	5.0	1984.327254	1985.823998	1987.181984	1987.832086	1983.358682	1986.268606	1987.997	1988.846	1.0	1.0	1.0	1.0					
1991.867	5.449000000000069	trials	5.0	1993.957002	1995.288546	1996.542408	1997.326142	1992.99195	1995.935762			1.0	1.0	0.0	3.0					
1999.872	13.658999999999878	trials	5.0	2005.702474	2007.107892			2004.9956	2008.11711			2.0		1.0	1.0					
2013.881	9.224999999999909	trials	5.0	2015.627456	2017.144076			2013.539126	2017.813738			2.0		1.0	1.0					
2023.921	9.115999999999985	trials	5.0	2025.799026	2026.896942	2027.9556	2028.712686	2023.11329	2027.408238	2028.651	2029.946	1.0	1.0	1.0	1.0					
2034.011	4.9650000000001455	trials	5.0	2035.707316	2037.16808	2038.27568	2038.986758	2033.043982	2037.516414			1.0	1.0	0.0	3.0					
2041.588	6.7680000000002565	trials	5.0	2044.85274	2046.3592660000002	2047.1679299999998	2047.679546	2044.227654	2046.3480579999998			1.0		0.0	2.0					
2050.401	14.66000000000031	trials	5.0	2060.0329519999996	2061.980248	2063.0783300000003	2063.816084	2059.379916	2062.475236	2063.872	2065.061	1.0	1.0	1.0	1.0					
2067.096	6.414999999999964	trials	5.0	2069.4692919999998	2070.839164	2072.811458	2073.5176279999996	2068.4781940000003	2072.1832919999997			1.0	1.0	0.0	3.0					
2077.136	8.5300000000002	trials	5.0	2081.667646	2083.649294	2085.098586	2085.675518	2080.916432	2084.562968			1.0	2.0	0.0	3.0					
2087.472	13.588999999999942	trials	5.0	2093.5134820000003	2095.057336			2092.8453179999997	2095.7629639999996			2.0		1.0	1.0					
2102.336	4.701000000000022	trials	5.0	2104.0091359999997	2105.646826	2106.63372	2107.046434	2101.0682420000003	2106.0909039999997			1.0	1.0	0.0	3.0					
2109.001	8.759999999999764	trials	5.0	2113.462874	2115.19801			2112.5039859999997	2115.7057160000004	2117.401	2117.571	2.0		1.0	1.0					
2120.227	9.84900000000016	trials	5.0	2122.1931299999997	2123.2301580000003			2121.2499019999996	2124.199872	2126.171	2126.516	2.0		1.0	1.0					
2131.061	4.605000000000018	trials	5.0	2132.85332	2134.109662	2135.0673180000003	2135.6772680000004	2130.085288	2134.555566			1.0	2.0	0.0	3.0					
2139.432	8.944000000000415	trials	5.0	2144.178376	2145.309612	2146.4789419999997	2147.0775460000004	2143.1945400000004	2145.894034	2147.266	2148.376	1.0	1.0	1.0	1.0					
2152.441	6.7150000000001455	trials	5.0	2154.3736200000003	2155.478284	2156.8129740000004	2157.5763479999996	2152.6377460000003	2156.1315299999997	2157.511	2159.156	1.0	1.0	1.0	1.0					
2161.177	5.219000000000051	trials	5.0	2163.3279839999996	2164.4692640000003	2165.8591100000003	2166.4068580000003	2162.59382	2165.2329179999997			1.0	1.0	0.0	3.0					
2170.181	9.125	trials	5.0	2176.0949060000003	2177.77539	2178.777742	2179.315042	2175.1197700000002	2178.26321			1.0	2.0	0.0	3.0					
2182.122	11.10400000000027	trials	5.0	2189.252724	2191.251378	2192.768642	2193.2360339999996	2188.3101319999996	2192.2131600000002			1.0	2.0	0.0	3.0					
2196.14	18.21100000000024	trials	5.0	2206.443368	2207.819928			2205.727866	2208.4800560000003			2.0		1.0	1.0					
2214.633	6.413000000000011	trials	5.0	2216.3083699999997	2217.749758	2218.934558	2219.745554	2214.360202	2218.2441740000004	2219.641	2221.046	1.0	1.0	1.0	1.0					
2224.066	5.5900000000001455	trials	5.0	2226.194584	2227.982618	2228.941516	2229.6635420000002	2224.2806979999996	2228.3448879999996			1.0	1.0	0.0	3.0					
2233.258	9.477000000000317	trials	5.0	2237.997972	2239.9136179999996			2237.2102619999996	2240.171638			2.0		1.0	1.0					
2245.188	5.552999999999884	trials	5.0	2247.8633019999997	2249.24669	2250.312728	2250.749382	2246.992978	2249.7165400000004			1.0	2.0	0.0	3.0					
2252.628	13.797999999999774	trials	5.0	2257.853946	2259.75104			2256.887358	2260.435082	2262.271	2262.951	2.0		1.0	1.0					
2266.976	5.529999999999745	trials	5.0	2269.113496	2270.854518	2271.8296060000002	2272.516412	2266.43639	2271.2300219999997			1.0	2.0	0.0	3.0					
2274.151	9.460000000000036	trials	5.0	2279.873138	2280.9052	2283.1244939999997	2283.617964	2279.120406	2282.379696			1.0	1.0	0.0	3.0					
2287.481	8.674999999999727	trials	5.0	2293.2748300000003	2294.09703			2292.674876	2294.088216			1.0		0.0	2.0					
2298.164	17.942000000000007	trials	5.0	2313.65874	2314.8911319999997	2315.7280840000003	2316.1147220000003	2312.93148	2315.2855339999996			1.0	2.0	0.0	3.0					
2320.077	6.669999999999618	trials	5.0	2322.983604	2324.6905580000002			2322.040314	2324.686968			2.0		0.0	2.0					
2329.756	8.184999999999945	trials	5.0	2334.720128	2336.4799220000004	2337.4409640000003	2337.951854	2334.0231940000003	2336.87719			1.0	2.0	0.0	3.0					
2339.791	12.330999999999676	trials	5.0	2346.90848	2348.6073619999997	2350.283098	2351.0547939999997	2346.104158	2349.7096140000003	2351.082	2352.122	1.0	1.0	1.0	1.0					
2355.182	6.719000000000051	trials	5.0	2356.9041939999997	2358.4650540000002	2359.5923439999997	2360.3366239999996	2355.884468	2359.0220259999996	2360.316	2361.901	1.0	1.0	1.0	1.0					
2364.922	5.858999999999924	trials	5.0	2368.0508419999996	2369.6965980000004	2370.1363520000004	2370.7901060000004	2367.328122	2369.655616			1.0	1.0	0.0	3.0					
2372.506	14.430000000000291	trials	5.0	2382.2534800000003	2384.127456			2381.4780140000003	2384.8278200000004			2.0		1.0	1.0					
2389.451	7.039999999999964	trials	5.0	2391.4637700000003	2393.111022	2394.3480040000004	2395.151844	2390.83082	2393.715094	2395.021	2396.491	1.0	1.0	1.0	1.0					
2399.511	5.065000000000055	trials	5.0	2401.4707120000003	2402.635814	2403.9799519999997	2404.58557	2400.44466	2403.3608940000004			1.0	1.0	0.0	3.0					
2407.307	12.59900000000016	trials	5.0	2414.95392	2416.6612240000004	2418.109198	2418.693762	2414.15967	2417.331696	2418.872	2419.906	1.0	2.0	1.0	1.0					
2421.929	7.027999999999793	trials	5.0	2425.470932	2427.285944	2428.336794	2428.96782	2424.801246	2427.731266			1.0	2.0	0.0	3.0					
2432.666	10.069999999999709	trials	5.0	2437.9791859999996	2439.1826199999996			2437.269402	2440.243074			2.0		1.0	1.0					
2445.351	10.549999999999727	trials	5.0	2451.1795540000003	2452.5682580000002	2453.76137	2454.4759679999997	2450.2390079999996	2453.221276	2454.526	2455.901	1.0	1.0	1.0	1.0					
2457.961	5.826000000000022	trials	5.0	2460.494132	2462.253364	2463.2295860000004	2463.7960940000003	2459.5334460000004	2462.6632179999997			1.0	1.0	0.0	3.0					
2465.576	12.855999999999767	trials	5.0	2469.8390440000003	2471.709162			2468.951354	2472.209102	2473.941	2474.976	2.0		1.0	1.0					
2479.082	9.304000000000087	trials	5.0	2480.714108	2481.928572			2478.43927	2482.9680660000004			2.0		1.0	1.0					
2489.011	4.369999999999891	trials	5.0	2490.8593659999997	2491.9855079999998	2492.888462	2493.39315	2488.395826	2492.3192740000004			1.0	1.0	0.0	3.0					
2496.241	7.300000000000182	trials	5.0	2498.42075	2500.1979439999996			2497.765646	2500.1522139999997			2.0		1.0	1.0					
2505.971	5.239999999999782	trials	5.0	2507.9043	2509.5949039999996	2510.477054	2511.221154	2506.3587420000003	2509.874242			1.0	2.0	0.0	3.0					
2513.837	11.753999999999905	trials	5.0	2517.136052	2518.466646			2516.4961359999998	2519.454716	2521.196	2522.191	2.0		1.0	1.0					
2526.211	5.076000000000022	trials	5.0	2527.7542700000004	2529.6165499999997	2530.852212	2531.2972259999997	2525.6009999999997	2530.103336			1.0	2.0	0.0	3.0					
2535.181	11.670000000000073	trials	5.0	2538.261176	2539.8656739999997	2541.207896	2541.906862	2537.3891000000003	2540.5515219999997	2542.037	2543.301	1.0	1.0	1.0	1.0					
2547.326	5.199999999999818	trials	5.0	2549.2648820000004	2550.7765499999996	2551.731116	2552.538724	2546.8600539999998	2551.1328299999996			1.0	1.0	0.0	3.0					
2555.046	13.295000000000073	trials	5.0	2560.140074	2562.1832679999998			2559.2393979999997	2562.785188			2.0		1.0	1.0					
2568.516	5.2199999999998	trials	5.0	2570.4897680000004	2572.1759760000004	2573.188674	2573.7471720000003	2568.3528720000004	2572.6593359999997			1.0	2.0	0.0	3.0					
2577.563	7.788000000000011	trials	5.0	2581.2446819999996	2583.14177	2584.8508659999998	2585.360484	2580.624304	2584.1386279999997			1.0	1.0	0.0	3.0					
2587.171	15.390000000000327	trials	5.0	2598.86453	2600.843156	2602.142992	2602.5707979999997	2598.0921660000004	2601.4305860000004			1.0	2.0	0.0	3.0					
2606.457	9.048999999999978	trials	5.0	2610.6850619999996	2612.541504	2613.6757719999996	2614.5211520000003	2609.9995900000004	2613.065882	2614.391	2615.506	1.0	1.0	1.0	1.0					
2617.571	7.425999999999931	trials	5.0	2620.229918	2621.4971299999997			2619.4884	2622.5375700000004			2.0		1.0	1.0					
2627.576	10.489999999999782	trials	5.0	2629.2758999999996	2631.3148380000002	2632.3059059999996	2633.136136	2627.7514300000003	2631.713116	2633.046	2634.747	1.0	1.0	1.0	1.0					
2638.763	7.108999999999924	trials	5.0	2640.7616319999997	2642.5912099999996	2643.494552	2644.36942	2638.0744059999997	2642.9144180000003	2644.122	2645.872	1.0	1.0	1.0	1.0					
2647.936	7.694999999999709	trials	5.0	2649.959498	2651.619256	2653.1672019999996	2654.05558	2649.0727079999997	2652.601866	2653.951	2655.631	1.0	1.0	1.0	1.0					
2658.696	5.0300000000002	trials	5.0	2660.605028	2662.2332159999996	2662.9954799999996	2663.7391939999998	2659.6096260000004	2662.306084			1.0	1.0	0.0	3.0					
2665.352	10.50400000000036	trials	5.0	2671.4718000000003	2672.491782	2675.462786	2675.86794	2670.605122	2674.76609			1.0	2.0	0.0	3.0					
2678.796	8.326000000000022	trials	5.0	2683.511944	2684.918396	2686.62233	2687.129578	2682.990446	2686.088818			1.0	1.0	0.0	3.0					
2689.936	21.350999999999658	trials	5.0	2707.960088	2709.2828740000004	2710.95983	2711.2872559999996	2707.2405360000002	2710.343044			1.0	1.0	0.0	3.0					
2715.291	7.224999999999909	trials	5.0	2718.490146	2719.727288	2720.8920340000004	2721.402892	2717.9737999999998	2720.3161819999996	2721.696	2722.516	1.0	2.0	1.0	1.0					
2725.576	5.6349999999997635	trials	5.0	2727.165336	2729.1715620000004	2730.726552	2731.224488	2726.5346360000003	2730.2125100000003			1.0	2.0	0.0	3.0					
2735.056	7.4699999999998	trials	5.0	2739.240184	2740.320552	2742.0503479999998	2742.539358	2738.3901720000003	2741.4078419999996			1.0	1.0	0.0	3.0					
2744.406	9.934999999999945	trials	5.0	2750.530758	2752.2760319999998	2753.87935	2754.3528079999996	2749.9860799999997	2753.3087240000004			1.0	2.0	0.0	3.0					
2757.202	10.584999999999582	trials	5.0	2762.085336	2763.74417	2765.316976	2765.929198	2761.3503520000004	2764.6867819999998	2767.756	2767.787	1.0	1.0	1.0	1.0					
2768.871	25.290999999999713	trials	5.0	2790.8706300000003	2792.872168	2793.72858	2794.1744200000003	2790.359668	2793.249022			1.0	1.0	0.0	3.0					
2797.099	16.416999999999916	trials	5.0	2809.085304	2810.548108	2811.4806420000004	2812.041112	2808.254298	2810.9657580000003	2812.162	2813.516	1.0	2.0	1.0	1.0					
2815.566	13.190000000000055	trials	5.0	2824.98588	2826.5511699999997	2828.248528	2828.7698579999997	2824.293474	2827.7822020000003			1.0	2.0	0.0	3.0					
2832.572	7.0099999999997635	trials	5.0	2836.1812339999997	2838.1320480000004	2839.0055039999997	2839.5901919999997	2835.23413	2838.550324			1.0	1.0	0.0	3.0					
2842.326	14.864999999999782	trials	5.0	2848.906016	2850.7390400000004			2848.10509	2851.239592	2852.881	2853.011	2.0		1.0	1.0					
2857.776	5.605000000000018	trials	5.0	2859.677826	2860.766574	2862.7256960000004	2863.3940279999997	2857.20247	2862.211956			1.0	2.0	0.0	3.0					
2866.037	7.394000000000233	trials	5.0	2868.8355979999997	2869.906804	2871.5819220000003	2872.3152980000004	2868.1661320000003	2871.096084	2872.336	2873.431	1.0	1.0	1.0	1.0					
2876.451	8.605000000000018	trials	5.0	2878.0710339999996	2879.337284			2877.262702	2880.3115479999997			2.0		1.0	1.0					
2886.997	4.389000000000124	trials	5.0	2888.6814299999996	2889.337528			2885.069206	2889.333332			1.0		0.0	2.0					
2893.392	6.804000000000087	trials	5.0	2897.7559979999996	2898.8724540000003	2899.629118	2900.2082739999996	2897.03226	2899.2084000000004			1.0	2.0	0.0	3.0					
2901.966	16.27500000000009	trials	5.0	2910.722766	2911.8186539999997			2909.9860879999997	2912.546048			2.0		1.0	1.0					
2919.084	4.623000000000047	trials	5.0	2920.7814200000003	2922.167958	2923.027062	2923.7153259999995	2918.2540419999996	2922.5291399999996			1.0	1.0	0.0	3.0					
2927.349	8.70699999999988	trials	5.0	2932.7862240000004	2934.795422	2935.5904280000004	2936.0704459999997	2931.8054140000004	2935.1248800000003			1.0	2.0	0.0	3.0					
2938.921	7.710000000000036	trials	5.0	2943.3215499999997	2944.6546280000002	2946.244888	2946.641662	2942.779412	2945.657776			1.0	1.0	0.0	3.0					
2950.611	18.721000000000004	trials	5.0	2963.9464019999996	2965.48315	2967.2028419999997	2967.884008	2963.213038	2966.6328240000003	2968.037	2969.332	1.0	1.0	1.0	1.0					
2972.356	5.810999999999694	trials	5.0	2974.606662	2976.047692	2977.8119500000003	2978.1819699999996	2973.0468360000004	2976.7316119999996			1.0	2.0	0.0	3.0					
2981.131	8.940000000000055	trials	5.0	2985.102006	2986.2676899999997			2984.2248120000004	2987.382138			2.0		1.0	1.0					
2992.616	6.795999999999822	trials	5.0	2994.6964159999998	2995.7127179999998	2997.2368020000004	2998.039116	2993.78848	2996.651616	2997.912	2999.412	1.0	1.0	1.0	1.0					
3001.428	10.13799999999992	trials	5.0	3003.561562	3004.7930079999996	3005.734832	3006.4828580000003	3002.949702	3005.1797559999995	3006.421	3008.076	1.0	1.0	1.0	1.0					
3012.121	4.070999999999913	trials	5.0	3013.6715320000003	3014.1486320000004	3014.8743539999996	3015.224182	3011.581048	3014.145504			1.0		0.0	2.0					
3019.261	10.675000000000182	trials	5.0	3026.231944	3027.9977120000003	3029.358386	3029.948724	3025.5237479999996	3028.6426920000004			1.0	2.0	0.0	3.0					
3031.681	33.61999999999989	trials	5.0	3060.8766560000004	3062.738582			3060.0599	3063.100878			2.0		1.0	1.0					
3067.841	9.345000000000255	trials	5.0	3069.7468980000003	3071.2285300000003			3068.48773	3071.592184			2.0		1.0	1.0					
3078.541	9.83999999999969	trials	5.0	3080.4371220000003	3082.1568100000004	3082.9288319999996	3083.577494	3077.2004939999997	3082.432842	3083.731	3084.832	1.0	1.0	1.0	1.0					
3088.896	5.644999999999982	trials	5.0	3090.5221439999996	3091.656384	3092.3775539999997	3093.17811	3088.392352	3091.7504360000003	3093.061	3094.541	1.0	1.0	1.0	1.0					
3096.611	7.055000000000291	trials	5.0	3098.7563579999996	3100.394588			3098.033482	3100.845222	3102.561	3103.666	2.0		1.0	1.0					
3106.412	5.234000000000378	trials	5.0	3108.1471	3109.994426	3110.958512	3111.6609959999996	3107.0604460000004	3110.416598			1.0	1.0	0.0	3.0					
3114.279	6.98700000000008	trials	5.0	3118.4664999999995	3119.6840679999996	3120.738332	3121.2787399999997	3117.837512	3120.175			1.0	1.0	0.0	3.0					
3125.056	8.599999999999909	trials	5.0	3130.456848	3132.398746	3133.2494319999996	3133.6689800000004	3129.5820160000003	3132.76411			1.0	2.0	0.0	3.0					
3136.561	7.145999999999731	trials	5.0	3140.567346	3141.7135479999997			3139.598666	3141.701774			1.0		0.0	2.0					
3147.716	48.35500000000002	trials	5.0	3191.5627539999996	3193.0671119999997			3190.851676	3193.910124			2.0		1.0	1.0					
3199.59	5.071999999999662	trials	5.0	3201.378202	3202.7471240000004	3204.2399619999997	3204.6747139999998	3199.6451159999997	3203.4474760000003			1.0	1.0	0.0	3.0					
3206.551	8.220000000000255	trials	5.0	3210.7822699999997	3212.797378	3214.184504	3214.7842520000004	3209.929292	3213.604192			1.0	1.0	0.0	3.0					
3216.541	29.065000000000055	trials	5.0	3240.6574600000004	3242.523986	3244.2574940000004	3245.6196600000003	3239.675918	3243.5894479999997			1.0	2.0	0.0	3.0					
3247.571	9.019999999999982	trials	5.0	3252.5421319999996	3253.73114			3251.6572779999997	3254.4249360000003	3256.271	3256.391	2.0		1.0	1.0					
3260.026	6.110000000000127	trials	5.0	3261.9123259999997	3263.91295	3265.799664	3266.1511840000003	3260.545376	3265.1315059999997			1.0	1.0	0.0	3.0					
3269.122	14.609000000000378	trials	5.0	3273.592324	3275.3316480000003	3277.551072	3278.2752259999997	3273.0205619999997	3276.9318940000003	3278.236	3279.761	1.0	1.0	1.0	1.0					
3283.781	6.014999999999873	trials	5.0	3285.462606	3286.809854	3287.531768	3288.3518160000003	3283.7458559999995	3286.799906	3288.247	3289.796	1.0	1.0	1.0	1.0					
3292.816	10.400000000000091	trials	5.0	3294.768116	3295.890724			3293.5077119999996	3297.0020459999996			2.0		1.0	1.0					
3304.031	4.204999999999927	trials	5.0	3305.74305	3306.8909700000004	3307.77103	3308.248238	3303.2311579999996	3307.221456			1.0	1.0	0.0	3.0					
3311.076	26.0	trials	5.0	3332.0376539999997	3333.317722	3336.631886	3337.089964	3331.0838599999997	3336.087498			1.0	1.0	0.0	3.0					
3338.943	6.3729999999995925	trials	5.0	3340.83291	3342.471386			3340.2331379999996	3342.968016			2.0		1.0	1.0					
3347.836	9.590000000000146	trials	5.0	3349.7729900000004	3351.420854			3348.4808599999997	3351.920526	3353.616	3353.691	2.0		1.0	1.0					
3358.477	5.169000000000324	trials	5.0	3360.148526	3361.8084280000003	3362.5742600000003	3363.3056100000003	3357.4414699999998	3361.7428900000004			1.0	1.0	1.0	1.0					
3367.096	2229.0849999999996	BlockDesign														1.0	289.0	467.0	10.0	50.0
3367.096	7.985999999999876	trials	6.0	3372.297692	3373.525146	3374.4900079999998	3375.0977000000003	3371.3439639999997	3373.894716			1.0	1.0	0.0	3.0					
3377.816	28.38500000000022	trials	6.0	3402.5583699999997	3403.7396820000004	3405.66247	3406.2135719999997	3401.7521100000004	3405.1787759999997			1.0	1.0	0.0	3.0					
3408.994	6.496999999999844	trials	6.0	3412.57376	3413.663652	3414.944542	3415.50591	3411.9878639999997	3414.429628			1.0	2.0	0.0	3.0					
3417.326	16.804999999999836	trials	6.0	3430.707956	3432.001964	3433.6564559999997	3434.143096	3430.0095439999996	3433.181546			1.0	1.0	0.0	3.0					
3437.971	8.264999999999873	trials	6.0	3442.64877	3444.1503780000003	3445.604692	3446.2491579999996	3441.695224	3445.037566			1.0	1.0	0.0	3.0					
3449.936	13.484999999999673	trials	6.0	3459.929644	3461.695256	3462.9095719999996	3463.437672	3459.0153520000003	3462.413096			1.0	2.0	0.0	3.0					
3465.226	11.264999999999873	trials	6.0	3473.555246	3474.9998699999996	3476.0010359999997	3476.5043299999998	3472.6045219999996	3475.494702			1.0	1.0	0.0	3.0					
3479.367	8.634000000000015	trials	6.0	3483.48866	3485.3637879999997	3486.26764	3486.8604859999996	3482.9824099999996	3485.8144199999997	3487.051	3488.001	1.0	2.0	1.0	1.0					
3491.021	5.0099999999997635	trials	6.0	3492.785162	3494.3694459999997	3495.45104	3496.0447219999996	3491.8389660000003	3494.8899380000003			1.0	2.0	0.0	3.0					
3497.776	11.690000000000055	trials	6.0	3505.06379	3506.463232			3504.2819179999997	3507.116688	3509.256	3509.356	2.0		1.0	1.0					
3513.001	21.434999999999945	trials	6.0	3530.7788280000004	3532.2641000000003	3534.0146299999997	3534.4524659999997	3530.0363799999996	3533.540194			1.0	1.0	0.0	3.0					
3537.377	9.014000000000124	trials	6.0	3542.7035020000003	3545.0569619999997	3545.8062200000004	3546.4052300000003	3542.0842759999996	3545.356906			1.0	2.0	0.0	3.0					
3550.122	7.454000000000178	trials	6.0	3553.190356	3555.2242079999996	3557.076296	3557.590172	3552.6239560000004	3556.53331			1.0	1.0	0.0	3.0					
3559.401	9.5	trials	6.0	3566.1289880000004	3567.433736	3568.393986	3568.917192	3565.386114	3567.9280799999997			1.0	2.0	0.0	3.0					
3571.731	5.904999999999745	trials	6.0	3574.3433400000004	3575.7185600000003	3577.2459660000004	3577.649034	3573.580054	3576.720848			1.0	1.0	0.0	3.0					
3581.606	9.805999999999585	trials	6.0	3587.083992	3588.3237719999997			3586.365568	3588.84663	3591.037	3591.231	2.0		1.0	1.0					
3593.926	6.195999999999913	trials	6.0	3595.984424	3597.5722400000004	3599.5449399999998	3600.1342240000004	3594.9854020000002	3598.725762			1.0	1.0	0.0	3.0					
3603.866	8.375	trials	6.0	3606.024292	3607.869418	3610.0319360000003	3610.68761	3605.5090360000004	3609.5025779999996	3610.846	3612.241	1.0	2.0	1.0	1.0					
3614.151	7.016000000000076	trials	6.0	3616.90834	3618.536696	3620.550762	3621.1836540000004	3616.163764	3619.9434279999996			1.0	2.0	0.0	3.0					
3622.912	14.920000000000073	trials	6.0	3631.533988	3633.146062	3635.697762	3636.4961460000004	3630.8154000000004	3635.171596	3636.421	3637.832	1.0	1.0	1.0	1.0					
3641.851	4.214999999999691	trials	6.0	3643.453816	3644.7360799999997	3645.5681539999996	3646.080126	3642.3587719999996	3645.0791799999997			1.0	1.0	0.0	3.0					
3649.882	42.02399999999989	trials	6.0	3687.3544979999997	3688.905992			3686.359622	3689.7894699999997			2.0		1.0	1.0					
3694.441	6.070000000000164	trials	6.0	3696.100944	3697.449802			3695.3033859999996	3698.104846			2.0		1.0	1.0					
3702.961	5.900000000000091	trials	6.0	3704.8740239999997	3706.0105320000002	3708.395904	3708.877974	3703.52437	3707.777422			1.0	1.0	0.0	3.0					
3711.766	12.190999999999804	trials	6.0	3716.21896	3718.130634			3715.6026460000003	3718.4834739999997			2.0		1.0	1.0					
3725.497	8.838999999999942	trials	6.0	3727.1690719999997	3728.2590579999996			3723.9722659999998	3728.8851720000002			2.0		1.0	1.0					
3734.801	4.875	trials	6.0	3736.5201180000004	3738.4910440000003	3739.3122700000004	3739.6912599999996	3734.3506420000003	3738.647784			1.0	1.0	0.0	3.0					
3743.671	7.789999999999964	trials	6.0	3746.844204	3748.3564020000003			3746.1979060000003	3749.0377399999998	3750.756	3751.461	2.0		1.0	1.0					
3753.527	7.813999999999851	trials	6.0	3756.0600940000004	3757.791394	3759.249532	3760.002694	3755.4366680000003	3758.365984	3760.006	3761.341	1.0	1.0	1.0	1.0					
3764.402	6.239000000000033	trials	6.0	3766.45935	3767.5855899999997			3764.96494	3768.365664			2.0		1.0	1.0					
3773.14	5.891000000000076	trials	6.0	3774.814918	3776.1134920000004			3773.458122	3776.628624	3778.576	3779.031	2.0		1.0	1.0					
3781.118	6.072999999999865	trials	6.0	3783.1496779999998	3784.7677839999997	3786.8198700000003	3787.204122	3782.3924779999998	3786.08723			1.0	1.0	0.0	3.0					
3790.131	7.951000000000022	trials	6.0	3793.431544	3795.427114	3796.206456	3796.8327799999997	3792.4918079999998	3795.586934	3796.906	3798.082	1.0	2.0	1.0	1.0					
3801.141	9.355999999999767	trials	6.0	3803.0202339999996	3804.1615199999997			3801.6263639999997	3805.2370419999997			2.0		1.0	1.0					
3811.466	5.039999999999964	trials	6.0	3813.169736	3814.5153499999997			3810.511826	3814.507872			1.0		0.0	2.0					
3818.556	11.315999999999804	trials	6.0	3824.5047759999998	3826.4079979999997	3827.81077	3828.4435320000002	3823.51178	3827.2945600000003	3828.601	3829.872	1.0	2.0	1.0	1.0					
3831.936	10.310999999999694	trials	6.0	3834.5202419999996	3835.9934380000004	3837.0011480000003	3837.7402819999998	3833.5282800000004	3836.485084	3837.601	3839.076	1.0	2.0	1.0	1.0					
3843.096	6.474999999999909	trials	6.0	3845.0496219999995	3846.67	3847.5393839999997	3848.2135980000003	3842.263682	3847.01714	3848.216	3849.571	1.0	2.0	1.0	1.0					
3852.612	5.143999999999778	trials	6.0	3854.7829979999997	3856.014392	3857.0256040000004	3857.770428	3853.0954760000004	3856.4941179999996			1.0	2.0	0.0	3.0					
3859.341	7.535000000000309	trials	6.0	3863.440472	3865.058054	3866.1271960000004	3866.891144	3862.7089720000004	3865.1635260000003			1.0	2.0	0.0	3.0					
3870.441	8.540000000000418	trials	6.0	3874.2303140000004	3875.70165			3873.3098980000004	3876.9392479999997	3878.586	3878.816	2.0		1.0	1.0					
3883.499	4.967000000000098	trials	6.0	3885.0399420000003	3887.0761540000003	3888.0559620000004	3888.4831480000003	3883.735872	3887.4215320000003			1.0	1.0	0.0	3.0					
3891.366	29.675000000000182	trials	6.0	3915.9200039999996	3917.79166	3918.9197780000004	3919.5783220000003	3915.2463740000003	3918.40481	3919.626	3921.041	1.0	2.0	1.0	1.0					
3923.151	10.25500000000011	trials	6.0	3925.9604360000003	3927.0535259999997			3925.2674079999997	3928.1512839999996	3929.972	3930.471	2.0		1.0	1.0					
3933.497	5.739000000000033	trials	6.0	3935.500228	3937.192194	3937.858064	3938.4082179999996	3933.4214819999997	3937.1897799999997			1.0		0.0	2.0					
3943.247	6.019000000000233	trials	6.0	3945.5848539999997	3947.3685299999997	3948.767524	3949.28039	3944.647624	3948.1860020000004			1.0	1.0	0.0	3.0					
3951.139	16.031999999999698	trials	6.0	3958.227078	3959.308658	3961.297136	3962.1471819999997	3957.2569940000003	3960.7296079999996	3961.941	3963.537	1.0	2.0	1.0	1.0					
3967.606	5.024999999999636	trials	6.0	3969.495412	3970.5952859999998	3971.878162	3972.6461799999997	3967.1870200000003	3971.370014			1.0	2.0	0.0	3.0					
3975.217	9.213999999999942	trials	6.0	3981.065818	3982.6777119999997	3983.906494	3984.446014	3980.06746	3983.259186			1.0	1.0	0.0	3.0					
3988.261	10.139999999999873	trials	6.0	3993.017092	3994.3122759999997	3996.224198	3997.0999439999996	3992.350066	3995.6584700000003	3996.971	3998.401	1.0	2.0	1.0	1.0					
4000.421	12.805000000000291	trials	6.0	4009.2951860000003	4010.8818039999996	4012.720494	4013.240602	4008.61244	4012.0252140000002			1.0	2.0	0.0	3.0					
4017.046	6.670000000000073	trials	6.0	4019.366304	4020.407174	4021.6967000000004	4022.481618	4018.5313459999998	4021.2052320000003	4022.446	4023.716	1.0	2.0	1.0	1.0					
4026.736	6.3400000000001455	trials	6.0	4028.490466	4030.0021640000004	4030.858934	4031.713906	4027.668826	4030.3663619999998	4031.611	4033.076	1.0	2.0	1.0	1.0					
4035.091	5.945999999999913	trials	6.0	4037.5455	4039.4828079999997	4040.4848	4041.05455	4036.6142819999995	4039.9235019999996			1.0	1.0	0.0	3.0					
4042.813	9.242999999999938	trials	6.0	4048.5902720000004	4050.046926	4051.318574	4052.0752899999998	4047.8115660000003	4050.7481559999997			1.0	2.0	0.0	3.0					
4055.63	20.121000000000095	trials	6.0	4070.4012000000002	4071.471026	4075.33827	4075.7668139999996	4069.707208	4074.8167519999997			1.0	1.0	0.0	3.0					
4077.656	13.1550000000002	trials	6.0	4082.892462	4084.7993759999995			4082.0478059999996	4085.2591199999997			2.0		1.0	1.0					
4090.841	6.684999999999945	trials	6.0	4092.497	4094.3764439999995	4095.5630799999994	4096.196206	4090.8153939999997	4095.015846	4096.211	4097.526	1.0	2.0	1.0	1.0					
4100.543	6.193000000000211	trials	6.0	4102.646672	4104.583758	4106.126034	4106.740282	4102.017384	4105.479568			1.0	2.0	0.0	3.0					
4109.461	15.859999999999673	trials	6.0	4122.362198	4123.683352	4124.893456	4125.322932	4121.515694	4124.368474			1.0	1.0	0.0	3.0					
4128.266	5.9950000000008	trials	6.0	4130.102543999999	4132.163172			4129.532466	4132.1196119999995	4133.841	4134.261	2.0		1.0	1.0					
4137.326	4.7960000000002765	trials	6.0	4138.8527779999995	4140.647384	4141.643876	4142.128016	4138.035252	4141.0488159999995			1.0	1.0	0.0	3.0					
4143.966	13.924999999999272	trials	6.0	4149.339308	4150.899378			4148.568776	4152.816142			2.0		1.0	1.0					
4159.446	6.074999999999818	trials	6.0	4160.992131999999	4162.69557	4163.509779999999	4164.16048	4157.892518	4162.947386	4164.366	4165.521	1.0	1.0	1.0	1.0					
4168.607	4.498999999999796	trials	6.0	4170.452872	4171.606314	4172.528845999999	4173.108154	4168.810071999999	4172.00736			1.0	1.0	0.0	3.0					
4174.881	15.889999999999418	trials	6.0	4181.512854	4183.439179999999	4185.119981999999	4185.833968	4180.995177999999	4184.575298	4185.931	4187.086	1.0	2.0	1.0	1.0					
4191.148	9.608000000000175	trials	6.0	4193.004089999999	4194.184504			4190.77655	4195.056412			2.0		1.0	1.0					
4202.276	4.920000000000073	trials	6.0	4203.912472	4205.189656			4200.758884	4205.17865			1.0		0.0	2.0					
4211.207	9.90899999999965	trials	6.0	4217.669362	4219.462288	4220.323284	4221.117698	4217.059015999999	4219.814944			1.0	2.0	0.0	3.0					
4222.666	13.385000000000218	trials	6.0	4231.733287999999	4233.484466			4230.817698	4233.8484			2.0		1.0	1.0					
4239.571	5.619999999999891	trials	6.0	4241.43812	4243.506015999999	4244.740057999999	4245.193126	4240.288307999999	4244.238163999999			1.0	1.0	0.0	3.0					
4248.139	8.311999999999898	trials	6.0	4252.173266	4253.954156	4255.751249999999	4256.453305999999	4251.610022	4255.123052			1.0	1.0	0.0	3.0					
4260.086	14.081000000000131	trials	6.0	4270.643142	4272.288595999999	4273.22865	4274.169156	4269.91152	4272.748374			1.0	2.0	0.0	3.0					
4275.561	10.40100000000075	trials	6.0	4281.848567999999	4283.847358	4285.52215	4285.964607999999	4281.289728	4284.9576959999995			1.0	1.0	0.0	3.0					
4287.89	22.146999999999935	trials	6.0	4305.157985999999	4306.927253999999	4307.904512	4308.7270419999995	4304.401003999999	4307.416842	4308.601	4310.037	1.0	2.0	1.0	1.0					
4314.071	9.74499999999989	trials	6.0	4315.928943999999	4317.610624			4314.363468	4318.1404059999995			2.0		1.0	1.0					
4324.971	4.316000000000713	trials	6.0	4326.873016	4328.0148739999995	4328.800523999999	4329.291773999999	4323.81799	4328.234186			1.0	1.0	0.0	3.0					
4331.136	9.979999999999563	trials	6.0	4336.068491999999	4337.879497999999	4338.808206	4339.8517999999995	4335.50441	4338.253164	4339.412	4341.116	1.0	2.0	1.0	1.0					
4344.196	7.399999999999636	trials	6.0	4346.968395999999	4348.185264	4349.414666	4350.252912	4345.979566	4348.876216	4350.096	4351.596	1.0	2.0	1.0	1.0					
4354.656	8.265000000000327	trials	6.0	4356.867924	4358.8271939999995	4359.62897	4360.422326	4355.940256	4359.135982	4360.366	4362.921	1.0	2.0	1.0	1.0					
4364.961	10.664999999999964	trials	6.0	4367.264122	4369.253056			4366.623302	4369.371142			2.0		1.0	1.0					
4376.526	4.864999999999782	trials	6.0	4378.238208	4379.6899539999995	4380.78074	4381.395766	4375.63076	4380.095584			1.0	2.0	0.0	3.0					
4385.106	7.545000000000073	trials	6.0	4388.81815	4389.89676	4392.209634	4392.654684	4388.306009999999	4391.475708			1.0	1.0	0.0	3.0					
4396.541	14.38000000000011	trials	6.0	4405.783106	4407.205042			4405.136646	4407.892196	4409.639	4410.921	2.0		1.0	1.0					
4412.981	6.516000000000531	trials	6.0	4416.513588	4418.01556	4418.863652	4419.503376	4415.554634	4418.267567999999			1.0	1.0	0.0	3.0					
4422.196	7.524999999999636	trials	6.0	4426.6705139999995	4428.117512	4429.06269	4429.726076	4426.065495999999	4428.553174			1.0	2.0	0.0	3.0					
4432.423	10.518000000000029	trials	6.0	4436.970318	4438.382122	4440.74871	4441.574536	4436.402714	4440.124495999999	4441.541	4442.941	1.0	2.0	1.0	1.0					
4447.026	11.44000000000051	trials	6.0	4449.38401	4450.797858	4452.0107	4452.939461999999	4448.408914	4451.484259999999	4452.791	4454.461	1.0	2.0	1.0	1.0					
4458.481	4.610000000000582	trials	6.0	4460.233464	4461.421388	4462.3203699999995	4463.094851999999	4458.471968	4461.745424			1.0	2.0	0.0	3.0					
4464.666	9.264999999999418	trials	6.0	4471.474115999999	4472.530444	4473.593688	4473.935656	4470.469184	4473.02493			1.0	1.0	0.0	3.0					
4477.916	9.666000000000167	trials	6.0	4483.2241699999995	4485.0755039999995			4482.536698	4485.28597			2.0		1.0	1.0					
4491.159	5.787000000000262	trials	6.0	4493.068609999999	4494.9401419999995			4491.359566	4494.931353999999			1.0		0.0	2.0					
4499.993	25.39799999999923	trials	6.0	4521.804204	4523.330406	4525.054553999999	4525.373952	4521.199898	4523.325922			2.0		0.0	2.0					
4527.441	8.395000000000437	trials	6.0	4531.8891699999995	4533.815864	4535.216844	4535.843196	4531.119989999999	4534.558128			1.0	1.0	0.0	3.0					
4537.556	15.294000000000779	trials	6.0	4547.57882	4549.54435	4550.448558	4551.053916	4546.771073999999	4549.9680499999995	4551.123	4552.85	1.0	2.0	1.0	1.0					
4556.571	4.886000000000422	trials	6.0	4558.380658	4559.833466	4560.782918	4561.4602239999995	4557.1617559999995	4560.275414			1.0	2.0	0.0	3.0					
4563.106	10.431000000000495	trials	6.0	4570.559864	4572.250408	4573.184646	4573.539769999999	4569.9254679999995	4572.6124899999995			1.0	1.0	0.0	3.0					
4576.511	15.43499999999949	trials	6.0	4586.97916	4588.672188	4589.69543	4590.46808	4586.155838	4589.212344	4590.346	4591.946	1.0	2.0	1.0	1.0					
4594.966	10.75	trials	6.0	4596.834089999999	4598.615551999999			4596.05185	4599.015292			2.0		1.0	1.0					
4606.164	5.373000000000502	trials	6.0	4608.099491999999	4609.5311			4605.7233639999995	4609.5193659999995			1.0		0.0	2.0					
4614.582	9.513999999999214	trials	6.0	4619.624302	4621.2873739999995			4618.968664	4622.014246			2.0		1.0	1.0					
4626.613	5.719000000000051	trials	6.0	4628.819428	4630.350234	4631.698176	4632.3387379999995	4628.036996	4631.086522			1.0	2.0	0.0	3.0					
4634.031	13.676000000000386	trials	6.0	4644.3643759999995	4645.773598	4647.132356	4647.715185999999	4643.6858139999995	4646.6158			1.0	2.0	0.0	3.0					
4649.456	14.574999999999818	trials	6.0	4660.560586	4662.4166	4663.5602659999995	4664.034917999999	4659.672912	4663.005568			1.0	1.0	0.0	3.0					
4666.886	25.394999999999527	trials	6.0	4688.1241119999995	4689.695608	4690.61652	4690.962738	4687.483466	4690.19016	4691.361	4692.281	1.0	2.0	1.0	1.0					
4695.342	6.365000000000691	trials	6.0	4697.159409999999	4698.953144			4696.430399999999	4699.685681999999			2.0		1.0	1.0					
4704.241	6.5349999999998545	trials	6.0	4705.841122	4707.566253999999	4708.80452	4709.493092	4704.879967999999	4708.324702	4709.581	4710.776	1.0	2.0	1.0	1.0					
4714.796	6.670000000000073	trials	6.0	4716.889824	4718.500835999999			4716.3207219999995	4719.09808	4721.056	4721.466	2.0		1.0	1.0					
4723.573	6.76299999999992	trials	6.0	4725.659667999999	4726.813529999999	4728.182132	4728.956544	4724.66966	4727.552022	4728.881	4730.336	1.0	2.0	1.0	1.0					
4732.231	7.300000000000182	trials	6.0	4734.349848	4735.813936	4737.153122	4737.948364	4733.833052	4736.65855	4738.011	4739.531	1.0	2.0	1.0	1.0					
4742.551	5.469999999999345	trials	6.0	4744.24445	4745.961342	4746.901199999999	4747.411226	4742.985648	4745.956584			1.0		0.0	2.0					
4751.041	7.014999999999418	trials	6.0	4755.341288	4756.439714	4757.623584	4758.062996	4754.374844	4757.030196			1.0	1.0	0.0	3.0					
4761.992	9.28899999999976	trials	6.0	4767.6997599999995	4769.516449999999	4770.6461739999995	4771.287762	4767.13495	4770.182315999999			1.0	2.0	0.0	3.0					
4774.981	7.735000000000582	trials	6.0	4779.524603999999	4781.406244	4782.341633999999	4782.711047999999	4778.821808	4781.8066739999995			1.0	1.0	0.0	3.0					
4786.671	9.579999999999927	trials	6.0	4792.265399999999	4794.2578699999995	4795.365392	4796.256031999999	4791.530134	4794.818904			1.0	2.0	0.0	3.0					
4798.686	13.545000000000073	trials	6.0	4804.319721999999	4805.471958			4803.467557999999	4806.323386			2.0		1.0	1.0					
4813.051	4.4099999999998545	trials	6.0	4814.709632	4816.003326	4816.861894	4817.469668	4812.23662	4816.31624			1.0	1.0	0.0	3.0					
4820.192	7.269000000000233	trials	6.0	4823.619527999999	4824.776814	4826.569751999999	4827.469136	4823.10492	4825.94587			1.0	2.0	0.0	3.0					
4829.946	6.966000000000349	trials	6.0	4833.921268	4835.142137999999	4836.296888	4836.914438	4833.243783999999	4835.757963999999			1.0	1.0	0.0	3.0					
4838.657	9.715000000000146	trials	6.0	4843.84124	4845.7219319999995	4846.480124	4847.05174	4843.304408	4846.044456	4847.301	4848.372	1.0	2.0	1.0	1.0					
4850.451	7.760000000000218	trials	6.0	4853.200247999999	4854.899536			4852.6465259999995	4855.749916			2.0		1.0	1.0					
4860.683	10.158000000000357	trials	6.0	4862.6461739999995	4863.817274			4861.369008	4865.444218			2.0		1.0	1.0					
4872.091	4.489999999999782	trials	6.0	4873.615134	4875.277316	4876.1996819999995	4876.586109999999	4870.849732	4875.603945999999			1.0	1.0	0.0	3.0					
4878.571	13.784999999999854	trials	6.0	4887.289761999999	4888.9139239999995	4889.870042	4890.75181	4886.75099	4889.302764	4890.616	4892.356	1.0	2.0	1.0	1.0					
4894.151	12.965000000000146	trials	6.0	4897.7449799999995	4899.356903999999	4900.807792	4901.746696	4896.913055999999	4900.285706	4901.616	4903.136	1.0	2.0	1.0	1.0					
4907.156	4.885000000000218	trials	6.0	4908.890872	4909.991959999999	4910.56286	4910.941906	4907.119774	4909.9855959999995			1.0		0.0	2.0					
4916.051	7.264999999999418	trials	6.0	4920.115268	4921.402622	4922.788208	4923.321838	4919.201214	4921.903724			1.0	1.0	0.0	3.0					
4926.116	16.88500000000022	trials	6.0	4939.806102	4941.437172	4942.323536	4943.009102	4938.934894	4941.8512359999995			1.0	2.0	0.0	3.0					
4945.651	10.585000000000036	trials	6.0	4951.271817999999	4952.994248			4950.679185999999	4953.679811999999	4955.326	4956.236	2.0		1.0	1.0					
4958.118	6.7979999999997744	trials	6.0	4961.5657439999995	4963.3318	4964.201364	4964.922724	4960.751686	4963.647516			1.0	2.0	0.0	3.0					
4967.576	10.21100000000024	trials	6.0	4973.015646	4974.472546			4972.164382	4975.230536			2.0		1.0	1.0					
4980.261	7.074999999999818	trials	6.0	4982.360565999999	4984.165692	4985.0913519999995	4985.86382	4981.83933	4984.575763999999	4985.806	4987.336	1.0	2.0	1.0	1.0					
4990.356	5.6950000000006185	trials	6.0	4992.315839999999	4993.677699999999	4995.289036	4996.058725999999	4991.25387	4994.81146			1.0	2.0	0.0	3.0					
4997.636	10.134999999999309	trials	6.0	5004.695416	5005.8528559999995	5007.318122	5007.777488	5004.020616	5006.823136			1.0	1.0	0.0	3.0					
5010.669	11.99200000000019	trials	6.0	5018.225853999999	5019.347855999999			5017.55794	5020.290427999999			2.0		1.0	1.0					
5026.116	6.881000000000313	trials	6.0	5027.855866	5029.802748	5030.8516039999995	5031.645049999999	5026.595432	5030.323068	5031.526	5032.997	1.0	2.0	1.0	1.0					
5035.057	8.158000000000357	trials	6.0	5038.531046	5040.400352			5037.521428	5040.76094			2.0		1.0	1.0					
5046.782	9.938999999999396	trials	6.0	5048.606044	5050.127307999999			5046.861892	5051.35826			2.0		1.0	1.0					
5057.961	9.394999999999527	trials	6.0	5059.92642	5061.812554			5056.729788	5062.162386			2.0		1.0	1.0					
5067.841	5.445999999999913	trials	6.0	5069.580604	5071.387895999999	5072.735473999999	5073.295351999999	5067.363829999999	5072.093519999999			1.0	2.0	0.0	3.0					
5077.096	6.151000000000749	trials	6.0	5079.632175999999	5081.028678	5082.69675	5083.250598	5078.847003999999	5082.005004			1.0	1.0	0.0	3.0					
5087.026	12.181000000000495	trials	6.0	5090.785812	5092.358034			5089.867016	5092.959416			2.0		1.0	1.0					
5099.631	4.875	trials	6.0	5101.265996	5103.249908	5104.02607	5104.513878	5099.212031999999	5103.436462			1.0	1.0	0.0	3.0					
5108.351	5.0700000000006185	trials	6.0	5110.500787999999	5111.9919899999995	5112.837514	5113.429209999999	5109.698122	5112.33407			1.0	2.0	0.0	3.0					
5115.162	12.90899999999965	trials	6.0	5123.575792	5124.9257099999995	5126.022562	5126.779186	5122.641944	5125.456039999999	5126.676	5128.071	1.0	2.0	1.0	1.0					
5131.136	7.2849999999998545	trials	6.0	5133.391298	5134.867552	5136.098108	5136.796428	5132.388438	5135.571136	5136.816	5138.421	1.0	2.0	1.0	1.0					
5142.326	5.220000000000255	trials	6.0	5143.977448	5145.3304339999995	5146.7759559999995	5147.554528	5142.741942	5146.235186			1.0	2.0	0.0	3.0					
5151.106	8.681000000000495	trials	6.0	5155.651245999999	5157.06794	5159.364501999999	5159.793481999999	5155.09196	5158.770038			1.0	1.0	0.0	3.0					
5161.686	9.19000000000051	trials	6.0	5167.781301999999	5169.324814	5170.278367999999	5170.884593999999	5167.070952	5169.756179999999			1.0	2.0	0.0	3.0					
5173.601	19.460000000000036	trials	6.0	5187.695938	5189.558059999999	5190.915102	5191.593976	5187.09585	5190.260157999999	5191.636	5193.061	1.0	2.0	1.0	1.0					
5194.93	5.750999999999294	trials	6.0	5197.41595	5199.2213919999995	5200.150841999999	5200.687742	5196.847615999999	5199.616308			1.0	1.0	0.0	3.0					
5204.476	9.329999999999927	trials	6.0	5210.6562619999995	5212.337656	5213.320565999999	5213.813582	5210.114055999999	5212.835872			1.0	2.0	0.0	3.0					
5215.651	11.520000000000437	trials	6.0	5223.196886	5224.928488	5226.486199999999	5227.180176	5222.56885	5225.7700159999995			1.0	2.0	0.0	3.0					
5229.852	12.984000000000378	trials	6.0	5239.441589999999	5241.399256	5242.309466	5242.84247	5238.476008	5241.849281999999			1.0	2.0	0.0	3.0					
5244.666	12.399999999999636	trials	6.0	5252.085974	5253.4396019999995	5256.369202	5257.074814	5251.108606	5255.799454			1.0	1.0	0.0	3.0					
5258.701	17.631000000000313	trials	6.0	5271.1368919999995	5272.798623999999	5274.461593999999	5274.995489999999	5270.413638	5273.920029999999	5275.226	5276.332	1.0	2.0	1.0	1.0					
5279.394	6.786999999999352	trials	6.0	5281.633331999999	5282.759677999999	5285.608638	5286.18922	5281.041579999999	5285.035545999999			1.0	2.0	0.0	3.0					
5288.926	13.639999999999418	trials	6.0	5297.821634	5299.413189999999	5301.861472	5302.571207999999	5297.1475359999995	5301.342842			1.0	1.0	0.0	3.0					
5305.186	20.530000000000655	trials	6.0	5319.093542	5320.404618	5323.703055999999	5324.390448	5318.525856	5323.191957999999	5324.346	5325.716	1.0	2.0	1.0	1.0					
5329.781	5.279999999999745	trials	6.0	5331.626278	5333.0583019999995	5333.630652	5333.987886	5330.573012	5333.048478			1.0		0.0	2.0					
5338.076	10.61999999999989	trials	6.0	5343.366754	5345.5988179999995			5342.448396	5346.4845239999995			2.0		1.0	1.0					
5352.128	5.677999999999884	trials	6.0	5354.026838	5355.723688	5357.272212	5357.813612	5352.788708	5356.746834			1.0	2.0	0.0	3.0					
5359.601	25.94500000000062	trials	6.0	5381.577579999999	5383.617104	5385.115586	5385.553355999999	5381.05131	5384.473588			1.0	1.0	0.0	3.0					
5388.491	14.109999999999673	trials	6.0	5394.461966	5395.657668			5393.851385999999	5396.782741999999			2.0		1.0	1.0					
5403.456	5.385000000000218	trials	6.0	5405.09322	5406.856892	5408.051226	5408.849131999999	5402.60658	5407.474364			1.0	2.0	0.0	3.0					
5412.381	9.269999999999527	trials	6.0	5418.201778	5419.590279999999	5421.052502	5421.656814	5417.280457999999	5420.39413			1.0	2.0	0.0	3.0					
5425.381	24.979999999999563	trials	6.0	5445.946849999999	5447.446054	5449.767245999999	5450.367313999999	5445.247734	5449.0359579999995			1.0	2.0	0.0	3.0					
5452.136	16.05999999999949	trials	6.0	5460.232378	5462.207762			5459.582714	5462.480614			2.0		1.0	1.0					
5469.276	5.335000000000036	trials	6.0	5470.836891999999	5471.854184	5474.033579999999	5474.620438	5468.204538	5472.625892			1.0	1.0	0.0	3.0					
5476.351	11.720000000000255	trials	6.0	5482.923906	5483.988375999999	5485.594024	5486.464212	5481.966625999999	5485.09404	5486.276	5488.071	1.0	2.0	1.0	1.0					
5490.846	5.850000000000364	trials	6.0	5493.173742	5495.06516	5496.089334	5496.705774	5492.505921999999	5495.55765			1.0	2.0	0.0	3.0					
5498.414	22.47699999999986	trials	6.0	5512.947604	5514.56662			5512.158853999999	5515.204127999999			2.0		1.0	1.0					
5521.846	5.441000000000713	trials	6.0	5523.621926	5525.289138			5520.900283999999	5525.27423			1.0		0.0	2.0					
5529.296	13.174999999999272	trials	6.0	5538.017535999999	5539.920192			5537.068509999999	5540.203968			2.0		1.0	1.0					
5545.986	7.074999999999818	trials	6.0	5547.924161999999	5549.209112	5551.0508279999995	5551.76281	5546.380929999999	5550.407944	5551.832	5553.061	1.0	2.0	1.0	1.0					
5557.082	6.554000000000087	trials	6.0	5558.987733999999	5560.326824			5557.687763999999	5560.97254			2.0		1.0	1.0					
5566.167	8.34899999999925	trials	6.0	5568.523413999999	5570.09279	5571.963054	5572.963576	5567.641694	5571.422208	5572.671	5574.516	1.0	2.0	1.0	1.0					
5577.578	8.362999999999374	trials	6.0	5579.303013999999	5580.68197	5583.6642919999995	5584.421754	5578.462984	5583.014273999999	5584.326	5585.941	1.0	2.0	1.0	1.0					
5587.996	8.18499999999949	trials	6.0	5590.924214	5592.8544759999995	5593.85489	5594.718746	5590.314342	5593.395769999999	5594.591	5596.181	1.0	2.0	1.0	1.0					
5599.247	4418.726	BlockDesign														1.0	468.0	822.0	90.0	50.0
5599.247	9.903999999999542	trials	7.0	5601.192913999999	5602.69312			5600.304042	5603.39269	5605.156	5605.676	2.0		1.0	1.0					
5609.741	4.841000000000349	trials	7.0	5611.542297999999	5612.724584	5613.841665999999	5614.588513999999	5609.158586	5612.936683999999			1.0	2.0	0.0	3.0					
5616.166	12.68499999999949	trials	7.0	5623.167412	5624.989261999999	5626.7648739999995	5627.393378	5622.515337999999	5625.924489999999	5627.551	5628.851	1.0	1.0	1.0	1.0					
5630.972	5.775000000000546	trials	7.0	5633.247563999999	5635.204022	5636.012986	5636.755569999999	5632.475152	5635.533281999999			1.0	2.0	0.0	3.0					
5640.416	9.264999999999418	trials	7.0	5644.737598	5646.36443	5647.421211999999	5648.215926	5643.746273999999	5646.774108	5648.082	5649.681	1.0	1.0	1.0	1.0					
5653.727	34.873999999999796	trials	7.0	5684.433069999999	5685.886297999999	5686.859624	5687.377074	5683.7098559999995	5686.40215	5687.572	5688.601	1.0	2.0	1.0	1.0					
5692.666	11.729999999999563	trials	7.0	5701.348308	5702.905973999999	5703.790687999999	5704.404313999999	5700.736441999999	5703.360769999999			1.0	2.0	0.0	3.0					
5707.122	13.738999999999578	trials	7.0	5713.082829999999	5714.54894			5712.210155999999	5715.106481999999			2.0		1.0	1.0					
5721.872	4.519999999999527	trials	7.0	5723.878213999999	5724.324957999999			5720.868922	5724.319046			1.0		0.0	2.0					
5729.451	14.664999999999964	trials	7.0	5740.862966	5742.065799999999			5740.155118	5742.0537699999995			1.0		0.0	2.0					
5748.176	17.28099999999995	trials	7.0	5762.143969999999	5764.05149	5764.974399999999	5765.463787999999	5761.636476	5764.462901999999			1.0	2.0	0.0	3.0					
5767.256	9.054999999999382	trials	7.0	5771.773649999999	5772.979722			5770.792168	5773.831106			2.0		1.0	1.0					
5778.756	10.295000000000073	trials	7.0	5780.678722	5782.364963999999			5779.957445999999	5783.139918			2.0		1.0	1.0					
5790.386	8.679999999999382	trials	7.0	5792.168095999999	5793.915534			5789.059534	5794.0137159999995			2.0		1.0	1.0					
5800.026	5.039999999999964	trials	7.0	5801.579048	5803.0156799999995			5799.0768	5803.0127919999995			1.0		0.0	2.0					
5807.076	9.489999999999782	trials	7.0	5811.8781659999995	5813.186995999999	5814.325639999999	5815.086267999999	5810.941908	5813.847785999999	5815.096	5816.566	1.0	2.0	1.0	1.0					
5818.591	7.695999999999913	trials	7.0	5821.7431639999995	5822.8627799999995	5824.142602	5824.9720959999995	5820.738964	5823.626534	5824.997	5826.287	1.0	2.0	1.0	1.0					
5829.349	7.931999999999789	trials	7.0	5834.3986079999995	5835.65774	5836.53494	5837.2903799999995	5833.698682	5836.09044			1.0	2.0	0.0	3.0					
5839.901	10.221000000000458	trials	7.0	5844.998308	5846.429711999999	5848.1146499999995	5848.803024	5844.03449	5847.604875999999	5848.951	5850.122	1.0	1.0	1.0	1.0					
5852.181	10.075000000000728	trials	7.0	5854.5241399999995	5855.749968			5853.722438	5857.159968			2.0		1.0	1.0					
5863.886	4.889999999999418	trials	7.0	5865.743904	5866.7782879999995	5867.517371999999	5867.635259999999	5862.26711	5866.771234			1.0		0.0	2.0					
5870.811	9.860000000000582	trials	7.0	5877.260592	5879.07047	5880.086606	5880.682972	5876.48046	5879.605455999999			1.0	2.0	0.0	3.0					
5883.462	23.77899999999954	trials	7.0	5901.309528	5902.955889999999	5904.943174	5905.660806	5900.54169	5904.453272	5905.582	5907.241	1.0	2.0	1.0	1.0					
5909.036	8.68499999999949	trials	7.0	5912.729028	5913.792915999999	5915.193582	5916.041732	5911.886398	5914.620919999999	5915.881	5917.721	1.0	2.0	1.0	1.0					
5920.532	5.247000000000298	trials	7.0	5922.175722	5924.228938	5925.091692	5925.787791999999	5920.915999999999	5924.604977999999			1.0	2.0	0.0	3.0					
5928.412	15.710000000000036	trials	7.0	5938.994154	5940.540408	5941.972656	5942.771322	5938.19916	5941.43095	5942.646	5944.122	1.0	1.0	1.0	1.0					
5947.186	6.371000000000095	trials	7.0	5948.93939	5950.553			5948.026132	5951.4075139999995			2.0		1.0	1.0					
5956.091	6.5549999999993815	trials	7.0	5957.734109999999	5959.264015999999	5960.148232	5960.984756	5956.23949	5959.600842	5960.826	5962.646	1.0	1.0	1.0	1.0					
5965.712	5.258999999999105	trials	7.0	5967.613837999999	5968.916053999999	5969.901373999999	5970.1068159999995	5966.175302	5968.904597999999			1.0		0.0	2.0					
5973.981	7.650000000000546	trials	7.0	5977.713812	5979.530949999999	5980.232943999999	5980.6017059999995	5976.722887999999	5979.524509999999			1.0		0.0	2.0					
5983.632	11.454000000000633	trials	7.0	5991.584768	5993.318045999999	5994.503823999999	5995.096232	5990.878688	5993.904336			1.0	1.0	0.0	3.0					
5998.872	9.648999999999432	trials	7.0	6003.800934	6005.014295999999			6002.841318	6006.074844			2.0		1.0	1.0					
6012.051	5.169999999999163	trials	7.0	6013.783923999999	6015.659463999999	6016.610132	6017.231682	6012.252888	6016.16601			1.0	2.0	0.0	3.0					
6020.966	7.399999999999636	trials	7.0	6023.819358	6024.933008			6023.215209999999	6025.89304	6027.816	6028.366	2.0		1.0	1.0					
6030.413	7.438000000000102	trials	7.0	6034.26107	6036.012312	6037.316809999999	6037.859692	6033.396236	6036.770946			1.0	2.0	0.0	3.0					
6041.636	8.43499999999949	trials	7.0	6044.7607179999995	6046.700826	6047.831507999999	6048.582468	6044.062341999999	6047.049771999999	6048.571	6050.071	1.0	2.0	1.0	1.0					
6051.951	6.9350000000004	trials	7.0	6055.27567	6056.892664			6054.320846	6056.8797859999995			2.0		0.0	2.0					
6060.896	14.430000000000291	trials	7.0	6066.730156	6068.401715999999	6069.373836	6070.260397999999	6065.999264	6068.848644	6070.031	6071.666	1.0	2.0	1.0	1.0					
6075.678	6.393000000000029	trials	7.0	6077.4298579999995	6078.8611439999995	6079.6548139999995	6080.464586	6075.333966	6079.197576	6080.311	6082.071	1.0	2.0	1.0	1.0					
6083.886	5.9099999999998545	trials	7.0	6086.189533999999	6088.076145999999	6089.115458	6089.80811	6085.46693	6088.626004			1.0	2.0	0.0	3.0					
6093.481	14.395000000000437	trials	7.0	6099.105234	6100.361097999999			6098.5935	6101.231358			2.0		1.0	1.0					
6108.177	6.709000000000742	trials	7.0	6110.17598	6111.766704	6112.923244	6113.700878	6107.887212	6112.244146	6113.596	6114.886	1.0	1.0	1.0	1.0					
6117.951	7.454999999999927	trials	7.0	6120.444662	6121.963232	6122.872572	6123.753536	6118.628248	6122.301469999999	6123.561	6125.406	1.0	1.0	1.0	1.0					
6127.461	11.079999999999927	trials	7.0	6129.904737999999	6131.71124	6132.629403999999	6133.428099999999	6129.14903	6132.049406	6133.346	6135.881	1.0	1.0	1.0	1.0					
6138.901	4.630000000000109	trials	7.0	6140.636132	6141.532218	6142.2077819999995	6142.63898	6138.553268	6141.520186			1.0		0.0	2.0					
6145.542	9.15899999999965	trials	7.0	6151.606121999999	6153.328216	6154.16029	6154.712742	6150.67073	6153.623866			1.0	2.0	0.0	3.0					
6157.522	11.868999999999687	trials	7.0	6164.636594	6166.388292			6164.014396	6167.21817			2.0		1.0	1.0					
6174.007	8.064000000000306	trials	7.0	6176.01123	6177.517153999999	6180.452904	6181.033018	6174.110973999999	6178.4748739999995	6181.176	6182.071	1.0	1.0	1.0	1.0					
6185.136	7.039999999999964	trials	7.0	6187.435509999999	6189.238174	6190.170278	6190.863794	6186.574828	6189.5728659999995	6190.816	6192.176	1.0	2.0	1.0	1.0					
6195.247	11.213999999999942	trials	7.0	6197.520332	6199.388766	6200.5213539999995	6201.419341999999	6196.295188	6199.7856839999995	6201.386	6202.761	1.0	2.0	1.0	1.0					
6206.787	6.588999999999942	trials	7.0	6208.505082	6210.046797999999	6210.83511	6211.649981999999	6206.471968	6210.303701999999	6211.586	6213.376	1.0	1.0	1.0	1.0					
6215.446	7.520000000000437	trials	7.0	6217.783938	6218.8685399999995	6220.315516	6221.170708	6217.109918	6219.659002	6221.001	6222.966	1.0	1.0	1.0	1.0					
6225.066	6.489999999999782	trials	7.0	6226.770618	6228.000351999999	6229.023438	6229.7799239999995	6226.199144	6228.547543999999	6229.751	6231.556	1.0	1.0	1.0	1.0					
6233.582	5.0239999999994325	trials	7.0	6235.2213919999995	6236.557714	6237.224392	6237.545246	6234.539274	6236.543636			1.0		0.0	2.0					
6241.616	10.510000000000218	trials	7.0	6247.435637999999	6248.558827999999			6246.482264	6249.94952			2.0		1.0	1.0					
6254.592	9.809000000000196	trials	7.0	6256.809712	6257.937252			6255.857513999999	6258.647524	6260.711	6261.307	2.0		1.0	1.0					
6265.371	4.489999999999782	trials	7.0	6266.965042	6267.861564	6268.494686	6268.738812	6264.411618	6267.851967999999			1.0		0.0	2.0					
6271.872	8.706000000000131	trials	7.0	6275.520399999999	6276.8832919999995	6278.117748	6278.945682	6274.79307	6277.546839999999	6278.792	6280.578	1.0	2.0	1.0	1.0					
6283.596	10.175000000000182	trials	7.0	6290.810958	6292.263396	6293.155381999999	6293.7838759999995	6289.8113459999995	6292.6469799999995			1.0	2.0	0.0	3.0					
6296.561	11.855000000000473	trials	7.0	6303.016207999999	6304.779285999999	6305.8566519999995	6306.660019999999	6302.370976	6305.244095999999	6306.542	6308.416	1.0	1.0	1.0	1.0					
6310.436	6.440000000000509	trials	7.0	6313.625634	6315.110708	6316.327778	6316.890024	6312.761117999999	6315.627278			1.0	2.0	0.0	3.0					
6318.646	16.061000000000604	trials	7.0	6328.750144	6330.527652	6332.24252	6333.010393999999	6327.811926	6331.093064	6332.936	6334.707	1.0	1.0	1.0	1.0					
6337.784	7.382000000000517	trials	7.0	6339.365366	6341.046501999999	6342.47552	6343.3420639999995	6338.418353999999	6341.688937999999	6343.191	6345.166	1.0	1.0	1.0	1.0					
6348.216	9.229999999999563	trials	7.0	6350.715552	6352.29083			6350.077012	6352.747072			2.0		1.0	1.0					
6359.326	4.131000000000313	trials	7.0	6361.387516	6361.462078			6357.45679	6361.454126			1.0		0.0	2.0					
6367.463	11.733000000000175	trials	7.0	6375.040653999999	6376.098813999999			6374.459738	6377.101498			2.0		1.0	1.0					
6383.692	6.220000000000255	trials	7.0	6385.347395999999	6386.804122	6388.021314	6388.658879999999	6384.22956	6387.524836	6388.707	6389.912	1.0	2.0	1.0	1.0					
6393.008	9.043000000000575	trials	7.0	6394.911333999999	6396.124459999999			6393.653925999999	6396.733356			2.0		1.0	1.0					
6402.705	4.4909999999999854	trials	7.0	6404.262314	6405.75849	6406.735048	6407.208479999999	6402.062354	6406.090797999999			1.0	2.0	0.0	3.0					
6410.106	8.99499999999989	trials	7.0	6413.931352	6415.412388	6416.647805999999	6417.485215999999	6413.147766	6416.061545999999	6417.391	6419.101	1.0	1.0	1.0	1.0					
6422.122	6.658999999999651	trials	7.0	6424.036236	6425.474168	6426.433074	6427.202556	6423.3603459999995	6425.915696	6427.186	6428.781	1.0	1.0	1.0	1.0					
6430.875	10.435999999999694	trials	7.0	6432.951117999999	6434.186417999999	6435.38638	6436.332791999999	6432.419934	6434.724286	6436.011	6437.986	1.0	1.0	1.0	1.0					
6442.051	4.859999999999673	trials	7.0	6443.6007819999995	6444.91359	6445.411872	6445.7532599999995	6441.323838	6444.902131999999			1.0		0.0	2.0					
6448.921	7.184999999999491	trials	7.0	6452.97249	6454.253438	6455.416627999999	6456.117478	6452.445798	6454.853031999999			1.0	2.0	0.0	3.0					
6459.826	9.140000000000327	trials	7.0	6465.666228	6467.190874	6468.225033999999	6468.976726	6464.697953999999	6467.570422			1.0	1.0	0.0	3.0					
6472.551	49.79999999999927	trials	7.0	6517.442444	6519.01189			6516.511852	6519.863378			2.0		1.0	1.0					
6524.866	5.479999999999563	trials	7.0	6527.062121999999	6528.298314			6526.1271019999995	6528.293814			1.0		0.0	2.0					
6534.401	23.11999999999989	trials	7.0	6552.366676	6553.7083	6556.683272	6556.868415999999	6551.586694	6553.696464			1.0		0.0	2.0					
6557.756	13.579999999999927	trials	7.0	6566.901994	6568.782827999999			6566.364428	6569.09488			2.0		1.0	1.0					
6573.842	7.378999999999905	trials	7.0	6575.896676	6577.2657039999995	6579.158541999999	6579.92761	6575.138068	6578.468462	6579.881	6581.221	1.0	1.0	1.0	1.0					
6583.121	7.140000000000327	trials	7.0	6585.61181	6587.054812	6588.147284	6588.832495999999	6584.96375	6587.650095999999	6588.846	6590.261	1.0	1.0	1.0	1.0					
6594.281	28.75	trials	7.0	6615.3486299999995	6616.633545999999			6614.733797999999	6617.827993999999			2.0		1.0	1.0					
6623.457	5.1340000000000146	trials	7.0	6625.267286	6626.908216	6627.87722	6628.603954	6623.0437	6627.3581699999995			1.0	2.0	0.0	3.0					
6632.256	9.799999999999272	trials	7.0	6637.692304	6639.203831999999			6636.796686	6639.9205919999995			2.0		1.0	1.0					
6645.491	6.074999999999818	trials	7.0	6647.408126	6648.568808	6649.770457999999	6650.383366	6646.006955999999	6648.993956	6650.457	6651.566	1.0	2.0	1.0	1.0					
6653.636	6.434999999999491	trials	7.0	6656.341848	6658.024047999999			6655.440988	6658.021193999999			1.0		0.0	2.0					
6664.081	21.0649999999996	trials	7.0	6680.223309999999	6681.644204	6683.027582	6683.7445179999995	6679.333804	6682.430076	6683.726	6685.146	1.0	2.0	1.0	1.0					
6688.207	10.048999999999978	trials	7.0	6690.437862	6691.921144			6689.643029999999	6693.071072			2.0		1.0	1.0					
6699.701	9.421000000000276	trials	7.0	6701.3038799999995	6702.7805339999995	6703.669388	6704.220798	6698.267368	6702.7130099999995	6704.406	6705.511	1.0	1.0	1.0	1.0					
6709.561	4.825000000000728	trials	7.0	6711.586694	6712.394246	6713.0279359999995	6713.372885999999	6709.131401999999	6712.381608			1.0		0.0	2.0					
6717.397	8.4350000000004	trials	7.0	6721.1219599999995	6723.055198	6723.938258	6724.49834	6720.460326	6723.104289999999	6724.701	6725.832	1.0	2.0	1.0	1.0					
6728.851	7.356000000000677	trials	7.0	6730.997192	6732.235908	6733.700072	6734.501236	6730.440664	6733.16951	6734.341	6736.207	1.0	2.0	1.0	1.0					
6739.076	9.796000000000276	trials	7.0	6741.068438	6742.765716			6740.066298	6743.596046	6745.571	6745.686	2.0		1.0	1.0					
6749.336	4.996000000000095	trials	7.0	6750.99742	6752.289336			6748.883544	6752.283222			1.0		0.0	2.0					
6758.336	18.529999999999745	trials	7.0	6772.367211999999	6774.206296	6774.820653999999	6775.545388	6771.794636	6774.3126139999995	6775.591	6776.866	1.0	2.0	1.0	1.0					
6779.932	6.65900000000056	trials	7.0	6782.13897	6783.533808	6784.154812	6785.012033999999	6781.118968	6783.622906	6784.846	6786.591	1.0	2.0	1.0	1.0					
6788.651	7.890000000000327	trials	7.0	6791.872786	6793.129062	6794.0619	6794.899624	6791.030839999999	6793.569868	6794.856	6796.541	1.0	2.0	1.0	1.0					
6798.613	7.912999999999556	trials	7.0	6801.712704	6803.128296	6804.130652	6804.88227	6800.982386	6803.578576	6804.957	6806.526	1.0	2.0	1.0	1.0					
6809.591	9.99499999999989	trials	7.0	6811.363364	6812.534556			6809.912112	6813.637778			2.0		1.0	1.0					
6820.566	4.130000000000109	trials	7.0	6822.172274	6822.704245999999	6823.490808	6823.910889999999	6819.601396	6822.693776			1.0		0.0	2.0					
6826.711	8.644999999999527	trials	7.0	6831.74752	6833.311682	6834.7687639999995	6835.367741999999	6830.97016	6833.953874			1.0	2.0	0.0	3.0					
6837.091	14.460000000000036	trials	7.0	6846.252807999999	6847.322048	6849.146027999999	6849.974988	6845.609017999999	6848.65939	6849.801	6851.551	1.0	1.0	1.0	1.0					
6853.571	11.13000000000011	trials	7.0	6856.383344	6858.263492	6858.953996	6859.821226	6855.731942	6858.337643999999	6859.721	6861.287	1.0	2.0	1.0	1.0					
6865.246	4.666000000000167	trials	7.0	6866.784229999999	6867.914954	6868.537358	6868.673951999999	6864.713226	6867.909981999999			1.0		0.0	2.0					
6871.966	16.8799999999992	trials	7.0	6884.97457	6886.7701799999995	6888.080796	6888.8599699999995	6884.42692	6887.52572			1.0	2.0	0.0	3.0					
6891.441	11.270000000000437	trials	7.0	6897.2644	6898.9311179999995	6900.387594	6901.165053999999	6896.489764	6899.655982	6901.076	6902.711	1.0	1.0	1.0	1.0					
6906.746	5.501000000000204	trials	7.0	6908.378568	6910.204806			6907.073424	6910.200708			1.0		0.0	2.0					
6915.306	12.925000000000182	trials	7.0	6924.047852	6925.940016	6927.719718	6928.2468499999995	6923.508088	6927.076176			1.0	2.0	0.0	3.0					
6932.041	20.935999999999694	trials	7.0	6948.609504	6950.574855999999	6952.2531579999995	6952.991453999999	6948.0010839999995	6951.51221			1.0	2.0	0.0	3.0					
6954.602	8.0	trials	7.0	6959.337777999999	6960.820073999999	6961.960718	6962.6183519999995	6958.443063999999	6961.284162			1.0	1.0	0.0	3.0					
6964.323	15.537999999999556	trials	7.0	6976.943439999999	6978.49738	6979.343964	6979.87483	6976.016627999999	6978.833572			1.0	2.0	0.0	3.0					
6982.756	7.809999999999491	trials	7.0	6986.4484299999995	6987.521718			6985.694124	6988.382216			2.0		1.0	1.0					
6993.106	8.766000000000531	trials	7.0	6997.2034699999995	6998.874948			6996.516809999999	6999.522394			2.0		1.0	1.0					
7004.388	6.682999999999993	trials	7.0	7006.608806	7008.191852	7009.016118	7009.656059999999	7005.654323999999	7008.502801999999	7009.586	7011.071	1.0	2.0	1.0	1.0					
7013.133	7.328000000000429	trials	7.0	7016.034659999999	7017.155242	7017.992103999999	7018.8468299999995	7015.25145	7017.524783999999	7018.767	7020.461	1.0	2.0	1.0	1.0					
7024.522	10.453999999999724	trials	7.0	7030.149015999999	7031.424046			7029.457753999999	7031.9803759999995			2.0		1.0	1.0					
7038.446	6.890000000000327	trials	7.0	7040.283579999999	7041.660462	7043.149658	7043.944394	7039.264413999999	7042.622885999999	7043.881	7045.336	1.0	2.0	1.0	1.0					
7048.427	6.704000000000633	trials	7.0	7050.114492	7052.168051999999	7052.941616	7053.663472	7048.632524	7052.427443999999	7053.556	7055.131	1.0	2.0	1.0	1.0					
7057.151	10.50500000000011	trials	7.0	7059.95343	7061.341256			7059.126166	7062.099459999999			2.0		1.0	1.0					
7068.136	4.964999999999236	trials	7.0	7070.048553999999	7071.050556	7072.78434	7072.9792019999995	7067.671966	7071.045378			1.0		0.0	2.0					
7076.111	7.105000000000473	trials	7.0	7079.833736	7081.470952	7082.447657999999	7083.23212	7079.086837999999	7081.957806			1.0	2.0	0.0	3.0					
7086.756	11.974999999999454	trials	7.0	7095.088478	7096.740309999999	7097.3996179999995	7097.516868	7094.393824	7096.730046			1.0		0.0	2.0					
7100.746	19.849999999999454	trials	7.0	7112.283946	7113.455646			7111.771177999999	7114.386606			2.0		1.0	1.0					
7121.476	4.265000000000327	trials	7.0	7122.99875	7124.16699	7125.016406	7125.755152	7120.60992	7124.5229659999995			1.0	2.0	0.0	3.0					
7129.341	13.5649999999996	trials	7.0	7137.4191519999995	7138.715558	7140.332248	7141.1133979999995	7136.670306	7139.783401999999	7141.026	7142.906	1.0	1.0	1.0	1.0					
7145.976	8.535000000000764	trials	7.0	7150.3645719999995	7151.496955999999	7152.386022	7153.185955999999	7149.820463999999	7151.931321999999	7153.166	7154.511	1.0	2.0	1.0	1.0					
7156.621	4.970000000000255	trials	7.0	7158.878709999999	7160.070786	7161.16584	7161.607086	7158.304092	7160.579159999999			1.0	2.0	0.0	3.0					
7165.547	12.484000000000378	trials	7.0	7173.924048	7175.235903999999	7175.906489999999	7176.546985999999	7173.093159999999	7175.448682	7176.691	7178.031	1.0	1.0	1.0	1.0					
7181.1	15.561999999999898	trials	7.0	7190.169354	7191.8409679999995			7189.474214	7191.8371879999995			2.0		0.0	2.0					
7197.926	7.184999999999491	trials	7.0	7200.864484	7202.8058519999995	7203.493211999999	7204.110462	7200.101075999999	7203.0062179999995	7204.332	7205.111	1.0	1.0	1.0	1.0					
7209.175	4.685999999999694	trials	7.0	7210.838768	7211.871859999999			7209.175024	7211.856598			1.0		0.0	2.0					
7215.913	9.283000000000357	trials	7.0	7222.019568	7223.59272	7224.4657179999995	7225.212125999999	7221.493506	7223.957549999999			1.0	2.0	0.0	3.0					
7228.807	9.054000000000087	trials	7.0	7232.649358	7234.187662	7235.152239999999	7235.987792	7231.726102	7234.612477999999	7235.826	7237.861	1.0	1.0	1.0	1.0					
7239.881	8.524999999999636	trials	7.0	7243.729748	7245.52369	7246.040374	7246.918181999999	7242.7947859999995	7245.56424	7246.711	7248.406	1.0	1.0	1.0	1.0					
7251.452	4.649999999999636	trials	7.0	7253.384118	7254.106988			7252.503016	7254.099028			1.0		0.0	2.0					
7260.154	8.61199999999917	trials	7.0	7264.945669999999	7266.85161	7267.9878659999995	7268.781556	7264.298434	7267.400378			1.0	2.0	0.0	3.0					
7271.296	39.75	trials	7.0	7307.049804	7309.055332			7306.190736	7309.047162			2.0		1.0	1.0					
7314.604	4.557999999999993	trials	7.0	7316.555931999999	7317.726967999999	7318.634214	7319.174526	7314.856286	7318.10363			1.0	1.0	0.0	3.0					
7321.977	10.344000000000051	trials	7.0	7327.214685999999	7329.34387	7330.219483999999	7330.96919	7326.318936	7329.607706	7330.957	7332.321	1.0	1.0	1.0	1.0					
7336.256	5.4909999999999854	trials	7.0	7338.266535999999	7339.756388			7337.454025999999	7339.744746			1.0		0.0	2.0					
7344.796	11.61200000000008	trials	7.0	7350.360435999999	7352.531295999999	7354.127597999999	7354.896365999999	7349.549719999999	7353.537404	7354.901	7356.408	1.0	2.0	1.0	1.0					
7358.426	7.399999999999636	trials	7.0	7361.600447999999	7363.416244	7365.185444	7365.839092	7361.092473999999	7364.61684			1.0	2.0	0.0	3.0					
7367.511	15.61999999999989	trials	7.0	7377.869574	7379.460808	7380.427298	7381.452982	7376.9670719999995	7379.8541079999995	7381.226	7383.131	1.0	1.0	1.0	1.0					
7385.196	8.574999999999818	trials	7.0	7389.334575999999	7390.46664			7388.752608	7391.237834			2.0		1.0	1.0					
7397.287	12.72400000000016	trials	7.0	7400.924722	7402.906588	7403.854547999999	7404.816094	7400.148289999999	7403.331822	7404.646	7406.436	1.0	1.0	1.0	1.0					
7410.458	4.523000000000138	trials	7.0	7412.351556	7413.6473479999995	7414.215742	7414.995215999999	7410.026472	7413.649416			1.0	1.0	0.0	3.0					
7418.581	10.170000000000073	trials	7.0	7422.875076	7424.747041999999	7426.27303	7427.157878	7422.152924	7425.700088	7427.216	7428.751	1.0	2.0	1.0	1.0					
7430.766	6.3400000000001455	trials	7.0	7434.330019999999	7435.496432	7436.5212679999995	7437.123374	7433.3804039999995	7435.9735359999995			1.0	2.0	0.0	3.0					
7439.856	11.717999999999847	trials	7.0	7447.191333999999	7448.328486			7446.363694	7449.173215999999			2.0		1.0	1.0					
7454.101	11.575000000000728	trials	7.0	7457.160576	7459.146912			7456.560637999999	7459.746504			2.0		1.0	1.0					
7466.732	5.390000000000327	trials	7.0	7468.351795999999	7470.130907999999			7465.693958	7470.122326			2.0		0.0	2.0					
7475.136	8.764999999999418	trials	7.0	7479.175406	7480.581994			7478.348056	7481.506761999999			2.0		1.0	1.0					
7486.426	7.024999999999636	trials	7.0	7488.469767999999	7489.676716	7491.082281999999	7492.020237999999	7487.602026	7490.4955899999995	7491.946	7493.451	1.0	1.0	1.0	1.0					
7495.521	7.990000000000691	trials	7.0	7498.035344	7499.89453	7500.816575999999	7501.784726	7497.265831999999	7500.326247999999	7501.561	7503.511	1.0	1.0	1.0	1.0					
7507.572	5.528999999999542	trials	7.0	7509.530964	7511.111574	7511.7741	7512.035459999999	7508.03422	7511.101597999999			1.0		0.0	2.0					
7516.111	11.534999999999854	trials	7.0	7519.330404	7520.577241999999	7521.558374	7522.449734	7518.387005999999	7521.028485999999	7522.343	7523.751	1.0	2.0	1.0	1.0					
7527.826	6.680000000000291	trials	7.0	7529.540824	7530.695126			7527.664661999999	7531.875128			2.0		1.0	1.0					
7537.976	7.015000000000327	trials	7.0	7539.941004	7541.412249999999	7542.567518	7543.389116	7539.163664	7542.0225279999995	7543.361	7544.991	1.0	1.0	1.0	1.0					
7547.055	7.356999999999971	trials	7.0	7549.267233999999	7551.143529999999	7552.0829539999995	7552.874744	7548.573864	7551.511124	7552.801	7554.412	1.0	2.0	1.0	1.0					
7557.432	5.548999999999978	trials	7.0	7559.530782	7561.548226	7562.350746	7562.997012	7557.84157	7561.852478			1.0	2.0	0.0	3.0					
7565.682	8.519000000000233	trials	7.0	7570.885058	7572.648724	7573.64165	7574.216039999999	7569.893115999999	7573.030876			1.0	1.0	0.0	3.0					
7576.037	13.128999999999905	trials	7.0	7583.810894	7585.332354	7586.643548	7587.591989999999	7583.103375999999	7586.020472	7587.481	7589.166	1.0	2.0	1.0	1.0					
7592.261	7.604999999999563	trials	7.0	7594.424639999999	7595.909255999999	7597.347793999999	7598.228702	7593.445108	7596.737208	7598.181	7599.866	1.0	2.0	1.0	1.0					
7603.747	6.808999999999287	trials	7.0	7605.785806	7607.221777999999			7604.034992	7607.906677999999			2.0		1.0	1.0					
7613.011	6.989999999999782	trials	7.0	7615.1425659999995	7616.24741	7619.509214	7620.018022	7614.300224	7618.643048			1.0	2.0	0.0	3.0					
7622.821	10.789999999999964	trials	7.0	7628.606012	7630.059136			7627.68884	7631.120278			2.0		1.0	1.0					
7636.116	5.095000000000255	trials	7.0	7637.983704	7639.677204	7640.80328	7641.2289439999995	7637.299878	7640.275089999999			1.0	1.0	0.0	3.0					
7645.113	7.707999999999629	trials	7.0	7648.8163939999995	7650.08437	7652.201779999999	7652.836496	7648.314823999999	7651.54426			1.0	2.0	0.0	3.0					
7655.556	15.135000000000218	trials	7.0	7665.040852	7666.250752	7668.736634	7669.50387	7664.150433999999	7668.1834579999995	7669.516	7670.691	1.0	1.0	1.0	1.0					
7674.746	10.050000000000182	trials	7.0	7676.746354	7678.712508			7675.435804	7679.16669			2.0		1.0	1.0					
7685.736	4.5	trials	7.0	7687.721006	7688.242978			7684.811309999999	7688.23183			1.0		0.0	2.0					
7692.247	10.068999999999505	trials	7.0	7697.885565999999	7699.611094	7701.537914	7702.3323199999995	7696.935936	7700.853646			1.0	2.0	0.0	3.0					
7704.851	12.360000000000582	trials	7.0	7711.142822	7713.104486	7714.190086	7715.017902	7710.483154	7713.623068	7714.872	7717.211	1.0	1.0	1.0	1.0					
7720.231	7.2260000000005675	trials	7.0	7722.345998	7723.924888	7724.647881999999	7725.611206	7721.504413999999	7724.0980039999995	7725.351	7727.457	1.0	1.0	1.0	1.0					
7730.476	7.106000000000677	trials	7.0	7732.261205999999	7733.592893999999	7734.806634	7735.79917	7731.51144	7734.184578	7735.486	7737.582	1.0	1.0	1.0	1.0					
7741.601	6.914999999999964	trials	7.0	7743.271725999999	7745.130633999999	7745.97276	7746.863353999999	7741.76014	7745.301707999999	7746.676	7748.516	1.0	1.0	1.0	1.0					
7750.541	8.996000000000095	trials	7.0	7753.852894	7754.966657999999	7756.873637999999	7757.7218299999995	7752.951005999999	7756.215118	7757.731	7759.537	1.0	1.0	1.0	1.0					
7761.556	12.15100000000075	trials	7.0	7764.2914359999995	7766.313098	7767.040036	7768.074268	7763.693802	7766.44061	7767.866	7770.037	1.0	1.0	1.0	1.0					
7774.056	9.865000000000691	trials	7.0	7775.686873999999	7776.898576			7773.722118	7778.028912			2.0		1.0	1.0					
7784.971	5.249000000000706	trials	7.0	7786.971079999999	7788.18495			7783.941014	7788.180908			1.0		0.0	2.0					
7792.261	8.419999999999163	trials	7.0	7795.227986	7796.872538			7794.509507999999	7798.388228			2.0		1.0	1.0					
7803.136	7.084999999999127	trials	7.0	7805.151618	7806.4131099999995	7807.846344	7808.635052	7804.4592299999995	7807.224147999999	7808.576	7810.221	1.0	2.0	1.0	1.0					
7813.111	6.9350000000004	trials	7.0	7815.461251999999	7816.926834	7817.84714	7818.6721959999995	7814.468849999999	7817.28875	7818.611	7820.046	1.0	2.0	1.0	1.0					
7824.066	5.485000000000582	trials	7.0	7825.651803999999	7827.498283999999			7824.884614	7827.49537			1.0		0.0	2.0					
7833.601	9.13000000000011	trials	7.0	7837.171392	7838.717848	7840.229726	7841.047103999999	7836.521568	7839.5903499999995	7841.001	7842.731	1.0	2.0	1.0	1.0					
7844.751	6.854999999999563	trials	7.0	7847.816816	7849.5531679999995			7847.02431	7849.5473919999995			1.0		0.0	2.0					
7854.658	9.963999999999942	trials	7.0	7858.3122539999995	7859.49983			7857.729246	7862.0313			2.0		1.0	1.0					
7867.774	5.041999999999462	trials	7.0	7869.596464	7871.283299999999	7872.219719999999	7872.833148	7868.18138	7871.7284819999995			1.0	2.0	0.0	3.0					
7875.567	10.265000000000327	trials	7.0	7880.3124099999995	7881.591536			7879.649702	7883.594848			2.0		1.0	1.0					
7889.396	7.990000000000691	trials	7.0	7891.62205	7892.71665	7894.712172	7895.51015	7890.92801	7894.0455139999995	7895.461	7897.386	1.0	1.0	1.0	1.0					
7900.116	4.595000000000255	trials	7.0	7901.65216	7902.638336	7903.589952	7903.891067999999	7900.819866	7902.633098			1.0		0.0	2.0					
7906.739	15.147000000000844	trials	7.0	7912.176396	7913.199086			7911.2081419999995	7914.1104319999995			2.0		1.0	1.0					
7921.967	6.354000000000269	trials	7.0	7923.722034	7924.862155999999	7925.800824	7926.5617919999995	7921.901784	7925.20728	7926.521	7928.321	1.0	1.0	1.0	1.0					
7932.343	5.668000000000575	trials	7.0	7934.341622	7935.9683159999995	7936.692859999999	7937.292046	7933.052936	7935.963777999999			1.0		0.0	2.0					
7940.042	10.123999999999796	trials	7.0	7947.237225999999	7948.556737999999	7949.512279999999	7950.185267999999	7946.604168	7948.993431999999			1.0	2.0	0.0	3.0					
7952.872	20.878999999999905	trials	7.0	7969.256898	7970.360846	7971.809786	7972.432412	7968.509787999999	7971.257098	7972.631	7973.751	1.0	2.0	1.0	1.0					
7975.707	6.903999999999542	trials	7.0	7979.1570759999995	7980.310534	7981.549948	7982.1744499999995	7978.14974	7981.024824			1.0	2.0	1.0	1.0					
7987.091	10.320999999999913	trials	7.0	7992.2616419999995	7993.918895999999			7991.510928	7994.4875139999995			2.0		1.0	1.0					
8000.951	6.319999999999709	trials	7.0	8002.893652	8003.974102			8001.365356	8004.856105999999			2.0		1.0	1.0					
8009.836	6.1899999999996	trials	7.0	8011.652504	8013.278998			8011.017286	8013.681951999999			2.0		1.0	1.0					
8018.618	6.628999999999905	trials	7.0	8020.382256	8022.217758	8022.945862	8023.748121999999	8019.000464	8022.402561999999	8023.626	8025.247	1.0	1.0	1.0	1.0					
8027.361	7.305000000000291	trials	7.0	8029.547558	8030.980653999999	8031.913688	8032.585706	8028.849216	8031.348915999999	8032.616	8034.666	1.0	1.0	1.0	1.0					
8036.731	6.043999999999869	trials	7.0	8039.277424	8040.775073999999	8041.798688	8042.234542	8038.434773999999	8040.768153999999			1.0		0.0	2.0					
8046.807	7.72400000000016	trials	7.0	8049.478982	8050.7538779999995	8052.4579779999995	8053.108732	8048.948562	8051.819965999999	8053.116	8054.531	1.0	2.0	1.0	1.0					
8056.582	7.933999999999287	trials	7.0	8059.607618	8061.233514	8061.944406	8062.740056	8058.710096	8061.309053999999	8062.662	8064.516	1.0	2.0	1.0	1.0					
8068.301	5.789999999999964	trials	7.0	8069.9574299999995	8071.069742	8072.015514	8072.6674219999995	8068.504069999999	8071.53832	8072.741	8074.091	1.0	2.0	1.0	1.0					
8077.155	6.431000000000495	trials	7.0	8079.217016	8080.4495719999995	8081.426484	8082.11792	8078.197714	8080.901588	8082.247	8083.586	1.0	2.0	1.0	1.0					
8087.606	4.8510000000005675	trials	7.0	8089.209053999999	8091.199218	8091.803784	8092.473588	8088.352314	8091.229232			1.0	2.0	0.0	3.0					
8094.156	11.510000000000218	trials	7.0	8099.842266	8101.285814	8102.734834	8103.720012	8099.231766	8102.094681999999	8103.456	8105.666	1.0	1.0	1.0	1.0					
8108.412	6.408999999999651	trials	7.0	8110.542586	8111.731099999999			8109.622729999999	8112.690664			2.0		1.0	1.0					
8118.287	9.844000000000051	trials	7.0	8120.144208	8121.316008	8122.338924	8123.115137999999	8118.313415999999	8121.612343999999	8123.191	8124.582	1.0	1.0	1.0	1.0					
8128.601	4.505000000000109	trials	7.0	8130.342202	8131.720638	8132.3003579999995	8133.126466	8128.148754	8131.723281999999			1.0	1.0	0.0	3.0					
8135.636	11.77599999999984	trials	7.0	8139.184069999999	8140.259824	8141.216023999999	8142.01467	8138.259146	8140.643222	8141.936	8143.481	1.0	2.0	1.0	1.0					
8147.596	4.930000000000291	trials	7.0	8149.229152	8150.539597999999	8151.5099119999995	8151.612101999999	8147.432865999999	8150.532288			1.0		0.0	2.0					
8154.537	10.243999999999687	trials	7.0	8159.663926	8161.16569			8147.432865999999	8162.276336			2.0		1.0	1.0					
8167.317	7.713999999999942	trials	7.0	8170.478	8172.41193	8172.90914	8173.465914	8169.939926	8172.3714740000005	8173.721	8175.031	1.0	2.0	1.0	1.0					
8179.092	7.151000000000749	trials	7.0	8182.823782	8184.220780000001			8182.216832	8184.214184			1.0		0.0	2.0					
8190.302	7.113999999999578	trials	7.0	8194.448562	8195.779264	8196.765182000001	8197.416608	8193.538424	8196.25913			1.0	2.0	0.0	3.0					
8199.106	83.8060000000005	trials	7.0	8273.19317	8275.061666	8275.962002	8276.543634	8272.372646	8275.30928	8276.606	8278.906	1.0	1.0	1.0	1.0					
8282.97	5.8620000000009895	trials	7.0	8284.634162	8285.760488	8286.614726	8287.312894	8282.910234	8286.103344000001	8287.366	8288.832	1.0	1.0	1.0	1.0					
8290.927	6.269000000000233	trials	7.0	8293.3137	8294.437124	8295.168882	8295.705056	8292.631424000001	8294.760442	8295.836	8297.196	1.0	2.0	1.0	1.0					
8299.26	4.842000000000553	trials	7.0	8301.043908	8302.092074			8300.291092	8302.079294000001			1.0		0.0	2.0					
8306.149	12.159999999999854	trials	7.0	8313.46038	8314.798064			8312.744702	8315.802152			2.0		1.0	1.0					
8321.836	5.315000000000509	trials	7.0	8323.443786	8325.090828	8325.619056	8326.094106	8322.199554	8325.08745			1.0		0.0	2.0					
8329.162	8.984000000000378	trials	7.0	8335.338992	8336.63104	8337.200744	8338.144468	8334.348112	8336.73977			1.0	2.0	0.0	3.0					
8340.576	6.994000000000597	trials	7.0	8343.97394	8345.517			8343.263978	8345.512036			1.0		0.0	2.0					
8351.582	6.199000000000524	trials	7.0	8354.689134	8356.110446	8357.174012	8357.780356	8353.812734000001	8356.723498			1.0	2.0	0.0	3.0					
8361.521	13.844999999999345	trials	7.0	8370.94871	8372.382224	8373.16244	8373.9138	8370.354938	8372.722358	8373.851	8375.366	1.0	1.0	1.0	1.0					
8378.414	19.354999999999563	trials	7.0	8394.294892	8395.66087	8396.171748	8396.36801	8393.604774	8395.654016			1.0		0.0	2.0					
8400.781	13.744999999998981	trials	7.0	8408.965012	8410.659552000001			8408.075768	8411.497510000001	8413.236	8414.526	2.0		1.0	1.0					
8417.543	10.462999999999738	trials	7.0	8419.868748	8421.42112			8419.217200000001	8421.542578			2.0		1.0	1.0					
8428.716	6.180000000000291	trials	7.0	8430.354178	8431.820672			8428.004218	8432.297444	8434.141	8434.896	2.0		1.0	1.0					
8436.922	6.458999999998923	trials	7.0	8439.585962000001	8441.091134	8442.969942	8443.383824	8438.981118	8442.348994			1.0	1.0	0.0	3.0					
8446.349	8.596999999999753	trials	7.0	8449.879748	8451.351068	8452.922342	8453.658688	8449.034606000001	8452.214542	8453.671	8454.946	1.0	2.0	1.0	1.0					
8457.966	7.305000000000291	trials	7.0	8461.129512	8462.210868	8463.319842	8463.856916	8460.283362	8462.760894000001	8464.091	8465.271	1.0	2.0	1.0	1.0					
8468.291	4.775000000001455	trials	7.0	8470.309196	8471.582842	8472.34404	8473.067534	8469.0372	8471.861034			1.0	2.0	0.0	3.0					
8476.686	9.835000000000946	trials	7.0	8480.698806	8482.34162	8483.71186	8484.372964	8480.183704000001	8483.093818	8484.636	8486.521	1.0	1.0	1.0	1.0					
8490.632	7.304000000000087	trials	7.0	8492.395346	8494.084444	8495.303806	8496.009508000001	8491.537238	8494.349404	8496.106	8497.936	1.0	1.0	1.0	1.0					
8500.991	8.125	trials	7.0	8503.085636	8504.92848	8505.905794	8506.9077	8502.388732	8505.329314	8506.662	8509.116	1.0	1.0	1.0	1.0					
8512.136	9.594999999999345	trials	7.0	8514.064636000001	8515.75628			8512.702408000001	8516.423254			2.0		1.0	1.0					
8523.101	9.074999999998909	trials	7.0	8524.94922	8526.141196			8521.731788000001	8526.310716			2.0		1.0	1.0					
8533.711	9.195000000001528	trials	7.0	8535.489084	8536.781500000001			8532.177618	8537.247454	8539.061	8539.763	2.0		1.0	1.0					
8543.778	10.404000000000451	trials	7.0	8545.291452	8547.302794	8548.43571	8549.098532	8542.904074	8547.801924	8549.216	8550.716	1.0	1.0	1.0	1.0					
8554.771	4.394999999998618	trials	7.0	8556.46481	8557.10629	8557.759194	8558.108048	8554.184118000001	8557.102424			1.0		0.0	2.0					
8561.177	7.4539999999997235	trials	7.0	8565.14493	8567.064524	8568.013522000001	8568.631336	8564.30361	8567.465594			1.0	2.0	0.0	3.0					
8570.39	15.666000000001077	trials	7.0	8580.01476	8581.361048	8582.956468	8583.814516	8579.480142	8582.257628	8583.606	8586.056	1.0	1.0	1.0	1.0					
8587.666	6.29700000000048	trials	7.0	8590.454394	8592.168818	8593.146226	8593.962768	8589.702462000001	8592.51867			1.0	1.0	0.0	3.0					
8597.482	7.2739999999994325	trials	7.0	8601.305036	8602.631664	8603.838572	8604.758424	8600.331734	8603.255806000001			1.0	2.0	0.0	3.0					
8606.207	12.048999999999069	trials	7.0	8612.360026	8613.527732	8615.737042	8616.54932	8611.370512	8614.971242	8616.576	8618.256	1.0	1.0	1.0	1.0					
8620.276	12.139999999999418	trials	7.0	8627.800092	8629.14438	8630.305274	8630.98586	8627.103096	8629.782498	8631.082	8632.416	1.0	2.0	1.0	1.0					
8636.436	5.040000000000873	trials	7.0	8638.409802	8639.422066000001	8640.499118	8641.478598	8637.007904	8639.989156			1.0	2.0	0.0	3.0					
8643.832	9.168999999999869	trials	7.0	8647.574984	8649.293184	8650.608922	8651.3217	8646.91733	8650.098706	8651.276	8653.001	1.0	1.0	1.0	1.0					
8655.026	8.194999999999709	trials	7.0	8657.204284	8658.741642	8660.662144	8661.518926	8656.551586	8659.696774	8661.311	8663.221	1.0	1.0	1.0	1.0					
8665.252	7.541999999999462	trials	7.0	8668.34535	8669.761064	8670.583858	8671.25633	8667.601528000001	8670.07077	8671.247	8672.794	1.0	1.0	1.0	1.0					
8675.836	9.395000000000437	trials	7.0	8680.23977	8682.118728			8679.294992000001	8682.652476			2.0		1.0	1.0					
8688.686	6.260000000000218	trials	7.0	8690.560494	8691.581156	8692.475418	8693.245132	8688.685772	8691.961888	8693.247	8694.946	1.0	1.0	1.0	1.0					
8698.061	5.6010000000005675	trials	7.0	8700.07004	8701.652056	8702.39896	8702.740014	8698.613476	8701.646836			1.0		0.0	2.0					
8705.671	9.110000000000582	trials	7.0	8709.781006000001	8710.91879			8708.887006	8712.538612			2.0		1.0	1.0					
8718.241	6.770000000000437	trials	7.0	8720.070192	8721.247978			8718.91558	8722.60426			2.0		1.0	1.0					
8727.574	7.231999999999971	trials	7.0	8729.541584	8731.310496	8732.478388	8733.340728	8728.879186	8731.886246	8733.141	8734.806	1.0	1.0	1.0	1.0					
8736.872	20.875	trials	7.0	8749.364888	8751.168476	8751.852088	8752.66401	8748.443964	8751.375274	8752.571	8754.426	1.0	1.0	1.0	1.0					
8758.499	5.42699999999968	trials	7.0	8760.330192	8761.867238	8763.069472	8763.129532	8757.747708	8761.857146			1.0		0.0	2.0					
8766.977	8.404999999998836	trials	7.0	8770.905188	8772.038954	8773.314324	8773.983652	8770.124286	8772.799622	8774.101	8775.382	1.0	2.0	1.0	1.0					
8779.351	8.014999999999418	trials	7.0	8781.235662000001	8782.958186	8784.192268	8785.133898	8780.006154	8783.554538	8784.896	8787.366	1.0	1.0	1.0	1.0					
8790.456	7.899999999999636	trials	7.0	8792.916636	8794.305454	8795.237194	8796.234376	8792.254698	8794.619092	8796.111	8798.356	1.0	1.0	1.0	1.0					
8800.155	10.945999999999913	trials	7.0	8802.590748	8804.06053	8804.910918	8805.944536	8801.86535	8804.339320000001	8805.741	8807.622	1.0	1.0	1.0	1.0					
8811.636	7.279999999998836	trials	7.0	8813.43557	8815.063902	8815.90302	8816.717022	8811.101848	8815.398882	8816.566	8818.916	1.0	1.0	1.0	1.0					
8822.736	5.0049999999992	trials	7.0	8824.325688	8825.677682			8823.692500000001	8825.672448			1.0		0.0	2.0					
8830.792	7.799000000000888	trials	7.0	8835.195526	8836.587294	8837.269614	8837.639838000001	8834.503244	8836.575212			1.0		0.0	2.0					
8842.606	9.610000000000582	trials	7.0	8847.245402	8848.451876000001			8846.309214	8849.58483			2.0		1.0	1.0					
8855.791	7.265000000001237	trials	7.0	8858.100840000001	8859.981958	8860.43276	8861.282812	8857.193212	8859.944032	8861.191	8863.056	1.0	1.0	1.0	1.0					
8866.118	21.342999999998938	trials	7.0	8883.155522000001	8884.447278			8882.254274	8885.276398			2.0		1.0	1.0					
8891.986	5.4099999999998545	trials	7.0	8893.735402	8895.32777	8896.96376	8897.10501	8893.02956	8895.316734			2.0		0.0	2.0					
8899.451	10.445000000001528	trials	7.0	8905.40082	8906.532108	8907.762898	8908.33669	8904.85839	8907.289474000001	8908.526	8909.896	1.0	2.0	1.0	1.0					
8912.957	7.463999999999942	trials	7.0	8915.950484	8917.354244			8915.124254	8918.326076	8920.131	8920.247	2.0		1.0	1.0					
8922.946	5.829999999999927	trials	7.0	8924.995424	8926.76989	8927.284572	8927.507128000001	8924.102556	8926.765726			1.0		0.0	2.0					
8930.787	9.0	trials	7.0	8936.002332	8937.732822	8938.364828	8938.633232	8935.329176	8937.72673			1.0		0.0	2.0					
8941.796	10.959999999999127	trials	7.0	8947.931094	8949.58826	8950.518096	8951.330298	8946.943628	8950.061064	8951.256	8952.756	1.0	1.0	1.0	1.0					
8954.776	5.931000000000495	trials	7.0	8957.735932	8958.702628000001			8957.042372	8958.691776			1.0		0.0	2.0					
8964.716	6.7150000000001455	trials	7.0	8967.011648	8968.602128	8969.531594	8970.093446	8966.454952	8969.032666000001	8970.226	8971.431	1.0	2.0	1.0	1.0					
8974.497	7.429000000000087	trials	7.0	8977.042422	8978.673096	8979.637814	8980.409816	8976.43255	8979.10355	8980.451	8981.926	1.0	1.0	1.0	1.0					
8983.991	6.614999999999782	trials	7.0	8985.93628	8987.236934	8988.297568	8989.016058000001	8985.176658	8987.668908	8988.986	8990.606	1.0	2.0	1.0	1.0					
8992.457	7.625	trials	7.0	8994.926748	8996.269504			8994.301888	8997.298992			2.0		1.0	1.0					
9003.606	16.270000000000437	trials	7.0	9011.646616	9013.242656	9014.157472	9014.895426000001	9011.010204	9013.620644	9015.051	9016.691	1.0	1.0	1.0	1.0					
9020.441	9.109999999998763	trials	7.0	9022.377926000001	9023.68611			9019.877894000001	9024.698248			2.0		1.0	1.0					
9030.481	5.1010000000005675	trials	7.0	9032.421822	9033.577872	9034.26615	9034.678022	9029.555194	9033.57489			1.0		0.0	2.0					
9038.591	6.229999999999563	trials	7.0	9041.421606	9043.402556000001	9043.976442	9044.822054	9040.74761	9043.399886			1.0	2.0	0.0	3.0					
9046.408	16.89300000000003	trials	7.0	9059.346838	9061.24296			9058.677196	9061.239694			1.0		0.0	2.0					
9066.356	11.260000000000218	trials	7.0	9074.772244	9076.21399	9076.995858	9077.618410000001	9073.952542	9076.533124			1.0	2.0	0.0	3.0					
9081.326	11.226000000000568	trials	7.0	9086.516660000001	9088.02801			9085.621564000001	9089.174264000001			2.0		1.0	1.0					
9096.122	6.5	trials	7.0	9097.681726	9098.948204	9100.155058	9101.016602	9096.711806	9099.539574	9100.876	9102.622	1.0	1.0	1.0	1.0					
9104.687	8.092000000000553	trials	7.0	9107.78638	9109.013242			9106.885148	9110.414282			2.0		1.0	1.0					
9115.316	4.609999999998763	trials	7.0	9117.226584	9118.451736	9119.441346	9119.929734	9115.681808	9118.891828			1.0	2.0	0.0	3.0					
9121.766	10.675000000001091	trials	7.0	9126.878356000001	9128.880602000001			9126.00699	9129.907070000001			2.0		1.0	1.0					
9136.001	8.155000000000655	trials	7.0	9138.043528	9139.710858	9141.946606	9142.802194	9137.102826	9141.385674000001	9142.726	9144.156	1.0	1.0	1.0	1.0					
9147.231	7.255000000001019	trials	7.0	9149.437134	9150.788734	9152.37427	9153.078922	9148.447898	9151.644904	9153.116	9154.486	1.0	2.0	1.0	1.0					
9157.501	7.875	trials	7.0	9159.941522000001	9161.584226	9162.665748	9163.527678	9158.92675	9161.903624	9163.356	9165.376	1.0	1.0	1.0	1.0					
9167.446	9.409999999999854	trials	7.0	9169.761956	9170.834644	9173.996378	9174.926776	9169.162884	9173.368906	9174.646	9176.856	1.0	1.0	1.0	1.0					
9178.805	9.450999999999112	trials	7.0	9181.802094	9183.139878	9186.379412	9187.038086	9181.165568	9185.754652	9187.022	9188.256	1.0	2.0	1.0	1.0					
9191.351	5.084999999999127	trials	7.0	9193.106612	9195.058604	9195.862512	9196.437196	9192.133376	9195.291444			1.0	2.0	0.0	3.0					
9200.246	12.055000000000291	trials	7.0	9203.77736	9205.673756	9206.375418	9207.372408	9203.087058000001	9205.755834	9207.076	9209.171	1.0	1.0	1.0	1.0					
9212.951	4.1600000000016735	trials	7.0	9214.8566	9215.049308	9216.102928	9216.27356	9212.302496	9215.03671			1.0		0.0	2.0					
9219.151	8.80999999999949	trials	7.0	9223.312254	9224.56843	9225.581532	9226.351892	9222.40595	9225.036104	9226.361	9227.961	1.0	2.0	1.0	1.0					
9231.037	5.7039999999997235	trials	7.0	9233.097236	9234.734048	9236.150602	9236.473786	9232.102888	9234.728196			1.0		0.0	2.0					
9240.751	7.815000000000509	trials	7.0	9244.111986	9246.00458			9243.326882	9246.454872	9248.247	9248.351	2.0		1.0	1.0					
9253.131	7.065000000000509	trials	7.0	9255.387196	9257.135804			9254.524384	9257.773522			2.0		1.0	1.0					
9262.711	5.680000000000291	trials	7.0	9264.342322	9266.32519	9267.747248	9268.393126	9263.807304	9267.017076			1.0	1.0	0.0	3.0					
9270.116	10.149999999999636	trials	7.0	9276.817304	9278.07828	9279.631722	9280.267046	9276.01204	9278.789196			1.0	2.0	0.0	3.0					
9282.961	12.496000000001004	trials	7.0	9290.492228	9291.702212	9292.724736	9293.687468	9289.593178	9292.143194	9293.497	9295.457	1.0	1.0	1.0	1.0					
9299.309	7.162000000000262	trials	7.0	9301.561998000001	9302.727544	9303.825572	9304.781416	9300.558124	9303.225744	9304.506	9306.471	1.0	1.0	1.0	1.0					
9310.497	10.194000000001324	trials	7.0	9312.081584	9313.50908			9311.17325	9314.422344			2.0		1.0	1.0					
9321.571	6.725000000000364	trials	7.0	9323.441958	9324.88467	9325.863354000001	9326.666378	9320.695706	9325.39409	9326.636	9328.296	1.0	1.0	1.0	1.0					
9330.316	5.9650000000001455	trials	7.0	9333.022634	9334.21549			9332.34715	9334.20679			1.0		0.0	2.0					
9338.291	8.541000000001077	trials	7.0	9342.677738	9344.269382			9341.854042	9344.761700000001			2.0		1.0	1.0					
9349.341	6.579999999999927	trials	7.0	9352.3275	9354.207746	9355.234566	9355.922672	9351.476252	9354.65513			1.0	1.0	0.0	3.0					
9359.601	9.034999999999854	trials	7.0	9362.68279	9364.04408	9366.28622	9366.999344	9362.129862	9365.654376	9367.026	9368.636	1.0	2.0	1.0	1.0					
9371.735	5.820999999999913	trials	7.0	9374.052950000001	9375.417234	9376.941656	9377.56137	9373.455486	9376.432174			1.0	2.0	0.0	3.0					
9381.289	10.072000000000116	trials	7.0	9386.157132	9387.819042	9388.96196	9389.794898	9385.48583	9388.358288	9389.726	9391.361	1.0	1.0	1.0	1.0					
9393.386	12.40099999999984	trials	7.0	9397.088808	9398.553604	9399.450688	9400.186818	9396.41415	9398.903330000001	9400.016	9402.111	1.0	1.0	1.0	1.0					
9405.868	6.257999999999811	trials	7.0	9407.523064	9409.265772			9405.79001	9409.540356			2.0		1.0	1.0					
9414.583	9.657999999999447	trials	7.0	9416.392578	9418.078826			9415.397506000001	9418.496704000001			2.0		1.0	1.0					
9424.406	10.59099999999853	trials	7.0	9425.957176	9427.227834000001	9429.149438	9429.887902	9424.245178000001	9428.480124	9429.866	9431.461	1.0	1.0	1.0	1.0					
9435.496	5.31000000000131	trials	7.0	9437.477616	9438.799992			9435.000594000001	9438.789874			1.0		0.0	2.0					
9442.816	71.03499999999985	trials	7.0	9509.464426	9510.905248000001	9511.776482000001	9512.306604	9508.72777	9511.182092000001	9512.556	9513.851	1.0	2.0	1.0	1.0					
9516.736	17.329999999999927	trials	7.0	9530.91285	9532.060336	9532.592684	9532.781088	9530.018146	9532.051986			1.0		0.0	2.0					
9536.076	11.040000000000873	trials	7.0	9542.214308	9543.921386	9544.993314	9545.552434000001	9541.554242	9544.434256	9545.787	9547.116	1.0	2.0	1.0	1.0					
9550.137	7.753999999998996	trials	7.0	9552.683228	9554.654506	9555.6753	9556.366084000001	9552.042334	9555.106738	9556.446	9557.891	1.0	2.0	1.0	1.0					
9560.979	5.292000000001281	trials	7.0	9563.412852	9564.734784	9565.769862000001	9566.273476	9562.802638000001	9565.250926			1.0	2.0	0.0	3.0					
9569.057	15.134000000000015	trials	7.0	9578.718606	9580.70952	9581.760398	9582.63884	9577.722672	9581.157176	9582.516	9584.191	1.0	1.0	1.0	1.0					
9587.257	9.22400000000016	trials	7.0	9590.35867	9591.87748	9593.382176	9594.480624	9589.820134	9592.62924	9594.111	9596.481	1.0	1.0	1.0	1.0					
9600.552	8.369000000000597	trials	7.0	9602.723442	9604.635016	9605.969464	9607.002558	9601.902320000001	9605.185334	9606.751	9608.921	1.0	1.0	1.0	1.0					
9610.971	9.444999999999709	trials	7.0	9614.94845	9616.119606	9617.476944	9618.313914	9614.378408	9616.730574000001	9618.176	9620.416	1.0	1.0	1.0	1.0					
9624.436	8.075000000000728	trials	7.0	9626.598412	9627.932832	9629.265276	9630.099484	9625.804438	9628.478576	9630.091	9632.511	1.0	1.0	1.0	1.0					
9636.541	12.82300000000032	trials	7.0	9639.965144	9641.900506			9639.43621	9642.898136			2.0		1.0	1.0					
9649.432	6.47400000000016	trials	7.0	9651.443714	9653.395346000001			9649.370224	9653.727696			2.0		1.0	1.0					
9658.461	8.835000000000946	trials	7.0	9660.259108	9661.53708	9664.573028	9665.295944	9659.740522	9663.899898	9665.351	9667.296	1.0	1.0	1.0	1.0					
9670.358	10.179000000000087	trials	7.0	9676.748288	9677.941808	9679.901826000001	9680.542128000001	9676.094202	9679.241078000001			1.0	1.0	0.0	3.0					
9683.267	142.89500000000044	trials	7.0	9821.724330000001	9823.585538			9820.764908000001	9824.085872			2.0		1.0	1.0					
9828.704	11.79700000000048	trials	7.0	9831.662836	9832.781016	9834.456976	9835.11348	9830.845044	9833.764368	9835.191	9836.497	1.0	2.0	1.0	1.0					
9840.561	5.360000000000582	trials	7.0	9842.199	9843.53499	9845.18498	9845.92804	9840.50896	9844.69241			1.0	2.0	0.0	3.0					
9849.557	9.243999999998778	trials	7.0	9853.083932	9854.246524	9855.914022	9856.87607	9852.431616	9855.176492	9856.646	9858.801	1.0	1.0	1.0	1.0					
9861.68	7.777000000000044	trials	7.0	9864.30955	9866.200086			9863.384024	9866.851802000001			2.0		1.0	1.0					
9872.011	8.110999999998967	trials	7.0	9874.114356	9875.909662	9877.215924	9878.215734	9873.216908	9876.512556	9877.891	9880.122	1.0	1.0	1.0	1.0					
9883.141	7.809999999999491	trials	7.0	9885.425072	9886.487682	9890.366304	9890.95655	9884.7776	9888.90976			1.0	1.0	0.0	3.0					
9893.742	9.488999999999578	trials	7.0	9898.649786	9900.667276			9897.849344	9901.164872000001	9902.781	9903.231	2.0		1.0	1.0					
9907.294	5.131999999999607	trials	7.0	9909.109786	9910.758816	9911.762866000001	9912.43178	9907.900176	9911.207404			1.0	2.0	0.0	3.0					
9914.131	13.175000000001091	trials	7.0	9921.435474	9922.514796	9924.548898000001	9925.760494	9920.835264000001	9923.779904	9925.356	9927.306	1.0	1.0	1.0	1.0					
9930.338	9.57799999999952	trials	7.0	9933.944974	9935.022216	9937.038826	9938.004224	9933.31028	9936.34806	9937.662	9939.916	1.0	1.0	1.0	1.0					
9943.936	8.079999999999927	trials	7.0	9945.489692	9947.446416	9948.92102	9950.05278	9944.025676000001	9948.267442	9949.601	9952.016	1.0	1.0	1.0	1.0					
9954.077	10.640000000001237	trials	7.0	9959.75626	9961.15876			9958.92376	9962.23632			2.0		1.0	1.0					
9967.192	6.689000000000306	trials	7.0	9969.091306	9970.496452			9967.988794	9971.406674	9973.476	9973.881	2.0		1.0	1.0					
9977.941	8.849999999998545	trials	7.0	9979.890208	9981.271708	9983.823566000001	9984.75797	9978.171016	9983.057418	9984.521	9986.791	1.0	1.0	1.0	1.0					
9988.854	6.037000000000262	trials	7.0	9991.659586	9993.126254	9994.475196	9994.89495	9990.732008	9993.727558			1.0	2.0	0.0	3.0					
9996.856	9.31500000000051	trials	7.0	10000.345502	10001.590562	10003.222004	10004.257496	9999.778962	10002.383256000001	10003.976	10006.171	1.0	1.0	1.0	1.0					
10010.231	7.742000000000189	trials	7.0	10011.921476	10013.658386	10014.72264	10015.958112	10010.774606	10013.961486	10015.446	10017.973	1.0	1.0	1.0	1.0					
10022.048	407.1080000000002	BlockDesign														1.0	823.0	852.0	50.0	90.0
10022.048	9.847999999999956	trials	8.0	10023.915072	10025.224918			10021.895086	10026.465102			2.0		1.0	1.0					
10032.057	4.983999999998559	trials	8.0	10033.92531	10035.682526	10036.587016	10037.050044	10031.902282000001	10036.020662			1.0	1.0	0.0	3.0					
10038.986	12.204999999999927	trials	8.0	10046.694958	10048.074384			10045.72554	10048.751624	10050.586	10051.191	2.0		1.0	1.0					
10054.256	8.442000000000917	trials	8.0	10056.25649	10057.502886	10062.323702	10062.685508	10055.339378	10059.789156			1.0	1.0	0.0	3.0					
10064.701	34.77000000000044	trials	8.0	10093.770492	10094.900242	10097.416546	10098.096222	10093.18942	10096.521384	10098.316	10099.471	1.0	2.0	1.0	1.0					
10103.491	7.329999999999927	trials	8.0	10105.765946	10107.50156	10108.489408	10109.245298	10104.879932	10107.86112	10109.277	10110.821	1.0	2.0	1.0	1.0					
10113.856	7.885000000000218	trials	8.0	10116.664898	10118.173928	10119.090438	10119.867536	10115.723312	10118.321172	10119.881	10121.741	1.0	1.0	1.0	1.0					
10125.761	6.4650000000001455	trials	8.0	10127.610676	10129.401154			10126.031754	10129.72761			2.0		1.0	1.0					
10134.696	6.9099999999998545	trials	8.0	10136.645652	10137.791602000001			10136.138382000001	10138.884852			2.0		1.0	1.0					
10144.166	7.730000000001382	trials	8.0	10145.842008	10147.37587	10149.788628	10150.407608	10144.806086	10149.043266	10150.461	10151.896	1.0	2.0	1.0	1.0					
10153.962	5.769000000000233	trials	8.0	10156.230816	10157.508732	10159.165962000001	10159.737954	10155.401956	10158.47644			1.0	2.0	0.0	3.0					
10162.491	10.989999999999782	trials	8.0	10170.330842	10172.002774	10172.915658	10173.48956	10169.573396	10172.389352			1.0	1.0	0.0	3.0					
10177.304	14.17699999999968	trials	8.0	10186.056488	10187.93869	10188.98679	10189.8838	10185.412564	10188.399016	10189.641	10191.481	1.0	2.0	1.0	1.0					
10193.541	8.170000000000073	trials	8.0	10196.435802	10197.692498	10199.268186000001	10200.251632	10195.67612	10198.569506	10199.916	10201.711	1.0	2.0	1.0	1.0					
10204.761	8.584999999999127	trials	8.0	10207.650648	10208.977848	10210.337046	10211.284652	10206.647406	10209.618406	10211.066	10213.346	1.0	2.0	1.0	1.0					
10217.166	6.130000000001019	trials	8.0	10219.12566	10220.23846			10217.451860000001	10221.186596	10223.016	10223.181	2.0		1.0	1.0					
10226.807	6.833999999998923	trials	8.0	10228.79759	10230.044194	10231.37058	10232.204302	10227.352972	10230.630026	10232.076	10233.641	1.0	2.0	1.0	1.0					
10237.642	5.3989999999994325	trials	8.0	10239.535526	10241.503532	10242.5432	10243.049114000001	10238.41826	10241.831472			1.0	1.0	0.0	3.0					
10244.873	11.459000000000742	trials	8.0	10252.365898	10254.268608	10255.594426	10256.33768	10251.627378000001	10254.931636000001			1.0	2.0	0.0	3.0					
10258.961	31.460000000000946	trials	8.0	10285.717874	10287.719386	10289.712464	10290.427172	10284.805114	10288.587416			1.0	1.0	0.0	3.0					
10292.079	40.31500000000051	trials	8.0	10327.517022	10328.881154	10330.212878	10331.040874	10326.87545	10329.589132000001	10331.071	10332.394	1.0	2.0	1.0	1.0					
10335.461	8.746000000001004	trials	8.0	10339.197622	10340.808572	10342.040776	10342.776666	10338.220566	10341.39902	10342.747	10344.207	1.0	2.0	1.0	1.0					
10348.29	4.831999999998516	trials	8.0	10349.951514	10351.390496	10352.035814	10352.913688	10348.578572	10351.366654000001			1.0	2.0	1.0	1.0					
10357.582	7.963999999999942	trials	8.0	10360.691342	10361.763664	10362.813852	10363.745228	10360.0753	10362.308346	10363.561	10365.546	1.0	2.0	1.0	1.0					
10367.576	8.160000000001673	trials	8.0	10370.846782	10372.081344			10370.195396	10373.56133	10375.351	10375.736	2.0		1.0	1.0					
10378.839	6.791999999999462	trials	8.0	10380.718118	10382.33311	10383.214666	10384.005996	10379.809142	10382.695622	10383.906	10385.631	1.0	2.0	1.0	1.0					
10388.651	5.739999999999782	trials	8.0	10390.621186	10392.34526	10394.015602	10394.126204	10389.269332	10392.336814			1.0		0.0	2.0					
10397.436	10.3700000000008	trials	8.0	10401.821416	10403.070244	10405.214512	10405.990738	10401.142998	10404.632664	10405.921	10407.806	1.0	2.0	1.0	1.0					
10409.822	8.488999999999578	trials	8.0	10413.456244	10414.805276			10412.68639	10416.116890000001			2.0		1.0	1.0					
10421.881	7.275000000001455	trials	8.0	10423.47739	10425.080268	10426.79391	10427.619688	10422.85369	10426.196695999999	10427.466	10429.156	1.0	2.0	1.0	1.0					
10432.178	1969.9230000000007	BlockDesign														0.0	853.0	986.0	50.0	10.0
10432.178	4.667999999999665	trials	9.0	10433.817328000001	10434.87329	10436.038404	10436.855476	10433.13836	10435.43996			1.0	2.0	0.0	3.0					
10439.361	10.859999999998763	trials	9.0	10444.262464	10445.613730000001	10447.32047	10448.1833	10443.4345	10446.363596	10448.082	10450.221	1.0	1.0	1.0	1.0					
10454.071	7.079999999999927	trials	9.0	10455.986836	10457.305216	10458.321876	10459.317352	10455.06648	10457.668964	10459.051	10461.151	1.0	1.0	1.0	1.0					
10463.176	10.060999999999694	trials	9.0	10465.857118	10467.135954000001			10464.9598	10470.722712			2.0		1.0	1.0					
10475.702	5.5090000000000146	trials	9.0	10477.55762	10479.211864	10480.082618	10481.220404	10476.896700000001	10479.528114			1.0	2.0	0.0	3.0					
10483.412	9.109000000000378	trials	9.0	10488.64697	10489.77888	10491.930126	10492.527854	10487.977848	10491.163622			1.0	1.0	0.0	3.0					
10494.262	25.458999999998923	trials	9.0	10515.61717	10517.543866	10519.257512	10519.730326	10514.90526	10518.730428			1.0	2.0	0.0	3.0					
10522.581	10.290999999999258	trials	9.0	10529.081672	10531.102006000001	10532.487862	10532.879108000001	10528.308993999999	10531.486366000001			1.0	1.0	0.0	3.0					
10535.816	7.614999999999782	trials	9.0	10539.762926	10541.434578			10539.035216	10541.427328			1.0		0.0	2.0					
10545.49	32.89899999999943	trials	9.0	10573.727362	10575.429422000001	10576.741398	10577.552124	10572.870818	10576.100172			1.0	2.0	0.0	3.0					
10581.071	9.985000000000582	trials	9.0	10585.508992	10587.383728	10588.980986	10589.764492	10584.533452	10588.272442	10589.766	10591.056	1.0	1.0	1.0	1.0					
10595.116	6.005999999999403	trials	9.0	10596.902652	10598.909102	10600.626656	10601.131424	10596.395718	10600.024874			1.0	1.0	0.0	3.0					
10603.981	15.465000000000146	trials	9.0	10614.88785	10616.142588			10614.293368	10617.00027			2.0		1.0	1.0					
10623.913	4.903000000000247	trials	9.0	10625.707504	10627.003692	10628.2554	10628.826232	10623.92764	10627.657246			1.0	2.0	0.0	3.0					
10630.576	20.650000000001455	trials	9.0	10645.633908	10647.024428	10649.723558	10649.996988	10644.902108	10647.413112	10650.431	10651.226	1.0	2.0	1.0	1.0					
10653.286	7.055000000000291	trials	9.0	10656.70261	10658.273856	10659.687178	10660.348452	10656.047846000001	10659.098876			1.0	2.0	0.0	3.0					
10663.055	8.520999999998821	trials	9.0	10667.207292	10668.822184			10666.536978	10669.435981999999			2.0		1.0	1.0					
10676.096	6.510000000000218	trials	9.0	10678.04955	10679.783552	10680.898534	10681.469614	10676.416482	10680.170822	10681.776	10682.606	1.0	1.0	1.0	1.0					
10686.626	8.274999999999636	trials	9.0	10688.942722	10690.779708	10692.599852	10693.5028	10687.963162	10691.539626	10693.416	10694.901	1.0	1.0	1.0	1.0					
10698.961	7.036000000000058	trials	9.0	10701.002866	10702.43967			10699.985646000001	10703.771138			2.0		1.0	1.0					
10709.522	6.403999999998632	trials	9.0	10711.43335	10713.434424			10710.11989	10713.368028	10715.146	10715.926	2.0		1.0	1.0					
10717.986	9.164999999999054	trials	9.0	10721.037562	10722.944174	10724.946758	10725.642380000001	10720.526268	10724.192414000001	10725.691	10727.151	1.0	2.0	1.0	1.0					
10731.181	6.084999999999127	trials	9.0	10733.053226	10734.21408			10731.196982000001	10735.036928			2.0		1.0	1.0					
10740.796	5.645000000000437	trials	9.0	10742.787822	10744.096062	10745.925384	10746.449524	10740.897312000001	10744.705984			1.0	2.0	0.0	3.0					
10748.302	12.699000000000524	trials	9.0	10756.973488	10758.277036	10759.903026	10761.012744	10756.211314	10759.232804			1.0	2.0	0.0	3.0					
10762.229	11.252000000000407	trials	9.0	10769.928666	10771.584318000001	10772.825304	10773.489504000001	10769.398914000001	10771.97197			1.0	1.0	0.0	3.0					
10776.151	10.090000000000146	trials	9.0	10781.82329	10782.952072	10785.5521	10786.24758	10781.306898	10784.965524			1.0	2.0	0.0	3.0					
10788.896	11.56499999999869	trials	9.0	10796.30387	10798.060466	10799.969878	10800.471956000001	10795.503612	10799.171424			1.0	2.0	0.0	3.0					
10802.251	21.295000000000073	trials	9.0	10817.841282000001	10819.49984	10821.39509	10822.13971	10816.898334	10820.463622	10822.041	10823.546	1.0	2.0	1.0	1.0					
10826.591	10.070999999999913	trials	9.0	10829.738472000001	10830.991494	10833.69893	10834.406318000001	10829.214468	10832.87607	10834.486	10836.662	1.0	1.0	1.0	1.0					
10838.681	6.049999999999272	trials	9.0	10841.344672	10842.471704	10844.230784	10844.740124	10840.41239	10843.53459			1.0	2.0	0.0	3.0					
10846.543	10.57300000000032	trials	9.0	10850.760196	10852.58979	10854.362952	10855.33848	10850.109982	10853.680550000001	10855.151	10857.116	1.0	1.0	1.0	1.0					
10860.225	6.265999999999622	trials	9.0	10862.884914	10864.495920000001	10865.503722000001	10865.684586	10862.134798	10864.486506000001			1.0		0.0	2.0					
10868.506	11.909999999999854	trials	9.0	10877.143796	10878.916856	10879.86974	10880.428176000001	10876.401642	10879.373094			1.0	2.0	0.0	3.0					
10882.227	26.118999999998778	trials	9.0	10903.175194	10904.820464	10905.727634	10906.515656	10902.249734	10905.160688	10906.361	10908.346	1.0	1.0	1.0	1.0					
10910.406	9.334999999999127	trials	9.0	10914.643826	10916.42222			10914.034694	10917.22641			2.0		1.0	1.0					
10923.261	6.154999999998836	trials	9.0	10924.97034	10926.312572	10928.831320000001	10929.42498	10924.157298	10928.100824000001			1.0	1.0	0.0	3.0					
10931.146	13.350999999998749	trials	9.0	10940.484166	10941.650392			10939.59066	10942.174654			2.0		1.0	1.0					
10947.966	6.559999999999491	trials	9.0	10949.929268	10951.461868			10949.007602	10952.251680000001			2.0		1.0	1.0					
10958.989	4.961999999999534	trials	9.0	10960.514272	10961.888542	10963.486516	10963.9607	10959.481414	10962.671886			1.0	2.0	0.0	3.0					
10965.848	18.852999999999156	trials	9.0	10980.068876000001	10981.940942000001			10979.426682000001	10982.618086			2.0		1.0	1.0					
10989.247	5.0	trials	9.0	10990.804254	10992.422218	10993.678884	10994.257588	10989.69967	10992.951766			1.0	2.0	0.0	3.0					
10998.041	10.621000000001004	trials	9.0	11002.229456000001	11003.936074000001	11006.182744	11007.029106	11001.614966000001	11005.570472	11006.819	11008.662	1.0	1.0	1.0	1.0					
11011.681	6.720999999999549	trials	9.0	11014.854104	11016.748076	11017.773628	11018.410746	11013.907308	11017.153296			1.0	1.0	0.0	3.0					
11022.091	22.68499999999949	trials	9.0	11040.274604	11042.245612			11039.295524000001	11042.240942	11043.912	11044.776	2.0		1.0	1.0					
11048.799	5.046999999998661	trials	9.0	11050.689294	11052.068642	11053.396394	11053.856036000001	11049.17292	11052.53097			1.0	2.0	0.0	3.0					
11057.727	14.513999999999214	trials	9.0	11068.420466	11070.214756000001	11071.7831	11072.253410000001	11067.411194	11071.118252			1.0	1.0	0.0	3.0					
11074.109	22.936999999999898	trials	9.0	11092.494088	11093.863556	11096.381914	11097.055372	11091.9416	11095.711738			1.0	2.0	0.0	3.0					
11099.716	11.209999999999127	trials	9.0	11104.734334	11107.073394	11108.132496	11108.93936	11104.202504	11107.529269999999	11108.896	11110.926	1.0	1.0	1.0	1.0					
11114.981	12.204999999999927	trials	9.0	11118.349698	11120.1186			11117.773246	11120.162068			2.0		1.0	1.0					
11127.233	5.397999999999229	trials	9.0	11128.92638	11130.581962	11131.835336	11132.64318	11127.197214	11130.99672			1.0	1.0	0.0	3.0					
11135.156	9.979999999999563	trials	9.0	11140.935038	11142.106520000001	11144.653372	11145.146672	11140.17271	11143.80014			1.0	2.0	0.0	3.0					
11149.011	11.820999999999913	trials	9.0	11155.5203	11156.653218	11158.276628	11159.211064	11154.720658	11157.519344	11158.991	11160.832	1.0	1.0	1.0	1.0					
11163.576	9.055000000000291	trials	9.0	11169.074568	11170.678132000001	11171.884356	11172.640528	11168.42918	11171.095176			1.0	1.0	0.0	3.0					
11174.247	15.444000000001324	trials	9.0	11186.379942	11188.338252	11189.14688	11189.700722	11185.83741	11188.418668			1.0	2.0	0.0	3.0					
11191.461	25.61499999999978	trials	9.0	11199.895034000001	11201.612652	11203.455452	11204.330118	11199.150422	11202.199038	11204.131	11217.076	1.0	1.0	1.0	1.0					
11220.133	9.066000000000713	trials	9.0	11225.754644	11227.44815	11228.692088	11229.205472	11225.146514	11228.005034			1.0	2.0	0.0	3.0					
11231.031	11.709999999999127	trials	9.0	11236.68092	11238.23701	11240.56422	11241.481262000001	11236.138542	11239.807302000001	11241.256	11242.741	1.0	1.0	1.0	1.0					
11246.811	7.545000000000073	trials	9.0	11249.055238	11250.663304			11248.434342	11251.435538	11253.361	11254.356	2.0		1.0	1.0					
11257.401	7.264999999999418	trials	9.0	11259.48031	11261.297644	11262.396452	11263.210658	11258.874918	11261.714032	11263.191	11264.666	1.0	1.0	1.0	1.0					
11267.727	7.588999999999942	trials	9.0	11270.195264	11271.973686000001			11269.345184	11272.440770000001	11275.296	11275.316	2.0		1.0	1.0					
11277.024	9.397000000000844	trials	9.0	11282.926848	11284.295378	11285.896014	11286.433508	11282.157492	11284.868910000001			1.0	1.0	0.0	3.0					
11290.243	9.345999999999549	trials	9.0	11294.606692000001	11296.58945			11294.008582	11296.998162			2.0		1.0	1.0					
11302.106	7.635000000000218	trials	9.0	11306.704858000001	11308.386	11309.249764	11309.752034000001	11305.814234000001	11308.72863			1.0	1.0	0.0	3.0					
11313.576	10.520000000000437	trials	9.0	11319.339788000001	11320.59096			11318.538738	11321.42672			2.0		1.0	1.0					
11327.692	7.845000000001164	trials	9.0	11330.380332	11331.80652			11329.77439	11332.471594	11334.301	11335.537	2.0		1.0	1.0					
11337.556	7.52599999999984	trials	9.0	11340.405804	11341.714428	11344.655604	11345.095968	11339.747034	11343.196086			1.0	1.0	0.0	3.0					
11347.997	9.25	trials	9.0	11353.940354	11355.2139	11356.751124	11357.259600000001	11353.268454000001	11356.029758			1.0	1.0	0.0	3.0					
11359.106	9.226000000000568	trials	9.0	11364.820466000001	11366.542106	11367.863304	11368.34065	11363.920478	11367.240170000001			1.0	2.0	0.0	3.0					
11372.186	8.935999999999694	trials	9.0	11377.665074	11378.795102	11380.64312	11381.13398	11377.1203	11379.872566			1.0	1.0	0.0	3.0					
11384.971	17.42500000000109	trials	9.0	11398.125684	11399.393448			11397.519208	11400.201821999999			2.0		1.0	1.0					
11405.931	6.456000000000131	trials	9.0	11407.61569	11409.144224	11411.927402000001	11412.39957	11406.630912	11409.935634000001			1.0	1.0	0.0	3.0					
11416.247	7.65900000000147	trials	9.0	11420.351732	11421.90812			11419.38474	11421.896398			1.0		0.0	2.0					
11425.916	11.081000000000131	trials	9.0	11433.695956	11434.933036			11432.698156	11434.929442			1.0		0.0	2.0					
11441.051	8.005000000001019	trials	9.0	11445.767208000001	11447.062507999999			11444.85967	11447.054886			1.0		0.0	2.0					
11452.066	34.75	trials	9.0	11482.74109	11484.431808000001	11486.160936	11486.825842	11482.074278	11485.118474			1.0	2.0	0.0	3.0					
11488.537	15.209999999999127	trials	9.0	11498.526168	11500.252244	11501.707864	11502.496814	11497.8866	11501.076974	11502.537	11503.747	1.0	2.0	1.0	1.0					
11506.771	6.760000000000218	trials	9.0	11510.215672	11511.500984	11512.94448	11513.543886	11509.251114	11512.110742			1.0	2.0	0.0	3.0					
11516.253	9.859999999998763	trials	9.0	11521.339468	11523.076864	11525.525504000001	11526.125132000001	11520.477626	11524.880364			1.0	1.0	0.0	3.0					
11528.826	23.230000000001382	trials	9.0	11543.856520000001	11545.265218	11550.354674	11550.904374	11543.302442	11547.09979	11551.211	11552.056	1.0	1.0	1.0	1.0					
11554.076	6.2850000000016735	trials	9.0	11557.141772	11558.679634	11559.913232	11560.374772	11556.621648	11559.292308			1.0	2.0	0.0	3.0					
11563.231	17.89099999999962	trials	9.0	11576.799482	11578.202424	11580.426568	11581.132134	11576.032898000001	11578.96184			1.0	1.0	0.0	3.0					
11583.78	12.700999999999112	trials	9.0	0.0	0.0	41.495501999999995	41.848034	11591.946	11595.216			1.0	2.0	0.0	3.0					
11598.193	14.69300000000112	trials	9.0	11609.476826	11611.234144	11612.32021	11612.896558	11608.509982	11611.661782			1.0	1.0	0.0	3.0					
11615.692	17.694000000001324	trials	9.0	11628.928454	11630.628012000001			11628.341364	11631.358062			2.0		1.0	1.0					
11637.916	4.496000000001004	trials	9.0	11639.572178	11640.680396	11641.949944	11642.425568	11638.330588	11641.237216			1.0	2.0	0.0	3.0					
11644.266	17.774999999999636	trials	9.0	11658.178042	11660.179236	11661.405738000001	11662.053572	11657.602342	11660.736878			1.0	2.0	0.0	3.0					
11665.727	24.35899999999856	trials	9.0	11686.116664000001	11688.157036	11689.296146	11690.098228	11685.165882000001	11688.66505			1.0	2.0	0.0	3.0					
11691.671	11.090000000000146	trials	9.0	11697.867180000001	11699.71566			11697.200634	11700.655846			2.0		1.0	1.0					
11705.326	12.535000000001673	trials	9.0	11712.352218	11713.761074	11715.092484	11715.992272	11711.674248	11714.481394	11715.941	11717.861	1.0	1.0	1.0	1.0					
11720.961	8.25	trials	9.0	11723.755658	11725.673102	11726.815258	11727.667808	11722.846524	11726.191066	11727.486	11729.211	1.0	1.0	1.0	1.0					
11733.231	5.274999999999636	trials	9.0	11735.241688	11736.950336	11738.001722	11738.52056	11734.247518	11737.310868			1.0	1.0	0.0	3.0					
11742.326	33.42500000000109	trials	9.0	11771.416860000001	11772.993742			11770.695236	11773.670172			2.0		1.0	1.0					
11779.271	8.890999999999622	trials	9.0	11783.352778	11784.554766000001	11785.886764	11786.762398	11782.5964	11785.17437	11786.816	11788.162	1.0	1.0	1.0	1.0					
11790.176	11.256000000001222	trials	9.0	11793.287186	11794.623822			11792.657614	11795.488694			2.0		1.0	1.0					
11802.551	8.970000000001164	trials	9.0	11804.272926	11805.363956000001			11801.443628	11806.019314000001			2.0		1.0	1.0					
11811.936	10.840000000000146	trials	9.0	11813.836852	11815.453688	11816.628862	11817.426748	11811.532332	11816.077732	11817.276	11819.051	1.0	1.0	1.0	1.0					
11823.067	5.654000000000451	trials	9.0	11824.777412	11826.664078	11827.315618	11827.547704	11822.788918	11826.660622			1.0		0.0	2.0					
11830.731	8.306000000000495	trials	9.0	11835.627144	11836.913732	11838.412732	11839.050108	11834.751726	11837.625978			1.0	2.0	0.0	3.0					
11842.766	10.552999999999884	trials	9.0	11848.793008	11850.014492			11847.785764	11850.745256	11852.436	11853.319	2.0		1.0	1.0					
11855.332	6.939000000000306	trials	9.0	11858.172286	11859.713848	11861.49781	11862.285022	11857.630266	11860.873454			1.0	1.0	0.0	3.0					
11863.831	17.924999999999272	trials	9.0	11878.091978	11879.861682	11881.086882	11881.768418	11877.350132	11880.431394			1.0	1.0	0.0	3.0					
11884.456	11.665999999999258	trials	9.0	11892.752038	11894.618358	11895.561212	11896.13803	11892.033714000001	11894.83611			1.0	2.0	0.0	3.0					
11899.876	10.101000000000568	trials	9.0	11906.929136	11908.574312	11909.508592	11909.991508	11906.001698	11908.75908			1.0	1.0	0.0	3.0					
11913.871	9.825000000000728	trials	9.0	11919.144978	11920.890758			11918.294824	11921.442394			2.0		1.0	1.0					
11926.182	7.93999999999869	trials	9.0	11928.9528	11930.798524			11928.063682	11931.596128000001			2.0		1.0	1.0					
11937.562	5.395000000000437	trials	9.0	11939.267962	11940.503130000001	11942.424234	11942.970316	11937.626676	11941.778900000001			1.0	1.0	0.0	3.0					
11946.747	7.5090000000000146	trials	9.0	11950.542768	11951.921242	11953.600444	11954.268708	11949.752442	11952.750492			1.0	2.0	0.0	3.0					
11957.908	14.722999999999956	trials	9.0	11970.042642	11970.63886			11969.1191	11970.629186			1.0		0.0	2.0					
11976.641	26.816000000000713	trials	9.0	11999.84941	12001.414682			11998.865898	12001.411414			1.0		0.0	2.0					
12005.466	11.494999999998981	trials	9.0	12013.27332	12014.874704			12012.27866	12014.870382000001			1.0		0.0	2.0					
12019.971	20.19499999999971	trials	9.0	12033.923156	12035.594366000001	12038.03103	12038.714016	12033.225190000001	12036.498656	12038.681	12040.166	1.0	1.0	1.0	1.0					
12041.971	6.540000000000873	trials	9.0	12045.425358	12046.57416	12048.026576	12048.524308	12044.455632000001	12047.39806			1.0	1.0	0.0	3.0					
12052.341	15.78099999999904	trials	9.0	12064.108408	12066.08947	12067.580486	12068.136258	12063.439409999999	12066.794648			1.0	1.0	0.0	3.0					
12070.901	60.89500000000044	trials	9.0	12127.968074	12129.101456	12131.095870000001	12131.811968	12127.269806	12130.465963999999			1.0	2.0	0.0	3.0					
12133.462	15.059000000001106	trials	9.0	12142.863798	12144.150424	12146.498154	12147.247534	12142.196262000001	12145.82889	12147.211	12148.521	1.0	1.0	1.0	1.0					
12151.539	8.95799999999872	trials	9.0	12155.383088	12156.432314			12154.868024	12158.24337			2.0		1.0	1.0					
12163.966	5.469999999999345	trials	9.0	12166.61396	12167.885034	12168.975368	12169.45197	12165.653992	12168.407336			1.0	1.0	0.0	3.0					
12172.293	19.13299999999981	trials	9.0	12187.528808	12188.977868	12190.55599	12191.441054	12186.796308	12189.885428			1.0	2.0	0.0	3.0					
12192.921	42.32999999999993	trials	9.0	12231.003734	12232.9577			12230.339056	12232.996066			2.0		1.0	1.0					
12238.767	7.943999999999505	trials	9.0	12241.826348	12243.094912			12241.197422000001	12243.799336	12245.587	12246.711	2.0		1.0	1.0					
12249.736	6.229999999999563	trials	9.0	12251.887	12253.717464000001	12255.417034	12255.963302	12251.193012	12254.748406			1.0	1.0	0.0	3.0					
12259.796	14.274999999999636	trials	9.0	12268.836704000001	12270.400894	12271.728036	12272.512348	12267.85154	12271.013642	12272.457	12274.071	1.0	2.0	1.0	1.0					
12278.088	6.148000000001048	trials	9.0	12280.451354	12281.698064	12283.853468000001	12284.234048	12279.867068	12282.783786			1.0	1.0	0.0	3.0					
12286.196	12.1200000000008	trials	9.0	12293.891660000001	12295.785654000001	12297.626224	12298.312442	12293.312154000001	12296.714912			1.0	2.0	0.0	3.0					
12300.011	15.194999999999709	trials	9.0	12309.77145	12311.012462	12312.332296	12313.310232	12308.931254000001	12311.64731	12313.116	12315.206	1.0	1.0	1.0	1.0					
12317.118	7.713999999999942	trials	9.0	12320.302426	12321.820144000001			12319.693204000001	12322.601174			2.0		1.0	1.0					
12327.383	9.279000000000451	trials	9.0	12329.46227	12330.599186	12334.810452	12335.273824	12328.874266	12334.135284	12335.606	12336.662	1.0	1.0	1.0	1.0					
12340.721	6.9099999999998545	trials	9.0	12342.59692	12343.682518	12345.01742	12345.832194	12341.042142	12344.322966	12345.771	12347.631	1.0	1.0	1.0	1.0					
12350.696	6.335000000000946	trials	9.0	12353.373344	12355.31342	12356.368334	12357.030854	12352.557058	12355.701976			1.0	1.0	0.0	3.0					
12359.721	10.986000000000786	trials	9.0	12363.861714	12365.831830000001	12368.67684	12369.333546	12363.332208	12366.287552	12369.406	12370.707	1.0	1.0	1.0	1.0					
12374.657	6.894000000000233	trials	9.0	12377.123644000001	12378.468842			12376.150746000001	12379.437334			2.0		1.0	1.0					
12385.011	5.15099999999984	trials	9.0	12386.612038000001	12387.953344	12389.22234	12390.15655	12385.548656	12388.438934			1.0	1.0	0.0	3.0					
12392.576	9.525000000001455	trials	9.0	12397.512198	12399.539248000001			12396.665746	12399.992278			2.0		1.0	1.0					
