onset	duration	nwb_table	block	tone_on_time	tone_off_time	action_on_time	action_off_time	pokeC_on_time	pokeC_off_time	reward_on_time	reward_off_time	state	action	reward	result	FinishedBlock	FirstTrial	LastTrial	RewardRule_L	RewardRule_R
3.318	364.416	BlockDesign														1.0	1.0	24.0	50.0	90.0
3.318	19.41	trials	1.0	16.763608	18.03506	20.402086000000004	20.868203000000005	16.228	18.878104000000004	21.158	22.728	1.0	2.0	1.0	1.0					
26.748	14.736	trials	1.0	35.418611000000006	36.528805000000006	38.956611	39.542554	34.851811000000005	38.034995	39.793	41.484	1.0	2.0	1.0	1.0					
45.548	9.061	trials	1.0	48.258539000000006	49.97082	52.339443	52.8507	47.606962	51.305641	52.938	54.609	1.0	2.0	1.0	1.0					
56.673	11.989999999999995	trials	1.0	61.155115	62.752656	66.07512700000001	66.58767	60.163231	64.71884200000001	66.888	68.663	1.0	2.0	1.0	1.0					
70.728	11.825000000000003	trials	1.0	76.478362	77.7251	80.926567	81.428122	75.858766	79.932275			1.0	2.0	0.0	3.0					
85.253	7.109999999999999	trials	1.0	87.088873	88.49822	90.618641	91.047359	82.555367	89.43593800000001			1.0	1.0	0.0	3.0					
93.944	10.209999999999994	trials	1.0	95.454707	96.975286	101.98091500000001	102.3157	92.36563100000001	97.948277	102.768	104.154	1.0	2.0	1.0	1.0					
106.223	13.051000000000002	trials	1.0	111.728504	112.839709	116.612506	117.303011	110.948335	115.620146	117.444	119.274	1.0	2.0	1.0	1.0					
122.32	13.329000000000008	trials	1.0	128.13439499999998	129.636283	133.073284	133.649604	127.603134	131.93726199999998	133.748	135.649	1.0	2.0	1.0	1.0					
139.664	11.979000000000013	trials	1.0	143.354714	145.16815300000002	149.01930099999998	149.44808	142.769972	148.005766	149.743	151.643	1.0	2.0	1.0	1.0					
153.663	16.23599999999999	trials	1.0	162.45045299999998	164.484919	167.10827799999998	167.649941	161.69462500000003	165.692813	167.778	169.899	1.0	2.0	1.0	1.0					
172.968	13.700000000000017	trials	1.0	177.789801	179.736194	183.636823	184.446976	176.97239000000002	182.46104000000003	184.413	186.668	1.0	2.0	1.0	1.0					
190.685	13.207999999999998	trials	1.0	196.90598599999998	198.493422			195.93733600000002	201.623509	203.384	203.893	2.0		1.0	1.0					
205.953	14.514999999999986	trials	1.0	213.68413300000003	215.33158000000003	217.782758	218.39963	212.756893	216.50513999999998	218.503	220.468	1.0	2.0	1.0	1.0					
223.553	15.205000000000013	trials	1.0	230.75701300000003	232.42804999999998	236.21569	236.693062	229.97265700000003	235.117097	236.883	238.758	1.0	2.0	1.0	1.0					
240.778	13.5	trials	1.0	246.689035	247.94567	251.211698	251.85881899999998	245.862049	249.84332899999998	251.873	254.278	1.0	2.0	1.0	1.0					
257.343	11.875	trials	1.0	262.784845	264.598268			262.164239	267.00685000000004	268.738	268.984	2.0		1.0	1.0					
271.682	12.060999999999979	trials	1.0	276.999926	278.110966			276.324518	281.28137300000003	283.078	283.743	2.0		1.0	1.0					
286.768	10.051000000000045	trials	1.0	289.98427100000004	291.361266	294.052659	294.653179	289.138453	292.68735200000003	294.848	296.819	1.0	2.0	1.0	1.0					
297.64	11.033000000000015	trials	1.0	303.344887	305.100731			302.772685	306.425768	308.218	308.438	2.0		1.0	1.0					
313.133	10.705000000000041	trials	1.0	317.13952700000004	319.094167	321.01265	321.89464000000004	316.333036	319.821161	321.859	323.838	1.0	2.0	1.0	1.0					
327.894	10.038999999999987	trials	1.0	330.899375	332.633672	336.151399	337.146976	330.27909500000004	334.874545			1.0	2.0	0.0	3.0					
338.458	12.690999999999974	trials	1.0	340.429679	341.987408	348.52814	349.096217	337.93532300000004	347.43032300000004	349.274	351.149	1.0	1.0	1.0	1.0					
354.178	13.555999999999983	trials	1.0	360.460162	361.53686200000004	365.26966000000004	365.83590200000003	359.71009100000003	364.211141	366.024	367.734	1.0	2.0	1.0	1.0					
369.833	897.905	BlockDesign														1.0	25.0	84.0	10.0	50.0
369.833	11.154999999999973	trials	2.0	374.86654300000004	376.460974	379.52903000000003	380.001535	373.915786	378.38328			1.0	2.0	0.0	3.0					
383.898	6.960999999999956	trials	2.0	385.87051	387.19496300000003			380.990792	388.52680100000003	390.484	390.859	2.0		1.0	1.0					
392.873	8.970000000000027	trials	2.0	397.2251	398.822474			396.298738	399.806642	401.553	401.75	2.0		1.0	1.0					
404.373	9.254999999999995	trials	2.0	407.710889	408.85330700000003	412.24307500000003	412.881992	406.90857800000003	410.852863			1.0	2.0	0.0	3.0					
415.598	9.089999999999975	trials	2.0	417.510067	419.32203400000003	422.553221	423.09828400000004	413.633062	421.153652			1.0	1.0	0.0	3.0					
427.055	32.317999999999984	trials	2.0	450.74606800000004	452.20702900000003	457.075165	457.54816600000004	450.223727	453.974984	457.718	459.373	1.0	2.0	1.0	1.0					
461.393	12.770000000000039	trials	2.0	467.916127	469.981315	472.527764	473.07617200000004	467.28659300000004	471.365815			1.0	2.0	0.0	3.0					
476.869	9.851999999999975	trials	2.0	478.800412	480.061934	486.41434100000004	486.503507	474.167865	484.298429			1.0	1.0	0.0	3.0					
489.778	12.649999999999977	trials	2.0	494.456093	496.311746			493.48444700000005	499.552839	501.319	502.428	2.0		1.0	1.0					
506.448	20.355000000000018	trials	2.0	508.070288	510.086891	524.248293	524.799896	507.350516	511.843856	524.958	526.803	1.0	2.0	1.0	1.0					
528.828	13.144999999999982	trials	2.0	534.110207	535.5704619999999	540.648094	541.1483929999999	533.567642	539.395375			1.0	2.0	0.0	3.0					
543.984	11.658999999999992	trials	2.0	545.876417	547.1071929999999	554.148501	554.508619	541.979328	553.023167			1.0	1.0	0.0	3.0					
557.458	7.105000000000018	trials	2.0	559.207105	560.7836649999999			555.648296	562.394285	564.204	564.493	2.0		1.0	1.0					
567.074	11.109000000000037	trials	2.0	572.385728	574.097355			571.406024	576.032688	577.819	578.083	2.0		1.0	1.0					
582.724	15.663999999999987	trials	2.0	592.355749	593.4275409999999	595.927509	596.4185229999999	591.652352	594.890223	596.588	598.388	1.0	2.0	1.0	1.0					
601.453	12.080000000000041	trials	2.0	604.6359	605.814041	611.061603	611.57169	603.953075	610.140553	611.798	613.533	1.0	2.0	1.0	1.0					
615.564	12.489000000000033	trials	2.0	620.751224	622.4532529999999	625.1755929999999	626.171435	620.070983	623.792685	625.888	628.053	1.0	2.0	1.0	1.0					
631.073	11.065000000000055	trials	2.0	635.6366539999999	636.722864	640.3095619999999	641.1956749999999	634.63536	639.1431379999999			1.0	2.0	0.0	3.0					
644.658	10.049999999999955	trials	2.0	646.6616379999999	647.887663	653.147165	653.519246	642.1444399999999	650.190654			1.0	1.0	0.0	3.0					
655.513	8.899999999999977	trials	2.0	657.44089	658.653434	661.8023109999999	662.5173709999999	654.713546	660.525807	662.578	664.413	1.0	2.0	1.0	1.0					
667.479	13.163999999999987	trials	2.0	672.346601	673.882991	677.9331549999999	678.595252	671.476579	676.835553	678.628	680.643	1.0	2.0	1.0	1.0					
684.673	10.186000000000035	trials	2.0	689.3426149999999	690.7327789999999			688.487144	692.654398	694.444	694.718	2.0		1.0	1.0					
699.315	8.902999999999906	trials	2.0	701.548015	703.2410749999999	706.632515	707.1254329999999	700.975469	704.978494			1.0	2.0	0.0	3.0					
709.966	12.97199999999998	trials	2.0	711.5669499999999	712.775549	721.55322	721.952309	708.223634	718.307103			1.0	1.0	0.0	3.0					
723.888	25.74000000000001	trials	2.0	725.726772	726.9041179999999	748.012988	748.429814	722.941145	727.30206			1.0	2.0	0.0	3.0					
751.336	13.341999999999985	trials	2.0	752.959946	754.135036	763.299491	763.8662479999999	749.634422	759.142285			1.0	2.0	0.0	3.0					
766.627	9.397000000000048	trials	2.0	768.4868779999999	770.0096179999999	772.301078	772.827787	764.682914	770.677162			1.0	1.0	0.0	3.0					
776.628	18.245000000000005	trials	2.0	787.646888	789.022396	793.5875289999999	794.17719	786.842442	792.5519479999999			1.0	2.0	0.0	3.0					
796.908	6.346000000000004	trials	2.0	798.611729	800.244866			794.877899	801.132406			2.0		1.0	1.0					
807.814	10.139999999999986	trials	2.0	809.757173	811.315019	816.545854	817.0795989999999	807.86716	814.659148			1.0	1.0	0.0	3.0					
820.873	5.849999999999909	trials	2.0	822.499432	823.800178	825.2644009999999	826.036026	817.9594659999999	823.796247			1.0		0.0	2.0					
828.813	10.914999999999964	trials	2.0	830.7188719999999	832.514457	837.805524	838.0831039999999	826.728609	832.925138	838.458	839.728	1.0	1.0	1.0	1.0					
842.793	10.69500000000005	trials	2.0	845.105659	846.37006	851.242267	851.7890779999999	844.4561229999999	848.055741	852.058	853.488	1.0	2.0	1.0	1.0					
857.508	10.299999999999955	trials	2.0	859.387493	860.455351	865.228666	865.891699	858.226376	864.1708749999999	865.984	867.808	1.0	2.0	1.0	1.0					
869.873	13.224999999999909	trials	2.0	874.9821069999999	876.865769	880.592915	881.144248	874.0112349999999	879.4406889999999	881.303	883.098	1.0	2.0	1.0	1.0					
885.138	8.889999999999986	trials	2.0	888.993916	890.550538	892.604755	893.097222	888.462149	891.357539			1.0	2.0	0.0	3.0					
895.926	26.182999999999993	trials	2.0	897.8573799999999	899.065531	920.3004999999999	921.3590829999999	894.035484	899.2088679999999			1.0	2.0	0.0	3.0					
923.668	12.360000000000014	trials	2.0	925.522072	927.5288859999999	933.855092	934.110631	922.1115729999999	929.0821669999999	934.713	936.028	1.0	1.0	1.0	1.0					
938.089	11.81899999999996	trials	2.0	943.3585029999999	945.3540049999999			942.7381899999999	947.706408	949.583	949.778	2.0		1.0	1.0					
954.519	12.76400000000001	trials	2.0	959.06738	960.93482			958.3771489999999	963.798368	966.798	967.008	2.0		1.0	1.0					
971.768	16.159999999999968	trials	2.0	976.6638019999999	978.3549519999999	985.6062129999999	986.050071	975.682499	983.114612	986.274	987.928	1.0	2.0	1.0	1.0					
989.984	15.048999999999978	trials	2.0	997.26297	998.4532479999999			996.702683	1002.499607	1004.444	1005.033	2.0		1.0	1.0					
1008.098	12.25	trials	2.0	1012.722664	1014.2808679999999	1018.934231	1019.5081779999999	1012.196824	1017.2592189999999			1.0	2.0	0.0	3.0					
1023.314	15.728999999999928	trials	2.0	1024.918235	1026.224631	1037.734396	1038.348121	1020.3564279999999	1029.988928			1.0	1.0	0.0	3.0					
1040.083	6.574999999999818	trials	2.0	1041.87343	1043.5899100000001			1041.037876	1044.428642	1046.213	1046.384	2.0		1.0	1.0					
1049.127	18.726000000000113	trials	2.0	1061.048479	1062.75023	1066.2436670000002	1066.955543	1060.124111	1065.355434			1.0	2.0	0.0	3.0					
1069.61	7.143000000000029	trials	2.0	1071.133415	1072.5150110000002			1067.861032	1073.899355	1075.763	1076.753	2.0		1.0	1.0					
1080.814	14.07899999999995	trials	2.0	1085.333415	1087.280588	1092.272297	1092.856346	1084.478687	1090.878056	1092.978	1094.893	1.0	2.0	1.0	1.0					
1096.955	17.323000000000093	trials	2.0	1106.119586	1107.177433	1111.70071	1112.228084	1105.4721020000002	1110.352178	1112.338	1114.278	1.0	2.0	1.0	1.0					
1116.348	14.67599999999993	trials	2.0	1121.4428870000002	1123.275307	1127.8417490000002	1128.5362480000001	1120.582603	1125.4156400000002	1128.503	1131.024	1.0	2.0	1.0	1.0					
1133.088	14.240000000000009	trials	2.0	1139.093761	1141.03682	1145.512224	1146.126892	1138.160489	1144.107334			1.0	2.0	0.0	3.0					
1148.843	10.509999999999991	trials	2.0	1150.442996	1151.762257	1157.73677	1158.401004	1147.336774	1156.109555			1.0	1.0	0.0	3.0					
1161.109	6.254000000000133	trials	2.0	1162.73332	1164.1002230000001			1159.360543	1165.200775	1167.038	1167.128	2.0		1.0	1.0					
1169.933	8.885999999999967	trials	2.0	1173.664017	1174.8092450000001			1172.7879130000001	1176.660305	1178.444	1178.718	2.0		1.0	1.0					
1183.343	11.600999999999885	trials	2.0	1185.8790940000001	1187.739967	1193.499397	1194.330852	1185.187582	1190.724179			1.0	2.0	0.0	3.0					
1197.864	24.909999999999854	trials	2.0	1199.569058	1200.8524160000002	1220.554628	1220.956469	1194.950411	1201.357015	1221.173	1222.774	1.0	2.0	1.0	1.0					
1226.838	8.285000000000082	trials	2.0	1228.608907	1229.774353			1226.862145	1232.884301	1234.713	1234.819	2.0		1.0	1.0					
1237.628	11.590000000000146	trials	2.0	1244.044282	1245.44417	1247.916842	1248.4571540000002	1243.408468	1246.637977			1.0	2.0	0.0	3.0					
1252.256	7.246999999999844	trials	2.0	1254.0238940000002	1255.470775	1258.0889180000001	1258.604563	1249.226981	1256.830216			1.0	1.0	0.0	3.0					
1260.455	7.283000000000129	trials	2.0	1262.410722	1264.091032	1265.5342480000002	1265.948309	1259.509637	1264.079911	1266.194	1267.738	1.0	2.0	1.0	1.0					
1270.893	11336.695	BlockDesign														1.0	85.0	884.0	50.0	10.0
1270.893	10.024999999999864	trials	3.0	1275.264053	1276.350245			1274.420763	1278.61607	1280.593	1280.663	2.0		1.0	1.0					
1285.388	8.570000000000164	trials	3.0	1287.314035	1289.2568210000002	1292.1737	1293.2178740000002	1286.770606	1290.608537			1.0	2.0	0.0	3.0					
1295.518	27.295000000000073	trials	3.0	1297.354112	1299.306708	1321.382335	1322.0646410000002	1293.968264	1301.411971			1.0	2.0	0.0	3.0					
1323.764	10.028999999999996	trials	3.0	1325.4489800000001	1327.1859670000001	1331.6752250000002	1332.025685	1322.823175	1330.0832	1332.444	1333.793	1.0	1.0	1.0	1.0					
1336.813	9.490000000000009	trials	3.0	1339.2948470000001	1341.181186	1344.380963	1345.4281330000001	1338.498301	1342.35236			1.0	2.0	0.0	3.0					
1348.892	8.350999999999885	trials	3.0	1350.6042140000002	1352.608729	1355.8492700000002	1356.493694	1346.312126	1353.558839			1.0	1.0	0.0	3.0					
1360.183	6.375	trials	3.0	1361.7291770000002	1363.488536			1357.2518240000002	1364.398813	1366.248	1366.438	2.0		1.0	1.0					
1370.109	9.079000000000178	trials	3.0	1372.975202	1374.8258270000001	1377.7153600000001	1378.282672	1372.287155	1376.547958			1.0	2.0	0.0	3.0					
1380.043	10.355999999999995	trials	3.0	1381.629885	1383.2843500000001			1379.194549	1387.471557	1389.238	1390.399	2.0		1.0	1.0					
1392.418	12.75500000000011	trials	3.0	1399.206251	1400.8744510000001	1403.407173	1404.309974	1398.384025	1402.236353			1.0	2.0	0.0	3.0					
1405.775	7.192999999999984	trials	3.0	1407.444584	1409.4580580000002			1405.182763	1410.9198880000001	1412.688	1412.793	2.0		1.0	1.0					
1417.502	11.063000000000102	trials	3.0	1420.8749990000001	1422.3112580000002	1427.200505	1427.855765	1420.125046	1424.7333230000002			1.0	2.0	0.0	3.0					
1431.538	11.769999999999982	trials	3.0	1433.304916	1434.3514	1442.9841820000001	1443.1621850000001	1428.5695210000001	1439.03276			1.0	1.0	0.0	3.0					
1445.314	12.288999999999987	trials	3.0	1450.051025	1452.0286820000001	1455.258518	1455.844426	1449.137069	1453.768961	1456.014	1457.603	1.0	2.0	1.0	1.0					
1460.703	11.684999999999945	trials	3.0	1465.145007	1466.941444	1470.8025440000001	1471.313452	1464.325519	1469.623109			1.0	2.0	0.0	3.0					
1474.133	9.045000000000073	trials	3.0	1475.985564	1477.9768310000002	1482.7071680000001	1483.187697	1472.396702	1481.103143			1.0	1.0	0.0	3.0					
1485.079	93.57400000000007	trials	3.0	1571.250794	1572.971489	1577.078224	1577.550903	1570.436838	1573.867238			1.0	2.0	0.0	3.0					
1581.409	7.648999999999887	trials	3.0	1583.110289	1584.979922	1588.38751	1589.0650640000001	1578.664561	1585.59617			1.0	2.0	0.0	3.0					
1591.753	9.725000000000136	trials	3.0	1596.010771	1597.467493			1595.450192	1599.321805	1601.109	1601.265	2.0		1.0	1.0					
1606.013	9.346000000000004	trials	3.0	1608.747445	1609.9991320000001	1614.088385	1614.493218	1607.806849	1612.816352			1.0	2.0	0.0	3.0					
1618.425	7.763000000000147	trials	3.0	1619.966083	1621.2577840000001	1624.7483320000001	1625.271443	1615.368782	1623.305378			1.0	1.0	0.0	3.0					
1628.073	8.819999999999936	trials	3.0	1629.84596	1631.178416	1635.959437	1636.900487	1626.198505	1632.969845			1.0	2.0	0.0	3.0					
1639.283	20.736000000000104	trials	3.0	1651.135993	1652.907029	1658.495656	1659.070502	1650.266492	1654.8150070000002			1.0	2.0	0.0	3.0					
1660.814	5.453999999999951	trials	3.0	1662.781083	1664.2032430000002			1660.03067	1664.1947380000001			1.0		0.0	2.0					
1668.284	19.409999999999854	trials	3.0	1682.476046	1684.18172			1681.946333	1685.3914790000001	1687.403	1687.668	2.0		1.0	1.0					
1690.251	10.23700000000008	trials	3.0	1694.197319	1695.756305	1698.7892630000001	1699.33742	1693.425176	1697.729522			1.0	2.0	0.0	3.0					
1703.113	8.149999999999864	trials	3.0	1704.761183	1705.9776980000001	1710.701851	1711.273292	1700.500426	1709.258378			1.0	1.0	0.0	3.0					
1713.053	9.629999999999882	trials	3.0	1717.1313910000001	1719.05222			1716.5446510000002	1719.9043840000002	1721.734	1722.683	2.0		1.0	1.0					
1725.703	10.085000000000036	trials	3.0	1729.4056540000001	1730.805967	1734.307994	1734.84281	1728.400891	1733.2330610000001			1.0	2.0	0.0	3.0					
1738.688	8.439999999999827	trials	3.0	1740.627365	1742.517884	1745.126447	1745.513975	1735.797616	1743.926754	1745.878	1747.128	1.0	1.0	1.0	1.0					
1749.151	12.922000000000025	trials	3.0	1753.90129	1755.673381	1760.76026	1761.326342	1752.979783	1759.294435			1.0	1.0	0.0	3.0					
1765.143	5.690000000000055	trials	3.0	1767.006398	1768.0726160000002	1769.5110770000001	1770.1569470000002	1762.084904	1768.5830290000001			1.0	2.0	0.0	3.0					
1772.829	7.520999999999958	trials	3.0	1774.777039	1776.19813	1779.994306	1780.3585540000001	1770.843667	1778.3704070000001			1.0	1.0	0.0	3.0					
1783.319	16.348999999999933	trials	3.0	1788.2167160000001	1790.173361	1798.495366	1798.960613	1787.3344960000002	1797.2279150000002			1.0	2.0	0.0	3.0					
1800.81	18.27800000000002	trials	3.0	1802.686562	1804.3817800000002	1817.8444430000002	1818.3777790000001	1799.6805980000001	1813.679536			1.0	1.0	0.0	3.0					
1820.168	5.7650000000001	trials	3.0	1821.7413430000001	1823.108885			1819.099355	1823.840126	1825.583	1825.768	2.0		1.0	1.0					
1829.446	8.23700000000008	trials	3.0	1832.5268990000002	1834.118195			1831.6215980000002	1835.400455	1837.448	1837.578	2.0		1.0	1.0					
1840.138	20.128000000000156	trials	3.0	1854.436946	1855.978252	1858.724641	1859.5178660000001	1853.831752	1857.842492			1.0	2.0	0.0	3.0					
1861.089	9.480000000000018	trials	3.0	1862.656258	1864.543306	1868.0989510000002	1868.739788	1860.274049	1866.461129	1869.003	1870.569	1.0	1.0	1.0	1.0					
1873.598	8.326000000000022	trials	3.0	1877.156431	1878.568285	1880.766413	1881.287616	1876.2403820000002	1879.737349			1.0	2.0	0.0	3.0					
1885.148	6.615000000000009	trials	3.0	1886.917475	1888.092957	1889.716709	1890.1613770000001	1881.936151	1888.674481	1890.569	1891.763	1.0	1.0	1.0	1.0					
1895.827	9.510999999999967	trials	3.0	1898.262386	1899.4253350000001	1902.9549530000002	1903.5143110000001	1897.637504	1901.963398	1903.683	1905.338	1.0	2.0	1.0	1.0					
1908.403	8.580999999999904	trials	3.0	1912.906723	1914.799829	1916.660212	1916.938523	1911.909821	1915.642112			1.0	2.0	0.0	3.0					
1919.99	17.883000000000038	trials	3.0	1928.672444	1929.982214	1936.484662	1937.1463310000001	1928.078367	1935.086935			1.0	1.0	0.0	3.0					
1939.863	7.169999999999845	trials	3.0	1941.7125800000001	1943.185307			1937.8831790000002	1943.1785300000001			1.0		0.0	2.0					
1947.189	8.273999999999887	trials	3.0	1950.913495	1952.41346			1950.15344	1952.744834	1954.868	1955.463	2.0		1.0	1.0					
1959.528	7.8599999999999	trials	3.0	1962.282431	1963.436672	1966.097809	1966.74874	1961.382309	1965.163264			1.0	2.0	0.0	3.0					
1968.453	7.1159999999999854	trials	3.0	1970.458703	1972.413082			1967.401352	1972.773832	1974.548	1975.569	2.0		1.0	1.0					
1979.629	9.230000000000018	trials	3.0	1982.9283440000002	1984.175009	1987.524316	1988.194271	1982.197402	1986.451826			1.0	2.0	0.0	3.0					
1989.852	6.9409999999998035	trials	3.0	1991.8668790000002	1993.654001	1995.4183130000001	1995.909133	1988.86778	1994.136428			1.0	1.0	0.0	3.0					
1999.743	6.4909999999999854	trials	3.0	2001.6429500000002	2002.858727	2005.5314560000002	2006.242616	1996.8054550000002	2002.8471920000002			1.0		0.0	2.0					
2007.868	17.164999999999964	trials	3.0	2020.3126180000002	2022.190709			2019.492404	2022.742391	2024.569	2024.703	2.0		1.0	1.0					
2027.553	9.720999999999776	trials	3.0	2031.3025360000001	2033.064805	2034.807731	2035.496591	2030.3605730000002	2033.4214430000002	2035.578	2037.274	1.0	1.0	1.0	1.0					
2040.303	12.2049999999997	trials	3.0	2046.5675360000002	2047.9767090000003	2050.9202689999997	2051.6036	2045.577058	2049.890284			1.0	2.0	0.0	3.0					
2054.243	11.046000000000276	trials	3.0	2055.808066	2057.488503	2063.843825	2064.5365319999996	2052.520882	2062.744937			1.0	1.0	0.0	3.0					
2068.168	7.089999999999691	trials	3.0	2069.7742089999997	2071.148453	2072.8584739999997	2073.2816989999997	2065.300455	2071.80457	2073.548	2075.258	1.0	2.0	1.0	1.0					
2078.282	7.951999999999771	trials	3.0	2081.058102	2082.3048489999996	2084.7641839999997	2085.40481	2080.287422	2083.736966			1.0	2.0	0.0	3.0					
2087.103	6.324999999999818	trials	3.0	2088.8676849999997	2090.264251	2092.078522	2092.618009	2086.242671	2090.982778			1.0	1.0	0.0	3.0					
2095.403	5.730000000000018	trials	3.0	2097.1243449999997	2098.8146709999996	2099.682137	2100.346149	2093.437535	2098.8099039999997			1.0		0.0	2.0					
2103.888	4.9050000000002	trials	3.0	2106.184103	2106.795317			2101.1450959999997	2106.7858819999997			1.0		0.0	2.0					
2111.814	11.244000000000142	trials	3.0	2117.1790699999997	2118.929393			2116.503537	2120.625994	2122.658	2122.888	2.0		1.0	1.0					
2125.488	10.25500000000011	trials	3.0	2128.984324	2130.810226	2134.6657569999998	2135.086264	2128.3528389999997	2132.655692			1.0	2.0	0.0	3.0					
2139.033	10.00500000000011	trials	3.0	2140.558393	2142.4162159999996	2146.61516	2147.1649749999997	2135.757017	2143.257568	2147.338	2149.038	1.0	1.0	1.0	1.0					
2151.109	10.82400000000007	trials	3.0	2156.584583	2158.233307	2161.361783	2161.946281	2155.7869689999998	2160.0198109999997			1.0	1.0	0.0	3.0					
2163.663	14.405999999999949	trials	3.0	2170.817947	2171.8502289999997	2176.870658	2177.378993	2169.851147	2175.454949			1.0	2.0	0.0	3.0					
2181.204	7.1340000000000146	trials	3.0	2182.848504	2184.2894929999998			2178.084061	2186.266658	2188.118	2188.223	2.0		1.0	1.0					
2190.913	8.884999999999764	trials	3.0	2193.862808	2195.3855799999997			2193.2791939999997	2196.481158	2199.093	2199.798	2.0		1.0	1.0					
2202.863	10.456000000000131	trials	3.0	2205.585098	2207.402036	2211.862525	2212.596501	2204.777303	2210.069242			1.0	2.0	0.0	3.0					
2216.208	6.2199999999998	trials	3.0	2217.838751	2219.0697649999997			2213.331077	2220.157017	2222.018	2222.168	2.0		1.0	1.0					
2224.973	9.414999999999964	trials	3.0	2227.633793	2228.7342519999997	2233.1518459999998	2233.7149379999996	2226.812872	2231.6136429999997			1.0	2.0	0.0	3.0					
2235.504	5.9900000000002365	trials	3.0	2237.3682639999997	2238.491408			2234.399251	2239.36165	2241.343	2241.423	2.0		1.0	1.0					
2246.004	8.838999999999942	trials	3.0	2247.8586259999997	2249.244893	2252.267225	2252.9346069999997	2246.8690309999997	2251.041782	2252.889	2254.843	1.0	1.0	1.0	1.0					
2258.899	9.0	trials	3.0	2261.228858	2263.16018	2265.4605429999997	2266.223802	2260.412069	2264.1657969999997	2266.198	2267.899	1.0	1.0	1.0	1.0					
2271.963	9.4699999999998	trials	3.0	2275.3136799999997	2276.8424109999996	2280.76379	2281.4457829999997	2274.468265	2279.6576139999997			1.0	2.0	0.0	3.0					
2284.058	9.480000000000018	trials	3.0	2286.5236999999997	2288.225606	2292.159267	2292.688124	2285.730008	2291.1235699999997			1.0	2.0	0.0	3.0					
2294.438	6.404999999999745	trials	3.0	2296.2236869999997	2297.5893189999997			2293.550203	2298.179149			2.0		1.0	1.0					
2304.378	11.875	trials	3.0	2308.6655349999996	2310.486613	2313.890122	2314.496607	2307.9419359999997	2312.345363			1.0	2.0	0.0	3.0					
2318.26	17.88899999999967	trials	3.0	2320.1486419999997	2321.880017	2334.861018	2335.4350809999996	2316.2656159999997	2322.364137			1.0	2.0	0.0	3.0					
2338.218	5.025000000000091	trials	3.0	2340.210487	2341.249919			2336.162143	2341.242902			1.0		0.0	2.0					
2345.253	10.710000000000036	trials	3.0	2349.171982	2351.040164			2348.519514	2352.944618	2354.798	2355.963	2.0		1.0	1.0					
2359.024	10.91000000000031	trials	3.0	2361.323938	2363.301125	2367.719834	2368.321269	2360.574145	2366.443105	2368.423	2369.934	1.0	2.0	1.0	1.0					
2373.998	10.210000000000036	trials	3.0	2376.794832	2377.882752	2382.7986859999996	2383.430327	2376.1729299999997	2380.2890239999997			1.0	2.0	0.0	3.0					
2387.118	7.9909999999999854	trials	3.0	2388.989189	2390.5214229999997	2393.84318	2394.555531	2384.220488	2392.3679509999997			1.0	2.0	0.0	3.0					
2396.204	7.279999999999745	trials	3.0	2397.8989509999997	2399.914902			2395.121435	2401.1606659999998	2403.253	2403.484	2.0		1.0	1.0					
2407.499	8.214000000000397	trials	3.0	2409.961109	2411.8454239999996	2414.4352489999997	2415.068972	2408.6733369999997	2412.7903189999997			1.0	2.0	0.0	3.0					
2416.758	14.0300000000002	trials	3.0	2418.396692	2419.606691	2427.948946	2428.71467	2415.728135	2426.464823	2428.528	2430.788	1.0	1.0	1.0	1.0					
2432.853	9.61999999999989	trials	3.0	2437.859136	2439.38218			2436.92164	2440.346573	2442.038	2442.223	2.0		1.0	1.0					
2446.02	7.2029999999999745	trials	3.0	2447.5956619999997	2449.52117	2452.0003239999996	2452.622797	2446.563703	2450.478917			1.0	2.0	0.0	3.0					
2454.369	9.739999999999782	trials	3.0	2455.894837	2457.629062	2461.52189	2462.137541	2453.237591	2460.123368	2462.263	2464.109	1.0	1.0	1.0	1.0					
2466.178	9.346000000000004	trials	3.0	2469.989459	2471.16532	2474.0734939999998	2474.95745	2469.0674169999998	2472.29068			1.0	2.0	0.0	3.0					
2477.393	8.904999999999745	trials	3.0	2479.265014	2481.0247369999997	2484.852536	2485.5193769999996	2475.53809	2483.567717			1.0	1.0	0.0	3.0					
2489.168	6.230999999999767	trials	3.0	2490.734756	2492.0763159999997	2494.072531	2494.5273349999998	2486.309741	2492.67541			1.0	2.0	0.0	3.0					
2497.413	10.150000000000091	trials	3.0	2499.4058689999997	2501.076219	2504.887635	2505.2408269999996	2495.4104899999998	2502.125039	2505.548	2507.563	1.0	1.0	1.0	1.0					
2509.583	9.235999999999876	trials	3.0	2513.844854	2515.296943	2517.443018	2518.074392	2513.104055	2516.411493			1.0	1.0	0.0	3.0					
2521.768	5.154999999999745	trials	3.0	2523.805094	2524.927273			2518.833635	2524.9223079999997			1.0		0.0	2.0					
2529.983	5.299999999999727	trials	3.0	2532.734588	2533.889999	2534.628768	2535.295327	2531.849327	2533.824298			1.0	2.0	0.0	3.0					
2538.968	13.539999999999964	trials	3.0	2548.079966	2549.704643			2547.28206	2550.331523	2552.188	2552.484	2.0		1.0	1.0					
2555.984	10.739000000000033	trials	3.0	2558.065192	2559.203485	2565.528262	2566.074875	2557.0364289999998	2564.58067			1.0	2.0	0.0	3.0					
2567.913	6.775000000000091	trials	3.0	2569.841535	2570.969865	2573.312778	2573.995586	2566.738358	2572.178771			1.0	1.0	0.0	3.0					
2575.644	5.149000000000342	trials	3.0	2577.2118069999997	2578.525061	2580.1748709999997	2580.8092939999997	2574.699467	2579.211661			1.0	2.0	0.0	3.0					
2583.503	18.355999999999767	trials	3.0	2596.065452	2597.8021879999997			2595.227012	2599.4279859999997	2601.528	2601.718	2.0		1.0	1.0					
2606.388	8.684999999999945	trials	3.0	2608.01062	2609.871793	2613.809921	2614.428713	2607.3247899999997	2612.145704			1.0	2.0	0.0	3.0					
2617.125	8.373000000000047	trials	3.0	2618.806748	2620.422677	2623.275016	2623.76228	2615.087004	2621.949098	2624.003	2625.498	1.0	1.0	1.0	1.0					
2629.558	24.835000000000036	trials	3.0	2649.1199709999996	2650.647289			2648.204105	2652.1866339999997	2654.088	2654.363	2.0		1.0	1.0					
2658.923	13.101000000000113	trials	3.0	2663.775656	2665.3611229999997	2670.7303549999997	2671.247257	2663.094866	2669.211291			1.0	2.0	0.0	3.0					
2674.083	9.980000000000018	trials	3.0	2675.752121	2677.0720539999998	2681.9119029999997	2682.295732	2672.0380059999998	2678.336663	2682.593	2684.063	1.0	1.0	1.0	1.0					
2687.083	8.753999999999905	trials	3.0	2690.4406839999997	2692.238088			2689.449345	2693.3374449999997	2695.353	2695.554	2.0		1.0	1.0					
2698.318	9.134999999999764	trials	3.0	2701.627344	2703.4133789999996	2705.978777	2706.6999069999997	2700.681822	2704.7305579999997			1.0	2.0	0.0	3.0					
2708.303	9.846000000000004	trials	3.0	2710.2755119999997	2711.829041	2715.625199	2716.204492	2707.4655399999997	2714.350388	2716.478	2718.149	1.0	1.0	1.0	1.0					
2721.183	9.074999999999818	trials	3.0	2724.565631	2725.9045849999998	2728.886978	2729.543674	2723.99048	2727.6310869999998			1.0	2.0	0.0	3.0					
2733.218	15.789999999999964	trials	3.0	2735.025685	2736.1670329999997	2745.765828	2746.512829	2730.2724319999998	2744.307172			1.0	1.0	0.0	3.0					
2750.038	4.769999999999982	trials	3.0	2751.7969399999997	2752.8180089999996	2754.247002	2754.485455	2749.022919	2752.80807			1.0		0.0	2.0					
2756.863	17.45600000000013	trials	3.0	2767.4906619999997	2768.685234	2771.836945	2772.622981	2766.809905	2770.317107	2772.458	2774.319	1.0	1.0	1.0	1.0					
2777.368	9.75	trials	3.0	2780.3778429999998	2781.518585	2785.8212049999997	2786.362102	2779.5145939999998	2783.864135			1.0	2.0	0.0	3.0					
2788.143	11.014999999999873	trials	3.0	2789.940875	2790.964614	2796.043846	2796.5969889999997	2787.135178	2794.657956			1.0	1.0	0.0	3.0					
2800.368	7.048999999999978	trials	3.0	2802.150905	2803.806871	2806.7441209999997	2807.4291559999997	2799.17452	2804.8777969999996			1.0	2.0	0.0	3.0					
2809.102	18.576000000000022	trials	3.0	2822.445919	2824.3372329999997			2821.60535	2825.435827	2827.308	2827.418	2.0		1.0	1.0					
2832.149	6.489000000000033	trials	3.0	2834.0615709999997	2835.4925839999996			2833.206279	2836.452038	2838.114	2838.638	2.0		1.0	1.0					
2840.674	12.81399999999985	trials	3.0	2845.553	2847.302038	2852.169983	2852.666144	2844.845375	2850.186345			1.0	1.0	0.0	3.0					
2854.524	7.148999999999887	trials	3.0	2856.1320739999996	2857.3628949999998			2853.504656	2859.276434	2861.288	2861.548	2.0		1.0	1.0					
2865.229	9.894000000000233	trials	3.0	2867.6863759999997	2868.8630989999997	2872.88524	2873.437531	2867.1687979999997	2871.714091	2873.633	2875.123	1.0	2.0	1.0	1.0					
2878.183	11.014999999999873	trials	3.0	2883.611605	2885.152346	2887.683134	2888.20367	2882.779397	2885.922497			1.0	2.0	0.0	3.0					
2890.047	7.485999999999876	trials	3.0	2891.5730719999997	2892.726423			2889.2142879999997	2895.326955	2897.343	2897.388	2.0		1.0	1.0					
2901.048	12.025000000000091	trials	3.0	2904.072971	2905.303853	2911.9305529999997	2912.3425399999996	2903.3828989999997	2908.5725079999997			1.0	2.0	0.0	3.0					
2916.284	6.1039999999998145	trials	3.0	2917.842044	2919.478227			2913.09014	2919.915635	2921.649	2922.388	2.0		1.0	1.0					
2925.485	9.987999999999829	trials	3.0	2927.67742	2929.4516559999997	2933.458589	2933.9656	2927.0123	2930.9150329999998	2934.133	2935.473	1.0	2.0	1.0	1.0					
2939.538	8.155999999999949	trials	3.0	2941.753471	2943.176199	2946.200186	2946.9243739999997	2941.204088	2944.9844799999996			1.0	2.0	0.0	3.0					
2948.513	13.30600000000004	trials	3.0	2950.302401	2951.5453159999997	2959.5504899999996	2959.921325	2947.7111	2955.4142589999997	2960.274	2961.819	1.0	1.0	1.0	1.0					
2965.623	7.505000000000109	trials	3.0	2967.69197	2969.1624939999997	2971.5522069999997	2972.2138179999997	2966.925964	2970.5792149999997			1.0	2.0	0.0	3.0					
2974.878	22.009999999999764	trials	3.0	2976.6168199999997	2978.2161309999997	2994.537217	2995.11368	2973.1458279999997	2981.6625799999997	2995.338	2996.888	1.0	1.0	1.0	1.0					
2999.908	9.550000000000182	trials	3.0	3003.092612	3004.359015	3008.1081489999997	3008.665169	3002.4981439999997	3007.002473			1.0	2.0	0.0	3.0					
3010.659	5.6599999999998545	trials	3.0	3012.2772499999996	3013.3139269999997			3009.4755969999997	3014.251469	3016.183	3016.298	2.0		1.0	1.0					
3019.848	9.920000000000073	trials	3.0	3023.866911	3025.009643	3028.577017	3029.153978	3022.89761	3027.6302299999998			1.0	2.0	0.0	3.0					
3031.893	6.690000000000055	trials	3.0	3033.647312	3034.838699	3037.292484	3037.911494	3029.78255	3035.4706189999997			1.0	1.0	0.0	3.0					
3039.613	7.070000000000164	trials	3.0	3041.34269	3042.934135	3044.994644	3045.549533	3038.6002	3043.9003519999997			1.0	2.0	0.0	3.0					
3048.31	8.128000000000156	trials	3.0	3050.162515	3051.583526	3055.852165	3056.4553809999998	3046.701346	3052.5834459999996			1.0	1.0	0.0	3.0					
3059.208	94.21000000000004	trials	3.0	3146.2590819999996	3147.4717859999996			3145.683	3150.991787	3152.938	3153.418	2.0		1.0	1.0					
3157.482	12.690999999999804	trials	3.0	3163.695397	3165.569158	3167.7133379999996	3168.2952429999996	3163.145611	3166.211139	3168.488	3170.173	1.0	2.0	1.0	1.0					
3174.238	9.309999999999945	trials	3.0	3177.723729	3179.551791	3182.121702	3182.742277	3176.924698	3180.738943			1.0	2.0	0.0	3.0					
3186.458	9.710000000000036	trials	3.0	3188.0446389999997	3189.9610239999997	3193.4332959999997	3194.134624	3183.546466	3191.7595539999998	3194.203	3196.168	1.0	1.0	1.0	1.0					
3198.206	9.192999999999756	trials	3.0	3202.2192689999997	3203.8793699999997			3201.5558789999995	3205.334454	3207.018	3207.274	2.0		1.0	1.0					
3209.973	10.539999999999964	trials	3.0	3213.7654289999996	3215.184676			3213.070468	3218.219032	3220.218	3220.323	2.0		1.0	1.0					
3224.984	8.22900000000027	trials	3.0	3226.809418	3228.5516169999996	3231.7209129999997	3232.1495929999996	3225.7716889999997	3230.2200879999996			1.0	1.0	0.0	3.0					
3235.113	6.945000000000164	trials	3.0	3236.8211619999997	3238.146178	3240.447064	3241.3875879999996	3233.21125	3238.1410539999997			1.0		0.0	2.0					
3242.223	11.449999999999818	trials	3.0	3243.8092899999997	3245.8108359999997	3251.0625609999997	3251.8813299999997	3242.0542899999996	3247.123624	3251.883	3253.673	1.0	1.0	1.0	1.0					
3257.688	8.210999999999785	trials	3.0	3261.3843009999996	3262.7745919999998	3264.649351	3265.231147	3260.686527	3263.5664909999996			1.0	2.0	0.0	3.0					
3269.001	8.846999999999753	trials	3.0	3270.8091409999997	3272.6705859999997	3275.219991	3275.9752329999997	3265.89493	3273.9717309999996	3275.944	3277.848	1.0	1.0	1.0	1.0					
3281.873	13.634999999999764	trials	3.0	3283.384815	3285.1154109999998	3293.7167649999997	3294.684438	3282.4145559999997	3285.8733119999997			1.0	2.0	0.0	3.0					
3298.053	8.865000000000236	trials	3.0	3299.8542039999998	3301.785062	3304.2838269999997	3304.866693	3295.5088259999998	3303.181251	3304.988	3306.918	1.0	1.0	1.0	1.0					
3308.978	9.299999999999727	trials	3.0	3313.1394189999996	3314.316229	3316.796859	3317.367655	3312.4960149999997	3315.829578			1.0	2.0	0.0	3.0					
3320.13	8.98299999999972	trials	3.0	3322.1150169999996	3323.7020129999996	3326.38717	3327.3762989999996	3318.2776059999997	3325.247472	3327.223	3329.113	1.0	1.0	1.0	1.0					
3332.168	7.670000000000073	trials	3.0	3334.8403769999995	3336.449275			3333.993314	3337.363434	3339.223	3339.838	2.0		1.0	1.0					
3342.953	8.704999999999927	trials	3.0	3345.9249109999996	3347.958159	3350.313913	3351.0546	3345.214377	3348.965026			1.0	2.0	0.0	3.0					
3352.663	6.3849999999997635	trials	3.0	3354.600669	3355.7386109999998			3351.657048	3356.880084	3358.783	3358.888	2.0		1.0	1.0					
3361.62	9.26299999999992	trials	3.0	3364.325509	3365.694497	3369.491274	3370.1900389999996	3363.5519879999997	3368.3627859999997			1.0	2.0	0.0	3.0					
3371.888	8.579999999999927	trials	3.0	3373.580763	3375.486904	3379.0460919999996	3379.717338	3370.879768	3377.539672			1.0	1.0	0.0	3.0					
3383.374	5.798999999999978	trials	3.0	3385.090351	3386.8882	3388.25728	3389.172458	3380.464678	3387.2654319999997			1.0	2.0	0.0	3.0					
3392.583	25.110999999999876	trials	3.0	3411.8499829999996	3412.9885679999998	3416.2581419999997	3416.689388	3411.326902	3414.841453			1.0	2.0	0.0	3.0					
3418.585	6.947999999999865	trials	3.0	3420.405715	3422.456745			3417.689625	3423.3827109999997	3425.194	3425.228	2.0		1.0	1.0					
3427.998	12.529999999999745	trials	3.0	3430.9866439999996	3432.6176349999996			3430.4167159999997	3434.013004	3435.893	3435.973	2.0		1.0	1.0					
3440.718	8.351000000000113	trials	3.0	3442.385136	3443.713398	3447.591144	3448.160625	3440.529334	3445.6062039999997			1.0	2.0	0.0	3.0					
3450.938	5.404999999999745	trials	3.0	3452.7253929999997	3454.271839	3455.888916	3456.341301	3449.066112	3454.6967889999996			1.0	1.0	0.0	3.0					
3458.223	12.230000000000018	trials	3.0	3463.172295	3464.6532159999997	3469.095818	3469.758426	3462.580837	3467.9618219999998			1.0	2.0	0.0	3.0					
3472.423	19.6550000000002	trials	3.0	3473.9870539999997	3475.9973649999997	3490.7789199999997	3491.4922229999997	3470.4523099999997	3478.116247			1.0	2.0	0.0	3.0					
3494.163	8.664999999999964	trials	3.0	3496.0201629999997	3497.9676219999997	3501.4949709999996	3501.9702009999996	3492.080259	3499.6255869999995			1.0	1.0	0.0	3.0					
3503.873	8.166999999999916	trials	3.0	3505.777581	3507.147387	3509.912496	3510.3899709999996	3502.829397	3508.821768	3510.613	3512.04	1.0	2.0	1.0	1.0					
3516.11	5.932999999999993	trials	3.0	3517.8262839999998	3519.0874559999997	3520.2408459999997	3520.923538	3516.220066	3519.171249			1.0	2.0	0.0	3.0					
3524.583	6.110999999999876	trials	3.0	3526.243924	3527.369878			3522.043072	3528.387684	3530.313	3530.408	2.0		1.0	1.0					
3535.245	8.018000000000029	trials	3.0	3537.2464229999996	3538.3884789999997	3540.6591869999997	3541.558783	3535.2887349999996	3539.092639	3541.428	3543.263	1.0	1.0	1.0	1.0					
3546.343	12.75500000000011	trials	3.0	3552.3361689999997	3553.722665	3556.580568	3557.325042	3551.6780839999997	3554.689348	3557.343	3559.098	1.0	1.0	1.0	1.0					
3562.166	9.442999999999756	trials	3.0	3566.1855579999997	3568.1070099999997	3570.2745729999997	3570.9287109999996	3565.377751	3569.136592			1.0	2.0	0.0	3.0					
3573.603	8.340999999999894	trials	3.0	3575.296641	3576.492835	3580.532452	3581.087751	3571.6104429999996	3577.584457			1.0	1.0	0.0	3.0					
3582.878	7.319999999999709	trials	3.0	3584.831554	3585.963042			3581.9434659999997	3587.434645	3589.118	3590.198	2.0		1.0	1.0					
3593.218	8.851000000000113	trials	3.0	3596.1712529999995	3598.0576379999998	3600.709333	3601.3366779999997	3595.3237019999997	3599.415505			1.0	2.0	0.0	3.0					
3604.076	7.032999999999902	trials	3.0	3605.737996	3607.598481			3602.0705249999996	3608.9156359999997	3610.768	3610.988	2.0		1.0	1.0					
3613.628	8.989999999999782	trials	3.0	3617.451768	3619.0782759999997	3621.3929829999997	3621.9308939999996	3616.5481409999998	3620.41684			1.0	2.0	0.0	3.0					
3624.738	7.055000000000291	trials	3.0	3626.4362229999997	3627.8721069999997	3631.2129779999996	3631.793953	3622.6203179999998	3630.144164			1.0	1.0	0.0	3.0					
3633.576	19.416999999999916	trials	3.0	3643.270897	3644.898139	3650.7330009999996	3651.2259459999996	3642.458776	3649.485765	3651.503	3652.993	1.0	2.0	1.0	1.0					
3655.025	8.947999999999865	trials	3.0	3658.856206	3660.903217	3662.549404	3663.273781	3658.2698219999997	3661.4158749999997			1.0	2.0	0.0	3.0					
3666.829	8.404999999999745	trials	3.0	3668.8318209999998	3669.9826869999997	3674.198012	3675.2333369999997	3663.9750539999995	3670.73638			1.0	1.0	0.0	3.0					
3678.593	10.5	trials	3.0	3682.7419929999996	3684.6078709999997			3681.90057	3686.2866059999997	3688.083	3689.093	2.0		1.0	1.0					
3691.113	10.996000000000095	trials	3.0	3695.307718	3697.165704	3700.854061	3701.431006	3694.698684	3699.7048539999996			1.0	2.0	0.0	3.0					
3703.183	12.385999999999967	trials	3.0	3705.0120789999996	3706.092928	3713.2139319999997	3713.8457439999997	3702.1071439999996	3710.240731	3713.838	3715.569	1.0	1.0	1.0	1.0					
3717.584	8.759000000000015	trials	3.0	3721.5285599999997	3723.2594609999996	3724.7448369999997	3725.5068549999996	3720.596271	3723.676059			1.0	2.0	0.0	3.0					
3728.121	19.60699999999997	trials	3.0	3730.091853	3731.699941	3746.2983269999995	3747.0756969999998	3726.345609	3733.307179			1.0	2.0	0.0	3.0					
3748.644	14.364000000000033	trials	3.0	3750.2570589999996	3751.6328559999997	3760.4166769999997	3761.1505709999997	3747.728248	3755.3684279999998	3761.063	3763.008	1.0	1.0	1.0	1.0					
3767.069	6.6340000000000146	trials	3.0	3769.1988119999996	3770.4890419999997	3772.350502	3773.0914649999995	3768.422029	3771.178478			1.0	2.0	0.0	3.0					
3776.683	10.360000000000127	trials	3.0	3778.34716	3779.897247	3784.0204889999995	3784.473651	3773.70491	3782.0584419999996			1.0	1.0	0.0	3.0					
3787.348	4.8650000000002365	trials	3.0	3788.8723929999996	3790.134267	3791.170342	3791.632952	3787.0454529999997	3790.126159			1.0		0.0	2.0					
3795.223	15.690000000000055	trials	3.0	3805.46748	3807.093786			3804.674917	3808.7418209999996	3810.609	3810.878	2.0		1.0	1.0					
3813.458	29.605000000000018	trials	3.0	3837.1771559999997	3838.702845	3840.5738269999997	3841.259506	3836.512066	3839.3671689999996	3841.258	3843.063	1.0	2.0	1.0	1.0					
3847.083	12.224999999999909	trials	3.0	3853.2227839999996	3854.3881079999996			3852.254682	3857.1168609999995	3859.018	3859.308	2.0		1.0	1.0					
3861.328	10.155999999999949	trials	3.0	3865.742784	3867.6501609999996	3870.1968939999997	3870.806514	3865.053331	3868.861255			1.0	2.0	0.0	3.0					
3874.518	5.065000000000055	trials	3.0	3876.3784029999997	3877.7041929999996	3879.208158	3879.5867279999998	3871.48832	3877.9490399999995			1.0	1.0	0.0	3.0					
3882.579	10.743999999999687	trials	3.0	3888.0479859999996	3889.569995	3893.2888869999997	3893.3235329999998	3887.185114	3889.562623			1.0		0.0	2.0					
3893.678	39.10500000000002	trials	3.0	3927.8828949999997	3929.234991	3931.537464	3931.961575	3926.972731	3929.952245			1.0	2.0	0.0	3.0					
3934.873	4.875	trials	3.0	3936.838081	3937.924559	3939.310248	3939.748861	3932.78509	3937.966942			1.0	1.0	0.0	3.0					
3942.649	15.009000000000015	trials	3.0	3951.904596	3953.8810889999995	3956.6525279999996	3957.0767079999996	3950.907048	3955.4884319999996			1.0	2.0	0.0	3.0					
3960.988	6.496000000000095	trials	3.0	3962.9727829999997	3964.7212689999997	3966.163045	3966.602065	3957.661721	3964.660344			1.0	1.0	0.0	3.0					
3969.488	7.94800000000032	trials	3.0	3971.4897039999996	3973.309338			3967.487761	3973.578036	3976.963	3977.436	2.0		1.0	1.0					
3981.453	6.9909999999999854	trials	3.0	3983.5871429999997	3985.470884	3987.032083	3987.5729709999996	3982.602152	3986.05579			1.0	2.0	0.0	3.0					
3991.408	5.905999999999949	trials	3.0	3993.098071	3995.048461			3988.446234	3995.208996	3996.938	3997.078	2.0		1.0	1.0					
3999.843	10.125	trials	3.0	4004.728749	4006.1205039999995	4008.50206	4009.171684	4004.089881	4007.456949			1.0	2.0	0.0	3.0					
4010.84	8.228999999999814	trials	3.0	4012.3878529999997	4014.1346889999995	4016.754344	4017.3647789999995	4009.9698339999995	4015.5721639999997	4017.518	4019.069	1.0	1.0	1.0	1.0					
4022.133	11.50500000000011	trials	3.0	4025.068125	4026.990066			4024.2678669999996	4027.385344	4029.218	4029.408	2.0		1.0	1.0					
4034.038	6.916000000000167	trials	3.0	4035.678023	4037.194404	4039.6677929999996	4040.2773279999997	4033.6400949999997	4038.5377519999997			1.0	2.0	0.0	3.0					
4042.998	6.989999999999782	trials	3.0	4044.5885949999997	4045.98465	4048.0738599999995	4048.721853	4040.9559309999995	4046.9120289999996			1.0	1.0	0.0	3.0					
4050.409	20.393999999999778	trials	3.0	4065.11901	4066.5782499999996			4064.1692409999996	4067.4681659999997	4069.743	4070.803	2.0		1.0	1.0					
4074.883	7.391000000000076	trials	3.0	4076.7788199999995	4078.0983579999997	4080.989667	4081.531036	4075.6622639999996	4079.8887489999997			1.0	2.0	0.0	3.0					
4085.421	5.542000000000371	trials	3.0	4087.193391	4088.389921	4089.5896569999995	4090.061259	4082.2756139999997	4088.428932			1.0	1.0	0.0	3.0					
4092.958	18.94100000000026	trials	3.0	4094.723575	4096.35051	4110.705349	4111.370967999999	4090.967139	4098.3477139999995			1.0	2.0	0.0	3.0					
4114.03	7.969000000000051	trials	3.0	4115.989904	4117.655640999999			4111.9039379999995	4119.730673	4121.578	4121.703	2.0		1.0	1.0					
4125.498	7.380000000000109	trials	3.0	4127.950688999999	4129.86769			4127.206971	4130.531911	4132.638	4132.819	2.0		1.0	1.0					
4136.393	7.699999999999818	trials	3.0	4138.329151	4139.600256	4142.761168	4143.59458	4137.537387	4141.685242			1.0	2.0	0.0	3.0					
4147.094	10.394000000000233	trials	3.0	4148.799213	4149.9384629999995	4155.991456	4156.628451	4144.097761	4154.751199			1.0	1.0	0.0	3.0					
4158.325	3.97400000000016	trials	3.0	4160.049052	4160.235621			4157.490849	4160.2299299999995			1.0		0.0	2.0					
4164.318	18.36499999999978	trials	3.0	4177.938468	4179.975795	4181.521554	4182.12141	4177.018274	4180.467807			1.0	2.0	0.0	3.0					
4183.868	8.224999999999454	trials	3.0	4185.6556709999995	4187.726478	4189.82564	4190.389122	4182.685957	4188.577132	4190.508	4192.093	1.0	1.0	1.0	1.0					
4195.118	9.049999999999272	trials	3.0	4199.009038	4200.1628519999995	4202.811958	4203.410094999999	4198.042255	4201.679313			1.0	2.0	0.0	3.0					
4206.184	6.363999999999578	trials	3.0	4208.161657	4209.130663			4204.171673999999	4209.123507			1.0		0.0	2.0					
4214.144	5.2479999999995925	trials	3.0	4216.299048	4217.367684999999	4218.311329	4218.842962	4212.551104	4217.363959			1.0		0.0	2.0					
4221.403	14.284999999999854	trials	3.0	4227.089712999999	4228.7864739999995	4234.2212309999995	4234.967113	4226.131106999999	4230.86052			1.0	2.0	0.0	3.0					
4237.553	7.3400000000001455	trials	3.0	4239.303972	4241.131305999999			4235.690911	4242.64273	4244.513	4244.708	2.0		1.0	1.0					
4249.433	8.024999999999636	trials	3.0	4251.318697	4253.213100999999	4254.982975999999	4255.738966	4250.161677	4253.828962	4255.628	4257.458	1.0	1.0	1.0	1.0					
4261.524	7.625	trials	3.0	4263.615612	4265.5700369999995	4268.431074	4269.152751	4262.980068999999	4266.899133999999			1.0	1.0	0.0	3.0					
4272.758	8.145000000000437	trials	3.0	4274.4195629999995	4275.800604999999	4279.054620999999	4279.811091	4273.758967	4277.388604			1.0	2.0	0.0	3.0					
4281.393	10.034999999999854	trials	3.0	4283.139429999999	4284.971302	4290.7701609999995	4291.431042	4280.907658	4289.728359			1.0	1.0	0.0	3.0					
4293.128	151.7400000000007	trials	3.0	4439.090408	4440.947574			4438.442014	4441.9092089999995	4443.724	4444.868	2.0		1.0	1.0					
4446.899	11.469000000000051	trials	3.0	4452.110087	4453.592264999999			4451.477158	4454.83579	4456.643	4458.368	2.0		1.0	1.0					
4462.403	7.041000000000167	trials	3.0	4464.090382	4465.7668109999995	4468.101513	4468.699182	4463.145415	4467.090037			1.0	2.0	0.0	3.0					
4471.423	6.537000000000262	trials	3.0	4473.210591999999	4474.377571			4469.446097	4474.368931			1.0		0.0	2.0					
4478.434	4.943999999999505	trials	3.0	4480.327158	4481.377509	4482.291327	4482.705609	4477.963564	4481.36688			1.0		0.0	2.0					
4485.43	12.273999999999432	trials	3.0	4491.305826	4493.189544			4490.367276	4495.050805			2.0		1.0	1.0					
4502.278	13.085000000000036	trials	3.0	4507.32058	4509.3516629999995	4513.995514	4514.601901	4506.428492	4512.425842			1.0	1.0	0.0	3.0					
4518.375	5.774000000000342	trials	3.0	4520.036602	4521.20392			4515.369814	4521.91084	4523.734	4524.149	2.0		1.0	1.0					
4527.165	12.801000000000386	trials	3.0	4532.875889999999	4534.781488	4537.724875	4538.264931	4532.14904	4536.258309	4538.399	4539.966	1.0	2.0	1.0	1.0					
4541.988	11.889999999999418	trials	3.0	4545.6855749999995	4546.868418	4550.608437999999	4551.228096	4544.948929	4549.25239			1.0	2.0	0.0	3.0					
4553.948	8.460000000000036	trials	3.0	4555.810971	4557.321253	4561.125389999999	4561.487435	4553.882239	4559.869907			1.0	1.0	0.0	3.0					
4565.458	6.236000000000786	trials	3.0	4567.195813	4569.196932999999	4570.405973999999	4571.066434	4562.413490999999	4569.256756			1.0	2.0	0.0	3.0					
4573.738	19.055999999999585	trials	3.0	4575.605799999999	4577.467746	4591.576524	4592.200507	4571.7012159999995	4578.395721999999			1.0	2.0	0.0	3.0					
4594.944	9.668999999999869	trials	3.0	4596.931143	4598.741661	4601.853778	4602.460293	4592.800584	4600.517377	4602.609	4604.613	1.0	1.0	1.0	1.0					
4607.663	8.555000000000291	trials	3.0	4611.140944	4612.402311	4614.7688769999995	4615.475433	4610.244298	4613.697803			1.0	2.0	0.0	3.0					
4617.111	7.413000000000466	trials	3.0	4619.1009699999995	4620.768736			4616.2206639999995	4622.152765	4624.183	4624.393	2.0		1.0	1.0					
4627.069	9.303999999999178	trials	3.0	4629.868087	4631.227761	4633.727341	4634.6025629999995	4629.132165999999	4632.6141099999995	4634.459	4636.373	1.0	1.0	1.0	1.0					
4639.448	14.0649999999996	trials	3.0	4646.968403999999	4648.361833	4650.468724	4651.402	4646.091624	4649.346806	4651.188	4653.513	1.0	1.0	1.0	1.0					
4655.578	12.604999999999563	trials	3.0	4661.371416	4663.123188			4660.829865	4666.089465	4667.899	4668.024	2.0		1.0	1.0					
4670.723	13.335000000000036	trials	3.0	4677.861037	4679.829586	4681.675572	4682.466622	4677.170436	4680.522637	4682.399	4684.058	1.0	2.0	1.0	1.0					
4688.089	7.338999999999942	trials	3.0	4690.446156	4691.66839	4694.673006999999	4695.433606	4689.70393	4693.534024			1.0	1.0	0.0	3.0					
4698.008	7.470000000000255	trials	3.0	4699.587509999999	4700.955136	4703.9661	4704.586945	4698.9569169999995	4703.053454999999			1.0	2.0	0.0	3.0					
4708.338	6.061000000000604	trials	3.0	4709.8718229999995	4711.337379	4712.384377	4712.77758	4705.485216	4711.364403	4713.223	4714.399	1.0	1.0	1.0	1.0					
4717.418	8.910000000000764	trials	3.0	4721.117792	4722.6196469999995	4724.994275	4725.6412869999995	4720.373487	4723.373017			1.0	2.0	0.0	3.0					
4729.328	5.195999999999913	trials	3.0	4731.287480999999	4732.518301			4726.335394	4732.508379999999			2.0		0.0	2.0					
4736.574	15.675000000000182	trials	3.0	4739.618232999999	4741.354194	4750.47385	4751.343562	4738.962326999999	4743.844618			1.0	2.0	0.0	3.0					
4752.806	6.772000000000844	trials	3.0	4754.4080189999995	4756.261422	4758.3299019999995	4759.074748	4752.251655	4756.9908			1.0	2.0	0.0	3.0					
4762.689	10.22899999999936	trials	3.0	4766.0820539999995	4767.363094			4765.317338999999	4768.654669	4771.053	4772.918	2.0		1.0	1.0					
4774.938	20.729999999999563	trials	3.0	4785.471616	4786.786601	4794.366169	4795.073805	4784.646925	4793.414516999999			1.0	2.0	0.0	3.0					
4796.738	21.264999999999418	trials	3.0	4798.497084	4799.662765	4815.337149	4815.9892199999995	4795.672667999999	4801.670069	4816.149	4818.003	1.0	1.0	1.0	1.0					
4822.112	8.738999999999578	trials	3.0	4825.499669999999	4827.329302			4824.800526999999	4828.0024109999995	4829.848	4830.851	2.0		1.0	1.0					
4834.865	8.998000000000502	trials	3.0	4837.191562	4838.572561	4842.394628	4843.051173	4836.455798999999	4840.558018			1.0	1.0	0.0	3.0					
4845.733	6.666000000000167	trials	3.0	4847.5715	4848.884035	4851.006582	4851.594469	4843.870236	4849.882734999999			1.0	2.0	0.0	3.0					
4853.343	18.525000000000546	trials	3.0	4855.042799999999	4856.384763	4870.508215	4871.205626999999	4852.406371	4859.749137			1.0	2.0	0.0	3.0					
4874.878	8.36999999999989	trials	3.0	4876.5071849999995	4878.426235			4871.876781	4880.960808	4882.899	4883.083	2.0		1.0	1.0					
4886.708	10.600000000000364	trials	3.0	4890.231952	4891.48963	4894.74597	4895.544865	4889.6359059999995	4893.336834	4895.414	4897.308	1.0	1.0	1.0	1.0					
4900.363	9.18499999999949	trials	3.0	4906.187223999999	4907.544234			4905.2410899999995	4907.531901			1.0		0.0	2.0					
4912.569	20.664999999999964	trials	3.0	4926.7576389999995	4928.448624	4931.129070999999	4931.5284249999995	4926.081397	4930.058000999999	4931.793	4933.234	1.0	2.0	1.0	1.0					
4935.253	13.0	trials	3.0	4944.034321	4945.339243	4946.968422	4947.5359929999995	4943.044282	4945.903408			1.0	2.0	0.0	3.0					
4949.298	5.890000000000327	trials	3.0	4950.942183	4952.894956	4953.7907079999995	4954.411684	4948.259199	4952.838168			1.0	1.0	0.0	3.0					
4957.154	7.119999999999891	trials	3.0	4959.034589999999	4960.983226	4963.515169	4964.279157	4955.193474	4962.411732			1.0	2.0	0.0	3.0					
4965.876	15.773000000000138	trials	3.0	4972.89244	4974.394548	4979.117316	4979.894667	4972.340774	4978.191949	4979.868	4981.649	1.0	1.0	1.0	1.0					
4983.713	15.159999999999854	trials	3.0	4988.797923	4991.227642	4993.025235	4993.807774	4988.007057999999	4991.960591	4993.823	4998.873	1.0	1.0	1.0	1.0					
5000.937	12.310999999999694	trials	3.0	5006.817304	5007.985375			5006.037364	5011.018956	5012.848	5013.128	2.0		1.0	1.0					
5017.783	8.674999999999272	trials	3.0	5021.4876699999995	5022.563593	5025.196725	5025.605781	5020.847379	5024.092611			1.0	1.0	0.0	3.0					
5028.553	5.650000000000546	trials	3.0	5030.147913	5031.639498			5026.467076999999	5031.942297			2.0		1.0	1.0					
5038.658	7.210000000000036	trials	3.0	5041.058158	5042.901666	5044.793893	5045.207863	5040.125384999999	5043.649501			1.0	2.0	0.0	3.0					
5049.118	6.109999999999673	trials	3.0	5050.744525	5051.665293999999	5054.705778	5055.236902	5045.872955999999	5051.6525169999995			1.0		0.0	2.0					
5056.678	14.364999999999782	trials	3.0	5062.708498	5063.959511	5069.570433999999	5070.184719999999	5062.1336249999995	5067.112278			1.0	1.0	0.0	3.0					
5073.939	6.993999999999687	trials	3.0	5075.9189129999995	5077.109007999999	5079.371824	5080.032046	5071.051255	5078.0762429999995			1.0	2.0	0.0	3.0					
5083.76	5.612999999999374	trials	3.0	5085.3834719999995	5087.053399			5080.937739	5087.194971	5089.058	5089.109	2.0		1.0	1.0					
5093.868	6.069999999999709	trials	3.0	5095.482805	5097.2698629999995			5094.1109559999995	5097.65601	5099.484	5099.938	2.0		1.0	1.0					
5103.964	9.270000000000437	trials	3.0	5106.259984	5107.88629	5112.120859	5112.585609	5104.346697999999	5111.14996			1.0	2.0	0.0	3.0					
5114.448	8.748999999999796	trials	3.0	5116.112992	5117.184964	5122.536106	5123.198312	5113.237741	5121.371263			1.0	1.0	0.0	3.0					
5125.873	15.236000000000786	trials	3.0	5131.5489450000005	5133.550396	5139.819261	5140.428586	5130.666450999999	5138.822595			1.0	2.0	0.0	3.0					
5143.163	13.725000000000364	trials	3.0	5145.073504	5147.005101	5154.773891999999	5155.202205	5141.118146999999	5151.27801	5155.533	5156.888	1.0	1.0	1.0	1.0					
5158.908	8.920000000000073	trials	3.0	5163.455182	5164.82006			5162.559423999999	5165.613556	5167.438	5167.578	2.0		1.0	1.0					
5170.359	9.643999999999323	trials	3.0	5172.495392999999	5173.974205	5178.535464	5179.295408	5171.976903999999	5177.472873			1.0	2.0	0.0	3.0					
5181.868	8.679999999999382	trials	3.0	5183.513707	5184.959171	5189.4411359999995	5189.981737	5180.0120879999995	5187.572673			1.0	1.0	1.0	1.0					
5193.034	11.954000000000633	trials	3.0	5199.278339	5200.426100999999	5203.369525	5204.111988	5198.367505	5202.373978			1.0	1.0	0.0	3.0					
5206.696	8.021999999999935	trials	3.0	5208.378876	5210.190532	5213.6485219999995	5214.183777	5204.997265	5212.715464	5214.338	5214.349	1.0	2.0	1.0	1.0					
5219.238	18.67999999999938	trials	3.0	5222.023486	5224.020594	5236.768233999999	5237.25712	5221.058944	5225.965512999999			1.0	2.0	0.0	3.0					
5241.098	9.50500000000011	trials	3.0	5242.7545279999995	5244.761827	5249.21304	5249.656518	5237.925751	5246.523958			1.0	1.0	0.0	3.0					
5252.581	7.256999999999607	trials	3.0	5254.259094999999	5256.020515	5258.322474	5258.960455	5250.609786999999	5257.25304			1.0	2.0	0.0	3.0					
5262.643	7.25	trials	3.0	5264.644329	5265.875961			5259.844991	5267.479536999999	5269.463	5269.893	2.0		1.0	1.0					
5272.939	8.50500000000011	trials	3.0	5276.964419	5278.684948			5276.025211	5279.227249	5281.238	5281.343	2.0		1.0	1.0					
5285.001	8.42199999999957	trials	3.0	5287.349034999999	5289.078665	5292.199463	5292.687403	5286.407493	5289.7204249999995			1.0	2.0	0.0	3.0					
5296.578	6.734999999999673	trials	3.0	5298.294797	5299.413358	5301.112461	5301.582528	5293.431291999999	5299.965768	5301.823	5303.313	1.0	1.0	1.0	1.0					
5307.328	6.744999999999891	trials	3.0	5309.064084	5310.658737			5308.175272	5311.570957	5313.283	5314.073	2.0		1.0	1.0					
5317.138	6.920000000000073	trials	3.0	5319.554715	5320.95067	5322.782347	5323.453039	5318.694261	5321.7903			1.0	2.0	0.0	3.0					
5327.103	4.890000000000327	trials	3.0	5328.964975	5329.990116999999			5324.067997	5329.979923			1.0		0.0	2.0					
5335.008	8.96600000000035	trials	3.0	5338.149652	5340.162848	5341.688222999999	5342.237271	5337.422791	5340.827275	5342.343	5343.974	1.0	2.0	1.0	1.0					
5345.998	8.75500000000011	trials	3.0	5349.029365	5350.146436	5353.491403	5354.06134	5348.307534	5351.666921			1.0	2.0	0.0	3.0					
5355.819	9.146999999999935	trials	3.0	5357.459836	5359.3863440000005	5362.648008	5363.242612	5354.762027999999	5361.472883	5363.348	5364.966	1.0	1.0	1.0	1.0					
5366.984	8.569999999999709	trials	3.0	5370.104278	5371.537695			5369.188303	5373.3816	5375.183	5375.298	2.0		1.0	1.0					
5380.159	7.359000000000378	trials	3.0	5382.094861	5383.586025	5386.206133	5386.944388	5380.3316159999995	5385.109125			1.0	2.0	0.0	3.0					
5389.534	7.234000000000378	trials	3.0	5391.255114	5392.60462	5395.041922	5395.759550999999	5387.527887	5393.959376999999			1.0	1.0	0.0	3.0					
5397.368	20.990999999999985	trials	3.0	5406.215211	5407.370505999999	5416.031095	5416.581399	5405.630112999999	5413.164835	5416.723	5418.359	1.0	1.0	1.0	1.0					
5420.418	10.954999999999927	trials	3.0	5422.911582	5424.341243999999			5422.31027	5425.117700999999	5426.968	5427.088	2.0		1.0	1.0					
5431.878	5.704999999999927	trials	3.0	5433.544945	5434.785345			5431.384094	5435.431811	5437.258	5437.524	2.0		1.0	1.0					
5441.188	7.489999999999782	trials	3.0	5443.384883999999	5444.90501	5447.2641810000005	5447.929795	5442.395736	5446.169464			1.0	2.0	0.0	3.0					
5450.612	8.247000000000298	trials	3.0	5452.465381	5454.486145	5456.3234649999995	5456.993235	5448.685345	5455.21696	5456.984	5458.859	1.0	1.0	1.0	1.0					
5460.954	8.984000000000378	trials	3.0	5465.189823	5466.329784	5468.303379	5469.04306	5464.4519199999995	5467.208156999999			1.0	2.0	0.0	3.0					
5470.619	7.124000000000706	trials	3.0	5472.180157	5473.599724	5476.466929	5476.952659	5469.9485669999995	5475.2873629999995			1.0	1.0	0.0	3.0					
5478.803	6.480000000000473	trials	3.0	5480.536701	5481.825145	5484.683685	5485.294311	5477.749954	5483.682860999999			1.0	2.0	0.0	3.0					
5489.046	13.731999999999971	trials	3.0	5491.711472	5493.32269			5490.972129	5496.53397	5498.228	5498.543	2.0		1.0	1.0					
5503.123	8.405000000000655	trials	3.0	5505.095136	5506.297681	5509.27572	5509.935165999999	5502.789215999999	5508.260329	5510.069	5511.528	1.0	2.0	1.0	1.0					
5514.578	10.24499999999989	trials	3.0	5518.810441	5520.8061259999995	5522.023627	5522.816349	5517.854343	5520.815866	5522.853	5524.823	1.0	1.0	1.0	1.0					
5527.841	7.956999999999425	trials	3.0	5530.2250970000005	5532.191991	5534.43375	5535.245567	5529.359603999999	5533.2770359999995			1.0	2.0	0.0	3.0					
5538.76	6.572999999999411	trials	3.0	5540.58187	5542.57694			5535.808916	5542.963882	5545.033	5545.194	2.0		1.0	1.0					
5547.876	9.221999999999753	trials	3.0	5552.155228	5553.944471999999	5555.949092999999	5556.553125	5551.52484	5554.9350429999995			1.0	2.0	0.0	3.0					
5560.319	9.0	trials	3.0	5562.1687839999995	5564.067139	5566.758083999999	5567.438721	5557.109116	5565.006819	5567.518	5569.319	1.0	1.0	1.0	1.0					
5572.343	8.664999999999964	trials	3.0	5575.815325	5577.196674999999	5579.882697999999	5580.533035	5575.189558	5577.187927			1.0		0.0	2.0					
5582.248	6.776000000000749	trials	3.0	5584.461206	5585.66776			5581.016677	5586.888142	5588.663	5588.848	2.0		1.0	1.0					
5591.538	9.725000000000364	trials	3.0	5594.486398	5596.4626069999995	5598.614194	5599.343964	5593.855169	5597.295298	5599.313	5601.263	1.0	1.0	1.0	1.0					
5605.363	9.496000000000095	trials	3.0	5608.081929	5610.063472	5611.733758	5612.6199990000005	5607.452073	5610.720756	5614.848	5614.859	1.0	1.0	1.0	1.0					
5615.328	17.674999999999272	trials	3.0	5626.397456999999	5627.987443	5631.634617	5632.314673	5625.488222	5630.58073			1.0	2.0	0.0	3.0					
5635.953	5.6159999999999854	trials	3.0	5637.7006839999995	5638.53685			5633.0121899999995	5638.527334			1.0		0.0	2.0					
5643.583	149.52000000000044	trials	3.0	5786.551466999999	5787.758374			5785.558556	5789.294941	5791.243	5793.103	2.0		1.0	1.0					
5795.738	11.849999999999454	trials	3.0	5800.333375	5801.4121159999995	5804.669049	5805.419728	5799.325788	5803.401628	5805.393	5807.588	1.0	1.0	1.0	1.0					
5811.609	7.1340000000000146	trials	3.0	5813.7615989999995	5815.213761	5816.747869	5817.321312	5812.873227	5815.738522			1.0	2.0	0.0	3.0					
5819.073	6.02599999999984	trials	3.0	5820.736636	5821.978938			5818.7523949999995	5821.971648			1.0		0.0	2.0					
5826.989	14.314000000000306	trials	3.0	5834.663253999999	5836.101982	5839.899894	5840.384094	5833.810113	5838.117571			1.0	1.0	0.0	3.0					
5843.254	5.458999999999833	trials	3.0	5844.886927	5846.461147			5841.3154589999995	5846.537700999999	5848.433	5848.613	2.0		1.0	1.0					
5852.269	6.858999999999469	trials	3.0	5854.292368	5856.247374	5857.861709999999	5858.392942	5853.648696	5856.7808			1.0	2.0	0.0	3.0					
5862.194	4.835999999999331	trials	3.0	5863.873438	5865.023316999999			5859.140244	5865.015015999999			1.0		0.0	2.0					
5869.088	15.360000000000582	trials	3.0	5878.582197	5880.278673	5882.216479	5882.7969379999995	5877.662595	5880.949266	5882.923	5884.448	1.0	1.0	1.0	1.0					
5886.494	8.60400000000027	trials	3.0	5890.366846	5891.473771	5893.7483919999995	5894.477075999999	5889.4619139999995	5892.464019			1.0	2.0	0.0	3.0					
5896.088	7.414999999999964	trials	3.0	5897.917238	5899.429263	5901.931728	5902.564032	5895.107448	5900.874435			1.0	1.0	0.0	3.0					
5904.259	5.8100000000004	trials	3.0	5906.057203	5907.299438	5909.479568999999	5910.08194	5903.512989999999	5908.50648			1.0	2.0	0.0	3.0					
5911.855	11.00800000000072	trials	3.0	5917.363074999999	5918.452939			5916.820317	5920.636205999999	5922.433	5922.863	2.0		1.0	1.0					
5924.909	11.384000000000015	trials	3.0	5929.762596	5930.96946	5934.153329999999	5934.6819909999995	5929.156023	5931.529576	5934.819	5936.293	1.0	2.0	1.0	1.0					
5939.36	8.858000000000175	trials	3.0	5943.152074	5944.613461	5946.893372	5947.540408	5942.285427	5945.855449999999			1.0	2.0	0.0	3.0					
5950.258	7.805000000000291	trials	3.0	5951.991919	5953.828503999999	5955.547312	5956.1317309999995	5948.229582	5954.474808	5956.328	5958.063	1.0	1.0	1.0	1.0					
5961.13	6.738000000000284	trials	3.0	5963.817225	5964.858768			5962.867501	5964.845862			1.0		0.0	2.0					
5969.913	8.760000000000218	trials	3.0	5971.959225	5973.4119630000005	5975.898826	5976.664386	5967.880854999999	5974.907791	5976.649	5978.673	1.0	1.0	1.0	1.0					
5981.694	9.018999999999323	trials	3.0	5985.128041	5986.850605	5989.612485	5990.122324	5984.234977	5986.844254			1.0		0.0	2.0					
5990.878	7.52100000000064	trials	3.0	5992.597377	5994.331378			5990.7250349999995	5996.111265	5997.993	5998.133	2.0		1.0	1.0					
6002.919	8.173999999999978	trials	3.0	6005.842726	6007.524336	6009.602129999999	6010.2320899999995	6005.13121	6008.14888			1.0	1.0	0.0	3.0					
6013.923	7.204999999999927	trials	3.0	6015.597567999999	6016.769472	6019.512838	6020.191036	6011.10426	6018.353623			1.0	2.0	0.0	3.0					
6022.838	6.356000000000677	trials	3.0	6024.447732	6026.339565			6021.14056	6026.849698	6028.853	6029.008	2.0		1.0	1.0					
6033.633	8.650000000000546	trials	3.0	6036.999292	6038.979549	6040.961127	6041.640561	6036.275514	6040.001017			1.0	2.0	0.0	3.0					
6043.238	8.289999999999964	trials	3.0	6045.013525	6046.406736	6048.881728	6049.63758	6042.293406999999	6046.547848	6049.658	6051.528	1.0	1.0	1.0	1.0					
6054.548	9.280000000000655	trials	3.0	6056.592966	6057.895074	6061.030024	6061.794712	6055.996880999999	6059.379069			1.0	1.0	0.0	3.0					
6065.353	15.454999999999927	trials	3.0	6075.232731	6077.25696			6074.258954999999	6077.666121	6079.748	6080.808	2.0		1.0	1.0					
6082.873	9.06500000000051	trials	3.0	6086.5883460000005	6088.245132	6090.743365	6091.389583	6085.923863	6089.5500759999995			1.0	2.0	0.0	3.0					
6093.111	5.873000000000502	trials	3.0	6094.722843	6095.931263			6091.949388	6096.879723			2.0		1.0	1.0					
6103.526	8.096999999999753	trials	3.0	6105.202499	6107.064667	6109.011214	6109.771048	6104.368796999999	6107.742036	6109.768	6111.623	1.0	1.0	1.0	1.0					
6115.643	7.5649999999996	trials	3.0	6117.848	6118.973	6121.813	6122.533	6117.323	6120.533			1.0	2.0	0.0	3.0					
6126.194	7.063999999999396	trials	3.0	6127.874269000001	6129.163471000001	6130.684690000001	6131.391147	6123.208147	6129.508638	6131.403	6133.258	1.0	1.0	1.0	1.0					
6137.278	6.7150000000001455	trials	3.0	6139.235646000001	6141.169042			6138.484	6141.669312000001	6143.653	6143.878	2.0		1.0	1.0					
6146.458	8.691000000000713	trials	3.0	6149.337644000001	6151.015362000001	6153.6163320000005	6154.386795	6148.362463	6152.2975750000005			1.0	1.0	0.0	3.0					
6156.963	6.561000000000604	trials	3.0	6158.709238	6160.257243000001	6161.993950000001	6162.7048270000005	6155.147581000001	6161.070266000001			1.0	2.0	0.0	3.0					
6164.328	5.693999999999505	trials	3.0	6166.173865000001	6168.009741000001			6163.518646	6168.001341000001			1.0		0.0	2.0					
6172.028	5.264999999999418	trials	3.0	6173.723535000001	6175.190227000001	6176.479765000001	6177.289722	6172.943915000001	6175.539238			1.0	2.0	0.0	3.0					
6179.857	13.27599999999984	trials	3.0	6184.098693000001	6185.733234	6190.618512000001	6191.288188	6183.504664000001	6189.012732000001	6191.283	6193.133	1.0	1.0	1.0	1.0					
6195.198	11.795000000000073	trials	3.0	6198.058934000001	6199.220850000001			6197.541562	6200.653730000001	6202.393	6202.75	2.0		1.0	1.0					
6207.274	6.1030000000000655	trials	3.0	6208.888759	6210.350515000001	6212.055628000001	6212.636454	6206.99037	6210.902455			1.0	2.0	0.0	3.0					
6214.434	7.488999999999578	trials	3.0	6216.214471	6217.579276	6219.376936000001	6220.006243000001	6213.377311000001	6217.979881000001	6220.069	6221.923	1.0	1.0	1.0	1.0					
6223.728	7.850000000000364	trials	3.0	6227.304145000001	6228.785554000001	6230.616067000001	6230.999275000001	6226.322766	6229.070199000001			1.0	2.0	0.0	3.0					
6232.958	5.566000000000713	trials	3.0	6234.884287000001	6236.161722000001			6231.575157	6236.154769000001			1.0		0.0	2.0					
6240.228	5.0349999999998545	trials	3.0	6242.157159	6243.251476	6244.240875	6244.75416	6238.519398	6243.241042000001			1.0		0.0	2.0					
6249.274	19.384000000000015	trials	3.0	6259.9391080000005	6261.099316000001	6268.042459	6268.656930000001	6259.406962000001	6265.161621000001			1.0	1.0	0.0	3.0					
6271.373	9.191000000000713	trials	3.0	6274.986169000001	6276.645964	6279.569340000001	6279.928971	6274.2553530000005	6278.131663000001			1.0	2.0	0.0	3.0					
6283.943	5.699999999999818	trials	3.0	6285.604054	6287.125632000001			6280.559487	6287.511822	6289.403	6289.613	2.0		1.0	1.0					
6293.168	5.854000000000269	trials	3.0	6294.849522	6295.936116000001			6293.671345000001	6296.704831000001	6298.538	6298.768	2.0		1.0	1.0					
6301.468	6.681000000000495	trials	3.0	6303.479278000001	6305.031811000001			6302.634435000001	6305.927380000001	6307.798	6308.149	2.0		1.0	1.0					
6311.168	10.215000000000146	trials	3.0	6313.009352000001	6314.935839000001	6318.682246	6319.562122	6312.3792730000005	6317.500905000001	6319.444	6321.383	1.0	1.0	1.0	1.0					
6325.454	6.838999999999942	trials	3.0	6326.980588	6328.931490000001	6330.800560000001	6331.482838000001	6326.058138	6329.458287			1.0	1.0	0.0	3.0					
6333.153	7.114999999999782	trials	3.0	6334.724428	6336.551319000001	6339.639250000001	6340.267367	6332.292148	6338.783994			1.0	2.0	0.0	3.0					
6343.984	15.823999999999614	trials	3.0	6346.490173000001	6348.35043	6358.763923	6359.292313000001	6345.812035000001	6354.586216000001			1.0	2.0	0.0	3.0					
6363.088	4.576000000000022	trials	3.0	6364.929789000001	6365.641732000001			6359.805618	6365.637613000001			1.0		0.0	2.0					
6370.653	4.744999999999891	trials	3.0	6372.5354560000005	6373.381891000001	6374.360205000001	6374.641306	6367.653832000001	6373.367392000001			1.0		0.0	2.0					
6379.453	9.144999999999527	trials	3.0	6383.684470000001	6384.770863000001			6383.151846000001	6386.50614	6388.274	6388.378	2.0		1.0	1.0					
6392.098	8.444999999999709	trials	3.0	6395.531395000001	6396.707368			6394.687215000001	6398.2365660000005	6400.274	6400.484	2.0		1.0	1.0					
6404.093	6.595000000000255	trials	3.0	6405.785545000001	6407.845309			6404.917086	6408.2252690000005	6410.198	6410.688	2.0		1.0	1.0					
6413.784	16.98400000000038	trials	3.0	6416.170486000001	6417.667565000001	6428.275698	6429.023965	6415.359460000001	6418.993627000001	6428.903	6430.768	1.0	1.0	1.0	1.0					
6433.788	74.93000000000029	trials	3.0	6502.241404	6503.969682000001	6508.128264000001	6508.716152000001	6501.411678	6504.797662000001			1.0	2.0	0.0	3.0					
6510.473	10.904999999999745	trials	3.0	6514.375882	6516.252606000001	6520.314256000001	6520.835875000001	6513.3963	6519.323856000001			1.0	2.0	0.0	3.0					
6523.638	7.140000000000327	trials	3.0	6525.480451	6527.062905000001	6529.8152310000005	6530.261655	6521.375806000001	6527.053954000001			1.0		0.0	2.0					
6531.125	8.618000000000393	trials	3.0	6532.920631000001	6534.199284	6539.050033	6539.74102	6530.778751000001	6534.195139			1.0		0.0	2.0					
6540.333	5.321000000000822	trials	3.0	6542.076034000001	6543.637642000001	6544.635583000001	6545.087863000001	6540.347085	6543.631396000001			1.0		0.0	2.0					
6547.718	13.635000000000218	trials	3.0	6552.116149	6554.031919000001	6558.939520000001	6559.605155000001	6551.6090030000005	6557.888008000001	6559.783	6561.353	1.0	1.0	1.0	1.0					
6563.373	12.6200000000008	trials	3.0	6566.630938	6568.1013330000005	6574.772883000001	6575.361500000001	6566.105797000001	6573.637684			1.0	2.0	0.0	3.0					
6577.1	7.8729999999995925	trials	3.0	6578.800954	6580.2577360000005	6582.6203430000005	6583.216810000001	6575.992083000001	6581.368996000001	6583.333	6584.973	1.0	1.0	1.0	1.0					
6587.013	22.390000000000327	trials	3.0	6590.3358800000005	6591.437287000001	6608.328608000001	6608.771133	6589.4352180000005	6592.752153			1.0	2.0	0.0	3.0					
6611.668	4.710000000000036	trials	3.0	6613.203312000001	6614.368729000001			6609.4042580000005	6614.355695			1.0		0.0	2.0					
6620.388	6.699999999999818	trials	3.0	6623.416296	6625.078269000001			6622.631761000001	6625.066360000001			1.0		0.0	2.0					
6631.139	9.083999999999833	trials	3.0	6632.911497000001	6634.118208000001	6638.028550000001	6638.431876000001	6631.8492320000005	6635.602557	6638.718	6640.223	1.0	2.0	1.0	1.0					
6644.269	11.063999999999396	trials	3.0	6646.5024	6648.365155	6652.118383000001	6653.148513000001	6645.8587370000005	6651.228078000001	6652.878	6655.333	1.0	1.0	1.0	1.0					
6658.361	8.163000000000466	trials	3.0	6661.792724000001	6663.030700000001	6665.403424000001	6665.860622000001	6660.979364000001	6663.6539060000005			1.0	2.0	0.0	3.0					
6668.728	5.466000000000349	trials	3.0	6670.527652000001	6671.684836			6666.522046000001	6672.110917000001	6673.944	6673.984	2.0		1.0	1.0					
6677.758	7.730000000000473	trials	3.0	6679.471037000001	6681.497191	6683.985504	6684.690624000001	6678.640747	6682.963609			1.0	2.0	0.0	3.0					
6688.323	6.299999999999272	trials	3.0	6690.1675620000005	6691.731996	6692.963863000001	6693.723917000001	6685.489856000001	6691.895581000001			1.0	1.0	0.0	3.0					
6697.298	4.824999999999818	trials	3.0	6699.113365000001	6700.1203270000005	6701.167001000001	6701.596906000001	6694.626434000001	6700.107042000001			1.0		0.0	2.0					
6704.159	17.26000000000022	trials	3.0	6711.577622000001	6713.138119000001	6718.922700000001	6719.5343920000005	6710.821464000001	6717.630986000001	6719.609	6721.419	1.0	1.0	1.0	1.0					
6723.479	10.238999999999578	trials	3.0	6727.356016000001	6729.352568	6730.981273	6731.744675000001	6726.480265000001	6729.759787000001	6731.643	6733.718	1.0	1.0	1.0	1.0					
6737.743	9.659999999999854	trials	3.0	6740.3815270000005	6741.482955	6745.073773000001	6745.813866	6739.559338000001	6742.969315			1.0	1.0	0.0	3.0					
6748.408	5.9909999999999854	trials	3.0	6750.066625	6751.769857000001	6752.994034	6753.580147000001	6747.404224000001	6752.024638000001			1.0	2.0	0.0	3.0					
6755.328	6.589999999999236	trials	3.0	6757.216813000001	6758.655012000001			6754.402171000001	6759.664933000001	6761.583	6761.683	2.0		1.0	1.0					
6764.498	9.520000000000437	trials	3.0	6767.528635000001	6769.481602000001	6771.4277520000005	6772.133836000001	6766.589842	6770.372281000001	6772.163	6774.018	1.0	1.0	1.0	1.0					
6777.038	9.105000000000473	trials	3.0	6780.351937	6781.813338000001	6784.633261000001	6785.272714000001	6779.452186	6783.353069000001			1.0	1.0	0.0	3.0					
6787.008	6.275000000000546	trials	3.0	6788.832364000001	6790.49376	6792.747695000001	6793.285594000001	6786.142581000001	6791.631757000001			1.0	2.0	0.0	3.0					
6796.028	9.824999999999818	trials	3.0	6801.622233000001	6803.294805			6800.953789000001	6803.628129000001	6805.573	6805.853	2.0		1.0	1.0					
6808.869	7.168999999999869	trials	3.0	6811.766887000001	6813.469935000001			6811.133265	6813.947722000001	6815.758	6816.003	2.0		1.0	1.0					
6820.519	8.613999999999578	trials	3.0	6824.573275000001	6826.311391000001			6823.6978770000005	6826.8402240000005	6828.833	6829.093	2.0		1.0	1.0					
6832.694	9.289999999999964	trials	3.0	6835.6176780000005	6837.382636			6834.913236	6837.791227000001	6839.583	6841.984	2.0		1.0	1.0					
6846.008	10.775000000000546	trials	3.0	6850.863652000001	6852.05176	6855.570798000001	6856.1792350000005	6849.969246000001	6853.631606000001			1.0	2.0	0.0	3.0					
6857.899	9.28899999999976	trials	3.0	6859.787545000001	6861.47162	6865.50949	6866.204817000001	6856.785265	6862.946374000001			1.0	1.0	0.0	3.0					
6868.884	4.975000000000364	trials	3.0	6870.632482000001	6872.103441000001	6873.486691000001	6873.860353000001	6867.188263000001	6872.489356000001			1.0	2.0	0.0	3.0					
6877.833	10.385000000000218	trials	3.0	6882.592092000001	6883.942329			6881.788743000001	6886.075771000001	6887.843	6888.003	2.0		1.0	1.0					
6892.738	6.121000000000095	trials	3.0	6894.646852000001	6896.282292000001			6892.934829000001	6896.576852000001	6898.558	6898.819	2.0		1.0	1.0					
6901.313	8.819999999999709	trials	3.0	6905.67715	6907.2829600000005			6904.787691	6907.581235000001	6909.798	6909.899	2.0		1.0	1.0					
6913.573	16.829999999999927	trials	3.0	6925.67265	6927.664473000001	6929.096701	6929.632632000001	6924.946096000001	6927.671330000001			1.0	2.0	0.0	3.0					
6931.433	4.735999999999876	trials	3.0	6933.422745000001	6934.149215			6930.404196	6934.146103000001			1.0		0.0	2.0					
6939.183	14.426000000000386	trials	3.0	6945.298130000001	6946.861261000001	6952.091841	6952.869208000001	6944.673664000001	6950.636075			1.0	1.0	0.0	3.0					
6955.458	6.225000000000364	trials	3.0	6957.1143520000005	6958.368988	6959.486978000001	6960.028087000001	6953.606949000001	6958.496879	6960.268	6961.683	1.0	2.0	1.0	1.0					
6965.759	10.649000000000342	trials	3.0	6972.127803	6974.052685000001	6975.221094	6975.838243000001	6971.229940000001	6974.041057			1.0	2.0	0.0	3.0					
6977.55	5.697999999999411	trials	3.0	6979.127776	6980.313274000001	6981.670699	6982.328802000001	6976.411948000001	6980.647198000001			1.0	1.0	0.0	3.0					
6984.049	19.270000000000437	trials	3.0	6992.279482000001	6994.089919000001	7000.637737000001	7001.332686000001	6991.550018000001	6999.1204210000005	7001.239	7003.319	1.0	1.0	1.0	1.0					
7005.338	8.515000000000327	trials	3.0	7009.373533000001	7011.133531	7012.407571000001	7013.095641000001	7008.505847	7011.5476690000005			1.0	2.0	0.0	3.0					
7014.824	7.399000000000342	trials	3.0	7016.508195	7017.569929000001	7019.748228	7020.480343000001	7013.854997	7018.577295000001	7020.438	7022.223	1.0	1.0	1.0	1.0					
7025.292	8.175999999999476	trials	3.0	7028.248518	7029.9072320000005	7032.146470000001	7032.792049000001	7027.674579	7031.043442000001			1.0	2.0	0.0	3.0					
7035.528	10.75500000000011	trials	3.0	7037.048128	7038.524283000001			7033.468435000001	7039.557751	7041.433	7041.528	2.0		1.0	1.0					
7046.363	7.996000000000095	trials	3.0	7047.968086000001	7049.554665000001	7051.636221000001	7052.5617010000005	7046.285572000001	7050.171601000001	7052.448	7054.359	1.0	1.0	1.0	1.0					
7057.378	8.385000000000218	trials	3.0	7060.538922000001	7061.689716000001			7059.90753	7062.715935	7064.718	7065.763	2.0		1.0	1.0					
7067.831	10.697000000000116	trials	3.0	7073.133486000001	7075.015158	7076.957615000001	7077.026253000001	7072.161985000001	7075.597285000001			1.0	1.0	0.0	3.0					
7081.278	7.404999999999745	trials	3.0	7083.192682000001	7084.447104000001	7086.022494000001	7086.750307	7078.530229000001	7084.723927000001	7086.728	7088.683	1.0	1.0	1.0	1.0					
7091.718	10.795000000000073	trials	3.0	7097.143162	7098.241335000001	7101.2492950000005	7101.8757940000005	7096.423692	7099.996138			1.0	2.0	0.0	3.0					
7103.577	7.355999999999767	trials	3.0	7105.2282700000005	7107.270067	7109.258098	7110.066033000001	7102.517664000001	7108.000650000001			1.0	1.0	0.0	3.0					
7113.603	5.300000000000182	trials	3.0	7115.4434550000005	7116.8456750000005			7110.934623000001	7116.836689000001			1.0		0.0	2.0					
7121.913	53.06500000000051	trials	3.0	7165.478590000001	7167.145264000001			7164.924213	7168.104928000001	7170.524	7171.598	2.0		1.0	1.0					
7175.62	9.292999999999665	trials	3.0	7177.348429000001	7179.18025	7181.209371000001	7181.708109000001	7174.97957	7179.790785000001			1.0	2.0	0.0	3.0					
7185.572	8.140999999999622	trials	3.0	7189.009084000001	7190.098690000001	7193.041699	7193.713599000001	7188.329407000001	7192.142801000001			1.0	2.0	0.0	3.0					
7195.368	13.990999999999985	trials	3.0	7201.799244000001	7203.241149	7207.941436000001	7208.488169	7200.869694000001	7205.754151000001			1.0	1.0	0.0	3.0					
7210.314	8.889000000000124	trials	3.0	7212.178941	7214.048116000001	7216.989283000001	7217.5104360000005	7209.3618160000005	7215.744532000001	7217.743	7219.203	1.0	2.0	1.0	1.0					
7221.228	8.585000000000036	trials	3.0	7225.429146	7227.279886	7228.617246000001	7229.153232000001	7224.504006000001	7227.539282000001			1.0	2.0	0.0	3.0					
7232.998	8.555000000000291	trials	3.0	7234.780324000001	7236.407829000001	7238.981344000001	7239.697305000001	7229.815657000001	7237.422472	7239.75	7241.553	1.0	1.0	1.0	1.0					
7243.579	7.735000000000582	trials	3.0	7246.858937000001	7248.051466000001			7245.945706	7249.118020000001	7251.018	7251.083	2.0		1.0	1.0					
7253.873	7.780000000000655	trials	3.0	7256.514048000001	7257.9601330000005			7256.00841	7259.042644000001	7260.893	7261.653	2.0		1.0	1.0					
7265.678	7.550000000000182	trials	3.0	7267.964424000001	7269.8143660000005	7272.0393810000005	7272.583525000001	7267.057353	7270.9070790000005			1.0	2.0	0.0	3.0					
7275.413	7.815000000000509	trials	3.0	7277.241283000001	7278.746402000001	7280.5818580000005	7281.399283000001	7273.231589000001	7279.417207	7281.359	7283.228	1.0	1.0	1.0	1.0					
7286.274	6.653999999999542	trials	3.0	7288.381338000001	7289.820394	7291.651995	7292.264870000001	7287.415201000001	7290.612094000001			1.0	2.0	0.0	3.0					
7293.984	6.988999999999578	trials	3.0	7295.785001	7296.9957460000005	7298.317462000001	7299.120484000001	7292.931967	7297.38399	7299.053	7300.973	1.0	1.0	1.0	1.0					
7303.993	8.104999999999563	trials	3.0	7306.504275000001	7307.968672000001	7310.8541940000005	7311.558286	7305.668116000001	7309.904272000001			1.0	2.0	0.0	3.0					
7314.23	8.188000000000102	trials	3.0	7316.034598	7317.300201000001	7319.762410000001	7320.450075000001	7312.099578000001	7318.440946000001	7320.463	7322.418	1.0	1.0	1.0	1.0					
7326.493	5.1599999999998545	trials	3.0	7328.49991	7329.597265	7330.760362000001	7330.990479000001	7326.788468000001	7329.582379			1.0		0.0	2.0					
7334.663	4.273000000000138	trials	3.0	7336.774414	7336.832266			7331.623118	7336.818687000001			1.0		0.0	2.0					
7340.948	15.210000000000036	trials	3.0	7346.479200000001	7347.650433000001			7345.6120710000005	7349.504079	7351.308	7351.553	2.0		1.0	1.0					
7356.198	5.349999999999454	trials	3.0	7357.734205000001	7359.486067000001			7356.160872	7359.480034			2.0		0.0	2.0					
7363.569	16.59399999999914	trials	3.0	7371.451146	7372.83647	7378.228143	7378.896243000001	7370.682274000001	7376.449084000001			1.0	1.0	0.0	3.0					
7382.558	4.761000000000422	trials	3.0	7384.089921000001	7385.316570000001			7380.167061	7385.309083			1.0		0.0	2.0					
7391.328	12.759999999999309	trials	3.0	7395.866674000001	7397.467174	7403.5743600000005	7404.092233000001	7395.330634000001	7402.275574000001			1.0	1.0	0.0	3.0					
7407.948	12.75500000000011	trials	3.0	7415.7498940000005	7417.691556000001			7415.213793000001	7418.505225000001			2.0		1.0	1.0					
7424.234	8.693999999999505	trials	3.0	7427.326188000001	7428.870489000001	7431.617976	7432.284805000001	7426.665252000001	7430.351508000001			1.0	2.0	0.0	3.0					
7434.944	6.048999999999978	trials	3.0	7436.593486000001	7438.091647000001	7440.511281000001	7440.996586000001	7432.930147000001	7439.514565			1.0	1.0	0.0	3.0					
7442.863	20.25	trials	3.0	7450.076542000001	7451.241132000001	7461.761607	7462.360669000001	7449.477114000001	7458.907104000001			1.0	2.0	0.0	3.0					
7466.088	5.811000000000604	trials	3.0	7468.095507000001	7469.527291			7463.119345000001	7469.518890000001			1.0		0.0	2.0					
7474.534	4.604000000000269	trials	3.0	7476.635005000001	7477.078665000001	7478.252464000001	7478.666359000001	7471.903267000001	7477.073638000001			1.0		0.0	2.0					
7481.194	27.938999999999396	trials	3.0	7485.175045000001	7486.612194000001			7484.529466000001	7489.860028000001	7491.908	7509.133	2.0		1.0	1.0					
7512.168	14.566000000000713	trials	3.0	7521.120672000001	7522.2565620000005	7525.652889000001	7526.078815000001	7520.204652	7523.5915860000005			1.0	2.0	0.0	3.0					
7528.019	7.425000000000182	trials	3.0	7529.795569000001	7530.872809			7526.73839	7533.204360000001			2.0		1.0	1.0					
7537.949	13.950000000000728	trials	3.0	7543.555445000001	7544.816271000001	7549.256588	7549.977129000001	7542.622528000001	7547.786760000001	7549.918	7551.899	1.0	1.0	1.0	1.0					
7555.923	43.72600000000057	trials	3.0	7558.140571000001	7559.531643	7598.144515000001	7598.797048	7557.321052000001	7563.808132			1.0	2.0	0.0	3.0					
7600.473	6.980000000000473	trials	3.0	7602.095895	7603.752402000001	7606.771147	7607.459083000001	7599.655114000001	7605.614445000001			1.0	1.0	0.0	3.0					
7610.178	10.94000000000051	trials	3.0	7615.225599	7617.050271000001			7614.3740530000005	7618.890826000001	7620.694	7620.778	2.0		1.0	1.0					
7625.579	12.03900000000067	trials	3.0	7629.735460000001	7631.128886	7637.111109	7637.624323000001	7628.839125	7635.534766000001			1.0	1.0	0.0	3.0					
7639.443	10.475999999999658	trials	3.0	7642.0608250000005	7643.745111	7647.896014000001	7648.323651000001	7641.111153000001	7646.257749	7648.557	7649.919	1.0	1.0	1.0	1.0					
7653.938	11.256000000000313	trials	3.0	7660.1813760000005	7662.076776000001	7664.191645000001	7665.201886000001	7659.413077000001	7662.866749000001			1.0	1.0	0.0	3.0					
7668.528	10.541000000000167	trials	3.0	7674.202319000001	7675.682773	7678.611858	7679.070972	7673.443021000001	7676.540403000001			1.0	2.0	0.0	3.0					
7680.944	15.678999999999178	trials	3.0	7688.782953000001	7690.768134000001	7695.270216000001	7695.915327000001	7688.187901000001	7692.417612000001			1.0	2.0	0.0	3.0					
7699.812	6.905999999999949	trials	3.0	7701.346464	7702.558624000001	7704.448225000001	7705.001787000001	7696.628892000001	7702.888306000001	7705.203	7706.718	1.0	1.0	1.0	1.0					
7709.788	6.678000000000793	trials	3.0	7711.336660000001	7713.067173	7715.331808000001	7715.824686000001	7710.343956000001	7714.306787			1.0	2.0	0.0	3.0					
7717.713	7.345000000000255	trials	3.0	7719.226575000001	7720.984686000001	7722.733351000001	7723.381735000001	7716.4677010000005	7721.618410000001	7723.643	7725.058	1.0	1.0	1.0	1.0					
7727.093	8.819999999999709	trials	3.0	7730.471826000001	7731.581475000001	7734.7570860000005	7735.339201000001	7729.848715000001	7733.565592000001			1.0	2.0	0.0	3.0					
7738.124	5.918999999999869	trials	3.0	7739.73091	7740.788628			7735.917652000001	7741.968766000001	7743.649	7743.828	2.0		1.0	1.0					
7748.578	6.884999999999309	trials	3.0	7750.501696000001	7751.7630580000005	7754.330561000001	7754.697339	7749.1111200000005	7753.127239			1.0	2.0	0.0	3.0					
7757.704	5.043999999999869	trials	3.0	7759.408045	7760.7501250000005			7755.470569000001	7760.737101000001			1.0		0.0	2.0					
7766.768	11.381000000000313	trials	3.0	7772.717562000001	7774.705018000001	7776.616129000001	7777.3688010000005	7771.828098000001	7775.486709000001			1.0	2.0	0.0	3.0					
7779.958	5.539999999999964	trials	3.0	7781.946597	7783.542439000001	7784.856787000001	7785.503761000001	7778.1573180000005	7783.963777000001			1.0	1.0	0.0	3.0					
7788.242	14.235999999999876	trials	3.0	7796.937133	7798.333987000001			7796.314285	7800.190936000001	7802.194	7802.319	2.0		1.0	1.0					
7805.919	13.40900000000056	trials	3.0	7809.431422000001	7810.996027000001	7818.1621780000005	7818.640246000001	7808.556391000001	7816.5972010000005			1.0	2.0	0.0	3.0					
7822.519	5.6340000000000146	trials	3.0	7824.252040000001	7826.108168000001			7819.334532000001	7826.100160000001			2.0		0.0	2.0					
7831.163	8.425000000000182	trials	3.0	7835.071191000001	7837.028172			7834.550413000001	7837.387356000001	7839.399	7839.453	2.0		1.0	1.0					
7842.147	11.105999999999767	trials	3.0	7844.828377000001	7846.108195000001	7850.866914	7851.543880000001	7844.036604000001	7848.289243000001	7851.538	7853.253	1.0	1.0	1.0	1.0					
7856.297	7.376000000000204	trials	3.0	7859.533639000001	7860.558798000001	7862.178817000001	7862.724201000001	7858.681914000001	7861.078555000001			1.0	2.0	0.0	3.0					
7864.512	8.046000000000276	trials	3.0	7866.516684	7867.987830000001	7871.045709000001	7871.5807540000005	7863.6794310000005	7869.755369			1.0	1.0	0.0	3.0					
7873.418	7.265000000000327	trials	3.0	7875.298164000001	7876.972068000001	7878.722557000001	7879.029493000001	7872.565443	7877.724614000001	7879.343	7880.683	1.0	2.0	1.0	1.0					
7883.703	13.820999999999913	trials	3.0	7886.297877000001	7887.432006000001			7885.420212000001	7888.468017000001	7890.453	7897.524	2.0		1.0	1.0					
7901.544	75.63400000000001	trials	3.0	7972.317592	7973.623302000001	7975.187851000001	7975.698633000001	7971.321576	7974.185812000001			1.0	2.0	0.0	3.0					
7979.55	4.57799999999952	trials	3.0	7981.343901	7982.126152000001			7980.193485000001	7982.119461			1.0		0.0	2.0					
7986.138	9.431000000000495	trials	3.0	7992.494178000001	7993.514760000001			7991.985595	7993.509288000001			1.0		0.0	2.0					
7998.613	24.984999999999673	trials	3.0	8018.862510000001	8020.272756			8018.270227000001	8021.387233	8023.213	8023.393	2.0		1.0	1.0					
8027.102	28.351000000000568	trials	3.0	8051.087821000001	8052.350170000001			8050.439832000001	8053.237029000001	8055.024	8055.363	2.0		1.0	1.0					
8059.933	11.0649999999996	trials	3.0	8065.887990000001	8067.830724			8065.3187020000005	8068.633927000001	8070.524	8070.998	2.0		1.0	1.0					
8075.053	15.210000000000036	trials	3.0	8083.878033000001	8085.353089	8087.072737	8087.769061000001	8083.161856000001	8086.024864000001			1.0	2.0	0.0	3.0					
8090.399	7.003999999999905	trials	3.0	8092.097832	8093.403051000001	8096.955540000001	8097.410359	8090.272266000001	8096.063973			1.0	1.0	0.0	3.0					
8099.242	16.666000000000167	trials	3.0	8108.253874000001	8109.5504470000005	8114.200345000001	8114.771452000001	8107.591405000001	8112.618552000001			1.0	1.0	0.0	3.0					
8118.568	29.86499999999978	trials	3.0	8142.027816000001	8143.663531	8146.543441000001	8147.255676000001	8141.078206	8145.229935000001			1.0	2.0	0.0	3.0					
8148.928	10.609999999999673	trials	3.0	8150.508484000001	8152.372678000001	8157.191391	8157.684949	8148.439692000001	8155.607272000001	8157.918	8159.538	1.0	1.0	1.0	1.0					
8162.563	10.381000000000313	trials	3.0	8165.612806000001	8167.305225000001	8170.227330000001	8171.104735000001	8164.903736	8168.905318000001	8171.033	8172.944	1.0	1.0	1.0	1.0					
8175.985	14.793000000000575	trials	3.0	8182.643505	8183.891170000001	8187.819129000001	8188.696966000001	8182.000967000001	8186.463355000001	8188.583	8190.778	1.0	1.0	1.0	1.0					
8193.798	9.795000000000073	trials	3.0	8198.504323000001	8199.656231	8202.281292	8202.938464	8197.501417000001	8200.686072			1.0	2.0	0.0	3.0					
8204.609	6.279000000000451	trials	3.0	8206.120024	8208.124107			8203.598287	8208.867961	8210.583	8210.888	2.0		1.0	1.0					
8214.909	30.549000000000888	trials	3.0	8239.063344	8240.490036000001	8243.004368000002	8243.618446	8238.434210000001	8241.753792000001	8243.633	8245.458	1.0	1.0	1.0	1.0					
8247.528	11.0	trials	3.0	8253.535081	8255.020375	8256.864859000001	8257.468801	8252.549392	8255.735245			1.0	1.0	0.0	3.0					
8259.194	6.875	trials	3.0	8261.039464000001	8262.545870000002	8265.40551	8266.079084	8258.535927	8264.314107			1.0	2.0	0.0	3.0					
8268.768	9.89600000000064	trials	3.0	8273.254438	8275.150051			8272.705624	8276.439304	8278.353	8278.558	2.0		1.0	1.0					
8283.218	9.765999999999622	trials	3.0	8287.363798	8289.396322	8291.40118	8292.03096	8286.587114000002	8290.327992			1.0	1.0	0.0	3.0					
8293.728	5.5350000000016735	trials	3.0	8295.304071	8296.744429	8298.815677	8299.271944	8292.988723	8297.405749000001			1.0	2.0	0.0	3.0					
8303.188	13.469999999999345	trials	3.0	8309.294737	8310.562000000002	8314.250419	8314.948704	8308.692592000001	8313.226037	8314.918	8316.658	1.0	2.0	1.0	1.0					
8319.68	12.057999999999083	trials	3.0	8324.319106	8325.855813	8331.092588000001	8331.748251	8323.607619	8329.342981000002			1.0	1.0	0.0	3.0					
8333.423	10.284999999999854	trials	3.0	8335.824025000002	8337.349513000001	8341.949661	8342.598051	8334.946011	8340.64897			1.0	2.0	0.0	3.0					
8346.278	6.245999999999185	trials	3.0	8348.245657000001	8350.264912			8343.716203	8350.266754	8352.149	8352.408	2.0		1.0	1.0					
8357.093	14.600999999998749	trials	3.0	8363.944067	8365.416298	8368.908613	8369.260678	8363.111073	8367.712994000001			1.0	2.0	0.0	3.0					
8372.498	8.104999999999563	trials	3.0	8374.059621	8376.102397	8380.086895	8380.611747	8371.703974	8378.660723			1.0	1.0	0.0	3.0					
8383.409	51.51400000000103	trials	3.0	8415.510269	8417.186437	8432.199976	8432.788134	8414.768097	8421.886708	8432.928	8434.923	1.0	1.0	1.0	1.0					
8437.988	14.100000000000364	trials	3.0	8446.706385000001	8448.288118	8450.084476	8450.089465000001	8445.915375	8449.348266			2.0		0.0	4.0					
8455.139	14.989000000001397	trials	3.0	8459.359758	8461.280803000001	8467.536606000001	8468.332107	8458.415603000001	8465.533510000001	8468.173	8470.128	1.0	2.0	1.0	1.0					
8474.233	14.501000000000204	trials	3.0	8479.690017	8480.816439	8487.1681	8487.832371	8479.178638000001	8485.592213			1.0	2.0	0.0	3.0					
8491.493	10.575999999999112	trials	3.0	8493.319801000001	8494.978849000001	8499.471844	8500.185766	8488.745452000001	8495.722570000002	8500.156	8502.069	1.0	1.0	1.0	1.0					
8504.088	12.944999999999709	trials	3.0	8509.810741000001	8511.411964	8514.118104000001	8515.036125	8508.89154	8512.639426000002	8514.813	8517.033	1.0	1.0	1.0	1.0					
8519.094	10.684000000001106	trials	3.0	8523.090207000001	8524.852213	8526.893091000002	8527.684521000001	8522.208742	8525.674051000002	8527.734	8529.778	1.0	1.0	1.0	1.0					
8533.768	7.760000000000218	trials	3.0	8536.011109000001	8537.635433000001			8535.017351	8538.193139	8540.069	8541.528	2.0		1.0	1.0					
8543.593	22.06499999999869	trials	3.0	8550.045874000001	8551.771893000001	8564.159428	8564.820763	8549.508075000002	8562.928156000002			1.0	2.0	0.0	3.0					
8567.433	6.5049999999992	trials	3.0	8569.037230000002	8570.891379	8572.203093	8572.772548	8565.665847	8571.077929000001			1.0	1.0	0.0	3.0					
8574.553	6.329999999999927	trials	3.0	8576.230434000001	8577.820202			8573.947339	8578.609696	8580.413	8580.423	2.0		1.0	1.0					
8583.368	9.30999999999949	trials	3.0	8586.250991	8587.351939	8591.313435	8591.956854	8585.446308	8589.670269			1.0	2.0	0.0	3.0					
8595.649	6.519000000000233	trials	3.0	8597.260902	8599.178347000001	8600.619221	8601.304093	8592.688830000001	8599.38787			1.0	1.0	0.0	3.0					
8603.948	10.93499999999949	trials	3.0	8605.536811000002	8607.167379	8613.192423	8614.126417000001	8602.177713000001	8609.785951000002			1.0	2.0	0.0	3.0					
8616.569	6.09900000000016	trials	3.0	8618.250689	8619.814459000001			8614.892257000001	8620.419986	8622.234	8622.368	2.0		1.0	1.0					
8627.139	10.424000000000888	trials	3.0	8629.105908000001	8630.317067	8634.907698	8635.656254000001	8628.477322	8632.453942	8635.573	8637.563	1.0	1.0	1.0	1.0					
8639.58	12.298000000000684	trials	3.0	8644.450477	8646.104656000001	8648.942569	8649.822277000001	8643.551119	8647.452357	8649.688	8651.878	1.0	1.0	1.0	1.0					
8653.944	12.009000000000015	trials	3.0	8660.207292000001	8661.232177000002	8664.621004	8665.29938	8659.46565	8663.323597			1.0	2.0	0.0	3.0					
8667.948	7.454999999999927	trials	3.0	8669.84598	8671.257698000001	8672.628051	8673.503173000001	8665.963523	8671.364199	8673.373	8675.403	1.0	1.0	1.0	1.0					
8679.422	9.120999999999185	trials	3.0	8682.350649	8684.34432	8686.853928	8687.427805000001	8681.831109	8685.527889			1.0	1.0	0.0	3.0					
8690.204	7.394000000000233	trials	3.0	8692.162596	8694.010331000001			8688.552499000001	8695.362067	8697.168	8697.569	2.0		1.0	1.0					
8700.113	9.69000000000051	trials	3.0	8703.070546	8704.973466000001	8709.130405	8709.812017	8702.253226	8707.968214			1.0	1.0	0.0	3.0					
8711.446	29.592000000000553	trials	3.0	8717.966229000001	8719.812703	8739.529083000001	8740.281998	8717.39982	8738.239502			1.0	2.0	0.0	3.0					
8743.883	8.055000000000291	trials	3.0	8745.662896000002	8747.392926			8741.046636000001	8749.495914000001	8751.468	8751.723	2.0		1.0	1.0					
8756.263	7.329999999999927	trials	3.0	8759.123075000001	8760.786370000002			8758.140358	8761.435006	8763.208	8763.328	2.0		1.0	1.0					
8766.095	7.881000000001222	trials	3.0	8769.506226000001	8770.657639000001			8768.845722	8771.849882	8773.728	8773.843	2.0		1.0	1.0					
8777.533	12.8700000000008	trials	3.0	8782.756535	8784.575919	8787.699721	8788.56831	8781.933153000002	8786.139255	8788.508	8790.403	1.0	1.0	1.0	1.0					
8794.432	10.120999999999185	trials	3.0	8797.912912	8799.0982	8802.925492	8803.494847000002	8797.345531	8801.555127			1.0	1.0	0.0	3.0					
8806.458	7.204999999999927	trials	3.0	8808.377656	8810.169414	8812.0526	8812.596745	8804.563569000002	8810.804561			1.0	2.0	0.0	3.0					
8815.414	6.658999999999651	trials	3.0	8817.303159000001	8818.876470000001	8821.32394	8822.083279	8813.671981000001	8820.181573000002			1.0	1.0	0.0	3.0					
8825.703	10.726000000000568	trials	3.0	8830.531622	8832.346863	8835.032269000001	8835.758563000001	8829.859278	8833.834903			1.0	2.0	0.0	3.0					
8837.379	12.673999999999069	trials	3.0	8839.096602000001	8840.666061	8847.661714000002	8848.254738	8836.438986000001	8846.18785	8848.388	8850.053	1.0	1.0	1.0	1.0					
8853.113	11.195000000001528	trials	3.0	8856.181978	8857.977559	8861.537241	8862.413277	8855.384869000001	8860.329178	8862.268	8864.308	1.0	1.0	1.0	1.0					
8867.329	9.759000000000015	trials	3.0	8872.17697	8873.492002	8875.758904	8876.409525000001	8871.265245	8874.431658000001			1.0	2.0	0.0	3.0					
8880.099	5.719999999999345	trials	3.0	8881.832604000001	8883.315184000001			8877.099919	8883.735325000001	8885.493	8885.788	2.0		1.0	1.0					
8888.353	10.2400000000016	trials	3.0	8891.183352	8892.658474	8895.568939	8896.497543000001	8890.194775	8894.018634	8896.453	8898.593	1.0	1.0	1.0	1.0					
8900.642	11.05199999999968	trials	3.0	8903.873279000001	8905.813514000001	8908.769917000001	8909.598732	8903.161248	8906.930664000001	8909.513	8911.694	1.0	1.0	1.0	1.0					
8913.573	12.386999999998807	trials	3.0	8920.07169	8921.701458	8924.496739	8925.035672000002	8919.526383	8923.040418			1.0	1.0	0.0	3.0					
8927.819	8.65899999999965	trials	3.0	8929.458124	8931.281194000001	8935.189495	8935.806688	8925.972216	8933.796142000001			1.0	2.0	0.0	3.0					
8938.519	6.248999999999796	trials	3.0	8940.481656	8942.447259			8936.489299	8942.658597000001	8944.323	8944.48	2.0		1.0	1.0					
8948.269	8.699000000000524	trials	3.0	8950.741497	8952.211326	8954.498257000001	8955.180201000001	8949.95736	8953.277924	8955.188	8956.968	1.0	1.0	1.0	1.0					
8960.988	9.81000000000131	trials	3.0	8963.026911	8964.318953000002	8968.051375000001	8968.965439	8962.03183	8966.891625	8968.738	8970.798	1.0	1.0	1.0	1.0					
8974.823	8.779999999998836	trials	3.0	8977.237356000001	8978.787031	8981.55501	8982.233635	8976.246826	8980.228815			1.0	2.0	0.0	3.0					
8983.888	197.5049999999992	trials	3.0	9175.504137	9177.224953			9174.820702	9178.711302	9180.429	9181.393	2.0		1.0	1.0					
9184.416	8.787000000000262	trials	3.0	9187.445946	9188.690558999999	9191.525064	9192.247092	9186.795473999999	9190.293829999999			1.0	1.0	0.0	3.0					
9195.869	4.829999999999927	trials	3.0	9197.664590999999	9198.682158			9193.203	9198.675727999998			1.0		0.0	2.0					
9202.713	29.94499999999971	trials	3.0	9227.74936	9229.023506	9231.345835999999	9231.914953	9226.906562999999	9230.102318			1.0	2.0	0.0	3.0					
9233.734	7.3289999999997235	trials	3.0	9235.599053	9236.697967999999	9238.522388	9239.163503999998	9232.658023999998	9237.2475	9239.194	9241.063	1.0	1.0	1.0	1.0					
9243.098	13.800999999999476	trials	3.0	9248.589434	9250.685469999999	9252.868310999998	9253.633259999999	9247.756854	9251.413433999998	9253.569	9256.899	1.0	1.0	1.0	1.0					
9260.924	71.89899999999943	trials	3.0	9327.026032999998	9328.565273999999	9331.374926999999	9331.843003999998	9326.321050999999	9329.832629999999			1.0	2.0	0.0	3.0					
9333.755	8.229000000001179	trials	3.0	9335.700337999999	9337.694897	9339.158915999998	9339.943668	9332.822375999998	9338.139014999999	9339.868	9341.984	1.0	1.0	1.0	1.0					
9344.046	12.137000000000626	trials	3.0	9349.490187	9350.536747999999	9354.732806999999	9355.179611	9348.609080999999	9353.200879999999			1.0	1.0	0.0	3.0					
9359.073	6.304000000000087	trials	3.0	9360.924830999998	9362.647205			9356.180509999998	9362.926644	9364.848	9365.377	2.0		1.0	1.0					
9367.439	13.494000000000597	trials	3.0	9372.611189	9374.287187	9378.119713999999	9378.94961	9371.96502	9376.401608999999	9378.813	9380.933	1.0	1.0	1.0	1.0					
9384.963	8.935999999999694	trials	3.0	9387.56475	9388.846705999998	9392.611912999999	9393.213402	9387.012503999998	9390.981856999999			1.0	2.0	0.0	3.0					
9397.118	6.924999999999272	trials	3.0	9399.111329	9400.418849	9402.819436999998	9403.334442	9393.897567	9400.415039			1.0		0.0	2.0					
9404.479	5.458000000000538	trials	3.0	9406.000385	9407.16455			9404.039782999998	9407.826695	9409.563	9409.774	2.0		1.0	1.0					
9412.473	14.8799999999992	trials	3.0	9416.655589999998	9418.539728999998	9425.245574999999	9426.169495999999	9416.055257	9423.275652999999			1.0	1.0	0.0	3.0					
9428.589	5.9539999999997235	trials	3.0	9430.515086	9431.738463	9434.041104	9434.544365999998	9427.352288999999	9432.814562			1.0	2.0	0.0	3.0					
9436.378	31.230999999999767	trials	3.0	9460.855115999999	9462.096104999999	9465.195805	9465.782016	9460.166317	9463.791161	9465.969	9467.609	1.0	1.0	1.0	1.0					
9469.672	10.061999999999898	trials	3.0	9473.370879999999	9474.677709	9476.988147	9477.831692999998	9472.575100999999	9475.899123	9477.75	9479.734	1.0	1.0	1.0	1.0					
9482.801	12.99200000000019	trials	3.0	9487.986717	9489.532779	9492.892053	9493.664555	9487.327743	9491.642458999999	9493.548	9495.793	1.0	1.0	1.0	1.0					
9499.853	46.93000000000029	trials	3.0	9540.665943	9541.770655999999			9540.083074999999	9544.474216999999	9546.308	9546.783	2.0		1.0	1.0					
9549.848	8.585000000000946	trials	3.0	9553.786130999999	9555.597410999999			9553.164713999999	9556.115581999999	9557.859	9558.433	2.0		1.0	1.0					
9561.319	11.084000000000742	trials	3.0	9565.639894999998	9567.094099999998	9569.581409999999	9570.354389999999	9564.963292999999	9568.196039999999	9570.253	9572.403	1.0	1.0	1.0	1.0					
9575.458	8.635000000000218	trials	3.0	9578.895498	9579.972627	9582.534029999999	9583.139281999998	9578.292365	9581.408532			1.0	1.0	0.0	3.0					
9585.873	6.895000000000437	trials	3.0	9587.460818	9588.542750999999	9591.112721	9591.679435999999	9584.093713999999	9589.544644			1.0	2.0	0.0	3.0					
9594.458	7.594999999999345	trials	3.0	9596.447231999999	9598.178795			9592.767635999999	9599.804617999998	9601.668	9602.053	2.0		1.0	1.0					
9605.109	28.22899999999936	trials	3.0	9627.105886	9628.27134	9630.652241999998	9631.313601	9626.16786	9629.615953999999	9631.393	9633.338	1.0	1.0	1.0	1.0					
9637.368	9.255999999999403	trials	3.0	9640.85117	9642.728213999999	9645.22425	9645.640302	9640.159859	9643.632479999998			1.0	2.0	0.0	3.0					
9647.569	8.109000000000378	trials	3.0	9649.190575999999	9650.852669999998	9652.925243999998	9653.669942999999	9646.625726999999	9651.609971	9653.573	9655.678	1.0	1.0	1.0	1.0					
9658.698	9.700999999999112	trials	3.0	9662.796128999998	9664.346456	9666.972729	9667.553621	9662.246189	9665.038628999999			1.0	1.0	0.0	3.0					
9671.368	6.0	trials	3.0	9673.281738	9674.479915			9668.399648999999	9675.135275999999	9676.888	9677.103	2.0		1.0	1.0					
9679.798	11.505999999999403	trials	3.0	9684.106232999999	9686.134311	9689.408110999999	9690.090494	9683.454484999998	9687.684025999999			1.0	1.0	0.0	3.0					
9693.795	30.843000000000757	trials	3.0	9717.237823	9718.767949	9723.416987999999	9723.950240999999	9716.69651	9722.155466999999			1.0	2.0	0.0	3.0					
9726.743	9.885000000000218	trials	3.0	9728.336566	9729.513782999999	9735.054966	9735.604390999999	9724.636727	9733.547415			1.0	1.0	0.0	3.0					
9738.439	8.498999999999796	trials	3.0	9740.153171999998	9741.312906	9745.789991999998	9746.268571999999	9736.627046	9743.498721			1.0	2.0	0.0	3.0					
9749.178	7.274999999999636	trials	3.0	9750.706917	9752.313227999999	9753.862233999998	9754.510068	9746.940679	9752.564718	9754.708	9756.453	1.0	1.0	1.0	1.0					
9759.513	10.446999999998297	trials	3.0	9764.646819	9766.313042			9764.090344999999	9767.63826	9769.493	9769.96	2.0		1.0	1.0					
9773.978	23.061000000001513	trials	3.0	9776.793318	9777.853491	9795.60333	9796.194507999999	9776.071370999998	9782.853813999998			1.0	1.0	0.0	3.0					
9799.97	9.913000000000466	trials	3.0	9801.606491999999	9802.809689999998	9807.593986999998	9808.145293	9797.041323	9805.824422999998	9808.218	9809.883	1.0	2.0	1.0	1.0					
9811.943	13.515000000001237	trials	3.0	9817.257029999999	9819.190853999999	9823.690595999999	9824.232401	9816.501833999999	9821.572167999999			1.0	2.0	0.0	3.0					
9828.019	6.8989999999994325	trials	3.0	9829.712511999998	9831.353460999999			9825.461823	9832.668306	9834.468	9834.734	2.0		1.0	1.0					
9838.537	11.416999999999462	trials	3.0	9841.731866999999	9842.921054999999	9846.953969999999	9847.899762	9840.926206999999	9844.820311	9847.638	9849.954	1.0	1.0	1.0	1.0					
9852.973	8.585000000000946	trials	3.0	9855.232161	9856.48729	9860.007859	9860.723955	9854.561984999998	9857.906625			1.0	2.0	0.0	3.0					
9862.363	9.640000000001237	trials	3.0	9864.097365	9865.513702999999	9869.344996	9869.992049999999	9861.559404	9868.335632999999	9870.168	9872.003	1.0	1.0	1.0	1.0					
9875.073	7.536000000000058	trials	3.0	9877.167461	9878.240345999999	9881.213684999999	9881.760272	9876.392715	9879.957803			1.0	1.0	0.0	3.0					
9884.588	6.514000000001033	trials	3.0	9886.192242	9887.281647			9882.612018999998	9889.001126	9890.713	9890.948	2.0		1.0	1.0					
9893.578	7.890000000001237	trials	3.0	9896.117889	9897.244513999998	9900.216519	9900.79897	9895.566759	9898.971249999999			1.0	2.0	0.0	3.0					
9902.594	9.305000000000291	trials	3.0	9904.307426	9906.124420999999	9909.281798999999	9909.949272999998	9901.467345	9908.085826999999	9910.069	9911.899	1.0	1.0	1.0	1.0					
9913.923	7.935999999999694	trials	3.0	9917.357052	9918.893757	9920.521734999998	9921.000069	9916.735829	9919.401591			1.0	2.0	0.0	3.0					
9924.898	8.030000000000655	trials	3.0	9926.81741	9928.172485	9930.033318	9930.780983999999	9921.858511999999	9929.086652999998	9930.708	9932.928	1.0	1.0	1.0	1.0					
9936.954	6.7739999999994325	trials	3.0	9938.877804	9940.896691	9942.621722	9943.351761	9938.227917999999	9941.197042999998			1.0	1.0	1.0	1.0					
9946.167	30.1820000000007	trials	3.0	9971.012802	9973.010714	9975.109509	9975.677861999999	9970.435225	9973.96288			1.0	2.0	0.0	3.0					
9979.454	4.364999999999782	trials	3.0	9981.0129	9981.809057999999			9976.347082999999	9981.798931			1.0		0.0	2.0					
9985.872	46.25600000000122	trials	3.0	10027.481480999999	10029.491557			10026.588001999999	10029.960394999998	10031.609	10032.128	2.0		1.0	1.0					
10035.149	21.97900000000118	trials	3.0	10054.812793	10055.125567			10053.955671	10055.115923			1.0		0.0	2.0					
10059.184	15.819000000001324	trials	3.0	10070.199761	10072.180317999999			10069.515516	10072.662022999999	10074.473	10075.003	2.0		1.0	1.0					
10077.024	9.504000000000815	trials	3.0	10081.228348999999	10083.210083999998	10085.028011999999	10085.373096	10080.526447999999	10083.792528999998			1.0	2.0	0.0	3.0					
10089.359	5.804000000000087	trials	3.0	10091.325114	10092.344933999999			10086.532356	10093.064593	10094.838	10095.088	2.0		1.0	1.0					
10099.698	7.295000000000073	trials	3.0	10102.547159999998	10103.870562999999	10105.230265999999	10105.824160999999	10101.771268999999	10103.921336			1.0	1.0	0.0	3.0					
10108.559	6.999000000001615	trials	3.0	10110.338461	10111.870249	10114.898453	10115.559299999999	10106.993213	10113.718481			1.0	2.0	0.0	3.0					
10117.234	58.40400000000045	trials	3.0	10169.478378	10170.864355	10174.373988	10174.894026999998	10168.780895999998	10172.850776			1.0	2.0	0.0	3.0					
10178.708	7.744999999998981	trials	3.0	10180.518546	10182.400923	10185.136325	10185.536113999999	10175.641157999999	10184.048603			1.0	1.0	0.0	3.0					
10188.463	5.310999999999694	trials	3.0	10190.45934	10191.767098999999			10186.456976	10191.756029999999			1.0		0.0	2.0					
10196.783	24.191000000000713	trials	3.0	10209.888867999998	10211.415796	10220.462865	10220.97756	10209.316391999999	10219.183425			1.0	1.0	0.0	3.0					
10223.833	16.844999999999345	trials	3.0	10234.375150999998	10235.685706999999			10233.605182	10238.253584999999	10240.218	10240.583	2.0		1.0	1.0					
10244.064	12.298999999999069	trials	3.0	10247.759225999998	10248.853106999999	10253.423465	10254.254282999998	10246.97799	10252.147958	10254.149	10256.363	1.0	1.0	1.0	1.0					
10260.383	12.960000000000946	trials	3.0	10264.429014	10266.412864999998	10270.152334999999	10270.888889	10263.833127	10268.308539	10270.763	10273.343	1.0	1.0	1.0	1.0					
10276.088	12.39600000000064	trials	3.0	10281.655927999998	10283.161245	10287.329543	10287.772764	10280.906436	10285.978878999998			1.0	2.0	0.0	3.0					
10289.713	6.319999999999709	trials	3.0	10291.714358	10293.428247	10295.416097	10296.038779999999	10288.486764	10294.349891999998			1.0	1.0	0.0	3.0					
10297.753	20.159999999999854	trials	3.0	10308.358259999999	10309.746561	10315.555449	10316.117467999999	10307.473887999999	10313.216735999998	10316.253	10317.913	1.0	2.0	1.0	1.0					
10321.958	9.519999999998618	trials	3.0	10326.405815999999	10328.432552999999			10325.438522999999	10329.407172	10331.248	10331.478	2.0		1.0	1.0					
10333.569	11.09900000000016	trials	3.0	10337.479191999999	10338.722387	10343.087846999999	10343.797141	10336.802453999999	10341.716783			1.0	2.0	0.0	3.0					
10345.418	11.010000000000218	trials	3.0	10347.031084999999	10348.812292999999	10353.634349999998	10354.391565999998	10344.669995999999	10351.15944	10354.388	10356.428	1.0	1.0	1.0	1.0					
10358.454	11.78399999999965	trials	3.0	10362.636015	10363.876697	10368.479231	10369.088844999998	10362.034332	10366.711905			1.0	1.0	0.0	3.0					
10372.813	10.046000000000276	trials	3.0	10374.784909999998	10376.150699999998	10381.100962999999	10381.932984	10370.240446999998	10377.180665			1.0	2.0	0.0	3.0					
10384.428	6.579999999999927	trials	3.0	10386.269396	10388.113313	10390.430339999999	10391.012015999999	10382.859954	10389.266656			1.0	1.0	0.0	3.0					
10392.783	27.26000000000022	trials	3.0	10399.938225	10401.063203999998	10417.286624999999	10417.689473999999	10399.186844	10414.507352999999	10418.058	10420.043	1.0	1.0	1.0	1.0					
10424.064	8.313000000000102	trials	3.0	10426.889759	10428.111251999999			10426.042893	10430.211369999999	10432.069	10432.143	2.0		1.0	1.0					
10436.883	7.989999999999782	trials	3.0	10438.684777999999	10440.328244999999			10437.858078	10441.713377	10443.493	10444.873	2.0		1.0	1.0					
10446.893	13.81500000000051	trials	3.0	10452.565061	10454.031559	10458.627798	10459.521377	10451.679939	10457.062901			1.0	1.0	0.0	3.0					
10461.998	6.020000000000437	trials	3.0	10463.920863	10465.155815999999			10460.711576999998	10465.887401	10467.588	10468.018	2.0		1.0	1.0					
10472.038	10.15599999999904	trials	3.0	10475.194669999999	10476.576543	10479.323186999998	10480.058152999998	10474.483595	10478.054951999999	10480.069	10482.194	1.0	1.0	1.0	1.0					
10485.218	10.484999999998763	trials	3.0	10489.144976	10490.821367999999	10493.875007999999	10494.636365999999	10488.565718	10492.726326			1.0	2.0	0.0	3.0					
10498.205	8.147999999999229	trials	3.0	10499.765237	10501.481458999999			10495.709465	10502.055137	10503.928	10506.353	2.0		1.0	1.0					
10508.453	11.148000000001048	trials	3.0	10513.326380999999	10515.301883	10518.182303999998	10518.767210999998	10512.493118999999	10516.976314			1.0	2.0	0.0	3.0					
10522.519	8.449000000000524	trials	3.0	10524.100389	10525.68204	10528.295504999998	10528.978361	10519.605387	10527.049781999998	10528.938	10530.968	1.0	1.0	1.0	1.0					
10534.023	7.765000000001237	trials	3.0	10537.255853999999	10538.864214			10536.339119999999	10539.446383999999	10541.338	10541.788	2.0		1.0	1.0					
10543.813	11.831000000000131	trials	3.0	10547.920659	10549.736733	10553.936362999999	10554.692368999999	10546.990043999998	10552.294055999999			1.0	1.0	0.0	3.0					
10556.324	23.894000000000233	trials	3.0	10558.215744	10560.078508999999	10577.782544999998	10578.927184999999	10555.647179	10564.287708			1.0	2.0	0.0	3.0					
10582.152	5.466000000000349	trials	3.0	10583.766258	10585.562147999999			10580.220528	10585.557008			2.0		0.0	2.0					
10591.628	11.855999999999767	trials	3.0	10594.960769	10596.426571999998	10601.736033	10602.532190999998	10594.159531	10600.585310999999			1.0	1.0	0.0	3.0					
10604.059	10.715000000000146	trials	3.0	10605.981258	10607.033645	10612.442480999998	10612.965022999999	10603.488195999998	10609.019805	10613.103	10614.774	1.0	2.0	1.0	1.0					
10618.831	7.066000000000713	trials	3.0	10621.005932999999	10622.757504			10620.305887999999	10623.596805	10625.473	10625.788	2.0		1.0	1.0					
10628.399	9.578999999999724	trials	3.0	10631.996597	10633.968197999999	10636.721320999999	10637.285531	10631.032928999999	10635.513332999999			1.0	2.0	0.0	3.0					
10640.048	8.5049999999992	trials	3.0	10641.570125999999	10643.517311	10647.053005999998	10647.639922999999	10637.984483999999	10645.590742999999			1.0	1.0	0.0	3.0					
10649.399	8.744000000000597	trials	3.0	10651.215881	10652.332685			10648.558556999998	10655.842091999999	10657.833	10657.859	2.0		1.0	1.0					
10661.689	6.47899999999936	trials	3.0	10664.032136999998	10665.114959999999			10663.429149	10665.804221999999	10667.569	10668.168	2.0		1.0	1.0					
10671.208	6.815999999998894	trials	3.0	10673.855431999998	10674.942590999999			10673.018273	10675.908481999999	10677.633	10677.75	2.0		1.0	1.0					
10680.484	11.558999999999287	trials	3.0	10683.566429999999	10685.570812999998	10689.617338	10690.386297	10682.996627999999	10687.671201	10690.423	10692.043	1.0	1.0	1.0	1.0					
10696.159	9.009000000000015	trials	3.0	10697.730719	10699.750838	10701.710890999999	10702.671299	10696.824569999999	10700.589333999998	10702.393	10705.168	1.0	1.0	1.0	1.0					
10707.198	8.340000000000146	trials	3.0	10710.776052	10712.665629	10714.291642999999	10714.600953	10709.975746999999	10713.153123			1.0	2.0	0.0	3.0					
10717.628	6.864999999999782	trials	3.0	10719.596176	10720.757935999998	10723.018473	10723.625831	10715.545165	10721.760479999999			1.0	1.0	0.0	3.0					
10726.393	9.764999999999418	trials	3.0	10728.316030999998	10730.288338999999	10734.106748999999	10734.559926999998	10724.499833	10732.842804	10734.878	10736.158	1.0	2.0	1.0	1.0					
10738.186	10.92699999999968	trials	3.0	10743.376726999999	10745.316304999998	10747.552196999999	10748.305661999999	10742.503509999999	10746.307289999999			1.0	2.0	0.0	3.0					
10751.838	4.8700000000008	trials	3.0	10753.471764	10754.806224	10756.380227	10756.611968	10749.120282	10755.124031			1.0	1.0	0.0	3.0					
10759.718	101.49499999999898	trials	3.0	10855.283511	10856.543538999998	10859.849998999998	10860.390787999999	10854.419297999999	10858.046756			1.0	2.0	0.0	3.0					
10864.208	4.719999999999345	trials	3.0	10866.141716999999	10866.924275			10861.220299999999	10866.913772			1.0		0.0	2.0					
10870.936	7.522000000000844	trials	3.0	10874.376885	10876.259187	10877.827421999998	10878.465612	10873.434657	10876.76528			1.0	2.0	0.0	3.0					
10881.163	17.604999999999563	trials	3.0	10889.953832	10891.153445999998	10895.914030999998	10896.768049999999	10889.358079999998	10894.107866999999	10896.703	10898.768	1.0	1.0	1.0	1.0					
10902.833	9.469999999999345	trials	3.0	10904.832484999999	10906.719158999998	10909.504561999998	10910.272277	10903.436171	10908.112727	10910.279	10912.303	1.0	1.0	1.0	1.0					
10915.373	10.354999999999563	trials	3.0	10918.178226	10919.241559999999	10924.334143999999	10925.101214999999	10917.471183	10923.146831999999			1.0	2.0	0.0	3.0					
10928.658	7.5900000000001455	trials	3.0	10930.548008	10931.768906	10934.419328	10935.333278999999	10925.732063	10933.276268			1.0	1.0	0.0	3.0					
10937.738	11.195000000001528	trials	3.0	10939.387298	10940.609530999998	10947.215885999998	10947.887684	10936.252220999999	10945.88562			1.0	2.0	0.0	3.0					
10950.589	10.543999999999869	trials	3.0	10952.127512	10953.639598999998	10958.411526	10959.192626999999	10948.939073	10957.396357999998	10959.159	10961.133	1.0	1.0	1.0	1.0					
10963.203	10.835000000000946	trials	3.0	10967.122415999998	10968.929316	10971.28098	10971.964925999999	10966.201629	10969.715025	10972.063	10974.038	1.0	1.0	1.0	1.0					
10977.083	11.985999999998967	trials	3.0	10980.601932	10982.207187	10986.276260999999	10986.979947	10980.081962999999	10985.043149	10986.944	10989.069	1.0	1.0	1.0	1.0					
10991.123	9.760000000000218	trials	3.0	10996.192125	10998.068618			10995.572246	10998.698296999999	11000.658	11000.838	2.0		1.0	1.0					
11005.428	9.850000000000364	trials	3.0	11008.272602	11010.077513999999	11013.888765	11014.54032	11007.512577	11011.893752			1.0	2.0	0.0	3.0					
11018.203	6.791000000001077	trials	3.0	11020.092746999999	11021.995232	11023.617527999999	11024.263755	11015.284171	11022.550023			1.0	1.0	0.0	3.0					
11026.934	6.47400000000016	trials	3.0	11028.747706999999	11029.864222999999	11032.041596	11032.608503	11024.998844	11030.983189999999			1.0	2.0	0.0	3.0					
11036.403	6.6299999999992	trials	3.0	11038.272563999999	11039.686265999999	11042.315078	11043.038009	11033.417270999998	11041.370844			1.0	1.0	0.0	3.0					
11046.658	29.06000000000131	trials	3.0	11067.847671	11069.842169	11074.177629	11074.904916	11066.95694	11070.573881999999			1.0	2.0	0.0	3.0					
11076.503	8.251000000000204	trials	3.0	11078.048783999999	11079.919595	11082.305948	11082.732251	11075.722307999999	11080.040726	11083.013	11084.754	1.0	1.0	1.0	1.0					
11088.859	7.9539999999997235	trials	3.0	11090.988555	11092.049611999999			11090.030196	11094.772572	11096.623	11096.793	2.0		1.0	1.0					
11099.383	8.665000000000873	trials	3.0	11103.454733999999	11104.804661999999			11102.649802999998	11105.737325999999	11107.539	11108.048	2.0		1.0	1.0					
11111.088	11.800000000001091	trials	3.0	11114.192615	11116.019332999998	11119.477109	11120.445488	11113.228808	11118.014607	11120.173	11122.888	1.0	1.0	1.0	1.0					
11124.533	10.43500000000131	trials	3.0	11129.584797	11131.416503999999	11134.246297999998	11134.975191	11128.957878	11133.174137999998			1.0	1.0	0.0	3.0					
11137.569	24.600000000000364	trials	3.0	11152.038492	11153.456777	11160.087962	11160.815648	11151.126613999999	11158.464005			1.0	1.0	0.0	3.0					
11163.409	13.543999999999869	trials	3.0	11165.128810999999	11166.978787	11173.972604999999	11174.64207	11162.177983999998	11171.648973			1.0	2.0	0.0	3.0					
11178.295	8.814000000000306	trials	3.0	11179.822532999999	11181.594345	11186.418885	11187.117353999998	11176.958847	11183.020558999999			1.0	1.0	0.0	3.0					
11189.748	47.784999999999854	trials	3.0	11195.793416999999	11196.915185999998	11235.124252999998	11235.543108999998	11195.246796	11206.485454999998	11235.778	11237.533	1.0	1.0	1.0	1.0					
11240.59	16.5679999999993	trials	3.0	11244.761009999998	11246.560825999999	11252.122226	11252.202610999999	11244.078026	11251.283725			2.0		0.0	4.0					
11258.138	17.510999999998603	trials	3.0	11260.009146999999	11261.75685	11272.940004	11273.501546	11257.166672	11264.056682999999	11273.688	11275.649	1.0	2.0	1.0	1.0					
11277.708	8.77599999999984	trials	3.0	11282.143979999999	11283.625677			11281.554236	11284.199868	11285.988	11286.473	2.0		1.0	1.0					
11288.965	10.60399999999936	trials	3.0	11292.691369999999	11294.500897999998	11298.203921999999	11298.843539999998	11291.782229999999	11296.617139999998			1.0	2.0	0.0	3.0					
11300.518	6.675999999999476	trials	3.0	11302.353645	11303.94135			11299.573454	11304.487348999999	11306.888	11306.953	2.0		1.0	1.0					
11309.713	10.454999999999927	trials	3.0	11312.472930999998	11314.396078	11317.673705	11318.371476999999	11311.716022999999	11316.352635	11318.373	11320.168	1.0	2.0	1.0	1.0					
11324.234	7.314000000000306	trials	3.0	11325.929025	11327.206355999999	11330.073380999998	11330.723139	11324.450363	11328.732546			1.0	1.0	0.0	3.0					
11334.452	8.981000000001586	trials	3.0	11336.370568999999	11338.321236	11340.72911	11341.283320999999	11331.556343	11339.574207	11341.418	11343.433	1.0	2.0	1.0	1.0					
11345.468	8.68999999999869	trials	3.0	11348.62917	11349.966784	11352.741549999999	11353.317138999999	11347.998972	11351.252833999999			1.0	2.0	0.0	3.0					
11355.108	12.476999999998952	trials	3.0	11356.848842	11357.895446999999	11364.64185	11365.495254	11354.166994	11362.951438999999	11365.313	11367.585	1.0	1.0	1.0	1.0					
11370.609	9.093999999999141	trials	3.0	11374.393778999998	11376.145964	11378.169184999999	11378.695228999999	11373.763932999998	11376.785366999999			1.0	1.0	0.0	3.0					
11380.518	7.584999999999127	trials	3.0	11382.439364999998	11383.990387999998	11386.660166999998	11387.333170999998	11379.709222999998	11385.658286999998			1.0	2.0	0.0	3.0					
11389.989	6.709000000000742	trials	3.0	11391.754842999999	11393.266270999999	11395.30674	11396.001761	11388.112395	11394.33827			1.0	1.0	0.0	3.0					
11397.628	4.524999999999636	trials	3.0	11399.199476	11400.09672			11396.707502	11400.085706999998			2.0		0.0	2.0					
11405.163	15.875	trials	3.0	11417.26925	11418.541231	11419.866515	11420.487663	11416.577234999999	11419.072855999999			1.0	2.0	0.0	3.0					
11422.188	6.389999999999418	trials	3.0	11423.999909999999	11425.065811999999			11421.046971	11426.409996999999	11428.258	11428.444	2.0		1.0	1.0					
11432.153	8.555000000000291	trials	3.0	11435.389769	11437.31238	11439.393107	11440.001309	11434.56107	11438.245201			1.0	2.0	0.0	3.0					
11443.757	7.641999999999825	trials	3.0	11445.360508	11447.292071	11448.834655999999	11449.553763	11440.715322	11447.535122	11449.663	11451.399	1.0	1.0	1.0	1.0					
11454.415	6.7590000000000146	trials	3.0	11456.679783	11457.891400999999	11459.858273999998	11460.417581999998	11455.834531999999	11458.84414			1.0	2.0	0.0	3.0					
11464.179	6.838999999999942	trials	3.0	11465.889744	11467.235863999998	11469.560802	11470.212620999999	11461.183528999998	11468.598332999998			1.0	1.0	0.0	3.0					
11471.899	6.484000000000378	trials	3.0	11473.589527999999	11474.931175	11477.701008	11478.390077999999	11471.026838999998	11476.510865			1.0	2.0	0.0	3.0					
11482.06	10.328000000001339	trials	3.0	11486.479787999999	11488.310293999999			11485.514985999998	11489.285526	11490.984	11492.388	2.0		1.0	1.0					
11496.462	7.181000000000495	trials	3.0	11497.995971999999	11499.306504	11502.458508	11502.934631999999	11497.240257	11500.997030999999			1.0	2.0	0.0	3.0					
11504.834	19.583999999998923	trials	3.0	11506.554673999999	11508.013439999999	11521.581198	11522.293553	11503.653599	11510.876079	11522.243	11524.418	1.0	1.0	1.0	1.0					
11528.484	7.904000000000451	trials	3.0	11531.259882999999	11532.653935999999			11530.608565999999	11533.517498	11535.388	11536.388	2.0		1.0	1.0					
11538.448	12.920000000000073	trials	3.0	11543.648846999999	11545.500302999999	11549.920243999999	11550.604685999999	11542.808718	11546.497309999999			1.0	1.0	0.0	3.0					
11553.253	6.074999999998909	trials	3.0	11554.879944999999	11556.137186999998	11557.792250999999	11558.524841999999	11551.379556	11556.599417			1.0	2.0	0.0	3.0					
11561.113	7.746000000001004	trials	3.0	11562.699701	11564.361454999998	11568.237624	11568.866020999998	11559.339525	11565.983111			1.0	1.0	0.0	3.0					
11572.558	14.294999999998254	trials	3.0	11580.571342	11582.317976999999			11579.703308999999	11584.156991	11586.298	11586.359	2.0		1.0	1.0					
11589.129	8.403999999998632	trials	3.0	11592.331721999999	11594.023729999999			11591.668869	11594.775952999998	11596.788	11597.533	2.0		1.0	1.0					
11600.55	9.81800000000112	trials	3.0	11604.319619999998	11605.795557	11608.791346999998	11609.463461	11603.554848	11607.424217			1.0	2.0	0.0	3.0					
11612.154	8.273999999999432	trials	3.0	11613.965467999999	11615.672298	11617.779317999999	11618.556052999998	11610.378289	11615.948927999998	11618.445	11620.428	1.0	1.0	1.0	1.0					
11622.448	9.575999999999112	trials	3.0	11627.135541	11628.375758999999	11630.658092999998	11631.297181999998	11626.563256999998	11629.480833			1.0	2.0	0.0	3.0					
11632.984	10.039999999999054	trials	3.0	11634.920858999998	11636.072358	11640.133925999999	11640.990158999999	11632.035816	11638.821537	11640.813	11643.024	1.0	1.0	1.0	1.0					
11645.133	14.479999999999563	trials	3.0	11651.085695	11652.979725	11658.134923999998	11658.699617999999	11650.486033	11654.857012999999			1.0	2.0	0.0	3.0					
11662.454	6.209000000000742	trials	3.0	11664.430557	11665.606731			11659.623996999999	11666.554541999998	11668.378	11668.484	2.0		1.0	1.0					
11672.208	8.529999999998836	trials	3.0	11673.787202	11675.328829999999	11679.366823999999	11679.803345999999	11672.769933	11677.42988			1.0	2.0	0.0	3.0					
11683.698	9.070999999999913	trials	3.0	11685.715869	11687.593266	11690.383197	11690.992967999999	11680.749312	11689.324751999999			1.0	1.0	0.0	3.0					
11693.718	43.680999999998676	trials	3.0	11719.480962	11720.857318999999	11735.952395999999	11736.634106999998	11718.494419999999	11722.694367			1.0	2.0	0.0	3.0					
11740.284	5.998999999999796	trials	3.0	11741.926532999998	11743.433313			11737.407978	11744.045504	11745.899	11746.283	2.0		1.0	1.0					
11749.348	11.889999999999418	trials	3.0	11755.860424999999	11757.669501999999	11759.842078999998	11760.531680999999	11755.178972999998	11758.510937			1.0	2.0	0.0	3.0					
11764.217	6.345999999999549	trials	3.0	11766.211985999998	11767.896229999998			11761.246756999999	11768.163461999999	11770.173	11770.563	2.0		1.0	1.0					
11774.586	10.837000000001353	trials	3.0	11776.162261999998	11777.920472999998	11783.976793999998	11784.551738999999	11775.581293	11781.715768999999			1.0	1.0	0.0	3.0					
11787.303	5.835000000000946	trials	3.0	11789.006384999999	11790.067637999999			11785.43364	11791.003421	11792.713	11793.109	2.0		1.0	1.0					
11797.609	6.923999999999069	trials	3.0	11799.195682999998	11800.694156999998	11803.238243	11803.858091999999	11797.992525	11801.804508			1.0	2.0	0.0	3.0					
11807.569	5.604000000001179	trials	3.0	11809.421122	11810.804234	11812.422078	11813.183009999999	11804.541867	11811.180561			1.0	1.0	0.0	3.0					
11815.743	29.834999999999127	trials	3.0	11839.247744999999	11841.262190999998	11844.109782	11844.728884999999	11838.477824999998	11842.721778			1.0	2.0	0.0	3.0					
11847.433	6.5349999999998545	trials	3.0	11849.011524	11850.715361999999	11853.231682999998	11853.976756999999	11845.590622	11851.817668			1.0	1.0	0.0	3.0					
11856.548	14.229999999999563	trials	3.0	11862.646062	11863.743019999998	11869.109508	11869.902965	11861.860233	11867.299941			1.0	2.0	0.0	3.0					
11871.478	6.515000000001237	trials	3.0	11873.276616	11875.173464			11870.788872	11875.73058	11877.588	11877.763	2.0		1.0	1.0					
11882.493	13.825999999999112	trials	3.0	11884.422126	11885.908820999999	11893.379042999999	11894.408231	11883.077195999998	11890.390094999999	11894.063	11896.319	1.0	1.0	1.0	1.0					
11898.399	8.984000000000378	trials	3.0	11902.466751	11903.567200999998			11901.514598999998	11905.147695	11906.958	11907.093	2.0		1.0	1.0					
11909.888	11.839999999998327	trials	3.0	11914.151558999998	11915.78803	11919.034975999999	11919.933256999999	11913.305826	11917.840957999999	11919.713	11921.728	1.0	1.0	1.0	1.0					
11924.798	11.3799999999992	trials	3.0	11927.672384999998	11929.683632999999	11934.633710999999	11935.350921	11927.059658999999	11932.759759999999			1.0	2.0	0.0	3.0					
11936.963	10.170000000000073	trials	3.0	11938.691413999999	11940.323221999999	11944.680831	11945.345168	11936.187071999999	11943.428538	11945.478	11947.133	1.0	1.0	1.0	1.0					
11949.204	9.609000000000378	trials	3.0	11952.951422999999	11954.540936	11957.443893	11958.21458	11952.192814999999	11956.110794999999			1.0	2.0	0.0	3.0					
11960.828	9.380000000001019	trials	3.0	11962.592319	11963.704552	11967.477170999999	11968.303407	11958.822724999998	11965.953854	11968.223	11970.208	1.0	1.0	1.0	1.0					
11972.228	10.355000000001382	trials	3.0	11975.847097999998	11977.139393999998	11979.654686999998	11980.531878	11974.898426	11978.42822	11980.408	11982.583	1.0	1.0	1.0	1.0					
11986.689	12.40899999999965	trials	3.0	11989.587005	11991.443231	11995.910464999999	11996.833096999999	11989.063406	11992.068801	11996.633	11999.098	1.0	1.0	1.0	1.0					
12003.159	11.019000000000233	trials	3.0	12008.788669999998	12010.583954999998			12008.181492	12012.077659999999	12013.75	12014.128	2.0		1.0	1.0					
12017.633	9.545000000000073	trials	3.0	12020.873517	12022.133971	12025.783919	12026.377240999998	12019.913427	12024.355601			1.0	1.0	0.0	3.0					
12028.148	13.040000000000873	trials	3.0	12030.116766	12032.026307999999	12038.518809	12039.279548999999	12027.187719	12036.984145999999	12039.194	12041.188	1.0	2.0	1.0	1.0					
12043.208	8.840000000000146	trials	3.0	12047.692084999999	12049.044280999999	12050.722496999999	12051.165095999999	12047.090068999998	12049.654878			1.0	2.0	0.0	3.0					
12055.069	16.439000000000306	trials	3.0	12056.727479	12058.099239	12068.897667	12069.713265999999	12052.058388	12063.356714	12069.748	12071.508	1.0	1.0	1.0	1.0					
12074.569	6.229000000001179	trials	3.0	12076.722593999999	12078.298834			12076.176056999999	12078.636132	12080.413	12080.524	2.0		1.0	1.0					
12084.374	10.519000000000233	trials	3.0	12088.623807	12089.705768	12092.132119999998	12093.153615	12087.721133	12090.972558	12092.998	12094.893	1.0	1.0	1.0	1.0					
12097.914	14.388999999999214	trials	3.0	12106.972887999998	12108.160034999999			12106.359355999999	12110.057391999999	12111.918	12112.303	2.0		1.0	1.0					
12115.323	7.985000000000582	trials	3.0	12119.072570999999	12120.710777			12118.240552	12121.109231999999	12122.903	12122.96	2.0		1.0	1.0					
12125.749	7.8840000000000146	trials	3.0	12127.382982	12128.694271999999	12132.253759	12132.975873	12126.864645	12131.043128			1.0	2.0	0.0	3.0					
12136.583	6.934999999999491	trials	3.0	12138.242425999999	12139.547993999999	12141.847478	12142.714112999998	12133.6431	12140.581728			1.0	1.0	0.0	3.0					
12146.172	5.501000000000204	trials	3.0	12147.937842	12149.679478999999	12150.961275	12151.474766	12143.528972999999	12149.668962			1.0		0.0	2.0					
12153.683	14.239999999999782	trials	3.0	12159.003396	12160.489673999999	12166.375466999998	12166.995318	12158.01177	12164.558936			1.0	2.0	0.0	3.0					
12169.704	7.984000000000378	trials	3.0	12171.463717999999	12173.200378999998	12176.430889	12176.988951	12167.934001999998	12173.192851			1.0		0.0	2.0					
12179.22	37.77300000000105	trials	3.0	12208.709087	12210.277261	12213.983997	12215.08424	12207.954550999999	12212.740994	12214.853	12216.993	1.0	1.0	1.0	1.0					
12219.053	9.034999999999854	trials	3.0	12223.462994999998	12225.014441			12222.516496	12225.776709	12227.693	12228.088	2.0		1.0	1.0					
12232.144	6.819999999999709	trials	3.0	12234.718428	12236.405346			12234.111783999999	12236.673775	12238.569	12238.723	2.0		1.0	1.0					
12241.503	9.114999999999782	trials	3.0	12244.533212	12245.888829	12249.284521	12249.989695999999	12243.978505	12247.993819			1.0	2.0	0.0	3.0					
12253.663	8.070999999999913	trials	3.0	12255.288658	12257.030512	12259.001806999999	12259.830082	12250.615657999999	12257.940789999999	12259.803	12261.734	1.0	1.0	1.0	1.0					
12263.759	8.453999999999724	trials	3.0	12266.933192	12268.571434	12270.624203	12271.352495	12266.069	12269.346405			1.0	1.0	0.0	3.0					
12272.973	9.625	trials	3.0	12274.55798	12275.669867	12280.35831	12281.037992	12272.209766	12279.281637			1.0	2.0	0.0	3.0					
12283.733	12.43499999999949	trials	3.0	12285.718469	12287.75431	12293.172578	12294.097579	12282.592768999999	12291.917257	12293.903	12296.168	1.0	1.0	1.0	1.0					
12299.223	8.470999999999549	trials	3.0	12302.574268	12304.436222	12306.978248	12307.693844	12302.010838	12305.778968999999			1.0	1.0	0.0	3.0					
12309.313	13.260000000000218	trials	3.0	12311.228194	12312.370442	12322.009849	12322.572889	12309.310592	12320.994412			1.0	2.0	0.0	3.0					
12325.368	19.15599999999904	trials	3.0	12337.360504	12338.582219	12341.767036	12342.647635	12336.632164999999	12340.789394	12342.558	12344.524	1.0	1.0	1.0	1.0					
12348.569	9.744000000000597	trials	3.0	12351.187993	12352.449106	12355.659679	12356.387377	12350.326405	12353.07196	12356.378	12358.313	1.0	1.0	1.0	1.0					
12361.383	7.8400000000001455	trials	3.0	12365.088684999999	12366.450769			12364.529172999999	12366.977689	12368.95	12368.984	2.0		1.0	1.0					
12373.74	9.538000000000466	trials	3.0	12375.364184	12377.115716	12380.528226999999	12381.355137999999	12374.115553	12378.249722	12381.188	12383.278	1.0	1.0	1.0	1.0					
12385.341	14.856999999999971	trials	3.0	12393.893635	12395.740045	12398.766303999999	12399.448859	12393.343621	12396.610336			1.0	2.0	0.0	3.0					
12403.149	7.484000000000378	trials	3.0	12405.034007	12406.697307	12409.066568	12409.733327	12400.198545	12407.592397999999			1.0	1.0	0.0	3.0					
12413.463	5.780000000000655	trials	3.0	12415.088842	12416.18558	12418.521959	12419.242456	12410.633055999999	12416.18273			1.0		0.0	2.0					
12420.223	25.585000000000946	trials	3.0	12428.409506	12430.149787999999	12442.900900999999	12443.828339	12427.764469	12441.586245999999	12443.694	12445.808	1.0	1.0	1.0	1.0					
12447.873	11.450000000000728	trials	3.0	12453.110911	12454.235999	12456.359473999999	12457.349715999999	12452.523079999999	12455.371478	12457.173	12459.323	1.0	1.0	1.0	1.0					
12462.373	11.557000000000698	trials	3.0	12465.446006	12466.581719	12470.983688	12471.899572	12464.797569999999	12469.661488	12471.703	12473.93	1.0	1.0	1.0	1.0					
12475.958	10.190999999998894	trials	3.0	12480.689032999999	12481.996435	12484.182929	12484.95692	12479.800242	12482.915998			1.0	1.0	0.0	3.0					
12486.538	5.66399999999885	trials	3.0	12488.129227	12489.680599			12486.147042	12490.069139	12491.963	12492.188	2.0		1.0	1.0					
12495.728	10.225000000000364	trials	3.0	12498.419162	12500.19655	12504.626129	12505.283943	12497.877698	12503.495663			1.0	2.0	0.0	3.0					
12507.968	6.869999999998981	trials	3.0	12509.575423999999	12510.87523	12514.255897	12514.835947	12505.949566	12512.068243			1.0	1.0	0.0	3.0					
12517.613	16.08100000000013	trials	3.0	12526.454797999999	12527.628524	12532.623991999999	12533.530856	12525.47144	12531.199129999999			1.0	1.0	1.0	1.0					
12538.244	12.60899999999856	trials	3.0	12544.822868	12546.228212	12549.123056	12549.836942	12544.0114	12547.184771			1.0	1.0	0.0	3.0					
12552.46	8.683000000000902	trials	3.0	12554.259336	12555.391124	12559.346572999999	12560.240924	12550.853618	12558.190125			1.0	2.0	0.0	3.0					
12561.863	8.786000000000058	trials	3.0	12563.504641	12564.801175999999	12568.062301	12568.6181	12561.140051999999	12566.226177999999	12568.853	12570.649	1.0	1.0	1.0	1.0					
12573.668	12.670000000000073	trials	3.0	12578.329979	12580.041416	12584.670068	12585.264108	12577.397458	12580.315502			1.0	1.0	0.0	3.0					
12588.048	6.310999999999694	trials	3.0	12589.614893	12591.23425			12586.336331999999	12592.184659999999	12593.849	12594.359	2.0		1.0	1.0					
12598.403	9.18499999999949	trials	3.0	12601.880288	12603.877841	12607.497425	12608.014374999999	12600.87992	12604.889954			1.0	1.0	0.0	3.0					
12611.899	475.4390000000003	BlockDesign														1.0	885.0	919.0	90.0	50.0
12611.899	8.399000000001251	trials	4.0	12613.894871	12615.351036	12618.421591	12619.097603	12608.834026	12617.1695			1.0	2.0	0.0	3.0					
12621.814	6.123999999999796	trials	4.0	12623.58499	12624.920963			12620.299109	12625.576882	12627.433	12627.938	2.0		1.0	1.0					
12631.964	9.206000000000131	trials	4.0	12634.939342	12636.153671	12638.754287	12639.362626	12633.938248999999	12637.688557	12639.473	12641.17	1.0	2.0	1.0	1.0					
12644.189	14.144000000000233	trials	4.0	12651.755224	12653.37689	12655.726345	12656.329699	12650.945955	12654.150034999999	12656.448	12658.333	1.0	1.0	1.0	1.0					
12660.394	9.549999999999272	trials	4.0	12665.925272	12667.351682			12664.960738	12667.827315999999	12669.603	12669.718	2.0		1.0	1.0					
12672.434	7.46900000000096	trials	4.0	12675.745352	12677.326987			12674.811038	12677.594152	12679.448	12679.613	2.0		1.0	1.0					
12683.359	9.554000000000087	trials	4.0	12685.260428	12686.806811	12690.276248	12691.035738999999	12684.693715	12688.776286999999	12690.944	12692.913	1.0	1.0	1.0	1.0					
12696.983	6.376000000000204	trials	4.0	12699.689954	12701.03802			12698.82755	12701.287473999999	12702.968	12703.168	2.0		1.0	1.0					
12705.984	9.203999999999724	trials	4.0	12708.640282	12709.702309999999	12712.975145	12713.487385999999	12707.980044	12711.871156	12713.619	12715.188	1.0	2.0	1.0	1.0					
12718.259	7.299000000000888	trials	4.0	12720.314738	12721.527001999999	12724.225720999999	12724.778935999999	12719.707257	12723.146782			1.0	2.0	0.0	3.0					
12727.609	6.5460000000002765	trials	4.0	12729.555215	12731.136848			12725.555636	12731.906233	12733.873	12734.033	2.0		1.0	1.0					
12737.768	8.239999999999782	trials	4.0	12739.315039	12740.976951999999	12743.170951	12743.988777	12738.180838	12741.791482999999	12743.838	12746.008	1.0	1.0	1.0	1.0					
12748.043	10.300000000001091	trials	4.0	12753.02744	12754.641996999999	12756.940126	12757.549948	12752.184521	12755.801839			1.0	2.0	0.0	3.0					
12759.284	12.769000000000233	trials	4.0	12760.930937	12762.117878	12769.358056	12770.120542999999	12758.341316	12768.061226	12770.038	12772.053	1.0	1.0	1.0	1.0					
12775.128	10.270999999998821	trials	4.0	12777.480518	12779.372387	12782.412507	12783.323304	12776.886541	12781.067283999999	12783.163	12785.399	1.0	1.0	1.0	1.0					
12789.413	9.229999999999563	trials	4.0	12791.01043	12792.17254	12795.758758	12796.620316999999	12790.453355	12794.506088	12796.538	12798.643	1.0	1.0	1.0	1.0					
12802.668	8.855999999999767	trials	4.0	12805.010777	12806.623136	12808.402925	12809.454834	12804.023202999999	12807.209297	12809.188	12811.524	1.0	1.0	1.0	1.0					
12813.589	12.22400000000016	trials	4.0	12818.15643	12819.332898	12822.527669	12823.605019999999	12817.583239	12820.831121	12823.173	12825.813	1.0	1.0	1.0	1.0					
12828.883	10.88299999999981	trials	4.0	12833.480817	12834.772396	12836.951543	12837.797967999999	12832.560859	12835.675299	12837.683	12839.766	1.0	1.0	1.0	1.0					
12843.823	8.545000000000073	trials	4.0	12848.440869	12849.547709			12847.680822999999	12850.217063	12851.968	12852.359	2.0		1.0	1.0					
12855.909	8.014000000001033	trials	4.0	12858.180949	12859.569943999999	12862.191714999999	12862.899548	12857.249415	12860.532895			1.0	1.0	0.0	3.0					
12864.578	11.790000000000873	trials	4.0	12866.556085	12867.923261	12874.877102	12875.536592	12863.922279	12873.639512			1.0	2.0	0.0	3.0					
12877.263	12.43499999999949	trials	4.0	12878.871599	12880.290063999999	12886.634226	12887.377163	12876.36666	12885.268613	12887.433	12889.698	1.0	1.0	1.0	1.0					
12893.751	8.79700000000048	trials	4.0	12895.57688	12897.512988999999	12899.705855	12900.494752999999	12894.76148	12898.197055	12900.433	12902.548	1.0	1.0	1.0	1.0					
12906.569	9.354000000001179	trials	4.0	12909.73779	12911.511328999999	12913.386558999999	12913.998889999999	12908.730413	12912.078341	12914.178	12915.923	1.0	2.0	1.0	1.0					
12917.944	11.503000000000611	trials	4.0	12921.850964	12923.593187	12926.223741	12927.159967	12921.144661999999	12924.871565	12926.953	12929.447	1.0	1.0	1.0	1.0					
12933.498	11.479999999999563	trials	4.0	12938.238049	12939.892978			12937.684979	12942.743296	12944.609	12944.859	2.0		1.0	1.0					
12947.484	10.814000000000306	trials	4.0	12950.79644	12952.317734	12955.156646	12956.122823	12949.905589	12953.760661	12956.043	12958.298	1.0	1.0	1.0	1.0					
12962.319	5.484000000000378	trials	4.0	12964.03195	12965.295474			12963.292975999999	12965.737471999999	12967.488	12967.638	2.0		1.0	1.0					
12970.361	7.816999999999098	trials	4.0	12974.046454	12975.612308			12973.065599	12976.006039	12977.808	12978.178	2.0		1.0	1.0					
12982.243	9.319999999999709	trials	4.0	12987.282661	12988.996147			12986.641958	12989.24749	12991.228	12991.253	2.0		1.0	1.0					
12995.086	10.907000000001062	trials	4.0	12997.066508	12998.198430999999	13002.711715	13003.903435	12995.471636	13001.359838	13003.408	13005.993	1.0	1.0	1.0	1.0					
13008.063	12.921000000000276	trials	4.0	13012.627226	13014.322947	13017.972072	13018.893043	13012.03103	13016.049131	13018.694	13020.984	1.0	1.0	1.0	1.0					
13023.043	9.52599999999984	trials	4.0	13027.363403	13028.797682999999	13032.024373	13032.567039	13026.707430999999	13030.302757			1.0	1.0	0.0	3.0					
13035.41	51.927999999999884	trials	4.0	13081.096837	13082.753738	13084.6024	13085.411742	13080.322916	13083.276152	13085.444	13087.338	1.0	1.0	1.0	1.0					
13089.405	519.3779999999988	BlockDesign														1.0	920.0	961.0	10.0	50.0
13089.405	15.002999999998792	trials	5.0	13096.207568	13098.263232	13101.623942	13102.626094	13095.498338	13100.215799	13102.388	13104.408	1.0	1.0	1.0	1.0					
13107.428	8.4950000000008	trials	5.0	13111.517265999999	13113.00223			13110.832406	13113.644333	13115.413	13115.923	2.0		1.0	1.0					
13117.943	11.885000000000218	trials	5.0	13124.702564	13125.924737	13127.462884	13127.988398	13123.706644	13126.140023	13128.234	13129.828	1.0	2.0	1.0	1.0					
13133.848	8.069999999999709	trials	5.0	13136.352981	13137.942169	13140.230708	13140.818242	13135.510419999999	13138.801261999999			1.0	1.0	0.0	3.0					
13144.57	8.768000000000029	trials	5.0	13146.457842	13148.174098	13151.708266	13152.365158	13141.917695	13150.504657			1.0	2.0	0.0	3.0					
13154.223	12.700000000000728	trials	5.0	13156.074131	13157.462995	13166.201203	13166.924798	13153.340227	13164.342161			1.0	1.0	0.0	3.0					
13170.569	23.84900000000016	trials	5.0	13188.267732	13189.564642	13192.227824	13192.775827	13187.583614	13190.996065	13192.993	13194.418	1.0	2.0	1.0	1.0					
13198.438	9.225000000000364	trials	5.0	13201.0291	13202.865812	13204.841957	13205.686803999999	13200.409505	13203.503176	13205.673	13207.663	1.0	1.0	1.0	1.0					
13209.683	8.81499999999869	trials	5.0	13214.368231999999	13215.98501			13213.789885	13216.286935	13218.194	13218.308	2.0		1.0	1.0					
13222.033	9.51600000000144	trials	5.0	13225.413306999999	13226.629699	13229.3128	13229.793155	13224.808815999999	13227.950773999999			1.0	1.0	0.0	3.0					
13232.653	6.219999999999345	trials	5.0	13234.517564	13235.968300999999	13237.462196	13238.105431	13231.551727	13236.36275			1.0	2.0	0.0	3.0					
13239.798	9.050999999999476	trials	5.0	13241.718472999999	13243.315516999999	13248.007478	13248.853135	13238.873523999999	13246.862647			1.0	1.0	0.0	3.0					
13250.339	21.929000000000087	trials	5.0	13261.343437	13263.291049	13270.351123999999	13271.34377	13260.668728	13268.893054			1.0	2.0	0.0	3.0					
13272.644	5.734000000000378	trials	5.0	13274.453468	13275.849716			13272.270826	13276.350358	13277.966	13278.368	2.0		1.0	1.0					
13281.893	6.834999999999127	trials	5.0	13284.174299	13285.6908			13283.258345999999	13285.68673			2.0		0.0	2.0					
13290.703	5.895000000000437	trials	5.0	13292.873596	13294.296543999999	13295.773476	13296.601225	13288.728013	13294.291136			1.0		0.0	2.0					
13299.364	9.609000000000378	trials	5.0	13304.358693999999	13305.70198			13303.488602	13306.718999	13308.653	13308.843	2.0		1.0	1.0					
13313.484	7.048999999999069	trials	5.0	13315.49006	13316.605932999999	13319.168891	13319.647057999999	13314.278213	13318.003950999999			1.0	2.0	0.0	3.0					
13323.567	6.981000000001586	trials	5.0	13325.579074	13327.117769999999	13329.036235	13329.742538999999	13320.536705999999	13327.783386			1.0	1.0	0.0	3.0					
13331.409	8.184000000001106	trials	5.0	13333.15525	13334.81963	13337.115446	13337.802634	13330.550256999999	13335.907259	13337.819	13339.593	1.0	2.0	1.0	1.0					
13342.613	8.215000000000146	trials	5.0	13346.473253	13348.018414			13345.674826	13348.552828	13350.473	13350.583	2.0		1.0	1.0					
13354.34	9.337999999999738	trials	5.0	13356.834115	13358.185715	13362.075812	13362.560096	13356.055682	13360.676728999999			1.0	1.0	0.0	3.0					
13364.413	8.445999999999913	trials	5.0	13366.299178	13368.237668	13370.56808	13371.097603	13363.680508	13369.544392	13371.203	13372.859	1.0	2.0	1.0	1.0					
13376.883	6.265999999999622	trials	5.0	13378.453857999999	13380.461599999999	13381.696475	13382.389061	13377.824112999999	13380.432832999999			1.0	2.0	0.0	3.0					
13386.028	7.324999999998909	trials	5.0	13387.608403999999	13389.473366	13392.003443	13392.676196	13383.151534	13390.431982			1.0	1.0	0.0	3.0					
13395.378	11.164999999999054	trials	5.0	13397.183952	13399.185775	13404.079813	13404.700471	13393.353016	13403.083186	13404.838	13406.543	1.0	2.0	1.0	1.0					
13408.563	9.510000000000218	trials	5.0	13413.784426	13415.258850999999			13413.229151	13415.787037	13417.633	13417.738	2.0		1.0	1.0					
13421.593	8.329999999999927	trials	5.0	13424.844362	13426.83634			13424.276687	13427.828965	13429.513	13429.888	2.0		1.0	1.0					
13434.368	10.125	trials	5.0	13438.905811	13440.595819999999	13442.200625	13442.771458	13438.170187	13441.167748	13442.818	13444.493	1.0	2.0	1.0	1.0					
13448.533	8.06500000000051	trials	5.0	13450.679063	13452.685625	13455.094016	13455.718284999999	13449.861076	13453.966354			1.0	2.0	0.0	3.0					
13459.468	6.454999999999927	trials	5.0	13461.318717999999	13463.296067			13456.601729	13463.609505999999	13465.524	13465.888	2.0		1.0	1.0					
13469.378	9.199999999998909	trials	5.0	13471.799395	13473.19555	13476.203636	13476.798697	13470.982213	13474.781785	13477.033	13478.578	1.0	2.0	1.0	1.0					
13481.644	9.6299999999992	trials	5.0	13485.419678999999	13486.646977	13488.704339	13489.377102999999	13484.760338	13487.353555	13489.408	13491.274	1.0	2.0	1.0	1.0					
13494.395	9.143000000000029	trials	5.0	13498.358731	13499.429323	13500.850015	13501.508455	13497.566848	13499.365345999999	13501.633	13503.538	1.0	2.0	1.0	1.0					
13506.569	10.194000000001324	trials	5.0	13508.844463	13510.85585	13514.203905	13514.955957999999	13508.333962	13512.160063	13514.988	13516.763	1.0	2.0	1.0	1.0					
13520.782	6.2960000000002765	trials	5.0	13523.069152	13524.046543	13525.723828	13526.237303	13522.217972	13524.041452			1.0		0.0	2.0					
13529.123	25.215000000000146	trials	5.0	13531.290328	13532.445748	13551.924232	13552.42126	13527.081001999999	13535.116582999999			1.0	2.0	0.0	3.0					
13555.269	7.623999999999796	trials	5.0	13556.884876	13558.105088	13561.004147	13561.549837999999	13554.341719	13559.518672999999			1.0	1.0	0.0	3.0					
13563.333	10.904999999998836	trials	5.0	13565.209682	13567.206512	13572.122252	13572.898459	13562.897608	13570.794337			1.0	2.0	0.0	3.0					
13574.488	9.081000000000131	trials	5.0	13576.388563999999	13578.3865	13581.347995	13581.943288	13574.243948	13579.923073	13582.133	13583.569	1.0	2.0	1.0	1.0					
13587.593	9.68499999999949	trials	5.0	13592.979623	13594.164212			13592.170791999999	13594.918165	13596.813	13597.278	2.0		1.0	1.0					
13599.338	9.444999999999709	trials	5.0	13603.750543999999	13604.981533999999	13606.558646	13607.051932	13602.970784	13605.39961	13607.213	13608.783	1.0	2.0	1.0	1.0					
13610.808	699.5349999999999	BlockDesign														1.0	962.0	1001.0	50.0	90.0
13610.808	10.0	trials	6.0	13615.84136	13617.793048			13614.894472	13618.514218	13620.278	13620.808	2.0		1.0	1.0					
13623.863	6.675000000001091	trials	6.0	13626.420146	13627.724398			13625.732795	13628.277886	13630.173	13630.493	2.0		1.0	1.0					
13633.013	11.18499999999949	trials	6.0	13637.310174999999	13639.247554	13641.858508	13642.374120999999	13636.596559	13640.523217	13642.649	13644.198	1.0	2.0	1.0	1.0					
13646.27	9.417999999999665	trials	6.0	13649.755361	13650.931798	13653.127915	13653.689609	13648.928015	13651.501027	13653.903	13655.688	1.0	2.0	1.0	1.0					
13657.704	8.444999999999709	trials	6.0	13661.099815	13662.834987999999			13660.572839	13663.963071999999	13665.944	13666.072	2.0		1.0	1.0					
13668.738	8.600000000000364	trials	6.0	13671.225343	13672.762052	13675.791491	13676.533888	13670.312925999999	13674.438031			1.0	2.0	0.0	3.0					
13678.171	8.707000000000335	trials	6.0	13679.854981	13681.843805	13684.118504	13685.01924	13677.342037	13682.897073	13685.003	13686.878	1.0	1.0	1.0	1.0					
13689.947	8.505999999999403	trials	6.0	13692.778795	13694.065607	13696.283002	13696.66769	13692.122508999999	13695.229191999999	13696.993	13698.453	1.0	2.0	1.0	1.0					
13701.553	7.924999999999272	trials	6.0	13704.000426999999	13705.534286	13707.955334	13708.805396	13703.104126999999	13705.521928			1.0		0.0	2.0					
13709.548	9.770999999998821	trials	6.0	13711.305562	13712.874409	13717.422448	13718.098231	13709.482978	13715.492296999999			1.0	1.0	0.0	3.0					
13720.788	9.204999999999927	trials	6.0	13722.800759	13724.434498999999	13727.241559	13727.813986	13719.320924	13725.648163	13728.018	13729.993	1.0	2.0	1.0	1.0					
13733.863	10.650000000001455	trials	6.0	13740.157009999999	13741.887204999999			13739.290777999999	13742.214784			2.0		1.0	1.0					
13748.964	9.929000000000087	trials	6.0	13753.425788	13754.893479999999	13758.302587	13758.89894	13752.837581	13756.826372			1.0	1.0	0.0	3.0					
13762.674	19.388999999999214	trials	6.0	13776.695190999999	13777.784222	13779.573769999999	13780.252736	13776.059384	13778.48224	13780.399	13782.063	1.0	2.0	1.0	1.0					
13786.095	10.09900000000016	trials	6.0	13791.536356	13793.369851			13790.561201999999	13794.003362	13795.984	13796.178	2.0		1.0	1.0					
13799.72	10.373000000001412	trials	6.0	13803.702589999999	13804.902374	13807.650685999999	13808.200026999999	13803.059648	13806.223001	13808.338	13810.093	1.0	2.0	1.0	1.0					
13814.154	8.994999999998981	trials	6.0	13816.886023	13818.527117	13820.536816	13821.236423	13815.910865	13818.681161999999	13821.313	13823.149	1.0	2.0	1.0	1.0					
13825.173	8.199999999998909	trials	6.0	13828.171241	13829.865632	13831.43288	13832.40261	13827.564393999999	13830.391171			1.0	2.0	0.0	3.0					
13834.804	12.734000000000378	trials	6.0	13836.355594999999	13838.141677	13844.727826999999	13845.421454	13833.380668	13838.485249	13845.588	13847.538	1.0	1.0	1.0	1.0					
13850.558	9.818999999999505	trials	6.0	13853.908103	13855.946854	13857.743468	13858.295458	13853.117998	13855.957762	13858.579	13860.377	1.0	2.0	1.0	1.0					
13864.439	8.773999999999432	trials	6.0	13866.312691	13868.354632999999	13870.488959	13871.122732	13865.260579	13869.206215999999	13871.218	13873.213	1.0	2.0	1.0	1.0					
13877.318	10.159999999999854	trials	6.0	13879.651231	13881.39272	13884.529779999999	13885.157176	13879.140941	13883.389792	13885.158	13887.478	1.0	2.0	1.0	1.0					
13890.548	9.225999999998749	trials	6.0	13895.511747999999	13896.384751	13898.452951	13898.945905999999	13894.985080999999	13896.372892			1.0		0.0	2.0					
13901.443	11.555000000000291	trials	6.0	13903.851362	13905.425223999999			13899.775797999999	13910.516861	13912.333	13912.998	2.0		1.0	1.0					
13915.034	52.29399999999987	trials	6.0	13960.133075	13961.904143	13964.710022	13965.357721	13959.389395	13962.772675	13965.663	13967.328	1.0	2.0	1.0	1.0					
13971.396	12.48699999999917	trials	6.0	13977.736351	13979.639938	13982.456063	13982.958848	13977.128798	13980.53699			1.0	1.0	0.0	3.0					
13985.793	9.045000000000073	trials	6.0	13987.431815	13989.07987	13992.387638	13992.951874	13983.890615	13991.334974	13993.223	13994.838	1.0	2.0	1.0	1.0					
13996.863	10.831000000000131	trials	6.0	14002.618714	14003.727751999999	14005.340885	14005.909709	14001.75167	14004.224612	14006.028	14007.694	1.0	2.0	1.0	1.0					
14011.763	8.739999999999782	trials	6.0	14014.651716	14015.719834	14018.048995	14018.521348999999	14013.970238	14016.875592	14018.878	14020.503	1.0	2.0	1.0	1.0					
14022.569	12.125	trials	6.0	14029.091987	14030.894305	14032.36867	14032.864285	14028.469203999999	14030.911489	14033.033	14034.694	1.0	2.0	1.0	1.0					
14038.753	8.760000000000218	trials	6.0	14041.759607	14042.945936			14040.987701	14045.408129	14047.234	14047.348	2.0		1.0	1.0					
14051.048	6.584999999999127	trials	6.0	14052.802267	14054.613540999999	14056.372388	14056.854363999999	14052.067767999999	14054.603206			1.0		0.0	2.0					
14059.624	17.203999999999724	trials	6.0	14061.548341	14063.273697	14075.249918	14075.669774	14057.640905	14064.334087			1.0	1.0	0.0	3.0					
14079.613	11.275000000001455	trials	6.0	14081.457832	14083.067887	14089.261408999999	14089.925976999999	14076.836812	14087.073553			1.0	2.0	0.0	3.0					
14093.58	6.532999999999447	trials	6.0	14095.342708	14097.174577	14099.524271	14100.121178	14090.892838	14098.333093			1.0	1.0	0.0	3.0					
14101.838	23.079999999999927	trials	6.0	14119.627978999999	14121.46528			14118.701347999999	14122.507939	14124.444	14124.918	2.0		1.0	1.0					
14126.933	8.789999999999054	trials	6.0	14130.107329999999	14131.684314	14133.250111	14133.820454	14129.527102	14132.116544	14133.918	14135.723	1.0	2.0	1.0	1.0					
14139.748	8.945999999999913	trials	6.0	14146.112357	14146.68397			14145.29297	14146.676924			1.0		0.0	2.0					
14151.748	143.9860000000008	trials	6.0	14287.838393	14288.915476999999	14292.807278	14293.432122999999	14287.204114	14291.562587	14293.468	14295.734	1.0	2.0	1.0	1.0					
14297.768	12.575000000000728	trials	6.0	14303.509323	14304.875569	14307.086636	14307.934319	14302.537285999999	14305.865018	14307.743	14310.343	1.0	2.0	1.0	1.0					
14314.368	821.8950000000004	BlockDesign														0.0	1002.0	1058.0	90.0	50.0
14314.368	8.075999999999112	trials	7.0	14318.443453	14319.545182	14320.919795	14321.493838999999	14317.496251999999	14319.709241			1.0	2.0	0.0	3.0					
14325.253	11.549999999999272	trials	7.0	14326.893193	14328.27821	14333.968417	14334.777662	14322.448559	14331.475676	14334.663	14336.803	1.0	1.0	1.0	1.0					
14338.828	9.590000000000146	trials	7.0	14343.473689999999	14345.360807	14346.987396999999	14347.364404	14342.631632	14345.367895			1.0	1.0	0.0	3.0					
14351.333	6.529999999998836	trials	7.0	14352.939134	14354.12915	14355.822130999999	14356.484896	14348.425882	14354.658985			1.0	2.0	0.0	3.0					
14360.163	5.72400000000016	trials	7.0	14361.808454	14363.280278			14357.873302	14363.663351	14365.524	14365.738	2.0		1.0	1.0					
14369.391	10.322000000000116	trials	7.0	14372.893915999999	14374.750844	14377.319764	14377.873888	14372.12769	14376.295358	14378.024	14379.713	1.0	2.0	1.0	1.0					
14383.784	14.443999999999505	trials	7.0	14391.188756	14393.185357	14395.800533	14396.279142	14390.498906	14394.260802	14396.613	14398.228	1.0	2.0	1.0	1.0					
14400.244	14.019000000000233	trials	7.0	14407.174275	14408.347348	14411.568825	14412.272232	14406.407326	14410.308427	14412.203	14414.263	1.0	2.0	1.0	1.0					
14417.318	15.956000000000131	trials	7.0	14422.434172	14423.645701	14431.446114	14432.351134999999	14421.68474	14428.340657			1.0	2.0	0.0	3.0					
14433.788	23.110999999998967	trials	7.0	14435.714193	14437.092689	14454.295396	14454.977336	14433.284087	14439.921715	14455.078	14456.899	1.0	1.0	1.0	1.0					
14458.965	9.47899999999936	trials	7.0	14462.924131	14464.350817999999	14466.752360999999	14467.363952	14462.113604	14465.577662			1.0	2.0	0.0	3.0					
14470.033	15.045000000000073	trials	7.0	14471.889097	14473.044907	14483.763149999999	14484.32585	14468.454997	14474.807955			1.0	2.0	0.0	3.0					
14487.079	6.6489999999994325	trials	7.0	14488.724449	14489.913755			14485.088657	14491.481533999999	14493.405	14493.588	2.0		1.0	1.0					
14496.248	17.8700000000008	trials	7.0	14506.496135	14507.752768	14511.465868	14512.088991999999	14505.627714999999	14508.991178	14512.133	14514.118	1.0	2.0	1.0	1.0					
14517.138	12.345999999999549	trials	7.0	14522.698842	14524.082697	14526.76297	14527.536427	14522.089754	14525.474752	14527.538	14529.484	1.0	2.0	1.0	1.0					
14531.548	12.645999999998821	trials	7.0	14537.996116	14539.446934	14541.258983	14541.983707	14537.016709	14539.839413	14541.993	14544.194	1.0	2.0	1.0	1.0					
14547.213	11.81500000000051	trials	7.0	14553.029706	14554.115955			14552.231559	14556.73513	14558.571	14558.859	2.0		1.0	1.0					
14562.528	10.049999999999272	trials	7.0	14567.774684	14569.039956999999			14567.064096999999	14570.211254	14571.963	14572.578	2.0		1.0	1.0					
14574.638	12.289999999999054	trials	7.0	14578.929773	14580.066096999999	14584.196344	14584.953976	14578.091067	14582.270604	14584.873	14586.928	1.0	2.0	1.0	1.0					
14588.993	12.149999999999636	trials	7.0	14592.215329999999	14593.625925			14591.541228999999	14598.004064	14599.778	14601.143	2.0		1.0	1.0					
14605.163	7.559999999999491	trials	7.0	14607.581437	14609.069923	14611.046105	14611.72129	14606.658546999999	14609.767601			1.0	2.0	0.0	3.0					
14614.423	13.717999999998938	trials	7.0	14616.239735	14617.539223	14625.055814	14626.137059	14612.733087999999	14623.522439	14625.728	14628.141	1.0	1.0	1.0	1.0					
14631.158	11.220000000001164	trials	7.0	14636.61491	14637.937005	14639.409040999999	14640.113027	14635.855773	14638.193109	14640.173	14642.378	1.0	2.0	1.0	1.0					
14646.438	29.875	trials	7.0	14669.100185	14670.53746			14668.333482999999	14672.655555	14674.498	14676.313	2.0		1.0	1.0					
14678.376	12.266999999999825	trials	7.0	14683.489996	14684.560893	14687.721937	14688.421269999999	14682.624961	14686.406185	14688.353	14690.643	1.0	2.0	1.0	1.0					
14694.663	10.05999999999949	trials	7.0	14697.875492	14698.97698	14701.499141	14702.147809	14696.945237	14700.213813	14702.183	14704.723	1.0	2.0	1.0	1.0					
14706.583	10.239999999999782	trials	7.0	14712.957326	14714.072095	14715.357323	14715.694021	14712.217623999999	14714.065258999999			1.0		0.0	2.0					
14719.128	12.565999999998894	trials	7.0	14721.411922	14722.602554	14731.243958	14731.703378	14716.833878	14722.652104			1.0	2.0	0.0	3.0					
14733.668	10.034999999999854	trials	7.0	14735.456705	14736.817045	14740.667864	14741.509771	14734.123727	14739.561827	14741.438	14743.703	1.0	1.0	1.0	1.0					
14747.723	9.899999999999636	trials	7.0	14752.435615999999	14753.916844	14755.208245	14755.721159	14751.85454	14754.175127999999	14755.908	14757.623	1.0	2.0	1.0	1.0					
14760.643	10.534999999999854	trials	7.0	14765.832247	14767.666349	14769.781621999999	14770.301728999999	14764.832902999999	14768.394413			1.0	2.0	0.0	3.0					
14773.105	8.81800000000112	trials	7.0	14774.825481	14776.357584	14778.706076999999	14779.759458999999	14771.189489	14777.160781999999	14779.293	14781.923	1.0	1.0	1.0	1.0					
14785.944	33.15400000000045	trials	7.0	14814.247351	14815.634987	14817.398032	14817.922048	14813.329835	14816.232013			1.0	2.0	0.0	3.0					
14820.754	6.91399999999885	trials	7.0	14822.332417	14823.730634	14825.864155	14826.51161	14819.109481	14824.541581			1.0	1.0	0.0	3.0					
14828.23	8.078000000001339	trials	7.0	14830.155412	14831.543378			14827.678328	14833.132743999999	14835.028	14836.308	2.0		1.0	1.0					
14840.328	11.585000000000946	trials	7.0	14845.776917	14847.679034	14849.176946	14849.958266	14844.894023	14847.804648	14849.838	14851.913	1.0	1.0	1.0	1.0					
14855.938	8.421000000000276	trials	7.0	14859.96689	14861.441788	14862.684418	14863.329641	14859.092279	14861.376782			1.0	2.0	0.0	3.0					
14865.051	9.462000000001353	trials	7.0	14867.011043999999	14868.451041	14871.890831	14872.524228	14864.368841	14869.946178999999	14872.548	14874.513	1.0	1.0	1.0	1.0					
14878.569	9.415000000000873	trials	7.0	14881.497817	14883.072446			14880.593573	14885.471176	14887.223	14887.984	2.0		1.0	1.0					
14892.038	10.805000000000291	trials	7.0	14897.575966	14899.003544			14896.983735	14900.293615999999	14902.308	14902.843	2.0		1.0	1.0					
14905.908	10.805000000000291	trials	7.0	14910.051717	14911.902904999999			14909.326509999999	14914.564859	14916.378	14916.583	2.0		1.0	1.0					
14919.248	10.635000000000218	trials	7.0	14924.667868	14926.543915999999	14928.368191	14928.944485	14924.097743	14927.176679			1.0	2.0	0.0	3.0					
14932.738	11.105000000001382	trials	7.0	14934.681476	14936.013289999999	14940.682344	14941.422816	14929.895467999999	14938.569887	14941.433	14943.843	1.0	1.0	1.0	1.0					
14945.904	11.573999999998705	trials	7.0	14951.257127	14952.95197	14954.982068	14955.42929	14950.303713	14952.954494	14955.688	14957.478	1.0	2.0	1.0	1.0					
14960.564	9.3799999999992	trials	7.0	14965.696109999999	14966.84375	14969.327335	14969.95244	14964.838572999999	14966.83766			1.0		0.0	2.0					
14970.946	11.07799999999952	trials	7.0	14972.926964	14974.468687			14971.154378	14978.313112	14980.258	14982.024	2.0		1.0	1.0					
14984.083	11.019999999998618	trials	7.0	14988.516536	14990.282746	14992.410358	14993.125871	14987.917271	14991.158247	14993.138	14995.103	1.0	2.0	1.0	1.0					
14999.123	10.225000000000364	trials	7.0	15001.261898	15002.513071	15006.204876	15006.908908	15000.38812	15004.751495	15006.899	15009.348	1.0	2.0	1.0	1.0					
15012.288	12.100000000000364	trials	7.0	15017.982999	15019.518521	15021.652079	15022.365341	15017.258389999999	15020.393898	15022.383	15024.388	1.0	2.0	1.0	1.0					
15027.453	7.050000000001091	trials	7.0	15030.586992999999	15031.927153	15033.889695	15034.512635	15029.771301	15032.739301			1.0	2.0	0.0	3.0					
15036.223	16.44499999999971	trials	7.0	15045.981634	15047.752377			15045.112115	15049.180187	15050.88	15052.668	2.0		1.0	1.0					
15055.735	10.403000000000247	trials	7.0	15059.222488	15060.818772999999	15063.44026	15064.076945	15058.651792999999	15061.028255	15064.313	15066.138	1.0	2.0	1.0	1.0					
15069.165	12.292999999999665	trials	7.0	15075.366602	15076.813943	15078.814712	15079.453774	15074.785645	15077.534047	15079.524	15081.458	1.0	2.0	1.0	1.0					
15084.503	14.049999999999272	trials	7.0	15089.821709	15091.384678999999	15095.355111	15096.048262	15089.004695	15093.931685	15096.153	15098.553	1.0	2.0	1.0	1.0					
15101.633	13.300000000001091	trials	7.0	15110.107338	15111.479507			15109.248626	15112.347715	15114.203	15114.933	2.0		1.0	1.0					
15116.953	11.895000000000437	trials	7.0	15124.039197999999	15125.815096999999	15127.365323	15127.895681	15123.121112	15126.193624			1.0	2.0	0.0	3.0					
15129.703	6.56000000000131	trials	7.0	15131.575687	15133.490846	15135.860369	15136.273688	15128.858387	15134.614463			1.0	1.0	0.0	3.0					
