onset	duration	nwb_table	block	tone_on_time	tone_off_time	action_on_time	action_off_time	pokeC_on_time	pokeC_off_time	reward_on_time	reward_off_time	state	action	reward	result	FinishedBlock	FirstTrial	LastTrial	RewardRule_L	RewardRule_R
4.272	503.254	BlockDesign														1.0	1.0	35.0	90.0	50.0
4.272	47.654	trials	1.0	43.203	44.27443100000001	50.417202	50.82296	42.22961600000001	46.112945			1.0	1.0	0.0	3.0					
53.807	15.619	trials	1.0	59.20784200000001	60.349211000000004	67.763316	68.09201800000001	58.510613000000006	60.509758000000005	68.466	69.426	1.0	1.0	1.0	1.0					
73.451	18.491	trials	1.0	76.524341	78.424471	90.05566	90.302407	75.77770600000001	79.051119	90.766	91.942	1.0	1.0	1.0	1.0					
96.011	6.346000000000004	trials	1.0	99.017578	100.289759	101.479415	101.7128	98.429242	100.284791			1.0		0.0	2.0					
105.366	7.006	trials	1.0	109.007887	110.281862	112.014686	112.342088	108.45086500000001	110.90203000000001			1.0	2.0	0.0	3.0					
116.401	7.640000000000001	trials	1.0	118.194458	119.417567	123.54638200000001	123.788903	117.305746	120.180854			1.0	1.0	0.0	3.0					
126.047	8.929000000000002	trials	1.0	130.353032	131.889477	133.410298	133.665494	129.54473000000002	132.37379	134.216	134.976	1.0	2.0	1.0	1.0					
137.997	7.859999999999985	trials	1.0	141.789422	143.591585			141.133794	143.794275			2.0		1.0	1.0					
150.436	5.795999999999992	trials	1.0	152.373464	153.65342			150.792736	153.920048			2.0		1.0	1.0					
158.732	12.783999999999992	trials	1.0	161.183392	162.733026	169.858178	170.068192	160.544665	162.840559	170.966	171.516	1.0	1.0	1.0	1.0					
173.532	6.449999999999989	trials	1.0	176.813132	177.92065300000002			176.169264	177.916849			1.0		0.0	2.0					
184.017	7.319000000000017	trials	1.0	186.528638	187.869842	189.398697	189.599341	185.517931	188.200354	190.186	191.336	1.0	1.0	1.0	1.0					
195.356	11.469999999999999	trials	1.0	196.945153	198.63956000000002	205.207472	205.432998	196.417007	199.020089	206.026	206.826	1.0	1.0	1.0	1.0					
208.888	6.633999999999986	trials	1.0	211.308601	213.010051			210.576493	213.27345			2.0		1.0	1.0					
218.051	11.465000000000003	trials	1.0	221.638448	223.09504900000002	227.501839	227.726278	220.693744	225.826617	228.431	229.516	1.0	1.0	1.0	1.0					
231.567	10.963999999999999	trials	1.0	238.458647	239.915656			237.570605	240.268642			2.0		1.0	1.0					
246.047	21.28400000000002	trials	1.0	248.28931	249.532367	265.393136	265.600061	247.381042	250.294598	266.336	267.331	1.0	1.0	1.0	1.0					
270.122	5.31899999999996	trials	1.0	272.19914500000004	273.37087699999995			271.42932800000005	273.367078			1.0		0.0	2.0					
277.471	10.805000000000007	trials	1.0	280.62893900000006	281.94991400000004	286.232359	286.491668	279.689474	282.233881	286.897	288.276	1.0	1.0	1.0	1.0					
291.296	6.225999999999999	trials	1.0	293.409269	295.000681			292.555706	295.39122799999996			2.0		1.0	1.0					
300.051	9.134999999999991	trials	1.0	301.960192	303.173818	307.56346099999996	307.634512	300.83345799999995	303.142706	308.351	309.186	1.0	1.0	1.0	1.0					
313.257	5.963999999999999	trials	1.0	316.789126	317.15221199999996			315.82089700000006	317.147254			1.0		0.0	2.0					
322.236	19.025000000000034	trials	1.0	336.853846	338.895838			335.892257	339.103567			2.0		1.0	1.0					
344.786	10.019999999999982	trials	1.0	348.50422000000003	350.01640999999995	353.112656	353.352435	347.822546	350.47066600000005	353.982	354.806	1.0	1.0	1.0	1.0					
356.837	27.918999999999983	trials	1.0	359.61924899999997	360.70114	383.057718	383.256892	358.660391	361.47257	383.746	384.756	1.0	1.0	1.0	1.0					
387.821	8.84499999999997	trials	1.0	389.74474499999997	391.315783	395.575424	395.838743	388.551818	391.31194400000004			1.0		0.0	2.0					
397.432	4.073999999999955	trials	1.0	399.405614	399.440868	400.13884099999996	400.35480099999995	396.66708700000004	399.43634899999995			1.0		0.0	2.0					
403.516	6.216000000000008	trials	1.0	405.279994	406.331176	408.086908	408.28518199999996	404.377574	406.786106	408.857	409.732	1.0	1.0	1.0	1.0					
411.796	11.061000000000035	trials	1.0	418.119959	419.49515499999995	421.10384899999997	421.243244	417.325776	419.920846	421.796	422.857	1.0	1.0	1.0	1.0					
424.891	10.875	trials	1.0	430.285118	432.20653400000003	434.09331699999996	434.278763	429.539357	432.803908	434.801	435.766	1.0	1.0	1.0	1.0					
437.802	9.813999999999965	trials	1.0	443.634641	445.046373			442.83215500000006	445.35774200000003			2.0		1.0	1.0					
451.231	10.28000000000003	trials	1.0	453.26484700000003	455.17654300000004	460.38574400000005	460.50218300000006	452.548996	455.24422000000004			1.0	1.0	1.0	1.0					
463.956	17.935000000000002	trials	1.0	476.294537	477.40294000000006			475.31437000000005	477.39498100000003			1.0		0.0	2.0					
482.513	12.288000000000011	trials	1.0	490.62981	492.23030800000004			489.654325	492.64173800000003			2.0		1.0	1.0					
498.261	9.264999999999986	trials	1.0	500.385076	501.57295999999997	507.348605	507.52938200000006	499.392706	502.090201			1.0	1.0	0.0	3.0					
509.736	833.4399999999999	BlockDesign														1.0	36.0	95.0	10.0	50.0
509.736	10.502000000000066	trials	2.0	512.284949	514.141344	519.004243	519.125168	511.384898	514.945666			1.0	1.0	0.0	3.0					
522.361	11.975000000000023	trials	2.0	530.645812	531.7616449999999			529.84667	532.14923			2.0		1.0	1.0					
536.885	10.630999999999972	trials	2.0	543.906346	545.282772	547.179506	547.343305	543.273628	545.983433			1.0	1.0	0.0	3.0					
549.526	17.270000000000095	trials	2.0	560.1850029999999	562.011521	566.4634	566.632203	559.618334	562.624593			1.0	1.0	0.0	3.0					
568.802	11.374000000000024	trials	2.0	571.0947679999999	572.941208	579.839621	580.038058	570.43151	573.490196			1.0	1.0	0.0	3.0					
582.186	8.370000000000005	trials	2.0	587.415663	588.549131			586.70944	588.54201			1.0		0.0	2.0					
594.611	11.669999999999959	trials	2.0	599.745578	600.999424	605.9575179999999	606.136354	598.772016	601.379155			1.0	1.0	0.0	3.0					
610.291	8.549999999999955	trials	2.0	613.015238	614.368014			612.041555	614.358023			2.0		0.0	2.0					
619.386	5.32000000000005	trials	2.0	621.605141	622.637283			618.842839	622.634183			1.0		0.0	2.0					
626.721	7.0750000000000455	trials	2.0	629.893931	631.216092			629.298218	631.55174			2.0		1.0	1.0					
638.252	9.341000000000008	trials	2.0	643.987119	645.734119	647.262245	647.5902219999999	643.3920919999999	646.143569			1.0	2.0	0.0	3.0					
650.591	34.25	trials	2.0	675.895259	677.83601	682.04237	682.39261	675.143541	678.1260669999999			1.0	1.0	0.0	3.0					
686.388	5.267999999999915	trials	2.0	687.955984	689.1487989999999	690.107522	690.294033	684.844504	689.14483	690.916	691.656	1.0	1.0	1.0	1.0					
693.726	15.19500000000005	trials	2.0	700.380857	702.217498			699.858153	702.316609			2.0		1.0	1.0					
709.008	5.302999999999997	trials	2.0	710.916375	712.3027069999999			708.920478	712.2944239999999			1.0		0.0	2.0					
717.331	6.514999999999986	trials	2.0	719.902052	721.640146	723.43002	723.848758	718.657461	721.9465789999999			1.0	2.0	0.0	3.0					
727.772	26.709999999999923	trials	2.0	743.737337	744.97721	753.168402	753.400324	742.74054	745.421064			1.0	1.0	0.0	3.0					
757.506	5.590000000000032	trials	2.0	759.176201	760.2432769999999	761.509558	761.773499	754.481234	760.568764	762.206	763.096	1.0	2.0	1.0	1.0					
766.121	15.148000000000025	trials	2.0	769.48757	770.6980669999999	780.946429	781.12384	768.695563	771.475969			1.0	1.0	0.0	3.0					
783.281	9.536000000000058	trials	2.0	788.565664	790.503693			787.947995	790.739473			2.0		1.0	1.0					
796.386	7.93100000000004	trials	2.0	798.902801	800.580533	802.379065	802.661794	798.339606	801.125672	803.081	804.317	1.0	2.0	1.0	1.0					
807.111	6.055000000000064	trials	2.0	810.145623	811.097984			809.179222	811.095032			1.0		0.0	2.0					
816.206	14.174999999999955	trials	2.0	820.966505	822.195968	830.064668	830.141804	820.34707	822.677491			1.0	1.0	0.0	3.0					
833.43	6.55600000000004	trials	2.0	835.306214	836.909177	838.34674	838.616843	834.659717	837.416596	839.001	839.986	1.0	2.0	1.0	1.0					
842.002	8.745000000000005	trials	2.0	846.436229	848.428356			845.7750639999999	848.623202			2.0		1.0	1.0					
855.226	6.82000000000005	trials	2.0	858.206789	859.9729639999999			857.440117	859.969568			1.0		0.0	2.0					
866.096	27.33000000000004	trials	2.0	890.212231	891.3687259999999	892.4236629999999	892.568051	889.2964969999999	891.362897			1.0		0.0	2.0					
897.436	6.399999999999977	trials	2.0	899.471425	901.328582			898.4600389999999	901.596833			2.0		1.0	1.0					
907.357	12.01400000000001	trials	2.0	915.437267	916.873013	918.9260449999999	919.376803	914.8962399999999	918.042968			1.0	2.0	0.0	3.0					
922.307	6.759999999999991	trials	2.0	924.941367	926.805442			924.03336	926.8609749999999			2.0		1.0	1.0					
932.591	11.529999999999973	trials	2.0	939.9721129999999	941.3179729999999	943.806833	944.006072	939.4156029999999	942.440116			1.0	1.0	0.0	3.0					
946.135	11.17100000000005	trials	2.0	953.896701	955.322734	956.935936	957.309491	953.3188299999999	956.33221			1.0	2.0	0.0	3.0					
961.266	8.551000000000045	trials	2.0	965.221682	967.00352			964.478306	967.534282			2.0		1.0	1.0					
974.341	4.830000000000041	trials	2.0	976.238167	977.168178			974.630846	977.160536			1.0		0.0	2.0					
982.191	6.434999999999945	trials	2.0	984.227038	985.650615	986.61871	987.172511	983.613527	985.972997	987.416	988.626	1.0	2.0	1.0	1.0					
991.656	10.710000000000036	trials	2.0	995.09237	996.5135379999999	1001.419045	1001.598724	994.105153	996.503907			1.0		0.0	2.0					
1002.526	4.720000000000027	trials	2.0	1004.3870949999999	1005.178966	1006.0252449999999	1006.297283	1002.371749	1005.175363			1.0		0.0	2.0					
1009.259	9.146999999999935	trials	2.0	1014.3024849999999	1016.404031			1013.703214	1016.3956989999999			1.0		0.0	2.0					
1020.419	7.68200000000013	trials	2.0	1024.1916410000001	1025.275783			1023.620595	1025.981861			2.0		1.0	1.0					
1030.582	7.814999999999827	trials	2.0	1034.19173	1035.795685			1033.3961960000001	1036.205396			2.0		1.0	1.0					
1040.861	17.8449999999998	trials	2.0	1045.047325	1046.218718	1056.684414	1056.961696	1044.245789	1046.736341			1.0	1.0	0.0	3.0					
1059.056	7.425999999999931	trials	2.0	1060.8532460000001	1062.274001			1058.71006	1062.263962			1.0		0.0	2.0					
1067.326	14.139999999999873	trials	2.0	1077.347663	1078.829484	1079.838437	1080.168725	1076.5478540000001	1079.164714	1080.482	1081.466	1.0	2.0	1.0	1.0					
1084.491	25.65599999999995	trials	2.0	1106.779201	1108.8312310000001	1109.793949	1110.1482620000002	1105.991944	1109.060079			1.0	2.0	0.0	3.0					
1114.177	26.470000000000027	trials	2.0	1138.418009	1138.634555			1137.5029820000002	1138.630265			1.0		0.0	2.0					
1143.656	11.690000000000055	trials	2.0	1151.279273	1152.6868610000001	1153.700783	1154.1035200000001	1150.2937370000002	1153.003472	1154.466	1155.346	1.0	2.0	1.0	1.0					
1157.397	6.872000000000071	trials	2.0	1160.167735	1161.7567000000001			1159.563787	1162.0439470000001			2.0		1.0	1.0					
1166.796	5.444999999999936	trials	2.0	1169.513112	1170.234584			1168.614013	1170.2249120000001			1.0		0.0	2.0					
1176.278	17.057999999999993	trials	2.0	1189.7082950000001	1191.330641	1191.990254	1192.06742	1188.8374700000002	1191.317053			1.0		0.0	2.0					
1195.361	16.804999999999836	trials	2.0	1207.4131	1208.634949	1209.868922	1210.290305	1206.457052	1209.1997920000001	1210.661	1212.166	1.0	2.0	1.0	1.0					
1214.827	16.409000000000106	trials	2.0	1226.029804	1226.929775	1230.774593	1230.900803	1225.144949	1226.925007			1.0		0.0	2.0					
1233.006	5.823999999999842	trials	2.0	1235.673185	1237.359643	1238.4588290000002	1238.517671	1235.057059	1237.709084			1.0	2.0	0.0	3.0					
1240.786	8.454999999999927	trials	2.0	1245.548093	1247.229299			1244.870081	1247.215709			1.0		0.0	2.0					
1251.242	9.144000000000005	trials	2.0	1256.192906	1257.5663630000001	1258.484831	1259.0507710000002	1255.37663	1257.9846890000001	1259.272	1260.386	1.0	2.0	1.0	1.0					
1264.446	4.610000000000127	trials	2.0	1266.2997710000002	1267.6704020000002	1268.731001	1268.92954	1264.8222070000002	1268.032619			1.0	2.0	0.0	3.0					
1272.067	6.8840000000000146	trials	2.0	1274.938249	1276.301408	1277.338678	1277.6325080000001	1274.1671780000001	1276.6966630000002	1277.976	1278.951	1.0	2.0	1.0	1.0					
1281.976	9.509999999999991	trials	2.0	1287.138284	1288.180207			1286.1595940000002	1288.172168			1.0		0.0	2.0					
1292.193	19.82899999999995	trials	2.0	1308.71848	1309.952011			1307.880635	1309.939669			1.0		0.0	2.0					
1314.036	21.284999999999854	trials	2.0	1330.964164	1332.663313	1333.5699710000001	1333.663595	1330.1922530000002	1332.963491	1334.357	1335.321	1.0	2.0	1.0	1.0					
1338.346	4.829999999999927	trials	2.0	1340.7990730000001	1341.8715920000002	1343.095669	1343.429671	1340.289812	1342.5068680000002			1.0	2.0	0.0	3.0					
1345.436	527.4160000000002	BlockDesign														1.0	96.0	129.0	50.0	10.0
1345.436	13.215000000000146	trials	3.0	1355.373837	1357.410961	1358.319312	1358.611349	1354.502975	1357.6293580000001			1.0	2.0	0.0	3.0					
1360.661	30.802999999999884	trials	3.0	1386.829126	1387.6756810000002			1386.117762	1387.668967			2.0		0.0	2.0					
1392.801	6.779999999999973	trials	3.0	1394.6487490000002	1395.9657920000002			1391.465292	1395.9512770000001			2.0		0.0	2.0					
1400.976	10.99499999999989	trials	3.0	1408.728748	1410.3564880000001	1411.633178	1411.9751600000002	1408.0007620000001	1410.864499			1.0	2.0	0.0	3.0					
1416.02	11.536000000000058	trials	3.0	1421.518882	1422.640673	1425.989651	1426.187906	1420.964044	1423.3565230000002	1426.761	1427.556	1.0	1.0	1.0	1.0					
1430.622	5.9939999999999145	trials	3.0	1433.3139560000002	1434.964547	1436.285063	1436.4814720000002	1432.6911590000002	1434.899198			1.0	1.0	0.0	3.0					
1438.626	11.855000000000018	trials	3.0	1446.024008	1447.969787			1445.361902	1448.231585			2.0		1.0	1.0					
1454.016	30.684999999999945	trials	3.0	1482.3589490000002	1483.6264190000002	1484.2863530000002	1484.706643	1481.368148	1483.688758			1.0	2.0	0.0	3.0					
1488.674	23.692000000000007	trials	3.0	1507.6794530000002	1509.646696	1510.7590850000001	1511.086379	1507.041946	1510.026869	1511.526	1512.366	1.0	1.0	1.0	1.0					
1515.436	7.995000000000118	trials	3.0	1519.604039	1520.8510660000002			1518.634009	1521.16804			2.0		1.0	1.0					
1527.891	7.0909999999998945	trials	3.0	1529.951125	1530.6523510000002	1534.878676	1534.9839920000002	1528.203146	1530.6467440000001			1.0		0.0	2.0					
1535.711	16.200000000000045	trials	3.0	1547.910178	1549.4028620000001			1547.031526	1549.771109			2.0		1.0	1.0					
1556.431	5.529999999999973	trials	3.0	1558.079844	1559.6983750000002	1561.6491110000002	1561.782451	1557.2122430000002	1560.151918			1.0	1.0	0.0	3.0					
1565.986	12.039999999999964	trials	3.0	1575.3848030000001	1576.566055	1577.549888	1578.031784	1574.535304	1576.9183420000002			1.0	2.0	0.0	3.0					
1580.922	7.349999999999909	trials	3.0	1583.047076	1584.430796	1586.656058	1586.765693	1582.4704000000002	1585.90622	1587.331	1588.272	1.0	1.0	1.0	1.0					
1590.287	7.348999999999933	trials	3.0	1593.580296	1595.573143	1597.298144	1597.504232	1592.988427	1596.431188			1.0	1.0	0.0	3.0					
1599.671	13.174999999999955	trials	3.0	1607.9102360000002	1609.633517	1610.9015780000002	1611.1957630000002	1607.002115	1610.213678	1611.627	1612.846	1.0	1.0	1.0	1.0					
1614.911	8.804999999999836	trials	3.0	1618.005362	1619.4463990000002	1621.7357140000001	1621.887817	1617.389329	1619.963105	1622.416	1623.716	1.0	1.0	1.0	1.0					
1627.781	28.411000000000058	trials	3.0	1632.1800520000002	1633.5688300000002	1654.371163	1654.5949580000001	1631.635185	1634.1615610000001	1655.041	1656.192	1.0	1.0	1.0	1.0					
1659.252	14.495000000000118	trials	3.0	1669.729792	1671.236539			1668.820565	1671.662555			2.0		1.0	1.0					
1676.327	18.93399999999997	trials	3.0	1679.625424	1681.2766510000001	1693.631769	1693.8550670000002	1678.9172350000001	1681.828336	1694.341	1695.261	1.0	1.0	1.0	1.0					
1699.291	5.225000000000136	trials	3.0	1701.5649440000002	1702.4582420000002			1700.778863	1702.448515			1.0		0.0	2.0					
1706.526	15.529999999999973	trials	3.0	1718.8955170000002	1720.054036			1717.940395	1720.048334			1.0		0.0	2.0					
1726.066	8.134999999999991	trials	3.0	1731.425839	1732.797962	1733.792116	1734.2094080000002	1730.506489	1733.0877260000002			1.0	2.0	0.0	3.0					
1737.166	7.3559999999999945	trials	3.0	1739.2557370000002	1741.161119	1742.704034	1742.8889350000002	1738.6999070000002	1741.5269420000002	1743.397	1744.522	1.0	1.0	1.0	1.0					
1746.397	9.304000000000087	trials	3.0	1750.4960990000002	1752.1374910000002	1754.009237	1754.155841	1749.902266	1752.538655	1754.906	1755.701	1.0	1.0	1.0	1.0					
1758.772	5.31899999999996	trials	3.0	1761.1176500000001	1762.0275430000002			1760.4065150000001	1762.022837			1.0		0.0	2.0					
1767.141	20.210000000000036	trials	3.0	1783.702714	1784.962814	1787.018906	1787.343796	1782.864286	1785.4898440000002			1.0	2.0	0.0	3.0					
1791.359	5.7970000000000255	trials	3.0	1793.291704	1794.652438			1791.995455	1795.0908670000001			2.0		1.0	1.0					
1800.736	7.495999999999867	trials	3.0	1803.150628	1804.266431	1806.6425350000002	1806.738382	1802.52121	1805.424625	1807.414	1808.232	1.0	1.0	1.0	1.0					
1810.263	9.123000000000047	trials	3.0	1814.256575	1814.767738	1819.330985	1819.3921730000002	1813.680826	1814.7620530000002			1.0		0.0	2.0					
1819.882	10.134000000000015	trials	3.0	1824.7562890000002	1826.037653	1827.956736	1828.2060250000002	1823.878201	1827.127308	1828.656	1830.016	1.0	1.0	1.0	1.0					
1832.071	30.90000000000009	trials	3.0	1858.5013040000001	1859.9134490000001	1861.1743250000002	1861.425664	1857.8317550000002	1860.514576	1861.887	1862.971	1.0	1.0	1.0	1.0					
1864.991	7.861000000000104	trials	3.0	1869.6365930000002	1871.4350530000002	1872.7713250000002	1872.823492	1868.848559	1871.463236			1.0	1.0	0.0	3.0					
1876.153	1258.7479999999998	BlockDesign														1.0	130.0	217.0	50.0	90.0
1876.153	6.982999999999947	trials	4.0	1879.1060770000001	1880.377903	1882.898333	1883.142311	1878.430294	1880.3615530000002			1.0		0.0	2.0					
1886.443	13.624000000000024	trials	4.0	1894.896265	1896.056029	1898.394743	1898.8423	1893.943301	1897.575548	1899.147	1900.067	1.0	2.0	1.0	1.0					
1904.091	10.641000000000076	trials	4.0	1909.7762830000001	1910.886173	1913.097453	1913.4791710000002	1909.1929400000001	1912.270958	1913.857	1914.732	1.0	2.0	1.0	1.0					
1917.756	10.095000000000027	trials	4.0	1920.283234	1921.7474980000002	1927.511674	1927.7748310000002	1919.4675730000001	1922.461025			1.0	1.0	0.0	3.0					
1929.861	29.299999999999955	trials	4.0	1955.033736	1956.5803600000002	1957.4938900000002	1957.914874	1954.216429	1956.9398390000001	1958.397	1959.161	1.0	2.0	1.0	1.0					
1962.232	7.5090000000000146	trials	4.0	1965.5712970000002	1967.181679			1965.0098540000001	1967.4556280000002			2.0		1.0	1.0					
1974.286	12.730000000000018	trials	4.0	1978.8215050000001	1980.023263	1985.1655580000001	1985.3942920000002	1978.107356	1980.685234	1985.906	1987.016	1.0	1.0	1.0	1.0					
1989.036	20.110999999999876	trials	4.0	1993.551791	1995.1201	2008.6587860000002	2008.855874	1992.7704230000002	1995.1656790000002			1.0	1.0	0.0	3.0					
2011.036	12.565000000000055	trials	4.0	2018.8517390000002	2020.620124	2021.408429	2021.7806620000001	2017.9929860000002	2020.789634	2022.267	2023.601	1.0	2.0	1.0	1.0					
2025.647	7.180000000000064	trials	4.0	2029.2473140000002	2030.268788			2028.554677	2030.6285870000002			2.0		1.0	1.0					
2037.403	5.578999999999951	trials	4.0	2039.6071900000002	2040.9790130000001			2039.036611	2040.973031			1.0		0.0	2.0					
2045.001	9.125000000000227	trials	4.0	2050.7982850000003	2052.1246650000003	2052.802487	2053.097666	2049.9878670000003	2052.11252			1.0		0.0	2.0					
2056.181	11.114999999999782	trials	4.0	2059.400779	2060.839415	2065.5842620000003	2065.676911	2058.893893	2061.530429	2066.346	2067.296	1.0	1.0	1.0	1.0					
2071.317	6.423999999999978	trials	4.0	2074.021948	2075.185892	2076.195385	2076.360413	2073.2305380000003	2075.539694	2076.921	2077.741	1.0	2.0	1.0	1.0					
2079.767	5.925000000000182	trials	4.0	2082.457922	2083.694422			2081.62819	2083.683224			1.0		0.0	2.0					
2088.736	17.730000000000018	trials	4.0	2102.537384	2104.1608340000002			2101.860298	2104.449737			2.0		1.0	1.0					
2110.992	6.798999999999978	trials	4.0	2114.897327	2116.124162	2117.4694910000003	2117.658592	2114.225852	2116.860877			1.0	2.0	0.0	3.0					
2119.841	33.95000000000027	trials	4.0	2147.329471	2148.509621	2151.0780290000002	2151.308833	2146.5344680000003	2149.353351			1.0	1.0	0.0	3.0					
2154.392	5.550000000000182	trials	4.0	2156.1977620000002	2157.33457	2158.3196080000002	2158.640957	2153.799736	2157.7026490000003	2159.111	2159.942	1.0	2.0	1.0	1.0					
2163.003	7.002999999999702	trials	4.0	2165.409575	2166.709611	2168.20439	2168.408099	2164.786364	2167.375661	2168.942	2170.006	1.0	2.0	1.0	1.0					
2174.071	5.75	trials	4.0	2176.204118	2177.246431			2175.2535940000002	2177.595377			2.0		1.0	1.0					
2183.397	6.028999999999996	trials	4.0	2186.677796	2187.364695			2185.95323	2187.355216			1.0		0.0	2.0					
2192.441	12.934000000000196	trials	4.0	2201.3526770000003	2203.117395			2200.7032280000003	2203.314988			2.0		1.0	1.0					
2208.927	25.798999999999978	trials	4.0	2214.083489	2216.083547	2234.408927	2234.627168	2213.261171	2218.3276960000003			1.0	1.0	0.0	3.0					
2236.776	13.2800000000002	trials	4.0	2245.488674	2247.503834			2244.5127350000002	2247.7530030000003			2.0		1.0	1.0					
2254.573	7.163000000000011	trials	4.0	2257.748963	2259.180062	2261.4220530000002	2261.495794	2257.221905	2259.961174			1.0	1.0	0.0	3.0					
2265.747	8.434000000000196	trials	4.0	2270.94823	2272.1979610000003	2273.609765	2274.188042	2270.3418420000003	2272.952965			1.0	2.0	0.0	3.0					
2277.923	10.163000000000011	trials	4.0	2283.338944	2284.510018	2286.452131	2286.754244	2282.511739	2285.606569	2287.151	2288.086	1.0	2.0	1.0	1.0					
2292.191	7.315000000000055	trials	4.0	2295.129077	2296.248536	2297.8323570000002	2298.079135	2294.5140030000002	2296.785628	2298.591	2299.506	1.0	2.0	1.0	1.0					
2302.577	7.268999999999778	trials	4.0	2305.558294	2307.287459			2304.9848150000003	2307.6504680000003			2.0		1.0	1.0					
2314.317	7.108999999999924	trials	4.0	2317.673968	2318.8632580000003			2316.670376	2319.2706390000003			2.0		1.0	1.0					
2325.886	8.610000000000127	trials	4.0	2331.675241	2332.4311470000002			2330.694989	2332.427148			1.0		0.0	2.0					
2336.551	9.016000000000076	trials	4.0	2340.183632	2341.814918	2342.497867	2342.761402	2339.263112	2341.772222	2343.397	2345.567	1.0	2.0	1.0	1.0					
2348.631	12.335000000000036	trials	4.0	2351.7091450000003	2353.6339270000003	2360.6416520000002	2360.8156750000003	2351.140043	2354.0585340000002			1.0	1.0	0.0	3.0					
2364.02	6.0659999999998035	trials	4.0	2367.273517	2368.0911140000003	2368.8545710000003	2368.980023	2366.4572430000003	2368.081925			1.0		0.0	2.0					
2372.144	7.36200000000008	trials	4.0	2374.660211	2376.1308010000002	2377.9565190000003	2378.214571	2373.980341	2377.194649	2378.772	2379.506	1.0	2.0	1.0	1.0					
2381.551	10.891000000000076	trials	4.0	2384.8004020000003	2385.949346	2390.352763	2390.415607	2384.021659	2388.449793	2391.042	2392.442	1.0	1.0	1.0	1.0					
2395.506	6.508000000000266	trials	4.0	2398.1290790000003	2399.2098340000002			2397.52936	2399.899733			2.0		1.0	1.0					
2405.552	4.69399999999996	trials	4.0	2407.389125	2408.246165			2406.19705	2408.237852			1.0		0.0	2.0					
2414.256	21.195000000000164	trials	4.0	2427.839198	2429.8845690000003	2433.619502	2433.761282	2427.252902	2429.8649840000003	2434.429	2435.451	1.0	1.0	1.0	1.0					
2437.472	5.973999999999705	trials	4.0	2440.584652	2441.3912680000003			2439.738653	2441.386873			2.0		0.0	2.0					
2447.471	6.690000000000055	trials	4.0	2449.4249	2451.162707	2452.312365	2452.669355	2448.162089	2451.7191980000002	2453.026	2454.161	1.0	2.0	1.0	1.0					
2457.116	8.670000000000073	trials	4.0	2459.1089070000003	2461.086584	2465.476916	2465.662856	2458.3266200000003	2461.2520090000003			1.0	1.0	0.0	3.0					
2467.841	8.664999999999964	trials	4.0	2472.4294050000003	2473.753792	2474.796515	2475.112712	2471.565599	2474.104522	2475.506	2476.506	1.0	2.0	1.0	1.0					
2479.567	6.519999999999982	trials	4.0	2481.830917	2483.280939			2480.843831	2483.972126			2.0		1.0	1.0					
2489.656	7.233000000000175	trials	4.0	2491.399154	2492.891279	2496.686987	2496.898943	2490.303782	2492.878495			1.0		0.0	2.0					
2496.971	8.465000000000146	trials	4.0	2501.6491610000003	2503.630361	2505.123185	2505.266774	2500.738379	2504.062258			1.0	1.0	0.0	3.0					
2507.496	6.404999999999745	trials	4.0	2509.595968	2511.1498890000003	2512.186924	2512.420882	2509.015733	2511.434306	2512.986	2513.901	1.0	2.0	1.0	1.0					
2516.966	5.951000000000022	trials	4.0	2519.335231	2520.9176740000003			2518.599241	2520.906286			1.0		0.0	2.0					
2524.935	29.971000000000004	trials	4.0	2551.5694200000003	2552.910815	2553.934738	2554.329494	2550.615823	2552.898915			1.0		0.0	2.0					
2556.916	6.984999999999673	trials	4.0	2559.590362	2560.84168			2558.707108	2561.747033			2.0		1.0	1.0					
2568.416	9.759999999999764	trials	4.0	2570.295008	2571.58714	2576.381357	2576.4671080000003	2568.5465	2571.802783	2577.166	2578.176	1.0	1.0	1.0	1.0					
2580.236	7.581000000000131	trials	4.0	2582.9850460000002	2584.6634	2585.79362	2586.0667200000003	2582.151845	2584.7942860000003	2586.596	2587.817	1.0	2.0	1.0	1.0					
2590.601	6.170999999999822	trials	4.0	2592.28093	2593.672442	2594.746002	2594.9752630000003	2591.56252	2593.6839130000003	2595.591	2596.772	1.0	2.0	1.0	1.0					
2599.837	10.623999999999796	trials	4.0	2603.456428	2605.3214510000003	2608.817783	2608.8843190000002	2602.790414	2605.333124	2609.511	2610.461	1.0	1.0	1.0	1.0					
2612.482	9.889999999999873	trials	4.0	2617.9702700000003	2619.8170020000002			2617.398125	2620.106875			2.0		1.0	1.0					
2624.936	10.389999999999873	trials	4.0	2627.2528780000002	2628.348457			2626.512577	2628.866513			2.0		1.0	1.0					
2635.664	3.988999999999578	trials	4.0	2637.585746	2637.657169			2635.336303	2637.648964			1.0		0.0	2.0					
2642.712	16.583999999999833	trials	4.0	2654.840729	2656.0238050000003	2657.566984	2657.8542150000003	2654.199338	2656.908458	2658.361	2659.296	1.0	2.0	1.0	1.0					
2661.362	7.128999999999905	trials	4.0	2665.3558000000003	2666.4939870000003	2668.174286	2668.251759	2664.446476	2666.484055			1.0		0.0	2.0					
2672.501	14.504999999999654	trials	4.0	2684.530135	2684.951845			2683.6939310000002	2684.946029			1.0		0.0	2.0					
2689.046	8.570000000000164	trials	4.0	2693.180611	2694.3216230000003	2695.699603	2696.160292	2692.471615	2694.5456050000003	2696.386	2697.616	1.0	2.0	1.0	1.0					
2700.692	7.753999999999905	trials	4.0	2704.037196	2705.852194	2706.778319	2706.9611370000002	2703.248207	2705.939909	2707.411	2708.446	1.0	2.0	1.0	1.0					
2712.486	9.309999999999945	trials	4.0	2715.4617630000002	2717.3768680000003	2720.047043	2720.3954590000003	2714.873521	2718.996607	2720.756	2721.796	1.0	2.0	1.0	1.0					
2725.817	8.601999999999862	trials	4.0	2730.7004540000003	2732.414453			2730.0533880000003	2732.410261			1.0		0.0	2.0					
2736.431	7.170000000000073	trials	4.0	2739.1508	2740.624045	2741.7853920000002	2742.157256	2738.2027470000003	2741.009149	2742.567	2743.601	1.0	2.0	1.0	1.0					
2747.621	8.695999999999913	trials	4.0	2750.77565	2751.71804	2756.115148	2756.330514	2749.904075	2751.713746			1.0		0.0	2.0					
2757.726	16.644999999999982	trials	4.0	2769.756484	2771.064535			2769.231041	2772.0698580000003			2.0		1.0	1.0					
2777.926	7.110000000000127	trials	4.0	2780.5915560000003	2781.749249	2783.253923	2783.586562	2779.722491	2782.550372	2783.871	2785.036	1.0	2.0	1.0	1.0					
2788.056	7.6599999999998545	trials	4.0	2791.2707330000003	2793.150823			2790.7343610000003	2793.4164260000002			2.0		1.0	1.0					
2799.171	21.75500000000011	trials	4.0	2800.881158	2802.045806	2820.614822	2820.8719140000003	2800.302142	2802.580292			1.0	1.0	0.0	3.0					
2823.936	6.880999999999858	trials	4.0	2827.731097	2828.777963	2829.700349	2830.0871970000003	2826.7665850000003	2828.771087			1.0		0.0	2.0					
2832.873	6.773999999999887	trials	4.0	2835.681301	2836.8276410000003			2835.095107	2837.3508970000003			2.0		1.0	1.0					
2843.148	5.992999999999938	trials	4.0	2844.877039	2846.413825	2847.6010300000003	2847.740321	2844.222134	2846.923412	2848.346	2849.141	1.0	2.0	1.0	1.0					
2853.226	83.28499999999985	trials	4.0	2933.841773	2934.514274			2933.059595	2934.506429			1.0		0.0	2.0					
2938.522	7.454000000000178	trials	4.0	2942.007172	2943.3706150000003			2941.300901	2943.860997			2.0		1.0	1.0					
2948.486	22.44300000000021	trials	4.0	2968.106609	2968.8945670000003			2967.1308280000003	2968.883189			1.0		0.0	2.0					
2974.95	17.370000000000346	trials	4.0	2988.647257	2989.799359	2990.6286840000002	2990.985859	2987.9964330000003	2990.061757	2991.251	2992.32	1.0	2.0	1.0	1.0					
2994.406	8.326000000000022	trials	4.0	2997.8118130000003	2999.0343430000003	3001.0309540000003	3001.299992	2997.1846410000003	3000.321895	3001.706	3002.732	1.0	2.0	1.0	1.0					
3004.751	9.284999999999854	trials	4.0	3008.123399	3009.416092	3013.707152	3014.0492320000003	3007.202095	3009.404636			1.0		0.0	2.0					
3014.467	8.03899999999976	trials	4.0	3018.362309	3019.754966			3017.65133	3020.279657			2.0		1.0	1.0					
3026.052	12.509000000000015	trials	4.0	3034.31209	3036.0134040000003			3033.46216	3036.383731			2.0		1.0	1.0					
3042.081	10.629999999999654	trials	4.0	3048.878851	3050.259323	3052.395812	3052.599023	3048.0965610000003	3050.592521			1.0	1.0	0.0	3.0					
3056.761	5.536000000000058	trials	4.0	3059.438347	3060.9855529999995	3061.8919119999996	3062.301157	3058.4664529999995	3061.3454829999996			1.0	2.0	0.0	3.0					
3066.236	12.349999999999909	trials	4.0	3073.084	3074.2857289999997	3077.0080969999995	3077.1836949999997	3072.5120629999997	3075.9534019999996	3077.801	3078.586	1.0	2.0	1.0	1.0					
3080.657	9.208999999999833	trials	4.0	3084.7488559999997	3086.3268499999995	3087.569659	3087.8090039999997	3083.9818699999996	3086.8823469999998	3088.4	3089.866	1.0	2.0	1.0	1.0					
3092.976	5.710000000000036	trials	4.0	3095.8342759999996	3096.6754479999995			3095.0876929999995	3096.6678019999995			1.0		0.0	2.0					
3102.741	32.159999999999854	trials	4.0	3130.753977	3131.8457689999996	3133.1741949999996	3133.1893999999998	3130.2375529999995	3132.4447609999997	3133.811	3134.901	1.0	2.0	1.0	1.0					
3137.961	2513.771	BlockDesign														1.0	218.0	373.0	10.0	50.0
3137.961	6.436000000000149	trials	5.0	3140.294204	3141.894043			3139.4879579999997	3142.3089489999998			2.0		1.0	1.0					
3146.931	12.885999999999967	trials	5.0	3149.659319	3150.9008099999996	3159.5020389999995	3159.7597009999995	3149.0661229999996	3151.4431429999995			1.0	1.0	0.0	3.0					
3163.826	6.440000000000055	trials	5.0	3165.7944559999996	3167.2422549999997	3168.3369709999997	3168.7588209999994	3165.0197239999998	3167.4819009999997	3169.206	3170.266	1.0	2.0	1.0	1.0					
3172.306	11.949999999999818	trials	5.0	3174.9644799999996	3176.1457849999997	3183.9240139999997	3184.1472069999995	3174.2220849999994	3176.262758			1.0	1.0	0.0	3.0					
3186.313	9.228000000000065	trials	5.0	3189.3494359999995	3191.0677619999997			3188.4887109999995	3191.0576499999997			1.0		0.0	2.0					
3197.084	35.483000000000175	trials	5.0	3229.5493519999995	3231.3096969999997	3232.1746789999997	3232.5706109999996	3228.6191499999995	3231.5397339999995			1.0	2.0	0.0	3.0					
3236.506	10.885000000000218	trials	5.0	3238.219604	3240.0967939999996	3247.0552789999997	3247.2703779999997	3236.514449	3240.3968149999996			1.0	1.0	0.0	3.0					
3251.401	18.434999999999945	trials	5.0	3265.9648569999995	3267.2745019999998			3264.9695479999996	3267.6801849999997			2.0		1.0	1.0					
3272.417	7.449000000000069	trials	5.0	3275.3751379999994	3277.1778369999997	3278.2146139999995	3278.4468699999998	3274.6118209999995	3277.5542509999996	3279.051	3279.866	1.0	2.0	1.0	1.0					
3282.882	4.520999999999731	trials	5.0	3284.4514119999994	3285.7364649999995	3287.079281	3287.3757809999997	3283.3999129999997	3286.352098			1.0	2.0	0.0	3.0					
3290.441	44.5600000000004	trials	5.0	3330.8946169999995	3332.7472089999997			3330.3238519999995	3332.8283989999995			2.0		1.0	1.0					
3339.528	12.388000000000375	trials	5.0	3345.6495429999995	3347.3468159999998			3344.6796139999997	3347.342221			1.0		0.0	2.0					
3352.45	5.971000000000004	trials	5.0	3354.3264409999997	3355.6963189999997	3356.6362639999998	3357.0128609999997	3351.9199089999997	3355.95781	3357.317	3358.421	1.0	2.0	1.0	1.0					
3360.488	8.23700000000008	trials	5.0	3365.1096089999996	3366.2124049999998			3364.1861379999996	3366.6773839999996			2.0		1.0	1.0					
3372.252	31.190000000000055	trials	5.0	3400.8197749999995	3401.9370169999997	3402.9898719999997	3403.4502709999997	3400.0321189999995	3402.2737059999995			1.0	2.0	0.0	3.0					
3407.381	12.775000000000091	trials	5.0	3409.5155669999995	3410.9223979999997	3419.8443759999996	3419.9362459999998	3408.5533429999996	3412.0390369999996			1.0	1.0	0.0	3.0					
3424.206	6.02599999999984	trials	5.0	3426.175766	3427.6695869999994			3424.7838709999996	3427.9440589999995			2.0		1.0	1.0					
3432.778	16.664000000000215	trials	5.0	3439.2207909999997	3440.436007	3447.3726559999996	3447.77944	3438.6153469999995	3442.2076999999995	3448.161	3449.442	1.0	1.0	1.0	1.0					
3452.462	4.855000000000018	trials	5.0	3454.8551869999997	3455.2484059999997			3453.5009899999995	3455.2389639999997			1.0		0.0	2.0					
3459.373	12.414999999999964	trials	5.0	3467.261114	3468.7704769999996	3469.9221129999996	3470.3294819999996	3466.4929039999997	3469.2055809999997	3470.661	3471.788	1.0	2.0	1.0	1.0					
3475.85	12.342000000000098	trials	5.0	3477.6261729999997	3478.692209	3485.8295929999995	3486.0400579999996	3476.6898049999995	3479.3005	3486.501	3488.192	1.0	1.0	1.0	1.0					
3491.138	25.077999999999975	trials	5.0	3508.5768969999995	3510.2046219999997			3507.8949199999997	3510.580196			2.0		1.0	1.0					
3516.296	6.1150000000002365	trials	5.0	3518.1506899999995	3519.6486769999997	3520.6735339999996	3520.8541279999995	3516.2242279999996	3519.9525689999996	3521.317	3522.411	1.0	2.0	1.0	1.0					
3524.431	17.67599999999993	trials	5.0	3535.1358599999994	3536.972825	3541.834243	3541.9559329999997	3534.5213409999997	3537.467264			1.0	1.0	0.0	3.0					
3544.141	5.755999999999858	trials	5.0	3546.381098	3547.8385419999995			3545.5819799999995	3547.8233869999995			1.0		0.0	2.0					
3552.906	5.605000000000018	trials	5.0	3555.0817209999996	3556.378664	3558.1949539999996	3558.4096729999997	3554.4581169999997	3557.259025			1.0	2.0	0.0	3.0					
3561.522	14.420000000000073	trials	5.0	3570.6654439999998	3572.4829419999996	3574.0537079999995	3574.4414719999995	3570.0365329999995	3572.8676859999996	3574.806	3575.942	1.0	2.0	1.0	1.0					
3579.982	4.56899999999996	trials	5.0	3581.5559989999997	3582.5531389999996			3580.7239729999997	3582.5400499999996			1.0		0.0	2.0					
3586.561	17.274999999999636	trials	5.0	3599.9316069999995	3601.0272469999995			3599.236094	3601.6628419999997			2.0		1.0	1.0					
3607.411	5.710000000000036	trials	5.0	3610.0659149999997	3611.6327819999997	3612.8010739999995	3613.0527469999997	3609.1523019999995	3612.1206709999997			1.0	2.0	0.0	3.0					
3616.181	15.385999999999967	trials	5.0	3622.7760289999997	3624.6535519999998	3629.5898439999996	3629.8785139999995	3621.9333019999995	3625.1071729999994	3630.381	3631.567	1.0	1.0	1.0	1.0					
3633.586	82.375	trials	5.0	3712.8169279999997	3714.5879529999997	3715.5122839999995	3715.9705209999997	3712.1215479999996	3714.8835609999996			1.0	2.0	0.0	3.0					
3718.842	28.463999999999942	trials	5.0	3740.3772769999996	3741.7011009999997	3746.0670579999996	3746.4451309999995	3739.7369679999997	3742.0068189999997			1.0	1.0	0.0	3.0					
3750.431	14.11999999999989	trials	5.0	3760.2124209999997	3762.044156			3759.2655269999996	3762.4957029999996			2.0		1.0	1.0					
3767.069	6.873000000000047	trials	5.0	3770.452754	3772.313883	3773.6147379999998	3773.9232139999995	3769.8417379999996	3772.6710959999996			1.0	2.0	0.0	3.0					
3777.959	19.197000000000116	trials	5.0	3789.3574549999994	3791.3138229999995	3793.4534919999996	3793.9252279999996	3788.8188279999995	3792.414868			1.0	1.0	0.0	3.0					
3797.782	5.098999999999705	trials	5.0	3799.6327189999997	3801.5836269999995	3802.5551419999997	3802.7835229999996	3797.165201	3801.813797			1.0	2.0	0.0	3.0					
3805.888	51.113000000000284	trials	5.0	3847.097841	3848.4394709999997	3855.9741169999998	3856.4957899999995	3846.5896879999996	3848.8489099999997			1.0	1.0	0.0	3.0					
3858.301	4.209000000000287	trials	5.0	3859.8826299999996	3860.914766	3862.092785	3862.5211699999995	3857.0076969999996	3861.182587			1.0	2.0	0.0	3.0					
3866.436	8.335999999999785	trials	5.0	3870.8692119999996	3872.434316	3874.4553459999997	3874.6832449999997	3870.1818139999996	3872.9339689999997			1.0	1.0	0.0	3.0					
3877.781	8.347000000000207	trials	5.0	3882.8829969999997	3884.4250719999995	3885.7865749999996	3886.1385439999995	3882.0487479999997	3885.0424519999997			1.0	2.0	0.0	3.0					
3888.151	40.01500000000033	trials	5.0	3923.9584059999997	3925.9103719999994			3923.2173829999997	3925.9682			2.0		1.0	1.0					
3932.681	6.605999999999767	trials	5.0	3935.147983	3936.2773089999996			3934.3915009999996	3937.0953179999997			2.0		1.0	1.0					
3941.811	10.95199999999977	trials	5.0	3947.0978569999997	3948.9846129999996	3952.3058079999996	3952.620584	3946.5560209999994	3949.5376899999997			1.0	1.0	0.0	3.0					
3954.811	14.605000000000018	trials	5.0	3965.3460199999995	3966.8576179999995			3964.4742559999995	3967.1856609999995			2.0		1.0	1.0					
3973.881	5.329999999999927	trials	5.0	3975.508133	3977.1549579999996			3973.95045	3977.1520459999997			1.0		0.0	2.0					
3982.216	14.726000000000113	trials	5.0	3991.7279439999998	3993.1618229999995	3994.989643	3995.5639279999996	3991.1674639999997	3994.0458649999996	3995.596	3996.942	1.0	2.0	1.0	1.0					
3999.961	12.760000000000218	trials	5.0	4005.9103149999996	4007.1071679999995	4012.409186	4012.4469799999997	4005.3904089999996	4008.2163339999997			1.0	1.0	0.0	3.0					
4014.732	9.673999999999978	trials	5.0	4020.3977079999995	4021.415686	4022.5119729999997	4022.9572449999996	4019.7178859999995	4021.7858309999997	4023.306	4024.406	1.0	2.0	1.0	1.0					
4026.466	15.829999999999927	trials	5.0	4031.5440379999995	4033.4134699999995	4041.993244	4042.1305599999996	4030.5699969999996	4039.1874669999997			1.0	1.0	0.0	3.0					
4045.306	12.30099999999993	trials	5.0	4053.7736899999995	4054.854466			4052.8188009999994	4055.6045659999995			2.0		1.0	1.0					
4062.126	10.109999999999673	trials	5.0	4067.4991119999995	4068.7800019999995	4070.4712899999995	4070.808725	4066.5283369999997	4069.548997	4071.221	4072.236	1.0	2.0	1.0	1.0					
4074.264	14.156999999999698	trials	5.0	4081.0438299999996	4082.6279589999995	4088.105334	4088.1330599999997	4080.4782819999996	4082.5676769999995			1.0	1.0	0.0	3.0					
4092.442	20.588999999999942	trials	5.0	4109.739017	4110.874906999999	4112.466888999999	4113.039621999999	4108.859278	4111.532106			1.0	2.0	0.0	3.0					
4114.796	26.824999999999818	trials	5.0	4136.584282	4138.139934999999	4139.821081	4140.195164	4135.829846	4139.066011	4140.491	4141.621	1.0	2.0	1.0	1.0					
4145.686	25.81500000000051	trials	5.0	4165.051756999999	4166.438348	4171.186600999999	4171.442644999999	4164.1843	4167.128514999999			1.0	1.0	0.0	3.0					
4174.516	9.270000000000437	trials	5.0	4178.229248	4179.755321	4181.6341729999995	4182.07594	4177.295109999999	4180.677922	4182.326	4183.786	1.0	2.0	1.0	1.0					
4186.656	10.779999999999745	trials	5.0	4190.44378	4192.200772	4197.1261939999995	4197.4087	4189.899160999999	4192.673051			1.0	1.0	0.0	3.0					
4200.486	5.850000000000364	trials	5.0	4202.411096	4203.525852999999			4201.390154	4204.170586			2.0		1.0	1.0					
4209.892	5.78899999999976	trials	5.0	4211.794883	4213.433521			4210.270141999999	4213.6650199999995			2.0		1.0	1.0					
4220.201	8.001000000000204	trials	5.0	4224.374632999999	4225.449199			4223.369575999999	4226.0158839999995			2.0		1.0	1.0					
4231.712	27.41399999999976	trials	5.0	4254.6992709999995	4256.627165			4254.072394999999	4257.081757999999			2.0		1.0	1.0					
4261.647	19.003999999999905	trials	5.0	4274.973038	4275.771777999999			4274.166209999999	4275.768349			1.0		0.0	2.0					
4280.781	12.845000000000255	trials	5.0	4290.049704999999	4291.576837	4292.681497	4292.774485	4289.42482	4291.567493			1.0		0.0	2.0					
4295.637	24.704000000000633	trials	5.0	4316.305186	4317.788605			4315.530328	4318.067811999999			2.0		1.0	1.0					
4323.806	11.789999999999964	trials	5.0	4332.699782	4334.306613999999	4335.291244	4335.497050999999	4332.1629729999995	4334.636794999999			1.0	2.0	0.0	3.0					
4339.651	25.78400000000056	trials	5.0	4362.699976	4364.036843	4365.087551	4365.409119999999	4361.747131	4364.36629			1.0	2.0	0.0	3.0					
4368.401	11.055000000000291	trials	5.0	4371.042217	4372.741357	4379.1285339999995	4379.468887999999	4370.073281	4372.818542999999			1.0	1.0	0.0	3.0					
4381.461	9.310999999999694	trials	5.0	4388.2070539999995	4389.363421999999	4390.352059	4390.784575	4387.426383999999	4389.674085			1.0	2.0	0.0	3.0					
4392.682	15.029000000000451	trials	5.0	4400.095568	4401.667439	4407.38829	4407.580814	4399.481087	4402.328458			1.0	1.0	0.0	3.0					
4409.762	6.59900000000016	trials	5.0	4412.295827	4413.797627			4411.592788999999	4414.263070999999			2.0		1.0	1.0					
4420.817	10.554000000000087	trials	5.0	4428.1006689999995	4429.7377	4430.80387	4431.380411	4427.564933	4430.168924			1.0	2.0	0.0	3.0					
4435.121	61.13500000000022	trials	5.0	4487.345883999999	4489.123688	4493.653111	4493.978743	4486.781746	4489.809797			1.0	1.0	0.0	3.0					
4496.986	4.246000000000095	trials	5.0	4498.85087	4499.236591999999			4496.266453	4499.2264159999995			1.0		0.0	2.0					
4503.241	6.787000000000262	trials	5.0	4505.412445	4506.789113	4508.287784	4508.636821	4504.706156	4507.570137999999	4509.067	4510.028	1.0	2.0	1.0	1.0					
4514.077	9.884000000000015	trials	5.0	4518.712186999999	4520.646702999999	4521.858953	4522.159804	4518.060541	4521.1312609999995	4522.607	4523.961	1.0	2.0	1.0	1.0					
4525.982	17.23400000000038	trials	5.0	4539.8253079999995	4541.183195	4542.047111	4542.254282	4539.301672	4541.1743989999995			1.0		0.0	2.0					
4547.226	13.640000000000327	trials	5.0	4556.696011999999	4558.142462	4560.508605999999	4560.821586999999	4555.848798999999	4559.624194999999			1.0	2.0	0.0	3.0					
4564.826	8.385000000000218	trials	5.0	4569.565968	4570.710013			4568.871118999999	4571.11334			2.0		1.0	1.0					
4576.786	8.954999999999927	trials	5.0	4580.725923999999	4582.489652			4580.153722999999	4583.659621			2.0		1.0	1.0					
4588.256	9.179999999999382	trials	5.0	4593.616002999999	4594.8797859999995			4592.749742	4595.17387			2.0		1.0	1.0					
4601.966	15.5649999999996	trials	5.0	4612.811041	4614.393733	4615.906988	4616.159501	4612.160148999999	4614.965009	4616.576	4617.531	1.0	2.0	1.0	1.0					
4620.596	12.820000000000618	trials	5.0	4625.526151	4626.825226999999	4633.099934	4633.306106999999	4624.815704	4627.488374			1.0	1.0	0.0	3.0					
4636.431	5.9350000000004	trials	5.0	4639.116274999999	4640.971084	4642.025752	4642.376867	4638.4179859999995	4641.365226999999			1.0	2.0	0.0	3.0					
4644.358	10.568000000000211	trials	5.0	4647.676501	4648.853343999999	4654.61813	4654.793148999999	4647.053161	4650.499357999999			1.0	1.0	0.0	3.0					
4657.936	19.159999999999854	trials	5.0	4672.086719	4674.141361999999	4676.789107	4676.8444039999995	4671.53648	4675.960085			1.0	2.0	0.0	3.0					
4680.147	8.559000000000196	trials	5.0	4684.0168699999995	4685.388712	4688.3859999999995	4688.611196	4683.222355	4687.328689999999			1.0	1.0	0.0	3.0					
4690.751	28.417999999999665	trials	5.0	4715.701606	4717.113244			4714.739009	4717.108088			1.0		0.0	2.0					
4722.181	17.330000000000837	trials	5.0	4735.507108	4737.238203	4739.19799	4739.351527	4734.908415	4738.444571999999			1.0	1.0	0.0	3.0					
4741.526	8.746000000000095	trials	5.0	4746.017355999999	4747.901212999999	4749.968534	4750.132105	4745.159489	4749.214429			1.0	1.0	0.0	3.0					
4754.322	10.578999999999724	trials	5.0	4760.447265999999	4761.896234			4759.829642	4762.774151			2.0		1.0	1.0					
4767.416	9.614999999999782	trials	5.0	4771.897145	4773.505402	4774.995172999999	4775.277727999999	4770.926224999999	4774.130447	4775.732	4777.031	1.0	2.0	1.0	1.0					
4779.06	14.881999999999607	trials	5.0	4788.624097	4790.363882	4791.630079	4791.852992	4787.972758	4790.931973999999	4792.397	4793.942	1.0	2.0	1.0	1.0					
4796.466	21.06999999999971	trials	5.0	4803.352169	4804.398979	4813.75166	4813.855232	4802.651857	4804.881206			1.0	1.0	0.0	3.0					
4818.111	5.6850000000004	trials	5.0	4820.0479909999995	4821.438862			4817.548167999999	4821.704207999999			2.0		1.0	1.0					
4826.276	9.845000000000255	trials	5.0	4833.092366	4834.431307	4835.809348999999	4835.999218999999	4832.55112	4835.034646			1.0	2.0	0.0	3.0					
4839.132	9.189000000000306	trials	5.0	4845.182277	4846.793833	4847.890588	4848.33577	4844.234001999999	4847.160183999999			1.0	2.0	0.0	3.0					
4852.216	8.475999999999658	trials	5.0	4857.557945	4859.259921999999	4860.378328	4860.702676	4856.8496749999995	4859.6179569999995			1.0	2.0	0.0	3.0					
4864.701	11.729999999999563	trials	5.0	4871.522671	4873.085631999999	4874.655137	4874.971057	4870.574312	4873.910836999999	4875.456	4876.431	1.0	2.0	1.0	1.0					
4880.456	13.376999999999498	trials	5.0	4889.092844	4890.985283	4892.131334	4892.343707	4888.2255399999995	4891.35334	4892.786	4893.833	1.0	2.0	1.0	1.0					
4895.891	13.5	trials	5.0	4901.963099	4903.514682999999	4909.1824639999995	4909.404875	4900.955862999999	4903.510044			1.0		0.0	2.0					
4909.571	16.38000000000011	trials	5.0	4921.577230999999	4923.215356999999	4924.200371	4924.417093	4920.91251	4923.620182999999	4924.897	4925.951	1.0	2.0	1.0	1.0					
4928.016	26.954999999999927	trials	5.0	4951.007963	4952.421085999999			4950.000518	4952.884198			2.0		1.0	1.0					
4958.467	13.259000000000015	trials	5.0	4960.408423999999	4961.925283	4971.40453	4971.637339	4959.73975	4962.563349999999			1.0	1.0	0.0	3.0					
4973.78	7.7020000000002256	trials	5.0	4976.617663999999	4977.689458999999	4979.486738	4979.617166	4975.92482	4978.605385			2.0		0.0	4.0					
4984.532	9.693999999999505	trials	5.0	4988.929144	4990.838452	4992.289290999999	4992.645004999999	4988.105	4991.596394	4993.016	4994.226	1.0	2.0	1.0	1.0					
4998.242	6.889000000000124	trials	5.0	5001.8132239999995	5003.214524	5004.822344	5005.011841	5001.138335	5004.162607			1.0	2.0	0.0	3.0					
5008.141	9.110000000000582	trials	5.0	5010.402781999999	5011.720163	5016.936873	5017.122047	5009.520345999999	5012.460152			1.0	1.0	0.0	3.0					
5021.295	6.180999999999585	trials	5.0	5023.183123999999	5024.475377	5025.704489	5026.192951999999	5021.665996	5024.984254999999	5026.446	5027.476	1.0	2.0	1.0	1.0					
5031.496	5.65099999999984	trials	5.0	5033.952695	5035.105481			5033.246332999999	5035.093419999999			1.0		0.0	2.0					
5040.156	6.484999999999673	trials	5.0	5042.5437759999995	5044.177401999999	5045.023603	5045.233625	5040.197227	5044.43905	5045.926	5046.641	1.0	2.0	1.0	1.0					
5048.661	7.914999999999964	trials	5.0	5053.028055999999	5054.530118			5052.08062	5054.525890999999			1.0		0.0	2.0					
5058.586	5.484999999999673	trials	5.0	5061.223754	5062.6186	5063.770907	5063.905321	5060.521817	5062.652843			1.0	1.0	0.0	3.0					
5066.085	5.181999999999789	trials	5.0	5068.013806	5069.515300999999	5070.680789999999	5071.117982	5067.169688	5069.917708999999			1.0	2.0	0.0	3.0					
5073.991	8.9399999999996	trials	5.0	5077.608182	5079.315434	5080.943185	5081.0665	5076.79432	5080.108066			1.0	2.0	0.0	3.0					
5085.307	5.824000000000524	trials	5.0	5086.933601	5088.082033999999			5082.947036	5088.906548			2.0		1.0	1.0					
5095.608	15.393000000000029	trials	5.0	5106.528211999999	5107.6572559999995			5105.539747999999	5108.653609999999			2.0		1.0	1.0					
5115.546	5.270999999999731	trials	5.0	5118.26887	5118.820723999999			5117.648807	5118.815599			1.0		0.0	2.0					
5123.825	10.89599999999973	trials	5.0	5130.149093	5131.430775	5132.829986	5133.131836	5129.409793999999	5132.074495999999	5133.536	5134.721	1.0	2.0	1.0	1.0					
5138.738	5.737999999999374	trials	5.0	5140.589393	5141.900685999999			5139.823745	5142.326589			2.0		1.0	1.0					
5147.942	12.069000000000415	trials	5.0	5152.549111	5154.17181	5158.5459439999995	5158.672194999999	5151.694036	5154.666109			1.0	1.0	0.0	3.0					
5161.866	29.326000000000022	trials	5.0	5187.698758999999	5188.8191289999995	5190.885641	5191.150798999999	5186.69534	5189.417321999999			1.0	1.0	0.0	3.0					
5193.201	6.119999999999891	trials	5.0	5195.41562	5196.755012			5194.583713	5197.133075			2.0		1.0	1.0					
5201.827	8.893999999999323	trials	5.0	5205.964239999999	5207.9234989999995			5205.058948	5208.650162			2.0		1.0	1.0					
5214.226	13.265000000000327	trials	5.0	5218.210777	5219.591369	5226.430178	5226.632755	5217.265079	5220.138247			1.0	1.0	0.0	3.0					
5228.742	4.161000000000058	trials	5.0	5230.684539	5230.852061	5232.048278	5232.239718	5227.507699	5230.844728			1.0		0.0	2.0					
5234.914	12.747000000000298	trials	5.0	5238.424508	5239.4810769999995	5246.638868	5246.861644	5237.687524999999	5241.540014			1.0	1.0	0.0	3.0					
5249.961	8.109999999999673	trials	5.0	5251.854342999999	5252.111164			5247.676748	5252.101505			1.0		0.0	2.0					
5258.111	6.154999999999745	trials	5.0	5259.658853999999	5261.405868	5262.529213	5262.8072569999995	5258.086933999999	5261.792495	5263.166	5264.266	1.0	2.0	1.0	1.0					
5266.334	9.11700000000019	trials	5.0	5270.551061	5272.176469999999	5273.712758	5273.944389	5269.687633	5272.8742569999995	5274.386	5275.451	1.0	2.0	1.0	1.0					
5279.471	6.280000000000655	trials	5.0	5282.2107129999995	5283.739346	5285.434162	5285.590424	5281.26863	5284.453423999999			1.0	2.0	0.0	3.0					
5288.801	13.194999999999709	trials	5.0	5292.270076	5293.381652	5301.690337999999	5301.8961979999995	5291.5062769999995	5294.585803			1.0	1.0	0.0	3.0					
5305.003	6.338000000000648	trials	5.0	5307.0794479999995	5308.276097			5306.170421	5309.203960999999			2.0		1.0	1.0					
5315.811	13.414999999999964	trials	5.0	5318.072593999999	5319.951368999999	5328.917444	5329.141951	5317.4139159999995	5320.459075999999			1.0	2.0	0.0	3.0					
5333.235	49.03700000000026	trials	5.0	5377.279826	5378.567494999999	5381.797876	5382.286948999999	5376.453743	5380.250924			1.0	2.0	0.0	3.0					
5385.111	7.746000000000095	trials	5.0	5388.295560999999	5389.42216	5391.105162	5391.479616999999	5387.703329	5390.44925	5391.791	5392.857	1.0	2.0	1.0	1.0					
5396.876	6.059999999999491	trials	5.0	5399.425139999999	5401.167748	5402.623877	5402.887452999999	5398.650077	5401.875802999999			1.0	2.0	0.0	3.0					
5405.946	13.295000000000073	trials	5.0	5414.760236	5416.44167			5413.8239269999995	5416.950706			2.0		1.0	1.0					
5421.831	8.585000000000036	trials	5.0	5424.925255	5426.842489999999	5428.5626649999995	5428.818927	5424.400953	5427.854053999999	5429.211	5430.416	1.0	2.0	1.0	1.0					
5434.437	7.979000000000269	trials	5.0	5438.159680999999	5439.606968			5437.419963	5440.216318			2.0		1.0	1.0					
5444.88	8.595999999999549	trials	5.0	5449.114822	5451.125146	5453.176995	5453.410855	5448.579295	5451.456441			1.0	2.0	0.0	3.0					
5456.486	20.0600000000004	trials	5.0	5459.115303999999	5460.837841	5475.369312	5475.663025	5458.568988999999	5461.595241999999			1.0	1.0	0.0	3.0					
5477.671	6.574999999999818	trials	5.0	5479.56041	5480.871617	5481.812531	5482.032265	5476.563108	5480.861521			1.0		0.0	2.0					
5484.921	6.685999999999694	trials	5.0	5486.805952999999	5488.798252			5484.264271999999	5489.317580999999			2.0		1.0	1.0					
5494.102	16.239000000000487	trials	5.0	5506.480608	5507.754466	5508.772064	5508.954356	5505.576408999999	5508.030967999999	5509.471	5510.341	1.0	2.0	1.0	1.0					
5513.446	8.664999999999964	trials	5.0	5519.252176	5520.082666			5518.689971	5520.074579			1.0		0.0	2.0					
5525.117	9.35399999999936	trials	5.0	5529.975903999999	5531.637584	5532.6351429999995	5533.042450999999	5529.356107	5532.037662999999	5533.281	5534.471	1.0	2.0	1.0	1.0					
5538.536	5.2150000000001455	trials	5.0	5540.190906	5541.76367			5539.463672	5541.751619			1.0		0.0	2.0					
5547.761	7.924999999999272	trials	5.0	5552.477252	5553.786961	5554.942784	5555.267286	5551.922527999999	5554.331177			1.0	2.0	0.0	3.0					
5558.278	7.5789999999997235	trials	5.0	5560.048154	5561.397422	5564.190311	5564.5117789999995	5559.096262999999	5562.550633999999	5565.031	5565.857	1.0	2.0	1.0	1.0					
5567.787	8.279999999999745	trials	5.0	5571.396209999999	5573.069899			5570.69687	5573.876912			2.0		1.0	1.0					
5579.641	13.94000000000051	trials	5.0	5583.570530999999	5585.193679	5593.261361	5593.52096	5582.730235999999	5585.201621			1.0	1.0	0.0	3.0					
5597.635	7.675999999999476	trials	5.0	5599.8415509999995	5601.843083	5602.893134	5603.222109	5598.941892	5602.259485999999	5603.476	5605.311	1.0	2.0	1.0	1.0					
5607.192	10.368999999999687	trials	5.0	5613.296444	5614.747552			5612.700464	5615.293933999999			2.0		1.0	1.0					
5620.066	21.960000000000036	trials	5.0	5624.246083999999	5625.9475729999995	5641.724107	5641.998473	5623.575595	5625.935405			1.0	2.0	0.0	3.0					
5644.036	7.695999999999913	trials	5.0	5647.995902	5649.383704	5651.662565	5652.046683999999	5647.332762999999	5650.929575			1.0	2.0	0.0	3.0					
5654.026	6918.456	BlockDesign														1.0	374.0	821.0	90.0	50.0
5654.026	17.324999999999818	trials	6.0	5662.671837	5664.657799	5669.503289	5669.760236	5661.810604	5665.184615	5670.311	5671.351	1.0	1.0	1.0	1.0					
5673.421	6.0549999999993815	trials	6.0	5676.752617	5677.423682			5676.055888	5677.4177629999995			1.0		0.0	2.0					
5683.483	5.07799999999952	trials	6.0	5685.106707999999	5686.626246	5688.209384	5688.580028	5683.866029	5687.2850419999995			1.0	2.0	0.0	3.0					
5691.531	21.99499999999989	trials	6.0	5709.4179429999995	5710.973392			5708.554883	5711.256065			2.0		1.0	1.0					
5718.105	40.84100000000035	trials	6.0	5754.161321	5755.939376	5757.215672	5757.490986	5753.509849	5756.24315	5757.982	5758.946	1.0	1.0	1.0	1.0					
5761.963	5.963000000000648	trials	6.0	5764.697554	5765.913734			5763.745846	5765.909033			1.0		0.0	2.0					
5770.936	6.400000000000546	trials	6.0	5773.012466	5774.293104	5775.422839999999	5775.715199	5772.22652	5774.653002999999	5776.107	5777.336	1.0	2.0	1.0	1.0					
5781.357	14.0	trials	6.0	5785.182220999999	5786.273257999999	5793.555591	5793.926984	5784.367861999999	5786.789776	5794.336	5795.357	1.0	2.0	1.0	1.0					
5798.421	5.505000000000109	trials	6.0	5800.797278	5802.149375999999	5803.625153999999	5803.845386999999	5800.058934999999	5802.845557999999			1.0	2.0	0.0	3.0					
5805.936	17.039999999999964	trials	6.0	5819.316949	5820.4240039999995			5818.655422	5820.841623			2.0		1.0	1.0					
5827.456	6.309999999999491	trials	6.0	5828.992147999999	5830.693327999999	5832.071497999999	5832.323356999999	5827.896032	5831.19388	5832.841	5833.766	1.0	2.0	1.0	1.0					
5837.833	9.807999999999993	trials	6.0	5843.422336	5844.814538	5845.713709	5846.00441	5842.505928999999	5845.068896	5846.326	5847.641	1.0	2.0	1.0	1.0					
5849.756	14.284999999999854	trials	6.0	5853.112277	5854.278988	5862.193142	5862.4794999999995	5852.259591999999	5855.3214339999995	5862.936	5864.041	1.0	2.0	1.0	1.0					
5867.077	7.798999999999978	trials	6.0	5870.031993999999	5871.996644	5873.047533999999	5873.293753	5869.4606539999995	5872.397199999999	5873.756	5874.876	1.0	2.0	1.0	1.0					
5876.901	11.800000000000182	trials	6.0	5885.293892	5886.658895			5884.528154	5886.653634			1.0		0.0	2.0					
5891.711	11.345999999999549	trials	6.0	5899.008164	5901.051717			5898.459004	5901.001203	5902.661	5902.906	2.0		1.0	1.0					
5905.591	13.634999999999309	trials	6.0	5907.787516	5909.229007	5917.277671	5917.549138	5907.136689999999	5909.232097	5918.091	5919.226	1.0	1.0	1.0	1.0					
5922.251	6.755000000000109	trials	6.0	5924.527205	5926.443257999999			5923.892861	5926.896154			2.0		1.0	1.0					
5932.477	26.59900000000016	trials	6.0	5934.197312	5936.000338	5957.363894	5957.418059	5932.746316999999	5936.380571	5958.051	5959.076	1.0	1.0	1.0	1.0					
5963.141	9.164999999999964	trials	6.0	5967.887006999999	5969.318842999999	5970.379621	5970.777407	5966.899711	5969.69399	5971.071	5972.306	1.0	2.0	1.0	1.0					
5974.364	25.567000000000007	trials	6.0	5979.568170999999	5980.932580999999	5999.6259549999995	5999.831389999999	5978.907413999999	5981.035397			1.0	2.0	0.0	3.0					
6001.986	7.286000000000058	trials	6.0	6006.644704	6007.738530999999	6008.741351	6009.287370999999	6005.907115	6008.0713			1.0	2.0	0.0	3.0					
6013.085	59.20399999999972	trials	6.0	6068.523008	6069.975845999999			6067.616209	6070.219321999999			2.0		1.0	1.0					
6075.776	4.079999999999927	trials	6.0	6077.688220999999	6077.8573719999995			6076.021052	6077.8492719999995			1.0		0.0	2.0					
6081.866	16.284999999999854	trials	6.0	6090.138836	6091.5599649999995			6089.245070999999	6091.784801			2.0		1.0	1.0					
6098.421	4.9650000000001455	trials	6.0	6100.30834	6101.350664	6102.11428	6102.320422	6098.170337	6101.342659			1.0		0.0	2.0					
6105.397	11.118999999999687	trials	6.0	6112.004954	6113.695109	6114.676576	6114.987859	6111.481401999999	6114.104608	6115.413	6116.516	1.0	2.0	1.0	1.0					
6119.462	31.144999999999527	trials	6.0	6143.857	6145.659544	6150.156137	6150.60947	6143.330147	6146.969752			1.0	2.0	0.0	3.0					
6153.491	12.645000000000437	trials	6.0	6161.743678	6163.365731	6164.355758	6164.722007	6161.159345	6163.6410510000005	6165.091	6166.136	1.0	2.0	1.0	1.0					
6168.156	9.871000000000095	trials	6.0	6172.941779	6174.913332	6175.882386	6176.298944	6171.961696	6175.2373130000005			1.0	2.0	0.0	3.0					
6179.272	4.899000000000342	trials	6.0	6181.045016	6182.164672			6178.030175	6182.161112			1.0		0.0	2.0					
6187.232	13.197000000000116	trials	6.0	6197.127595	6198.469097	6199.929148	6200.432285	6196.18612	6199.109196			1.0	2.0	0.0	3.0					
6202.272	10.335000000000036	trials	6.0	6208.287536	6209.459536	6210.938168	6211.190189	6207.289378	6210.266241	6211.711	6212.607	1.0	2.0	1.0	1.0					
6216.626	10.974999999999454	trials	6.0	6223.660733	6225.0276890000005			6222.847411	6225.364048			2.0		1.0	1.0					
6232.126	23.64599999999973	trials	6.0	6251.4981880000005	6253.260664			6250.628077	6253.5379760000005			2.0		1.0	1.0					
6258.331	18.440999999999804	trials	6.0	6273.828067	6275.4547600000005	6276.365417	6276.776438	6272.97055	6275.734838			1.0	2.0	0.0	3.0					
6279.742	9.753999999999905	trials	6.0	6283.433441	6284.8140410000005	6287.710322	6287.926416	6282.626118	6286.822159	6288.421	6289.496	1.0	1.0	1.0	1.0					
6293.512	6.744000000000597	trials	6.0	6295.37321	6297.3445790000005	6298.396909	6298.57535	6293.640144	6297.675518	6299.151	6300.256	1.0	2.0	1.0	1.0					
6303.287	7.546999999999571	trials	6.0	6306.703512	6308.069615			6306.053774	6308.643068			2.0		1.0	1.0					
6313.401	8.416000000000167	trials	6.0	6315.357343	6316.8368310000005			6314.481801	6318.2367380000005	6320.051	6321.817	2.0		1.0	1.0					
6325.836	10.279999999999745	trials	6.0	6332.20823	6333.264476			6331.696599	6333.8985920000005			2.0		1.0	1.0					
6339.631	21.24499999999989	trials	6.0	6349.3129	6350.6796970000005	6359.044612	6359.2494910000005	6348.400598	6350.684219	6359.891	6360.876	1.0	1.0	1.0	1.0					
6363.936	22.125	trials	6.0	6381.743425000001	6383.0036470000005	6384.059071	6384.315974	6380.748044	6383.2769180000005	6384.696	6386.061	1.0	2.0	1.0	1.0					
6389.096	29.350000000000364	trials	6.0	6414.5686160000005	6416.280208	6418.107581	6418.336625	6413.87204	6417.045866			1.0	2.0	0.0	3.0					
6420.456	11.690999999999804	trials	6.0	6428.383708	6429.524717	6431.823188	6432.019088	6427.473038	6430.922738			1.0	2.0	0.0	3.0					
6434.157	10.101999999999862	trials	6.0	6439.083944	6440.282405	6442.504889	6442.69755	6438.237977	6441.228935	6443.186	6444.259	1.0	1.0	1.0	1.0					
6448.327	6.701000000000022	trials	6.0	6450.155268	6451.284833	6453.338857	6453.512264	6449.029874	6451.749965	6454.022	6455.028	1.0	1.0	1.0	1.0					
6459.081	9.75500000000011	trials	6.0	6460.923764	6462.572471	6466.895318	6467.003745	6459.213804	6462.54115	6467.681	6468.836	1.0	1.0	1.0	1.0					
6472.891	4.675000000000182	trials	6.0	6474.865415	6475.505925			6473.427489	6475.500077			1.0		0.0	2.0					
6481.572	6.079999999999927	trials	6.0	6483.664312	6485.040506			6483.0953150000005	6485.366562			2.0		1.0	1.0					
6490.229	5.936999999999898	trials	6.0	6492.343819	6494.161756			6491.731066	6494.150517			1.0		0.0	2.0					
6498.217	6.904000000000451	trials	6.0	6500.77228	6501.952254	6503.357321	6503.675235	6500.068927	6502.415947	6504.051	6505.121	1.0	2.0	1.0	1.0					
6507.186	14.8100000000004	trials	6.0	6509.713747	6511.645356	6520.030186	6520.2598610000005	6508.83939	6511.9550150000005	6520.692	6521.996	1.0	1.0	1.0	1.0					
6525.061	9.865999999999985	trials	6.0	6530.259448	6531.453245	6532.955607	6533.071906	6529.326637	6531.99685	6533.831	6534.927	1.0	1.0	1.0	1.0					
6538.826	34.65599999999995	trials	6.0	6565.30084	6566.50367			6564.319526	6566.770114			2.0		1.0	1.0					
6573.586	4.831999999999425	trials	6.0	6575.204477	6576.315673	6577.390279	6577.523712	6573.487979	6576.3122			1.0		0.0	2.0					
6580.476	10.105000000000473	trials	6.0	6582.224074	6583.623466	6588.93428	6589.178662	6581.649591	6583.836967	6589.611	6590.581	1.0	1.0	1.0	1.0					
6593.601	5.619999999999891	trials	6.0	6596.5686430000005	6597.166939			6595.586055	6597.157558			1.0		0.0	2.0					
6603.232	9.179000000000087	trials	6.0	6608.30405	6609.900913			6607.755428	6610.175413			2.0		1.0	1.0					
6616.936	7.2960000000002765	trials	6.0	6619.156347	6620.921377000001	6622.334246	6622.612213	6618.532274	6621.448907	6623.142	6624.232	1.0	2.0	1.0	1.0					
6627.251	6.425000000000182	trials	6.0	6629.509381	6631.3224900000005			6629.008642	6631.566488			2.0		1.0	1.0					
6637.127	9.110999999999876	trials	6.0	6640.365748	6641.796641	6645.996378	6646.242979000001	6639.727473	6641.780933			1.0		0.0	2.0					
6647.853	5.738000000000284	trials	6.0	6650.224174	6651.666734	6653.2789250000005	6653.307092	6649.39278	6652.3826850000005			1.0	2.0	0.0	3.0					
6655.642	13.800000000000182	trials	6.0	6660.036906	6661.654389	6667.583321	6667.632057	6659.498375	6662.458585	6668.371	6669.442	1.0	1.0	1.0	1.0					
6671.506	7.484999999999673	trials	6.0	6674.842077	6675.2030270000005			6674.180418	6675.196995			1.0		0.0	2.0					
6680.276	5.484000000000378	trials	6.0	6682.144252	6683.2485560000005			6678.995297	6683.570891			2.0		1.0	1.0					
6688.313	7.69800000000032	trials	6.0	6690.179405	6691.289018	6694.121362	6694.243998	6689.506127000001	6692.367644	6694.806	6696.011	1.0	1.0	1.0	1.0					
6698.037	6.47400000000016	trials	6.0	6700.814492	6702.001636			6699.884476	6702.386938			2.0		1.0	1.0					
6707.023	6.738000000000284	trials	6.0	6709.86604	6711.160373000001			6709.205726	6711.478655			2.0		1.0	1.0					
6717.221	15.395000000000437	trials	6.0	6721.620416	6723.25197	6726.865252	6726.941226	6720.79274	6723.8150860000005	6727.647	6728.751	1.0	1.0	1.0	1.0					
6732.636	18.159999999999854	trials	6.0	6734.28121	6735.625994	6748.973476	6749.188058	6732.621695	6735.721565	6749.576	6750.796	1.0	1.0	1.0	1.0					
6752.856	5.8100000000004	trials	6.0	6755.380793	6756.662318000001			6754.591487	6756.651947			1.0		0.0	2.0					
6761.676	5.793999999999869	trials	6.0	6763.866527	6765.7831160000005	6767.084134	6767.441819	6762.040537	6766.1077270000005			1.0	2.0	0.0	3.0					
6770.416	8.154999999999745	trials	6.0	6773.220416	6775.078115	6776.902499	6777.116575	6772.4580320000005	6775.85926	6777.681	6778.571	1.0	2.0	1.0	1.0					
6782.622	7.743999999999687	trials	6.0	6784.915889	6786.076355	6788.470301	6788.651347	6783.911789	6787.293367	6789.261	6790.366	1.0	1.0	1.0	1.0					
6794.389	5.177999999999884	trials	6.0	6796.7604440000005	6797.562542			6795.949445	6797.554514			1.0		0.0	2.0					
6801.611	11.914999999999964	trials	6.0	6809.225384	6810.552337	6811.747329	6812.040811	6808.249091	6810.996374	6812.516	6813.526	1.0	2.0	1.0	1.0					
6816.631	5.975999999999658	trials	6.0	6819.000554	6820.681805	6822.286226	6822.54094	6818.212801	6821.385283			1.0	2.0	0.0	3.0					
6825.657	8.056999999999789	trials	6.0	6830.0407430000005	6831.490874	6833.355016	6833.64281	6829.250236	6832.4004970000005			1.0	2.0	0.0	3.0					
6837.766	92.03999999999996	trials	6.0	6926.202332	6927.753034			6925.320398	6927.7481530000005			2.0		0.0	2.0					
6931.817	7.929000000000087	trials	6.0	6936.952071	6938.26259	6939.4206	6939.722806	6936.1006640000005	6938.655476			1.0	2.0	0.0	3.0					
6941.806	11.760000000000218	trials	6.0	6948.900391	6950.538053	6953.15837	6953.244569	6948.345214	6952.34215			1.0	2.0	0.0	3.0					
6955.482	16.48400000000038	trials	6.0	6965.981015	6967.142366	6969.707738	6969.945077	6965.32385	6968.811176	6970.482	6971.966	1.0	1.0	1.0	1.0					
6974.032	12.344000000000051	trials	6.0	6980.617544	6982.362695	6984.54767	6984.753593	6980.05709	6982.906914	6985.196	6986.376	1.0	1.0	1.0	1.0					
6989.397	8.864000000000487	trials	6.0	6991.386266	6993.1826360000005	6996.567818	6996.760309	6990.412835	6993.392383	6997.371	6998.261	1.0	1.0	1.0	1.0					
7002.31	4.875999999999294	trials	6.0	7004.070559	7005.188536			7002.817066	7005.176978			1.0		0.0	2.0					
7009.236	22.746000000000095	trials	6.0	7027.97174	7029.1640800000005			7027.2061220000005	7029.769032			2.0		1.0	1.0					
7036.466	6.529999999999745	trials	6.0	7038.402234	7040.388241000001			7037.740552	7040.662693			2.0		1.0	1.0					
7045.446	7.274999999999636	trials	6.0	7047.776285	7049.255923000001	7050.884518	7051.236497	7046.831276	7049.848544	7051.736	7052.721	1.0	2.0	1.0	1.0					
7055.756	46.26999999999953	trials	6.0	7089.816608	7090.947685	7100.150659	7100.350403	7089.149053	7092.678577000001	7100.837	7102.026	1.0	1.0	1.0	1.0					
7104.091	33.79500000000007	trials	6.0	7107.5335430000005	7109.418829	7135.843943	7136.150612	7106.80892	7109.766107	7136.591	7137.886	1.0	1.0	1.0	1.0					
7141.911	10.914999999999964	trials	6.0	7146.611677	7148.379437	7150.697492	7150.988324	7145.668649	7148.651596	7151.349	7152.826	1.0	1.0	1.0	1.0					
7156.843	6.1729999999997744	trials	6.0	7158.471835	7159.661068	7161.046614	7161.153278	7157.274045	7160.1416	7161.831	7163.016	1.0	1.0	1.0	1.0					
7166.091	5.555999999999585	trials	6.0	7167.962149	7169.392878000001			7167.02573	7169.608801			2.0		1.0	1.0					
7175.185	9.010999999999513	trials	6.0	7177.106506	7178.853284	7183.884361	7183.926197	7176.462907	7179.245080000001			1.0	1.0	0.0	3.0					
7188.246	6.724999999999454	trials	6.0	7191.812293	7193.56741	7194.565601	7194.980743	7190.985031	7193.900453			1.0	2.0	0.0	3.0					
7197.922	6.764000000000124	trials	6.0	7200.078269	7201.626256			7199.127635	7202.61692	7204.436	7204.591	2.0		1.0	1.0					
7208.156	13.515000000000327	trials	6.0	7211.582812000001	7212.834027	7217.996591	7218.178828	7210.822405	7213.288708			1.0	1.0	0.0	3.0					
7222.361	4.996000000000095	trials	6.0	7224.377221000001	7226.080763	7227.043967	7227.296333	7221.67943	7226.407316			1.0	2.0	0.0	3.0					
7229.391	12.511000000000422	trials	6.0	7232.42737	7233.59771	7240.051834	7240.2645680000005	7231.648286	7234.806454	7240.756	7241.902	1.0	1.0	1.0	1.0					
7244.976	7.1710000000002765	trials	6.0	7246.993639	7248.143698	7250.343959	7250.462026	7246.156718	7248.3885310000005	7251.096	7252.147	1.0	1.0	1.0	1.0					
7256.211	8.89599999999973	trials	6.0	7257.869305	7259.719607	7262.606275	7262.826772	7257.2390080000005	7260.746582	7263.357	7265.107	1.0	1.0	1.0	1.0					
7267.171	5.560999999999694	trials	6.0	7269.642341000001	7270.734151000001			7268.833789	7270.730952			1.0		0.0	2.0					
7275.782	8.514000000000124	trials	6.0	7280.7722140000005	7282.299263			7280.103007	7282.289717			2.0		0.0	2.0					
7287.357	5.363999999999578	trials	6.0	7289.582771	7291.294519	7292.371603	7292.72635	7287.697502	7291.605991			1.0	2.0	0.0	3.0					
7294.727	5.764000000000124	trials	6.0	7296.592744	7297.678508			7295.504812	7298.233094			2.0		1.0	1.0					
7305.052	6.055000000000291	trials	6.0	7307.767664	7309.802981	7310.790617000001	7311.004844	7306.7686570000005	7310.119444			1.0	2.0	0.0	3.0					
7314.158	16.3179999999993	trials	6.0	7326.137477	7327.864753			7325.383235	7328.122876			2.0		1.0	1.0					
7332.986	17.270000000000437	trials	6.0	7337.652193	7338.979351	7348.364333	7348.638061	7337.000091	7339.506398	7349.036	7350.256	1.0	1.0	1.0	1.0					
7352.316	7.029999999999745	trials	6.0	7354.807573	7356.790463			7354.137133	7357.185937			2.0		1.0	1.0					
7363.876	10.054999999999382	trials	6.0	7369.097641	7370.339771	7372.197763	7372.34156	7368.137452	7371.045724	7372.982	7373.931	1.0	1.0	1.0	1.0					
7377.996	21.907000000000153	trials	6.0	7380.027721	7381.206478	7397.919784	7398.180157	7379.171774	7381.263659	7398.616	7399.903	1.0	1.0	1.0	1.0					
7402.926	5.699999999999818	trials	6.0	7405.1525	7406.627068			7404.260375	7406.617175			1.0		0.0	2.0					
7410.636	9.407999999999447	trials	6.0	7416.638408	7418.515079	7419.68518	7420.006381	7415.975710000001	7418.8345150000005			1.0	2.0	0.0	3.0					
7422.046	8.310999999999694	trials	6.0	7425.223102	7426.92482	7428.615686	7428.987832	7424.53424	7427.555816	7429.391	7430.357	1.0	2.0	1.0	1.0					
7432.426	12.099999999999454	trials	6.0	7435.288365	7437.092144	7442.624302	7442.836922	7434.470474	7438.68818			1.0	1.0	0.0	3.0					
7445.983	4.358000000000175	trials	6.0	7447.53511	7448.286667	7449.296741	7449.595961	7444.537615	7448.278403			1.0		0.0	2.0					
7454.351	11.895000000000437	trials	6.0	7461.503651	7463.238794			7460.717012	7464.2113850000005			2.0		1.0	1.0					
7469.817	10.194000000000415	trials	6.0	7473.553604000001	7475.375681	7478.213662	7478.50676	7472.615823	7475.857879	7478.881	7480.011	1.0	2.0	1.0	1.0					
7482.931	4.9450000000006185	trials	6.0	7484.933572	7485.87551			7484.096048	7485.868327			1.0		0.0	2.0					
7489.886	8.8799999999992	trials	6.0	7493.483144	7494.734759	7496.494781	7496.737575	7492.573583	7495.625803	7497.241	7498.766	1.0	2.0	1.0	1.0					
7502.236	6.6010000000005675	trials	6.0	7503.848612	7505.839955	7506.947923	7507.072990000001	7502.875412	7505.851843	7507.651	7508.837	1.0	1.0	1.0	1.0					
7510.901	69.97600000000057	trials	6.0	7576.053686	7577.850575	7579.227398	7579.512043000001	7575.4193350000005	7578.288496	7580.051	7580.877	1.0	2.0	1.0	1.0					
7583.971	6.420000000000073	trials	6.0	7587.143969000001	7588.676071	7590.063188	7590.376871	7586.613524	7589.193839			1.0	2.0	0.0	3.0					
7593.401	7.83600000000024	trials	6.0	7596.330386	7598.005681000001	7599.625969000001	7599.872306	7595.468105	7598.445227	7600.397	7601.237	1.0	2.0	1.0	1.0					
7604.296	16.02099999999973	trials	6.0	7616.563889	7617.727514	7618.675699	7618.905637	7615.809691	7618.090239	7619.466	7620.317	1.0	2.0	1.0	1.0					
7624.376	7.505000000000109	trials	6.0	7628.598839	7630.554754	7631.555449	7631.779438	7627.800821	7630.883606			1.0	2.0	0.0	3.0					
7635.936	10.911000000000058	trials	6.0	7642.504583	7644.279968			7641.988441	7644.614692			2.0		1.0	1.0					
7651.381	5.173999999999978	trials	6.0	7653.0947830000005	7654.208512			7652.009096	7654.4374960000005			2.0		1.0	1.0					
7659.031	8.233000000000175	trials	6.0	7663.414597	7664.736986	7666.901324	7667.108536	7662.445715	7665.056392			1.0	2.0	0.0	3.0					
7670.276	8.395000000000437	trials	6.0	7673.948882000001	7675.836194	7676.940965	7677.1211	7673.269022	7676.293165	7677.656	7678.671	1.0	2.0	1.0	1.0					
7681.692	14.113999999999578	trials	6.0	7691.705593000001	7693.495452			7691.130425	7693.740459000001			2.0		1.0	1.0					
7700.326	6.164999999999964	trials	6.0	7702.654725	7704.476938			7701.66754	7704.468157			1.0		0.0	2.0					
7708.516	8.131000000000313	trials	6.0	7714.054349	7715.449211	7716.331751	7716.659132	7713.117772	7715.700295000001			1.0	2.0	0.0	3.0					
7718.701	17.045000000000073	trials	6.0	7732.3148980000005	7734.209924	7735.310072	7735.758040000001	7731.572347	7734.60788			1.0	2.0	0.0	3.0					
7737.676	18.31999999999971	trials	6.0	7750.714903	7751.911729	7754.369356	7754.643592	7750.069673	7753.614823	7755.056	7755.996	1.0	2.0	1.0	1.0					
7758.056	6.455000000000837	trials	6.0	7761.229363	7763.061878	7763.877001	7764.031979	7760.591093	7763.120461			1.0	2.0	0.0	3.0					
7766.192	23.079999999999927	trials	6.0	7780.104433	7781.814671	7787.472907	7787.693789	7779.249673	7782.267569	7788.238	7789.272	1.0	1.0	1.0	1.0					
7791.291	15.25500000000011	trials	6.0	7801.02025	7802.676889	7804.665977000001	7804.719938	7800.343276	7803.72296	7805.496	7806.546	1.0	1.0	1.0	1.0					
7808.607	7.585000000000036	trials	6.0	7811.399504	7813.137175			7810.649996	7813.979494			2.0		1.0	1.0					
7819.806	8.240000000000691	trials	6.0	7823.286491	7825.049908	7825.97045	7826.278339	7822.766405	7825.185433000001	7826.736	7828.046	1.0	2.0	1.0	1.0					
7830.912	12.10399999999936	trials	6.0	7833.411875	7835.04703	7841.231186	7841.449324	7832.821178	7836.279335	7842.022	7843.016	1.0	1.0	1.0	1.0					
7847.042	10.143999999999323	trials	6.0	7848.595045	7850.495065			7847.639119	7850.723123			2.0		1.0	1.0					
7857.306	4.110000000000582	trials	6.0	7859.349785	7859.423419000001			7857.199069	7859.409122			2.0		0.0	2.0					
7865.452	5.404999999999745	trials	6.0	7867.381015	7868.777077000001	7870.228569	7870.578846	7866.790448	7869.44978			1.0	2.0	0.0	3.0					
7874.577	10.85399999999936	trials	6.0	7881.74701	7882.884712	7883.890975	7884.09059	7881.084184	7883.288537	7884.692	7885.431	1.0	2.0	1.0	1.0					
7889.471	10.670000000000073	trials	6.0	7894.685407	7896.257335	7898.172343	7898.334329	7893.971525	7896.971053	7898.906	7900.141	1.0	1.0	1.0	1.0					
7902.202	8.779999999999745	trials	6.0	7907.046037	7908.431141			7906.421039	7908.9241010000005			2.0		1.0	1.0					
7913.516	5.485000000000582	trials	6.0	7915.420847	7917.003278			7914.734536	7916.991431			1.0		0.0	2.0					
7923.016	4.914999999999964	trials	6.0	7924.825232	7925.8779890000005	7926.715777	7926.787292	7923.037367	7925.873389			1.0		0.0	2.0					
7930.936	14.925000000000182	trials	6.0	7941.840985	7943.078128	7944.301285	7944.566033	7941.150311	7943.6012470000005	7945.016	7945.861	1.0	2.0	1.0	1.0					
7948.903	11.228000000000065	trials	6.0	7955.60065	7957.309229	7958.602649	7958.759071	7954.624105	7957.817876	7959.357	7960.131	1.0	2.0	1.0	1.0					
7964.232	6.423999999999978	trials	6.0	7965.770677	7967.249092	7968.313868	7968.541717	7964.852012	7967.627771	7969.001	7970.656	1.0	2.0	1.0	1.0					
7973.541	14.498999999999796	trials	6.0	7984.92611	7985.999353	7987.733795	7987.808765	7984.307457	7985.991463			1.0		0.0	2.0					
7991.051	6.364999999999782	trials	6.0	7993.320268	7994.847385			7992.170708	7995.229697000001			2.0		1.0	1.0					
8000.921	8.804999999999382	trials	6.0	8004.779233	8006.525167	8008.035908	8008.306012	8004.115414	8006.540411	8008.751	8009.726	1.0	2.0	1.0	1.0					
8011.741	6.6899999999996	trials	6.0	8014.626214	8015.921686			8013.679106	8016.36781			2.0		1.0	1.0					
8023.047	5.969000000000051	trials	6.0	8025.622469	8027.017994			8024.951365	8027.00992			1.0		0.0	2.0					
8032.071	9.914999999999964	trials	6.0	8034.586381	8036.222693			8033.78392	8036.638651			2.0		1.0	1.0					
8042.286	5.595000000000255	trials	6.0	8044.030807	8045.253023			8042.001097	8045.536321	8047.486	8047.881	2.0		1.0	1.0					
8050.952	13.304999999999382	trials	6.0	8060.075488	8061.212063	8062.614157	8062.858654	8059.395209	8061.705664	8063.261	8064.257	1.0	2.0	1.0	1.0					
8066.276	10.659999999999854	trials	6.0	8070.320624	8072.125328			8069.388943	8072.11085			1.0		0.0	2.0					
8078.182	10.925000000000182	trials	6.0	8084.615809	8086.602674	8088.465734	8088.652102	8083.822992	8087.692582			1.0	2.0	0.0	3.0					
8092.831	9.114999999999782	trials	6.0	8097.412816	8098.897985	8099.830451	8100.1801510000005	8096.61133	8099.241689	8100.476	8101.946	1.0	2.0	1.0	1.0					
8105.011	7.430999999999585	trials	6.0	8108.441213	8110.195412			8107.885130000001	8110.264187000001			2.0		1.0	1.0					
8116.022	8.885000000000218	trials	6.0	8119.487381	8120.958535	8123.084761	8123.316818	8118.9171320000005	8121.353618	8123.761	8124.907	1.0	2.0	1.0	1.0					
8127.84	28.516999999999825	trials	6.0	8129.8815890000005	8131.253215000001	8153.972572000001	8154.227195	8129.084273	8131.708061	8154.721	8156.357	1.0	1.0	1.0	1.0					
8157.919	14.342000000000553	trials	6.0	8168.691430000001	8170.264757	8171.970158	8172.275756	8167.721502	8170.255858			1.0		0.0	2.0					
8174.316	23.875999999999294	trials	6.0	8193.221572	8194.679851	8195.953465999999	8196.249156	8192.469107	8195.352725	8196.591	8198.192	1.0	2.0	1.0	1.0					
8200.251	6.440999999998894	trials	6.0	8202.961853	8204.195854			8202.062186	8204.484223			2.0		1.0	1.0					
8211.232	14.804000000000087	trials	6.0	8213.03125	8214.844097000001	8224.314287000001	8224.513466	8211.987748	8215.149229999999	8225.086	8226.036	1.0	1.0	1.0	1.0					
8228.101	5.5460000000002765	trials	6.0	8230.892125	8231.654009			8230.151425	8231.644645			1.0		0.0	2.0					
8236.701	7.387000000000626	trials	6.0	8241.432245	8242.657858999999	8243.725334	8244.097516	8240.84156	8243.08337			1.0	2.0	0.0	3.0					
8247.061	13.046000000000276	trials	6.0	8256.097882	8257.228529			8255.320154000001	8257.789082			2.0		1.0	1.0					
8262.571	8.951000000000931	trials	6.0	8267.092424	8268.629387	8269.709065	8270.013286000001	8266.413636000001	8268.992518	8270.601	8271.522	1.0	2.0	1.0	1.0					
8275.61	13.300999999999476	trials	6.0	8282.027436	8283.904021	8286.790946000001	8287.063547	8281.079523	8284.219474	8287.456	8288.911	1.0	2.0	1.0	1.0					
8291.647	5.553999999998268	trials	6.0	8294.382198	8295.714322	8296.892324	8297.205296	8293.436623	8296.170208			1.0	2.0	0.0	3.0					
8301.216	6.0349999999998545	trials	6.0	8302.951796000001	8304.989098	8306.947519000001	8307.159846999999	8302.049078	8306.059937			1.0	1.0	0.0	3.0					
8309.258	9.177999999999884	trials	6.0	8314.977282	8316.357626	8317.964502	8318.448107	8314.4573	8317.304156			1.0	2.0	0.0	3.0					
8320.276	8.229999999999563	trials	6.0	8323.538925	8324.653741	8326.794051	8327.09563	8322.758011	8325.222827	8327.601	8328.506	1.0	1.0	1.0	1.0					
8332.571	19.69000000000051	trials	6.0	8346.832634	8348.078942	8350.448302	8350.637754	8346.045521	8349.322245	8351.147	8352.261	1.0	1.0	1.0	1.0					
8356.281	5.279999999998836	trials	6.0	8358.249292	8359.564297	8360.644573	8360.784524	8357.001324	8359.553069			1.0		0.0	2.0					
8365.571	5.670000000000073	trials	6.0	8367.467659	8368.743665			8365.645983	8369.163274			2.0		1.0	1.0					
8374.808	7.367999999998574	trials	6.0	8376.762508	8378.733353	8380.293682	8380.548633	8375.692428	8379.544652	8381.031	8382.176	1.0	2.0	1.0	1.0					
8386.093	11.973999999998341	trials	6.0	8392.138159	8394.038669	8394.92964	8395.043036	8391.171934	8394.150845			1.0	2.0	0.0	3.0					
8398.296	7.2150000000001455	trials	6.0	8400.08452	8401.194228	8403.970551	8404.185568	8398.862632	8402.370047	8404.721	8405.511	1.0	2.0	1.0	1.0					
8407.556	7.414999999999054	trials	6.0	8411.569009	8413.037829	8414.670712	8414.844718	8410.901055	8413.807379			1.0	2.0	0.0	3.0					
8419.017	59.13900000000103	trials	6.0	8474.013782	8475.559894			8473.312030000001	8475.896669			2.0		1.0	1.0					
8480.702	9.864999999999782	trials	6.0	8486.749831000001	8488.573842			8485.974118	8488.564696			1.0		0.0	2.0					
8492.617	7.4650000000001455	trials	6.0	8495.992434	8497.323715	8498.49334	8498.779172	8495.270070999999	8497.709335	8499.192	8500.082	1.0	2.0	1.0	1.0					
8504.107	6.59900000000016	trials	6.0	8506.664794	8508.365035			8506.06372	8508.523766			2.0		1.0	1.0					
8515.176	6.360000000000582	trials	6.0	8517.348529	8518.270301			8516.670969	8518.266529			1.0		0.0	2.0					
8522.376	14.319999999999709	trials	6.0	8531.242814000001	8533.005069	8534.407363	8534.680744000001	8530.258178	8533.4746			1.0	2.0	0.0	3.0					
8537.781	9.179999999998472	trials	6.0	8543.063259999999	8544.230132	8546.528684	8546.977431	8542.501052	8545.791557			1.0	2.0	0.0	3.0					
8548.887	5.938999999998487	trials	6.0	8550.608005	8552.230294			8549.514946	8552.63722			2.0		1.0	1.0					
8557.306	8.789999999999054	trials	6.0	8561.603495	8563.182656	8565.767614	8566.090676	8560.804793	8564.90803			1.0	2.0	0.0	3.0					
8569.081	6.040999999999258	trials	6.0	8570.813554	8572.135382	8573.44421	8573.684636	8569.164515	8572.774943	8574.046	8575.122	1.0	2.0	1.0	1.0					
8577.141	37.905000000000655	trials	6.0	8609.429528	8611.37627	8613.025271	8613.278537	8608.527763	8611.97834	8613.811	8615.046	1.0	1.0	1.0	1.0					
8618.981	9.354999999999563	trials	6.0	8623.308735999999	8624.647556	8626.629562	8626.822009	8622.403199	8625.274199	8627.576	8628.336	1.0	1.0	1.0	1.0					
8631.406	11.099999999998545	trials	6.0	8634.098928	8636.010624999999	8640.67841	8640.836446000001	8633.421059	8636.041487	8641.341	8642.506	1.0	1.0	1.0	1.0					
8644.578	14.19800000000032	trials	6.0	8652.759569	8654.286572	8656.853127	8657.112979	8652.056228	8655.032033	8657.732	8658.776	1.0	1.0	1.0	1.0					
8662.837	11.819000000001324	trials	6.0	8665.009415	8666.140767	8672.738768	8672.966269	8664.467983	8666.801993000001	8673.471	8674.656	1.0	1.0	1.0	1.0					
8677.722	12.97400000000016	trials	6.0	8684.648871000001	8686.08689	8688.958708	8689.048637	8684.016049	8687.07629	8689.692	8690.696	1.0	1.0	1.0	1.0					
8692.761	13.180999999998676	trials	6.0	8701.645529	8702.886104000001			8700.975392	8703.754638			2.0		1.0	1.0					
8709.418	8.798000000000684	trials	6.0	8712.644257	8714.095921	8717.7306	8717.750227	8711.758715	8714.602268			1.0	1.0	0.0	3.0					
8722.264	7.552999999999884	trials	6.0	8724.228901	8725.546603	8728.012766	8728.147787	8722.815354	8726.23206	8728.716	8729.817	1.0	1.0	1.0	1.0					
8732.886	6.579999999999927	trials	6.0	8736.024589	8737.160695			8735.341928	8737.436239			2.0		1.0	1.0					
8742.997	9.629000000000815	trials	6.0	8744.609083	8745.725860999999	8750.675663	8750.715478	8743.264772	8746.456499	8751.351	8752.626	1.0	1.0	1.0	1.0					
8754.647	8.923999999999069	trials	6.0	8757.889199000001	8758.813088			8756.956307	8758.800449			1.0		0.0	2.0					
8763.862	5.114000000001397	trials	6.0	8765.93905	8766.981746	8767.959802000001	8768.146589	8763.588176000001	8766.969164			1.0		0.0	2.0					
8771.982	13.60399999999936	trials	6.0	8780.52895	8782.545596	8783.967605	8784.237248	8779.626209	8782.957358	8784.696	8785.586	1.0	2.0	1.0	1.0					
8789.611	5.7959999999984575	trials	6.0	8791.290797	8792.845641			8789.823215	8793.295168			2.0		1.0	1.0					
8799.901	9.485000000000582	trials	6.0	8803.501252	8804.981293	8807.032094	8807.203748	8802.827657	8805.994488	8807.857	8809.386	1.0	1.0	1.0	1.0					
8813.406	10.344999999999345	trials	6.0	8815.104313	8816.901227			8814.574906	8817.207326			2.0		1.0	1.0					
8823.931	4.949999999998909	trials	6.0	8825.925238	8826.886889000001			8823.76852	8826.881245			1.0		0.0	2.0					
8831.886	7.699999999998909	trials	6.0	8835.134663	8836.749792999999			8834.220842	8837.25535			2.0		1.0	1.0					
8842.038	19.028000000000247	trials	6.0	8844.800134000001	8845.87799	8859.123237	8859.305374	8843.849112	8846.610272	8859.796	8861.066	1.0	1.0	1.0	1.0					
8863.082	5.53099999999904	trials	6.0	8865.609926000001	8866.61123			8864.825959	8866.599358			1.0		0.0	2.0					
8871.621	21.950000000000728	trials	6.0	8890.324541	8892.221397000001	8893.168276	8893.585883	8889.800005000001	8892.317084			1.0	2.0	0.0	3.0					
8895.476	7.579999999999927	trials	6.0	8898.759967	8899.781467	8901.469421	8901.543826000001	8897.822877999999	8900.607812	8902.179	8903.056	1.0	2.0	1.0	1.0					
8905.166	7.65099999999984	trials	6.0	8907.853013	8909.293145	8911.184843	8911.402603	8907.251254	8910.234013000001	8912.032	8912.817	1.0	2.0	1.0	1.0					
8914.84	6.235999999998967	trials	6.0	8917.444995	8918.531543000001			8916.911816	8918.986307			2.0		1.0	1.0					
8923.611	18.609999999998763	trials	6.0	8934.670703	8936.26239	8937.169013	8937.261721	8933.932614000001	8936.259482			1.0		0.0	2.0					
8942.371	5.690000000000509	trials	6.0	8944.180587	8945.267128			8942.23826	8945.848357			2.0		1.0	1.0					
8950.631	10.095000000001164	trials	6.0	8955.989757	8957.423267	8958.785384	8959.041217	8955.339962	8957.912965	8959.471	8960.726	1.0	2.0	1.0	1.0					
8964.758	5.5239999999994325	trials	6.0	8966.825015	8968.290755			8965.90052	8968.283612			1.0		0.0	2.0					
8974.336	7.389000000001033	trials	6.0	8976.904835000001	8978.876165			8976.25568	8979.611071			2.0		1.0	1.0					
8985.246	4.75	trials	6.0	8986.845332	8988.003917			8985.823079	8987.999485			1.0		0.0	2.0					
8992.028	12.987999999999374	trials	6.0	9000.824879	9002.752829000001	9004.714095	9005.010581	9000.238777999999	9003.695759			1.0	2.0	0.0	3.0					
9008.046	6.639999999999418	trials	6.0	9010.522022000001	9011.616962	9012.945377	9013.225567	9009.630901	9012.211595	9013.601	9014.686	1.0	2.0	1.0	1.0					
9017.703	16.093000000000757	trials	6.0	9030.740534	9032.062139	9033.496155	9033.736482	9029.745919	9032.690914			1.0	2.0	0.0	3.0					
9037.853	4.408000000001266	trials	6.0	9039.751808	9041.082977	9041.960801000001	9042.197734000001	9038.772357	9041.129187999999			1.0	1.0	0.0	3.0					
9045.32	15.207000000000335	trials	6.0	9057.190702	9059.137483	9060.155248	9060.538831	9056.384482	9059.464351999999			1.0	2.0	0.0	3.0					
9063.536	5.8799999999992	trials	6.0	9065.752301	9067.127837	9069.095038	9069.288248	9065.04142	9068.336133			1.0	2.0	0.0	3.0					
9073.426	6.585000000000946	trials	6.0	9077.056084	9078.665213	9079.691195	9079.943519	9076.213240000001	9078.977662000001			1.0	2.0	0.0	3.0					
9083.022	17.23399999999856	trials	6.0	9096.52594	9098.356921	9099.950678000001	9100.208068	9095.744078	9098.754214			1.0	2.0	0.0	3.0					
9102.266	15.985000000000582	trials	6.0	9112.252375	9114.152855			9111.374972	9114.145457			1.0		0.0	2.0					
9120.153	15.619000000000597	trials	6.0	9132.615578	9133.723511			9131.840875	9133.712062			1.0		0.0	2.0					
9137.781	49.115999999999985	trials	6.0	9182.869960999999	9184.381684999998	9185.029641999998	9185.247070999998	9181.879126999998	9184.315051999998	9185.716	9186.897	1.0	1.0	1.0	1.0					
9190.966	8.350999999998749	trials	6.0	9195.586	9196.832674	9198.785494999998	9198.900091999998	9194.725024999998	9197.626358999998			1.0	2.0	0.0	3.0					
9202.126	10.844999999999345	trials	6.0	9207.964552999998	9209.769279999999	9211.176984999998	9211.415083999998	9207.424732999998	9210.375833999999	9211.971	9212.971	1.0	1.0	1.0	1.0					
9215.991	10.385000000000218	trials	6.0	9222.571218999998	9223.815193999999			9221.656024999998	9224.114361999998			2.0		1.0	1.0					
9228.888	11.737999999999374	trials	6.0	9236.129968	9237.613436999998			9235.251876999999	9238.604050999998			2.0		1.0	1.0					
9244.182	29.71899999999914	trials	6.0	9268.674760999998	9269.841787999998			9268.158859999998	9271.764092			2.0		1.0	1.0					
9276.466	9.806000000000495	trials	6.0	9280.719775999998	9281.872333	9283.855290999998	9284.033061999999	9279.950566999998	9282.92219	9284.506	9286.272	1.0	1.0	1.0	1.0					
9288.956	7.424999999999272	trials	6.0	9291.822081999999	9293.778574999998			9290.899978999998	9294.073005999999			2.0		1.0	1.0					
9300.841	11.914999999999054	trials	6.0	9304.571865999998	9306.101491	9310.866261999998	9311.153274999999	9303.82636	9306.636660999999	9311.721	9312.756	1.0	1.0	1.0	1.0					
9314.826	13.175000000001091	trials	6.0	9320.340578	9321.662380999998	9326.299008999998	9326.464385999998	9319.556905999998	9322.273564999998	9327.051	9328.001	1.0	1.0	1.0	1.0					
9330.067	8.580000000001746	trials	6.0	9332.465710999999	9334.455241999998	9336.454276999999	9336.533849	9331.825549999998	9335.152252999998	9337.111	9338.647	1.0	1.0	1.0	1.0					
9341.539	6.476999999998952	trials	6.0	9343.770249999998	9345.203103999998			9343.058135999998	9345.716813			2.0		1.0	1.0					
9350.533	14.00799999999981	trials	6.0	9361.170347	9362.533464999999			9360.177724999998	9362.524186999999			1.0		0.0	2.0					
9368.551	7.075000000000728	trials	6.0	9371.500412	9372.903753999999	9373.871061999998	9374.064015999998	9370.653481	9373.068119999998	9374.586	9375.626	1.0	2.0	1.0	1.0					
9377.642	12.397000000000844	trials	6.0	9385.925599999999	9387.521773999999			9385.229833999998	9387.887730999999			2.0		1.0	1.0					
9393.575	93.85599999999977	trials	6.0	9484.375956999998	9485.368887999999			9483.730597999998	9485.359174999998			1.0		0.0	2.0					
9491.436	5.825000000000728	trials	6.0	9493.277716999999	9494.602648999999	9495.517208	9495.818152999998	9491.712694999998	9494.976791	9496.186	9497.261	1.0	2.0	1.0	1.0					
9500.296	10.235000000000582	trials	6.0	9505.302670999998	9507.479005	9508.602100999999	9508.826398999998	9504.684288999999	9507.813165999998	9509.371	9510.531	1.0	2.0	1.0	1.0					
9512.551	8.390999999999622	trials	6.0	9516.225814999998	9517.592488999999	9520.615435999998	9520.822240999998	9515.237638999999	9519.172606999999			1.0	1.0	0.0	3.0					
9523.996	10.151000000001659	trials	6.0	9530.277821999998	9531.352836999999	9532.401243999999	9532.642654	9529.344312999998	9531.751433999998	9533.201	9534.147	1.0	2.0	1.0	1.0					
9538.251	7.139999999999418	trials	6.0	9541.742101999998	9543.739470999999	9545.081019999998	9545.276725999998	9540.927361999999	9544.244251999999			1.0	2.0	0.0	3.0					
9549.477	8.953999999999724	trials	6.0	9552.756534999999	9554.235426	9556.526173999999	9556.717063999999	9552.102063999999	9555.476724999999	9557.206	9558.431	1.0	1.0	1.0	1.0					
9562.513	5.303999999998268	trials	6.0	9564.316254	9565.753611999999			9563.752542999999	9565.750200999999			1.0		0.0	2.0					
9570.876	37.95499999999993	trials	6.0	9605.752236999999	9607.501371999999	9608.513104999998	9608.718318	9604.91924	9607.756381			1.0	2.0	0.0	3.0					
9611.842	8.503999999998996	trials	6.0	9613.573063999998	9614.961739999999	9617.188261999998	9617.411301999999	9612.659502999999	9616.244601999999	9618.009	9620.346	1.0	1.0	1.0	1.0					
9623.317	8.369000000000597	trials	6.0	9626.857356999999	9628.253276	9630.066115999998	9630.118487999998	9626.076732999998	9628.705075999998	9630.732	9631.686	1.0	1.0	1.0	1.0					
9635.757	15.588999999999942	trials	6.0	9637.613843	9639.085147999998	9649.651999999998	9649.717021999999	9636.350944999998	9639.43321	9650.397	9651.346	1.0	1.0	1.0	1.0					
9655.386	9.774999999999636	trials	6.0	9657.051634999998	9658.643342	9663.161510999998	9663.343057999999	9655.773672999998	9658.712926999999	9663.891	9665.161	1.0	1.0	1.0	1.0					
9667.181	6.699999999998909	trials	6.0	9671.057404999998	9671.874178999999			9670.358363	9671.867212999998			1.0		0.0	2.0					
9675.891	5.860000000000582	trials	6.0	9677.867079999998	9679.441313			9676.493015999999	9679.523224999999			2.0		1.0	1.0					
9686.281	5.139999999999418	trials	6.0	9687.931861	9689.825166999999	9691.102402999999	9691.362632999999	9686.655711999998	9690.209769999998			1.0	2.0	0.0	3.0					
9695.472	9.324000000000524	trials	6.0	9700.507189999998	9702.233273999998			9699.862147999998	9702.675995999998			2.0		1.0	1.0					
9707.303	7.063000000000102	trials	6.0	9710.077575999998	9711.548320999998			9709.466137999998	9712.059315999999			2.0		1.0	1.0					
9716.831	13.520000000000437	trials	6.0	9721.072801999999	9722.394937	9728.525950999998	9728.673217999998	9720.441987999999	9723.562842	9729.226	9730.351	1.0	1.0	1.0	1.0					
9733.371	50.67500000000109	trials	6.0	9780.867777	9781.979005			9779.932170999999	9781.971970999999			1.0		0.0	2.0					
9787.096	16.829999999999927	trials	6.0	9800.007886999998	9801.602268999999			9799.069477999998	9801.604639999998			2.0		1.0	1.0					
9808.397	6.544999999998254	trials	6.0	9811.703897	9812.939293			9811.059550999998	9812.930703999999			1.0		0.0	2.0					
9817.951	4.895000000000437	trials	6.0	9819.962837	9821.270072	9822.426957999998	9822.851021999999	9818.826548	9821.694808999999			1.0	2.0	0.0	3.0					
9824.736	6.809999999999491	trials	6.0	9826.847629999998	9828.651888999999	9829.944008999999	9830.110926	9826.205440999998	9829.158216999998	9830.781	9831.546	1.0	2.0	1.0	1.0					
9833.567	27.369000000000597	trials	6.0	9856.582927999998	9858.624217999999			9855.998157999999	9858.803050999999			2.0		1.0	1.0					
9863.456	9.691000000000713	trials	6.0	9868.466739	9870.559210999998	9871.4528	9871.633699999998	9867.489819999999	9870.788196999998	9872.171	9873.147	1.0	2.0	1.0	1.0					
9875.047	8.128999999998996	trials	6.0	9879.593003999998	9881.170917999998			9878.942614999998	9881.164348999999			2.0		0.0	2.0					
9886.186	11.765999999999622	trials	6.0	9894.022749999998	9895.944759999998			9893.193914999998	9895.941803999998			1.0		0.0	2.0					
9901.01	23.15099999999984	trials	6.0	9921.449325999998	9922.827759999998	9923.838124999998	9924.128195	9920.673422999998	9923.123306999998			1.0	2.0	0.0	3.0					
9927.171	20.935999999999694	trials	6.0	9937.498660999998	9939.297954999998	9945.986018999998	9946.310961999998	9936.826407999999	9939.710361999998			1.0	1.0	0.0	3.0					
9950.316	4.875999999998385	trials	6.0	9951.898513999999	9953.189397999999			9948.109781	9953.180738			1.0		0.0	2.0					
9958.201	16.725000000000364	trials	6.0	9969.803111	9971.252863999998	9973.253901999999	9973.432180999998	9968.891359	9972.088479999999	9974.067	9974.926	1.0	1.0	1.0	1.0					
9976.986	21.972999999999956	trials	6.0	9996.078832999998	9997.425037999998	9998.594662999998	9998.772873999998	9995.406958999998	9997.861756999999			1.0	2.0	0.0	3.0					
10003.016	20.7450000000008	trials	6.0	10018.669263999998	10020.492733	10022.004296	10022.249745	10017.686026999998	10021.030845999998	10022.741	10023.761	1.0	1.0	1.0	1.0					
10027.781	8.819999999999709	trials	6.0	10030.704129999998	10032.356762	10034.529415999998	10034.764872999998	10029.746728999999	10032.939708999998	10035.256	10036.601	1.0	1.0	1.0	1.0					
10039.516	7.050999999999476	trials	6.0	10042.030740999999	10044.057114			10041.258821	10044.330961999998			2.0		1.0	1.0					
10050.156	10.339999999998327	trials	6.0	10056.059107999998	10057.920379999998			10055.079979999999	10058.299387			2.0		1.0	1.0					
10062.991	9.860000000000582	trials	6.0	10069.164003999998	10070.342830999998			10068.232150999998	10070.681784999999			2.0		1.0	1.0					
10075.406	20.075999999999112	trials	6.0	10089.768858999998	10091.407291999998	10095.171751999998	10095.379703999999	10089.11776	10091.996493999999			1.0	1.0	0.0	3.0					
10097.541	6.645000000000437	trials	6.0	10100.308614999998	10102.079478999998	10103.86754	10104.105678999998	10099.555683999999	10102.961110999999			1.0	2.0	0.0	3.0					
10107.196	8.5049999999992	trials	6.0	10110.318377999998	10111.765749999999	10114.092413999999	10114.152439999998	10109.805091999999	10113.278653	10114.851	10115.701	1.0	2.0	1.0	1.0					
10118.736	7.799999999999272	trials	6.0	10120.629466999999	10122.451233999998	10124.563954	10124.639346999998	10119.989137999999	10122.766015	10125.251	10126.536	1.0	1.0	1.0	1.0					
10130.432	6.513999999999214	trials	6.0	10133.273609999998	10134.946095999998			10132.660597999999	10134.933969999998			1.0		0.0	2.0					
10140.991	9.656000000000859	trials	6.0	10146.959495	10148.393911999998			10146.336182	10148.641862999999			2.0		1.0	1.0					
10153.221	10.114999999999782	trials	6.0	10155.534821999998	10156.878291999998	10161.407292999998	10161.626143999998	10154.777100999998	10157.354306	10162.161	10163.336	1.0	1.0	1.0	1.0					
10166.359	7.386999999998807	trials	6.0	10168.309382	10169.937380999998	10171.885536999998	10171.964149	10167.473906	10170.625195999999	10172.591	10173.746	1.0	1.0	1.0	1.0					
10177.811	10.130999999999403	trials	6.0	10184.764146999998	10185.871947999998			10183.946844999999	10185.864984999998			1.0		0.0	2.0					
10189.986	7.3799999999992	trials	6.0	10192.590127	10194.452797999998	10195.477620999998	10195.697559999999	10191.680131	10194.715300999998	10196.107	10197.366	1.0	2.0	1.0	1.0					
10199.306	9.430000000000291	trials	6.0	10205.374842999998	10206.736008999998			10204.630765999998	10206.726814999998			1.0		0.0	2.0					
10212.781	7.731999999999971	trials	6.0	10214.344399999998	10215.781009999999			10212.856385	10215.769846			2.0		0.0	2.0					
10220.791	6.320000000001528	trials	6.0	10222.934238999998	10224.552289			10220.519025999998	10224.900789999998			2.0		1.0	1.0					
10229.576	15.515000000001237	trials	6.0	10241.285829999999	10243.08716			10240.601073999998	10243.081419999999			1.0		0.0	2.0					
10247.141	7.559999999999491	trials	6.0	10251.455348	10253.086941999998	10254.175077999998	10254.707004999998	10250.766270999999	10253.56958			1.0	2.0	0.0	3.0					
10257.568	23.668000000001484	trials	6.0	10277.88086	10279.861291999998	10280.930581999999	10281.162321999998	10277.194500999998	10280.158441999998			1.0	2.0	0.0	3.0					
10283.247	31.564000000000306	trials	6.0	10300.564746999999	10301.663476999998	10309.190596999999	10309.426753999998	10299.571107999998	10302.116967999998	10309.926	10311.067	1.0	1.0	1.0	1.0					
10315.131	6.829999999999927	trials	6.0	10316.920697999998	10317.361804999999			10314.816870999999	10317.356182			1.0		0.0	2.0					
10322.475	7.411000000000058	trials	6.0	10324.605313999999	10324.682238999998	10325.548334	10325.846704999998	10321.967820999998	10324.67672			1.0		0.0	2.0					
10330.736	18.389999999999418	trials	6.0	10344.510454999998	10346.080256	10347.493741999999	10347.765684999998	10343.949520999999	10346.854636999999	10348.388	10349.126	1.0	2.0	1.0	1.0					
10352.156	8.154999999998836	trials	6.0	10354.540944999999	10356.461860999998	10358.180191	10358.348246999998	10353.573336999998	10356.996629	10358.833	10360.311	1.0	1.0	1.0	1.0					
10363.016	10.290000000000873	trials	6.0	10368.375671999998	10369.984765	10371.459259	10371.550653999999	10367.531833999998	10370.744530999998	10372.226	10373.306	1.0	1.0	1.0	1.0					
10376.385	5.28099999999904	trials	6.0	10379.189967999999	10379.611633999999			10378.222618999998	10379.597419999998			1.0		0.0	2.0					
10385.676	7.993000000000393	trials	6.0	10387.670857	10389.136795999999	10391.644060999999	10391.989656999998	10386.870619999998	10389.406180999998	10392.531	10393.669	1.0	1.0	1.0	1.0					
10396.736	15.769999999998618	trials	6.0	10406.130981999999	10407.744297999998			10405.180938999998	10407.736703999999			1.0		0.0	2.0					
10413.801	4.625	trials	6.0	10415.465999999999	10416.423485999998			10412.510584999998	10416.410743999999			1.0		0.0	2.0					
10422.441	28.734999999998763	trials	6.0	10447.091233	10448.543106999998	10449.642087999999	10449.841762999999	10446.216376999999	10448.542225999998	10450.491	10451.176	1.0	2.0	1.0	1.0					
10453.221	6.569999999999709	trials	6.0	10457.095695999998	10457.788530999998			10456.215291999999	10457.774115999999			1.0		0.0	2.0					
10461.801	10.68500000000131	trials	6.0	10468.850847999998	10469.977401999999			10468.166844999998	10470.268963999999			2.0		1.0	1.0					
10476.091	11.0	trials	6.0	10483.856799	10485.529383999998	10486.776087999999	10487.023447999998	10482.899427999999	10485.928939999998			1.0	2.0	0.0	3.0					
10491.138	65.62299999999959	trials	6.0	10553.106031999998	10554.308935999998	10555.657261999999	10555.886418999999	10552.295886999998	10554.803272999998			1.0	1.0	1.0	1.0					
10560.216	11.994999999998981	trials	6.0	10568.792347999999	10570.209785			10568.255473999998	10570.206578999998			1.0		0.0	2.0					
10575.221	26.23999999999978	trials	6.0	10597.386492999998	10598.958808999998			10596.664882999998	10599.303994999998			2.0		1.0	1.0					
10605.988	5.927000000001499	trials	6.0	10607.676765999999	10608.907324999998			10606.966255	10609.754431999998			2.0		1.0	1.0					
10614.512	10.135000000000218	trials	6.0	10620.691573999999	10622.256777999999	10624.315228	10624.510264999999	10619.846958999999	10622.887492999998			1.0	2.0	0.0	3.0					
10628.656	7.294999999998254	trials	6.0	10630.578673999999	10632.419941999999	10633.492916	10633.673116999998	10629.193471999999	10632.730751	10634.296	10635.951	1.0	1.0	1.0	1.0					
10639.066	7.824999999998909	trials	6.0	10642.292481999999	10643.520886999999	10645.127083999998	10645.171740999998	10641.673725999999	10643.605839999998	10645.851	10646.891	1.0	1.0	1.0	1.0					
10648.911	7.430000000000291	trials	6.0	10652.797440999999	10654.339594			10651.843347999999	10654.323832999999			1.0		0.0	2.0					
10658.358	4.8989999999994325	trials	6.0	10660.136943999998	10661.250913999998			10659.000734	10661.242105999998			1.0		0.0	2.0					
10667.272	7.138999999999214	trials	6.0	10669.328547999998	10671.020944999998	10672.490875999998	10672.593007	10668.353199	10671.521678	10673.196	10674.411	1.0	2.0	1.0	1.0					
10677.286	10.579999999999927	trials	6.0	10684.142131999999	10685.359792999998			10683.466816999999	10685.617693999999			2.0		1.0	1.0					
10692.438	8.052999999999884	trials	6.0	10695.972625999999	10697.455606999998	10698.769909999999	10698.841123999999	10695.384612999998	10697.734218999998	10699.476	10700.491	1.0	2.0	1.0	1.0					
10702.556	6.225000000000364	trials	6.0	10705.592596999999	10706.729137999999			10704.962629999998	10706.725278999998			2.0		0.0	2.0					
10711.836	7.739999999999782	trials	6.0	10713.932550999998	10715.666610999999	10717.383091999998	10717.620936999998	10712.093614999998	10715.636942	10718.011	10719.576	1.0	1.0	1.0	1.0					
10721.306	13.425999999999476	trials	6.0	10730.772213999999	10732.223434999998			10730.197030999998	10732.724647			2.0		1.0	1.0					
10737.301	7.610000000000582	trials	6.0	10741.337779999998	10742.844704	10744.601786	10744.682706999998	10740.773766999999	10743.498070999998			1.0	1.0	0.0	3.0					
10746.921	8.574999999998909	trials	6.0	10750.317040999998	10751.483391999998	10754.436184999999	10754.628075999999	10749.507525999998	10753.326129999998			1.0	1.0	1.0	1.0					
10759.006	9.89100000000144	trials	6.0	10765.477652999998	10766.831029999998			10764.661987	10766.823034999998			1.0		0.0	2.0					
10772.906	8.019999999998618	trials	6.0	10778.177556999999	10778.925325999999	10779.699535999998	10779.928230999998	10777.464066999999	10778.915344			1.0		0.0	2.0					
10782.981	8.594999999999345	trials	6.0	10788.552628999998	10789.884954999998	10791.190942	10791.584203999999	10787.957346	10790.416111999999			1.0	2.0	0.0	3.0					
10795.503	13.13799999999901	trials	6.0	10805.147436999998	10806.640961	10808.486370999999	10808.596354999998	10804.151719999998	10806.633294999998			1.0		0.0	2.0					
10810.696	8.989999999999782	trials	6.0	10815.437716999999	10817.084872			10814.736045999998	10817.451814999999			2.0		1.0	1.0					
10824.156	12.274999999999636	trials	6.0	10826.253331999998	10827.908445999998	10834.347569999998	10834.664877999998	10825.453059999998	10828.528065999999	10835.317	10836.431	1.0	1.0	1.0	1.0					
10839.467	10.273999999999432	trials	6.0	10845.853061999998	10847.423583999998			10844.870974999998	10847.656120999998			2.0		1.0	1.0					
10854.251	10.924999999999272	trials	6.0	10859.023329999998	10860.479929999998	10863.39446	10863.605787999999	10858.080066999999	10861.267987999998	10864.126	10865.176	1.0	1.0	1.0	1.0					
10867.231	7.710999999999331	trials	6.0	10872.067871	10872.944895999999			10871.226045999998	10872.941947999998			1.0		0.0	2.0					
10878.996	18.361000000000786	trials	6.0	10892.273118999998	10893.969728999999	10895.148879999999	10895.261813	10891.541127999999	10894.265688999998	10895.901	10897.357	1.0	2.0	1.0	1.0					
10900.376	7.480999999999767	trials	6.0	10902.692899999998	10904.466595999998	10906.002891999999	10906.101445999999	10902.035317999998	10904.971711999999	10906.726	10907.857	1.0	2.0	1.0	1.0					
10910.891	12.444999999999709	trials	6.0	10919.830052	10921.723129999998	10923.018073999998	10923.074707999998	10918.922079999998	10922.125358			1.0	2.0	0.0	3.0					
10927.346	10.43500000000131	trials	6.0	10930.433700999998	10931.690303	10935.866145999998	10936.089397999998	10929.727613	10934.104825999999	10936.531	10937.781	1.0	1.0	1.0	1.0					
10939.796	13.674999999999272	trials	6.0	10948.079901999998	10949.202492999999	10951.474306999999	10951.713079	10947.355898999998	10950.578561999999	10952.246	10953.471	1.0	2.0	1.0	1.0					
10956.536	5.625	trials	6.0	10958.544004	10960.162339999999			10957.294458999999	10960.154728999998			2.0		0.0	2.0					
10964.176	7.280000000000655	trials	6.0	10965.878998999999	10967.943369999999	10969.452969999998	10969.634329999999	10965.052355999998	10968.539131999998	10970.121	10971.456	1.0	1.0	1.0	1.0					
10974.482	9.0	trials	6.0	10976.995076	10978.669263999998	10980.608533999999	10980.717325999998	10976.441746999999	10979.337178999998	10981.397	10983.482	1.0	1.0	1.0	1.0					
10987.406	24.899999999999636	trials	6.0	11006.889148999999	11008.747284999998			11005.998366999998	11010.170347			2.0		1.0	1.0					
11015.791	11.645000000000437	trials	6.0	11019.830449999998	11021.048665999999	11025.554282	11025.789868999998	11019.189591999999	11021.679205999999	11026.306	11027.436	1.0	1.0	1.0	1.0					
11030.517	7.7150000000001455	trials	6.0	11033.209515999999	11034.614499999998	11036.299707999999	11036.365864	11032.595752999998	11034.7601	11037.022	11038.232	1.0	1.0	1.0	1.0					
11040.116	6.979999999999563	trials	6.0	11043.330393999999	11045.046328999999			11042.584275999998	11045.041312999998			1.0		0.0	2.0					
11050.106	21.791000000001077	trials	6.0	11068.749547	11069.896797999998			11068.131883999999	11069.884407999998			2.0		0.0	2.0					
11073.935	6.3510000000005675	trials	6.0	11075.830653999998	11077.122511999998	11078.347891999998	11078.499057999998	11074.795363999998	11077.458031999999	11079.091	11080.286	1.0	1.0	1.0	1.0					
11084.325	8.447000000000116	trials	6.0	11089.029451999999	11090.222679999999			11088.072387999999	11090.590783999998			2.0		1.0	1.0					
11095.241	6.975000000000364	trials	6.0	11099.169813999999	11100.166657999998			11098.407358999999	11100.162029			1.0		0.0	2.0					
11104.231	10.479999999999563	trials	6.0	11109.104494	11110.976079999999	11112.682783999999	11112.970356999998	11108.352533	11111.620871			1.0	2.0	0.0	3.0					
11116.046	5.555000000000291	trials	6.0	11117.589901	11118.669084999998	11119.647095999999	11119.854553	11114.720152999998	11118.772415	11120.506	11121.601	1.0	1.0	1.0	1.0					
11124.621	9.611000000000786	trials	6.0	11130.350058999999	11131.427862999999			11129.546430999999	11131.933917999999			2.0		1.0	1.0					
11136.742	71.57499999999891	trials	6.0	11204.125606999998	11205.212316999998	11206.517166999998	11206.744212999998	11203.390645	11205.519852999998	11207.441	11208.317	1.0	2.0	1.0	1.0					
11212.411	7.545000000000073	trials	6.0	11214.960421999998	11216.651424999998	11218.047256999998	11218.232992	11214.062707	11216.797198999999	11218.817	11219.956	1.0	1.0	1.0	1.0					
11224.001	4.864999999999782	trials	6.0	11225.600212999998	11226.816802999998			11224.332100999998	11226.812931999999			1.0		0.0	2.0					
11230.917	22.114000000001397	trials	6.0	11244.581793999998	11246.361889999998			11243.671776	11246.589435999998			2.0		1.0	1.0					
11253.176	6.230000000001382	trials	6.0	11255.190060999998	11256.852205			11253.044943999997	11257.157398			2.0		1.0	1.0					
11263.921	14.592000000000553	trials	6.0	11275.364918	11276.697135999999	11278.161420999999	11278.460593999998	11274.483841999998	11277.273664999999			1.0	1.0	0.0	3.0					
11280.572	7.168999999999869	trials	6.0	11282.650570999998	11284.562606	11285.957381999999	11286.236965999999	11281.778940999999	11284.962076999998	11286.591	11287.741	1.0	2.0	1.0	1.0					
11291.846	8.579999999999927	trials	6.0	11293.425811999998	11295.152468999999	11298.463393999999	11298.567235999999	11292.444451999998	11295.242876999999	11299.071	11300.426	1.0	1.0	1.0	1.0					
11302.491	10.040000000000873	trials	6.0	11307.651070999998	11309.821412999998	11310.845848999998	11310.978476999999	11306.938681999998	11309.88245	11311.576	11312.531	1.0	2.0	1.0	1.0					
11314.554	10.852000000000771	trials	6.0	11317.490131999999	11318.837932999999	11325.080664	11325.203726999998	11316.546706	11319.459604999998			1.0	1.0	0.0	3.0					
11328.461	22.485000000000582	trials	6.0	11346.542254999998	11347.885217			11345.91548	11348.880750999999			2.0		1.0	1.0					
11354.472	5.889000000001033	trials	6.0	11356.046466999998	11357.85832			11355.017208999998	11358.264215			2.0		1.0	1.0					
11362.876	8.3799999999992	trials	6.0	11365.787476999998	11367.787654999998	11369.426724999998	11369.475117999998	11365.212812999998	11368.475833999999	11370.121	11371.256	1.0	1.0	1.0	1.0					
11373.321	12.299999999999272	trials	6.0	11378.030497999998	11379.887739999998			11377.170298999998	11380.343524999998			2.0		1.0	1.0					
11385.961	4.9950000000008	trials	6.0	11387.516260999999	11388.903111			11385.631051999999	11388.892120999999			1.0		0.0	2.0					
11393.986	8.549999999999272	trials	6.0	11397.662825	11399.407911999999	11400.657169999999	11400.884022999999	11396.828117	11399.668989999998	11401.426	11402.536	1.0	2.0	1.0	1.0					
11405.507	6.0090000000000146	trials	6.0	11408.187772999998	11409.813139999998	11411.210799999999	11411.476664999998	11407.487281999998	11410.424661999998			1.0	2.0	0.0	3.0					
11415.526	6.485000000000582	trials	6.0	11418.011357	11419.296735999998	11421.707418999998	11421.784888999999	11417.494571	11420.404285999999			1.0	2.0	0.0	3.0					
11425.022	14.959999999999127	trials	6.0	11433.451232	11435.460781999998	11437.829704999998	11438.050642999999	11432.891835999999	11435.995654999999	11438.567	11439.982	1.0	1.0	1.0	1.0					
11444.047	5.373999999999796	trials	6.0	11446.141828999998	11447.878464999998	11449.114579999998	11449.211596	11445.516157999999	11448.368478999999			1.0	2.0	0.0	3.0					
11451.477	16.448999999998705	trials	6.0	11454.641281999999	11456.574418999999	11466.074875999999	11466.272104	11453.886437	11457.709497999998	11466.801	11467.926	1.0	1.0	1.0	1.0					
11470.946	7.655000000000655	trials	6.0	11472.998527999998	11474.283657999998	11476.516883999999	11476.729414999998	11472.360635	11475.016786999999	11477.311	11478.601	1.0	1.0	1.0	1.0					
11480.486	9.414999999999054	trials	6.0	11483.896777999998	11485.9034	11487.192154999999	11487.280627999999	11483.221661	11486.289528999998	11487.846	11489.901	1.0	1.0	1.0	1.0					
11493.626	23.715000000000146	trials	6.0	11496.091695	11497.601182999999	11511.832385999998	11512.011349999999	11495.249778999998	11497.938212	11512.442	11513.741	1.0	1.0	1.0	1.0					
11517.825	12.531999999999243	trials	6.0	11525.913152	11527.273690999999	11528.511824999998	11528.845747999998	11525.198715999999	11527.682751999999	11529.147	11530.357	1.0	2.0	1.0	1.0					
11534.422	17.67399999999907	trials	6.0	11547.316594999998	11548.375443999998	11550.185156	11550.234631999998	11546.586202999999	11549.347004	11550.836	11552.096	1.0	1.0	1.0	1.0					
11554.159	10.342000000000553	trials	6.0	11558.571511999999	11560.196823999999	11561.965213999998	11562.062160999998	11557.866625999999	11560.845372999998	11562.726	11564.501	1.0	1.0	1.0	1.0					
11567.232	7.824000000000524	trials	6.0	11569.512319999998	11570.638191999999	11572.928688999998	11573.051587999998	11568.920434999998	11571.289149999999	11573.591	11575.056	1.0	1.0	1.0	1.0					
11578.126	9.284999999999854	trials	6.0	11582.958369999998	11584.906329999998			11582.380952	11585.395166999999			2.0		1.0	1.0					
11590.966	9.5	trials	6.0	11595.612221	11597.593867999998			11594.793195999999	11598.259194999999			2.0		1.0	1.0					
11603.997	5.025000000001455	trials	6.0	11605.792907	11606.979631999999			11604.614497999999	11606.970042999998			1.0		0.0	2.0					
11611.037	7.610000000000582	trials	6.0	11615.812262	11616.650679999999			11614.938500999999	11616.633223999997			1.0		0.0	2.0					
11620.669	5.887000000000626	trials	6.0	11623.249135999999	11624.453646999998	11625.406878999998	11625.484822999999	11622.389707999999	11624.448832999999			1.0		0.0	2.0					
11630.618	15.823999999998705	trials	6.0	11639.443151	11640.797244999998	11643.458230999999	11643.574063999999	11638.697355999999	11641.546392999999	11644.226	11646.442	1.0	1.0	1.0	1.0					
11649.481	8.630000000001019	trials	6.0	11654.788843999999	11656.013787999998	11657.807902999999	11658.066789999999	11654.259718999998	11656.501059999999			1.0	2.0	0.0	3.0					
11661.121	8.325000000000728	trials	6.0	11666.334447999998	11667.394677999999			11665.787734999998	11667.388808999998			1.0		0.0	2.0					
11673.456	118.78499999999985	trials	6.0	11787.848606	11788.983871999999	11790.277325	11790.705337999998	11786.964417	11789.533509999997	11790.916	11792.241	1.0	2.0	1.0	1.0					
11795.294	8.981999999999971	trials	6.0	11799.367842	11801.041264999998	11802.171808	11802.478357999998	11798.508595	11801.321702999998	11802.916	11804.276	1.0	2.0	1.0	1.0					
11808.311	16.530000000000655	trials	6.0	11821.834717999998	11822.846596			11820.991037999998	11822.839737999999			2.0		0.0	2.0					
11826.897	33.013999999999214	trials	6.0	11857.658107	11858.861244999998	11859.595493999997	11859.815917999998	11856.810328999998	11858.855961999998			1.0	2.0	0.0	3.0					
11861.921	27.726000000000568	trials	6.0	11886.540598	11888.120265999998	11889.175635	11889.658166999998	11885.640752	11888.486147			1.0	2.0	0.0	3.0					
11891.496	41.32099999999991	trials	6.0	11928.549485	11930.385031999998			11927.628234999998	11930.604447999998	11932.421	11932.817	2.0		1.0	1.0					
11935.836	7.150000000001455	trials	6.0	11938.823767999998	11940.205011999999	11942.498662999998	11942.537434999998	11937.983842999998	11940.194266999999			1.0		0.0	2.0					
11944.247	8.989000000001397	trials	6.0	11951.194032999998	11951.247390999999			11950.454039999999	11951.234040999998			2.0		0.0	2.0					
11955.246	78.11100000000079	trials	6.0	12029.014777999999	12030.276219999998	12031.289488999999	12031.733280999999	12028.064332999998	12030.657398	12032.136	12033.357	1.0	2.0	1.0	1.0					
12035.371	7.990000000001601	trials	6.0	12037.895109	12039.378001	12041.143894999997	12041.181282999998	12036.973273	12040.162251999998	12041.857	12043.361	1.0	1.0	1.0	1.0					
12047.421	6.014999999999418	trials	6.0	12049.180065999999	12050.840688999999			12048.134146999999	12051.128853999999	12053.071	12053.436	2.0		1.0	1.0					
12057.456	22.51000000000022	trials	6.0	12077.001844999999	12078.691909999998	12079.407500999998	12079.980346999999	12076.103981999999	12078.797224999998			1.0	2.0	0.0	3.0					
12082.756	11.325000000000728	trials	6.0	12091.001343999998	12092.332108999999	12093.692704	12094.099132999998	12090.336445999998	12092.678688999998			1.0	2.0	0.0	3.0					
12098.047	10.278999999998632	trials	6.0	12103.729742	12104.977149999999	12106.329294	12106.582553999999	12103.223248999999	12105.450492999998	12107.006	12108.326	1.0	2.0	1.0	1.0					
12112.392	20.05999999999949	trials	6.0	12129.279931	12130.941747999997	12132.114392	12132.469426999998	12128.560049999998	12131.438814			1.0	2.0	0.0	3.0					
12135.436	23.63500000000022	trials	6.0	12154.265221999998	12156.062179999999	12157.213453999999	12157.466384	12153.29993	12156.426384999999	12157.881	12159.071	1.0	2.0	1.0	1.0					
12162.091	9.164999999999054	trials	6.0	12165.965382999999	12167.413707999998	12169.030528	12169.237842999999	12165.378252999999	12168.111448999998	12169.661	12171.256	1.0	1.0	1.0	1.0					
12173.276	9.514999999999418	trials	6.0	12176.626862	12178.678165999998	12180.164647999998	12180.383338999998	12175.926910999999	12178.992407999998	12180.857	12182.791	1.0	1.0	1.0	1.0					
12184.596	6.899999999999636	trials	6.0	12187.580031999998	12188.652037999998			12186.743491999998	12189.168529999999	12191.166	12191.486	2.0		1.0	1.0					
12193.984	13.476999999998952	trials	6.0	12198.820587999999	12200.274688999998	12205.088032	12205.302354999998	12198.259725999998	12200.773462	12205.881	12207.461	1.0	1.0	1.0	1.0					
12210.247	20.31999999999971	trials	6.0	12226.590694999999	12228.066543999998			12225.637954999998	12228.430522999999	12230.241	12230.476	2.0		1.0	1.0					
12234.126	14.475000000000364	trials	6.0	12236.535280999999	12238.176885999997	12246.466161	12246.603005	12235.945870999998	12238.718684	12247.301	12248.601	1.0	1.0	1.0	1.0					
12251.616	8.045000000000073	trials	6.0	12254.776	12255.87634	12257.53414	12257.617013000001	12254.089361	12256.525372	12258.281	12259.661	1.0	1.0	1.0	1.0					
12262.723	9.493000000000393	trials	6.0	12268.723975	12270.211784000001			12267.967949	12270.203861			1.0		0.0	2.0					
12274.226	13.854999999999563	trials	6.0	12284.304134	12285.434144			12283.550152	12285.713143	12287.661	12288.081	2.0		1.0	1.0					
12292.101	9.039999999999054	trials	6.0	12295.740263	12297.352395	12299.072467	12299.172077000001	12295.21877	12298.08243	12300.001	12301.141	1.0	1.0	1.0	1.0					
12305.161	4.664999999999054	trials	6.0	12306.775921	12307.820938			12305.861315	12307.806858			1.0		0.0	2.0					
12313.841	18.188000000000102	trials	6.0	12328.829995	12329.976255	12330.969186	12331.001876	12328.146575	12329.964923			1.0		0.0	2.0					
12334.041	12.231000000001586	trials	6.0	12340.655356000001	12342.591358	12343.925864	12344.126266000001	12340.026532	12343.207354	12344.811	12346.272	1.0	1.0	1.0	1.0					
12348.291	12.680000000000291	trials	6.0	12355.030088	12356.876851	12358.564076	12358.628278	12354.282001	12357.714821	12359.326	12360.971	1.0	1.0	1.0	1.0					
12362.991	7.729999999999563	trials	6.0	12366.626575	12367.721387			12365.635514	12368.371954	12370.272	12370.721	2.0		1.0	1.0					
12373.741	9.274999999999636	trials	6.0	12377.950168000001	12379.247948	12380.949195000001	12381.171295	12376.979204000001	12379.221929000001	12381.666	12383.016	1.0	1.0	1.0	1.0					
12387.086	4.342000000000553	trials	6.0	12388.705357	12389.316653			12387.706931	12389.309713			1.0		0.0	2.0					
12394.441	20.909999999999854	trials	6.0	12411.126299	12412.53469			12410.601194	12413.121119			2.0		1.0	1.0					
12419.836	8.210000000000946	trials	6.0	12424.655855	12426.319730000001	12427.705114	12428.006477	12423.874307	12426.588092			1.0	2.0	0.0	3.0					
12431.056	6.644000000000233	trials	6.0	12434.615897	12435.738508	12437.356425	12437.531572	12433.692062	12436.449497			1.0	2.0	0.0	3.0					
12441.706	8.010000000000218	trials	6.0	12444.205358000001	12446.10203	12447.789677	12447.970873	12443.201434	12446.719006000001	12448.522	12449.716	1.0	1.0	1.0	1.0					
12451.781	10.024999999999636	trials	6.0	12456.755456	12458.278631000001	12459.911164000001	12460.031495000001	12456.067805	12458.7445	12460.536	12461.806	1.0	1.0	1.0	1.0					
12465.871	5.980000000001382	trials	6.0	12467.510441	12469.525003			12466.362672000001	12469.732358000001	12471.421	12471.801	2.0		1.0	1.0					
12474.356	16.541000000001077	trials	6.0	12487.680532	12489.476885	12490.569904	12490.807078	12487.133897	12489.875489			1.0	2.0	0.0	3.0					
12492.946	14.1299999999992	trials	6.0	12502.935543	12504.448819000001			12502.210634000001	12504.705533			2.0		1.0	1.0					
12510.537	7.798999999999069	trials	6.0	12513.471146	12514.817492	12516.416131	12516.469901	12512.861977	12515.364815	12517.091	12518.336	1.0	1.0	1.0	1.0					
12522.357	6.968999999999141	trials	6.0	12524.085905	12525.153822	12527.112843	12527.166429	12523.03421	12525.707966	12527.796	12529.326	1.0	1.0	1.0	1.0					
12533.384	7.79700000000048	trials	6.0	12535.612728	12537.135364	12539.158532000001	12539.223432	12534.615815000001	12537.612355000001	12539.817	12541.181	1.0	1.0	1.0	1.0					
12543.291	15.829999999999927	trials	6.0	12553.376254	12554.842724	12557.002039	12557.124414	12552.724001	12555.672634	12557.746	12559.121	1.0	1.0	1.0	1.0					
12563.136	9.345999999999549	trials	6.0	12569.20163	12570.793097	12572.258632000001	12572.484733000001	12568.305064	12571.010897			1.0	1.0	0.0	3.0					
12575.631	2120.2660000000014	BlockDesign														1.0	822.0	964.0	50.0	90.0
12575.631	8.351000000000568	trials	7.0	12577.920896	12579.759776	12582.117044	12582.185801	12577.316977	12580.784983	12582.871	12583.982	1.0	1.0	1.0	1.0					
12586.001	14.340000000000146	trials	7.0	12588.37113	12589.472597	12600.005735	12600.105520000001	12587.495954	12589.935779			1.0	1.0	0.0	3.0					
12604.401	6.746000000001004	trials	7.0	12607.531405	12609.337787	12610.815911	12611.014222	12606.794722	12609.6398			1.0	1.0	0.0	3.0					
12615.211	8.670000000000073	trials	7.0	12619.265842	12620.802935	12622.064494	12622.389355000001	12618.751792000001	12621.096363	12622.897	12623.881	1.0	2.0	1.0	1.0					
12625.966	10.19000000000051	trials	7.0	12631.336286	12633.010057	12634.183049000001	12634.434846	12630.609079	12633.439828	12635.011	12636.156	1.0	2.0	1.0	1.0					
12640.214	7.281999999999243	trials	7.0	12642.046418	12643.626265			12640.524433	12643.932092000001	12645.961	12647.496	2.0		1.0	1.0					
12649.517	24.808999999999287	trials	7.0	12669.838703000001	12671.505185	12674.008067	12674.24353	12668.924432	12671.776652			1.0	1.0	0.0	3.0					
12676.336	8.150000000001455	trials	7.0	12678.613141	12680.459588	12682.353657	12682.481729000001	12677.970571	12681.123499000001	12682.961	12684.486	1.0	1.0	1.0	1.0					
12687.363	4.618000000000393	trials	7.0	12689.422156	12689.973092			12688.065709	12689.962742			1.0		0.0	2.0					
12695.041	9.079999999999927	trials	7.0	12700.328099	12701.608991000001			12699.496218	12701.872288			2.0		1.0	1.0					
12706.701	12.505000000001019	trials	7.0	12716.176933	12717.204803			12715.560113	12717.192502			2.0		0.0	2.0					
12723.221	6.886000000000422	trials	7.0	12726.976336	12728.10295	12729.76723	12729.977132	12726.068923	12728.090037			1.0		0.0	2.0					
12734.158	13.489000000001397	trials	7.0	12740.162234	12741.843568	12746.417145	12746.769152	12739.240556	12741.871943			1.0	1.0	0.0	3.0					
12749.811	5.6710000000002765	trials	7.0	12751.426678	12752.649875000001			12747.648647	12753.317764	12755.086	12755.372	2.0		1.0	1.0					
12758.971	11.640000000001237	trials	7.0	12767.137154	12768.349182	12770.287597	12770.353198	12766.325482	12769.285512			1.0	1.0	0.0	3.0					
12772.666	33.68500000000131	trials	7.0	12801.83222	12803.055191	12804.242812	12804.37598	12800.943319	12803.532259	12805.011	12806.351	1.0	2.0	1.0	1.0					
12809.417	9.748999999999796	trials	7.0	12815.372399	12817.099002			12814.743459000001	12817.092844			1.0		0.0	2.0					
12823.217	18.818999999999505	trials	7.0	12837.992825000001	12839.518845			12837.111423	12839.791994000001	12841.831	12842.022	2.0		1.0	1.0					
12844.567	9.78400000000147	trials	7.0	12848.432388000001	12850.02382	12851.72326	12851.813876	12847.913561000001	12850.603709	12852.571	12854.351	1.0	1.0	1.0	1.0					
12856.376	5.855999999999767	trials	7.0	12858.682617	12860.229464			12857.950283	12860.224462			1.0		0.0	2.0					
12865.301	6.181000000000495	trials	7.0	12867.254024	12868.369144			12866.55812	12868.909016	12870.806	12871.482	2.0		1.0	1.0					
12873.317	10.125	trials	7.0	12877.272529	12878.443746	12881.425609	12881.580942	12876.31349	12880.232666	12882.261	12883.442	1.0	1.0	1.0	1.0					
12886.461	5.970000000001164	trials	7.0	12889.887851	12890.366363000001			12888.962837000001	12890.354856			1.0		0.0	2.0					
12896.442	7.839000000001761	trials	7.0	12899.467739	12901.183521	12902.365513	12902.500133	12898.883453	12901.434698000001	12903.266	12904.281	1.0	2.0	1.0	1.0					
12908.301	10.971000000001368	trials	7.0	12913.44215	12914.991211	12917.056774	12917.217834000001	12912.61484	12916.179152	12917.746	12919.272	1.0	2.0	1.0	1.0					
12922.291	9.450000000000728	trials	7.0	12924.994482	12926.660514000001	12931.411958	12931.585562	12924.428635	12927.126192			1.0	1.0	0.0	3.0					
12934.751	6.744999999998981	trials	7.0	12937.045193	12938.186599	12939.475838	12939.760748	12936.353210000001	12938.709926	12940.251	12941.496	1.0	2.0	1.0	1.0					
12945.596	44.68500000000131	trials	7.0	12986.208632	12987.684917			12985.310653	12987.943223			2.0		1.0	1.0					
12992.721	22.19000000000051	trials	7.0	13004.333818000001	13006.050149	13014.603163	13014.843578	13003.818938	13006.364954			1.0	1.0	0.0	3.0					
13016.971	5.864999999999782	trials	7.0	13019.379569	13020.954740000001	13022.50519	13022.744146000001	13018.62449	13021.600127			1.0	1.0	0.0	3.0					
13026.893	8.173999999999069	trials	7.0	13030.518356	13031.971198000001	13033.106099	13033.366496	13029.660886	13032.40528	13033.796	13035.067	1.0	2.0	1.0	1.0					
13039.111	7.219999999999345	trials	7.0	13040.958743000001	13042.23353	13044.103598	13044.206681	13040.089178	13043.094032	13044.911	13046.331	1.0	2.0	1.0	1.0					
13049.256	18.78400000000147	trials	7.0	13063.558118	13065.250771	13066.360505	13066.415498	13062.977897	13065.567532000001	13066.996	13068.04	1.0	2.0	1.0	1.0					
13071.111	7.995999999999185	trials	7.0	13074.0683	13075.678265	13076.867597	13077.029423	13073.078393	13076.110159	13077.656	13079.107	1.0	2.0	1.0	1.0					
13081.126	10.034999999999854	trials	7.0	13085.678747	13087.190232	13088.639818	13088.878111	13084.811732	13087.820257	13089.526	13091.161	1.0	2.0	1.0	1.0					
13095.181	6.475000000000364	trials	7.0	13098.349131	13099.655947000001			13097.691891	13099.646411			1.0		0.0	2.0					
13104.7	9.665999999999258	trials	7.0	13109.763884	13110.980123000001	13112.441560000001	13112.668476	13109.063444	13111.693622	13113.216	13114.366	1.0	2.0	1.0	1.0					
13117.431	5.760999999998603	trials	7.0	13119.378976	13120.627663000001			13118.682047	13121.000038			2.0		1.0	1.0					
13125.676	14.085000000000946	trials	7.0	13131.659897	13133.450773			13130.90998	13133.872039	13135.597	13136.066	2.0		1.0	1.0					
13140.086	8.130000000001019	trials	7.0	13142.294267000001	13143.675881000001	13147.882177	13148.210085	13139.765315	13143.755909			1.0	1.0	0.0	3.0					
13152.221	9.454999999999927	trials	7.0	13154.943716	13156.346579000001	13161.360207	13161.513647	13154.036119	13157.106266			1.0	1.0	0.0	3.0					
13165.727	6.2549999999992	trials	7.0	13167.679197000001	13168.908356			13166.152763	13169.67793			2.0		1.0	1.0					
13176.491	7.719999999999345	trials	7.0	13178.298992	13179.590878	13182.320248	13182.348274	13177.396055000001	13180.639685	13182.906	13184.211	1.0	1.0	1.0	1.0					
13186.227	19.123999999999796	trials	7.0	13191.215255000001	13192.755508	13202.972858000001	13203.205985	13190.617097	13193.135959000001	13203.826	13205.351	1.0	1.0	1.0	1.0					
13208.216	5.190000000000509	trials	7.0	13210.079405	13211.401325			13208.395807	13211.391764			1.0		0.0	2.0					
13215.416	8.2400000000016	trials	7.0	13219.429069	13220.571351	13221.80342	13221.996317000001	13218.843734	13221.082211	13222.536	13223.656	1.0	2.0	1.0	1.0					
13225.772	11.22899999999936	trials	7.0	13227.834509	13229.225712	13234.575764000001	13234.750817	13226.894506	13229.707690000001	13235.371	13237.001	1.0	1.0	1.0	1.0					
13239.919	8.42200000000048	trials	7.0	13241.749595000001	13242.800956000001	13245.28748	13245.466504	13241.086844000001	13243.938718000001	13246.096	13248.341	1.0	2.0	1.0	1.0					
13249.616	9.615999999999985	trials	7.0	13255.024253	13256.483224			13254.016153	13256.628617	13258.442	13259.232	2.0		1.0	1.0					
13262.296	14.590000000000146	trials	7.0	13272.409777	13273.608626000001			13271.467199	13274.1697	13276.076	13276.886	2.0		1.0	1.0					
13279.916	10.1150000000016	trials	7.0	13285.595584	13286.822024000001	13289.711761	13289.780213	13284.98027	13287.202972000001			1.0	1.0	0.0	3.0					
13292.06	8.406000000000859	trials	7.0	13298.179628	13298.407975			13297.316768	13298.399258000001			1.0		0.0	2.0					
13303.476	8.079999999999927	trials	7.0	13307.260809	13308.390127			13306.260767	13309.10549	13310.942	13311.556	2.0		1.0	1.0					
13313.576	18.285000000001673	trials	7.0	13319.979935	13321.636661	13331.549985	13331.77093	13319.119464	13322.493091			1.0	1.0	0.0	3.0					
13335.871	11.505000000001019	trials	7.0	13341.915659	13343.732416	13345.471786	13345.708704	13341.256963	13344.036061	13346.166	13347.376	1.0	2.0	1.0	1.0					
13350.446	6.661000000000058	trials	7.0	13352.14012	13353.554540000001	13355.2108	13355.445067	13351.588016	13354.279691	13356.006	13357.107	1.0	2.0	1.0	1.0					
13361.126	9.764999999999418	trials	7.0	13365.665566	13367.0161	13368.831597	13368.881309	13364.949308000001	13367.429577	13369.581	13370.891	1.0	1.0	1.0	1.0					
13374.961	5.880000000001019	trials	7.0	13377.025141	13378.247245	13380.534649000001	13380.713906	13376.007368	13378.478812000001			1.0	1.0	0.0	3.0					
13383.888	6.482999999998356	trials	7.0	13386.590366	13388.311777			13385.615294000001	13388.305749000001			1.0		0.0	2.0					
13392.421	25.779999999998836	trials	7.0	13413.095111	13413.857987	13414.503991	13414.572304000001	13412.387842	13413.850456			1.0		0.0	2.0					
13419.916	10.9900000000016	trials	7.0	13427.215627	13428.341914			13426.426784000001	13428.619738000001			2.0		1.0	1.0					
13435.378	39.26299999999901	trials	7.0	13471.395209	13472.637595			13470.420213000001	13472.624359000001			1.0		0.0	2.0					
13478.701	19.735000000000582	trials	7.0	13493.760652	13495.042481	13496.581574	13496.65897	13493.240232	13495.781396	13497.318	13498.436	1.0	2.0	1.0	1.0					
13501.481	15.659999999999854	trials	7.0	13513.43051	13514.824315			13512.578933	13514.836739			2.0		1.0	1.0					
13520.65	6.531000000000859	trials	7.0	13522.256125	13524.279961	13525.364996	13525.586983000001	13521.557563	13524.501935	13526.221	13527.181	1.0	2.0	1.0	1.0					
13530.111	12.469999999999345	trials	7.0	13537.631243	13539.322337	13540.839209	13541.066457	13537.040167000001	13540.089922000001	13541.581	13542.581	1.0	2.0	1.0	1.0					
13544.642	17.824000000000524	trials	7.0	13558.666243	13559.704061	13560.665179	13560.832799	13557.975554	13559.960064	13561.456	13562.466	1.0	2.0	1.0	1.0					
13564.522	8.28399999999965	trials	7.0	13567.657508	13569.047828			13566.824737	13569.542105	13571.246	13572.806	2.0		1.0	1.0					
13574.866	5.975000000000364	trials	7.0	13577.799361000001	13578.839632000001			13577.189072000001	13578.831751			1.0		0.0	2.0					
13584.856	4.809999999999491	trials	7.0	13586.80133	13587.66466			13585.092223	13587.653485			2.0		0.0	2.0					
13593.721	4.5900000000001455	trials	7.0	13595.971345	13596.308271			13595.335025	13596.305588000001			1.0		0.0	2.0					
13601.321	11.424999999999272	trials	7.0	13608.452455	13609.772945			13607.865265	13610.511769	13612.375	13612.746	2.0		1.0	1.0					
13614.638	11.093999999999141	trials	7.0	13619.771354	13621.103291			13618.829668	13621.100164			1.0		0.0	2.0					
13626.212	12.18500000000131	trials	7.0	13634.146418	13635.431968	13638.075211	13638.347203000001	13633.256137	13637.081599000001			1.0	1.0	0.0	3.0					
13640.406	9.479999999999563	trials	7.0	13645.426807	13646.791789	13648.231468	13648.252942000001	13644.605275	13647.459191	13649.041	13649.886	1.0	2.0	1.0	1.0					
13652.989	16.54200000000128	trials	7.0	13659.69589	13660.939472	13669.214525	13669.435556	13658.773975	13661.205128			1.0	1.0	0.0	3.0					
13671.561	6.510000000000218	trials	7.0	13674.761779	13676.073821			13673.911733	13676.065589			1.0		0.0	2.0					
13680.119	5.686999999999898	trials	7.0	13682.172017	13683.803156			13681.608164000001	13683.796062000001			1.0		0.0	2.0					
13688.811	12.91400000000067	trials	7.0	13697.056872000001	13698.908968			13696.387312	13699.422863			2.0		1.0	1.0					
13705.286	10.344999999999345	trials	7.0	13708.286662	13710.008868	13715.316872	13715.596328	13707.761153	13710.530767			1.0	1.0	0.0	3.0					
13717.656	8.549999999999272	trials	7.0	13720.186843	13722.040232	13724.38153	13724.519029000001	13719.369196	13723.419289000001	13725.111	13726.206	1.0	2.0	1.0	1.0					
13728.226	15.59099999999853	trials	7.0	13732.101818000001	13733.383279	13740.677689	13740.795581	13731.396840000001	13734.561982000001			1.0	1.0	0.0	3.0					
13745.022	7.363999999999578	trials	7.0	13746.632222	13747.502758			13743.821536	13747.496851			2.0		0.0	2.0					
13752.511	7.31499999999869	trials	7.0	13754.557108	13755.870193	13757.536768	13757.769832	13752.393266000001	13756.639325	13758.326	13759.826	1.0	2.0	1.0	1.0					
13762.889	11.952000000001135	trials	7.0	13765.442453	13767.472937	13771.825555	13772.01281	13764.864088	13768.195695			1.0	1.0	0.0	3.0					
13776.162	7.22400000000016	trials	7.0	13777.736926	13778.809032000001	13781.307704	13781.453914	13774.848829	13780.108746	13781.961	13783.386	1.0	2.0	1.0	1.0					
13786.442	14.054000000000087	trials	7.0	13789.481951	13791.342677	13799.412167	13799.576756	13788.858095	13792.434473000001			1.0	1.0	0.0	3.0					
13802.771	5.93999999999869	trials	7.0	13804.333373000001	13805.448566000001	13806.479399	13806.518899	13800.503311	13805.595658	13807.206	13808.711	1.0	2.0	1.0	1.0					
13812.426	9.58600000000115	trials	7.0	13815.368984	13816.482722			13814.534618	13816.47861			1.0		0.0	2.0					
13822.56	4.931000000000495	trials	7.0	13824.471446	13825.488481			13822.018967	13825.480921			1.0		0.0	2.0					
13830.548	7.8179999999993015	trials	7.0	13834.107115	13835.134138000001	13836.590045	13836.670493	13833.3457	13835.748341	13837.386	13838.366	1.0	2.0	1.0	1.0					
13842.461	10.025000000001455	trials	7.0	13846.986815	13848.504335	13850.491742	13850.754257	13846.168712	13849.24543	13851.296	13852.486	1.0	2.0	1.0	1.0					
13856.531	12.164999999999054	trials	7.0	13863.91301	13865.295395000001			13863.396434	13866.204629	13868.116	13868.696	2.0		1.0	1.0					
13870.471	14.145000000000437	trials	7.0	13879.737661000001	13881.509312			13879.174121	13882.439465			2.0		1.0	1.0					
13888.088	8.612999999999374	trials	7.0	13892.659654000001	13893.94432			13892.076202	13894.559619			2.0		1.0	1.0					
13900.216	6.640999999999622	trials	7.0	13903.402109	13904.859898			13902.449641000001	13904.852003			2.0		0.0	2.0					
13908.911	18.899999999999636	trials	7.0	13913.897293	13915.349816	13925.759528	13925.997535	13913.014621	13915.399676	13926.391	13927.811	1.0	2.0	1.0	1.0					
13931.856	5.389999999999418	trials	7.0	13933.663795	13935.189625			13932.629423	13935.183007			1.0		0.0	2.0					
13939.256	10.149000000001251	trials	7.0	13946.329459	13947.45529	13949.084752	13949.314982	13945.485122	13948.099082			1.0	2.0	0.0	3.0					
13951.421	25.0	trials	7.0	13971.048044000001	13972.675220000001	13973.9225	13974.145316	13970.412412	13973.058299	13974.576	13976.421	1.0	2.0	1.0	1.0					
13978.029	8.30199999999968	trials	7.0	13982.041366000001	13983.814967	13985.267128	13985.346925	13981.422422	13984.110838			1.0	1.0	1.0	1.0					
13988.854	14.356999999999971	trials	7.0	13997.62378	13999.343306	14001.078379	14001.100013000001	13997.113961000001	14000.266382	14001.906	14003.211	1.0	2.0	1.0	1.0					
14007.226	4.6599999999998545	trials	7.0	14009.118791	14009.890214000001			14008.346557	14009.878393			1.0		0.0	2.0					
14013.897	14.759000000000015	trials	7.0	14024.373755	14025.872648	14026.863947	14026.978184	14023.86857	14026.134707000001	14027.626	14028.656	1.0	2.0	1.0	1.0					
14031.711	11.835000000000946	trials	7.0	14038.038923	14039.590309000001	14041.567348	14041.850374	14037.143354	14039.930369	14042.536	14043.546	1.0	2.0	1.0	1.0					
14045.443	12.583000000000538	trials	7.0	14052.05861	14053.390294	14055.285667	14055.382318	14051.187391	14053.959271	14055.901	14058.026	1.0	1.0	1.0	1.0					
14060.061	22.68000000000029	trials	7.0	14064.388525	14065.589960000001	14080.781048	14080.98043	14063.422496000001	14065.612148	14081.461	14082.741	1.0	1.0	1.0	1.0					
14084.801	8.290000000000873	trials	7.0	14089.558819	14091.08812			14089.00037	14091.083423			1.0		0.0	2.0					
14096.101	6.385000000000218	trials	7.0	14098.234106	14099.540938			14097.692794	14100.270001	14101.986	14102.486	2.0		1.0	1.0					
14106.506	10.751000000000204	trials	7.0	14112.014201	14113.435637	14115.511566000001	14115.613966	14111.267273000001	14114.490338	14116.266	14117.257	1.0	2.0	1.0	1.0					
14121.276	10.19000000000051	trials	7.0	14126.535088	14128.259676	14129.420224000001	14129.57221	14126.013350000001	14128.438543	14129.966	14131.466	1.0	2.0	1.0	1.0					
14133.526	17.799999999999272	trials	7.0	14142.634039	14144.614373			14141.741981000001	14145.131549			2.0		1.0	1.0					
14151.993	5.154000000000451	trials	7.0	14153.664901	14155.150501			14151.336085	14155.138928			1.0		0.0	2.0					
14159.156	10.115999999999985	trials	7.0	14166.539558	14167.267526			14165.641678	14167.259704			1.0		0.0	2.0					
14172.294	5.92200000000048	trials	7.0	14174.554267	14176.162564			14172.381593	14176.15619			1.0		0.0	2.0					
14182.251	43.89600000000064	trials	7.0	14221.529445	14223.131301000001	14224.346423	14224.397375	14220.890476	14223.647921	14225.247	14226.147	1.0	2.0	1.0	1.0					
14230.205	5.07300000000032	trials	7.0	14232.164591	14233.240976000001			14231.602838	14233.236019			1.0		0.0	2.0					
14237.291	11.655000000000655	trials	7.0	14244.18452	14245.476425			14243.38159	14245.466975			1.0		0.0	2.0					
14250.541	9.005000000001019	trials	7.0	14255.251694	14257.165615			14254.284178	14257.396853	14259.151	14259.546	2.0		1.0	1.0					
14262.577	8.46900000000096	trials	7.0	14267.224885	14269.043879			14266.33018	14269.038892			1.0		0.0	2.0					
14274.056	6.559999999999491	trials	7.0	14276.176064000001	14277.523234	14278.704815000001	14278.762726	14274.627493	14277.885584	14279.526	14280.616	1.0	2.0	1.0	1.0					
14284.647	6.443999999999505	trials	7.0	14286.53651	14288.306536			14285.312941	14288.681932	14290.601	14291.091	2.0		1.0	1.0					
14294.108	14.048000000000684	trials	7.0	14303.760632000001	14305.538035000001			14303.164528000001	14306.057420000001			2.0		1.0	1.0					
14312.671	5.454999999999927	trials	7.0	14315.019581	14316.066291000001			14314.075819	14316.060868			2.0		0.0	2.0					
14320.182	7.593999999999141	trials	7.0	14322.206157	14323.795829	14325.91108	14326.021898	14321.294984	14323.871755	14326.621	14327.776	1.0	1.0	1.0	1.0					
14330.793	6.458000000000538	trials	7.0	14334.081337	14335.196399			14333.570901000001	14335.189466			1.0		0.0	2.0					
14341.261	6.886000000000422	trials	7.0	14343.274493	14344.64854	14345.540467	14345.760668	14342.022823	14344.667092	14346.336	14348.147	1.0	2.0	1.0	1.0					
14349.532	10.149000000001251	trials	7.0	14353.816007000001	14355.735022	14357.58832	14357.741132000001	14352.921118	14356.276436	14358.272	14359.681	1.0	2.0	1.0	1.0					
14361.701	8.81000000000131	trials	7.0	14366.859482	14368.516406			14366.081731	14368.505606			1.0		0.0	2.0					
14373.567	6.625	trials	7.0	14375.590239000001	14377.305354	14378.054846	14378.132441	14374.658354	14377.345685	14378.781	14380.192	1.0	2.0	1.0	1.0					
14382.077	8.109000000000378	trials	7.0	14385.050293	14386.821412000001	14388.074819000001	14388.157195	14384.296564	14387.142419	14388.871	14390.186	1.0	2.0	1.0	1.0					
14392.231	11.201000000000931	trials	7.0	14397.890284000001	14398.892178			14396.902898	14398.889473			1.0		0.0	2.0					
14403.956	4.77599999999984	trials	7.0	14406.185624	14407.740545	14408.469835	14408.655454	14403.444789000001	14407.733147			1.0	2.0	0.0	3.0					
14410.741	13.7549999999992	trials	7.0	14421.161634	14422.499098			14420.384813	14422.49186			1.0		0.0	2.0					
14426.547	81.90399999999863	trials	7.0	14505.630751	14507.177059000001	14508.100646	14508.462871	14504.815395000001	14507.534352			1.0	2.0	0.0	3.0					
14510.461	28.970000000001164	trials	7.0	14513.075581000001	14514.379997	14536.214438	14536.401772000001	14512.108642	14514.997318			1.0	1.0	0.0	3.0					
14539.621	28.38500000000022	trials	7.0	14564.180833	14565.952094			14563.288298	14565.936508			1.0		0.0	2.0					
14572.059	12.731999999999971	trials	7.0	14580.066041	14582.039516	14583.058934	14583.335143	14579.156399	14582.317606	14583.857	14584.791	1.0	2.0	1.0	1.0					
14588.898	15.413000000000466	trials	7.0	14600.325952	14601.612708	14602.554566	14602.854407	14599.514836	14601.798776	14603.317	14604.311	1.0	2.0	1.0	1.0					
14606.331	11.530000000000655	trials	7.0	14614.682258	14615.808271			14613.824152000001	14615.804957			1.0		0.0	2.0					
14621.871	16.65100000000166	trials	7.0	14633.780767	14635.483127	14636.68171	14636.898131	14632.958516	14635.795052000001	14637.397	14638.522	1.0	2.0	1.0	1.0					
14642.56	8.79200000000128	trials	7.0	14647.58303	14649.303405			14646.763503	14649.298406			1.0		0.0	2.0					
14654.361	41.53600000000006	trials	7.0	14691.92173	14693.185009	14694.113914000001	14694.384149000001	14690.951867	14693.436290000001	14694.946	14695.897	1.0	2.0	1.0	1.0					
14699.942	664.759	BlockDesign														1.0	965.0	1008.0	50.0	10.0
14699.942	6.580000000001746	trials	8.0	14703.741152	14705.1851	14706.212406	14706.387884	14702.937346	14705.222113			1.0	2.0	0.0	3.0					
14710.532	17.764000000001033	trials	8.0	14725.176872	14727.00403	14727.987917	14728.129014	14724.659774	14727.312488			1.0	2.0	0.0	3.0					
14730.307	6.1489999999994325	trials	8.0	14732.522017	14733.898599			14731.839519000001	14734.321475			2.0		1.0	1.0					
14741.031	20.399999999999636	trials	8.0	14758.337578	14760.264769000001	14761.11251	14761.350872	14757.393285	14760.429607			1.0	2.0	0.0	3.0					
14764.436	8.287000000000262	trials	8.0	14767.513077	14768.814386	14772.431686	14772.734562000001	14766.686305	14770.027105000001			1.0	1.0	0.0	3.0					
14774.711	12.085000000000946	trials	8.0	14783.682287	14784.799199000001			14783.156752	14784.784993000001			1.0		0.0	2.0					
14788.85	28.14599999999882	trials	8.0	14808.498611	14809.855496	14814.909771	14815.260242	14807.641211	14810.236162000001	14815.611	14816.996	1.0	1.0	1.0	1.0					
14819.041	11.430000000000291	trials	8.0	14825.758096000001	14826.871829	14828.524439	14828.818246	14824.988798	14827.364187	14829.246	14830.471	1.0	2.0	1.0	1.0					
14834.487	11.614000000001397	trials	8.0	14843.017298	14844.254171	14845.844389	14846.042888	14842.14056	14844.617969			1.0	2.0	0.0	3.0					
14849.111	6.109999999998763	trials	8.0	14852.132749	14853.585533000001	14854.843658	14855.200786000001	14851.410515	14854.065652000001			1.0	2.0	0.0	3.0					
14858.186	8.852000000000771	trials	8.0	14863.182412	14865.163344	14866.665889	14866.801795	14862.197257	14865.785705			1.0	2.0	0.0	3.0					
14869.031	7.279999999998836	trials	8.0	14872.516927	14873.799668	14875.996251	14876.199899	14871.524437	14875.149116			1.0	2.0	0.0	3.0					
14878.321	13.102000000000771	trials	8.0	14887.952063	14889.644662	14891.081286	14891.434523	14887.164724	14890.192948			1.0	2.0	0.0	3.0					
14893.407	9.843000000000757	trials	8.0	14898.879710000001	14900.870151000001	14902.925195	14902.981412000001	14898.335566	14901.731482			1.0	2.0	0.0	3.0					
14906.261	7.954999999999927	trials	8.0	14910.777905	14912.219717			14910.142739	14912.211842			1.0		0.0	2.0					
14918.263	15.45799999999872	trials	8.0	14929.307756	14931.154174			14928.479642	14931.453227			2.0		1.0	1.0					
14937.231	15.284999999999854	trials	8.0	14948.848204	14950.520119			14948.315198	14950.514945			2.0		0.0	2.0					
14956.566	6.449999999998909	trials	8.0	14958.218655	14959.537518000001	14960.901914	14961.141265	14957.266356	14960.032205	14961.806	14963.016	1.0	1.0	1.0	1.0					
14966.042	15.649999999999636	trials	8.0	14977.303491	14979.118307			14976.597590000001	14979.371126			2.0		1.0	1.0					
14985.154	13.641999999999825	trials	8.0	14993.103503	14994.660896000001	14996.736648	14996.819659	14992.17351	14994.936875	14997.421	14998.796	1.0	1.0	1.0	1.0					
15000.858	13.16400000000067	trials	8.0	15009.617776000001	15011.226075			15008.879828000001	15011.758799			2.0		1.0	1.0					
15018.575	9.822000000000116	trials	8.0	15024.323190000001	15025.586486			15023.745752	15026.03132	15027.942	15028.397	2.0		1.0	1.0					
15031.417	9.739000000001397	trials	8.0	15037.543466000001	15038.721645000001	15040.828561	15040.926953	15036.925993	15039.334640000001			1.0	1.0	0.0	3.0					
15045.17	20.72099999999955	trials	8.0	15050.823769	15052.034471	15064.728833000001	15065.011493	15049.881733	15052.430777000001			1.0	1.0	0.0	3.0					
15067.054	5.106999999999971	trials	8.0	15068.585354	15070.167445000001			15065.906353	15070.159559			1.0		0.0	2.0					
15075.171	17.306000000000495	trials	8.0	15086.533238	15087.770182	15090.310234	15090.616357	15085.818858	15089.045977	15090.966	15092.477	1.0	1.0	1.0	1.0					
15094.496	10.675000000001091	trials	8.0	15101.009068	15102.67094			15100.056734	15102.934932			2.0		1.0	1.0					
15107.741	12.834999999999127	trials	8.0	15117.318542	15118.987735	15120.253165	15120.546403	15116.317743	15119.357848			1.0	2.0	0.0	3.0					
15124.586	10.670000000000073	trials	8.0	15130.483993	15132.275975	15134.946416	15135.176072	15129.845729	15132.678305000001			1.0	1.0	0.0	3.0					
15137.269	11.016999999999825	trials	8.0	15144.070224000001	15145.83299	15147.84722	15147.931346000001	15143.247998	15146.976535			1.0	2.0	0.0	3.0					
15151.201	9.156000000000859	trials	8.0	15155.16605	15156.450011	15158.456801	15158.620625	15154.24457	15157.119868	15159.296	15160.357	1.0	1.0	1.0	1.0					
15163.422	10.338999999999942	trials	8.0	15166.863739	15168.5124	15171.648603000001	15171.707086	15165.920221	15168.961283	15172.411	15173.761	1.0	1.0	1.0	1.0					
15177.825	15.930999999998676	trials	8.0	15187.58581	15189.417163	15191.316299	15191.401565	15186.941183	15189.642466000001	15192.161	15193.756	1.0	1.0	1.0	1.0					
15195.776	6.635000000000218	trials	8.0	15200.009778	15200.418106000001			15199.138128	15200.412739			1.0		0.0	2.0					
15204.419	5.721999999999753	trials	8.0	15206.939158000001	15208.030850000001	15209.825788	15209.989831	15206.065046	15208.88786			1.0	1.0	0.0	3.0					
15213.198	6.360999999998967	trials	8.0	15214.836369	15216.378227000001	15219.245044	15219.391079	15213.975025	15218.015215			1.0	1.0	0.0	3.0					
15221.571	20.45100000000093	trials	8.0	15238.034489000001	15239.566196			15237.123919000001	15239.813658000001	15241.526	15242.022	2.0		1.0	1.0					
15244.091	22.969999999999345	trials	8.0	15248.829253	15250.208176	15264.974028	15265.279578	15248.118887	15250.485911	15265.732	15267.061	1.0	1.0	1.0	1.0					
15271.077	10.104000000001179	trials	8.0	15273.494188	15274.816309	15279.021973	15279.259466	15272.880055000001	15274.789381	15279.756	15281.181	1.0	1.0	1.0	1.0					
15283.246	13.081000000000131	trials	8.0	15293.935208	15294.276753			15293.258503000001	15294.273403			1.0		0.0	2.0					
15299.361	5.31499999999869	trials	8.0	15301.442	15302.439595	15304.093524999998	15304.181691999998	15294.495734	15302.955387999998			1.0	2.0	0.0	3.0					
15308.686	9.950000000000728	trials	8.0	15312.152119999999	15313.668028999999	15318.063526999998	15318.310161	15311.473678999999	15314.056617999999			1.0	1.0	0.0	3.0					
15322.686	32.159999999999854	trials	8.0	15325.926598999999	15327.528957999999	15352.313478999999	15352.64927	15325.068061999998	15330.931303	15353.251	15354.846	1.0	1.0	1.0	1.0					
15357.926	6.774999999999636	trials	8.0	15360.297443	15362.350978999999	15364.167956	15364.238926999999	15359.779525	15363.019298			1.0	1.0	0.0	3.0					
