onset	duration	nwb_table	block	tone_on_time	tone_off_time	action_on_time	action_off_time	pokeC_on_time	pokeC_off_time	reward_on_time	reward_off_time	state	action	reward	result	FinishedBlock	FirstTrial	LastTrial	RewardRule_L	RewardRule_R
2.399	7979.214999999999	BlockDesign														1.0	1.0	570.0	50.0	10.0
2.399	34.318	trials	1.0	33.127269	34.660057			32.544	34.653033			1.0		0.0	2.0					
40.729	16.15	trials	1.0	51.801942	52.949985	55.399827	55.921549	50.93089	54.363858			1.0	2.0	0.0	3.0					
59.764	3.8799999999999955	trials	1.0	61.462029	61.568245000000005			56.877928	61.565220999999994			1.0		0.0	2.0					
66.694	42.62599999999999	trials	1.0	101.377422	102.6951	107.139405	107.361547	100.531918	104.562195	73.379	109.32	2.0		1.0	1.0					
113.37	10.409999999999997	trials	1.0	115.948972	117.503914			115.103844	120.00288	121.679	123.78	2.0		1.0	1.0					
127.804	22.22	trials	1.0	131.69904000000002	133.66364299999998	148.524882	149.20378699999998	130.89439599999997	134.492815			1.0	2.0	0.0	3.0					
150.86	7.718999999999994	trials	1.0	152.592509	154.41582799999998	157.95190200000002	158.58085599999998	150.02610399999998	156.921062			1.0	1.0	0.0	3.0					
160.346	27.687999999999988	trials	1.0	180.58788099999998	182.296602	186.606675	187.242723	180.05893300000002	185.65680600000002			1.0	2.0	0.0	3.0					
188.994	11.366000000000014	trials	1.0	190.708014	191.845029	197.834928	198.43563999999998	188.036131	196.84864399999998	198.599	200.36	1.0	1.0	1.0	1.0					
202.482	11.622000000000014	trials	1.0	206.290837	208.097124	212.57759199999998	213.30489699999998	205.327919	211.430155			1.0	2.0	0.0	3.0					
216.919	8.566000000000003	trials	1.0	218.727577	219.85900099999998	224.85485699999998	225.48676999999998	214.10625299999998	222.482572			1.0	1.0	0.0	3.0					
229.189	18.985000000000014	trials	1.0	238.777828	240.551604			238.052554	244.200127	245.929	248.174	2.0		1.0	1.0					
250.195	9.283999999999992	trials	1.0	254.32457599999998	256.236479	258.124548	258.809803	253.51551	257.098546			1.0	2.0	0.0	3.0					
262.454	7.524999999999977	trials	1.0	264.23288399999996	266.252575	269.208219	269.728792	259.47783899999996	267.558211			1.0	1.0	0.0	3.0					
272.989	33.625	trials	1.0	300.763353	302.592787	305.27058	305.78015899999997	299.94315	304.19946699999997			1.0	2.0	0.0	3.0					
308.604	14.745000000000005	trials	1.0	310.223181	312.109507	321.781453	322.674217	306.617962	318.589203			1.0	2.0	0.0	3.0					
326.114	7.930000000000007	trials	1.0	327.70376899999997	329.429955			323.348121	330.352489	333.624	333.929	2.0		1.0	1.0					
337.57	23.01400000000001	trials	1.0	340.668996	342.22043199999996	358.848256	359.31404	339.868269	345.988858			1.0	2.0	0.0	3.0					
361.184	9.539999999999964	trials	1.0	362.758766	364.13525799999996	370.273488	370.72566	360.586691	369.269572			1.0	1.0	0.0	3.0					
373.614	35.06	trials	1.0	401.31854599999997	403.31573199999997	407.192711	407.86805499999997	400.753488	405.491485			1.0	2.0	0.0	3.0					
410.524	9.25	trials	1.0	412.378969	414.170526	417.258531	417.717103	408.67648199999996	415.762222	417.884	419.774	1.0	1.0	1.0	1.0					
421.834	11.639999999999986	trials	1.0	426.74467899999996	427.85533899999996			425.87476799999996	430.382635	433.144	433.349	2.0		1.0	1.0					
436.909	8.590000000000032	trials	1.0	439.994445	441.379341	444.93539999999996	445.50052999999997	439.36285799999996	442.611097			1.0	2.0	0.0	3.0					
447.274	13.755999999999972	trials	1.0	452.005362	453.46732099999997	459.388834	460.328578	451.046053	458.41349099999996			1.0	2.0	0.0	3.0					
462.719	9.935999999999979	trials	1.0	464.324752	465.885814	469.995135	470.46797799999996	461.029164	469.055955	470.754	472.655	1.0	1.0	1.0	1.0					
475.669	8.605000000000018	trials	1.0	479.544364	480.987372			478.772085	481.953483	483.664	484.274	2.0		1.0	1.0					
487.294	56.264999999999986	trials	1.0	522.194032	523.557407	543.236275	543.523313	521.61679	524.30229			1.0	2.0	0.0	3.0					
545.57	13.048999999999978	trials	1.0	551.539681	552.891649	556.243429	556.629646	550.835241	553.937588	557.059	558.619	1.0	1.0	1.0	1.0					
560.706	11.138000000000034	trials	1.0	565.11637	566.146198	568.79764	569.28835	564.392295	567.839205	569.659	571.844	1.0	1.0	1.0	1.0					
575.908	6.826999999999998	trials	1.0	578.76442	580.217092			577.971784	580.708789	582.419	582.619	2.0		1.0	1.0					
586.266	7.219000000000051	trials	1.0	587.889741	589.721404	592.18309	592.648516	586.993185	591.164477			1.0	2.0	0.0	3.0					
594.544	8.25	trials	1.0	596.404672	597.691447	600.563264	600.953274	593.487073	599.6680289999999	601.349	602.794	1.0	1.0	1.0	1.0					
606.831	8.114000000000033	trials	1.0	609.064722	610.101532	614.473077	614.947127	608.275405	611.828479			1.0	1.0	0.0	3.0					
616.799	12.279999999999973	trials	1.0	622.5498299999999	624.141591			621.814246	626.4429729999999	628.394	629.079	2.0		1.0	1.0					
632.099	9.471000000000004	trials	1.0	635.5249739999999	637.1561399999999	640.1682989999999	640.8279279999999	634.9982249999999	638.959421			1.0	2.0	0.0	3.0					
643.539	6.894999999999982	trials	1.0	645.144879	646.548217	648.221675	648.57245	641.5722089999999	647.198223	648.945	650.434	1.0	1.0	1.0	1.0					
654.462	9.116999999999962	trials	1.0	656.550483	658.55751	662.289466	662.925388	656.021386	661.200191			1.0	2.0	0.0	3.0					
664.619	6.0049999999999955	trials	1.0	666.457315	667.606614			663.580772	668.405005	670.299	670.549	2.0		1.0	1.0					
674.156	7.90300000000002	trials	1.0	675.979782	678.020001	681.4438769999999	681.929047	675.167064	680.562231			1.0	1.0	0.0	3.0					
683.809	4.75	trials	1.0	686.130591	686.553106			685.245393	686.5405949999999			1.0		0.0	2.0					
692.574	11.990000000000009	trials	1.0	699.995578	701.441611			699.212511	702.331498	704.224	704.32	2.0		1.0	1.0					
708.029	8.220000000000027	trials	1.0	710.2455659999999	711.607897	714.9828219999999	715.581556	709.401113	714.016401			1.0	2.0	0.0	3.0					
718.339	5.634999999999991	trials	1.0	720.242023	721.656661			716.2532679999999	721.885512	723.61	723.844	2.0		1.0	1.0					
727.434	8.761000000000081	trials	1.0	729.315368	730.521978	734.660604	735.422942	728.765891	733.6275029999999			1.0	2.0	0.0	3.0					
739.059	6.817000000000007	trials	1.0	740.929495	742.887335	745.384377	745.8774099999999	736.19931	744.362172			1.0	1.0	0.0	3.0					
749.754	32.125	trials	1.0	775.005912	777.023241	779.577631	779.958248	774.200417	777.9579	780.349	781.879	1.0	1.0	1.0	1.0					
785.944	10.720000000000027	trials	1.0	787.840942	789.799879	794.3440899999999	794.9403189999999	787.1323629999999	792.476041	795.11	796.664	1.0	2.0	1.0	1.0					
800.681	10.988999999999919	trials	1.0	803.000932	804.270397	809.968039	810.612673	802.101173	806.63147			1.0	2.0	0.0	3.0					
812.349	8.740000000000009	trials	1.0	814.2210689999999	815.699541	818.410872	819.055421	811.674651	817.545538	819.124	821.089	1.0	1.0	1.0	1.0					
824.159	10.794999999999959	trials	1.0	829.176008	831.03622	834.388684	834.959055	828.630215	832.345419			1.0	1.0	0.0	3.0					
836.735	5.7590000000000146	trials	1.0	839.586274	840.488614			838.976261	840.480244			1.0		0.0	2.0					
844.546	16.793000000000006	trials	1.0	855.7361099999999	857.329084			855.036058	858.3960059999999	860.254	861.339	2.0		1.0	1.0					
863.36	15.294999999999959	trials	1.0	868.676353	870.407745	876.216985	876.715567	867.7987439999999	871.830073	876.88	878.655	1.0	1.0	1.0	1.0					
882.677	9.396999999999935	trials	1.0	884.59609	885.708576	890.168679	890.77645	883.6995489999999	889.02549			1.0	2.0	0.0	3.0					
894.529	7.6299999999999955	trials	1.0	896.150854	898.009561	899.745218	900.121983	892.078486	898.5351029999999	900.485	902.159	1.0	1.0	1.0	1.0					
905.179	13.420000000000073	trials	1.0	913.851352	915.029827			913.3425579999999	916.174326	918.159	918.514	2.0		1.0	1.0					
921.094	11.759999999999991	trials	1.0	926.117763	928.128593	930.234307	930.606151	925.3571949999999	929.097256	930.939	932.854	1.0	1.0	1.0	1.0					
936.924	10.5	trials	1.0	940.493155	941.9381579999999	946.071604	946.713588	939.670665	944.582784			1.0	2.0	0.0	3.0					
948.409	8.44500000000005	trials	1.0	950.368521	951.988444	955.748622	955.927042	947.430506	951.985397			2.0		0.0	2.0					
958.105	19.213999999999942	trials	1.0	971.0261889999999	972.7288			970.142953	974.758411	976.684	976.884	2.0		1.0	1.0					
980.629	8.370000000000005	trials	1.0	982.171969	983.2532649999999	986.429143	987.107567	981.067498	985.4718809999999	987.224	988.999	1.0	1.0	1.0	1.0					
992.059	9.75	trials	1.0	995.507155	996.605956	1000.3651169999999	1001.116597	994.670901	999.025212			1.0	2.0	0.0	3.0					
1004.735	5.653999999999996	trials	1.0	1006.342582	1008.289311			1001.813398	1008.282574			2.0		0.0	2.0					
1013.364	15.839999999999918	trials	1.0	1018.35163	1019.912931	1027.075092	1027.391227	1017.649227	1023.594894	1027.82	1029.204	1.0	2.0	1.0	1.0					
1032.229	7.544999999999845	trials	1.0	1035.3966670000002	1037.323417	1038.9910120000002	1039.779798	1034.4718870000002	1038.206163			1.0	1.0	0.0	3.0					
1041.371	14.908999999999878	trials	1.0	1049.953618	1051.8450340000002	1054.937854	1055.559211	1049.1614160000001	1053.706944			1.0	2.0	0.0	3.0					
1058.489	6.269999999999982	trials	1.0	1060.34723	1061.750823			1056.2880810000001	1062.528698			2.0		1.0	1.0					
1067.34	20.302000000000135	trials	1.0	1071.2883820000002	1073.1438340000002	1086.337986	1086.9989170000001	1070.422317	1073.3324320000002			1.0	2.0	0.0	3.0					
1090.719	7.329999999999927	trials	1.0	1092.664189	1094.403978	1095.938061	1096.278957	1087.64451	1094.984187	1096.634	1098.049	1.0	1.0	1.0	1.0					
1101.065	8.058999999999969	trials	1.0	1103.892333	1105.863704	1107.8113150000001	1108.536475	1103.2766820000002	1106.405082			1.0	2.0	0.0	3.0					
1112.144	5.8599999999999	trials	1.0	1113.953907	1115.371167	1117.4389350000001	1118.008561	1109.131984	1116.637353			1.0	1.0	0.0	3.0					
1119.779	51.830999999999904	trials	1.0	1165.218679	1166.90172	1169.3904730000002	1169.717781	1164.652227	1168.201295	1170.134	1171.61	1.0	1.0	1.0	1.0					
1174.629	11.903999999999996	trials	1.0	1176.7680790000002	1178.623558	1184.3174310000002	1184.813867	1175.9826910000002	1182.7971220000002			1.0	2.0	0.0	3.0					
1186.654	13.61999999999989	trials	1.0	1192.902352	1194.609603	1198.9072930000002	1199.6469730000001	1191.9863260000002	1198.043468			1.0	2.0	0.0	3.0					
1201.304	5.4939999999999145	trials	1.0	1203.027835	1204.795206			1200.280872	1204.789945			1.0		0.0	2.0					
1209.809	16.80099999999993	trials	1.0	1218.048043	1219.7815810000002	1224.2865490000002	1224.916072	1217.47882	1223.2705740000001	1224.989	1226.61	1.0	1.0	1.0	1.0					
1230.634	12.710000000000036	trials	1.0	1232.567821	1233.6605590000001	1241.709061	1242.381748	1231.073517	1238.963823			1.0	2.0	0.0	3.0					
1244.074	5.644999999999982	trials	1.0	1245.947895	1247.155036			1243.349271	1247.4466750000001	1249.414	1249.639	2.0		1.0	1.0					
1254.194	6.610000000000127	trials	1.0	1255.857858	1257.408415	1260.041881	1260.808903	1254.458908	1258.846561			1.0	1.0	0.0	3.0					
1262.404	17.184999999999945	trials	1.0	1270.995237	1272.104319	1278.515945	1279.255722	1270.0312270000002	1277.487409			1.0	2.0	0.0	3.0					
1281.841	13.123000000000047	trials	1.0	1287.42379	1288.635988	1293.655864	1294.372704	1286.7919590000001	1292.736147			1.0	2.0	0.0	3.0					
1298.014	6.05600000000004	trials	1.0	1299.789899	1301.19017			1294.968793	1301.1821650000002			2.0		0.0	2.0					
1306.199	53.41099999999983	trials	1.0	1311.0800530000001	1312.645252	1359.2981650000002	1359.6168010000001	1310.3069340000002	1318.882419			1.0	1.0	0.0	3.0					
1361.639	21.685000000000173	trials	1.0	1372.459002	1374.015879	1380.674173	1381.4195040000002	1371.668662	1379.747695	1381.364	1383.324	1.0	1.0	1.0	1.0					
1385.344	17.9849999999999	trials	1.0	1394.2494900000002	1395.725803	1401.082359	1401.5403900000001	1393.467493	1399.781891	1401.694	1403.329	1.0	2.0	1.0	1.0					
1406.349	8.402000000000044	trials	1.0	1409.080723	1410.8954410000001	1413.419355	1414.0794600000002	1408.4256910000001	1412.3587260000002			1.0	2.0	0.0	3.0					
1415.744	6.451000000000022	trials	1.0	1417.4997480000002	1419.3733000000002			1414.7596780000001	1419.946731	1421.794	1421.829	2.0		1.0	1.0					
1425.669	9.02599999999984	trials	1.0	1427.370633	1428.687042	1433.4315040000001	1433.9550100000001	1426.5685500000002	1431.155209			1.0	2.0	0.0	3.0					
1436.754	5.9650000000001455	trials	1.0	1438.580367	1440.149599			1434.703365	1440.3029350000002	1442.695	1442.719	2.0		1.0	1.0					
1446.779	9.3900000000001	trials	1.0	1450.518685	1452.493799	1454.731072	1455.530893	1449.536442	1453.6703200000002			1.0	2.0	0.0	3.0					
1459.05	7.025000000000091	trials	1.0	1460.665578	1462.256491			1456.17678	1462.250029			1.0		0.0	2.0					
1466.31	14.470000000000027	trials	1.0	1475.540666	1476.9664050000001			1475.0104990000002	1478.542672			2.0		1.0	1.0					
1483.249	12.0	trials	1.0	1486.319122	1487.700624	1492.777239	1493.360738	1485.559428	1490.0533480000001	1493.485	1495.249	1.0	1.0	1.0	1.0					
1498.279	9.450000000000045	trials	1.0	1501.799987	1503.1910850000002	1506.488481	1507.144363	1500.850016	1505.46162			1.0	2.0	0.0	3.0					
1508.82	5.604000000000042	trials	1.0	1510.359916	1511.5168600000002			1507.7366200000001	1511.51403			2.0		0.0	2.0					
1517.524	10.64500000000021	trials	1.0	1521.2999160000002	1523.3013660000001	1525.476949	1526.2840270000002	1520.4871500000002	1524.6918930000002	1526.195	1528.169	1.0	1.0	1.0	1.0					
1531.189	9.375	trials	1.0	1534.719745	1535.852593	1538.968843	1539.665803	1533.756307	1537.9226800000001			1.0	2.0	0.0	3.0					
1542.284	22.9849999999999	trials	1.0	1544.239602	1546.0361070000001	1560.3043320000002	1560.9525780000001	1540.571815	1548.270318	1561.024	1565.269	1.0	1.0	1.0	1.0					
1569.288	6.901000000000067	trials	1.0	1571.9397390000001	1573.632888	1575.497943	1576.1974360000002	1571.2479850000002	1574.561155			1.0	1.0	0.0	3.0					
1577.84	13.569000000000187	trials	1.0	1583.166742	1585.006795			1582.610187	1588.846506	1590.664	1591.409	2.0		1.0	1.0					
1594.44	15.94399999999996	trials	1.0	1600.810105	1601.89162	1608.09058	1608.4600030000001	1600.10281	1605.609838	1608.754	1610.384	1.0	1.0	1.0	1.0					
1614.431	10.40300000000002	trials	1.0	1618.01536	1619.802054	1623.0373200000001	1623.635496	1617.0424150000001	1619.794771			1.0		0.0	2.0					
1625.816	12.878999999999905	trials	1.0	1631.3951020000002	1632.551985	1637.408595	1638.0951340000001	1630.480154	1636.4423160000001			1.0	2.0	0.0	3.0					
1639.739	9.141000000000076	trials	1.0	1641.565149	1643.0086270000002	1646.294155	1647.052189	1638.700084	1644.4547980000002	1647.08	1648.88	1.0	1.0	1.0	1.0					
1652.899	8.930000000000064	trials	1.0	1654.8905260000001	1656.587289	1659.746758	1660.566436	1653.7646670000001	1658.721375			1.0	1.0	0.0	3.0					
1662.074	18.220000000000027	trials	1.0	1675.7656410000002	1677.151722	1679.18766	1679.632245	1674.835978	1678.381695			1.0	2.0	0.0	3.0					
1682.554	5.069999999999936	trials	1.0	1684.3455490000001	1685.566638			1680.301138	1685.5056450000002			2.0		1.0	1.0					
1692.164	8.5	trials	1.0	1694.150601	1695.8520910000002	1699.581721	1700.0984580000002	1693.3101720000002	1696.7491630000002			1.0	1.0	1.0	1.0					
1703.169	15.424999999999955	trials	1.0	1713.565182	1715.2615930000002	1716.402906	1716.858271	1712.6631750000001	1715.694927	1717.144	1718.594	1.0	1.0	1.0	1.0					
1720.651	8.383000000000038	trials	1.0	1724.7512310000002	1726.1775750000002			1724.244733	1726.8882580000002	1728.629	1728.908	2.0		1.0	1.0					
1732.534	5.899999999999864	trials	1.0	1734.4453680000001	1735.6222380000002			1733.034781	1736.28627	1738.164	1738.414	2.0		1.0	1.0					
1740.894	11.160000000000082	trials	1.0	1743.130996	1744.7489830000002	1749.349105	1750.032296	1742.6218290000002	1747.634146	1749.979	1752.054	1.0	1.0	1.0	1.0					
1753.98	7.624000000000024	trials	1.0	1757.2607260000002	1758.969313			1756.2559210000002	1759.451418	1761.155	1761.604	2.0		1.0	1.0					
1764.659	6.879999999999882	trials	1.0	1766.190421	1768.0125280000002			1765.448851	1768.967515	1770.744	1771.539	2.0		1.0	1.0					
1775.574	7.694999999999936	trials	1.0	1777.5112080000001	1778.682679	1782.5016970000001	1783.276642	1775.959405	1781.596483			1.0	1.0	0.0	3.0					
1787.054	15.534999999999854	trials	1.0	1795.600762	1797.2386900000001	1801.408916	1801.913328	1794.7835160000002	1800.41134			1.0	2.0	0.0	3.0					
1803.732	17.326999999999998	trials	1.0	1805.641131	1807.3525900000002	1819.779813	1820.534871	1802.600463	1807.8655230000002			1.0	2.0	0.0	3.0					
1823.145	18.08400000000006	trials	1.0	1824.8815080000002	1826.7959830000002	1839.9341470000002	1840.536834	1821.0667230000001	1826.8640560000001			1.0	2.0	0.0	3.0					
1843.264	7.380000000000109	trials	1.0	1845.0209550000002	1846.107835			1841.2393570000002	1847.2943070000001	1849.195	1850.644	2.0		1.0	1.0					
1853.744	7.8400000000001455	trials	1.0	1856.5963330000002	1858.26918	1860.9992040000002	1861.596185	1856.0500200000001	1859.9062840000001			1.0	1.0	0.0	3.0					
1865.379	16.110000000000127	trials	1.0	1873.2566410000002	1875.222999	1880.110816	1880.7379	1872.47622	1878.908584			1.0	2.0	0.0	3.0					
1883.445	5.2840000000001055	trials	1.0	1885.240861	1886.669638			1881.5007480000002	1886.660769			1.0		0.0	2.0					
1892.737	21.707999999999856	trials	1.0	1905.5020450000002	1906.572907	1913.068316	1913.7859600000002	1904.742713	1911.2907030000001			1.0	2.0	0.0	3.0					
1917.399	6.970000000000027	trials	1.0	1919.103286	1920.403641	1921.916566	1922.229822	1914.4535070000002	1920.937372	1922.674	1924.369	1.0	1.0	1.0	1.0					
1928.389	13.115000000000009	trials	1.0	1933.0581040000002	1934.8682680000002	1940.825424	1941.5130940000001	1932.430356	1939.844601			1.0	1.0	0.0	3.0					
1943.155	12.83400000000006	trials	1.0	1948.7481810000002	1950.198945	1954.372757	1955.2251720000002	1947.954819	1952.77159			1.0	2.0	0.0	3.0					
1956.748	8.336000000000013	trials	1.0	1958.467026	1960.216807	1962.973348	1963.202784	1956.001459	1961.014525	1963.655	1965.084	1.0	1.0	1.0	1.0					
1968.11	7.004000000000133	trials	1.0	1971.3066780000001	1972.435735	1974.311071	1975.125418	1970.435676	1973.275358			1.0	1.0	0.0	3.0					
1976.654	14.750999999999976	trials	1.0	1984.222179	1985.649229	1988.965948	1989.395361	1983.490636	1987.9626520000002	1989.769	1991.405	1.0	1.0	1.0	1.0					
1994.429	11.115000000000009	trials	1.0	1998.6232960000002	2000.39991	2002.774362	2003.746374	1998.0238180000001	2001.620871	2003.424	2005.544	1.0	1.0	1.0	1.0					
2009.584	6.235999999999876	trials	1.0	2011.672344	2013.278553	2014.927764	2015.8304790000002	2010.956721	2013.912943			1.0	1.0	0.0	3.0					
2018.252	25.642000000000053	trials	1.0	2036.31742	2037.839136	2042.5950090000001	2043.2343090000002	2035.738315	2041.22259			1.0	2.0	0.0	3.0					
2044.963	5.560999999999922	trials	1.0	2046.6521250000003	2047.743502			2043.903147	2048.356125	2050.199	2050.524	2.0		1.0	1.0					
2053.034	7.7599999999997635	trials	1.0	2055.677637	2057.006974			2054.981753	2057.634748	2059.519	2060.794	2.0		1.0	1.0					
2064.831	11.502999999999702	trials	1.0	2068.482517	2069.8060029999997	2075.1329379999997	2075.797029	2067.567203	2073.8561409999998			1.0	2.0	0.0	3.0					
2078.484	6.724999999999909	trials	1.0	2080.392425	2082.2949719999997	2084.2667309999997	2085.2215389999997	2076.346782	2083.2747099999997			1.0	1.0	0.0	3.0					
2086.589	19.06600000000026	trials	1.0	2096.4675239999997	2098.3553469999997	2103.360655	2103.92954	2095.808346	2101.449493	2104.124	2105.655	1.0	1.0	1.0	1.0					
2107.674	11.440000000000055	trials	1.0	2112.802887	2114.529661	2118.412743	2119.127528	2111.985447	2117.0527739999998			1.0	1.0	0.0	3.0					
2121.744	15.105000000000018	trials	1.0	2126.7225789999998	2128.706092	2134.206652	2134.645536	2126.0027889999997	2133.159973	2134.964	2136.849	1.0	2.0	1.0	1.0					
2140.869	10.534999999999854	trials	1.0	2142.878422	2144.589001	2150.118412	2150.813574	2141.231707	2147.56365			1.0	2.0	0.0	3.0					
2152.469	4.8449999999998	trials	1.0	2154.097915	2155.315483			2151.416578	2155.3080929999996			2.0		0.0	2.0					
2160.324	12.769999999999982	trials	1.0	2165.3741379999997	2166.3895709999997	2172.5327859999998	2173.1071279999996	2164.709038	2171.663499			1.0	1.0	0.0	3.0					
2175.874	15.38000000000011	trials	1.0	2185.83446	2187.164824	2190.908339	2191.2644889999997	2184.864169	2187.1485989999996			1.0		0.0	2.0					
2192.175	5.598999999999705	trials	1.0	2194.392904	2195.611046	2197.397677	2197.78231	2193.733405	2196.476647			1.0	1.0	0.0	3.0					
2199.719	15.445000000000164	trials	1.0	2207.452862	2209.020477	2213.9405079999997	2214.580339	2206.78611	2212.691974			1.0	2.0	0.0	3.0					
2218.264	7.096000000000004	trials	1.0	2220.053548	2221.932219			2215.1730359999997	2222.6115609999997	2224.384	2225.36	2.0		1.0	1.0					
2228.384	11.534999999999854	trials	1.0	2231.268203	2232.964297	2237.6225609999997	2238.141654	2230.723293	2236.875454	2238.409	2239.919	1.0	2.0	1.0	1.0					
2243.984	8.305000000000291	trials	1.0	2245.544715	2247.0795359999997	2250.981097	2251.646807	2244.9366689999997	2249.476975			1.0	2.0	0.0	3.0					
2254.298	8.107000000000426	trials	1.0	2255.9689359999998	2257.699873	2261.729746	2262.41419	2252.30071	2260.900493			1.0	1.0	0.0	3.0					
2266.095	13.765000000000327	trials	1.0	2273.018274	2274.2653579999997			2272.1430149999997	2276.421589	2278.204	2279.86	2.0		1.0	1.0					
2283.885	10.823999999999614	trials	1.0	2285.863531	2287.86996	2293.407688	2294.170476	2285.199634	2292.049978			1.0	2.0	0.0	3.0					
2295.739	11.735000000000127	trials	1.0	2297.578411	2299.407118	2305.147985	2305.581329	2294.719894	2303.5802009999998	2305.879	2307.474	1.0	1.0	1.0	1.0					
2309.494	10.510999999999967	trials	1.0	2313.18892	2314.925592	2318.694211	2319.380386	2312.6157279999998	2316.726028			1.0	2.0	0.0	3.0					
2321.024	13.606000000000222	trials	1.0	2322.763969	2324.6904759999998	2332.392166	2332.6660899999997	2320.016503	2326.288168	2333.144	2334.63	1.0	1.0	1.0	1.0					
2337.654	8.885000000000218	trials	1.0	2340.9087449999997	2342.38103			2340.258226	2343.28597	2345.104	2346.539	2.0		1.0	1.0					
2350.629	6.887000000000171	trials	1.0	2352.4388999999996	2353.500524	2356.2455099999997	2356.853209	2351.58085	2355.288669			1.0	2.0	0.0	3.0					
2358.574	5.400000000000091	trials	1.0	2360.170564	2361.800653	2363.242925	2363.985886	2357.526676	2362.273783			1.0	1.0	0.0	3.0					
2367.589	24.085000000000036	trials	1.0	2385.0006359999998	2386.547056			2384.448642	2388.3037019999997	2390.004	2391.674	2.0		1.0	1.0					
2395.709	9.046000000000276	trials	1.0	2397.7643679999996	2399.555996	2401.066798	2401.7770929999997	2396.83435	2399.985526			1.0	1.0	0.0	3.0					
2405.454	24.615999999999985	trials	1.0	2423.069283	2424.231056			2422.1332319999997	2425.896813	2427.679	2430.07	2.0		1.0	1.0					
2432.094	9.0	trials	1.0	2435.898963	2437.3994989999997	2439.923614	2440.507157	2435.017621	2439.1263839999997			1.0	2.0	0.0	3.0					
2444.254	5.526000000000295	trials	1.0	2445.8843859999997	2447.146782	2449.571815	2449.633295	2441.104941	2447.139744			1.0		0.0	2.0					
2451.244	12.404999999999745	trials	1.0	2455.675054	2457.191694			2455.11271	2459.7824619999997	2463.244	2463.649	2.0		1.0	1.0					
2465.681	10.442999999999756	trials	1.0	2469.703849	2471.043762			2468.962095	2472.560035	2474.724	2476.124	2.0		1.0	1.0					
2479.899	8.474999999999909	trials	1.0	2482.0643489999998	2483.3320019999996			2481.257971	2485.94207	2487.894	2488.374	2.0		1.0	1.0					
2491.389	7.994999999999891	trials	1.0	2493.769647	2495.35183			2492.990845	2496.3647389999996	2498.274	2499.384	2.0		1.0	1.0					
2503.449	8.00500000000011	trials	1.0	2505.01026	2506.316313	2508.793087	2509.532682	2503.9579089999997	2507.867923	2509.445	2511.454	1.0	1.0	1.0	1.0					
2513.31	11.760000000000218	trials	1.0	2517.449202	2518.7067629999997	2523.827968	2524.4940389999997	2516.8894299999997	2521.015143			1.0	2.0	0.0	3.0					
2528.155	7.323999999999614	trials	1.0	2529.9402059999998	2531.209037	2534.90298	2535.486556	2525.085321	2531.588189			1.0	1.0	0.0	3.0					
2538.485	16.80099999999993	trials	1.0	2547.01561	2548.621189	2554.020627	2554.7447859999997	2546.500117	2553.026945			1.0	2.0	0.0	3.0					
2558.449	7.755000000000109	trials	1.0	2560.1098589999997	2561.4055749999998	2563.953436	2564.445598	2555.299289	2563.018573	2564.699	2566.204	1.0	1.0	1.0	1.0					
2569.254	9.557999999999993	trials	1.0	2572.380154	2574.058653	2575.9949939999997	2576.9641779999997	2571.521778	2575.275013	2576.78	2578.812	1.0	1.0	1.0	1.0					
2581.829	9.639999999999873	trials	1.0	2586.055045	2587.637191	2590.050275	2591.484019	2585.320099	2589.074832			1.0	1.0	0.0	3.0					
2593.373	14.536000000000058	trials	1.0	2600.649989	2602.426934	2606.669641	2607.2022899999997	2600.014053	2605.562473			1.0	2.0	0.0	3.0					
2609.989	8.420000000000073	trials	1.0	2611.800469	2613.44611	2617.737728	2618.423794	2607.922788	2616.858868			1.0	1.0	0.0	3.0					
2621.104	12.3100000000004	trials	1.0	2624.880693	2626.76701	2632.0754429999997	2632.7719509999997	2624.0375489999997	2630.55604			1.0	2.0	0.0	3.0					
2634.404	22.126000000000204	trials	1.0	2635.96152	2637.065513	2654.9122859999998	2655.973441	2633.429004	2641.3467269999996			1.0	2.0	0.0	3.0					
2657.28	9.948999999999614	trials	1.0	2659.047076	2660.2224969999997	2664.8088519999997	2665.3198509999997	2656.5419669999997	2663.30582	2665.514	2667.229	1.0	1.0	1.0	1.0					
2669.244	7.815000000000055	trials	1.0	2673.1652609999996	2675.007295	2676.286415	2677.072539	2672.59066	2675.536626			1.0	1.0	0.0	3.0					
2679.62	15.713999999999942	trials	1.0	2687.881222	2689.946614	2694.0282279999997	2694.598912	2686.8868479999996	2693.1970349999997			1.0	2.0	0.0	3.0					
2696.349	8.794999999999618	trials	1.0	2697.966012	2699.8680569999997	2704.0072059999998	2705.1573909999997	2695.346197	2702.871106			1.0	1.0	0.0	3.0					
2707.339	22.659999999999854	trials	1.0	2719.0661099999998	2720.6670099999997	2728.885555	2729.438248	2718.209371	2725.6450569999997			1.0	2.0	0.0	3.0					
2733.214	7.027000000000044	trials	1.0	2735.142237	2736.81349	2737.9964729999997	2738.415991	2730.012273	2737.085302	2738.809	2740.241	1.0	1.0	1.0	1.0					
2742.259	11.514999999999873	trials	1.0	2748.1907469999996	2749.762604	2752.420984	2753.065896	2747.2221999999997	2750.711215			1.0	2.0	0.0	3.0					
2755.792	10.932000000000244	trials	1.0	2757.7455449999998	2758.792095	2764.505953	2764.892155	2753.788442	2763.738304	2765.235	2766.724	1.0	1.0	1.0	1.0					
2768.79	20.615000000000236	trials	1.0	2783.730906	2785.523118			2782.735284	2785.834867	2787.945	2789.405	2.0		1.0	1.0					
2792.425	7.928999999999633	trials	1.0	2795.231244	2796.8048489999996	2799.7027359999997	2800.365511	2794.636333	2798.15328			1.0	1.0	0.0	3.0					
2804.034	14.121000000000095	trials	1.0	2810.894409	2812.3115279999997	2816.8650479999997	2817.515319	2810.2050219999996	2813.740536			1.0	2.0	0.0	3.0					
2820.23	6.719000000000051	trials	1.0	2822.07598	2823.372178			2818.167934	2823.3642849999997			1.0		0.0	2.0					
2828.464	14.474999999999909	trials	1.0	2834.826023	2836.8811889999997	2840.9635829999997	2841.330441	2834.1268569999997	2840.136745	2841.86	2842.939	1.0	1.0	1.0	1.0					
2844.954	7.519999999999982	trials	1.0	2848.231446	2849.688147	2851.767759	2852.4890849999997	2847.2977379999998	2850.84148			1.0	1.0	0.0	3.0					
2854.094	17.909999999999854	trials	1.0	2865.9867649999997	2867.105874			2865.426817	2868.8404889999997	2870.564	2872.004	2.0		1.0	1.0					
2876.019	7.940000000000055	trials	1.0	2877.907762	2879.513862	2882.618611	2883.33509	2877.153051	2881.7245049999997			1.0	2.0	0.0	3.0					
2886.945	4.753999999999905	trials	1.0	2888.4766569999997	2890.354755	2891.229303	2891.716302	2883.972703	2890.3753899999997			1.0	1.0	0.0	3.0					
2895.549	9.215000000000146	trials	1.0	2900.011919	2901.903855	2903.313687	2903.981211	2899.073996	2902.447413			1.0	2.0	0.0	3.0					
2906.634	6.25	trials	1.0	2908.628242	2910.282208			2904.7801059999997	2910.5561319999997			2.0		1.0	1.0					
2917.355	6.639000000000124	trials	1.0	2918.916112	2920.5381429999998	2923.4677899999997	2924.009667	2917.7863749999997	2921.833651			1.0	2.0	0.0	3.0					
2925.791	12.31899999999996	trials	1.0	2929.137253	2931.195375	2936.788084	2938.1218959999997	2928.397212	2933.347684			1.0	1.0	0.0	3.0					
2939.159	15.9699999999998	trials	1.0	2949.348743	2951.30878	2953.6315299999997	2954.2839129999998	2948.6269899999998	2951.670478			1.0	2.0	0.0	3.0					
2956.995	10.804000000000087	trials	1.0	2958.60679	2960.2509609999997	2965.6054179999996	2965.9757219999997	2955.1447089999997	2964.104726	2966.36	2967.799	1.0	1.0	1.0	1.0					
2971.824	5.824999999999818	trials	1.0	2973.4965239999997	2974.929016	2976.8793539999997	2977.664252	2972.680399	2975.624887			1.0	1.0	0.0	3.0					
2979.214	25.159999999999854	trials	1.0	2998.737186	3000.1089749999996			2997.775544	3001.037538	3002.804	3004.374	2.0		1.0	1.0					
3006.409	9.529999999999745	trials	1.0	3009.4277709999997	3010.8590489999997	3014.544468	3014.858277	3008.781336	3013.537098			1.0	2.0	0.0	3.0					
3017.949	7.025000000000091	trials	1.0	3019.822351	3021.073523	3024.364935	3024.9914799999997	3015.9561909999998	3021.0643969999996			2.0		0.0	2.0					
3025.074	45.73000000000002	trials	1.0	3067.786509	3068.803957	3070.299982	3070.326231	3066.84262	3068.796591			1.0		0.0	2.0					
3073.814	5.4900000000002365	trials	1.0	3075.90228	3077.30868			3073.87	3077.2978239999998			1.0		0.0	2.0					
3083.339	14.320000000000164	trials	1.0	3090.2017379999998	3091.31367	3096.127236	3097.095649	3089.383351	3092.078632			1.0	2.0	0.0	3.0					
3099.493	9.971000000000004	trials	1.0	3101.212062	3102.568351			3097.6705	3103.490703	3105.264	3105.894	2.0		1.0	1.0					
3109.915	7.108999999999924	trials	1.0	3111.70855	3112.8985119999998	3115.829386	3116.457427	3109.474129	3113.650612			1.0	2.0	0.0	3.0					
3118.164	5.964999999999691	trials	1.0	3119.748349	3120.912478	3123.637324	3124.140506	3117.033799	3122.715894			1.0	1.0	0.0	3.0					
3127.961	10.318000000000211	trials	1.0	3133.386995	3134.868084	3136.923817	3137.73604	3132.647139	3136.093864			1.0	2.0	0.0	3.0					
3141.244	6.889999999999873	trials	1.0	3142.951718	3144.119284			3138.287593	3144.825569	3146.634	3148.134	2.0		1.0	1.0					
3150.196	14.077999999999975	trials	1.0	3155.917698	3157.390887	3161.070361	3161.926486	3155.042143	3160.246938			1.0	2.0	0.0	3.0					
3165.684	17.574999999999818	trials	1.0	3171.977007	3173.743386	3180.978732	3181.602076	3171.124362	3179.945176	3181.719	3183.259	1.0	2.0	1.0	1.0					
3185.279	10.751000000000204	trials	1.0	3188.922568	3190.493715	3194.410214	3195.4243539999998	3188.105596	3193.501357			1.0	2.0	0.0	3.0					
3198.754	9.085000000000036	trials	1.0	3200.592993	3201.818824	3205.550877	3205.852446	3196.039987	3203.682175	3206.274	3207.839	1.0	1.0	1.0	1.0					
3210.905	10.43899999999985	trials	1.0	3214.248702	3215.537811	3219.652915	3220.417168	3213.649357	3218.434541			1.0	2.0	0.0	3.0					
3222.989	27.355000000000018	trials	1.0	3224.672968	3225.854592	3247.220589	3247.840509	3221.355984	3227.546473			1.0	1.0	0.0	3.0					
3250.559	15.899999999999636	trials	1.0	3257.36724	3259.499292	3263.680548	3264.5382449999997	3256.480365	3262.221622	3264.289	3266.459	1.0	1.0	1.0	1.0					
3268.479	9.335000000000036	trials	1.0	3272.669434	3274.691404	3277.096059	3277.825305	3272.159535	3275.958556			1.0	1.0	0.0	3.0					
3279.429	17.409999999999854	trials	1.0	3286.173303	3287.258494	3293.514057	3294.306447	3285.657406	3292.479232			1.0	2.0	0.0	3.0					
3297.889	7.141000000000076	trials	1.0	3300.857924	3302.025775			3300.016288	3302.780924			2.0		1.0	1.0					
3308.559	11.519999999999982	trials	1.0	3315.54846	3316.747737	3319.437552	3320.0893	3315.0431129999997	3318.229515			1.0	1.0	0.0	3.0					
3321.805	18.69399999999996	trials	1.0	3327.353447	3329.290223	3338.538624	3338.823556	3326.483524	3334.279747	3339.199	3340.499	1.0	1.0	1.0	1.0					
3343.559	8.084999999999582	trials	1.0	3345.773166	3347.460871	3349.423081	3349.8912259999997	3344.846804	3348.312245	3350.059	3351.644	1.0	2.0	1.0	1.0					
3354.664	8.0949999999998	trials	1.0	3357.32314	3358.824669			3356.324665	3359.8311	3361.844	3362.759	2.0		1.0	1.0					
3365.824	22.31999999999971	trials	1.0	3381.933603	3383.465524	3386.912929	3387.411331	3381.059405	3386.075573			1.0	2.0	0.0	3.0					
3391.235	4.9789999999998145	trials	1.0	3393.158267	3394.215593			3388.152678	3394.208487			2.0		0.0	2.0					
3399.228	13.365999999999985	trials	1.0	3407.118346	3409.0200489999997	3410.973147	3411.698961	3406.18369	3410.195617			1.0	2.0	0.0	3.0					
3413.29	22.708999999999833	trials	1.0	3414.883525	3416.810394	3434.846478	3435.452014	3412.605988	3418.983406			1.0	2.0	0.0	3.0					
3438.189	9.225000000000364	trials	1.0	3440.125245	3441.979931	3444.283164	3445.417264	3436.010038	3443.27709			1.0	1.0	0.0	3.0					
3448.57	14.268999999999778	trials	1.0	3455.073213	3456.845901			3454.142416	3459.293721	3460.994	3462.839	2.0		1.0	1.0					
3464.899	11.375	trials	1.0	3469.028554	3470.615065	3474.385872	3475.507749	3468.440661	3473.583325			1.0	2.0	0.0	3.0					
3476.709	6.851000000000113	trials	1.0	3478.489038	3479.980318			3476.284053	3481.400511	3483.144	3483.284	2.0		1.0	1.0					
3488.059	9.694999999999709	trials	1.0	3490.045628	3492.0978	3495.231292	3495.797452	3489.148046	3493.946713	3495.939	3497.754	1.0	1.0	1.0	1.0					
3499.816	10.153000000000247	trials	1.0	3503.943964	3505.229411			3503.210079	3507.4234269999997	3509.149	3509.969	2.0		1.0	1.0					
3511.985	9.838999999999942	trials	1.0	3516.699006	3518.663848	3520.5512909999998	3521.175174	3515.801566	3519.53364			1.0	2.0	0.0	3.0					
3524.869	8.605000000000018	trials	1.0	3526.75441	3528.580165			3521.837095	3528.5691349999997			1.0		0.0	2.0					
3533.58	16.450000000000273	trials	1.0	3544.734003	3546.369339	3548.194026	3548.87014	3543.832362	3547.188702			1.0	2.0	0.0	3.0					
3550.529	9.474999999999909	trials	1.0	3552.045718	3553.940881	3558.529113	3559.192632	3550.042866	3557.340669			1.0	2.0	0.0	3.0					
3561.854	7.2400000000002365	trials	1.0	3563.836074	3565.120646	3568.776835	3569.019412	3560.016796	3567.815128			1.0	1.0	0.0	3.0					
3573.149	10.394999999999982	trials	1.0	3577.069633	3578.455758			3576.217138	3581.2268679999997	3582.939	3583.0	2.0		1.0	1.0					
3586.844	8.650000000000091	trials	1.0	3588.774812	3590.469843			3588.054999	3592.854808	3594.629	3595.494	2.0		1.0	1.0					
3597.559	9.274999999999636	trials	1.0	3601.139593	3602.27111			3600.516136	3604.659513	3606.399	3606.684	2.0		1.0	1.0					
3611.309	9.80099999999993	trials	1.0	3612.904437	3613.9910330000002	3619.379242	3620.32131	3611.506329	3618.2273219999997			1.0	2.0	0.0	3.0					
3621.779	10.135000000000218	trials	1.0	3623.494168	3625.42261	3629.04467	3629.310306	3621.1200440000002	3627.535767	3629.699	3631.914	1.0	1.0	1.0	1.0					
3634.982	9.98700000000008	trials	1.0	3640.009775	3642.021622	3643.518742	3644.32664	3639.121269	3642.425389			1.0	2.0	0.0	3.0					
3645.848	5.766000000000076	trials	1.0	3647.6446539999997	3649.7068019999997	3650.882461	3651.25224	3644.983083	3649.682535			1.0	1.0	0.0	3.0					
3653.25	11.454000000000178	trials	1.0	3658.989772	3660.871121	3662.353736	3662.952499	3658.2166589999997	3661.481854	3663.199	3664.704	1.0	2.0	1.0	1.0					
3667.745	8.503999999999905	trials	1.0	3670.279794	3671.473382			3669.640861	3672.79007	3675.204	3676.249	2.0		1.0	1.0					
3679.27	9.108999999999924	trials	1.0	3681.145053	3683.186179	3685.887904	3686.435805	3680.618285	3684.8662059999997	3686.524	3688.379	1.0	2.0	1.0	1.0					
3692.439	7.335000000000036	trials	1.0	3695.319601	3696.71079			3694.461863	3697.462008	3699.474	3699.774	2.0		1.0	1.0					
3702.838	7.295999999999822	trials	1.0	3705.0902969999997	3706.365793	3708.883429	3709.485274	3704.090197	3707.755927			1.0	2.0	0.0	3.0					
3711.204	6.579999999999927	trials	1.0	3713.150251	3714.152032	3717.377792	3717.796646	3710.1466769999997	3714.14524			1.0		0.0	2.0					
3720.211	10.524000000000342	trials	1.0	3722.700208	3724.0677299999998	3729.168446	3730.156665	3721.947313	3728.41239			1.0	2.0	0.0	3.0					
3733.549	7.139999999999873	trials	1.0	3735.53758	3736.566888	3738.65748	3739.004899	3730.750216	3737.650764	3739.324	3740.689	1.0	1.0	1.0	1.0					
3744.706	5.617999999999938	trials	1.0	3746.54552	3748.322039	3749.53167	3750.338917	3744.99165	3748.560475			1.0	1.0	0.0	3.0					
3751.87	12.200000000000273	trials	1.0	3758.410472	3759.7772649999997	3762.730284	3763.449372	3757.472319	3761.213002			1.0	2.0	0.0	3.0					
3766.054	8.909999999999854	trials	1.0	3767.829917	3769.438275	3774.172171	3774.975455	3764.080359	3772.797426			1.0	1.0	0.0	3.0					
3777.49	40.4340000000002	trials	1.0	3810.62712	3812.67316	3815.832088	3816.31057	3809.726421	3814.40125	3816.395	3817.924	1.0	1.0	1.0	1.0					
3819.945	8.682999999999993	trials	1.0	3822.8416230000003	3824.107618	3827.22274	3827.9668899999997	3822.0469709999998	3825.781157			1.0	2.0	0.0	3.0					
3831.544	7.175000000000182	trials	1.0	3833.236399	3834.305229			3832.614877	3834.292216			1.0		0.0	2.0					
3839.309	12.385999999999967	trials	1.0	3845.146707	3846.367497	3849.721315	3850.773362	3844.318158	3848.783533			1.0	2.0	0.0	3.0					
3853.059	19.58999999999969	trials	1.0	3854.915347	3856.910418	3871.3022220000003	3872.0499609999997	3851.709955	3858.232438			1.0	2.0	0.0	3.0					
3874.619	5.460000000000036	trials	1.0	3876.266077	3877.317553	3879.459234	3880.092015	3872.660817	3878.328116			1.0	1.0	0.0	3.0					
3881.824	11.974999999999909	trials	1.0	3888.256489	3889.443312			3887.297266	3891.7045669999998	3893.469	3893.739	2.0		1.0	1.0					
3896.267	13.922000000000025	trials	1.0	3900.5163430000002	3902.450362	3908.583241	3909.391231	3899.855191	3907.674844			1.0	2.0	0.0	3.0					
3910.919	9.91000000000031	trials	1.0	3912.87806	3914.936845	3918.468922	3918.839941	3910.202547	3917.347351	3919.11	3920.829	1.0	1.0	1.0	1.0					
3923.885	11.778999999999996	trials	1.0	3929.221641	3931.132767			3928.43523	3933.174426	3935.07	3935.664	2.0		1.0	1.0					
3938.695	10.278999999999996	trials	1.0	3942.976374	3944.353111	3948.4887	3948.986224	3942.445244	3946.290085			1.0	1.0	0.0	3.0					
3950.784	27.134999999999764	trials	1.0	3954.290956	3956.2938759999997	3971.018912	3971.245808	3953.653068	3962.071547	3971.724	3977.919	1.0	1.0	1.0	1.0					
3980.978	16.27099999999973	trials	1.0	3987.852508	3989.393397	3994.403456	3995.020555	3987.093282	3992.35944	3995.074	3997.249	1.0	1.0	1.0	1.0					
4000.294	14.13000000000011	trials	1.0	4008.356382	4009.571355	4012.867215	4013.63878	4007.549281	4010.681133			1.0	2.0	0.0	3.0					
4016.199	7.474999999999909	trials	1.0	4017.946395	4018.993015	4023.161287	4023.690366	4014.440233	4022.033647			1.0	1.0	0.0	3.0					
4026.534	13.980000000000018	trials	1.0	4031.56699	4033.681473	4036.847152	4036.854405	4030.884715	4035.559343			2.0		0.0	4.0					
4041.114	9.965999999999894	trials	1.0	4042.661246	4044.044673	4048.615268	4049.228718	4040.527131	4047.236458	4049.354	4051.08	1.0	1.0	1.0	1.0					
4055.103	7.726000000000113	trials	1.0	4057.0816139999997	4058.333265	4060.997886	4061.711577	4055.92196	4059.499698			1.0	1.0	0.0	3.0					
4065.309	8.574999999999818	trials	1.0	4069.777084	4070.853904			4068.907245	4071.715473	4073.619	4073.884	2.0		1.0	1.0					
4075.954	11.375	trials	1.0	4080.878464	4082.9406639999997			4079.884737	4084.775079	4086.61	4086.794	2.0		1.0	1.0					
4091.519	7.575000000000273	trials	1.0	4093.227919	4094.3417609999997			4091.672943	4096.991268	4098.804	4099.019	2.0		1.0	1.0					
4101.62	10.804000000000087	trials	1.0	4104.282265	4105.508602	4110.125629	4110.643959999999	4103.507571	4109.035318	4110.82	4112.424	1.0	2.0	1.0	1.0					
4116.484	7.899999999999636	trials	1.0	4118.4921429999995	4120.387524	4122.577303	4123.2702389999995	4117.800297	4121.565088			1.0	2.0	0.0	3.0					
4126.905	8.22400000000016	trials	1.0	4128.816977	4130.149692	4132.918283	4133.484274	4127.492947	4131.50622	4133.724	4135.129	1.0	1.0	1.0	1.0					
4137.184	8.125	trials	1.0	4140.397546	4142.429898	4144.069945	4144.622185	4139.540983	4143.072106			1.0	2.0	0.0	3.0					
4148.389	7.180999999999585	trials	1.0	4150.347863	4152.3649860000005	4154.655757	4155.147817	4145.324542	4153.449938			1.0	1.0	0.0	3.0					
4158.985	11.689000000000306	trials	1.0	4163.5319899999995	4165.070002	4168.890835	4169.986978	4162.627515	4167.783598			1.0	2.0	0.0	3.0					
4172.264	5.755000000000109	trials	1.0	4173.822737	4174.962239			4170.688003	4175.754523			2.0		1.0	1.0					
4180.559	8.534999999999854	trials	1.0	4183.917289	4185.37378	4187.662774	4188.323778	4182.935631	4186.64038			1.0	2.0	0.0	3.0					
4190.022	5.676000000000386	trials	1.0	4191.548937	4193.179451			4189.111654	4193.467713	4195.32	4195.698	2.0		1.0	1.0					
4197.755	9.059000000000196	trials	1.0	4200.827352	4202.005816			4200.1027030000005	4204.363779	4206.409	4206.579	2.0		1.0	1.0					
4209.29	10.753999999999905	trials	1.0	4213.924147	4215.612211	4218.688117	4219.424757	4213.0125769999995	4217.73132			1.0	2.0	0.0	3.0					
4222.96	5.774999999999636	trials	1.0	4224.737794	4225.85913	4228.5430209999995	4228.746983999999	4220.06131	4225.849324			1.0		0.0	2.0					
4229.864	24.121000000000095	trials	1.0	4248.5983209999995	4250.060227			4247.630038	4250.9109499999995	4252.729	4253.985	2.0		1.0	1.0					
4257.003	6.892000000000735	trials	1.0	4258.787817	4259.966118	4262.701279	4263.245893	4258.195876	4261.6795569999995			1.0	2.0	0.0	3.0					
4265.024	9.061999999999898	trials	1.0	4266.888247	4268.101012	4270.821771	4270.951153	4263.9111250000005	4268.098158			2.0		0.0	2.0					
4274.149	13.18499999999949	trials	1.0	4279.801565	4280.829508	4285.948051	4286.663253	4279.192699	4285.185813			1.0	2.0	0.0	3.0					
4290.284	6.096000000000458	trials	1.0	4291.940821	4293.99763	4296.040014	4296.394207	4287.350047	4294.7485			1.0	1.0	0.0	3.0					
4298.406	12.498999999999796	trials	1.0	4304.523652	4305.551611	4309.596664	4310.358013	4303.840222	4308.152035			1.0	2.0	0.0	3.0					
4314.09	9.948999999999614	trials	1.0	4316.093826	4317.409632	4321.563828	4322.214735	4310.917841	4320.728704	4322.369	4324.039	1.0	1.0	1.0	1.0					
4327.059	7.4299999999993815	trials	1.0	4329.167829	4330.805887	4333.164058	4333.82988	4328.408448	4332.107005			1.0	2.0	0.0	3.0					
4337.539	12.541000000000167	trials	1.0	4339.348881	4340.522655	4348.007809	4348.318837	4334.506495	4346.5370490000005	4348.735	4350.08	1.0	1.0	1.0	1.0					
4353.145	8.058999999999287	trials	1.0	4356.563626	4358.2012030000005			4355.586415	4359.099421			2.0		1.0	1.0					
4363.81	13.15899999999965	trials	1.0	4366.983639	4368.9282490000005	4374.507816	4375.077694	4365.988933	4371.3749339999995	4375.169	4376.969	1.0	2.0	1.0	1.0					
4381.004	7.204999999999927	trials	1.0	4382.68368	4384.6351429999995	4386.993375	4387.479048	4381.764157	4386.051808			1.0	2.0	0.0	3.0					
4390.324	8.395000000000437	trials	1.0	4392.1838179999995	4393.617798	4396.421176	4397.0515350000005	4388.224822	4395.431041	4397.244	4398.719	1.0	1.0	1.0	1.0					
4401.786	8.023000000000138	trials	1.0	4405.050141	4406.42682	4408.699157999999	4409.235492	4404.520732	4407.656038			1.0	2.0	0.0	3.0					
4413.109	4.424999999999272	trials	1.0	4414.908655	4415.089282			4409.827372	4415.079016			1.0		0.0	2.0					
4421.089	4.890000000000327	trials	1.0	4423.074046	4423.985229	4425.231745	4425.663576	4417.553086	4423.973855			1.0		0.0	2.0					
4428.989	6.706000000000131	trials	1.0	4432.005574	4433.166209	4435.085428	4435.712025	4431.115632999999	4434.227805			1.0	1.0	0.0	3.0					
4438.45	14.24499999999989	trials	1.0	4447.603785	4449.6160390000005	4451.036314	4451.502291	4446.744961	4450.135639			1.0	2.0	0.0	3.0					
4454.349	19.38000000000011	trials	1.0	4455.884365	4456.935328	4472.198496999999	4473.0566309999995	4452.712237	4457.706097			1.0	2.0	0.0	3.0					
4474.519	7.069999999999709	trials	1.0	4476.083754	4477.808475	4481.220243	4481.455761	4473.748072	4480.43488			1.0	1.0	0.0	3.0					
4483.605	11.965000000000146	trials	1.0	4490.7388009999995	4492.2720819999995			4489.736697	4493.296585	4495.155	4495.32	2.0		1.0	1.0					
4498.135	18.03899999999976	trials	1.0	4508.149653	4509.6758279999995	4513.91218	4514.608622	4507.374391	4512.90858	4514.559	4516.174	1.0	2.0	1.0	1.0					
4519.199	8.295000000000073	trials	1.0	4521.619011	4523.188542	4526.127273	4526.691425	4520.794026	4525.143084			1.0	2.0	0.0	3.0					
4529.489	8.105000000000473	trials	1.0	4531.091071	4532.728495	4535.431503	4535.767237	4527.511898	4534.151913	4536.149	4537.594	1.0	1.0	1.0	1.0					
4539.655	10.47900000000027	trials	1.0	4543.029058	4545.047782	4547.045008	4547.765059	4542.348186	4545.877971	4547.634	4550.134	1.0	1.0	1.0	1.0					
4553.169	8.3100000000004	trials	1.0	4555.495584	4556.708479	4560.272196	4560.883422	4554.609823	4559.21791			1.0	2.0	0.0	3.0					
4563.63	6.448999999999614	trials	1.0	4565.430979	4567.240486	4569.188151	4570.097347	4561.497966	4568.205103			1.0	1.0	0.0	3.0					
4571.514	19.079999999999927	trials	1.0	4585.269738	4586.406865			4584.346194	4587.098335	4588.964	4590.594	2.0		1.0	1.0					
4594.664	7.480000000000473	trials	1.0	4596.334314	4598.086427	4600.934346	4601.604538	4595.456206	4600.167843			1.0	2.0	0.0	3.0					
4604.259	6.579999999999927	trials	1.0	4605.8448659999995	4607.097573	4610.706338	4610.833404	4602.162085	4607.088063			1.0		0.0	2.0					
4611.105	12.424000000000888	trials	1.0	4616.100415	4617.4126830000005	4622.388709	4623.014788	4615.242097	4621.583164			1.0	2.0	0.0	3.0					
4626.757	6.032000000000153	trials	1.0	4628.466154	4629.726866			4623.545677	4630.367534	4632.219	4632.789	2.0		1.0	1.0					
4635.822	9.086999999999534	trials	1.0	4637.734818	4639.486416	4642.689052	4643.1559990000005	4637.044315	4640.453071	4643.384	4644.909	1.0	1.0	1.0	1.0					
4647.03	15.40900000000056	trials	1.0	4654.600233	4656.5843110000005	4659.906663	4660.370989	4653.842578	4657.065022	4660.564	4662.439	1.0	1.0	1.0	1.0					
4665.514	6.539999999999964	trials	1.0	4667.731231	4669.15192	4671.315257	4672.073768	4667.182731	4670.487777			1.0	1.0	0.0	3.0					
4673.672	12.207000000000335	trials	1.0	4679.959881	4681.701564			4679.1198970000005	4682.563779	4684.304	4685.879	2.0		1.0	1.0					
4688.904	9.714999999999236	trials	1.0	4691.790219	4692.9606029999995			4690.845961	4694.667383	4696.394	4698.619	2.0		1.0	1.0					
4700.644	9.24499999999989	trials	1.0	4704.591731	4705.87669	4708.633764	4709.256408	4704.075211	4707.403042			1.0	2.0	0.0	3.0					
4710.964	9.109999999999673	trials	1.0	4712.551804	4713.735645	4716.1153300000005	4716.846772	4709.90898	4715.274595			1.0	1.0	0.0	3.0					
4720.431	16.728000000000065	trials	1.0	4727.8015510000005	4729.777207	4732.734742	4733.9229909999995	4727.169714	4731.84198			1.0	1.0	0.0	3.0					
4737.374	7.780999999999949	trials	1.0	4740.245398	4742.192547			4739.273365	4742.686654	4744.454	4745.155	2.0		1.0	1.0					
4748.176	9.26299999999992	trials	1.0	4750.632162	4751.932266	4754.970306	4755.353926	4749.879301	4754.164492			1.0	1.0	0.0	3.0					
4759.284	5.260000000000218	trials	1.0	4761.295182	4762.501986			4759.595898	4762.497361			1.0		0.0	2.0					
4768.551	269.5619999999999	trials	1.0	5031.67159	5033.335221	5034.348984	5035.07491	5030.975925	5033.435913			1.0	2.0	0.0	3.0					
5038.804	8.215000000000146	trials	1.0	5042.192247	5043.728338	5045.6005079999995	5047.039213	5041.460523	5044.748227			1.0	2.0	0.0	3.0					
5049.931	13.753000000000611	trials	1.0	5053.582435	5055.134017	5059.437979	5060.269024	5052.673171	5056.762668			1.0	2.0	0.0	3.0					
5063.752	5.036999999999352	trials	1.0	5065.692568	5067.083743	5068.1148	5068.807959	5064.36574	5067.15959			1.0	1.0	0.0	3.0					
5072.424	14.355999999999767	trials	1.0	5078.296534	5079.53965	5085.028035	5086.053327	5077.713411	5084.264398			1.0	2.0	0.0	3.0					
5089.39	6.7039999999997235	trials	1.0	5091.398193999999	5092.769587	5095.380519	5095.724521	5086.799134	5092.765398			1.0		0.0	2.0					
5097.815	17.009000000000015	trials	1.0	5105.00896	5106.5300019999995	5112.016527	5112.91435	5104.380765	5107.665213	5112.689	5114.824	1.0	1.0	1.0	1.0					
5116.894	9.36999999999989	trials	1.0	5120.552725	5122.149461999999	5124.998602	5125.701602	5119.861309	5124.150334			1.0	2.0	0.0	3.0					
5129.352	5.27599999999984	trials	1.0	5130.89745	5132.324311			5126.28442	5132.46175	5134.219	5134.628	2.0		1.0	1.0					
5137.154	9.074999999999818	trials	1.0	5140.072792	5141.798794	5145.118436000001	5145.645231	5139.180142	5144.172447			1.0	2.0	0.0	3.0					
5147.633	6.0219999999999345	trials	1.0	5149.197935	5150.381869			5146.247335	5151.291856	5152.985	5153.655	2.0		1.0	1.0					
5155.679	10.780999999999949	trials	1.0	5159.233773	5160.715943			5158.672116	5164.355394	5166.019	5166.394	2.0		1.0	1.0					
5169.974	8.704999999999927	trials	1.0	5171.982986999999	5173.329734999999	5177.945926	5178.700336	5170.985031	5176.28698			1.0	1.0	0.0	3.0					
5180.259	7.734999999999673	trials	1.0	5183.457737000001	5184.924677999999			5182.5823629999995	5185.665064	5187.445	5187.994	2.0		1.0	1.0					
5190.064	19.984999999999673	trials	1.0	5203.377478	5204.850272	5208.427732	5209.266871	5202.412054	5205.832996			1.0	2.0	0.0	3.0					
5210.916	4.88799999999992	trials	1.0	5212.509461	5214.1227340000005	5215.434567	5215.825882	5210.071867000001	5214.407617			1.0	1.0	0.0	3.0					
5219.754	25.449999999999818	trials	1.0	5239.759311	5241.265332999999	5243.126896	5243.662136999999	5238.875061000001	5242.311573999999	5243.899	5245.204	1.0	2.0	1.0	1.0					
5249.269	9.729999999999563	trials	1.0	5251.447865	5252.579908			5250.853946	5254.629048	5257.594	5258.999	2.0		1.0	1.0					
5261.071	8.608000000000175	trials	1.0	5263.952952	5265.263674	5268.374406	5269.041061	5263.4315879999995	5267.430622			1.0	2.0	0.0	3.0					
5271.745	9.72400000000016	trials	1.0	5273.393271	5275.015346	5279.539106	5279.666638000001	5269.700338000001	5275.301826	5277.209	5281.469	2.0		1.0	1.0					
5284.536	8.222999999999956	trials	1.0	5287.399506	5289.296308	5290.599187	5291.121798	5286.717237	5289.761523	5291.264	5292.759	1.0	2.0	1.0	1.0					
5295.78	7.765000000000327	trials	1.0	5298.323523999999	5299.980240999999	5302.205636000001	5303.013016	5297.465115999999	5301.365034			1.0	2.0	0.0	3.0					
5305.559	7.359999999999673	trials	1.0	5307.510403	5309.236492	5310.6697349999995	5311.1529310000005	5303.5647389999995	5309.621899	5311.434	5312.919	1.0	1.0	1.0	1.0					
5315.964	8.635000000000218	trials	1.0	5319.548306000001	5321.3910670000005	5323.189963	5324.039898999999	5318.978907000001	5321.69728			1.0	2.0	0.0	3.0					
5327.504	4.58600000000024	trials	1.0	5329.318651	5330.436702	5331.543407	5332.110113000001	5324.622432	5330.697690999999			1.0	1.0	0.0	3.0					
5333.864	10.300000000000182	trials	1.0	5337.7484349999995	5338.926024	5342.781311000001	5343.635749	5337.222903	5341.6144779999995			1.0	2.0	0.0	3.0					
5347.469	7.6899999999996	trials	1.0	5349.184255	5350.913965	5352.340651	5353.116411999999	5344.184401	5351.065465			1.0	1.0	0.0	3.0					
5355.656	12.057999999999993	trials	1.0	5361.234058	5362.801004999999	5366.5977760000005	5367.166711	5360.608719	5365.547565			1.0	2.0	0.0	3.0					
5370.004	7.260000000000218	trials	1.0	5371.9789359999995	5373.790842	5374.891154999999	5375.459522	5367.736441	5373.9358649999995	5375.549	5377.264	1.0	1.0	1.0	1.0					
5379.282	14.42199999999957	trials	1.0	5385.743745	5387.31909	5390.042173	5390.977366	5385.138538	5389.106955			1.0	2.0	0.0	3.0					
5394.364	6.860000000000582	trials	1.0	5396.3407179999995	5397.720015	5398.904785000001	5399.504391	5394.824539	5397.966608000001	5399.599	5401.224	1.0	1.0	1.0	1.0					
5403.294	9.364999999999782	trials	1.0	5407.213697	5408.495364	5411.190469	5411.99557	5406.291534	5409.635647			1.0	2.0	0.0	3.0					
5415.509	6.710000000000036	trials	1.0	5417.305629	5418.831697	5419.911735	5420.483249999999	5412.683360999999	5418.892822	5420.735	5422.219	1.0	1.0	1.0	1.0					
5425.239	8.460000000000036	trials	1.0	5427.434353000001	5429.001772			5426.658705	5430.284244			2.0		1.0	1.0					
5437.066	7.82300000000032	trials	1.0	5438.943939	5440.12342	5443.594752999999	5444.348866	5437.839115	5441.61802			1.0	2.0	0.0	3.0					
5446.899	7.119999999999891	trials	1.0	5448.899072	5449.286155			5444.909797	5449.279143			1.0		0.0	2.0					
5454.289	13.260000000000218	trials	1.0	5459.931042	5461.971775			5459.0199250000005	5463.200541	5464.924	5467.549	2.0		1.0	1.0					
5471.603	10.975999999999658	trials	1.0	5473.345639	5474.870628000001			5472.086214999999	5476.569622	5478.285	5482.579	2.0		1.0	1.0					
5486.599	13.734999999999673	trials	1.0	5494.293867	5495.899616000001	5498.696653	5499.341311	5493.3826690000005	5496.651522			1.0	2.0	0.0	3.0					
5502.965	6.368999999999687	trials	1.0	5505.029827	5506.210771	5507.126807000001	5507.400207000001	5500.355806	5506.281639	5507.809	5509.334	1.0	1.0	1.0	1.0					
5513.441	7.2830000000003565	trials	1.0	5515.089237	5517.030081999999	5518.424879	5518.921956	5514.398008	5517.576063	5519.124	5520.724	1.0	1.0	1.0	1.0					
5523.74	7.039999999999964	trials	1.0	5526.659734	5527.927233	5529.970875	5530.803723999999	5525.755417	5529.069067			1.0	1.0	0.0	3.0					
5532.279	10.1299999999992	trials	1.0	5536.140232	5537.432941	5541.119065	5541.660177	5535.554534999999	5540.135547			1.0	2.0	0.0	3.0					
5544.439	6.424999999999272	trials	1.0	5546.386435	5547.855132000001	5550.337703	5550.886446	5542.431598	5549.560198			1.0	1.0	0.0	3.0					
5552.654	10.625999999999294	trials	1.0	5556.824449	5558.116585			5556.224282	5560.163673999999	5562.149	5563.28	2.0		1.0	1.0					
5565.294	15.088999999999942	trials	1.0	5569.636042	5571.133202999999	5579.145514	5579.885905	5569.0213	5578.225761			1.0	2.0	0.0	3.0					
5582.506	6.087999999999738	trials	1.0	5584.530372	5586.2271550000005	5587.532548	5587.842248999999	5580.404548	5586.806598			1.0	1.0	1.0	1.0					
5592.089	10.534999999999854	trials	1.0	5596.565064	5597.7062829999995			5596.009404	5599.102557	5600.844	5602.624	2.0		1.0	1.0					
5606.684	8.260999999999513	trials	1.0	5608.5795880000005	5610.582761	5612.219590000001	5612.879092	5606.71711	5610.904531	5612.924	5614.945	1.0	1.0	1.0	1.0					
5616.744	8.640000000000327	trials	1.0	5620.7255079999995	5622.675646	5624.616476	5625.406601000001	5619.879575999999	5623.538140000001			1.0	1.0	0.0	3.0					
5626.965	9.019999999999527	trials	1.0	5630.630188	5631.911868			5630.017684	5632.569264	5634.464	5635.985	2.0		1.0	1.0					
5640.034	7.225000000000364	trials	1.0	5641.659829	5643.617595	5644.947193	5645.542565	5640.51209	5644.142908	5645.549	5647.259	1.0	2.0	1.0	1.0					
5649.28	8.939000000000306	trials	1.0	5652.9853330000005	5654.356347	5657.276750999999	5658.240132	5652.176241	5656.29934			1.0	1.0	0.0	3.0					
5659.588	9.671000000000276	trials	1.0	5662.7149420000005	5664.227804	5665.450878	5665.7811249999995	5662.09029	5664.216195999999			1.0		0.0	2.0					
5669.274	7.744999999999891	trials	1.0	5672.239611	5674.041153	5676.388327000001	5677.041733	5671.695444999999	5674.356672			1.0	2.0	0.0	3.0					
5680.704	9.675000000000182	trials	1.0	5682.731063	5684.443526999999	5688.219615	5688.625311	5681.489029	5687.149674	5688.929	5690.379	1.0	1.0	1.0	1.0					
5692.434	8.199999999999818	trials	1.0	5695.955218	5697.864339	5699.285768	5700.096026	5695.360438	5698.457534			1.0	2.0	0.0	3.0					
5701.604	7.019999999999527	trials	1.0	5703.338704	5704.938108			5700.657991	5704.924975			2.0		0.0	2.0					
5708.949	16.88500000000022	trials	1.0	5717.465335	5718.796717			5716.912050999999	5722.763076	5724.559	5725.834	2.0		1.0	1.0					
5727.849	9.454999999999927	trials	1.0	5731.690642	5733.581559	5736.091710000001	5736.6778300000005	5731.182365000001	5735.212535000001			1.0	2.0	0.0	3.0					
5739.415	8.623999999999796	trials	1.0	5741.200837	5742.877302	5745.838293	5746.342044999999	5737.328155	5745.054393	5746.441	5748.039	1.0	1.0	1.0	1.0					
5752.059	24.519999999999527	trials	1.0	5753.65575	5755.121218	5775.998989	5776.603342	5752.790781	5759.476266			1.0	1.0	0.0	3.0					
5778.371	22.622999999999593	trials	1.0	5792.776164	5794.393472	5799.282462	5800.223250999999	5791.98907	5795.671521			1.0	2.0	0.0	3.0					
5802.635	8.139000000000124	trials	1.0	5804.515912	5805.727473999999			5801.017435	5807.364750000001	5809.11	5810.774	2.0		1.0	1.0					
5812.839	10.190999999999804	trials	1.0	5816.040695	5817.243562	5820.639278000001	5821.299712	5815.320806	5819.457967	5821.384	5823.03	1.0	2.0	1.0	1.0					
5826.056	10.913000000000466	trials	1.0	5829.222414	5830.4639050000005	5835.566165	5836.322508	5828.528104	5833.798167999999			1.0	2.0	0.0	3.0					
5838.929	7.300000000000182	trials	1.0	5840.566315	5841.803561000001	5843.677974	5844.4043710000005	5836.994386	5842.751184000001	5844.344	5846.229	1.0	1.0	1.0	1.0					
5849.251	8.617999999999483	trials	1.0	5851.762779000001	5853.452845	5856.367233	5857.349746	5851.133014	5855.18592			1.0	2.0	0.0	3.0					
5858.69	8.434000000000196	trials	1.0	5860.66099	5862.582769000001			5857.891948	5863.1812119999995	5865.044	5867.124	2.0		1.0	1.0					
5870.149	6.6899999999996	trials	1.0	5871.836262	5873.377897	5875.681284	5876.31583	5870.970535	5874.656362			1.0	2.0	0.0	3.0					
5879.999	7.286000000000058	trials	1.0	5881.70203	5883.704540000001	5884.945666	5885.547347	5876.863132	5883.940191	5885.659	5887.285	1.0	1.0	1.0	1.0					
5891.304	7.242999999999483	trials	1.0	5893.071507000001	5894.888584	5896.317828	5897.015332	5891.870714000001	5895.453688			1.0	1.0	0.0	3.0					
5898.634	17.289999999999964	trials	1.0	5906.887782	5908.804126	5913.704916000001	5914.337178	5906.367081	5912.691455	5914.424	5915.924	1.0	1.0	1.0	1.0					
5919.946	7.94800000000032	trials	1.0	5923.347836999999	5924.850016	5926.678075	5927.23119	5922.826102	5925.746424			1.0	2.0	0.0	3.0					
5931.059	7.519999999999527	trials	1.0	5933.004771	5934.328914	5937.700162	5938.603963	5927.92054	5934.323758			1.0		0.0	2.0					
5939.468	13.690999999999804	trials	1.0	5944.397262	5945.883827			5943.6433959999995	5947.996822	5950.979	5953.159	2.0		1.0	1.0					
5956.265	7.6489999999994325	trials	1.0	5958.411484	5959.66947	5962.612884	5963.321812	5957.438426000001	5961.661927			1.0	2.0	0.0	3.0					
5966.925	4.2739999999994325	trials	1.0	5968.926513	5969.1539410000005			5963.940101	5969.1483339999995			1.0		0.0	2.0					
5973.254	9.190999999999804	trials	1.0	5977.746945999999	5978.958017999999	5980.115194	5980.586155	5976.878229	5979.43998	5980.715	5982.445	1.0	1.0	1.0	1.0					
5985.337	6.647999999999229	trials	1.0	5987.57709	5989.184289	5990.746107	5991.250856000001	5987.015498	5989.877455			1.0	2.0	0.0	3.0					
5995.059	5.4099999999998545	trials	1.0	5996.881956	5998.409718			5992.007593	5998.399411			2.0		0.0	2.0					
6004.479	13.764999999999418	trials	1.0	6007.836762999999	6008.9584030000005	6016.703456	6017.707075	6007.088965	6014.23273			1.0	2.0	0.0	3.0					
6019.962	6.069999999999709	trials	1.0	6021.591775999999	6022.504654	6025.3494009999995	6026.052366	6018.267946	6022.496521			1.0		0.0	2.0					
6026.539	19.020000000000437	trials	1.0	6038.014045	6039.960397	6043.278328	6043.861612000001	6037.294175999999	6040.90012	6043.964	6045.559	1.0	2.0	1.0	1.0					
6047.584	14.89599999999973	trials	1.0	6052.487197	6053.553562	6058.226457	6058.763665	6051.676903	6057.181708			1.0	2.0	0.0	3.0					
6062.534	7.1950000000006185	trials	1.0	6064.242778	6065.484525			6063.590728	6067.567752999999	6069.379	6069.464	2.0		1.0	1.0					
6072.24	7.28400000000056	trials	1.0	6074.712124	6076.185474			6073.721113	6077.129403	6078.909	6079.524	2.0		1.0	1.0					
6082.54	7.479000000000269	trials	1.0	6084.617783	6085.917625	6089.2979909999995	6090.043589999999	6084.010296	6088.352937			1.0	1.0	0.0	3.0					
6093.606	17.248000000000502	trials	1.0	6099.787566	6101.514751000001			6098.995487	6106.964726	6108.764	6110.854	2.0		1.0	1.0					
6112.874	8.925000000000182	trials	1.0	6116.539	6118.424	6120.339	6120.999	6115.749	6119.445			1.0	2.0	0.0	3.0					
6122.669	9.110999999999876	trials	1.0	6124.192116	6125.24037	6131.220919	6131.781139000001	6121.797897	6130.043518			1.0	1.0	0.0	3.0					
6134.616	16.467999999999847	trials	1.0	6143.101592000001	6144.209923	6149.770948	6150.423559000001	6142.167379	6148.803844000001			1.0	2.0	0.0	3.0					
6154.139	5.585000000000036	trials	1.0	6155.762350000001	6157.179007000001			6151.083619000001	6157.175489			2.0		0.0	2.0					
6162.199	12.975000000000364	trials	1.0	6167.761975	6169.33387	6173.698831000001	6174.298678000001	6167.2138110000005	6172.850918000001			1.0	2.0	0.0	3.0					
6177.034	5.770000000000437	trials	1.0	6178.877319	6180.917198000001	6182.181407000001	6182.804634000001	6175.17499	6180.983524			1.0	1.0	0.0	3.0					
6186.565	10.66400000000067	trials	1.0	6192.332502	6193.785235	6195.967351	6196.582932	6191.604880000001	6194.501053000001			1.0	2.0	0.0	3.0					
6199.309	7.269999999999527	trials	1.0	6201.073539000001	6202.754748	6205.237639000001	6206.580183000001	6197.226498000001	6202.748326000001			1.0		0.0	2.0					
6206.819	13.099999999999454	trials	1.0	6214.082412000001	6215.846072	6218.131164	6218.825305	6213.150921	6217.201729			1.0	2.0	0.0	3.0					
6220.509	9.234999999999673	trials	1.0	6222.117726	6223.84018	6227.571759	6227.992768000001	6219.918565000001	6226.324477000001	6228.28	6229.744	1.0	1.0	1.0	1.0					
6233.814	5.674999999999272	trials	1.0	6235.412824000001	6236.506956	6238.365030000001	6239.488756000001	6234.5589580000005	6237.565038000001			1.0	1.0	0.0	3.0					
6242.704	42.69500000000062	trials	1.0	6280.923307000001	6282.6245770000005	6283.951689	6284.628313	6280.312846000001	6283.1134170000005			1.0	2.0	0.0	3.0					
6287.321	4.153000000000247	trials	1.0	6289.182963	6289.462075			6285.398510000001	6289.447845000001			1.0		0.0	2.0					
6293.489	8.94000000000051	trials	1.0	6296.368032	6297.670290000001	6301.105711	6301.744747000001	6295.443184000001	6300.267172000001			1.0	2.0	0.0	3.0					
6304.485	6.314000000000306	trials	1.0	6306.2526210000005	6307.528845000001	6308.796373000001	6309.1231960000005	6302.427241	6307.694934000001	6309.579	6310.799	1.0	1.0	1.0	1.0					
6312.864	5.550000000000182	trials	1.0	6315.517668	6316.339731000001			6314.764303000001	6316.334141			2.0		0.0	2.0					
6322.424	10.654999999999745	trials	1.0	6327.163735000001	6328.245303000001			6326.188290000001	6330.185737000001	6331.919	6333.079	2.0		1.0	1.0					
6336.187	8.021999999999935	trials	1.0	6337.753713000001	6339.484423000001	6341.679514	6342.2662660000005	6337.09378	6340.30777	6342.389	6344.209	1.0	1.0	1.0	1.0					
6348.231	7.833000000000538	trials	1.0	6349.772925	6351.4854940000005			6348.665599000001	6353.542426000001	6355.674	6355.78	2.0		1.0	1.0					
6358.572	9.787999999999556	trials	1.0	6361.048087000001	6362.064419	6365.881824000001	6366.497050000001	6360.140761000001	6364.308703000001	6366.724	6368.36	1.0	1.0	1.0	1.0					
6371.42	9.59900000000016	trials	1.0	6374.784610000001	6376.475332000001	6378.617809	6379.185007000001	6374.16618	6377.633109	6379.28	6381.019	1.0	1.0	1.0	1.0					
6383.044	10.725000000000364	trials	1.0	6386.553321	6388.5217250000005	6391.201513000001	6391.887174	6385.854606000001	6390.1198030000005	6391.909	6393.769	1.0	1.0	1.0	1.0					
6395.839	10.27099999999973	trials	1.0	6399.544000000001	6401.4916060000005	6403.573976000001	6404.464828	6399.034802	6402.610600000001	6404.334	6406.11	1.0	1.0	1.0	1.0					
6410.129	6.234999999999673	trials	1.0	6411.778107000001	6413.049892000001	6415.6069290000005	6416.3658000000005	6411.220166000001	6414.631168000001			1.0	1.0	0.0	3.0					
6418.939	15.045999999999367	trials	1.0	6425.50704	6427.420177000001	6432.531311000001	6433.180969000001	6424.5622140000005	6431.523007000001			1.0	2.0	0.0	3.0					
6434.905	7.774000000000342	trials	1.0	6436.5531120000005	6438.402658000001			6433.986012	6439.2307900000005	6441.144	6442.679	2.0		1.0	1.0					
6445.7	8.639000000000124	trials	1.0	6448.478523000001	6450.447957			6447.845416	6451.3458040000005	6453.11	6454.339	2.0		1.0	1.0					
6456.379	9.010000000000218	trials	1.0	6459.708733	6461.5597210000005	6464.034647	6464.6505640000005	6458.948977000001	6463.099273000001			1.0	2.0	0.0	3.0					
6467.412	6.92699999999968	trials	1.0	6469.173504	6470.634729			6465.389433	6470.625328000001			1.0		0.0	2.0					
6474.659	15.286000000000058	trials	1.0	6480.558586000001	6481.696999000001	6488.742004000001	6489.394318000001	6479.824020000001	6483.479112000001			1.0	2.0	0.0	3.0					
6493.118	15.576999999999316	trials	1.0	6502.374496	6504.250741000001	6507.3806270000005	6508.018007000001	6501.652662	6506.317077000001			1.0	2.0	0.0	3.0					
6510.949	7.496000000000095	trials	1.0	6512.825797	6514.468561000001	6516.109692000001	6516.550029000001	6508.695720000001	6514.972616000001	6516.834	6518.445	1.0	1.0	1.0	1.0					
6520.47	6.948999999999614	trials	1.0	6523.66906	6525.070175000001	6526.896180000001	6527.422623	6523.0192990000005	6525.983839			1.0	1.0	0.0	3.0					
6529.162	21.50999999999931	trials	1.0	6530.798994000001	6532.456042000001	6548.509006	6549.166151	6529.264323	6533.824468000001			1.0	2.0	0.0	3.0					
6551.89	5.789999999999964	trials	1.0	6553.450657	6554.5957690000005			6550.672776	6555.385696	6557.224	6557.68	2.0		1.0	1.0					
6561.739	9.090000000000146	trials	1.0	6563.969368000001	6565.566763000001			6563.095114000001	6566.576619	6568.48	6570.829	2.0		1.0	1.0					
6573.846	7.9780000000000655	trials	1.0	6576.549225000001	6578.065713000001	6580.160403000001	6580.757554000001	6575.718720000001	6579.283366000001			1.0	2.0	0.0	3.0					
6584.535	5.564000000000306	trials	1.0	6586.274170000001	6587.921596	6589.809084	6590.102451000001	6581.828631	6587.911829000001			1.0		0.0	2.0					
6593.989	10.225000000000364	trials	1.0	6596.279994	6598.130579000001	6602.743419	6603.520255	6595.3021770000005	6601.620504			1.0	2.0	0.0	3.0					
6605.124	6.105000000000473	trials	1.0	6606.7409640000005	6607.801270000001	6609.134514	6609.523296	6604.214679000001	6608.21784	6609.789	6611.229	1.0	1.0	1.0	1.0					
6615.299	7.329999999999927	trials	1.0	6617.274377000001	6619.037618			6615.622803	6620.4579570000005	6622.155	6622.475	2.0		1.0	1.0					
6626.079	5.7409999999999854	trials	1.0	6627.929404	6629.3583180000005	6631.128310000001	6631.822973	6626.6085060000005	6630.162969000001			1.0	1.0	0.0	3.0					
6634.499	12.465000000000146	trials	1.0	6641.259372	6643.271161000001	6645.6750520000005	6646.385330000001	6640.271401000001	6644.787040000001			1.0	2.0	0.0	3.0					
6650.014	7.430999999999585	trials	1.0	6651.56933	6652.675962	6655.4176720000005	6655.734228	6646.966555000001	6654.401038000001	6656.195	6657.445	1.0	1.0	1.0	1.0					
6659.504	7.140000000000327	trials	1.0	6662.144614000001	6663.316296000001			6661.438084	6664.527151	6666.139	6666.274	2.0		1.0	1.0					
6671.107	8.103000000000065	trials	1.0	6672.849418000001	6673.876826000001	6676.081115000001	6676.569008	6671.293514000001	6675.198303000001			1.0	1.0	0.0	3.0					
6679.415	20.21900000000005	trials	1.0	6681.170514	6682.601619000001	6698.074569	6698.754721	6680.584393000001	6684.685107			1.0	2.0	0.0	3.0					
6701.446	7.847999999999956	trials	1.0	6703.9399920000005	6705.846649000001	6707.666563000001	6708.405911000001	6703.249312000001	6706.032581			1.0	2.0	0.0	3.0					
6711.039	5.280999999999949	trials	1.0	6712.639967000001	6714.257311	6715.189412000001	6715.486873000001	6709.2980370000005	6714.244908000001			1.0		0.0	2.0					
6719.371	8.073999999999614	trials	1.0	6721.359786000001	6722.858238000001			6720.615608000001	6724.342143000001	6726.119	6727.445	2.0		1.0	1.0					
6729.511	11.667999999999665	trials	1.0	6734.165217000001	6735.656812000001			6733.234239	6739.042759000001	6740.849	6740.969	2.0		1.0	1.0					
6744.695	9.279000000000451	trials	1.0	6747.8195860000005	6749.066361000001	6752.565131	6753.343306000001	6747.175438	6751.390969000001			1.0	2.0	0.0	3.0					
6756.934	7.300999999999476	trials	1.0	6758.719618000001	6760.486618000001			6753.978953000001	6761.433531000001	6763.235	6764.235	2.0		1.0	1.0					
6766.254	8.909999999999854	trials	1.0	6770.5250940000005	6771.879054000001	6774.613963000001	6775.165592	6769.821064000001	6773.706766			1.0	1.0	0.0	3.0					
6777.954	16.19000000000051	trials	1.0	6787.745914000001	6789.194968000001	6792.793957000001	6793.549138	6786.962735000001	6791.6648860000005			1.0	2.0	0.0	3.0					
6795.294	9.065999999999804	trials	1.0	6796.9835760000005	6798.30064			6794.1467170000005	6799.5773070000005	6803.524	6804.36	2.0		1.0	1.0					
6807.39	8.53399999999965	trials	1.0	6810.4605710000005	6811.721558000001	6814.565076000001	6815.295592	6809.471052000001	6813.535518000001			1.0	2.0	0.0	3.0					
6818.899	6.744999999999891	trials	1.0	6820.7800210000005	6822.2189960000005	6825.103441	6825.6453010000005	6815.928492000001	6822.205621000001			1.0		0.0	2.0					
6826.224	5.529999999999745	trials	1.0	6828.185807000001	6829.903698000001	6831.184932	6831.758939	6826.226271	6830.257821000001			1.0	1.0	0.0	3.0					
6833.544	13.980000000000473	trials	1.0	6839.6358740000005	6841.304970000001	6845.442979	6845.782614000001	6838.991005000001	6844.334383			2.0		0.0	4.0					
6850.534	53.15400000000045	trials	1.0	6898.671031000001	6900.253513000001	6901.4542280000005	6901.996608	6897.931866000001	6900.2458240000005	6902.169	6903.688	1.0	2.0	1.0	1.0					
6907.714	8.065999999999804	trials	1.0	6910.260855	6911.507585	6914.515432	6915.163745000001	6909.444272000001	6913.214614			1.0	2.0	0.0	3.0					
6918.844	6.060999999999694	trials	1.0	6920.586656	6922.387842	6924.306873	6924.9063750000005	6915.7827640000005	6923.318560000001			1.0	1.0	0.0	3.0					
6926.679	16.774999999999636	trials	1.0	6935.280946000001	6936.767682000001	6940.469907000001	6941.176200000001	6934.350676000001	6938.990637000001	6941.099	6943.454	1.0	1.0	1.0	1.0					
6945.515	10.493999999999687	trials	1.0	6950.501740000001	6952.147954000001	6954.474912000001	6955.288810000001	6949.634239000001	6953.608218			1.0	2.0	0.0	3.0					
6956.799	8.340000000000146	trials	1.0	6958.611197	6960.433250000001	6962.817335000001	6963.3461290000005	6956.013982	6961.536295000001	6963.509	6965.139	1.0	1.0	1.0	1.0					
6969.165	10.743999999999687	trials	1.0	6971.691042	6973.668558	6975.605718000001	6976.142312000001	6970.700742000001	6974.617695000001			1.0	1.0	0.0	3.0					
6979.945	9.10400000000027	trials	1.0	6983.486185000001	6985.095403	6988.303662	6989.052295	6982.587259000001	6986.180347			1.0	1.0	0.0	3.0					
6992.629	11.1850000000004	trials	1.0	6999.541705000001	7001.238106000001	7003.482202000001	7003.800247000001	6998.977817000001	7001.843842			1.0	1.0	0.0	3.0					
7006.824	18.036000000000058	trials	1.0	7012.117951	7013.2944640000005	7021.447939000001	7022.944353000001	7011.148422	7014.818202			1.0	2.0	0.0	3.0					
7025.829	6.010000000000218	trials	1.0	7027.391964	7028.9011740000005			7024.867375000001	7029.636413	7031.414	7031.839	2.0		1.0	1.0					
7033.86	9.514000000000124	trials	1.0	7037.311449000001	7038.463642000001	7042.176475	7042.8240670000005	7036.6127670000005	7040.295137000001			1.0	2.0	0.0	3.0					
7045.565	8.654000000000451	trials	1.0	7047.252469000001	7048.543765	7052.052090000001	7052.496771	7043.381473	7051.096122000001	7052.735	7054.219	1.0	1.0	1.0	1.0					
7058.279	6.744999999999891	trials	1.0	7059.843098	7061.350338	7062.685711	7063.232725000001	7059.285091000001	7061.9465230000005	7063.414	7065.024	1.0	1.0	1.0	1.0					
7069.044	7.369999999999891	trials	1.0	7071.156708	7073.148892000001			7070.153463000001	7074.307905000001	7076.199	7076.414	2.0		1.0	1.0					
7079.991	7.063000000000102	trials	1.0	7081.902363000001	7083.164535000001	7086.290973000001	7087.05903	7080.805707	7085.502211000001			1.0	1.0	0.0	3.0					
7089.629	16.895000000000437	trials	1.0	7098.2074840000005	7100.003756000001	7104.575227	7105.096972	7097.378460000001	7103.313301			1.0	1.0	0.0	3.0					
7107.934	7.184999999999491	trials	1.0	7109.7474	7111.513546	7114.460707	7115.124613000001	7106.528704	7111.740096			1.0	2.0	0.0	3.0					
7118.789	10.0600000000004	trials	1.0	7120.477374000001	7121.769279	7127.733744000001	7128.358497000001	7119.801814	7126.466863000001			1.0	2.0	0.0	3.0					
7130.074	8.585000000000036	trials	1.0	7131.907107000001	7133.602819000001	7135.627780000001	7136.311006000001	7128.853155000001	7134.942325000001			1.0	1.0	0.0	3.0					
7138.954	16.09100000000035	trials	1.0	7145.152635	7146.395390000001	7153.943524	7155.048573	7144.483021000001	7152.3168000000005			1.0	1.0	0.0	3.0					
7158.285	9.548999999999978	trials	1.0	7161.118987000001	7163.023803			7160.410854000001	7165.352607000001	7167.424	7167.434	2.0		1.0	1.0					
7170.344	7.550000000000182	trials	1.0	7172.497986	7173.974413000001	7176.737397000001	7177.267087	7171.5875670000005	7175.7445960000005			1.0	2.0	0.0	3.0					
7179.079	9.384000000000015	trials	1.0	7180.692436	7181.965377	7187.611114	7188.067651	7177.898994000001	7186.819846			1.0	1.0	0.0	3.0					
7189.944	55.86499999999978	trials	1.0	7242.053637000001	7243.550200000001	7244.8891140000005	7245.11872	7241.412999	7243.544887000001			1.0		0.0	2.0					
7248.625	21.429000000000087	trials	1.0	7261.612573	7263.300108			7260.892126000001	7267.64979	7269.47	7270.054	2.0		1.0	1.0					
7272.16	11.11999999999989	trials	1.0	7276.862809	7278.250143000001	7281.242004000001	7281.766761000001	7276.129297	7280.159733			1.0	1.0	0.0	3.0					
7283.61	7.8840000000000146	trials	1.0	7285.619578000001	7287.275068000001			7283.28744	7287.703776	7289.509	7291.494	2.0		1.0	1.0					
7294.559	8.99499999999989	trials	1.0	7297.713661000001	7299.476101	7301.491722000001	7302.099998000001	7297.145460000001	7300.695028	7302.314	7303.554	1.0	1.0	1.0	1.0					
7306.619	8.820000000000618	trials	1.0	7310.295730000001	7311.374110000001	7314.326131000001	7314.848178	7309.362304	7313.1885			1.0	2.0	0.0	3.0					
7317.694	6.8149999999996	trials	1.0	7319.653375000001	7320.670618	7322.303483000001	7322.797179000001	7315.443373	7321.143174000001	7323.049	7324.509	1.0	1.0	1.0	1.0					
7328.554	8.390999999999622	trials	1.0	7330.539895000001	7331.60008	7334.4454590000005	7335.302413	7329.107165	7333.626	7335.155	7336.945	1.0	1.0	1.0	1.0					
7339.009	10.975999999999658	trials	1.0	7344.188613	7345.856758000001	7348.755215000001	7349.279983	7343.507604	7347.873313			1.0	2.0	0.0	3.0					
7351.089	9.295000000000073	trials	1.0	7352.758912000001	7354.190836000001	7358.218468000001	7358.734998000001	7349.988741000001	7357.236780000001	7359.024	7360.384	1.0	1.0	1.0	1.0					
7364.449	15.015000000000327	trials	1.0	7371.318623000001	7373.386273			7370.496434000001	7375.273473000001	7377.054	7379.464	2.0		1.0	1.0					
7383.494	7.510000000000218	trials	1.0	7385.528509000001	7387.270429	7388.775046000001	7389.459381000001	7384.564728	7388.005986	7389.589	7391.004	1.0	1.0	1.0	1.0					
7394.049	8.069999999999709	trials	1.0	7396.334536	7397.825052	7399.840813000001	7400.379213	7395.697845000001	7398.640843000001	7400.465	7402.119	1.0	1.0	1.0	1.0					
7406.179	7.734999999999673	trials	1.0	7408.995573	7410.695371000001	7413.235720000001	7413.923614	7408.081315	7412.159218000001			1.0	1.0	0.0	3.0					
7415.563	5.9909999999999854	trials	1.0	7417.523601000001	7419.1801000000005	7420.756573000001	7421.561957000001	7416.242331	7419.813151			1.0	2.0	0.0	3.0					
7423.094	12.760000000000218	trials	1.0	7428.335532000001	7430.020803			7427.447110000001	7433.582129			2.0		1.0	1.0					
7439.384	9.765000000000327	trials	1.0	7442.924300000001	7444.8955750000005	7446.720516	7447.471315000001	7442.002789	7445.875089000001	7447.389	7449.149	1.0	1.0	1.0	1.0					
7451.219	7.795000000000073	trials	1.0	7453.995812000001	7455.895770000001	7457.879501	7458.412819000001	7453.098390000001	7456.96539			1.0	2.0	0.0	3.0					
7462.169	7.845000000000255	trials	1.0	7464.198612	7465.377669			7459.018735000001	7465.364496			1.0		0.0	2.0					
7470.389	13.805999999999585	trials	1.0	7476.246223	7477.701589	7483.538142	7484.199205000001	7475.468962000001	7482.292341			1.0	1.0	0.0	3.0					
7487.915	16.31999999999971	trials	1.0	7498.779847000001	7500.331161			7498.192618000001	7501.887874000001	7503.695	7504.235	2.0		1.0	1.0					
7507.299	7.914999999999964	trials	1.0	7510.379591000001	7511.567352	7514.069734000001	7514.637124000001	7509.489640000001	7512.929242			1.0	2.0	0.0	3.0					
7518.409	6.405000000000655	trials	1.0	7520.087839000001	7521.686586000001	7522.579414000001	7523.107845	7515.222799000001	7521.7902730000005	7523.389	7524.814	1.0	1.0	1.0	1.0					
7527.877	10.771999999999935	trials	1.0	7529.635279	7530.894713000001			7529.067016000001	7533.017277000001			2.0		1.0	1.0					
7539.684	6.604999999999563	trials	1.0	7541.354946	7542.477216000001	7543.664110000001	7544.389714000001	7538.656494000001	7542.689391000001	7544.405	7546.289	1.0	1.0	1.0	1.0					
7548.306	9.228000000000065	trials	1.0	7553.311495000001	7555.105243000001	7556.421966000001	7557.148851000001	7552.560756000001	7555.6436380000005			1.0	1.0	1.0	1.0					
7560.989	9.770000000000437	trials	1.0	7564.859835000001	7566.362088000001	7568.447988000001	7569.097928000001	7564.299228000001	7567.575244000001			1.0	1.0	0.0	3.0					
7571.816	7.847999999999956	trials	1.0	7574.309632	7575.951134000001			7573.421124	7576.682357000001	7578.579	7579.664	2.0		1.0	1.0					
7583.684	5.734999999999673	trials	1.0	7585.574350000001	7587.494058	7588.925313000001	7589.4288240000005	7584.352180000001	7588.06879			1.0	1.0	0.0	3.0					
7591.259	12.5	trials	1.0	7595.6448040000005	7597.417321000001	7602.457131000001	7603.201009	7595.094228000001	7601.6015050000005			1.0	2.0	0.0	3.0					
7605.868	5.536999999999352	trials	1.0	7607.729764000001	7609.352857000001			7603.766661000001	7609.3427440000005			1.0		0.0	2.0					
7613.415	6.939000000000306	trials	1.0	7615.750836000001	7617.341934			7615.098123000001	7618.109314			2.0		1.0	1.0					
7624.885	7.988999999999578	trials	1.0	7626.760333	7628.717092000001	7631.875071	7632.2864070000005	7625.951431	7631.040690000001			1.0	2.0	0.0	3.0					
7634.341	6.97899999999936	trials	1.0	7635.916657000001	7637.391867	7638.988887	7639.581933	7632.880860000001	7638.159919000001	7639.639	7641.32	1.0	1.0	1.0	1.0					
7644.339	5.984999999999673	trials	1.0	7646.860198	7648.106844000001	7649.732139000001	7650.334350000001	7645.894062	7648.850217000001			1.0	1.0	0.0	3.0					
7652.064	14.815999999999804	trials	1.0	7659.215391000001	7660.3474080000005	7665.642982	7666.298563	7658.389189	7664.662846000001			1.0	2.0	0.0	3.0					
7670.009	6.204999999999927	trials	1.0	7671.776670000001	7673.638399			7666.886734000001	7673.980063000001	7675.837	7676.079	2.0		1.0	1.0					
7678.684	9.329999999999927	trials	1.0	7681.375650000001	7682.507679	7687.380588000001	7688.0201560000005	7680.7087710000005	7686.101533000001			1.0	1.0	0.0	3.0					
7691.746	13.20299999999952	trials	1.0	7695.035179	7696.741213000001	7702.774303	7703.406558000001	7694.186719	7700.818867000001	7703.499	7704.949	1.0	2.0	1.0	1.0					
7706.974	9.74200000000019	trials	1.0	7711.171113	7712.272305	7714.463071	7715.781382000001	7710.208057000001	7713.603105			1.0	1.0	0.0	3.0					
7718.825	4.708999999999833	trials	1.0	7720.832371	7721.5380700000005	7722.5058070000005	7722.829036000001	7716.725628	7721.525972			1.0		0.0	2.0					
7726.594	13.975999999999658	trials	1.0	7728.8256360000005	7730.262853	7738.029709	7738.602912	7728.04845	7737.14083	7738.804	7740.57	1.0	1.0	1.0	1.0					
7744.589	8.614999999999782	trials	1.0	7747.336464000001	7748.834058	7752.474604000001	7753.210827000001	7746.563400000001	7751.383224000001			1.0	1.0	0.0	3.0					
7755.879	15.819999999999709	trials	1.0	7761.976285000001	7763.277367000001	7770.268968	7770.923947000001	7761.089272000001	7769.106544			1.0	2.0	0.0	3.0					
7772.644	8.46599999999944	trials	1.0	7774.426299000001	7775.627499	7778.981782000001	7779.249117	7771.710316000001	7777.963613000001	7779.684	7781.11	1.0	1.0	1.0	1.0					
7783.134	9.0	trials	1.0	7786.841481	7788.499984			7786.069351	7789.942951000001	7791.729	7791.905	2.0		1.0	1.0					
7795.594	10.739999999999782	trials	1.0	7798.341886	7799.701901	7804.137058	7804.869619000001	7797.722026	7802.755113000001			1.0	1.0	0.0	3.0					
7806.48	6.359000000000378	trials	1.0	7808.445694000001	7810.088289	7811.380311000001	7812.116358000001	7806.341898000001	7810.56828			1.0	2.0	0.0	3.0					
7815.706	7.983000000000175	trials	1.0	7817.281278	7818.477942	7821.573451	7821.9416550000005	7812.847308	7820.908086	7822.264	7823.689	1.0	1.0	1.0	1.0					
7826.794	14.840000000000146	trials	1.0	7834.141512	7835.548306000001	7840.8244620000005	7841.64134	7833.2821810000005	7837.425417			1.0	1.0	0.0	3.0					
7843.144	11.854999999999563	trials	1.0	7849.366539000001	7850.403157000001	7852.610266000001	7853.037892	7848.733266000001	7851.742792000001	7853.379	7854.999	1.0	1.0	1.0	1.0					
7857.019	11.5	trials	1.0	7861.623229000001	7863.004698000001	7865.880669	7866.609717	7860.835825	7864.808052	7866.619	7868.519	1.0	1.0	1.0	1.0					
7870.58	9.929000000000087	trials	1.0	7874.141578000001	7875.978021000001	7878.068563000001	7878.527151	7873.488846	7877.1997870000005	7878.78	7880.509	1.0	1.0	1.0	1.0					
7883.53	8.869000000000597	trials	1.0	7886.691547	7887.793950000001			7886.145339000001	7890.233046	7892.019	7892.32	2.0		1.0	1.0					
7894.864	7.625	trials	1.0	7896.962772000001	7898.638608000001			7896.405100000001	7900.346149000001			2.0		1.0	1.0					
7906.014	8.409999999999854	trials	1.0	7907.708680000001	7909.143607000001	7912.305238000001	7913.076224	7906.398241000001	7911.3051000000005			1.0	1.0	0.0	3.0					
7915.634	6.1599999999998545	trials	1.0	7917.156264000001	7917.65454	7921.775640000001	7921.803924000001	7914.433503	7917.639567			1.0		0.0	2.0					
7923.699	11.69000000000051	trials	1.0	7928.151913000001	7929.672351000001			7927.5902080000005	7932.151734000001	7933.864	7935.389	2.0		1.0	1.0					
7939.405	6.6140000000004875	trials	1.0	7941.267021000001	7942.483477000001	7945.343650000001	7946.029210000001	7940.622217	7943.703476000001			1.0	1.0	0.0	3.0					
7948.709	14.760000000000218	trials	1.0	7953.736642000001	7955.018917			7952.917366000001	7957.525002			2.0		1.0	1.0					
7964.394	6.960000000000036	trials	1.0	7966.276705	7967.405433000001			7963.480152	7968.6172240000005	7970.36	7971.354	2.0		1.0	1.0					
7973.144	8.469999999999345	trials	1.0	7977.481854000001	7979.105644000001	7981.545421000001	7982.116008000001	7976.619714	7980.645016			1.0	1.0	0.0	3.0					
7985.889	403.5559999999996	BlockDesign														1.0	571.0	598.0	90.0	50.0
7985.889	9.510000000000218	trials	2.0	7988.083717	7989.978742000001	7993.446511	7993.7755480000005	7987.533252000001	7992.454711	7994.195	7995.399	1.0	1.0	1.0	1.0					
7998.476	7.844000000000051	trials	2.0	8000.102635000001	8001.304524000001	8003.669106	8004.506535	7999.293375000001	8002.787781000001	8004.549	8006.32	1.0	1.0	1.0	1.0					
8008.339	8.559000000000196	trials	2.0	8011.834077	8013.024007000001			8011.319029	8014.688637000001			2.0		1.0	1.0					
8019.439	8.625	trials	2.0	8021.090364000001	8023.146754	8025.493399000001	8026.159023	8020.446657	8024.597163	8026.259	8028.064	1.0	1.0	1.0	1.0					
8031.084	10.345000000000255	trials	2.0	8036.158381000001	8037.420742			8035.6364220000005	8039.242791000001	8041.07	8041.284	2.0		1.0	1.0					
8044.038	7.33600000000024	trials	2.0	8046.472911000001	8047.618485000001			8045.782955000001	8049.257285000001	8051.004	8051.209	2.0		1.0	1.0					
8055.894	10.409999999999854	trials	2.0	8059.786996000001	8061.3920880000005	8063.943265000001	8064.416119	8058.9618820000005	8062.601338	8064.714	8066.304	1.0	1.0	1.0	1.0					
8070.324	7.331000000000131	trials	2.0	8072.902312	8074.400511000001			8072.125864000001	8075.626516	8077.32	8077.504	2.0		1.0	1.0					
8082.189	9.029999999999745	trials	2.0	8083.718224	8085.555	8088.640893000001	8089.33585	8083.028277	8087.674629000001	8089.334	8091.219	1.0	1.0	1.0	1.0					
8093.254	10.079999999999927	trials	2.0	8097.138526000001	8098.885075	8100.973401000001	8101.602354000001	8096.435311000001	8099.831874	8101.704	8103.334	1.0	1.0	1.0	1.0					
8107.399	9.054999999999382	trials	2.0	8111.249494000001	8112.909274000001			8110.458175000001	8114.156392000001	8115.905	8116.454	2.0		1.0	1.0					
8120.526	9.63799999999992	trials	2.0	8122.503483	8123.8090170000005	8127.496686	8128.333147	8121.788020000001	8126.374721	8128.219	8130.164	1.0	1.0	1.0	1.0					
8133.184	19.125	trials	2.0	8135.7428820000005	8137.153741			8135.096181000001	8139.725988	8141.584	8152.309	2.0		1.0	1.0					
8156.379	16.15099999999984	trials	2.0	8164.503694000001	8165.999629000001	8169.729784000001	8170.340660000001	8163.740062000001	8168.532891000001	8170.454	8172.53	1.0	2.0	1.0	1.0					
8175.574	18.6800000000012	trials	2.0	8187.273362000001	8188.305124	8191.560231	8192.037709	8186.308099000001	8190.006772000001	8192.259	8194.254	1.0	1.0	1.0	1.0					
8197.274	10.110000000000582	trials	2.0	8203.893567000001	8205.361167000001			8202.90242	8205.357421			1.0		0.0	2.0					
8209.404	11.024999999999636	trials	2.0	8212.613664	8214.525288	8217.71982	8218.472868	8211.688762000002	8216.055694	8218.414	8220.429	1.0	1.0	1.0	1.0					
8222.494	10.444999999999709	trials	2.0	8226.718651000001	8227.980105	8229.969243	8230.916551	8226.077944	8228.713381000001	8230.759	8232.939	1.0	1.0	1.0	1.0					
8234.96	10.154000000000451	trials	2.0	8240.045041000001	8241.525115	8244.270736	8245.12572	8239.54177	8243.211787			1.0	1.0	0.0	3.0					
8246.644	13.344999999999345	trials	2.0	8251.238385	8253.059711000002	8255.657089	8256.533394	8250.696901000001	8254.361211			1.0	2.0	0.0	3.0					
8260.029	7.799999999999272	trials	2.0	8262.228657	8264.159541	8267.446337000001	8267.842396	8261.293562	8264.32821			1.0	2.0	0.0	3.0					
8270.779	38.55999999999949	trials	2.0	8305.984051	8307.342856000001	8308.435368	8309.014257	8305.037557	8307.329329			1.0		0.0	2.0					
8312.35	11.244999999998981	trials	2.0	8316.453931	8317.650967000001	8321.006767	8321.764168000002	8315.854737000001	8320.010040000001	8321.699	8323.595	1.0	1.0	1.0	1.0					
8326.664	10.18499999999949	trials	2.0	8329.619371	8330.705958	8334.271652000001	8335.016413000001	8329.008952	8333.235390000002	8335.07	8336.849	1.0	1.0	1.0	1.0					
8338.914	11.90599999999904	trials	2.0	8343.379707	8344.708755	8348.062164	8348.900125	8342.442363	8347.006493	8348.659	8350.82	1.0	1.0	1.0	1.0					
8353.883	7.566000000000713	trials	2.0	8356.116299000001	8357.461743	8360.048589	8361.460765	8355.565576	8359.027845			1.0	1.0	0.0	3.0					
8362.381	13.778000000000247	trials	2.0	8367.594808000002	8369.904095000002	8373.838231000002	8374.492983	8366.908345	8371.838158	8374.644	8376.159	1.0	2.0	1.0	1.0					
8380.214	9.230999999999767	trials	2.0	8381.88015	8383.326039	8386.619431000001	8387.463925	8381.277862	8385.624675000001	8387.344	8389.445	1.0	1.0	1.0	1.0					
8392.499	905.1110000000008	BlockDesign														1.0	599.0	669.0	50.0	90.0
8392.499	7.415000000000873	trials	3.0	8394.494191000002	8396.013757	8399.071224000001	8399.926476	8393.534839	8398.090179			1.0	1.0	0.0	3.0					
8401.399	83.27500000000146	trials	3.0	8477.385597	8478.812122000001	8482.419766	8482.98573	8476.561548000001	8479.427476	8483.099	8484.674	1.0	1.0	1.0	1.0					
8488.695	7.764000000001033	trials	3.0	8490.590609	8491.951631	8494.596226000001	8495.228413	8490.055633	8493.758890000001			1.0	1.0	0.0	3.0					
8498.929	9.635000000000218	trials	3.0	8501.876876	8503.188948	8506.247895	8506.564525000002	8501.244649	8504.210236	8507.089	8508.564	1.0	1.0	1.0	1.0					
8511.636	8.57300000000032	trials	3.0	8513.71594	8514.942819	8517.214026000001	8518.322236	8512.774687000001	8516.191042	8518.004	8520.209	1.0	1.0	1.0	1.0					
8522.294	9.210000000000946	trials	3.0	8525.560471	8526.757078	8530.851340000001	8531.519205	8524.94428	8529.793998000001			1.0	1.0	0.0	3.0					
8535.184	14.176000000001295	trials	3.0	8543.455451000002	8544.946897000002			8542.937767000001	8546.893614	8548.629	8549.36	2.0		1.0	1.0					
8551.379	11.55999999999949	trials	3.0	8555.685783	8557.677534	8560.347539	8561.084254000001	8554.868902	8559.348025000001	8561.155	8562.939	1.0	2.0	1.0	1.0					
8565.009	8.670000000000073	trials	3.0	8567.935965	8569.516402000001	8572.806708	8573.694789000001	8567.277804000001	8571.855885			1.0	1.0	0.0	3.0					
8575.184	7.240000000001601	trials	3.0	8577.093892	8578.427719000001	8579.76111	8580.448348000002	8576.205874000001	8578.879522000001	8580.549	8582.424	1.0	2.0	1.0	1.0					
8585.487	10.11700000000019	trials	3.0	8588.555983	8589.696613			8587.812511	8592.671094000001	8594.424	8595.604	2.0		1.0	1.0					
8598.624	9.18499999999949	trials	3.0	8600.780752	8602.069684			8600.171937000001	8604.020443000001	8605.714	8607.809	2.0		1.0	1.0					
8610.869	8.635000000000218	trials	3.0	8613.200832	8614.934259000001			8612.627304000001	8616.509267000001	8619.204	8619.309	2.0		1.0	1.0					
8623.022	13.656999999999243	trials	3.0	8624.886535000001	8626.187215	8630.22859	8630.5687	8624.214814	8629.288021	8630.939	8632.985	1.0	1.0	1.0	1.0					
8637.001	6.618000000000393	trials	3.0	8638.686382	8640.071642			8636.693629000001	8641.422177			2.0		1.0	1.0					
8647.194	9.610000000000582	trials	3.0	8649.270946	8650.389885	8654.012611	8654.95984	8648.525514	8653.061785000002	8654.709	8656.804	1.0	1.0	1.0	1.0					
8659.824	9.870999999999185	trials	3.0	8661.950742	8663.968164000002	8667.071608	8667.945637	8661.357341	8666.026720000002	8667.824	8669.695	1.0	1.0	1.0	1.0					
8673.774	14.046000000000276	trials	3.0	8675.826478	8677.482708	8683.739188	8684.477014	8674.137139	8682.914452			1.0	1.0	0.0	3.0					
8688.105	19.498999999999796	trials	3.0	8695.306416000001	8696.353565000001	8701.489800000001	8702.12607	8694.3477	8698.730154	8702.299	8703.864	1.0	1.0	1.0	1.0					
8707.889	5.755000000001019	trials	3.0	8709.696124	8711.648886			8707.619996000001	8711.641147			1.0		0.0	2.0					
8715.659	4.385000000000218	trials	3.0	8717.606629000002	8718.052747000002	8718.985168000001	8719.398535	8715.802947	8718.047457			1.0		0.0	2.0					
8724.102	8.36199999999917	trials	3.0	8726.187052000001	8727.825624000001			8725.408587000002	8730.114933	8732.124	8732.28	2.0		1.0	1.0					
8734.862	7.603000000000975	trials	3.0	8736.838433	8738.365663	8740.17555	8740.601437000001	8736.016897000001	8739.321137	8740.741	8742.465	1.0	1.0	1.0	1.0					
8744.538	10.206000000000131	trials	3.0	8747.861955	8749.822757	8752.076111	8752.753092	8747.221723	8751.191083000002	8752.82	8754.744	1.0	1.0	1.0	1.0					
8757.679	8.375	trials	3.0	8761.121463	8762.88334	8765.541022000001	8766.067426000001	8760.482662	8764.443702			1.0	1.0	0.0	3.0					
8767.889	5.600000000000364	trials	3.0	8770.97788	8771.488936000002			8769.997516000001	8771.481289000001			1.0		0.0	2.0					
8776.499	14.94000000000051	trials	3.0	8783.732326000001	8785.636818	8789.080854	8789.708777	8783.202439	8787.944784000001	8789.784	8791.439	1.0	1.0	1.0	1.0					
8794.459	7.485999999998967	trials	3.0	8796.378695000001	8797.988742000001	8799.948073	8800.477519	8795.154142000001	8798.796619	8800.744	8801.945	1.0	2.0	1.0	1.0					
8804.009	11.02100000000064	trials	3.0	8806.508785	8807.86744	8812.589691000001	8813.294865	8805.757495000002	8811.702432	8813.229	8815.03	1.0	1.0	1.0	1.0					
8818.094	8.355000000001382	trials	3.0	8820.728031	8822.724603	8824.270036000002	8824.836217	8819.951318000001	8823.231987000001	8824.919	8826.449	1.0	2.0	1.0	1.0					
8829.519	8.666999999999462	trials	3.0	8831.588476	8833.037154000001	8835.114131	8836.228407	8830.23881	8833.864334000002	8835.949	8838.186	1.0	1.0	1.0	1.0					
8840.204	8.735000000000582	trials	3.0	8844.812607	8846.65771	8847.877071	8848.450618	8844.022459	8846.823317			1.0	2.0	1.0	1.0					
8851.394	9.039999999999054	trials	3.0	8854.972429000001	8856.809504	8859.214459	8860.448241	8854.282883	8858.279583			1.0	1.0	0.0	3.0					
8861.549	12.334999999999127	trials	3.0	8868.642918000001	8870.312153	8872.640754	8873.270635	8868.115296	8871.339813			1.0	2.0	0.0	3.0					
8876.999	10.239999999999782	trials	3.0	8878.902454000001	8880.719431000001			8878.184569000001	8881.489383	8883.445	8883.634	2.0		1.0	1.0					
8888.357	11.516999999999825	trials	3.0	8889.957003	8891.149488000001	8892.787024000001	8893.421752	8887.254684	8891.904844	8893.454	8899.874	1.0	2.0	1.0	1.0					
8902.894	8.0049999999992	trials	3.0	8904.843174000001	8906.91063	8908.847341	8909.361448	8904.047944	8907.803367	8909.804	8910.899	1.0	2.0	1.0	1.0					
8912.919	9.376000000000204	trials	3.0	8915.617726	8916.760104	8919.625168	8920.371399	8914.677784	8918.675292	8920.32	8922.295	1.0	1.0	1.0	1.0					
8924.34	9.193999999999505	trials	3.0	8927.902575	8929.219855000001	8931.526879000001	8932.244947000001	8926.975215	8930.489266			1.0	1.0	0.0	3.0					
8933.884	5.194999999999709	trials	3.0	8935.707728000001	8937.025107000001	8937.945310000001	8938.419153	8933.551926	8937.018094000001			1.0		0.0	2.0					
8941.094	5.1010000000005675	trials	3.0	8942.89801	8943.988293	8945.503543	8946.207606	8938.981999	8944.336887000001			1.0	1.0	0.0	3.0					
8949.82	11.629000000000815	trials	3.0	8951.982764	8953.253655	8959.147072	8959.588660000001	8951.375043	8958.378744000001	8959.78	8961.449	1.0	2.0	1.0	1.0					
8965.469	9.760000000000218	trials	3.0	8967.412571	8969.451501			8966.139756	8969.899456000001	8971.599	8971.82	2.0		1.0	1.0					
8975.542	11.606999999999971	trials	3.0	8977.358422000001	8979.033988000001	8981.004528000001	8981.487846	8975.24487	8980.133348000001	8981.704	8983.439	1.0	2.0	1.0	1.0					
8987.504	7.384999999998399	trials	3.0	8989.283316000001	8990.975196000001			8987.56975	8992.460584	8994.264	8994.889	2.0		1.0	1.0					
8998.909	9.885000000000218	trials	3.0	9001.068604	9002.124684	9004.753175000002	9005.31739	9000.28369	9003.72601			1.0	1.0	0.0	3.0					
9009.065	6.238999999999578	trials	3.0	9010.814958	9012.039429			9009.654243	9013.276636	9015.004	9015.034	2.0		1.0	1.0					
9017.82	8.415000000000873	trials	3.0	9019.668517	9021.486864	9024.155715	9024.642417000001	9018.518033	9022.011627	9024.874	9026.235	1.0	2.0	1.0	1.0					
9029.25	10.15899999999965	trials	3.0	9031.255241	9032.599104			9030.240573000001	9034.270956	9036.104	9036.374	2.0		1.0	1.0					
9039.889	5.195000000001528	trials	3.0	9041.493382	9043.365016	9044.46692	9045.101986000001	9039.427885000001	9043.612807000001			1.0	1.0	0.0	3.0					
9048.834	11.149999999999636	trials	3.0	9054.613897000001	9056.180763			9053.707662	9057.750048000002	9059.514	9059.789	2.0		1.0	1.0					
9063.444	7.055000000000291	trials	3.0	9065.348701	9067.311031000001	9069.228849000001	9069.885271000001	9064.198768	9068.3811			1.0	2.0	0.0	3.0					
9071.589	6.424999999999272	trials	3.0	9073.372048000001	9073.816907			9070.515841	9073.810650000001			1.0		0.0	2.0					
9078.814	4.5460000000002765	trials	3.0	9080.873215	9081.31099	9082.491793000001	9082.764405000002	9080.0386	9081.304691000001			1.0		0.0	2.0					
9087.414	11.519999999998618	trials	3.0	9091.144249	9092.955302			9090.186481	9095.588557000001	9097.384	9098.934	2.0		1.0	1.0					
9102.955	9.334000000000742	trials	3.0	9104.618755	9106.164597	9109.284879	9110.062399	9104.001750000001	9108.584752			1.0	1.0	0.0	3.0					
9112.61	14.378999999998996	trials	3.0	9118.454143	9120.107481000001	9124.864293	9125.386258	9117.854168000002	9123.771850000001	9125.479	9126.989	1.0	2.0	1.0	1.0					
9131.029	6.899999999999636	trials	3.0	9132.788554	9134.626102	9136.739968000002	9137.35846	9131.388993	9135.560533			1.0	2.0	0.0	3.0					
9140.104	6.68500000000131	trials	3.0	9141.988911	9143.539096			9137.944548	9144.558279	9146.509	9146.709	2.0		1.0	1.0					
9150.404	9.145000000000437	trials	3.0	9154.364374	9155.632368	9158.872924000001	9159.564592	9153.42085	9157.904799			1.0	1.0	0.0	3.0					
9163.189	16.729999999999563	trials	3.0	9171.514356	9172.966086	9176.429638000001	9177.313229000001	9170.573917000002	9175.635766000001	9177.124	9179.919	1.0	2.0	1.0	1.0					
9182.985	11.25	trials	3.0	9184.907895999999	9186.746814999999	9191.878563999999	9192.500770999999	9183.789802999998	9190.639657999998	9192.764	9194.235	1.0	2.0	1.0	1.0					
9198.298	7.485999999998967	trials	3.0	9200.066530999999	9201.623380999998	9203.374366999999	9204.033109999998	9198.873435999998	9202.283115999999	9204.03	9205.784	1.0	2.0	1.0	1.0					
9208.824	10.18999999999869	trials	3.0	9212.047083999998	9213.296323999999	9216.530524999998	9217.390757	9211.316098	9215.746066999998	9217.294	9219.014	1.0	2.0	1.0	1.0					
9221.074	10.245999999999185	trials	3.0	9223.661660999998	9224.799604999998	9229.157028999998	9229.670514999998	9222.975591999999	9228.302935999998	9229.864	9231.32	1.0	2.0	1.0	1.0					
9233.336	8.677999999999884	trials	3.0	9237.001936999999	9238.493505999999			9236.449329999998	9239.816352999998			2.0		1.0	1.0					
9244.541	7.563000000000102	trials	3.0	9247.026079	9248.356714999998	9249.927432999999	9250.554451999998	9246.049277999999	9249.008417	9250.685	9252.104	1.0	2.0	1.0	1.0					
9255.165	7.333999999998923	trials	3.0	9257.162008999998	9258.249373999999	9260.342818999998	9260.958120999998	9256.446324999999	9259.475824	9261.204	9262.499	1.0	2.0	1.0	1.0					
9266.559	7.690000000000509	trials	3.0	9268.377018999998	9269.748582999999	9272.020735999999	9272.736512999998	9267.165677999998	9271.227776999998	9272.784	9274.249	1.0	2.0	1.0	1.0					
9277.294	8.014999999999418	trials	3.0	9279.231923	9280.399816	9282.833050999998	9283.475340999998	9278.613330999999	9282.094669999999	9283.584	9285.309	1.0	2.0	1.0	1.0					
9289.371	8.239000000001397	trials	3.0	9292.533630999998	9293.928885999998	9295.205395999998	9295.911171999998	9291.564753999999	9294.395109999998	9295.909	9297.61	1.0	2.0	1.0	1.0					
9301.657	2189.6770000000015	BlockDesign														1.0	670.0	826.0	10.0	50.0
9301.657	6.231999999999971	trials	4.0	9303.591859999999	9304.801956999998	9306.624118999998	9307.215304999998	9302.108551999998	9305.729578999999			1.0	2.0	0.0	3.0					
9310.004	7.77599999999984	trials	4.0	9311.981614999999	9312.803973999999	9317.524894999999	9317.781615999998	9307.890918999998	9312.792495999998			1.0		0.0	2.0					
9318.82	13.234000000000378	trials	4.0	9325.381990999998	9326.688444999998	9330.716790999999	9331.439568999998	9324.676438999999	9329.760805999998			1.0	2.0	0.0	3.0					
9333.084	6.664999999999054	trials	4.0	9334.797458	9335.909346999999			9332.051827999998	9336.574093999998	9338.399	9339.749	2.0		1.0	1.0					
9342.82	8.884000000000015	trials	4.0	9345.543012999999	9346.66046	9349.437472999998	9349.986507999998	9344.645883	9348.126402999998	9350.119	9351.704	1.0	2.0	1.0	1.0					
9353.629	7.424999999999272	trials	4.0	9355.937934999998	9357.478506999998			9355.122105999999	9358.928809	9360.644	9360.945	2.0		1.0	1.0					
9363.516	13.608000000000175	trials	4.0	9366.432121999998	9368.224251999998	9371.000041	9371.676109999999	9365.645387999999	9369.907108999998	9371.834	9373.28	1.0	2.0	1.0	1.0					
9377.299	6.859999999998763	trials	4.0	9379.202931999998	9380.609337999998	9382.739335999999	9383.621825999999	9377.122339999998	9381.701592999998			1.0	2.0	0.0	3.0					
9387.074	6.4650000000001455	trials	4.0	9388.937781999999	9390.049489999998	9392.773559	9393.539262999999	9384.160152999999	9390.046435999999			1.0		0.0	2.0					
9396.18	9.375	trials	4.0	9400.392850999999	9401.786005999998			9399.575743999998	9403.427756	9405.32	9405.405	2.0		1.0	1.0					
9409.114	5.7150000000001455	trials	4.0	9410.758079	9412.548071	9414.204597999998	9414.828724999998	9409.685320999999	9413.479850999998			1.0	1.0	0.0	3.0					
9417.549	15.164999999999054	trials	4.0	9422.147433999999	9423.844237999998	9432.247222999998	9432.715030999998	9421.597563999998	9428.556883			1.0	1.0	0.0	3.0					
9434.589	11.340000000000146	trials	4.0	9438.637861999998	9440.547191999998	9444.711510999998	9445.324788999998	9437.867588	9443.668301999998			1.0	2.0	0.0	3.0					
9447.084	9.849999999998545	trials	4.0	9448.607967999998	9450.539470999998			9445.929331999998	9453.575949999999	9455.86	9456.934	2.0		1.0	1.0					
9460.956	5.825999999999112	trials	4.0	9462.828155	9464.351701999998	9465.705568999998	9466.784482	9461.084425	9464.856988999998			1.0	1.0	0.0	3.0					
9468.049	10.399999999999636	trials	4.0	9470.379783999999	9471.670063999998	9477.794242999998	9478.449863999998	9469.870813999998	9475.027066999999			1.0	1.0	0.0	3.0					
9480.169	14.155000000000655	trials	4.0	9485.489634999998	9487.394706	9491.723382999999	9492.635336	9484.547015999999	9490.179945999998	9492.389	9494.324	1.0	2.0	1.0	1.0					
9496.343	10.545999999998457	trials	4.0	9500.348241999998	9502.245303999998	9504.592423999999	9505.042871999998	9499.57491	9503.101176999999			1.0	1.0	0.0	3.0					
9506.931	28.662000000000262	trials	4.0	9529.299643999999	9531.005290999998			9528.523653999999	9533.184331999999	9535.03	9535.31	2.0		1.0	1.0					
9538.842	7.0569999999988795	trials	4.0	9540.833956999999	9542.085877999998	9544.093415	9544.688108999999	9539.693151999998	9543.249103999999			1.0	1.0	0.0	3.0					
9548.479	9.390000000001237	trials	4.0	9551.878642999998	9553.808887999998	9555.844240999999	9556.213548999998	9551.117059999999	9554.846918	9556.719	9557.869	1.0	1.0	1.0	1.0					
9560.891	6.34400000000096	trials	4.0	9562.615159999998	9564.218722999998			9561.847753999999	9565.208222	9566.929	9567.209	2.0		1.0	1.0					
9571.804	71.61499999999978	trials	4.0	9637.214638999998	9638.920876999999	9641.098468999999	9641.745097999998	9636.414576999998	9640.031293999999	9641.919	9643.419	1.0	2.0	1.0	1.0					
9646.44	9.218999999999141	trials	4.0	9649.209121999998	9650.356039999999	9653.355780999998	9653.748311	9648.654276999998	9652.188298999998	9654.134	9655.659	1.0	2.0	1.0	1.0					
9658.679	11.614999999999782	trials	4.0	9662.889285999998	9664.702585999998	9667.030506999998	9667.480006999998	9662.222749999999	9665.993509999998			1.0	1.0	0.0	3.0					
9670.364	20.825000000000728	trials	4.0	9672.233832999998	9673.920748999999	9690.664678	9691.189494999999	9671.248434999998	9675.029634999999			1.0	2.0	0.0	3.0					
9693.044	22.11499999999978	trials	4.0	9705.799954999999	9707.811698999998	9713.003901999999	9713.578482999998	9705.152169999998	9708.858776	9713.724	9715.159	1.0	1.0	1.0	1.0					
9718.184	6.471000000001368	trials	4.0	9719.969943999999	9721.661016999999	9723.252864999999	9723.962947999999	9718.618786	9722.390599999999			1.0	2.0	0.0	3.0					
9725.581	8.288000000000466	trials	4.0	9727.224653	9728.375605999998	9729.761344999999	9730.396144999999	9724.654083999998	9728.938255			1.0	1.0	0.0	3.0					
9734.107	14.753000000000611	trials	4.0	9740.245168999998	9741.581494999999	9748.426780999998	9748.859992999998	9739.381804999999	9747.241279999998			1.0	1.0	0.0	3.0					
9751.754	21.849999999998545	trials	4.0	9763.014683999998	9764.694535999999	9771.348552999998	9771.788214999999	9762.497161999998	9769.883510999998	9772.174	9773.604	1.0	1.0	1.0	1.0					
9776.67	10.235000000000582	trials	4.0	9779.495829999998	9781.197309999998	9784.293323999998	9785.022778999999	9778.924307	9783.335113999998	9785.11	9786.905	1.0	2.0	1.0	1.0					
9790.924	7.984999999998763	trials	4.0	9792.725002999998	9794.061466999998	9796.343008999998	9797.059655	9791.275420999998	9795.359059999999	9797.124	9798.909	1.0	2.0	1.0	1.0					
9802.929	8.799999999999272	trials	4.0	9804.646225999999	9806.656570999998	9809.333942999998	9809.933560999998	9803.359354999999	9808.488350999998	9810.059	9811.729	1.0	2.0	1.0	1.0					
9813.79	11.348999999998341	trials	4.0	9818.750535999998	9820.030572999998	9822.645077	9823.180449999998	9817.834222999998	9821.736805999999	9823.559	9825.139	1.0	2.0	1.0	1.0					
9827.184	8.610000000000582	trials	4.0	9830.399919999998	9831.743541999998	9834.350856999998	9834.866068	9829.705059999998	9833.333851999998			1.0	2.0	0.0	3.0					
9838.679	11.625	trials	4.0	9843.867135999999	9845.038521999999			9843.126805999998	9845.805881999999	9847.974	9850.304	2.0		1.0	1.0					
9854.369	5.6599999999998545	trials	4.0	9856.025484999998	9857.268734			9855.248249999999	9857.918518999999	9859.769	9859.789	2.0		1.0	1.0					
9863.56	6.3990000000012515	trials	4.0	9865.140491999999	9867.132511999998	9869.481964999999	9869.960863999999	9864.385975	9868.174219999999			1.0	1.0	0.0	3.0					
9872.849	87.86499999999978	trials	4.0	9954.581208999998	9956.626186999998	9958.144207999998	9958.739242999998	9953.896996999998	9957.223897999998	9958.834	9960.714	1.0	2.0	1.0	1.0					
9964.731	10.618000000000393	trials	4.0	9966.421477999998	9967.682552999999			9965.244433999998	9969.742304999998	9971.945	9975.349	2.0		1.0	1.0					
9979.45	12.888999999999214	trials	4.0	9984.007330999999	9985.494254			9983.185947999998	9987.758107999998	9989.899	9992.339	2.0		1.0	1.0					
9995.361	8.623999999999796	trials	4.0	9997.743090999998	9999.669436999999	10001.943102999998	10002.608403999999	9996.947986	10000.934367999998			1.0	2.0	0.0	3.0					
10005.289	7.399999999999636	trials	4.0	10006.921185999998	10008.568789999998	10012.238871999998	10012.694163999999	10003.990415999999	10008.556663			1.0		0.0	2.0					
10013.684	11.1150000000016	trials	4.0	10018.761263999999	10019.862592999998	10024.228262999999	10024.804321999998	10017.959165999999	10023.086787999999			1.0	1.0	0.0	3.0					
10026.57	8.404000000000451	trials	4.0	10031.065848999999	10032.919057			10030.535550999999	10032.909482			2.0		0.0	2.0					
10036.995	16.063999999998487	trials	4.0	10045.281122999999	10046.724161999999			10044.284456999998	10049.069674999999	10051.039	10053.059	2.0		1.0	1.0					
10055.079	15.889999999999418	trials	4.0	10063.311862999999	10064.633629999998	10068.366516999999	10069.148178999998	10062.542687999998	10067.599199999999	10069.155	10070.969	1.0	2.0	1.0	1.0					
10073.989	7.135000000000218	trials	4.0	10076.212914999998	10077.863071999998	10080.782195999998	10081.128093999998	10075.296396999998	10078.850989999999			1.0	1.0	0.0	3.0					
10083.119	17.55500000000029	trials	4.0	10095.836920999998	10097.673667999998	10099.458274999999	10099.746909999998	10095.067630999998	10097.662996			1.0		0.0	2.0					
10103.685	5.529000000000451	trials	4.0	10105.276774999998	10105.459050999998			10100.677459999999	10105.449937999998			1.0		0.0	2.0					
10109.494	4.9099999999998545	trials	4.0	10111.552843999998	10112.399306	10113.285060999999	10113.560592999998	10110.632063	10112.394607999999			1.0		0.0	2.0					
10116.454	19.615999999999985	trials	4.0	10130.882224999998	10132.15829			10130.32139	10133.583535999998	10135.369	10136.07	2.0		1.0	1.0					
10140.089	11.725000000000364	trials	4.0	10144.084976999999	10145.548980999998	10149.222568999998	10149.852780999998	10143.419222999999	10148.308361	10149.876	10151.814	1.0	2.0	1.0	1.0					
10155.719	8.965000000000146	trials	4.0	10158.022192999999	10159.838215999998	10162.190821999999	10162.787739	10157.154625999998	10161.181401999998	10162.899	10164.684	1.0	2.0	1.0	1.0					
10167.704	9.805000000000291	trials	4.0	10170.021723999998	10171.161316999998	10174.790981999999	10175.433484	10169.409241999998	10173.789404	10175.57	10177.509	1.0	2.0	1.0	1.0					
10179.529	12.109999999998763	trials	4.0	10185.578436999998	10186.968979999998	10190.147992999999	10190.784182	10184.926954999999	10189.122747999998			1.0	2.0	0.0	3.0					
10192.519	9.670000000000073	trials	4.0	10194.332719999999	10196.019975999998	10199.050399999998	10199.699073999998	10191.642407	10196.964840999999			1.0	1.0	0.0	3.0					
10202.399	17.520000000000437	trials	4.0	10210.002865999999	10211.179242999999	10219.237113999998	10219.923358999999	10209.003655999999	10214.681587			1.0	1.0	0.0	3.0					
10222.584	13.52599999999984	trials	4.0	10232.482198999998	10234.009954	10234.922304999998	10235.428641999999	10231.678854999998	10234.004097999998			1.0		0.0	2.0					
10238.07	6.806000000000495	trials	4.0	10239.697357	10240.948685			10236.111739999998	10242.098644999998	10243.894	10244.876	2.0		1.0	1.0					
10246.984	10.83599999999933	trials	4.0	10250.697277	10252.548335999998			10249.966047999998	10255.619899999998	10257.594	10257.774	2.0		1.0	1.0					
10261.399	9.681000000000495	trials	4.0	10263.647887	10265.278462999999	10269.708132999998	10270.228476999999	10263.055797999998	10268.467483999999			1.0	2.0	0.0	3.0					
10273.039	5.945999999999913	trials	4.0	10274.772739999999	10276.278040999998	10278.629181999999	10278.988891999998	10271.087821999998	10277.453947999998			1.0	1.0	0.0	3.0					
10283.004	12.683999999999287	trials	4.0	10290.638142999998	10292.649441999998	10294.613494999998	10295.496281999998	10289.715880999998	10292.666733999999			1.0	2.0	1.0	1.0					
10299.249	11.800000000001091	trials	4.0	10305.282466999999	10306.819243999998	10309.678579999998	10310.165206999998	10304.660253999999	10308.706175			1.0	2.0	0.0	3.0					
10311.959	6.74199999999837	trials	4.0	10313.923259	10315.733642	10318.324373	10318.680966999998	10311.057325999998	10316.456365999999			1.0	1.0	0.0	3.0					
10320.689	12.614999999999782	trials	4.0	10327.178215999998	10328.870041999999			10326.417581999998	10330.306934999999	10332.094	10333.304	2.0		1.0	1.0					
10337.329	9.885000000000218	trials	4.0	10340.862543999998	10342.180051	10345.872013999999	10346.471355999998	10340.214085999998	10344.470046999999			1.0	2.0	0.0	3.0					
10349.394	6.065000000000509	trials	4.0	10351.357734999998	10352.589645999999	10354.749172999998	10355.465593999998	10347.217784999999	10353.166354999998			1.0	1.0	0.0	3.0					
10357.129	22.815999999998894	trials	4.0	10372.295334999999	10373.812487	10378.271906999998	10379.065576999998	10371.621244999998	10377.547453999998			1.0	2.0	0.0	3.0					
10382.599	6.619999999998981	trials	4.0	10384.529046999998	10386.331513	10388.295525999998	10389.225951999999	10379.948284999999	10387.323062			1.0	1.0	0.0	3.0					
10391.659	17.015000000001237	trials	4.0	10397.040169999998	10398.760035999998	10406.499453999999	10407.015010999998	10396.200751999999	10404.887582	10407.214	10408.674	1.0	2.0	1.0	1.0					
10412.694	7.200000000000728	trials	4.0	10414.693425999998	10415.989936999998	10417.747238999998	10418.520754	10413.416861999998	10416.531372999998			1.0	1.0	0.0	3.0					
10422.125	6.049999999999272	trials	4.0	10423.688631999998	10424.804572			10419.901023999999	10426.055228999998	10427.86	10428.175	2.0		1.0	1.0					
10430.191	11.242999999998574	trials	4.0	10435.995103999998	10437.356172999998	10440.145396999998	10440.702972	10435.313010999998	10439.317892			1.0	2.0	0.0	3.0					
10443.469	5.055000000000291	trials	4.0	10445.193222999998	10446.520120999998			10441.438440999998	10446.504273999999			2.0		0.0	2.0					
10452.534	9.569999999999709	trials	4.0	10454.303866999999	10455.902773999998	10459.631902999998	10460.450319999998	10453.440084999998	10457.309779999998	10460.329	10462.104	1.0	2.0	1.0	1.0					
10464.124	11.800000000001091	trials	4.0	10468.040611999999	10469.421058999998	10473.497709999998	10474.097548999998	10467.190983999999	10472.328139999998	10474.139	10475.924	1.0	2.0	1.0	1.0					
10479.989	11.331000000000131	trials	4.0	10483.188553999998	10484.825266999998	10489.036342	10489.607806999999	10482.309621999999	10488.081451999999	10489.844	10491.32	1.0	2.0	1.0	1.0					
10495.348	7.656000000000859	trials	4.0	10496.995382	10498.691255999998	10501.581738999997	10502.287155999999	10496.121073999999	10500.063165999998			1.0	2.0	0.0	3.0					
10504.914	6.760000000000218	trials	4.0	10506.773691999999	10508.835351999998	10511.118822999999	10511.680584999998	10503.011620999998	10509.890866999998			1.0	1.0	0.0	3.0					
10515.464	10.489999999999782	trials	4.0	10519.694782999999	10521.520053999999			10519.092679999998	10521.995511999998	10523.739	10525.954	2.0		1.0	1.0					
10528.974	8.220999999999549	trials	4.0	10531.705417999998	10533.306181999998	10534.904470999998	10535.484768999999	10530.714457999999	10534.004023999998	10535.624	10537.195	1.0	2.0	1.0	1.0					
10539.214	10.594999999999345	trials	4.0	10542.604503999999	10544.601145999999	10547.474191999998	10548.089253999999	10541.900058999998	10546.445577999999	10548.129	10549.809	1.0	2.0	1.0	1.0					
10552.837	8.137000000000626	trials	4.0	10555.658887999998	10557.361880999999	10559.633005999998	10560.254517999998	10554.684135999998	10558.452024999999			1.0	2.0	0.0	3.0					
10562.999	9.975000000000364	trials	4.0	10565.014455999999	10566.104096	10570.897943999998	10571.409228999999	10560.983526999999	10567.316324	10571.704	10572.974	1.0	2.0	1.0	1.0					
10574.995	10.134000000000015	trials	4.0	10578.299777999999	10580.106058999998			10577.336167999998	10581.634423999998	10584.034	10585.129	2.0		1.0	1.0					
10587.159	7.905000000000655	trials	4.0	10590.295065999999	10592.156162	10593.829030999997	10594.321147999999	10589.538244999998	10592.863994			1.0	2.0	0.0	3.0					
10598.154	6.989999999999782	trials	4.0	10599.706327999998	10601.296733	10603.614359	10604.260770999997	10595.071135999999	10602.568161999998			1.0	2.0	0.0	3.0					
10605.999	5.079999999999927	trials	4.0	10607.924597999998	10609.264468999998	10610.487712999999	10611.090003999998	10605.151885	10609.376070999999			1.0	1.0	0.0	3.0					
10612.814	10.277000000000044	trials	4.0	10618.259563999998	10619.373043999998	10621.709803999998	10622.333913999999	10617.457113999999	10620.718617999999			1.0	2.0	0.0	3.0					
10625.084	7.104999999999563	trials	4.0	10626.790978999998	10627.941273999999	10630.099107999999	10630.409617999998	10623.095917999999	10628.845618	10630.774	10632.189	1.0	1.0	1.0	1.0					
10635.209	8.7549999999992	trials	4.0	10638.711215	10640.372543999998	10643.266668999999	10643.971832999998	10638.178643	10641.987747999998			1.0	1.0	0.0	3.0					
10645.589	6.64600000000064	trials	4.0	10647.574273999999	10648.672239999998			10645.629327999999	10649.875345999999	10651.669	10652.235	2.0		1.0	1.0					
10654.284	10.345000000001164	trials	4.0	10658.019836999998	10659.562740999998			10657.329709999998	10661.557598	10663.334	10664.629	2.0		1.0	1.0					
10668.529	7.239999999999782	trials	4.0	10670.404446999999	10671.936973999998	10674.436117999998	10675.146336999998	10668.786224999998	10673.493570999999			1.0	2.0	0.0	3.0					
10678.779	4.6599999999998545	trials	4.0	10680.824433999998	10681.438556	10682.802871999998	10682.946528999999	10679.937105999998	10681.432230999999			1.0		0.0	2.0					
10686.449	11.545000000000073	trials	4.0	10688.909926999999	10690.906573999999			10687.696968999999	10694.079457999998	10695.82	10697.994	2.0		1.0	1.0					
10701.059	7.980000000001382	trials	4.0	10703.371927999999	10705.227303999998	10706.853384999999	10707.444742999998	10702.633968999999	10705.954200999999	10707.689	10709.039	1.0	2.0	1.0	1.0					
10711.099	8.55999999999949	trials	4.0	10714.275316	10716.151015	10717.360620999998	10717.857756999998	10713.320160999998	10716.567463999998	10718.149	10719.659	1.0	2.0	1.0	1.0					
10723.519	9.96600000000035	trials	4.0	10725.292183999998	10726.645456999999			10724.206176999998	10727.686896999998			2.0		1.0	1.0					
10734.489	6.451000000000931	trials	4.0	10736.105371999998	10737.823122999998	10739.688846999998	10740.065325999998	10733.492357	10737.818956			1.0		0.0	2.0					
10742.832	6.778000000000247	trials	4.0	10744.881142999999	10746.896992999998	10749.128907999999	10749.615181999998	10740.947149999998	10747.925999			1.0	1.0	0.0	3.0					
10751.499	12.010000000000218	trials	4.0	10756.590940999999	10757.917750999999			10755.720409999998	10759.325874999999	10761.169	10763.509	2.0		1.0	1.0					
10767.577	9.01600000000144	trials	4.0	10772.207045	10774.062150999998			10771.202458999998	10774.359343999999			2.0		1.0	1.0					
10781.11	6.378999999998996	trials	4.0	10782.971685999999	10784.482177999998			10781.302201999999	10785.387571999998	10787.169	10787.32	2.0		1.0	1.0					
10791.006	8.079999999999927	trials	4.0	10793.247559	10795.061095999998	10797.649587999998	10798.289722999998	10792.678665999998	10796.655481999998			1.0	2.0	0.0	3.0					
10800.972	7.05199999999968	trials	4.0	10802.860987999999	10804.482634999998			10799.094398999998	10804.479933999999			1.0		0.0	2.0					
10808.542	8.231999999999971	trials	4.0	10811.667435999998	10813.203826999998			10810.769563999998	10814.469582999998	10816.454	10816.724	2.0		1.0	1.0					
10820.224	10.954999999999927	trials	4.0	10823.145736999999	10824.552730999998	10828.919881999998	10829.504683999998	10822.270399999998	10826.989000999998	10829.679	10831.179	1.0	2.0	1.0	1.0					
10834.199	50.725000000000364	trials	4.0	10881.471330999999	10882.923447999998	10883.761750999998	10884.046728999998	10880.689849999999	10882.912626999998			1.0		0.0	2.0					
10886.985	30.568999999999505	trials	4.0	10912.341891999999	10913.485252999999	10916.927959999999	10917.564454999998	10911.526503	10915.598424999998			1.0	1.0	0.0	3.0					
10921.249	8.826999999999316	trials	4.0	10925.931674	10927.293541	10928.682791	10929.149566999999	10925.018686	10927.866879999998			1.0	2.0	0.0	3.0					
10932.974	9.139999999999418	trials	4.0	10938.881578999999	10940.114493999998	10941.616885	10941.832767999998	10938.129771999998	10940.108665999998			1.0		0.0	2.0					
10944.139	8.806000000000495	trials	4.0	10948.127214999999	10950.093336999998			10947.185749999999	10950.795909999999	10952.559	10952.679	2.0		1.0	1.0					
10956.379	10.315999999998894	trials	4.0	10961.186862999999	10962.987973999998	10964.720322999998	10965.175921999999	10960.318629999998	10963.864360999998	10965.464	10966.695	1.0	2.0	1.0	1.0					
10969.743	8.645999999998821	trials	4.0	10972.793172999998	10974.642589	10977.132667999998	10977.594192999999	10972.122460999999	10976.251441999999			1.0	2.0	0.0	3.0					
10979.451	4.9980000000014115	trials	4.0	10981.266570999998	10982.388022999998	10983.883945999998	10984.338292999999	10978.400279999998	10982.624286999999			1.0	1.0	0.0	3.0					
10988.21	8.293000000001484	trials	4.0	10990.012177999999	10991.468495	10994.112261999999	10994.653679	10989.060955999998	10993.267399999999	10994.759	10996.503	1.0	2.0	1.0	1.0					
10998.524	54.21100000000115	trials	4.0	11046.597189999999	11048.000153999998	11051.203740999998	11051.871459999998	11045.995285999998	11050.240921999999			1.0	2.0	0.0	3.0					
11053.539	7.369999999998981	trials	4.0	11055.361762999999	11056.701567999999	11059.296322999999	11059.942600999999	11052.746435	11057.521698999999			1.0	2.0	0.0	3.0					
11062.631	5.462999999999738	trials	4.0	11064.197017999999	11065.438828999999	11067.728166999997	11068.078026999998	11060.918151999998	11066.361903999998			1.0	1.0	0.0	3.0					
11072.049	11.18999999999869	trials	4.0	11075.572240999998	11076.9137	11081.619561999998	11082.210019999999	11074.920427	11079.918790999998			1.0	2.0	0.0	3.0					
11083.965	7.690000000000509	trials	4.0	11085.741772999998	11087.294756			11083.250293999998	11089.394337999998			2.0		1.0	1.0					
11094.124	10.445999999999913	trials	4.0	11098.264077999998	11100.139498999999	11102.315928999999	11102.877947999998	11097.426790999998	11101.431324999998	11103.019	11104.57	1.0	2.0	1.0	1.0					
11108.634	8.784999999999854	trials	4.0	11111.182579999999	11112.693959999999	11116.086196999999	11116.496458999998	11110.544933	11114.887533999998			1.0	2.0	0.0	3.0					
11120.405	7.323999999998705	trials	4.0	11122.076955999999	11123.874145999998	11127.022422999999	11127.738784	11117.427463999999	11125.939140999999			1.0	1.0	0.0	3.0					
11130.611	7.547999999998865	trials	4.0	11133.603007999998	11135.269410999997	11136.794868999998	11137.357924999998	11132.665536999999	11135.81555			1.0	2.0	0.0	3.0					
11140.169	8.850000000000364	trials	4.0	11142.138067999998	11143.524386	11146.539216999998	11147.101497999998	11138.172303	11145.228471999999	11147.405	11149.019	1.0	1.0	1.0	1.0					
11153.094	11.351000000000568	trials	4.0	11156.447291999999	11157.599695999997	11162.974510999999	11163.613612	11155.747980999999	11159.412077999998			1.0	2.0	0.0	3.0					
11166.309	5.855000000001382	trials	4.0	11167.862584999999	11169.839941999999	11171.419807999999	11172.176505999998	11164.458375999999	11170.238929999998			1.0	1.0	0.0	3.0					
11173.784	20.13000000000102	trials	4.0	11183.192802999998	11184.883711999999	11191.545741999998	11192.084878999998	11182.531938999999	11189.173651	11192.244	11193.914	1.0	2.0	1.0	1.0					
11197.934	10.230000000001382	trials	4.0	11201.233353999998	11202.484771	11205.830095999998	11206.493946999999	11200.431313	11204.699158999998	11206.524	11208.164	1.0	2.0	1.0	1.0					
11212.224	7.456000000000131	trials	4.0	11215.419734	11216.574591999999	11219.044006999999	11219.691526999999	11214.458514999998	11218.028473999999			1.0	2.0	0.0	3.0					
11222.364	14.430000000000291	trials	4.0	11226.205111	11228.114958999999	11233.575381999999	11234.186413999998	11225.240104999999	11232.594108999998	11234.244	11236.794	1.0	2.0	1.0	1.0					
11238.824	17.0049999999992	trials	4.0	11248.124809999998	11249.830549999999	11253.451938999999	11254.058563999999	11247.529623999999	11252.434687999998	11254.019	11255.829	1.0	2.0	1.0	1.0					
11258.941	9.182999999999083	trials	4.0	11263.368182999999	11265.325000999997			11262.451416999998	11265.828715999998			2.0		1.0	1.0					
11271.719	6.605000000001382	trials	4.0	11273.718856	11275.040496999998			11272.610236999999	11276.104763	11277.969	11278.324	2.0		1.0	1.0					
11281.353	8.621000000001004	trials	4.0	11284.618405999998	11285.704735			11283.826551999999	11287.957897999999	11289.644	11289.73	2.0		1.0	1.0					
11292.537	10.896999999999025	trials	4.0	11296.099024	11297.502002999998	11302.962924999998	11303.443695999998	11295.187750999998	11300.839697			1.0	1.0	0.0	3.0					
11307.289	9.494999999998981	trials	4.0	11309.963979999999	11312.004679999998	11314.322718999998	11315.090610999998	11309.389582999998	11313.105386	11315.024	11316.784	1.0	2.0	1.0	1.0					
11320.848	9.14600000000064	trials	4.0	11322.939070999999	11324.695281999999	11327.648092999998	11328.241269999999	11322.092730999999	11326.745605999999	11328.374	11329.994	1.0	2.0	1.0	1.0					
11332.014	9.355000000001382	trials	4.0	11335.488823999998	11337.315831999998			11334.594955999999	11339.18775	11341.019	11341.286	2.0		1.0	1.0					
11343.901	9.978000000000975	trials	4.0	11348.184301999998	11350.261571	11352.401984999999	11353.162227999997	11347.541611999999	11351.44574			1.0	2.0	0.0	3.0					
11355.773	5.712000000001353	trials	4.0	11357.578366999998	11359.106299	11361.113997999999	11361.468952	11353.891087999998	11359.527487999998			1.0	1.0	0.0	3.0					
11364.465	9.359000000000378	trials	4.0	11367.474495999999	11369.006956999998	11372.224738999997	11372.806094	11366.581304	11371.257930999998			1.0	2.0	0.0	3.0					
11375.54	8.404999999998836	trials	4.0	11377.479194	11379.530034999998	11383.616407999998	11383.941802999998	11373.838591999998	11381.284384999999			1.0	1.0	0.0	3.0					
11385.964	12.286000000000058	trials	4.0	11391.194635999998	11393.209168999998			11390.577529999999	11393.867115	11395.655	11398.25	2.0		1.0	1.0					
11402.316	8.847999999999956	trials	4.0	11404.408734999999	11405.921479999999	11408.779429999999	11409.388178999998	11403.486315999999	11407.722081999998	11409.445	11411.164	1.0	2.0	1.0	1.0					
11413.229	8.515000000001237	trials	4.0	11416.323892999999	11418.301312	11420.334076	11420.859639999999	11415.634743999999	11418.956145999999			1.0	2.0	0.0	3.0					
11424.664	5.945999999999913	trials	4.0	11426.449160999999	11427.387352999998	11429.990166	11430.623404999998	11421.756811	11427.373756999998			1.0		0.0	2.0					
11433.395	11.414999999999054	trials	4.0	11438.719791	11440.378312999997	11443.464778999998	11443.993933999998	11437.769131999998	11442.364300999998			1.0	2.0	0.0	3.0					
11446.806	11.325999999999112	trials	4.0	11448.594880999999	11450.500698999998	11456.667021999998	11457.256981999999	11444.821419999998	11451.673264			1.0	2.0	0.0	3.0					
11458.994	8.325999999999112	trials	4.0	11460.639967	11461.827095999999			11458.146727999998	11463.342728999998	11465.189	11467.32	2.0		1.0	1.0					
11469.379	10.769999999998618	trials	4.0	11473.804723999998	11475.172711	11477.998395999999	11478.549926999998	11472.839363	11477.041039999998	11478.769	11480.149	1.0	2.0	1.0	1.0					
11484.216	7.118000000000393	trials	4.0	11485.876507999998	11487.824946999997	11490.272389999998	11490.823881999999	11484.256977	11489.217610999998			1.0	2.0	1.0	1.0					
11493.874	3883.34	BlockDesign														1.0	827.0	1057.0	50.0	10.0
11493.874	11.100000000000364	trials	5.0	11500.369271	11501.828335999999			11499.381868999999	11502.554579999998	11504.235	11504.974	2.0		1.0	1.0					
11508.99	10.78399999999965	trials	5.0	11510.894663	11512.438356999999			11509.906909999998	11513.749648999998	11515.574	11515.869	2.0		1.0	1.0					
11520.485	7.888999999999214	trials	5.0	11522.434836999999	11523.998185999999	11525.946340999999	11526.389845999998	11519.788876999999	11524.720468	11526.829	11528.374	1.0	2.0	1.0	1.0					
11531.224	8.1299999999992	trials	5.0	11534.319942999999	11535.590632999998	11538.039005999999	11538.501545	11533.327169999999	11537.085048999998			1.0	2.0	0.0	3.0					
11540.369	6.234999999998763	trials	5.0	11542.225267999998	11543.946547999998	11546.129963	11546.616930999999	11539.365501999999	11545.076533999998			1.0	1.0	0.0	3.0					
11549.524	7.131000000001222	trials	5.0	11551.865016999998	11552.998591999998	11555.089561999997	11555.962875999998	11551.178006999999	11554.158072999999			1.0	2.0	0.0	3.0					
11559.419	6.780000000000655	trials	5.0	11561.305186999998	11563.161762999998			11556.667071999998	11564.004265999998	11565.924	11566.199	2.0		1.0	1.0					
11570.243	6.185999999999694	trials	5.0	11572.595816	11573.817733999998			11570.937785999999	11574.255304999999	11576.03	11576.42	2.0		1.0	1.0					
11578.864	18.19000000000051	trials	5.0	11581.410012999999	11582.597479999999	11596.397808999998	11597.068258	11580.472149999998	11584.705003			1.0	2.0	0.0	3.0					
11599.724	12.681000000000495	trials	5.0	11603.055421999998	11604.187693999998	11610.875721999999	11611.555338999999	11602.053967999998	11606.503288999998			1.0	2.0	0.0	3.0					
11613.214	6.200000000000728	trials	5.0	11614.870024999998	11615.949958999998	11618.84651	11619.428917999998	11612.417583999999	11617.892467999998			1.0	1.0	0.0	3.0					
11621.229	20.631000000001222	trials	5.0	11633.410106	11635.307791999998	11640.694601	11641.142164999997	11632.587086	11639.597793999998			1.0	2.0	0.0	3.0					
11643.009	5.77100000000064	trials	5.0	11645.00205	11646.783851999999			11641.873281999999	11646.780120999998			1.0		0.0	2.0					
11650.794	7.40099999999984	trials	5.0	11652.605687	11654.207398999999	11656.400972	11657.073138999998	11648.535111999998	11654.202100999999			1.0		0.0	2.0					
11660.244	4.904999999998836	trials	5.0	11661.895851999998	11663.157327999998			11658.207019999998	11663.146813999998			1.0		0.0	2.0					
11669.159	8.399999999999636	trials	5.0	11670.721140999998	11672.049473	11675.929015999998	11676.707884999998	11669.985579999999	11674.912597999999			1.0	2.0	0.0	3.0					
11679.259	9.1200000000008	trials	5.0	11680.827880999997	11682.871294999999	11687.729318999998	11688.392016999998	11677.573897999999	11686.586664999999			1.0	1.0	0.0	3.0					
11691.105	14.130000000001019	trials	5.0	11697.256577999999	11698.612860999998	11703.601524999998	11704.400323999998	11696.415319999998	11702.437251999998			1.0	2.0	0.0	3.0					
11706.919	17.941000000000713	trials	5.0	11708.931857	11710.997467999998	11722.671870999999	11723.134923999998	11705.24809	11712.512716999998	11723.379	11724.86	1.0	2.0	1.0	1.0					
11726.924	9.349999999998545	trials	5.0	11730.587715999998	11732.439491999998			11730.000573999998	11734.078692	11735.799	11736.274	2.0		1.0	1.0					
11739.297	8.541999999999462	trials	5.0	11742.797775	11744.121202999999	11747.185218999999	11747.853176999999	11742.128404	11746.131586999998			1.0	2.0	0.0	3.0					
11751.539	9.597999999999956	trials	5.0	11753.401384999997	11754.654625	11758.885078	11759.304840999997	11751.863782999999	11757.441880999999	11759.664	11761.137	1.0	1.0	1.0	1.0					
11763.205	28.138999999999214	trials	5.0	11783.191679	11784.849618999999			11782.226466999999	11787.703195999999	11789.549	11791.344	2.0		1.0	1.0					
11794.411	11.722999999999956	trials	5.0	11797.861383999998	11799.722403999998	11802.882152999999	11803.466507999998	11797.074478999999	11802.038668999998			1.0	2.0	0.0	3.0					
11807.404	10.654999999998836	trials	5.0	11813.396767999999	11814.714891999998	11817.431814	11818.072413999998	11812.770183999999	11816.381167999998			1.0	2.0	0.0	3.0					
11820.759	13.14600000000064	trials	5.0	11826.231983999998	11827.742287999998	11832.475279999999	11833.088579	11825.452948999999	11831.481402999998			1.0	2.0	0.0	3.0					
11834.789	12.340000000000146	trials	5.0	11836.378440999999	11837.958277999998	11844.549014999999	11845.247401999999	11833.921215999999	11838.440038999997	11845.464	11847.129	1.0	1.0	1.0	1.0					
11849.19	8.458999999998923	trials	5.0	11852.213751999998	11853.545182999998			11851.447055999999	11854.938019999998	11856.82	11857.649	2.0		1.0	1.0					
11861.309	156.6150000000016	trials	5.0	12013.718555	12015.180337999998	12016.785336999998	12017.212594999999	12012.813132999998	12015.173905999998			1.0		0.0	2.0					
12020.184	10.81000000000131	trials	5.0	12023.433191999999	12025.225787	12028.609843999999	12029.138008999998	12022.773040999999	12025.535068999998	12029.399	12030.994	1.0	2.0	1.0	1.0					
12033.109	8.69000000000051	trials	5.0	12036.532951999998	12037.709367999998	12040.236721999998	12040.918693999998	12035.966509999998	12039.263590999999			1.0	2.0	0.0	3.0					
12042.574	6.421999999998661	trials	5.0	12044.313334999999	12045.810261999999	12048.306853999999	12049.009958999999	12041.814201999998	12047.309963999998			1.0	1.0	0.0	3.0					
12051.659	21.100000000000364	trials	5.0	12066.879502999998	12068.265973999998			12065.951073999999	12070.241382999999	12071.919	12072.759	2.0		1.0	1.0					
12075.791	8.444000000001324	trials	5.0	12078.478989999998	12079.980679999999			12077.616218	12080.615362999999	12082.405	12084.235	2.0		1.0	1.0					
12088.304	8.709999999999127	trials	5.0	12091.358409999999	12092.736355999998	12095.500080999998	12096.038201	12090.715277	12094.601178999998			1.0	2.0	0.0	3.0					
12099.814	7.354999999999563	trials	5.0	12101.550220999998	12102.697357			12097.031817	12104.391869	12106.149	12107.169	2.0		1.0	1.0					
12111.191	9.367999999998574	trials	5.0	12113.106468999998	12114.779485	12119.400421999999	12119.887566999998	12111.892626999997	12117.121102999998			1.0	2.0	0.0	3.0					
12122.724	6.834999999999127	trials	5.0	12124.318804999999	12125.592238999998			12120.574566999998	12125.585672999998			1.0		0.0	2.0					
12129.594	8.561000000001513	trials	5.0	12131.943490999998	12133.834659999999			12130.940547999999	12134.693124999998	12136.619	12138.155	2.0		1.0	1.0					
12142.174	8.574999999998909	trials	5.0	12144.255497999999	12145.676844999998	12149.044783999998	12149.697223	12143.420691999998	12147.676058			1.0	2.0	0.0	3.0					
12153.364	8.239999999999782	trials	5.0	12155.368735999999	12156.921991	12161.045003999998	12161.621489999998	12150.765586999998	12158.148861999998			1.0	1.0	0.0	3.0					
12163.37	20.724999999998545	trials	5.0	12173.208615	12174.915624999998	12183.289708999999	12184.113250999999	12172.702159999999	12182.397741999997			1.0	2.0	0.0	3.0					
12186.57	11.439000000000306	trials	5.0	12190.389466999999	12192.261034	12196.479236	12197.197852999998	12189.442253999998	12192.680098999997			1.0	2.0	0.0	3.0					
12198.857	12.106999999999971	trials	5.0	12200.554068999998	12202.245259999998	12208.715911	12209.026083999997	12198.023877999998	12207.331882999999	12209.534	12210.964	1.0	1.0	1.0	1.0					
12214.029	10.389999999999418	trials	5.0	12217.364349999998	12218.774125999998	12223.088419999998	12223.627549999997	12216.534624999998	12222.086183			1.0	2.0	0.0	3.0					
12226.419	11.364999999999782	trials	5.0	12228.034326999998	12229.950984	12235.290247999998	12235.372711999999	12224.433967999998	12233.196822999998	12235.969	12237.784	1.0	1.0	1.0	1.0					
12240.854	10.530000000000655	trials	5.0	12245.365575	12247.260451999999			12244.638679	12249.004969	12250.689	12251.384	2.0		1.0	1.0					
12255.404	8.699999999998909	trials	5.0	12257.50368	12259.235437	12262.607895	12263.217966999999	12256.536	12261.455844999999			1.0	2.0	0.0	3.0					
12266.954	5.050000000001091	trials	5.0	12268.70017	12269.920171	12271.480287999999	12272.004648	12264.107199999999	12270.536006999999			1.0	1.0	0.0	3.0					
12273.82	15.668999999999869	trials	5.0	12283.293908	12284.885736	12288.033341999999	12288.685473	12282.402194	12287.114956			1.0	2.0	0.0	3.0					
12291.414	10.490999999999985	trials	5.0	12293.398752	12295.195792999999	12299.12508	12299.846091	12289.490515	12295.188505	12299.839	12301.905	1.0	1.0	1.0	1.0					
12303.989	18.155000000000655	trials	5.0	12316.459100999999	12317.585163	12320.45208	12321.368972	12315.887904	12319.575284999999			1.0	2.0	0.0	3.0					
12323.784	8.380000000001019	trials	5.0	12325.344457	12326.836027			12322.144686	12326.825972999999			1.0		0.0	2.0					
12332.854	5.75	trials	5.0	12334.990504	12336.497816	12337.249737	12337.75591	12334.007921999999	12336.493478999999			1.0		0.0	2.0					
12340.511	8.313000000000102	trials	5.0	12342.504332999999	12343.822729	12346.22523	12346.882651	12338.606811	12345.122417999999	12346.964	12348.824	1.0	1.0	1.0	1.0					
12351.844	12.135000000000218	trials	5.0	12353.939306999999	12355.756279	12360.800363999999	12361.738986999999	12353.310174999999	12359.362863	12361.584	12363.979	1.0	1.0	1.0	1.0					
12366.059	12.650000000001455	trials	5.0	12373.439554999999	12374.90324	12377.391679999999	12377.972501999999	12372.759643	12376.278246			1.0	2.0	0.0	3.0					
12379.778	9.070999999999913	trials	5.0	12381.689314	12383.306094	12386.004969	12386.902694999999	12378.709998	12384.967631	12386.71	12388.849	1.0	1.0	1.0	1.0					
12390.864	10.774999999999636	trials	5.0	12394.37989	12396.411936999999	12400.284776999999	12400.767726999999	12393.770634999999	12398.976951999999			1.0	2.0	0.0	3.0					
12403.57	5.738999999999578	trials	5.0	12405.249627	12406.992819	12408.505023	12409.312781999999	12401.640141	12407.337151			1.0	1.0	0.0	3.0					
12411.854	10.085000000000946	trials	5.0	12415.149315999999	12416.641339	12420.622609	12421.331337	12414.202968	12417.370085999999			1.0	2.0	0.0	3.0					
12422.964	8.25	trials	5.0	12424.854591	12426.071136999999			12421.939354	12427.727654999999	12429.437	12431.214	2.0		1.0	1.0					
12435.294	6.014999999999418	trials	5.0	12436.939715999999	12438.426715			12435.823069	12438.840612	12440.634	12441.309	2.0		1.0	1.0					
12445.324	8.161000000000058	trials	5.0	12446.929734	12448.771318	12451.549398	12452.211366	12446.308378	12450.620701			1.0	1.0	0.0	3.0					
12453.889	7.275000000001455	trials	5.0	12455.693372	12457.691357			12453.487019999999	12458.315606999999	12460.464	12461.164	2.0		1.0	1.0					
12465.124	13.195999999999913	trials	5.0	12471.560254	12473.591908	12476.848578	12477.424874999999	12470.98647	12475.820178			1.0	2.0	0.0	3.0					
12480.197	9.336999999999534	trials	5.0	12482.093003	12483.896568	12486.942199	12487.532036999999	12478.324766	12485.850483	12487.774	12489.534	1.0	1.0	1.0	1.0					
12492.554	11.125	trials	5.0	12496.100277	12497.186716	12501.73585	12502.304556	12495.564445	12500.261010999999			1.0	1.0	0.0	3.0					
12506.116	7.093000000000757	trials	5.0	12507.935249	12509.717074			12503.680667999999	12510.676304999999	12512.459	12513.209	2.0		1.0	1.0					
12517.272	7.281999999999243	trials	5.0	12519.536732999999	12520.783932999999			12518.890927	12522.534711999999	12524.179	12524.364	2.0		1.0	1.0					
12529.089	25.139999999999418	trials	5.0	12546.746556999999	12547.861713999999	12552.761961	12553.373641	12546.237667	12551.559346999999			1.0	2.0	0.0	3.0					
12557.103	8.101000000000568	trials	5.0	12558.985287	12560.276023999999	12562.30761	12563.099643	12554.233036	12561.306252999999	12563.269	12565.204	1.0	1.0	1.0	1.0					
12568.269	13.100000000000364	trials	5.0	12571.251115	12572.442158	12578.628466	12579.189687	12570.303237	12576.589307999999	12579.274	12581.369	1.0	1.0	1.0	1.0					
12583.394	12.395000000000437	trials	5.0	12586.891523	12588.453416	12594.080312999999	12594.587769	12586.048447	12592.976611			1.0	1.0	0.0	3.0					
12596.364	6.2150000000001455	trials	5.0	12598.22079	12599.812329999999	12601.522783999999	12601.824112999999	12595.792857	12599.805693999999			1.0		0.0	2.0					
12603.889	6.915000000000873	trials	5.0	12605.461039	12607.099043999999	12610.056826	12610.808955999999	12602.580837	12609.049245999999			1.0	1.0	0.0	3.0					
12613.459	16.334999999999127	trials	5.0	12620.412366999999	12621.477429999999	12627.451917	12627.976128999999	12619.483946	12626.504726	12628.344	12629.794	1.0	2.0	1.0	1.0					
12632.854	10.81500000000051	trials	5.0	12636.76606	12638.164089			12636.186733999999	12641.1538	12642.804	12643.669	2.0		1.0	1.0					
12646.739	10.630000000001019	trials	5.0	12649.265849	12650.801668999999	12654.933047999999	12655.559922	12648.347779	12653.768234			1.0	2.0	0.0	3.0					
12658.269	7.739999999999782	trials	5.0	12660.101064999999	12661.138083			12657.373762	12661.127535			1.0		0.0	2.0					
12666.155	15.384000000000015	trials	5.0	12673.860552999999	12675.217838999999			12673.033190999999	12679.262148	12681.169	12681.249	2.0		1.0	1.0					
12685.054	12.480999999999767	trials	5.0	12688.711852	12690.09306	12695.035485999999	12695.682471	12688.00231	12693.355249999999	12695.829	12697.535	1.0	1.0	1.0	1.0					
12699.554	10.6200000000008	trials	5.0	12703.60631	12705.267973	12708.739792	12709.356657	12702.761154	12707.786225			1.0	2.0	0.0	3.0					
12711.149	9.095000000001164	trials	5.0	12712.735821999999	12714.539463	12718.312666	12719.06092	12710.179751	12716.686959999999			1.0	1.0	0.0	3.0					
12722.698	5.306000000000495	trials	5.0	12724.436531	12726.099693999999	12727.351158	12728.008102	12720.250043	12726.422199999999			1.0	2.0	0.0	3.0					
12729.679	20.954999999999927	trials	5.0	12735.696139	12737.038066	12749.243278	12749.877324	12735.150448	12745.090702			1.0	2.0	0.0	3.0					
12752.57	10.59900000000016	trials	5.0	12754.271545	12756.244778999999	12762.631494	12763.175616999999	12750.637675	12761.623679			1.0	1.0	0.0	3.0					
12765.964	22.655000000000655	trials	5.0	12780.297507	12782.066812	12786.991408	12787.701105	12779.359792	12785.304624999999			1.0	2.0	0.0	3.0					
12791.36	7.718999999999141	trials	5.0	12792.887104	12794.932863999999			12788.625441999999	12795.931974	12797.624	12799.079	2.0		1.0	1.0					
12801.102	9.126999999998588	trials	5.0	12804.566847999999	12806.394651999999	12808.677098999999	12809.374838	12804.024174999999	12807.575539			1.0	1.0	0.0	3.0					
12813.044	6.755000000001019	trials	5.0	12814.692174	12816.127167999999	12817.505958	12818.729916	12810.234144	12816.545391			1.0	2.0	0.0	3.0					
12819.86	8.75	trials	5.0	12821.717481	12822.995519			12819.803127	12823.682133	12825.469	12828.61	2.0		1.0	1.0					
12830.696	10.993000000000393	trials	5.0	12834.817287	12835.925137	12840.207325	12840.91231	12834.141415	12839.240821			1.0	2.0	0.0	3.0					
12844.539	9.295000000000073	trials	5.0	12846.078829	12847.630191	12849.579485999999	12850.307368	12841.693293999999	12848.399259			1.0	1.0	0.0	3.0					
12853.912	7.481999999999971	trials	5.0	12856.927232999999	12858.119988999999	12860.712607	12861.398825999999	12856.133646999999	12858.949665			1.0	2.0	0.0	3.0					
12864.044	15.444999999999709	trials	5.0	12867.182239	12868.702018	12878.108611	12878.758515	12866.393004	12875.156342999999			1.0	2.0	0.0	3.0					
12882.484	4.979999999999563	trials	5.0	12884.407059	12885.415799999999			12879.495869999999	12885.408268			1.0		0.0	2.0					
12890.474	6.164999999999054	trials	5.0	12892.607962999999	12894.30048	12895.977367	12896.643817	12891.873395999999	12895.102597			1.0	2.0	0.0	3.0					
12898.309	89.00500000000102	trials	5.0	12980.237471999999	12981.344525999999			12979.547399	12984.030793	12934.184	12987.314	2.0		1.0	1.0					
12989.374	17.100000000000364	trials	5.0	12995.307918999999	12997.314718	13004.017306	13004.660729	12994.578447	13002.196444	13004.704	13006.474	1.0	2.0	1.0	1.0					
13009.533	11.046000000000276	trials	5.0	13013.24496	13014.886735			13012.423152	13018.123339	13019.82	13020.579	2.0		1.0	1.0					
13022.639	11.551000000001295	trials	5.0	13027.539723	13029.066093	13032.626799	13033.004305999999	13026.963177	13031.30389			1.0	1.0	0.0	3.0					
13037.094	5.430000000000291	trials	5.0	13038.963705	13040.520684			13034.19579	13040.515147999999			2.0		0.0	2.0					
13046.539	13.769999999998618	trials	5.0	13052.528226999999	13053.952798	13058.055063	13058.503794999999	13051.624733999999	13055.713364			1.0	2.0	0.0	3.0					
13061.379	5.344999999999345	trials	5.0	13063.218469	13064.72065			13060.316686	13064.708348999999			1.0		0.0	2.0					
13069.735	8.709999999999127	trials	5.0	13071.869964	13072.909625999999			13071.273014999999	13074.626269	13076.329	13078.445	2.0		1.0	1.0					
13082.509	9.8799999999992	trials	5.0	13087.096117	13088.697098999999	13091.740840999999	13092.39505	13086.241825	13090.246652			1.0	2.0	0.0	3.0					
13095.105	14.225000000000364	trials	5.0	13100.773513	13102.255829	13106.693544	13107.424916	13099.917738999999	13104.955931999999	13107.464	13109.33	1.0	2.0	1.0	1.0					
13113.213	13.490999999999985	trials	5.0	13118.01389	13119.110042999999	13124.38133	13124.708019	13117.025887	13123.275307			1.0	1.0	0.0	3.0					
13126.719	7.2850000000016735	trials	5.0	13128.628942	13130.414939999999	13132.361816999999	13132.9444	13126.710561	13131.381641			1.0	2.0	0.0	3.0					
13135.689	14.06500000000051	trials	5.0	13137.588737999999	13139.653686	13149.184122999999	13149.759119	13134.012875999999	13144.187068			1.0	2.0	0.0	3.0					
13152.549	34.19499999999971	trials	5.0	13172.245845	13174.27386	13181.753514	13182.370278999999	13171.248952	13176.270553999999	13182.414	13186.744	1.0	2.0	1.0	1.0					
13188.809	32.16500000000087	trials	5.0	13216.384109999999	13217.917599999999	13220.401993	13220.983123	13215.409719	13218.920211999999			1.0	2.0	0.0	3.0					
13224.724	10.084999999999127	trials	5.0	13228.135828999999	13229.921522999999	13233.07539	13233.758794	13227.431864999999	13231.741775999999			1.0	2.0	0.0	3.0					
13235.364	9.925000000001091	trials	5.0	13237.109752	13239.054963999999	13244.526072999999	13245.295993	13234.818373	13242.982218			1.0	1.0	0.0	3.0					
13248.844	23.89100000000144	trials	5.0	13266.569040999999	13268.195928	13271.090794	13271.733289	13265.760651999999	13269.595308			1.0	2.0	0.0	3.0					
13274.434	10.034999999999854	trials	5.0	13276.095019	13277.724602999999	13281.690042	13282.319394	13272.739196999999	13277.773145	13282.379	13284.469	1.0	1.0	1.0	1.0					
13286.334	11.350999999998749	trials	5.0	13290.005052999999	13291.47112	13294.882179999999	13295.575057	13289.487613	13293.643946999999	13295.628	13297.685	1.0	1.0	1.0	1.0					
13299.699	11.420000000000073	trials	5.0	13304.659518999999	13305.805884			13304.138154999999	13309.013180999998	13310.789	13311.099	2.0		1.0	1.0					
13313.694	10.350000000000364	trials	5.0	13318.081063	13319.294447999999			13317.200687999999	13321.506969999999	13323.384	13324.044	2.0		1.0	1.0					
13328.11	15.10399999999936	trials	5.0	13331.944399	13333.231598999999	13340.49093	13341.135787	13331.131002999999	13338.394476	13341.224	13343.214	1.0	1.0	1.0	1.0					
13346.301	11.708000000000538	trials	5.0	13351.174899	13352.652500999999	13356.514506	13357.029115	13350.391239999999	13355.461884			1.0	2.0	0.0	3.0					
13358.87	8.688999999998487	trials	5.0	13360.800357	13362.662299	13366.46797	13367.179979999999	13358.01556	13362.790926			1.0	1.0	1.0	1.0					
13371.009	13.534999999999854	trials	5.0	13377.625429	13379.266845999999			13376.789576	13381.662117	13383.594	13384.544	2.0		1.0	1.0					
13388.57	19.764000000001033	trials	5.0	13400.180301	13401.596377	13406.693049	13407.194217	13399.589093999999	13404.434613			1.0	1.0	0.0	3.0					
13409.03	6.993999999998778	trials	5.0	13410.940440999999	13412.204205999999	13414.002344999999	13414.783699	13408.343448	13412.975797			1.0	2.0	0.0	3.0					
13417.329	6.951000000000931	trials	5.0	13419.064930999999	13420.432309			13416.030999999999	13421.964951999998	13423.869	13424.104	2.0		1.0	1.0					
13428.739	10.510000000000218	trials	5.0	13430.440418	13431.906679	13436.447769999999	13437.249607	13429.626202	13435.100524	13437.17	13439.249	1.0	1.0	1.0	1.0					
13441.279	12.088999999999942	trials	5.0	13447.005709	13448.344423999999	13451.303028999999	13451.324499999999	13446.136403999999	13450.35376			2.0		0.0	4.0					
13457.375	12.194999999999709	trials	5.0	13459.155325	13460.281820999999	13467.751027999999	13468.537482	13457.69536	13465.979884			1.0	2.0	0.0	3.0					
13470.089	15.450000000000728	trials	5.0	13471.707150999999	13473.109771	13482.798034	13483.356006999998	13469.579842	13476.739614999999	13483.524	13485.539	1.0	1.0	1.0	1.0					
13487.571	14.798000000000684	trials	5.0	13495.698198999999	13497.462963999998			13494.881750999999	13499.789691999998	13501.869	13502.369	2.0		1.0	1.0					
13504.454	11.425000000001091	trials	5.0	13508.652004	13510.189779999999			13508.093616	13512.912187	13514.919	13515.879	2.0		1.0	1.0					
13519.945	13.28399999999965	trials	5.0	13523.796042	13524.993392999999	13531.368009	13531.875081	13523.247873	13530.334284999999			1.0	1.0	0.0	3.0					
13533.695	6.679000000000087	trials	5.0	13535.270872	13536.532170999999	13538.83656	13539.442056	13533.236911	13537.898989			1.0	2.0	0.0	3.0					
13541.21	5.614000000001397	trials	5.0	13543.088643	13544.374772			13540.384350999999	13544.363446			1.0		0.0	2.0					
13549.449	16.014999999999418	trials	5.0	13555.360967999999	13557.318673	13562.683431	13563.496981	13554.766377	13561.196393999999	13563.445	13565.464	1.0	1.0	1.0	1.0					
13568.519	20.261000000000422	trials	5.0	13581.401753999999	13583.193007	13585.692966999999	13586.409176	13580.410477	13584.407063999999	13586.36	13588.78	1.0	1.0	1.0	1.0					
13591.445	12.634000000000015	trials	5.0	13597.946025	13599.897778999999			13597.170129999999	13600.446477	13603.059	13604.079	2.0		1.0	1.0					
13607.134	14.229999999999563	trials	5.0	13614.809976999999	13615.959093			13614.137177999999	13617.93199	13619.604	13621.364	2.0		1.0	1.0					
13624.384	10.405000000000655	trials	5.0	13627.796951999999	13629.598415999999	13632.673659	13633.336204	13627.178607	13631.300356			1.0	1.0	0.0	3.0					
13636.994	4.559999999999491	trials	5.0	13638.856914	13639.553949			13634.799584999999	13639.549863999999			1.0		0.0	2.0					
13644.564	36.529999999998836	trials	5.0	13669.276748999999	13671.200668	13679.441937	13680.153248999999	13668.629266	13671.264142			1.0	2.0	0.0	3.0					
13683.779	6.170000000000073	trials	5.0	13685.736488999999	13687.245449999999	13689.335025999999	13689.95956	13681.104553	13687.755475			1.0	1.0	0.0	3.0					
13692.669	22.840000000000146	trials	5.0	13697.186807999999	13698.776224	13713.572488	13714.472435	13696.297843	13711.369144			1.0	2.0	0.0	3.0					
13717.881	9.94300000000112	trials	5.0	13719.766830999999	13721.733882	13725.041202999999	13725.43807	13715.52015	13723.550791	13725.724	13727.824	1.0	1.0	1.0	1.0					
13730.919	14.450000000000728	trials	5.0	13736.952102	13738.419564	13742.898033	13743.525988	13736.098264	13741.385799	13743.629	13745.369	1.0	2.0	1.0	1.0					
13747.394	10.520000000000437	trials	5.0	13751.447143	13752.646616999999	13756.496191	13757.068793999999	13750.627708	13755.24598			1.0	2.0	0.0	3.0					
13760.826	6.414000000000669	trials	5.0	13762.5322	13763.80341	13765.329007	13766.111039	13757.926086	13763.955691			1.0	1.0	0.0	3.0					
13767.646	32.27800000000025	trials	5.0	13778.867264999999	13779.966946	13797.498389999999	13798.186618	13777.918980999999	13781.649389999999	13798.235	13799.924	1.0	2.0	1.0	1.0					
13803.991	8.177999999999884	trials	5.0	13807.162500999999	13808.867446			13806.225568	13809.666927	13811.599	13812.169	2.0		1.0	1.0					
13815.235	12.625	trials	5.0	13818.928195	13820.364183	13825.039542999999	13825.816539	13818.290652	13823.705532	13825.844	13827.86	1.0	1.0	1.0	1.0					
13829.891	9.958000000000538	trials	5.0	13834.522472999999	13835.913733			13833.918813999999	13837.117021999999	13838.869	13839.849	2.0		1.0	1.0					
13843.879	10.375	trials	5.0	13846.468187999999	13848.385762	13853.648116	13854.264465	13845.736266	13850.59129			1.0	1.0	0.0	3.0					
13857.974	5.645000000000437	trials	5.0	13861.128885	13861.618519			13860.176717999999	13861.61128			1.0		0.0	2.0					
13865.626	11.82300000000032	trials	5.0	13869.297885	13871.164257	13876.056671999999	13876.633101	13868.571843	13873.988635			1.0	2.0	0.0	3.0					
13878.369	6.8799999999992	trials	5.0	13880.258330999999	13881.435354			13877.458804	13883.003897999999	13884.864	13885.07	2.0		1.0	1.0					
13888.745	6.438999999998487	trials	5.0	13890.867059999999	13892.35794			13890.276388	13892.811318	13894.485	13895.184	2.0		1.0	1.0					
13899.209	11.244999999998981	trials	5.0	13901.758232	13903.734937	13908.954525	13909.738314999999	13900.774898	13907.587905			1.0	2.0	0.0	3.0					
13912.313	7.265999999999622	trials	5.0	13913.97783	13915.745002	13917.248028999998	13917.613381	13910.464356999999	13916.333327999999	13917.914	13919.579	1.0	1.0	1.0	1.0					
13922.599	9.575000000000728	trials	5.0	13925.428417	13927.30033	13931.069459999999	13931.526216	13924.785543999998	13929.980442			1.0	1.0	0.0	3.0					
13935.405	30.704999999999927	trials	5.0	13959.888678	13960.945054	13965.4687	13966.119573	13959.111943	13962.385812999999			1.0	2.0	0.0	3.0					
13969.822	18.41699999999946	trials	5.0	13978.713521	13980.505486999999	13983.978082	13984.620109	13977.936072999999	13982.635579			1.0	2.0	0.0	3.0					
13988.299	40.794999999998254	trials	5.0	14023.210395	14024.510563	14027.591794	14028.302715	14022.394871999999	14026.714284			1.0	2.0	0.0	3.0					
14029.905	5.72400000000016	trials	5.0	14031.44391	14032.987819	14035.268678	14035.639244999998	14029.106853	14034.049501			1.0	1.0	0.0	3.0					
14038.626	17.26299999999901	trials	5.0	14049.823969	14051.451407999999			14048.967702	14053.125218	14055.019	14055.889	2.0		1.0	1.0					
14057.959	15.549999999999272	trials	5.0	14061.148610999999	14062.901826	14070.885921	14071.516087	14060.37444	14068.669057	14071.719	14073.509	1.0	1.0	1.0	1.0					
14076.579	6.0900000000001455	trials	5.0	14078.564169	14079.869838999999			14077.906642	14080.441399	14082.364	14082.485	2.0		1.0	1.0					
14087.254	9.614999999999782	trials	5.0	14089.939518	14091.815720999999	14095.421448	14096.050431	14089.073355999999	14094.330559			1.0	2.0	0.0	3.0					
14099.785	9.318999999999505	trials	5.0	14101.804103999999	14102.971104999999	14106.391812	14106.920418	14096.88	14105.116207	14107.059	14109.104	1.0	1.0	1.0	1.0					
14111.124	11.711999999999534	trials	5.0	14114.824222	14116.307238	14121.34737	14122.035253999999	14114.202750999999	14120.076729			1.0	2.0	0.0	3.0					
14123.671	8.01299999999901	trials	5.0	14125.613819999999	14127.584321999999	14129.604143999999	14130.238608	14122.847544999999	14128.407898			1.0	1.0	0.0	3.0					
14131.995	7.378999999998996	trials	5.0	14133.670944	14135.361084	14137.169562	14137.685673	14131.69599	14136.277334999999	14137.954	14139.374	1.0	2.0	1.0	1.0					
14141.394	8.239999999999782	trials	5.0	14145.44455	14147.297851			14144.758113	14147.293931999999			2.0		0.0	2.0					
14151.351	6.212999999999738	trials	5.0	14153.364303999999	14154.561301			14149.644816	14155.332831	14157.219	14157.405	2.0		1.0	1.0					
14161.089	11.799999999999272	trials	5.0	14163.779692	14164.976912999999	14171.648017	14172.097285	14163.179347	14170.696171			1.0	2.0	0.0	3.0					
14173.964	7.170000000000073	trials	5.0	14175.658980999999	14176.977562	14178.899454999999	14179.262217	14172.902361999999	14177.831853	14179.719	14181.134	1.0	1.0	1.0	1.0					
14185.164	14.045000000000073	trials	5.0	14187.406194	14188.511418999999	14195.934285	14196.376552	14186.830441	14194.880931			1.0	1.0	0.0	3.0					
14199.259	16.620999999999185	trials	5.0	14206.135053999998	14207.329629	14214.76434	14215.625499	14205.52678	14213.364078999999			1.0	1.0	0.0	3.0					
14218.103	220.67100000000028	trials	5.0	14434.621174	14436.098097999999	14438.016628	14438.790132999999	14433.875682999998	14436.725107999999			1.0	2.0	0.0	3.0					
14441.339	19.38500000000022	trials	5.0	14453.526331	14455.376473	14459.24447	14459.784642999999	14452.672663	14458.103083			1.0	2.0	0.0	3.0					
14463.61	12.884000000000015	trials	5.0	14470.306354	14472.033118	14474.430516	14475.190901999998	14469.566882	14473.507924			1.0	2.0	0.0	3.0					
14478.749	5.675000000001091	trials	5.0	14480.45098	14481.558385	14484.125700999999	14484.436854	14476.508859	14481.555322			1.0		0.0	2.0					
14486.619	20.029999999998836	trials	5.0	14494.99611	14496.567164	14504.589124	14505.239908	14494.241999999998	14501.391307			1.0	2.0	0.0	3.0					
14507.913	6.735999999998967	trials	5.0	14509.616418	14511.608253999999	14514.037080999999	14514.66412	14506.661946	14512.098241			1.0	1.0	0.0	3.0					
14517.404	33.42499999999927	trials	5.0	14541.43789	14543.398535999999	14548.926180999999	14549.695629	14540.692278999999	14547.688262			1.0	2.0	0.0	3.0					
14552.244	7.729999999999563	trials	5.0	14554.262295999999	14555.511066	14557.281566	14557.649512	14550.844602	14555.580695	14558.079	14559.974	1.0	1.0	1.0	1.0					
14563.994	20.11999999999898	trials	5.0	14573.991924999998	14575.454255	14583.408938	14584.129464	14573.345152	14582.17347			1.0	2.0	0.0	3.0					
14585.729	16.075000000000728	trials	5.0	14593.726921	14594.820574	14601.063318999999	14601.817522	14592.913432	14599.083066			1.0	1.0	0.0	3.0					
14603.413	42.876000000000204	trials	5.0	14631.497833	14632.590360999999	14643.482143	14644.783237	14630.611369999999	14638.234676			1.0	2.0	0.0	3.0					
14647.846	6.32300000000032	trials	5.0	14649.482773	14651.328994			14646.302818	14651.911560999999	14653.685	14654.124	2.0		1.0	1.0					
14656.662	20.707000000000335	trials	5.0	14668.982704	14670.802165	14677.071198	14677.271649999999	14668.340361999999	14674.797265			1.0	1.0	0.0	3.0					
14681.389	12.420000000000073	trials	5.0	14688.022447	14689.881002			14687.327077	14691.561302	14693.354	14693.809	2.0		1.0	1.0					
14695.829	18.020000000000437	trials	5.0	14704.928259	14706.634648	14713.175824	14713.865613999998	14703.935954	14711.688959			1.0	2.0	0.0	3.0					
14717.539	17.719999999999345	trials	5.0	14728.27754	14729.962583999999	14733.173166999999	14733.72661	14727.293834	14731.673475			1.0	1.0	0.0	3.0					
14736.479	9.155000000000655	trials	5.0	14738.167558	14739.986534	14742.306337	14743.139194	14735.274975999999	14740.652193			1.0	2.0	0.0	3.0					
14746.659	6.826000000000931	trials	5.0	14748.66807	14750.604831			14745.650128	14751.217491	14752.934	14753.485	2.0		1.0	1.0					
14755.534	19.94499999999971	trials	5.0	14768.863185999999	14770.664322999999	14774.896631	14775.496863999999	14768.124501999999	14771.539637999998			1.0	1.0	0.0	3.0					
14778.243	17.636000000000422	trials	5.0	14789.743252	14791.507914			14788.952028	14792.47533	14794.144	14795.879	2.0		1.0	1.0					
14797.904	15.984999999998763	trials	5.0	14806.653346	14808.676946	14812.386412	14812.941185	14806.107281	14811.173863			1.0	2.0	0.0	3.0					
14815.749	7.005000000001019	trials	5.0	14817.453248999998	14818.726095999999	14820.430086999999	14820.750037	14813.907234999999	14818.908669999999	14821.354	14822.754	1.0	1.0	1.0	1.0					
14824.774	16.095000000001164	trials	5.0	14831.943213999999	14833.070488	14838.155740999999	14838.83534	14831.141724	14836.600944999998	14838.964	14840.869	1.0	1.0	1.0	1.0					
14842.899	14.590000000000146	trials	5.0	14849.873107	14851.310458	14855.771218	14856.413475	14849.201820999999	14854.616863			1.0	2.0	0.0	3.0					
14858.12	10.739999999999782	trials	5.0	14859.908468	14861.038405	14866.091382999999	14866.797787	14857.507758	14863.201063	14866.729	14868.86	1.0	1.0	1.0	1.0					
14872.879	8.334999999999127	trials	5.0	14875.844723999999	14877.281637			14875.279477	14878.632292999999	14880.519	14881.214	2.0		1.0	1.0					
14884.236	12.412999999998647	trials	5.0	14889.238835	14891.040345	14895.341785	14895.816393	14888.334538	14893.125499			1.0	2.0	0.0	3.0					
14898.714	9.013999999999214	trials	5.0	14900.524381	14901.916303	14907.291457	14907.739413	14896.665948	14901.904467999999			1.0		0.0	2.0					
14907.999	15.475000000000364	trials	5.0	14917.698774999999	14918.96719			14916.903989999999	14920.805788	14922.709	14923.474	2.0		1.0	1.0					
14925.499	15.030000000000655	trials	5.0	14931.239026	14933.200536	14939.960629	14940.548729	14930.609085	14938.693207			1.0	1.0	0.0	3.0					
14942.279	5.184999999999491	trials	5.0	14943.94387	14945.473668999999			14943.080633	14945.462311			2.0		0.0	2.0					
14950.509	14.450000000000728	trials	5.0	14956.159103999998	14957.476091999999	14963.755701	14964.233075	14955.197339999999	14959.226434			1.0	2.0	0.0	3.0					
14968.089	7.251000000000204	trials	5.0	14969.654356	14970.785775			14964.977791	14972.3836	14974.274	14975.34	2.0		1.0	1.0					
14979.364	10.840000000000146	trials	5.0	14982.078846999999	14983.721757	14988.256908	14988.907685	14981.385296999999	14987.152211			1.0	1.0	0.0	3.0					
14991.589	5.225000000000364	trials	5.0	14993.474576	14994.825866			14990.221293999999	14994.816067			2.0		0.0	2.0					
14999.824	18.036000000000058	trials	5.0	15004.510282	15005.98126	15013.912940999999	15014.583912999999	15003.579348	15010.396219999999			1.0	1.0	0.0	3.0					
15018.219	78.06100000000151	trials	5.0	15088.24945	15089.621625	15093.629699	15094.031382	15087.663421	15092.282776	15094.32	15096.28	1.0	1.0	1.0	1.0					
15098.349	10.659999999999854	trials	5.0	15102.865154	15104.116774	15108.574080999999	15109.027503	15102.087576999998	15107.148389999998			1.0	1.0	0.0	3.0					
15110.919	36.159999999999854	trials	5.0	15140.308443	15142.206997	15145.258616	15146.011201	15139.661313999999	15143.953042			1.0	2.0	0.0	3.0					
15147.864	9.069999999999709	trials	5.0	15149.568693	15151.340698	15154.313898	15154.632732	15147.098134	15152.475868	15155.03	15156.934	1.0	1.0	1.0	1.0					
15158.995	15.513999999999214	trials	5.0	15165.717176	15167.537027999999	15171.892903	15172.361112999999	15164.846545	15170.655991	15172.579	15174.509	1.0	1.0	1.0	1.0					
15177.53	12.019000000000233	trials	5.0	15181.995384	15183.13201	15186.842778999999	15187.437963999999	15181.43544	15185.022573999999	15187.664	15189.549	1.0	1.0	1.0	1.0					
15191.614	40.76500000000124	trials	5.0	15225.625145999998	15227.161818	15229.911031	15230.460992999999	15224.756354	15228.72925	15230.61	15232.379	1.0	1.0	1.0	1.0					
15235.394	11.444999999999709	trials	5.0	15241.766554	15243.671831	15246.201894999998	15246.8591	15240.919473999998	15244.60118			1.0	1.0	0.0	3.0					
15250.523	24.17200000000048	trials	5.0	15262.476274	15264.087368999999	15272.538134999999	15273.486124	15261.568803	15271.344944999999			1.0	2.0	0.0	3.0					
15274.854	7.591000000000349	trials	5.0	15276.84229	15278.625807999999			15274.714367	15279.126692999998	15281.064	15282.445	2.0		1.0	1.0					
15286.48	11.613999999999578	trials	5.0	15290.159736	15291.237867	15295.282306	15295.978296	15289.244508	15294.189332999998	15296.134	15298.094	1.0	1.0	1.0	1.0					
15301.159	13.512000000000626	trials	5.0	15306.666614000002	15307.833211000001	15311.86726	15312.626806	15306.155178	15310.739668000002	15312.61	15314.671	1.0	1.0	1.0	1.0					
15316.712	12.592000000000553	trials	5.0	15320.966230000002	15322.509718000001	15328.220614000002	15328.985752	15320.28	15326.330296000002			1.0	1.0	1.0	1.0					
15333.784	16.015000000001237	trials	5.0	15341.806549	15343.748207	15347.917922	15348.436052000001	15340.883782	15345.237130000001			1.0	1.0	0.0	3.0					
15352.244	5.286000000000058	trials	5.0	15353.980985000002	15355.523616			15349.796792000001	15355.511993000002			2.0		0.0	2.0					
15361.543	15.671000000000276	trials	5.0	15369.492116000001	15370.798295	15377.122344000001	15377.698562000001	15368.966381000002	15375.820999000001			1.0	1.0	0.0	3.0					
15380.605	1401.005000000001	BlockDesign														1.0	1058.0	1142.0	50.0	90.0
15380.605	10.800000000001091	trials	6.0	15384.387104000001	15385.738186	15388.445376000001	15389.060428	15383.516409000002	15387.453520000001	15389.235	15391.405	1.0	2.0	1.0	1.0					
15395.471	13.903000000000247	trials	6.0	15401.151890000001	15402.994159000002	15406.410058000001	15407.233622000002	15400.258555	15404.907875	15407.235	15409.374	1.0	1.0	1.0	1.0					
15411.394	16.23999999999978	trials	6.0	15419.141662000002	15420.331841000001	15424.890373000002	15425.472794000001	15418.359769	15423.837899000002	15425.709	15427.634	1.0	1.0	1.0	1.0					
15429.655	23.34399999999914	trials	6.0	15446.582027	15447.783167000001	15450.062269000002	15450.735178	15445.950704	15448.946215000002	15450.749	15452.999	1.0	1.0	1.0	1.0					
15457.085	13.549000000000888	trials	6.0	15464.05219	15465.210640000001	15468.125803	15468.745441000001	15463.167644000001	15466.861754000001	15468.844	15470.634	1.0	2.0	1.0	1.0					
15474.696	11.459000000000742	trials	6.0	15477.993091	15479.379442000001	15483.366217	15484.039666	15477.173611000002	15481.921372	15484.11	15486.155	1.0	1.0	1.0	1.0					
15488.175	13.41400000000067	trials	6.0	15493.436983000001	15494.943478000001	15499.569242000001	15500.006974000002	15492.629429	15497.558028000001			1.0	1.0	0.0	3.0					
15501.934	9.4900000000016	trials	6.0	15503.658818000002	15505.464109	15508.843105000002	15509.406284	15501.590312	15507.711619000002	15509.594	15511.424	1.0	2.0	1.0	1.0					
15513.446	13.113999999999578	trials	6.0	15520.707800000002	15521.794315000001	15524.672845000001	15525.388909000001	15519.792016000001	15523.337066000002			1.0	2.0	0.0	3.0					
15526.993	8.28099999999904	trials	6.0	15528.784117000001	15530.772775000001			15526.559993	15532.795138000001	15534.75	15535.274	2.0		1.0	1.0					
15537.337	11.787000000000262	trials	6.0	15543.739501000002	15545.309509			15542.930811000002	15546.700679000001	15548.514	15549.124	2.0		1.0	1.0					
15552.224	10.264999999999418	trials	6.0	15556.192477	15557.884243	15562.019024000001	15562.491712000001	15555.210022000001	15560.901959			1.0	1.0	0.0	3.0					
15566.399	76.08600000000115	trials	6.0	15639.303356	15640.42501	15642.069158	15642.095908000001	15638.452589	15640.419637			1.0		0.0	2.0					
15646.539	59.01999999999862	trials	6.0	15699.128698	15701.059894000002	15705.010585000002	15705.559907	15698.19928	15704.022312000001			1.0	1.0	0.0	3.0					
15707.349	7.575000000000728	trials	6.0	15708.958898	15710.505291000001	15712.28922	15712.915638	15708.364922	15711.102812000001	15713.169	15714.924	1.0	2.0	1.0	1.0					
15717.941	14.088999999999942	trials	6.0	15727.554041000001	15729.368204	15731.712803	15732.010889000001	15726.637113	15730.230544000002			1.0	1.0	0.0	3.0					
15736.056	8.557999999999083	trials	6.0	15737.748721000002	15739.037231	15742.130921000002	15742.682314000001	15736.958335000001	15741.085156000001	15742.849	15744.614	1.0	2.0	1.0	1.0					
15747.634	14.860000000000582	trials	6.0	15755.638714	15757.245733000002			15754.709316	15759.905783000002	15761.809	15762.494	2.0		1.0	1.0					
15766.594	10.345000000001164	trials	6.0	15770.514119000001	15771.805385000001			15769.911331000001	15774.538355	15776.195	15776.939	2.0		1.0	1.0					
15779.959	16.144999999998618	trials	6.0	15789.768563000001	15791.29159			15789.066593000001	15792.449269	15794.264	15796.104	2.0		1.0	1.0					
15799.17	13.90899999999965	trials	6.0	15802.919446000002	15804.845976	15810.536810000001	15811.008139000001	15802.355896000001	15808.873697	15811.274	15813.079	1.0	1.0	1.0	1.0					
15816.154	12.930000000000291	trials	6.0	15820.768878	15821.993359000002	15826.026725000002	15826.777322000002	15820.138406000002	15824.695814	15826.699	15829.084	1.0	1.0	1.0	1.0					
15832.144	8.68499999999949	trials	6.0	15836.039271000001	15837.286119			15835.173835000001	15838.160849000002	15840.064	15840.829	2.0		1.0	1.0					
15843.849	14.619999999998981	trials	6.0	15847.825830000002	15849.269125	15856.718355	15857.02086	15847.304310000001	15854.447476000001			1.0	2.0	0.0	3.0					
15859.054	9.715000000000146	trials	6.0	15860.679472000002	15862.096042000001	15866.836037000001	15867.575014000002	15858.471254000002	15862.905392			1.0	1.0	0.0	3.0					
15871.174	9.799999999999272	trials	6.0	15873.040040000002	15874.217378000001	15878.099812	15878.721321	15868.773389000002	15877.205864000001	15878.709	15880.974	1.0	2.0	1.0	1.0					
15884.039	14.945999999999913	trials	6.0	15891.028844	15892.652189	15896.097707	15896.953237000002	15890.053142	15894.547433000002	15896.964	15898.985	1.0	1.0	1.0	1.0					
15902.004	12.619999999998981	trials	6.0	15904.874749	15906.228007000002	15911.79808	15912.490772000001	15904.244186000002	15909.982739000001	15912.534	15914.624	1.0	1.0	1.0	1.0					
15917.684	9.176000000001295	trials	6.0	15921.634523	15923.485994			15920.850847000002	15924.627064	15926.405	15926.86	2.0		1.0	1.0					
15929.962	13.273000000001048	trials	6.0	15932.564686000002	15934.517645000002	15940.289219000002	15940.945369000001	15931.823408	15938.967149000002	15941.009	15943.235	1.0	1.0	1.0	1.0					
15945.198	22.64099999999962	trials	6.0	15958.750103	15959.861063	15964.894187000002	15965.668790000002	15958.081699	15963.699434000002	15965.539	15967.839	1.0	1.0	1.0	1.0					
15969.934	13.665000000000873	trials	6.0	15973.63016	15974.847992	15980.414219000002	15981.241607000002	15972.934167000001	15979.299398000001	15981.229	15983.599	1.0	1.0	1.0	1.0					
15986.639	12.630000000001019	trials	6.0	15990.185028000002	15991.808821	15996.592252	15997.399458000002	15989.429822000002	15995.432977	15997.294	15999.269	1.0	2.0	1.0	1.0					
16001.291	11.489000000001397	trials	6.0	16006.170586	16007.448169000001			16005.530979000001	16010.164400000001	16011.844	16012.78	2.0		1.0	1.0					
16016.841	9.733000000000175	trials	6.0	16019.291854000001	16020.932054			16018.708975000001	16023.261883000001	16025.35	16026.574	2.0		1.0	1.0					
16029.639	11.965000000000146	trials	6.0	16036.654669000001	16037.836223	16040.806172	16040.82185	16035.894973	16039.502564	16041.299	16041.57	2.0		1.0	1.0					
16044.125	14.369000000000597	trials	6.0	16047.840568000001	16049.138353	16054.242719000002	16054.653827000002	16047.076583000002	16052.775298			1.0	1.0	0.0	3.0					
16058.622	5.67200000000048	trials	6.0	16060.330894	16061.584167	16062.802056	16063.381741000001	16058.497151000001	16061.575431000001			1.0		0.0	2.0					
16066.594	9.425000000001091	trials	6.0	16068.835912	16070.563019000001	16073.418509000001	16073.977646000001	16064.299401	16070.808767	16074.139	16076.019	1.0	1.0	1.0	1.0					
16079.039	14.90599999999904	trials	6.0	16085.471084	16087.235347000002	16093.493782000001	16093.945568000001	16084.556722000001	16092.124917000001			1.0	1.0	0.0	3.0					
16097.86	8.959999999999127	trials	6.0	16100.010671000002	16101.957776000001			16099.185646000002	16103.414271000001	16105.28	16106.82	2.0		1.0	1.0					
16110.889	13.990999999999985	trials	6.0	16117.452259000002	16118.807567000002	16121.891888000002	16122.634069000002	16116.726318	16120.888904000001	16122.655	16124.88	1.0	1.0	1.0	1.0					
16126.935	14.425000000001091	trials	6.0	16133.307189000001	16135.132060000002	16138.297811	16139.026058000001	16132.383455000001	16137.004748000001	16138.989	16141.36	1.0	1.0	1.0	1.0					
16143.379	14.02599999999984	trials	6.0	16148.117189	16150.032995000001	16155.854382000001	16156.355720000001	16147.555513000001	16153.946518			1.0	1.0	0.0	3.0					
16159.204	7.085000000000946	trials	6.0	16160.971352	16162.783508	16164.84554	16165.525147	16157.407244000002	16163.688553000002			1.0	2.0	0.0	3.0					
16169.235	7.5090000000000146	trials	6.0	16171.226221	16172.472730000001			16166.292652000002	16173.199504	16175.009	16176.744	2.0		1.0	1.0					
16180.769	19.23999999999978	trials	6.0	16192.706317	16194.450322	16197.688468	16198.426411	16191.905396000002	16196.235903			1.0	1.0	0.0	3.0					
16200.284	9.460000000000946	trials	6.0	16202.140943	16204.183400000002	16207.040304000002	16207.647307000001	16200.011436	16206.081401000001	16207.774	16209.744	1.0	2.0	1.0	1.0					
16213.85	14.529000000000451	trials	6.0	16220.351690000001	16222.382840000002	16226.692762	16227.103556000002	16219.816337	16225.098953			1.0	1.0	0.0	3.0					
16229.044	9.135000000000218	trials	6.0	16230.796487000001	16232.653098	16235.424116000002	16236.025325	16228.38248	16234.433125000001	16236.195	16238.179	1.0	2.0	1.0	1.0					
16240.244	15.234999999998763	trials	6.0	16247.186612000001	16248.829614000002	16252.914127000002	16253.379245000002	16246.269771000001	16250.737405000002	16253.619	16255.479	1.0	2.0	1.0	1.0					
16259.559	10.489000000001397	trials	6.0	16261.441692	16263.293528000002	16267.080637000001	16267.764116	16260.369392	16265.576255000002	16267.78	16270.048	1.0	2.0	1.0	1.0					
16272.106	17.403000000000247	trials	6.0	16278.606218	16279.728490000001			16277.654657000001	16283.819104000002	16286.729	16289.509	2.0		1.0	1.0					
16293.566	9.092999999998938	trials	6.0	16295.301626	16297.061764000002			16294.416722000002	16300.064993000002	16301.78	16302.659	2.0		1.0	1.0					
16304.724	14.595999999999549	trials	6.0	16308.641716000002	16309.787836000001	16316.052667000002	16316.334299000002	16308.135475000001	16314.782522000001			1.0	1.0	0.0	3.0					
16319.429	9.270000000000437	trials	6.0	16321.203379	16322.674040000002	16326.044917000001	16326.791432000002	16319.32321	16324.75019	16326.729	16328.699	1.0	2.0	1.0	1.0					
16330.779	15.709999999999127	trials	6.0	16336.901837000001	16338.620942000001	16343.603792000002	16343.997118000001	16336.237709	16342.129241	16344.334	16346.489	1.0	1.0	1.0	1.0					
16350.555	10.748999999999796	trials	6.0	16352.647072000002	16354.633730000001	16358.306465000001	16359.037942	16351.884701	16357.158197	16359.044	16361.304	1.0	1.0	1.0	1.0					
16364.374	10.590000000000146	trials	6.0	16367.727353000002	16368.783733	16373.346715000001	16373.921906000001	16366.85884	16371.960728000002			1.0	1.0	0.0	3.0					
16376.699	8.495999999999185	trials	6.0	16378.641893000002	16380.646358000002	16382.327534000002	16382.972347	16374.970178000001	16381.302140000002	16382.989	16385.195	1.0	2.0	1.0	1.0					
16387.243	13.276000000001659	trials	6.0	16393.203979	16395.243092	16397.938619	16398.517756	16392.526100000003	16396.164095	16398.749	16400.519	1.0	2.0	1.0	1.0					
16404.574	13.715000000000146	trials	6.0	16408.502800000002	16409.577916000002	16415.280034	16415.856403	16407.818672	16413.174989	16416.099	16418.289	1.0	2.0	1.0	1.0					
16422.354	23.39900000000125	trials	6.0	16431.432688	16433.089517	16442.407096000003	16443.061389000002	16430.655053000002	16441.231643	16443.164	16445.753	1.0	2.0	1.0	1.0					
16448.849	25.75500000000102	trials	6.0	16465.877962000002	16466.975295			16465.252086	16472.105251	16473.879	16474.604	2.0		1.0	1.0					
16476.669	11.7599999999984	trials	6.0	16481.767747	16483.344727			16481.084923000002	16486.238639000003	16488.019	16488.344	2.0		1.0	1.0					
16490.989	13.359999999996944	trials	6.0	16495.869701	16497.629810000002	16501.720520000003	16502.338796	16495.263796	16500.281329	16502.449	16504.349	1.0	1.0	1.0	1.0					
16508.37	10.894000000000233	trials	6.0	16511.813009	16513.456897	16516.801450000003	16517.232067	16511.158675000002	16515.412658	16517.664	16519.264	1.0	2.0	1.0	1.0					
16521.285	12.394000000000233	trials	6.0	16524.339248	16526.269787			16523.625599000003	16530.089200000002	16531.945	16533.679	2.0		1.0	1.0					
16537.704	8.649999999997817	trials	6.0	16540.244843	16542.250235	16544.725073	16545.135319	16539.353734	16543.50332			1.0	1.0	0.0	3.0					
16549.099	7.030000000002474	trials	6.0	16550.847928000003	16552.214003	16553.234986	16553.752252000002	16546.360711	16552.32223	16553.929	16556.129	1.0	2.0	1.0	1.0					
16558.879	11.190999999998894	trials	6.0	16562.03297	16563.239705	16567.675217	16568.182244	16561.060201	16565.427348	16568.405	16570.07	1.0	2.0	1.0	1.0					
16573.085	7.748999999999796	trials	6.0	16575.219124000003	16576.675456	16580.415664	16580.841412	16574.655704	16579.425488			1.0	2.0	0.0	3.0					
16582.814	14.940000000002328	trials	6.0	16590.768085	16592.667849			16590.190854	16594.226835	16596.254	16597.754	2.0		1.0	1.0					
16600.819	9.291000000001077	trials	6.0	16602.963526	16604.506043	16607.671246	16608.311333	16602.219602	16606.559197000002	16608.514	16610.11	1.0	2.0	1.0	1.0					
16613.154	10.015000000003056	trials	6.0	16615.54003	16617.004919000003	16620.722491	16621.354909	16614.677053	16618.924109	16621.429	16623.169	1.0	2.0	1.0	1.0					
16627.254	11.775999999998021	trials	6.0	16630.394008000003	16632.414736000002	16636.637594	16636.903855	16629.598472	16633.572696000003	16637.354	16639.03	1.0	1.0	1.0	1.0					
16641.089	12.68999999999869	trials	6.0	16645.21427	16646.900402	16651.218436000003	16651.764926	16644.350045	16650.035662000002	16651.945	16653.779	1.0	2.0	1.0	1.0					
16656.889	12.431000000000495	trials	6.0	16660.669099000002	16662.138383	16666.664341	16667.267188	16660.160336	16665.42888	16667.364	16669.32	1.0	2.0	1.0	1.0					
16671.384	12.765000000003056	trials	6.0	16677.573551	16679.00087	16683.830894000002	16684.125587000002	16676.752373000003	16681.847387			1.0	1.0	0.0	3.0					
16687.159	19.790000000000873	trials	6.0	16699.009694	16700.178412			16698.152464000003	16702.659835000002	16704.28	16706.949	2.0		1.0	1.0					
16708.978	10.257000000001426	trials	6.0	16712.31418	16713.626201000003	16716.494476	16717.110749	16711.580698	16715.400864000003	16717.224	16719.235	1.0	2.0	1.0	1.0					
16721.3	12.869000000002416	trials	6.0	16725.354212000002	16727.235541000002	16731.572551	16732.179172	16724.550313	16729.670086000002	16732.32	16734.169	1.0	2.0	1.0	1.0					
16737.235	10.403999999998632	trials	6.0	16740.604180000002	16742.592811000002			16739.885108000002	16744.240189	16746.086	16747.639	2.0		1.0	1.0					
16750.684	12.659999999999854	trials	6.0	16752.9998	16754.195411	16760.573962000002	16761.278896	16752.341458000003	16759.402625000002	16761.304	16763.344	1.0	2.0	1.0	1.0					
16765.414	16.195999999999913	trials	6.0	16774.359358	16776.106018000002	16778.998462	16779.668456	16773.353750000002	16777.918283000003	16779.744	16781.61	1.0	2.0	1.0	1.0					
16784.684	441.4449999999997	BlockDesign														0.0	1143.0	1176.0	90.0	50.0
16784.684	13.159999999999854	trials	7.0	16790.624791000002	16792.240552000003	16796.208028	16796.80366	16789.734908000002	16794.825235			1.0	2.0	0.0	3.0					
16800.532	9.691999999999098	trials	7.0	16802.198888000003	16803.275855	16809.739169	16810.230704	16797.848969000002	16805.224114			1.0	1.0	0.0	3.0					
16814.07	14.068999999999505	trials	7.0	16821.206191	16822.658914			16820.286146000002	16825.382825	16827.015	16828.139	2.0		1.0	1.0					
16832.191	10.598000000001775	trials	7.0	16835.831281000002	16837.311449	16839.963167	16840.549413	16835.167837	16838.794099000002	16840.604	16842.789	1.0	2.0	1.0	1.0					
16846.806	12.247999999999593	trials	7.0	16851.564878	16853.464139	16856.333537000002	16856.995747	16850.686129	16854.026365	16857.064	16859.054	1.0	2.0	1.0	1.0					
16862.099	12.325000000000728	trials	7.0	16865.925086000003	16867.611289	16871.429891	16872.100306	16865.144038000002	16870.042468	16872.119	16874.424	1.0	2.0	1.0	1.0					
16877.494	8.305000000000291	trials	7.0	16880.800222	16882.577495	16885.202056000002	16885.807661000003	16879.804309	16883.943247000003			1.0	2.0	0.0	3.0					
16887.589	15.084999999999127	trials	7.0	16893.949397	16895.668333	16900.070338	16900.607409	16893.198808	16897.722302000002	16900.814	16902.674	1.0	2.0	1.0	1.0					
16905.696	9.442999999999302	trials	7.0	16909.220380000002	16910.618825	16913.491855	16914.036029000003	16908.275378000002	16912.362134000003			1.0	2.0	0.0	3.0					
16916.879	9.235000000000582	trials	7.0	16918.610432	16919.656843	16922.988601	16923.688964	16915.146088	16921.809718	16923.849	16926.114	1.0	1.0	1.0	1.0					
16928.184	15.06499999999869	trials	7.0	16934.935439	16936.168151	16940.050722	16940.718115	16933.996371	16938.803482000003	16940.889	16943.249	1.0	1.0	1.0	1.0					
16945.32	13.334999999999127	trials	7.0	16950.445112	16952.207384			16949.601445	16955.273033	16957.209	16958.655	2.0		1.0	1.0					
16961.724	7.630000000001019	trials	7.0	16964.050868000002	16965.234109			16963.423537000002	16965.701741	16967.449	16969.354	2.0		1.0	1.0					
16971.374	12.78099999999904	trials	7.0	16975.810256	16977.043811	16981.397854000003	16982.018332	16975.255784	16980.400111000003	16982.279	16984.155	1.0	2.0	1.0	1.0					
16987.174	12.010000000002037	trials	7.0	16990.221125	16991.491199	16997.198641000003	16997.683650000003	16989.605258	16995.428747			1.0	1.0	0.0	3.0					
17000.53	6.614000000001397	trials	7.0	17002.075226	17003.516422	17004.521392000002	17005.100065000002	16999.193629	17003.647859	17005.239	17007.144	1.0	2.0	1.0	1.0					
17011.169	9.875	trials	7.0	17013.025583000002	17014.567193000003	17018.299556	17018.867522	17012.380336000002	17017.013338	17019.074	17021.044	1.0	2.0	1.0	1.0					
17023.105	10.269000000000233	trials	7.0	17026.881502	17028.939722000003	17031.673319	17032.303987	17026.007116	17029.783607			1.0	2.0	0.0	3.0					
17035.024	8.029999999998836	trials	7.0	17036.700682000002	17038.642735	17040.289892	17040.80948	17033.382211	17038.856961	17041.179	17043.054	1.0	1.0	1.0	1.0					
17045.075	10.519000000000233	trials	7.0	17050.270736000002	17051.903633	17053.988309	17054.471857	17049.632905000002	17052.692644000002			1.0	2.0	0.0	3.0					
17058.309	9.444999999999709	trials	7.0	17059.997432	17061.212375000003	17065.037017000002	17065.642184	17055.600941	17061.586714	17065.715	17067.754	1.0	1.0	1.0	1.0					
17069.809	9.5	trials	7.0	17074.48094	17076.003674			17073.909655	17077.225853	17078.905	17079.309	2.0		1.0	1.0					
17083.329	6.9209999999984575	trials	7.0	17085.200876000003	17086.242521			17083.817697000002	17086.829033	17088.649	17090.25	2.0		1.0	1.0					
17092.355	12.674999999999272	trials	7.0	17096.421205000002	17098.461361	17102.119826000002	17102.773384	17095.467854000002	17100.608525	17102.839	17105.03	1.0	1.0	1.0	1.0					
17107.049	12.010000000002037	trials	7.0	17110.896101000002	17112.374149000003	17116.545982	17117.168957	17109.931532000002	17115.073418	17117.32	17119.059	1.0	2.0	1.0	1.0					
17123.16	12.450000000000728	trials	7.0	17125.401328	17126.911030000003			17123.715412	17128.969516	17130.929	17131.084	2.0		1.0	1.0					
17135.699	8.834999999999127	trials	7.0	17137.40641	17138.893312			17135.621632000002	17139.778426	17141.584	17144.534	2.0		1.0	1.0					
17147.554	9.919999999998254	trials	7.0	17151.201194	17152.483099	17155.591723	17156.341601	17150.225353	17154.32959			1.0	2.0	0.0	3.0					
17157.935	7.7739999999976135	trials	7.0	17159.888555	17161.022482			17157.482581	17162.43188	17164.314	17165.709	2.0		1.0	1.0					
17167.764	11.150000000001455	trials	7.0	17170.776385	17172.807739	17176.232078	17176.846405	17170.10363	17175.262996	17177.009	17178.914	1.0	2.0	1.0	1.0					
17180.985	12.338999999999942	trials	7.0	17185.016725	17187.010996	17191.837922000002	17192.419996	17184.388735	17190.181996			1.0	2.0	0.0	3.0					
17195.215	10.088999999999942	trials	7.0	17196.886991	17198.272768000003	17202.042125	17202.641509	17193.332971	17200.892543	17202.764	17205.304	1.0	1.0	1.0	1.0					
17208.144	9.889999999999418	trials	7.0	17212.186457	17213.238181	17216.563624000002	17216.978558000003	17211.41644	17215.067354000003			1.0	2.0	0.0	3.0					
17219.899	6.229999999999563	trials	7.0	17221.491433000003	17222.689868	17225.437579	17226.137698000002	17218.046138	17224.37053			1.0	1.0	0.0	3.0					
