onset	duration	nwb_table	block	tone_on_time	tone_off_time	action_on_time	action_off_time	pokeC_on_time	pokeC_off_time	reward_on_time	reward_off_time	state	action	reward	result	FinishedBlock	FirstTrial	LastTrial	RewardRule_L	RewardRule_R
3.315	385.335	BlockDesign														1.0	1.0	29.0	50.0	90.0
3.315	5.852	trials	1.0	4.994895999999998	6.195943999999998			-1.6825910000000022	6.859559999999998	8.623	9.167	2.0		1.0	1.0					
12.204	10.128999999999998	trials	1.0	16.989948	18.854532999999996			16.333	19.353299999999997	21.142	22.333	2.0		1.0	1.0					
24.352	16.900000000000002	trials	1.0	35.818332	37.582096	39.28221	39.710468999999996	34.82722	38.338125	40.027	41.252	1.0	2.0	1.0	1.0					
45.272	8.640999999999998	trials	1.0	48.390633	49.536429999999996	52.352472999999996	52.853395	47.576558	51.317121			1.0	1.0	0.0	3.0					
55.691	7.376999999999995	trials	1.0	57.325027	58.941769	60.859801	61.339636	53.910112	59.708529	61.527	63.068	1.0	2.0	1.0	1.0					
66.087	7.054999999999993	trials	1.0	69.075037	70.762156	72.067668	72.589855	68.125727	70.855587			1.0	2.0	1.0	1.0					
77.687	9.680999999999997	trials	1.0	81.270538	82.807248	84.969919	85.597528	80.323088	83.913858	85.682	87.368	1.0	2.0	1.0	1.0					
90.387	10.709999999999994	trials	1.0	93.921043	95.508775	98.661817	99.240559	93.409415	97.635566	99.422	101.097	1.0	2.0	1.0	1.0					
104.159	13.782999999999987	trials	1.0	111.27076	112.428021	115.510143	116.06859299999999	110.637546	114.33295199999999	116.227	117.942	1.0	2.0	1.0	1.0					
120.977	9.585000000000008	trials	1.0	125.187241	126.54550900000001			124.460044	128.466682	130.292	130.522	2.0		1.0	1.0					
133.128	10.979000000000013	trials	1.0	138.923373	140.567149	142.684798	143.140672	138.101025	141.198715			1.0	1.0	0.0	3.0					
146.962	7.268000000000001	trials	1.0	148.878859	150.70708	152.018821	152.478877	144.106897	150.981592	152.772	154.23	1.0	2.0	1.0	1.0					
156.288	10.23399999999998	trials	1.0	161.10706199999998	162.239949	164.15091	164.668483	160.31671	163.122678	164.777	166.522	1.0	2.0	1.0	1.0					
168.544	9.448999999999984	trials	1.0	173.160729	174.208515	176.149944	176.679811	172.454415	174.94491299999999			1.0	2.0	0.0	3.0					
180.497	7.822999999999979	trials	1.0	182.240635	184.043455	185.915552	186.556548	177.99211499999998	184.716603	186.532	188.32	1.0	1.0	1.0	1.0					
190.397	12.557000000000016	trials	1.0	197.042577	198.169129	201.451741	202.01442	196.186285	199.102902			1.0	2.0	0.0	3.0					
205.792	8.47999999999999	trials	1.0	207.490872	208.85763	212.764197	213.36732	202.957188	210.881829			1.0	1.0	0.0	3.0					
215.142	9.230000000000018	trials	1.0	217.084129	219.097015			214.271959	222.243337	223.982	224.117	2.0		1.0	1.0					
228.882	7.406000000000006	trials	1.0	231.145125	232.508287			230.380285	234.044163	235.967	236.288	2.0		1.0	1.0					
239.817	10.270999999999987	trials	1.0	243.655899	244.821078	249.447372	250.09038999999999	242.974611	247.945342			1.0	1.0	0.0	3.0					
251.797	16.424999999999983	trials	1.0	256.631637	258.207471	265.89176199999997	266.446002	256.027851	263.957416	266.602	268.222	1.0	2.0	1.0	1.0					
270.251	9.691000000000031	trials	1.0	273.861094	275.457528	277.559063	278.144467	273.283622	276.608473	278.367	279.942	1.0	2.0	1.0	1.0					
284.003	8.629000000000019	trials	1.0	287.361092	289.045878			286.788551	290.423389	292.422	292.562	2.0		1.0	1.0					
296.092	10.54000000000002	trials	1.0	299.687968	300.748239	304.166092	304.85891399999997	298.864731	301.620079	304.922	306.632	1.0	2.0	1.0	1.0					
310.657	10.835000000000036	trials	1.0	313.911201	315.554703	318.701341	319.518925	313.055341	317.428581	319.538	321.492	1.0	2.0	1.0	1.0					
323.533	12.829000000000008	trials	1.0	328.031271	330.045919	333.65602	334.168006	327.122986	332.389816	334.442	336.362	1.0	2.0	1.0	1.0					
340.423	13.51600000000002	trials	1.0	346.584634	348.238149	351.391663	352.233376	345.961944	350.348854	352.147	353.939	1.0	2.0	1.0	1.0					
357.003	12.910000000000025	trials	1.0	364.137208	365.322348			363.176971	367.643847	369.547	369.632	2.0		1.0	1.0					
373.367	15.282999999999959	trials	1.0	381.056855	383.008741	386.223421	386.690841	380.418958	385.053666	386.998	388.65	1.0	2.0	1.0	1.0					
391.718	2335.826	BlockDesign														1.0	30.0	212.0	50.0	10.0
391.718	13.668999999999983	trials	2.0	400.266841	402.528411	403.946008	404.668606	399.450162	402.878503			1.0	2.0	0.0	3.0					
406.292	8.271000000000015	trials	2.0	408.285353	410.248173	412.894585	413.586592	405.38869	411.691111			1.0	1.0	0.0	3.0					
415.227	8.686000000000035	trials	2.0	416.848344	418.468302	423.079258	423.91755	414.565219	421.953124			1.0	2.0	0.0	3.0					
426.482	95.656	trials	2.0	517.544091	519.529401	520.877745	521.455216	516.700525	520.022732			1.0	2.0	0.0	3.0					
525.232	4.970000000000027	trials	2.0	527.20294	528.1932869999999			522.140789	528.185873			1.0		0.0	2.0					
532.209	13.983000000000061	trials	2.0	540.437739	542.389378	545.051272	545.590459	539.790393	544.088744			1.0	2.0	0.0	3.0					
548.408	7.458999999999946	trials	2.0	550.437649	551.469435	553.3374689999999	554.005491	546.192406	552.219606	553.998	555.867	1.0	1.0	1.0	1.0					
557.892	10.969999999999914	trials	2.0	562.462973	564.084741			561.679797	566.646832	568.597	568.663	2.0		1.0	1.0					
573.397	9.851999999999975	trials	2.0	575.077278	576.639643	580.370949	581.100256	573.739209	578.918942	581.327	583.249	1.0	1.0	1.0	1.0					
586.272	10.810999999999922	trials	2.0	590.947452	592.905054	595.662744	596.245245	590.39907	594.364687			1.0	2.0	0.0	3.0					
598.038	10.07899999999995	trials	2.0	599.89776	601.884842			597.087595	605.174556	607.072	608.117	2.0		1.0	1.0					
611.137	8.815000000000055	trials	2.0	614.518063	615.704594	618.428011	619.092151	613.898509	617.300445			1.0	1.0	0.0	3.0					
622.772	8.80499999999995	trials	2.0	624.464401	625.7897829999999	630.2497529999999	630.981133	619.956681	628.043527			1.0	2.0	0.0	3.0					
634.572	5.4500000000000455	trials	2.0	636.191749	637.945327			631.580456	637.932799			2.0		0.0	2.0					
643.032	18.469999999999914	trials	2.0	645.732583	646.945608	659.320676	659.97293	645.114809	655.070273			1.0	1.0	0.0	3.0					
661.689	5.819000000000074	trials	2.0	663.356923	665.256406	666.879591	667.508295	661.501686	665.841282			1.0	2.0	0.0	3.0					
670.266	24.661000000000058	trials	2.0	684.91642	686.984389	692.167747	692.98873	684.171624	690.347191	692.807	694.927	1.0	1.0	1.0	1.0					
696.967	9.919999999999959	trials	2.0	701.80492	703.277193			700.927188	704.640897	706.442	706.682	2.0		1.0	1.0					
711.373	8.334999999999923	trials	2.0	714.17482	715.83012	719.172851	719.656505	713.449147	717.722182			1.0	1.0	0.0	3.0					
722.738	15.07899999999995	trials	2.0	725.148205	727.000014	735.614829	736.062456	724.507279	734.305246	736.347	737.817	2.0		1.0	1.0					
741.843	11.149000000000001	trials	2.0	746.30524	747.616069	751.855317	752.365723	745.542051	749.491888			1.0	2.0	0.0	3.0					
754.236	10.441000000000031	trials	2.0	755.919991	757.645218	761.787621	762.681627	752.996158	760.739591	762.482	764.677	1.0	1.0	1.0	1.0					
766.702	8.610000000000014	trials	2.0	770.12296	771.289882			769.475505	773.185927	775.007	775.092	2.0		1.0	1.0					
779.888	14.695999999999913	trials	2.0	785.053734	786.658362	790.214382	791.128603	784.250578	788.974993	790.927	794.584	1.0	1.0	1.0	1.0					
798.626	14.686000000000035	trials	2.0	806.653509	808.003538	811.738775	812.312001	805.870489	810.208503			1.0	2.0	0.0	3.0					
815.177	10.61099999999999	trials	2.0	817.174438	819.099622	823.182256	823.94418	813.318037	821.568385	823.897	825.788	1.0	1.0	1.0	1.0					
828.802	7.389999999999986	trials	2.0	831.549219	832.856046	834.695877	835.3977	830.697466	833.675632			1.0	1.0	0.0	3.0					
838.038	6.400999999999954	trials	2.0	839.708307	841.555717			836.19496	842.237943	844.032	844.382	2.0		1.0	1.0					
847.862	11.965000000000032	trials	2.0	852.554326	853.692699			851.927514	855.031545	856.892	859.827	2.0		1.0	1.0					
861.858	16.75	trials	2.0	876.122083	876.601669			875.174592	876.590311			1.0		0.0	2.0					
881.612	49.52499999999998	trials	2.0	913.0376669999999	914.391981	929.917405	930.43236	912.397626	915.028108			1.0	2.0	0.0	3.0					
932.257	8.315000000000055	trials	2.0	934.174704	935.721427	937.696741	938.484598	931.141224	936.444229	938.452	940.572	1.0	1.0	1.0	1.0					
944.598	9.855999999999995	trials	2.0	947.828878	948.955758	952.795474	953.408306	947.295544	951.417648			1.0	1.0	0.0	3.0					
956.611	10.411000000000058	trials	2.0	958.466434	960.398688	965.344389	965.999025	954.459738	964.247692			1.0	2.0	0.0	3.0					
969.677	5.809999999999945	trials	2.0	971.421208	972.946203			967.028701	973.277251	975.152	975.487	2.0		1.0	1.0					
977.538	12.109000000000037	trials	2.0	984.011953	986.0083979999999	988.174851	988.8718259999999	983.144983	986.610916			1.0	1.0	0.0	3.0					
992.507	7.052999999999997	trials	2.0	994.09081	996.050026	998.302605	998.860477	989.652607	997.168183			1.0	2.0	0.0	3.0					
1000.632	9.656000000000063	trials	2.0	1002.164301	1003.403083	1008.9175	1009.537905	999.562129	1006.867059			1.0	1.0	0.0	3.0					
1011.248	5.834999999999923	trials	2.0	1013.144896	1014.722775			1010.294337	1014.754792	1016.692	1016.913	2.0		1.0	1.0					
1021.538	8.557000000000016	trials	2.0	1025.320555	1027.301683	1028.960689	1029.388207	1024.322334	1027.951857			1.0	2.0	0.0	3.0					
1033.302	6.755000000000109	trials	2.0	1035.19975	1036.593684	1037.893202	1038.393069	1030.09836	1036.966545	1038.552	1040.057	1.0	1.0	1.0	1.0					
1043.126	11.373000000000047	trials	2.0	1047.199641	1048.217977	1051.894026	1052.539243	1046.686197	1050.703053	1052.647	1054.499	1.0	1.0	1.0	1.0					
1056.517	13.010999999999967	trials	2.0	1065.16461	1066.512822			1064.194512	1067.436768			2.0		1.0	1.0					
1072.095	9.08400000000006	trials	2.0	1074.689881	1075.946755	1078.491649	1079.256559	1074.171762	1077.153084	1079.248	1081.179	1.0	2.0	1.0	1.0					
1085.212	7.461999999999989	trials	2.0	1087.927483	1089.311878	1091.330596	1091.911551	1087.072404	1090.341129			1.0	2.0	0.0	3.0					
1094.672	8.069999999999936	trials	2.0	1096.355398	1098.06782	1100.249346	1100.896416	1092.676801	1098.990783	1100.922	1102.742	1.0	1.0	1.0	1.0					
1105.798	11.075000000000045	trials	2.0	1109.975167	1111.44769	1114.19172	1114.893822	1108.988789	1112.829567	1114.962	1116.873	1.0	1.0	1.0	1.0					
1120.923	7.278999999999996	trials	2.0	1123.975708	1125.616878			1123.280489	1126.048179	1127.817	1128.052	2.0		1.0	1.0					
1130.72	11.007000000000062	trials	2.0	1134.476511	1135.872159	1138.950579	1139.837724	1133.689225	1137.578814	1139.932	1141.727	1.0	1.0	1.0	1.0					
1145.755	11.357999999999947	trials	2.0	1149.455656	1151.065707	1155.73827	1156.427379	1148.947422	1154.619499			1.0	2.0	0.0	3.0					
1158.072	15.410000000000082	trials	2.0	1159.750441	1161.64683	1172.0937	1172.731078	1157.118976	1171.007517			1.0	1.0	0.0	3.0					
1175.442	20.605000000000018	trials	2.0	1177.020765	1178.574667	1194.658423	1195.232119	1173.489355	1180.969242			1.0	2.0	0.0	3.0					
1198.987	5.365000000000009	trials	2.0	1200.8811	1202.337235			1196.055099	1202.33307			2.0		0.0	2.0					
1206.365	9.427999999999884	trials	2.0	1209.385383	1211.041944	1214.432355	1215.095208	1208.690014	1213.463407			1.0	1.0	0.0	3.0					
1217.927	7.726000000000113	trials	2.0	1219.900746	1221.222706	1223.61223	1224.146579	1215.798481	1222.690098	1224.282	1225.653	1.0	2.0	1.0	1.0					
1227.685	9.366999999999962	trials	2.0	1232.206702	1233.808594	1235.650927	1236.28695	1231.206725	1234.669296			1.0	2.0	0.0	3.0					
1238.987	7.099999999999909	trials	2.0	1240.888422	1242.2122			1237.056678	1243.852803	1245.692	1245.907	2.0		1.0	1.0					
1250.58	7.856999999999971	trials	2.0	1252.833556	1254.452217	1256.084341	1256.667774	1251.985648	1255.100587	1256.852	1258.437	1.0	2.0	1.0	1.0					
1262.507	12.075000000000045	trials	2.0	1266.257384	1267.897615	1271.732613	1272.595825	1265.447913	1269.618946	1272.538	1274.582	1.0	1.0	1.0	1.0					
1277.607	8.377999999999929	trials	2.0	1280.655761	1281.807984	1284.462105	1285.180953	1279.724724	1283.082819			1.0	1.0	0.0	3.0					
1287.829	8.15300000000002	trials	2.0	1289.476603	1290.815294	1294.538844	1295.210304	1285.992232	1293.598705			1.0	2.0	0.0	3.0					
1298.876	8.091000000000122	trials	2.0	1300.861242	1302.733927	1306.436868	1306.975187	1295.989963	1305.523968			1.0	1.0	0.0	3.0					
1309.767	13.649999999999864	trials	2.0	1316.460639	1317.657991	1321.465941	1322.60614	1315.65841	1320.544684			1.0	2.0	0.0	3.0					
1326.022	9.700000000000045	trials	2.0	1327.77657	1328.912532			1323.425814	1331.78656	1333.822	1335.722	2.0		1.0	1.0					
1339.772	8.746000000000095	trials	2.0	1342.981707	1344.082557	1347.291254	1347.879181	1342.09066	1346.127793			1.0	2.0	0.0	3.0					
1351.617	7.096000000000004	trials	2.0	1353.511479	1354.603186	1357.102468	1358.007847	1348.525807	1355.840431			1.0	1.0	0.0	3.0					
1360.427	6.095000000000027	trials	2.0	1362.235287	1363.946347			1358.718654	1364.301124	1366.088	1366.333	2.0		1.0	1.0					
1368.972	10.430000000000064	trials	2.0	1373.356983	1374.478005	1377.9468	1378.611711	1372.439971	1376.606301			1.0	2.0	0.0	3.0					
1381.283	7.582000000000107	trials	2.0	1382.926636	1384.123042	1386.522397	1387.091257	1379.407993	1385.219232	1387.297	1388.865	1.0	1.0	1.0	1.0					
1390.908	11.909000000000106	trials	2.0	1395.375916	1396.712052	1401.344907	1402.171564	1394.674935	1398.585672			1.0	2.0	0.0	3.0					
1405.69	6.932999999999993	trials	2.0	1407.332323	1408.793459	1411.168138	1411.890382	1402.823779	1410.025128			1.0	1.0	0.0	3.0					
1414.517	6.349999999999909	trials	2.0	1416.247786	1418.252455			1412.628937	1418.565333	1420.557	1420.788	2.0		1.0	1.0					
1424.327	7.671000000000049	trials	2.0	1426.911556	1428.625323	1430.694727	1431.323005	1426.291999	1429.5940659999999			1.0	2.0	0.0	3.0					
1433.032	9.842000000000098	trials	2.0	1434.686863	1436.411929	1442.236728	1442.881686	1432.005538	1440.550462			1.0	1.0	0.0	3.0					
1444.567	12.009999999999991	trials	2.0	1448.750035	1450.519566			1447.909714	1451.780926	1453.672	1456.577	2.0		1.0	1.0					
1458.613	7.639999999999873	trials	2.0	1461.221934	1463.042866	1465.014826	1465.471845	1460.685364	1464.060798			1.0	2.0	0.0	3.0					
1467.347	7.819999999999936	trials	2.0	1469.352532	1470.846525	1472.664442	1473.345039	1466.261059	1471.566558	1473.432	1475.167	1.0	1.0	1.0	1.0					
1477.238	11.847999999999956	trials	2.0	1483.601985	1485.198199	1486.640827	1487.334414	1482.879754	1485.722472	1487.482	1489.086	1.0	1.0	1.0	1.0					
1491.102	7.9249999999999545	trials	2.0	1494.017249	1495.738678	1497.73073	1498.331481	1493.169937	1496.577013			1.0	1.0	0.0	3.0					
1500.079	6.248000000000047	trials	2.0	1501.692025	1503.293363	1504.947334	1505.663736	1499.034367	1503.850007			1.0	2.0	0.0	3.0					
1509.282	9.381000000000085	trials	2.0	1510.928627	1512.978879			1506.332946	1513.168446	1514.873	1514.882	2.0		1.0	1.0					
1518.788	7.973999999999933	trials	2.0	1520.580216	1522.154757	1524.565645	1525.129051	1518.667831	1523.587313	1525.288	1526.762	1.0	2.0	1.0	1.0					
1530.782	6.5150000000001	trials	2.0	1532.387655	1533.842488	1535.984481	1536.573031	1531.354764	1535.014759			1.0	2.0	0.0	3.0					
1539.355	8.882000000000062	trials	2.0	1540.996845	1542.346102	1545.840306	1546.478287	1537.304098	1544.674084	1546.612	1548.237	1.0	1.0	1.0	1.0					
1550.257	8.1099999999999	trials	2.0	1553.522119	1555.139742	1557.077254	1557.631625	1552.744246	1556.067786			1.0	2.0	0.0	3.0					
1561.423	7.3250000000000455	trials	2.0	1563.443134	1564.659223			1558.376278	1566.581898			2.0		1.0	1.0					
1571.22	8.22199999999998	trials	2.0	1573.687288	1574.788791	1578.227536	1578.868375	1573.178445	1577.225999			1.0	2.0	0.0	3.0					
1581.567	11.464999999999918	trials	2.0	1583.343954	1584.493647	1590.244968	1591.132269	1579.451197	1587.440455	1590.873	1593.032	1.0	1.0	1.0	1.0					
1595.057	8.285000000000082	trials	2.0	1599.687432	1600.9700109999999			1598.690938	1600.963746			1.0		0.0	2.0					
1605.048	6.973999999999933	trials	2.0	1606.697125	1607.922042	1609.639255	1610.319597	1603.351392	1608.688801	1610.387	1612.022	1.0	1.0	1.0	1.0					
1616.047	9.7349999999999	trials	2.0	1619.00902	1620.993754	1623.456127	1624.061268	1618.136788	1620.975178	1624.152	1625.782	1.0	1.0	1.0	1.0					
1628.832	8.674999999999955	trials	2.0	1632.570853	1634.481025			1631.680444	1635.369931	1637.217	1637.397	2.0		1.0	1.0					
1640.017	8.145999999999958	trials	2.0	1641.813291	1643.295456	1645.380291	1646.133993	1641.233106	1644.50403	1646.032	1648.163	1.0	1.0	1.0	1.0					
1651.185	8.586999999999989	trials	2.0	1655.920534	1657.531474	1658.927025	1659.77962	1655.012578	1657.841638			1.0	1.0	0.0	3.0					
1661.252	11.67100000000005	trials	2.0	1665.15798	1666.515051	1671.415485	1672.181475	1664.221956	1670.244118			1.0	2.0	0.0	3.0					
1673.749	9.358999999999924	trials	2.0	1675.577646	1677.113791	1681.888749	1682.437302	1672.929093	1680.803838			1.0	1.0	0.0	3.0					
1685.221	5.2280000000000655	trials	2.0	1686.877833	1688.239906	1689.2854	1689.735393	1683.117135	1688.232603			1.0		0.0	2.0					
1693.329	5.794000000000096	trials	2.0	1695.577879	1697.060532			1690.457862	1697.050128			1.0		0.0	2.0					
1702.153	20.874000000000024	trials	2.0	1718.062978	1719.714225	1721.068633	1721.484931	1717.414591	1720.213278	1721.812	1723.027	1.0	1.0	1.0	1.0					
1727.097	11.349999999999909	trials	2.0	1729.002564	1730.702355			1727.234517	1732.156558			2.0		1.0	1.0					
1738.732	6.496000000000095	trials	2.0	1740.603016	1742.310123	1744.420386	1744.723551	1738.456672	1742.30707			1.0		0.0	2.0					
1747.382	5.9249999999999545	trials	2.0	1749.444358	1751.039649			1745.234866	1751.253159	1752.952	1753.052	2.0		1.0	1.0					
1757.832	6.934999999999945	trials	2.0	1759.513666	1761.261661			1758.221071	1761.840726	1763.873	1764.767	2.0		1.0	1.0					
1768.829	9.90800000000013	trials	2.0	1771.585518	1773.542949	1776.201763	1777.022715	1770.955083	1775.037171	1776.937	1778.737	1.0	1.0	1.0	1.0					
1782.758	6.976999999999862	trials	2.0	1785.063738	1786.744653	1788.248209	1789.003107	1784.32414	1787.466822			1.0	1.0	0.0	3.0					
1790.589	9.121000000000095	trials	2.0	1792.538869	1794.142209	1798.358355	1798.996824	1789.744378	1797.134394			1.0	2.0	0.0	3.0					
1801.692	7.440000000000055	trials	2.0	1803.243235	1804.340299	1807.160539	1807.770681	1799.717569	1806.392584			1.0	1.0	0.0	3.0					
1811.498	11.656999999999925	trials	2.0	1818.473878	1820.455794	1822.130132	1822.62183	1817.889961	1821.11472			1.0	2.0	0.0	3.0					
1826.501	5.842000000000098	trials	2.0	1828.123351	1829.588125			1823.158417	1830.098566	1832.157	1832.232	2.0		1.0	1.0					
1834.861	8.365999999999985	trials	2.0	1836.663214	1837.926405	1840.937512	1841.67163	1836.096934	1839.934233	1841.722	1843.227	1.0	1.0	1.0	1.0					
1846.262	8.500999999999976	trials	2.0	1849.928995	1850.950048	1853.160523	1853.991199	1849.142151	1852.142358			1.0	1.0	0.0	3.0					
1856.507	5.764999999999873	trials	2.0	1858.408941	1860.271951			1854.772909	1860.265752			2.0		0.0	2.0					
1865.314	8.558999999999969	trials	2.0	1869.428563	1871.110365			1868.7526	1871.632051	1873.562	1873.788	2.0		1.0	1.0					
1878.397	8.195000000000164	trials	2.0	1879.998261	1881.670163	1885.197267	1885.828315	1879.249024	1884.208124			1.0	1.0	0.0	3.0					
1887.717	7.463999999999942	trials	2.0	1889.49237	1891.450528	1893.235113	1893.646296	1886.6013	1892.156668	1893.987	1895.181	1.0	2.0	1.0	1.0					
1897.212	9.786000000000058	trials	2.0	1901.04505	1902.150124	1904.719782	1905.359503	1900.151718	1903.905975	1905.347	1906.998	1.0	2.0	1.0	1.0					
1909.017	10.454999999999927	trials	2.0	1913.010057	1914.255052	1918.158966	1918.712877	1912.35616	1917.313566			1.0	2.0	0.0	3.0					
1921.547	9.923000000000002	trials	2.0	1923.065421	1924.859725	1929.227512	1929.846061	1919.482456	1928.192245	1929.977	1931.47	1.0	1.0	1.0	1.0					
1933.498	9.585000000000036	trials	2.0	1937.152465	1938.325627	1940.581627	1941.3982	1936.144384	1939.602531	1941.307	1943.083	1.0	1.0	1.0	1.0					
1946.107	11.016000000000076	trials	2.0	1949.615224	1951.101694	1953.638713	1954.298305	1948.741252	1952.318203			1.0	1.0	0.0	3.0					
1957.968	5.938999999999851	trials	2.0	1959.703834	1961.120616	1962.604542	1963.171873	1957.134052	1961.665692			1.0	2.0	0.0	3.0					
1964.932	9.954999999999927	trials	2.0	1966.46353	1968.319206	1972.62717	1973.323003	1963.916731	1971.714951	1973.387	1974.887	1.0	1.0	1.0	1.0					
1977.955	14.442000000000007	trials	2.0	1986.78391	1987.950862	1990.040029	1990.735452	1986.063114	1989.004291	1990.742	1992.397	1.0	1.0	1.0	1.0					
1994.454	7.492999999999938	trials	2.0	1997.748775	1998.821979			1997.056552	1999.676115	2001.498	2001.782	2.0		1.0	1.0					
2005.467	10.304999999999836	trials	2.0	2007.214276	2008.516579			2005.623325	2009.996531	2011.727	2012.033	2.0		1.0	1.0					
2016.067	6.1400000000001	trials	2.0	2018.144436	2019.71286	2020.831588	2021.532757	2015.779891	2019.912222			1.0	2.0	0.0	3.0					
2023.158	8.934000000000196	trials	2.0	2024.792496	2026.120914			2022.218013	2026.8337	2028.583	2028.788	2.0		1.0	1.0					
2033.413	7.067999999999984	trials	2.0	2035.374252	2036.686453	2037.912747	2038.893556	2032.103833	2036.98765	2038.657	2040.481	1.0	1.0	1.0	1.0					
2043.512	8.556000000000267	trials	2.0	2047.8597390000002	2049.4162990000004	2050.911876	2051.526366	2046.8655190000002	2049.9181529999996			1.0	2.0	0.0	3.0					
2055.232	7.170999999999822	trials	2.0	2056.8896160000004	2058.313451	2059.8241390000003	2060.78697	2052.0772370000004	2058.8496699999996	2060.538	2062.403	1.0	1.0	1.0	1.0					
2066.422	6.579999999999927	trials	2.0	2067.984609	2069.995919			2067.249471	2070.2549129999998	2072.038	2073.002	2.0		1.0	1.0					
2075.064	10.013000000000375	trials	2.0	2079.2747980000004	2081.016589			2078.276927	2082.5213460000004	2084.717	2084.967	2.0		1.0	1.0					
2087.604	9.213000000000193	trials	2.0	2091.544135	2093.186726	2095.6435	2096.2316250000003	2090.998531	2094.4617399999997			1.0	2.0	0.0	3.0					
2100.017	10.477000000000317	trials	2.0	2101.696924	2103.6349			2096.8277369999996	2104.1983229999996	2106.012	2106.147	2.0		1.0	1.0					
2110.907	6.119999999999891	trials	2.0	2112.499449	2114.1071039999997	2115.370909	2115.942314	2110.50137	2114.3450460000004			1.0	1.0	0.0	3.0					
2117.702	7.379999999999654	trials	2.0	2119.3862660000004	2120.6720480000004	2123.6645049999997	2124.246825	2117.0356949999996	2122.853862			1.0	2.0	0.0	3.0					
2126.987	6.809999999999945	trials	2.0	2128.9146680000003	2130.432769	2132.133672	2132.882563	2125.093299	2131.105101			1.0	1.0	0.0	3.0					
2134.501	6.380999999999858	trials	2.0	2136.079516	2137.2562239999997	2139.148663	2139.4330120000004	2134.8063629999997	2138.3351220000004	2139.947	2140.882	1.0	2.0	1.0	1.0					
2143.907	7.90099999999984	trials	2.0	2146.8646500000004	2148.354147	2150.606581	2151.1265030000004	2145.8910830000004	2149.5107639999997			1.0	2.0	0.0	3.0					
2153.943	6.503999999999905	trials	2.0	2155.6004569999996	2156.9114499999996	2158.846767	2159.605232	2151.8147150000004	2157.920043			1.0	1.0	0.0	3.0					
2163.221	6.5909999999998945	trials	2.0	2165.1950429999997	2166.691995			2160.4590550000003	2167.4942920000003	2169.437	2169.592	2.0		1.0	1.0					
2172.268	9.623999999999796	trials	2.0	2175.984477	2177.3256760000004			2175.222481	2179.125229	2181.362	2181.892	2.0		1.0	1.0					
2183.913	9.69399999999996	trials	2.0	2187.9860420000005	2189.6482290000004	2191.0848560000004	2191.797955	2187.3703809999997	2189.759325	2191.812	2193.607	1.0	1.0	1.0	1.0					
2197.623	8.164999999999964	trials	2.0	2199.629994	2201.4294980000004	2203.3882919999996	2204.082085	2198.836561	2202.1642300000003	2204.072	2205.788	1.0	1.0	1.0	1.0					
2209.845	8.394999999999982	trials	2.0	2211.754809	2213.366916	2215.717839	2216.512272	2210.2483810000003	2214.4843440000004	2216.413	2218.24	1.0	1.0	1.0	1.0					
2222.298	7.942000000000007	trials	2.0	2224.9304920000004	2226.0019089999996	2227.6554800000004	2228.428873	2224.299115	2226.216249	2228.327	2230.24	1.0	1.0	1.0	1.0					
2232.265	10.682000000000244	trials	2.0	2237.0402190000004	2238.643395			2236.1512000000002	2238.638215			1.0		0.0	2.0					
2243.663	6.9050000000002	trials	2.0	2245.676617	2247.0513170000004			2244.8692499999997	2248.4567159999997	2250.187	2250.307	2.0		1.0	1.0					
2253.097	7.174999999999727	trials	2.0	2255.676754	2257.374143	2259.0701879999997	2259.703302	2254.939063	2257.8908330000004			1.0	2.0	0.0	3.0					
2262.413	6.6039999999998145	trials	2.0	2264.4005129999996	2266.242126	2267.467192	2268.443013	2260.2808649999997	2266.453257			1.0	1.0	0.0	3.0					
2271.814	5.75400000000036	trials	2.0	2273.7086499999996	2275.2083519999996	2276.901019	2277.578383	2269.028711	2275.204132			1.0		0.0	2.0					
2280.267	9.926000000000386	trials	2.0	2285.432497	2287.4629400000003	2288.789415	2289.451768	2284.8466660000004	2287.9310859999996			1.0	1.0	0.0	3.0					
2291.147	5.735000000000127	trials	2.0	2292.820426	2294.6051369999996	2296.0588019999996	2296.8911639999997	2290.2007780000004	2295.0129800000004			1.0	2.0	0.0	3.0					
2299.392	56.69600000000037	trials	2.0	2351.3172510000004	2352.8672319999996	2354.8233360000004	2355.3294189999997	2350.3906269999998	2353.860079			1.0	2.0	0.0	3.0					
2358.147	4.976000000000113	trials	2.0	2360.102863	2361.124012			2356.0992910000004	2361.1165389999996			1.0		0.0	2.0					
2366.173	22.644000000000233	trials	2.0	2380.9761339999995	2381.997262	2387.098717	2387.7317999999996	2380.1535540000004	2385.949597			1.0	2.0	0.0	3.0					
2391.432	6.109000000000378	trials	2.0	2393.0310879999997	2394.9151709999996	2396.1913569999997	2396.826889	2388.829516	2394.9310889999997			1.0	1.0	0.0	3.0					
2400.575	6.14200000000028	trials	2.0	2402.521125	2403.898733			2397.5453799999996	2404.403749	2406.373	2406.458	2.0		1.0	1.0					
2411.182	6.9050000000002	trials	2.0	2413.1558969999996	2414.523325	2417.511555	2418.0973480000002	2411.9296649999997	2414.519203			1.0		0.0	2.0					
2418.597	8.980000000000018	trials	2.0	2420.455839	2422.047657	2426.0388839999996	2426.6944359999998	2418.6490780000004	2425.25872			1.0	1.0	0.0	3.0					
2429.382	5.835000000000036	trials	2.0	2431.323955	2432.6532880000004			2427.5910970000004	2433.064494	2434.952	2435.052	2.0		1.0	1.0					
2438.672	7.184999999999945	trials	2.0	2441.1010180000003	2442.542574			2440.508188	2443.7632169999997	2445.612	2445.737	2.0		1.0	1.0					
2448.381	11.22900000000027	trials	2.0	2453.4823619999997	2455.0027149999996	2458.046335	2458.7825220000004	2452.6094730000004	2456.79342			1.0	1.0	0.0	3.0					
2461.377	7.891000000000076	trials	2.0	2463.227032	2465.1395110000003	2467.901307	2468.5002860000004	2459.619315	2466.8943099999997			1.0	2.0	0.0	3.0					
2470.267	12.928000000000338	trials	2.0	2472.0461859999996	2473.5195519999997	2480.682817	2481.3316210000003	2469.2808999999997	2479.4579439999998	2481.432	2483.195	1.0	1.0	1.0	1.0					
2487.251	8.67599999999993	trials	2.0	2489.206494	2491.042773	2493.2227510000002	2494.045368	2488.2556299999997	2492.136493	2493.958	2495.927	1.0	1.0	1.0	1.0					
2499.952	9.23299999999972	trials	2.0	2502.8478830000004	2503.888588	2506.4315720000004	2507.4485050000003	2502.302471	2505.464844	2507.027	2509.185	1.0	1.0	1.0	1.0					
2512.22	11.32400000000007	trials	2.0	2514.856648	2516.333034	2520.560848	2521.5248279999996	2514.301206	2519.323531	2521.282	2523.544	1.0	1.0	1.0	1.0					
2525.562	15.738000000000284	trials	2.0	2533.48894	2534.611126	2538.516402	2539.4014690000004	2532.650872	2537.0297739999996	2539.237	2541.3	1.0	1.0	1.0	1.0					
2544.312	12.010000000000218	trials	2.0	2549.831373	2551.520136	2554.805349	2555.468374	2549.1668	2553.78269			1.0	1.0	0.0	3.0					
2558.392	30.646000000000186	trials	2.0	2560.3969800000004	2561.5596480000004	2585.8049499999997	2586.5198039999996	2556.3348210000004	2570.5306	2586.552	2589.038	1.0	1.0	1.0	1.0					
2592.062	9.24499999999989	trials	2.0	2595.3269440000004	2597.080645	2599.8299589999997	2600.585016	2594.596042	2598.4421650000004			1.0	1.0	0.0	3.0					
2603.199	6.938999999999851	trials	2.0	2604.8368	2606.073888			2601.3205260000004	2607.9589379999998	2609.873	2609.907	2.0		1.0	1.0					
2612.678	11.441000000000258	trials	2.0	2617.2186840000004	2618.872813	2621.4475169999996	2622.3730990000004	2616.2747	2619.788958	2622.187	2624.119	1.0	1.0	1.0	1.0					
2628.142	8.359000000000378	trials	2.0	2629.9420899999996	2631.6802589999998	2634.350244	2635.1680130000004	2628.987462	2632.9975889999996			1.0	1.0	0.0	3.0					
2638.667	7.700000000000273	trials	2.0	2640.4318970000004	2642.168415	2645.7734609999998	2646.377391	2636.5086680000004	2644.584715			1.0	2.0	0.0	3.0					
2650.112	14.519999999999982	trials	2.0	2655.1121080000003	2656.258498	2662.8444120000004	2663.8145830000003	2654.4291240000002	2660.9216319999996			1.0	1.0	0.0	3.0					
2665.207	10.488000000000284	trials	2.0	2667.0770490000004	2668.5326379999997	2674.3174719999997	2675.0341989999997	2664.643008	2673.3341309999996			1.0	2.0	0.0	3.0					
2676.673	6.723000000000411	trials	2.0	2678.408133	2679.774697			2675.70892	2681.1567299999997	2682.982	2683.157	2.0		1.0	1.0					
2686.838	8.173999999999978	trials	2.0	2689.3324119999997	2690.354475	2693.3143959999998	2694.246715	2688.582013	2692.132648			1.0	1.0	0.0	3.0					
2695.657	7.980000000000018	trials	2.0	2697.2778230000004	2699.274907	2702.9603129999996	2703.650796	2695.02433	2701.8651520000003			1.0	2.0	0.0	3.0					
2705.298	12.529000000000451	trials	2.0	2711.51422	2712.998515			2710.570667	2715.57366	2717.472	2717.492	2.0		1.0	1.0					
2720.31	7.233999999999924	trials	2.0	2723.607526	2725.5809710000003	2727.4856170000003	2728.2969869999997	2723.0606669999997	2726.423962			1.0	1.0	0.0	3.0					
2730.82	1765.0089999999996	BlockDesign														1.0	213.0	359.0	10.0	50.0
2730.82	7.08199999999988	trials	3.0	2732.7328799999996	2734.4757280000003	2735.9923930000004	2736.3423220000004	2729.1836279999998	2735.0460380000004	2736.792	2737.902	1.0	2.0	1.0	1.0					
2740.917	7.742999999999938	trials	3.0	2743.186794	2745.0896730000004	2747.3096459999997	2747.4093940000002	2742.601243	2745.085258			2.0		0.0	2.0					
2751.097	4.769999999999982	trials	3.0	2752.7130129999996	2753.8751979999997	2754.66327	2754.8748699999996	2748.674204	2753.867816			1.0		0.0	2.0					
2759.877	10.804999999999836	trials	3.0	2761.672321	2762.6992739999996	2769.15784	2770.040497	2760.77488	2768.0313100000003			1.0	1.0	0.0	3.0					
2773.501	5.555999999999585	trials	3.0	2775.5584500000004	2776.7590550000004	2778.6506769999996	2779.0720869999996	2770.6950429999997	2776.752303			1.0		0.0	2.0					
2782.837	17.858999999999924	trials	3.0	2790.7025489999996	2791.924145	2799.3927519999997	2799.8204320000004	2790.0739780000004	2798.0330169999997			1.0	2.0	0.0	3.0					
2802.717	10.945999999999913	trials	3.0	2804.446914	2805.7946410000004	2811.2715310000003	2811.891133	2800.7028	2809.942051	2812.032	2813.663	1.0	1.0	1.0	1.0					
2815.677	7.5909999999998945	trials	3.0	2819.207596	2820.330677	2821.779178	2822.433645	2818.5967199999996	2820.972973			1.0	1.0	0.0	3.0					
2824.117	11.795999999999822	trials	3.0	2825.918023	2827.089709	2835.590148	2835.8498799999998	2823.281986	2834.449203			1.0	2.0	0.0	3.0					
2839.939	14.508000000000266	trials	3.0	2843.212617	2845.1341899999998	2852.788953	2853.2234529999996	2842.702822	2851.4885130000002			1.0	1.0	0.0	3.0					
2855.162	8.368000000000393	trials	3.0	2856.7926989999996	2858.6482239999996	2861.6496100000004	2862.007893	2854.4607050000004	2860.8016850000004	2862.327	2863.53	1.0	2.0	1.0	1.0					
2866.565	8.35799999999972	trials	3.0	2870.1583259999998	2871.6633659999998			2869.216136	2872.738461	2874.557	2874.663	2.0		1.0	1.0					
2879.458	7.923999999999978	trials	3.0	2881.514443	2883.0945760000004	2885.78193	2886.4942950000004	2880.7467450000004	2884.576554			1.0	1.0	0.0	3.0					
2889.112	7.757000000000062	trials	3.0	2891.0829489999996	2892.2256530000004	2895.484542	2896.0763829999996	2887.39606	2894.038273			1.0	2.0	0.0	3.0					
2898.812	6.8650000000002365	trials	3.0	2900.4340119999997	2902.075146	2904.3672989999995	2904.857113	2896.8787469999997	2902.43274			1.0	1.0	0.0	3.0					
2908.697	4.824999999999818	trials	3.0	2910.2334389999996	2911.4246730000004	2913.068442	2913.5370569999995	2905.689354	2911.924207			1.0	2.0	0.0	3.0					
2916.44	12.527000000000044	trials	3.0	2922.092812	2923.4428719999996	2927.615124	2928.268145	2921.349612	2926.67656			1.0	1.0	0.0	3.0					
2930.942	8.789999999999964	trials	3.0	2932.765104	2934.3923240000004	2938.164439	2938.937941	2928.980275	2936.8715279999997			1.0	2.0	0.0	3.0					
2941.507	6.0349999999998545	trials	3.0	2943.5191800000002	2944.800459	2947.1423999999997	2947.551351	2939.744095	2946.035548			1.0	1.0	0.0	3.0					
2949.479	12.284000000000106	trials	3.0	2953.369068	2954.655409	2960.6475200000004	2961.1267799999996	2952.733959	2959.701419			1.0	2.0	0.0	3.0					
2965.023	11.239000000000033	trials	3.0	2966.8345419999996	2967.9457599999996	2974.5717759999998	2975.450823	2961.7790139999997	2973.2676840000004			1.0	1.0	0.0	3.0					
2976.892	6.375	trials	3.0	2978.908485	2980.6942390000004			2976.2766119999997	2981.175714	2982.927	2983.163	2.0		1.0	1.0					
2985.713	7.369999999999891	trials	3.0	2989.0721110000004	2991.0262890000004			2988.0660639999996	2991.0167709999996			2.0		0.0	2.0					
2995.127	11.443000000000211	trials	3.0	3000.5593449999997	3002.4593969999996			2999.7493780000004	3003.572956	3005.373	3006.57	2.0		1.0	1.0					
3008.582	9.521000000000186	trials	3.0	3012.373506	3014.060039	3016.5471939999998	3017.202228	3011.656561	3015.6232840000002			1.0	1.0	0.0	3.0					
3018.863	6.220000000000255	trials	3.0	3020.890571	3021.945683			3018.1176779999996	3022.764438	3024.607	3024.717	2.0		1.0	1.0					
3029.528	8.510000000000218	trials	3.0	3033.0154570000004	3035.064904	3036.959592	3037.4924309999997	3032.2557800000004	3035.971915			1.0	2.0	0.0	3.0					
3039.298	6.094000000000051	trials	3.0	3041.0692630000003	3042.31322	3043.882501	3044.6281559999998	3038.0534500000003	3042.8502769999996			1.0	1.0	0.0	3.0					
3047.217	9.451000000000022	trials	3.0	3048.9222200000004	3049.965472	3054.526653	3055.105947	3045.4055259999996	3053.4893110000003	3055.288	3056.668	1.0	2.0	1.0	1.0					
3059.697	8.065999999999804	trials	3.0	3061.907028	3063.672627	3065.639217	3066.203024	3061.317369	3064.670682	3066.447	3067.763	1.0	2.0	1.0	1.0					
3070.777	6.862999999999829	trials	3.0	3073.109112	3074.746115	3076.467927	3077.086895	3072.324	3075.135231			1.0	2.0	0.0	3.0					
3080.802	5.049999999999727	trials	3.0	3082.39267	3083.976159	3085.328448	3085.851107	3077.638623	3084.203855			1.0	1.0	0.0	3.0					
3089.663	6.06899999999996	trials	3.0	3091.807771	3093.396118			3090.853768	3093.478379	3095.267	3095.607	2.0		1.0	1.0					
3099.192	24.539999999999964	trials	3.0	3117.460878	3119.426788	3121.318646	3122.053268	3116.605728	3120.01319	3122.092	3123.732	1.0	2.0	1.0	1.0					
3126.751	8.500999999999749	trials	3.0	3129.974793	3131.92164	3134.061144	3134.582235	3129.427037	3133.134571			1.0	2.0	0.0	3.0					
3138.423	4.9640000000003965	trials	3.0	3140.468922	3141.371747			3135.252591	3141.360751			1.0		0.0	2.0					
3145.397	50.39499999999998	trials	3.0	3150.17027	3151.311629	3195.37773	3195.794172	3149.346119	3152.573383			1.0	1.0	0.0	3.0					
3199.722	36.9409999999998	trials	3.0	3233.711466	3234.657218			3232.978611	3234.64752			1.0		0.0	2.0					
3238.677	34.17000000000007	trials	3.0	3267.203114	3268.2471219999998	3271.326864	3271.921905	3266.434668	3270.16686			1.0	2.0	0.0	3.0					
3273.663	9.489000000000033	trials	3.0	3275.393864	3276.552578	3280.511873	3280.848917	3272.847947	3279.3166499999998			1.0	1.0	0.0	3.0					
3284.927	5.964999999999691	trials	3.0	3286.747604	3288.442355	3290.308662	3290.891814	3283.154192	3289.365782			1.0	2.0	0.0	3.0					
3293.642	22.63500000000022	trials	3.0	3301.636155	3302.746694	3314.994677	3315.633918	3300.782171	3307.7938130000002			1.0	2.0	0.0	3.0					
3317.376	5.735999999999876	trials	3.0	3318.893216	3320.347803			3316.279553	3321.041249	3322.782	3322.892	2.0		1.0	1.0					
3325.627	7.0900000000001455	trials	3.0	3328.775708	3329.927754			3327.92388	3330.572937	3332.377	3332.702	2.0		1.0	1.0					
3336.228	8.828999999999724	trials	3.0	3338.801127	3340.527411	3343.851737	3344.283039	3338.209313	3342.63596			1.0	2.0	0.0	3.0					
3348.385	7.027999999999793	trials	3.0	3350.385773	3351.817827	3353.764569	3354.509509	3345.057726	3352.739262			1.0	1.0	0.0	3.0					
3356.111	9.371000000000095	trials	3.0	3357.8238929999998	3358.892465	3363.439512	3363.945425	3355.411141	3362.350358	3364.067	3365.482	1.0	2.0	1.0	1.0					
3367.507	10.490999999999985	trials	3.0	3373.850757	3375.2377500000002			3373.037915	3375.903458	3377.792	3377.913	2.0		1.0	1.0					
3382.542	8.121000000000095	trials	3.0	3386.176265	3387.34504			3385.447829	3388.4399240000002	3390.322	3390.502	2.0		1.0	1.0					
3394.177	11.144999999999982	trials	3.0	3399.354348	3400.532538	3403.775615	3404.283786	3398.449118	3402.404106			1.0	1.0	0.0	3.0					
3406.122	4.815000000000055	trials	3.0	3408.088039	3409.24658	3410.357315	3410.9367270000002	3408.059114	3409.392698			1.0	2.0	0.0	3.0					
3413.697	12.690000000000055	trials	3.0	3420.676293	3422.606607			3419.951606	3424.317744			2.0		1.0	1.0					
3429.907	8.663000000000011	trials	3.0	3431.807562	3433.672428	3437.080734	3437.731948	3430.877693	3436.123685			1.0	1.0	0.0	3.0					
3441.422	6.679999999999836	trials	3.0	3443.144408	3444.528764			3438.573905	3445.968134	3447.762	3447.877	2.0		1.0	1.0					
3451.617	6.934999999999945	trials	3.0	3453.377193	3454.653036	3457.417076	3457.798691	3452.811493	3456.150128			1.0	2.0	0.0	3.0					
3459.783	6.81899999999996	trials	3.0	3461.721298	3463.484781			3458.552466	3464.343369	3466.172	3466.602	2.0		1.0	1.0					
3470.667	6.04300000000012	trials	3.0	3472.711784	3474.457191	3476.09218	3476.711394	3470.92159	3475.062872			1.0	1.0	0.0	3.0					
3479.472	8.389999999999873	trials	3.0	3482.932791	3484.33427			3482.18927	3485.696282	3487.532	3487.692	2.0		1.0	1.0					
3492.442	8.635000000000218	trials	3.0	3495.002694	3497.07147	3498.959951	3499.534547	3494.018379	3497.988396	3499.632	3501.077	1.0	2.0	1.0	1.0					
3505.102	7.1460000000001855	trials	3.0	3506.986734	3508.85831	3510.899207	3511.532907	3506.05755	3509.636087			1.0	1.0	0.0	3.0					
3514.237	4.795000000000073	trials	3.0	3515.816276	3516.833187	3518.060451	3518.373461	3512.247486	3516.830497			1.0		0.0	2.0					
3521.972	5.864999999999782	trials	3.0	3524.071098	3525.872688	3527.322059	3527.840276	3519.032582	3526.3377689999998			1.0	1.0	0.0	3.0					
3529.658	14.952000000000226	trials	3.0	3537.78957	3539.379159	3543.532145	3543.964296	3537.253163	3542.012742			1.0	2.0	0.0	3.0					
3546.913	10.414000000000215	trials	3.0	3548.566582	3550.049716	3555.237781	3555.752241	3544.613136	3554.138858	3555.873	3557.327	1.0	1.0	1.0	1.0					
3560.342	8.605000000000018	trials	3.0	3563.131677	3565.122955	3566.842551	3567.501878	3562.496769	3565.876752	3567.557	3568.947	1.0	2.0	1.0	1.0					
3570.972	9.684999999999945	trials	3.0	3574.980754	3576.323139			3574.27579	3578.44581	3580.298	3580.502	2.0		1.0	1.0					
3584.107	7.184999999999945	trials	3.0	3586.107699	3588.113292	3590.113616	3590.700267	3584.998131	3588.743723			1.0	2.0	0.0	3.0					
3592.457	10.307999999999993	trials	3.0	3594.112518	3595.308554	3601.276953	3601.903529	3591.294998	3600.339032			1.0	1.0	0.0	3.0					
3604.857	10.391000000000076	trials	3.0	3606.745081	3607.825485	3609.454419	3609.942971	3602.763364	3608.326166	3610.163	3611.483	1.0	2.0	1.0	1.0					
3615.522	4.7800000000002	trials	3.0	3617.378818	3618.2837170000003	3619.366544	3619.711926	3615.250469	3618.2774950000003			1.0		0.0	2.0					
3622.312	9.998000000000047	trials	3.0	3623.831755	3625.499976	3631.744526	3632.314124	3620.260842	3630.658547			1.0	1.0	0.0	3.0					
3634.097	12.605000000000018	trials	3.0	3639.793418	3641.30506	3645.1733839999997	3646.095656	3638.93403	3643.717364			1.0	2.0	0.0	3.0					
3647.512	16.8779999999997	trials	3.0	3649.361754	3650.598924	3662.511877	3662.899081	3646.703943	3661.0443880000003	3663.322	3664.39	1.0	2.0	1.0	1.0					
3666.433	7.81899999999996	trials	3.0	3670.0602870000002	3671.219117	3673.085728	3673.679479	3669.1571830000003	3672.350744			1.0	2.0	0.0	3.0					
3677.422	5.666999999999916	trials	3.0	3679.222851	3680.380308	3682.026556	3682.573908	3674.255172	3680.943902			1.0	1.0	0.0	3.0					
3686.422	5.610000000000127	trials	3.0	3687.9570599999997	3689.208576	3690.1131649999998	3690.665316	3683.087881	3689.223839	3690.807	3692.032	1.0	2.0	1.0	1.0					
3696.079	6.087999999999738	trials	3.0	3698.040555	3699.349929			3696.7368539999998	3699.962751	3701.922	3702.007	2.0		1.0	1.0					
3704.687	6.860000000000127	trials	3.0	3706.857294	3708.783746			3706.324497	3709.340919	3711.242	3711.333	2.0		1.0	1.0					
3716.062	6.635000000000218	trials	3.0	3717.963912	3719.8193069999998	3721.4276099999997	3722.054825	3716.821122	3720.405028			1.0	2.0	0.0	3.0					
3725.755	6.737999999999829	trials	3.0	3727.737434	3729.050461	3731.008995	3731.605224	3722.700366	3729.769794			1.0	1.0	0.0	3.0					
3733.347	5.793999999999869	trials	3.0	3735.103017	3736.707483	3738.350163	3739.142685	3732.497144	3737.375363			1.0	2.0	0.0	3.0					
3741.702	11.414999999999964	trials	3.0	3747.2459209999997	3748.904763	3751.865273	3752.494655	3746.653113	3749.8835950000002			1.0	2.0	0.0	3.0					
3755.245	8.606999999999971	trials	3.0	3756.997133	3758.852097	3761.821723	3762.262234	3753.117569	3759.366417	3762.692	3763.852	1.0	1.0	1.0	1.0					
3765.897	8.726000000000113	trials	3.0	3769.89045	3771.800464			3769.243797	3772.423091	3774.293	3774.373	2.0		1.0	1.0					
3778.142	10.333000000000084	trials	3.0	3782.34767	3783.709008	3786.366897	3786.947032	3781.516031	3785.457003	3787.11	3788.475	1.0	2.0	1.0	1.0					
3790.517	8.86200000000008	trials	3.0	3794.468377	3795.7248	3797.229032	3797.792615	3793.6414210000003	3796.256579	3797.958	3799.379	1.0	2.0	1.0	1.0					
3802.407	8.953999999999724	trials	3.0	3807.147621	3808.996788			3806.30595	3809.2464449999998	3810.937	3811.052	2.0		1.0	1.0					
3813.832	8.595000000000255	trials	3.0	3817.187874	3818.308317	3820.315228	3820.936543	3816.397782	3819.413342	3820.998	3822.427	1.0	2.0	1.0	1.0					
3825.445	6.9220000000000255	trials	3.0	3829.019046	3830.289734			3828.01451	3830.283339			1.0		0.0	2.0					
3836.377	4.416999999999916	trials	3.0	3838.09337	3838.725096			3832.2178910000002	3838.718906			1.0		0.0	2.0					
3842.83	58.49299999999994	trials	3.0	3896.044865	3897.265429	3899.71386	3900.311984	3895.377462	3898.601433			1.0	1.0	0.0	3.0					
3902.057	4.781000000000404	trials	3.0	3903.737917	3905.389434	3906.241218	3906.841272	3901.327874	3905.406504			1.0	2.0	0.0	3.0					
3908.595	13.722000000000207	trials	3.0	3917.547908	3919.498523			3916.7545330000003	3920.095515	3922.067	3922.317	2.0		1.0	1.0					
3926.361	7.052000000000135	trials	3.0	3928.259975	3930.13143	3931.606893	3931.9374589999998	3926.399696	3930.705962	3932.307	3933.413	1.0	2.0	1.0	1.0					
3936.432	7.660000000000309	trials	3.0	3939.287879	3940.932645	3942.531753	3943.323018	3938.52574	3941.499702			1.0	2.0	0.0	3.0					
3945.873	6.164999999999964	trials	3.0	3947.7589399999997	3949.28033			3944.096096	3949.7930850000002			2.0		1.0	1.0					
3955.577	8.100999999999658	trials	3.0	3958.244052	3959.545745			3957.565237	3961.5080040000003	3963.222	3963.437	2.0		1.0	1.0					
3968.111	7.361000000000331	trials	3.0	3969.6837100000002	3971.107892	3973.282964	3973.920443	3969.0065990000003	3971.975181	3974.032	3975.472	1.0	2.0	1.0	1.0					
3977.487	10.326000000000022	trials	3.0	3981.78806	3982.8651	3986.593512	3987.165704	3980.877466	3985.501707			1.0	2.0	0.0	3.0					
3988.932	8.763000000000375	trials	3.0	3990.728861	3992.350452	3996.403039	3997.072299	3987.8164	3994.90881			1.0	1.0	0.0	3.0					
4000.793	6.735999999999876	trials	3.0	4002.363342	4003.877951	4005.357064	4005.938667	3997.695756	4004.485312	4006.102	4007.529	1.0	2.0	1.0	1.0					
4011.603	14.233999999999924	trials	3.0	4020.599544	4022.676052	4023.792861	4024.246113	4019.68275	4022.751497	4024.458	4025.837	1.0	2.0	1.0	1.0					
4029.862	8.9699999999998	trials	3.0	4032.5285400000002	4034.126975	4038.350922	4038.838655	4031.94388	4034.116434			1.0		0.0	2.0					
4039.137	6.5349999999998545	trials	3.0	4041.223905	4043.155452			4039.5358969999997	4043.469338	4045.232	4045.617	2.0		1.0	1.0					
4050.182	7.584000000000287	trials	3.0	4052.4239740000003	4054.486965	4056.443476	4056.752364	4051.463531	4054.551153			1.0	1.0	0.0	3.0					
4059.82	6.516999999999825	trials	3.0	4061.744118	4062.821825	4064.203788	4064.745446	4057.767303	4063.272963	4064.982	4066.337	1.0	2.0	1.0	1.0					
4069.402	6.5900000000001455	trials	3.0	4071.372567	4072.640996	4073.956338	4074.495018	4070.557709	4073.107239	4074.642	4075.992	1.0	2.0	1.0	1.0					
4080.023	6.969000000000051	trials	3.0	4082.943759	4084.655549	4085.783891	4086.365273	4081.957941	4084.946331			1.0	2.0	0.0	3.0					
4088.132	6.454999999999927	trials	3.0	4090.051599	4091.565737	4093.453489	4093.739409	4086.9935729999997	4091.585909			1.0	1.0	0.0	3.0					
4096.802	4.875	trials	3.0	4098.654114	4099.606493	4100.884223	4101.3958760000005	4094.591628	4099.5987509999995			1.0		0.0	2.0					
4104.687	11.390000000000327	trials	3.0	4109.730465000001	4111.628931	4114.75569	4115.1336	4108.878546	4112.971949			1.0	1.0	0.0	3.0					
4119.267	6.355999999999767	trials	3.0	4121.255876	4123.060199			4116.080267	4123.3412690000005			2.0		1.0	1.0					
4128.173	6.744000000000597	trials	3.0	4130.14836	4131.5417130000005	4133.664528	4134.037482	4129.124255	4132.942224			1.0	1.0	0.0	3.0					
4136.049	5.667999999999665	trials	3.0	4138.055513	4139.12588			4134.9223999999995	4139.539315	4141.407	4141.637	2.0		1.0	1.0					
4144.267	5.970000000000255	trials	3.0	4145.909154	4147.164015			4145.264039	4148.056229	4149.833	4150.077	2.0		1.0	1.0					
4154.701	6.706000000000131	trials	3.0	4156.719786	4158.636428	4160.034316	4160.692326	4155.241038	4158.6252349999995			1.0	2.0	0.0	3.0					
4164.418	6.204999999999927	trials	3.0	4166.3456160000005	4168.044728			4161.409785	4168.322856	4170.232	4170.333	2.0		1.0	1.0					
4175.072	7.193000000000211	trials	3.0	4176.979413	4178.7461299999995	4180.940294	4181.585354	4176.128406	4179.0151160000005			1.0	2.0	0.0	3.0					
4183.267	7.260000000000218	trials	3.0	4185.019499	4186.761483			4182.264803	4188.39866	4190.117	4190.467	2.0		1.0	1.0					
4193.047	7.201000000000022	trials	3.0	4196.390181	4197.933738			4195.6991689999995	4198.048068	4199.952	4200.022	2.0		1.0	1.0					
4202.767	14.695000000000618	trials	3.0	4212.974653	4214.616462	4215.6309519999995	4216.0939849999995	4211.986722	4214.61374			1.0		0.0	2.0					
4219.704	7.337000000000444	trials	3.0	4221.849756	4223.207999	4224.998124	4225.434821	4217.468658	4223.97431	4225.782	4227.041	1.0	1.0	1.0	1.0					
4231.072	10.800999999999476	trials	3.0	4232.890627	4234.711338	4236.401729	4236.745009	4232.124809	4235.449007	4237.172	4238.327	1.0	2.0	1.0	1.0					
4242.352	5.800000000000182	trials	3.0	4244.320761	4245.513258	4247.226012	4247.5131519999995	4241.880052	4245.503166			1.0		0.0	2.0					
4249.538	8.812000000000808	trials	3.0	4251.341052	4252.5416239999995	4256.080008	4256.718227	4248.158589	4254.739742	4256.692	4258.35	1.0	1.0	1.0	1.0					
4261.387	6.666000000000167	trials	3.0	4263.230444	4264.711364			4262.250747	4264.706727			1.0		0.0	2.0					
4268.842	6.7150000000001455	trials	3.0	4270.779974	4272.196602	4273.7182680000005	4274.055626	4268.0601	4272.866198	4274.442	4275.557	1.0	2.0	1.0	1.0					
4278.579	6.682999999999993	trials	3.0	4281.321238	4283.04312	4284.090365	4284.6689129999995	4280.554241	4283.035938			1.0		0.0	2.0					
4288.137	8.270000000000437	trials	3.0	4290.209392	4292.07255			4285.268205	4292.062158			1.0		0.0	2.0					
4297.159	7.121000000000095	trials	3.0	4299.250041	4300.886508	4302.582563	4302.875291	4296.412418	4301.534198	4303.312	4304.28	1.0	2.0	1.0	1.0					
4306.312	6.859999999999673	trials	3.0	4308.850413	4310.528059	4311.920384	4312.588415	4308.338802	4310.981012			1.0	2.0	0.0	3.0					
4316.257	7.475000000000364	trials	3.0	4318.244763	4320.1421279999995	4322.501934	4322.971347	4313.178356	4321.291269			1.0	1.0	0.0	3.0					
4326.847	5.949999999999818	trials	3.0	4328.801414	4330.429196	4331.677009	4332.154478	4323.737282	4330.7399239999995			1.0	2.0	1.0	1.0					
4335.257	9.78400000000056	trials	3.0	4340.6254260000005	4342.2117020000005	4343.060906	4343.542077	4339.98059	4342.313246	4343.678	4345.041	1.0	2.0	1.0	1.0					
4348.077	6.376999999999498	trials	3.0	4350.520521	4352.347683	4353.501192	4353.838489	4349.710968	4352.336892			1.0		0.0	2.0					
4358.417	4.710000000000036	trials	3.0	4360.31522	4361.062532			4354.458914	4361.05556			1.0		0.0	2.0					
4367.137	12.090000000000146	trials	3.0	4373.306061	4374.820625	4376.203547	4377.009833	4372.431854	4375.288953	4377.012	4379.227	1.0	2.0	1.0	1.0					
4382.248	7.189000000000306	trials	3.0	4385.537034	4386.758846	4388.149671	4388.777624	4384.6631959999995	4387.2414420000005			1.0	2.0	0.0	3.0					
4391.482	6.345000000000255	trials	3.0	4393.46607	4394.999213			4389.443885	4395.600477	4397.467	4397.797	2.0		1.0	1.0					
4402.288	7.170000000000073	trials	3.0	4404.441723	4406.093526			4402.306122	4407.276677	4409.057	4409.277	2.0		1.0	1.0					
4411.918	7.923999999999978	trials	3.0	4414.320689	4415.9253659999995	4418.595668	4419.176595	4413.489258	4416.387366			1.0	2.0	0.0	3.0					
4421.923	5.454000000000633	trials	3.0	4423.845797	4425.377289			4419.847584	4425.365109			1.0		0.0	2.0					
4430.382	6.985000000000582	trials	3.0	4432.650593	4434.509757	4436.849132	4437.37371	4431.97985	4436.148101			1.0	2.0	0.0	3.0					
4441.197	15.403999999999542	trials	3.0	4445.306199000001	4446.902505	4454.208057	4454.777834	4444.75055	4452.0057959999995	4455.047	4456.601	1.0	2.0	1.0	1.0					
4460.663	7.385000000000218	trials	3.0	4463.172189	4464.908796	4465.989337	4466.502717	4462.352893	4465.074141	4466.782	4468.048	1.0	2.0	1.0	1.0					
4470.082	10.774999999999636	trials	3.0	4474.830471	4476.667115	4478.392479	4479.102575	4474.236621	4477.1352019999995	4479.087	4480.857	1.0	2.0	1.0	1.0					
4483.877	11.951999999999316	trials	3.0	4488.862151	4490.594268	4492.770563	4493.345009	4488.326317999999	4491.125538	4493.597	4495.829	1.0	2.0	1.0	1.0					
4498.892	4346.475	BlockDesign														1.0	360.0	661.0	90.0	50.0
4498.892	8.875	trials	4.0	4502.131724	4503.904673	4506.617517	4507.125173	4501.27016	4503.8987369999995			1.0		0.0	2.0					
4509.917	6.914999999999964	trials	4.0	4511.664315	4512.942981			4507.774716	4514.5250909999995	4516.417	4516.482	2.0		1.0	1.0					
4521.262	17.317000000000007	trials	4.0	4532.9451659999995	4534.438149			4532.017975	4536.245895	4538.088	4538.208	2.0		1.0	1.0					
4542.017	7.972999999999956	trials	4.0	4544.221701	4545.638252	4548.568084	4549.142123	4543.6167590000005	4547.632911			1.0	2.0	0.0	3.0					
4551.907	8.505999999999403	trials	4.0	4553.598659	4554.737655	4557.85799	4558.52924	4549.997302	4556.641308	4558.637	4560.413	1.0	1.0	1.0	1.0					
4563.492	9.048999999999978	trials	4.0	4566.110216	4567.241051	4570.566395	4570.878512	4565.593317	4569.491613	4571.327	4572.541	1.0	2.0	1.0	1.0					
4574.572	8.618999999999687	trials	4.0	4578.628218	4580.355398			4577.666171	4580.972997	4582.757	4582.837	2.0		1.0	1.0					
4586.649	8.107999999999265	trials	4.0	4588.455972	4590.043178	4592.1224569999995	4592.735616	4587.298565	4590.977334			1.0	2.0	0.0	3.0					
4596.467	10.2450000000008	trials	4.0	4598.987547	4600.171374	4605.365079	4605.957419	4598.331969	4604.2735379999995			1.0	2.0	0.0	3.0					
4607.738	10.243999999999687	trials	4.0	4609.6476299999995	4610.738198999999			4606.716578	4611.641232	4613.592	4613.797	2.0		1.0	1.0					
4618.314	6.617999999999483	trials	4.0	4620.092919	4621.18377	4623.773349	4624.24938	4617.986244	4622.794026			1.0	2.0	0.0	3.0					
4627.143	8.264000000000124	trials	4.0	4628.696865	4630.380134	4633.05174	4633.670442000001	4624.940751	4631.816141	4633.708	4635.407	1.0	1.0	1.0	1.0					
4637.427	11.280999999999949	trials	4.0	4642.177029	4643.871285	4646.327429	4647.039465	4641.44219	4645.201155	4647.092	4648.708	1.0	2.0	1.0	1.0					
4650.727	51.67000000000007	trials	4.0	4654.031771	4655.608686	4700.1691200000005	4700.659003	4653.3842970000005	4676.810762	4701.027	4702.397	1.0	1.0	1.0	1.0					
4706.468	7.649000000000342	trials	4.0	4709.4918	4711.083557	4712.722091	4713.30926	4708.58348	4711.633548			1.0	2.0	0.0	3.0					
4715.047	9.170000000000073	trials	4.0	4716.701826	4718.253579	4722.5843939999995	4723.214883000001	4714.124732	4721.176752			1.0	1.0	0.0	3.0					
4724.961	9.725999999999658	trials	4.0	4726.511132	4728.158991	4733.0149949999995	4733.736737	4724.22443	4732.0089929999995			1.0	2.0	0.0	3.0					
4735.363	5.838999999999942	trials	4.0	4737.219018	4738.55511			4734.69585	4738.858551	4740.788	4741.202	2.0		1.0	1.0					
4745.217	8.340000000000146	trials	4.0	4749.647277	4751.1937880000005			4749.130622	4751.397852	4753.157	4753.347	2.0		1.0	1.0					
4758.007	7.295000000000073	trials	4.0	4759.897397	4760.970275	4763.266563	4763.781132	4758.103935	4762.253717	4764.083	4765.302	1.0	2.0	1.0	1.0					
4769.322	5.257999999999811	trials	4.0	4771.210602	4772.479648			4769.854853	4772.477061			1.0		0.0	2.0					
4776.579	4.38799999999992	trials	4.0	4778.24265	4778.910449			4774.559553	4778.9003250000005			1.0		0.0	2.0					
4783.977	17.44499999999971	trials	4.0	4794.567287	4795.909944	4798.91621	4799.578877	4793.989515	4797.539495	4799.512	4801.422	1.0	1.0	1.0	1.0					
4804.486	8.351000000000568	trials	4.0	4806.483978	4807.575102	4810.26803	4811.026424	4805.808402	4808.62769	4810.962	4812.837	1.0	1.0	1.0	1.0					
4815.906	7.5460000000002765	trials	4.0	4819.32245	4820.834303	4822.275900000001	4823.461397	4818.806639	4821.330503			1.0	2.0	0.0	3.0					
4824.643	14.819000000000415	trials	4.0	4829.930768	4831.444491	4837.964177	4838.625312	4829.060248	4837.005513			1.0	2.0	0.0	3.0					
4840.297	10.75500000000011	trials	4.0	4841.877249	4843.735154	4848.672203	4849.432299	4839.468599	4847.799908	4849.422	4851.052	1.0	1.0	1.0	1.0					
4853.082	9.753999999999905	trials	4.0	4856.367654	4858.464449	4860.356235	4861.033029	4855.766754	4858.832787	4861.077	4862.836	1.0	1.0	1.0	1.0					
4866.872	6.634999999999309	trials	4.0	4868.6488549999995	4870.339172	4872.013059	4872.58427	4867.144344	4871.117699			1.0	1.0	0.0	3.0					
4875.398	6.51299999999992	trials	4.0	4877.131122	4878.442371	4880.726499	4881.287168	4873.516998	4879.587416			1.0	2.0	0.0	3.0					
4885.079	11.13300000000072	trials	4.0	4886.657843	4888.641293	4893.536606	4894.290822	4881.919745	4892.1781009999995	4894.208	4896.212	1.0	1.0	1.0	1.0					
4899.248	8.089000000000851	trials	4.0	4902.15825	4903.385079	4906.273197	4906.605632	4901.259981	4904.391969			1.0	2.0	0.0	3.0					
4908.617	12.529999999999745	trials	4.0	4910.393738	4912.089669	4918.738482	4919.414345	4907.337477	4912.546856	4919.487	4921.147	1.0	1.0	1.0	1.0					
4925.177	10.990000000000691	trials	4.0	4927.333476	4928.711574	4933.273314	4934.001165	4926.504575	4932.350375	4934.152	4936.167	1.0	1.0	1.0	1.0					
4939.192	8.454999999999927	trials	4.0	4943.323188	4944.610182	4946.224889	4946.800875	4942.521968	4945.08491			1.0	1.0	0.0	3.0					
4949.564	5.938000000000102	trials	4.0	4951.353831	4953.4325819999995			4947.654632	4953.403296	4955.232	4955.428	2.0		1.0	1.0					
4959.027	8.784999999999854	trials	4.0	4961.268582	4963.045145	4965.6811849999995	4966.135421	4960.521198	4963.98227	4966.377	4967.812	1.0	2.0	1.0	1.0					
4969.876	13.350999999999658	trials	4.0	4974.613805	4976.288666			4973.618892	4976.985428			2.0		1.0	1.0					
4983.639	6.418999999999869	trials	4.0	4985.4740679999995	4987.331298	4988.8489580000005	4989.218082	4983.237299	4987.831958			1.0	2.0	0.0	3.0					
4991.192	5.614999999999782	trials	4.0	4992.774701	4994.181662			4990.064738	4994.45574	4996.347	4996.807	2.0		1.0	1.0					
4999.827	9.469999999999345	trials	4.0	5003.803875	5005.158758	5006.925189	5007.515171	5002.868195999999	5005.816527	5007.692	5009.297	1.0	2.0	1.0	1.0					
5011.345	10.432999999999993	trials	4.0	5016.229286	5017.395879	5019.549301999999	5020.107633	5015.468032	5018.0091	5020.312	5021.778	1.0	2.0	1.0	1.0					
5023.798	10.199999999999818	trials	4.0	5027.038563	5028.494726	5031.460061	5032.094411	5026.500554	5029.890396	5032.248	5033.998	1.0	1.0	1.0	1.0					
5037.033	9.943999999999505	trials	4.0	5040.976424	5042.150054	5044.615056000001	5045.1747589999995	5040.281678	5042.525163	5045.292	5046.977	1.0	2.0	1.0	1.0					
5049.022	9.095000000000255	trials	4.0	5053.42926	5055.314919	5056.705161	5057.176976	5052.617669	5055.665357			1.0	2.0	0.0	3.0					
5059.97	8.806999999999789	trials	4.0	5061.701892	5062.799924	5066.340897	5066.913093	5058.128021	5064.2255509999995	5066.992	5068.777	1.0	1.0	1.0	1.0					
5071.807	10.145000000000437	trials	4.0	5075.909001	5076.990639	5079.546692	5080.166145	5075.181893	5077.832162	5080.333	5081.952	1.0	2.0	1.0	1.0					
5085.977	6.725000000000364	trials	4.0	5087.899352	5088.927401			5086.964465	5090.468709	5092.413	5092.642	2.0		1.0	1.0					
5097.267	11.364999999999782	trials	4.0	5104.795304	5105.904987	5107.148993	5107.5990839999995	5103.859476	5106.237434			1.0	2.0	0.0	3.0					
5111.472	5.520000000000437	trials	4.0	5113.35442	5114.937013000001			5108.641926	5114.926198			1.0		0.0	2.0					
5121.017	5.628999999999905	trials	4.0	5122.627724	5123.886222			5121.377805	5124.633609	5126.337	5126.522	2.0		1.0	1.0					
5129.173	6.338999999999942	trials	4.0	5131.589798999999	5133.004505			5130.66903	5133.422019	5135.277	5135.462	2.0		1.0	1.0					
5139.067	7.630000000000109	trials	4.0	5141.624526	5143.52009	5145.405699	5146.002458	5140.766981000001	5144.363223			1.0	2.0	0.0	3.0					
5149.767	9.02099999999973	trials	4.0	5151.774448	5153.323014	5158.241517	5158.79873	5146.704118	5153.312635			1.0		0.0	2.0					
5159.376	10.233999999999469	trials	4.0	5161.059735	5162.457813	5167.435996	5168.027852	5159.389041	5165.901107	5168.248	5169.61	1.0	1.0	1.0	1.0					
5173.633	5.91399999999976	trials	4.0	5175.627157999999	5176.98161			5173.796226	5177.314017000001	5179.348	5179.447	2.0		1.0	1.0					
5183.117	8.24499999999989	trials	4.0	5185.140318	5186.46648	5189.252264000001	5189.736444	5184.27109	5188.266923	5189.932	5191.362	1.0	2.0	1.0	1.0					
5193.377	7.474999999999454	trials	4.0	5196.404799	5198.35262	5199.7240249999995	5200.164873	5195.736178	5198.552108			1.0	2.0	0.0	3.0					
5204.047	7.975000000000364	trials	4.0	5205.919449	5207.601885	5209.601227	5210.425020000001	5200.863026	5208.665489999999	5210.402	5212.022	1.0	1.0	1.0	1.0					
5215.052	8.070999999999913	trials	4.0	5218.039533	5219.796349	5221.081269	5221.62432	5217.176984	5220.121575	5221.797	5223.123	1.0	2.0	1.0	1.0					
5227.185	6.062999999999192	trials	4.0	5228.933914	5230.046631	5231.365423	5231.654081000001	5228.212042	5230.468965	5232.032	5233.248	1.0	2.0	1.0	1.0					
5235.298	7.317000000000007	trials	4.0	5238.459702	5239.908297	5242.145073	5242.6242409999995	5237.776916	5240.612304			1.0	2.0	0.0	3.0					
5244.503	10.490999999999985	trials	4.0	5249.333096	5251.016103			5248.418928	5251.000029			2.0		0.0	2.0					
5255.033	8.674999999999272	trials	4.0	5256.664736000001	5258.650844	5263.149432	5263.716516	5255.001588	5261.988052000001			1.0	2.0	0.0	3.0					
5266.467	6.302000000000589	trials	4.0	5268.3650099999995	5269.906894			5266.980312	5270.332158	5272.117	5272.769	2.0		1.0	1.0					
5276.783	6.3799999999992	trials	4.0	5278.406433	5280.28695			5277.588941	5280.606877	5282.75	5282.862	2.0		1.0	1.0					
5286.587	7.849999999999454	trials	4.0	5288.405495	5290.006554	5293.010362999999	5293.552927000001	5287.754849999999	5291.954132			1.0	2.0	0.0	3.0					
5296.376	6.380999999999403	trials	4.0	5298.285558	5299.513452			5294.448818	5299.952811	5301.647	5302.757	2.0		1.0	1.0					
5304.821	11.61200000000008	trials	4.0	5307.4978009999995	5308.683537999999	5314.573644	5315.2203979999995	5306.897661	5313.602091000001			1.0	1.0	0.0	3.0					
5316.942	5.1599999999998545	trials	4.0	5318.546469999999	5320.105030000001	5321.247309	5321.824711	5316.44181	5320.090857			1.0		0.0	2.0					
5324.128	31.98400000000038	trials	4.0	5351.114549	5352.847718			5350.356207	5353.643574	5355.847	5356.007	2.0		1.0	1.0					
5358.685	8.942000000000007	trials	4.0	5363.069644	5364.188806	5366.0214479999995	5366.696937000001	5362.323947	5365.034652			1.0	2.0	0.0	3.0					
5369.361	8.355999999999767	trials	4.0	5371.012445	5372.797425000001	5375.312326	5376.135891	5367.639504000001	5374.388595	5376.017	5377.717	1.0	1.0	1.0	1.0					
5380.777	7.269999999999527	trials	4.0	5382.815828	5384.574377	5385.637257	5386.287627	5381.714055	5384.710097	5386.447	5388.047	1.0	1.0	1.0	1.0					
5392.122	8.094999999999345	trials	4.0	5394.093261	5395.907823	5398.994884	5399.586099	5392.402383000001	5398.024508			1.0	2.0	0.0	3.0					
5402.318	12.679999999999382	trials	4.0	5404.276247	5405.587374000001	5412.096072	5413.038788	5400.227897000001	5410.979249	5412.842	5414.998	1.0	1.0	1.0	1.0					
5419.012	6.110999999999876	trials	4.0	5421.269867999999	5422.422496	5423.817949	5424.392885	5420.3266619999995	5422.766444			1.0	2.0	0.0	3.0					
5426.137	9.739000000000487	trials	4.0	5427.870885	5429.222684	5433.281238	5434.149834	5425.133983	5432.217078	5433.998	5435.876	1.0	1.0	1.0	1.0					
5437.947	7.779999999999745	trials	4.0	5442.009038	5443.667732			5441.395055999999	5443.662038			2.0		0.0	2.0					
5447.751	8.92199999999957	trials	4.0	5449.45743	5450.592469	5454.451478	5455.050128	5448.6608909999995	5453.394425	5455.248	5456.673	1.0	2.0	1.0	1.0					
5459.692	8.875	trials	4.0	5463.92105	5465.74569			5463.026097	5466.355942	5468.126	5468.248	2.0		1.0	1.0					
5473.064	7.563999999999396	trials	4.0	5475.061438000001	5476.188373999999	5478.150443	5479.013029	5474.193434	5477.17091	5478.812	5480.628	1.0	1.0	1.0	1.0					
5484.647	7.765999999999622	trials	4.0	5486.723043	5488.01784	5489.883417	5490.7464629999995	5485.778826	5488.924018	5490.652	5492.413	1.0	1.0	1.0	1.0					
5495.472	6.895000000000437	trials	4.0	5497.102176	5498.228408999999			5496.273254	5500.104927	5502.052	5502.123	2.0		1.0	1.0					
5504.827	9.069999999999709	trials	4.0	5508.088262	5509.604764	5512.603872	5513.249501	5507.482417	5511.49863			1.0	2.0	0.0	3.0					
5516.927	6.691000000000713	trials	4.0	5518.927837	5519.967931	5521.265309	5522.010885	5513.908221	5520.393372	5522.068	5523.618	1.0	1.0	1.0	1.0					
5526.663	7.529000000000451	trials	4.0	5528.897127	5530.183197	5531.691697	5532.491663	5527.9841639999995	5530.750985000001	5532.392	5534.192	1.0	1.0	1.0	1.0					
5538.222	6.265000000000327	trials	4.0	5539.833164	5541.125239999999			5538.330651	5542.247834	5544.163	5544.187	2.0		1.0	1.0					
5547.946	6.58600000000024	trials	4.0	5549.881422	5551.168089	5552.878424	5553.594371	5548.911981	5551.875499			1.0	1.0	0.0	3.0					
5555.236	5.591000000000349	trials	4.0	5557.117931	5558.228706	5559.462963	5560.088436	5554.544838	5558.505054			1.0	2.0	0.0	3.0					
5562.849	7.867999999999483	trials	4.0	5564.577979	5565.633267	5568.044039	5568.816871999999	5560.840184000001	5567.121451999999	5568.822	5570.717	1.0	1.0	1.0	1.0					
5572.742	8.210000000000036	trials	4.0	5577.473051999999	5578.889802			5576.524745000001	5578.878841			1.0		0.0	2.0					
5584.958	16.369000000000597	trials	4.0	5589.944358000001	5591.2718239999995	5599.004724	5599.528599	5589.065476	5594.005442	5599.913	5601.327	1.0	1.0	1.0	1.0					
5604.342	7.3659999999999854	trials	4.0	5606.4068179999995	5607.490049	5609.724749	5610.071248	5605.713957	5608.784766000001	5610.347	5611.708	1.0	2.0	1.0	1.0					
5615.751	9.920999999999367	trials	4.0	5617.608731	5619.300762			5616.109347	5619.256167	5620.922	5621.862	2.0		1.0	1.0					
5625.882	7.175000000000182	trials	4.0	5627.433253	5629.277666	5630.667773	5631.5872469999995	5625.685667	5629.799507	5631.302	5633.057	1.0	1.0	1.0	1.0					
5635.097	8.815999999999804	trials	4.0	5639.152338	5640.669250999999	5642.783049	5643.188682	5638.29551	5640.658868			1.0		0.0	2.0					
5645.667	6.889999999999418	trials	4.0	5647.653099	5649.258519	5650.3008389999995	5650.998971	5643.92788	5649.289838000001	5651.197	5652.557	1.0	1.0	1.0	1.0					
5655.577	7.779999999999745	trials	4.0	5657.388819	5658.5178049999995	5660.941854000001	5661.693066	5656.69428	5659.072479	5661.847	5663.357	1.0	1.0	1.0	1.0					
5665.382	7.7960000000002765	trials	4.0	5668.015332	5669.194361	5670.758983	5671.648628999999	5667.007061	5669.7053209999995	5671.637	5673.178	1.0	1.0	1.0	1.0					
5675.204	11.673000000000684	trials	4.0	5678.067852	5679.660476999999			5677.312512	5680.287818	5682.107	5682.427	2.0		1.0	1.0					
5686.97	6.411999999999352	trials	4.0	5688.667211	5689.927931	5691.321008999999	5691.841768	5686.89129	5690.481353	5691.992	5693.382	1.0	2.0	1.0	1.0					
5695.397	9.645000000000437	trials	4.0	5698.62737	5699.744553	5702.895049000001	5703.427715	5697.909297	5701.669878000001	5703.797	5705.042	1.0	2.0	1.0	1.0					
5708.104	5.88799999999992	trials	4.0	5710.08867	5711.404374	5712.986193000001	5713.309703999999	5709.020990999999	5711.925048			1.0	2.0	0.0	3.0					
5717.307	4.525000000000546	trials	4.0	5719.117797	5719.7450929999995			5714.005739	5719.733630000001			1.0		0.0	2.0					
5725.817	23.3100000000004	trials	4.0	5736.187882	5737.235864	5742.817707	5743.350886	5735.571185	5740.37118	5743.512	5745.192	1.0	1.0	1.0	1.0					
5749.253	5.234000000000378	trials	4.0	5750.908090999999	5752.43109			5749.142416000001	5752.4235929999995			2.0		0.0	2.0					
5758.498	19.375	trials	4.0	5773.132314	5774.605772	5775.874266	5776.347924	5772.329503999999	5775.072056999999	5776.567	5777.873	1.0	2.0	1.0	1.0					
5779.897	9.569999999999709	trials	4.0	5784.514575	5786.4948779999995	5788.112705	5788.836033	5783.694305	5787.180118			1.0	2.0	0.0	3.0					
5791.439	8.967999999999847	trials	4.0	5793.1835040000005	5794.496618	5799.346697999999	5799.812174000001	5789.478376999999	5794.484894			1.0		0.0	2.0					
5800.503	5.144000000000233	trials	4.0	5802.149496	5803.59467			5800.4194	5803.591808			1.0		0.0	2.0					
5808.704	10.188000000000102	trials	4.0	5814.558338	5816.230317	5817.640533	5818.0568220000005	5813.958919000001	5816.718507			1.0	2.0	0.0	3.0					
5820.017	8.425000000000182	trials	4.0	5822.007942	5823.9496500000005	5825.970740000001	5826.875515	5818.903296	5825.154249	5826.652	5828.442	1.0	1.0	1.0	1.0					
5831.486	6.05199999999968	trials	4.0	5833.946271	5835.546174			5832.9936	5835.532875			2.0		0.0	2.0					
5840.552	6.980000000000473	trials	4.0	5843.7793409999995	5845.469994			5842.954788	5845.458224			2.0		0.0	2.0					
5849.542	7.745999999999185	trials	4.0	5853.559853000001	5854.884033	5857.155617	5857.303967	5852.640884	5854.878861			1.0		0.0	2.0					
5858.908	34.998999999999796	trials	4.0	5888.187689	5889.355832	5891.051692999999	5892.104214	5887.4930939999995	5889.922071	5891.822	5893.907	1.0	1.0	1.0	1.0					
5895.957	10.661999999999352	trials	4.0	5899.85124	5901.760120999999	5904.026263	5904.829978	5899.134550000001	5902.881915	5904.782	5906.619	1.0	1.0	1.0	1.0					
5910.692	8.24499999999989	trials	4.0	5914.256498000001	5915.940732	5917.759179000001	5918.1708149999995	5913.606759	5916.728691			1.0	2.0	0.0	3.0					
5921.128	4.6140000000004875	trials	4.0	5922.834504	5923.746015000001			5918.950221	5923.734813			1.0		0.0	2.0					
5927.752	15.529999999999745	trials	4.0	5936.855259	5938.271783	5941.237322999999	5941.718729	5936.01821	5940.263235	5941.952	5943.282	1.0	2.0	1.0	1.0					
5946.298	8.396999999999935	trials	4.0	5949.149313	5950.460342	5952.153985999999	5952.934937	5948.266234000001	5951.120479	5952.792	5954.695	1.0	1.0	1.0	1.0					
5957.795	7.461999999999534	trials	4.0	5959.757343	5961.175418	5962.583019	5963.557175	5959.069213000001	5961.635278	5963.413	5965.257	1.0	1.0	1.0	1.0					
5967.298	8.319000000000415	trials	4.0	5971.121015000001	5972.496386	5974.706534	5975.035030999999	5970.293281	5972.490337			1.0		0.0	2.0					
5978.534	5.378999999999905	trials	4.0	5980.204004	5981.353392			5975.630285	5981.752209	5983.652	5983.663	2.0		1.0	1.0					
5987.392	6.725000000000364	trials	4.0	5989.12727	5991.0758399999995			5988.305849	5991.269797999999	5993.632	5994.117	2.0		1.0	1.0					
5996.142	10.61999999999989	trials	4.0	6000.372455000001	6002.041673	6005.214593000001	6005.875602	5999.555007	6003.665394			1.0	1.0	0.0	3.0					
6009.548	7.264000000000124	trials	4.0	6011.3738539999995	6012.537674			6006.774081	6012.5295719999995			2.0		0.0	2.0					
6017.597	8.307000000000698	trials	4.0	6019.509443	6020.896962	6024.743913	6025.310718000001	6016.824891	6023.226461			1.0	2.0	0.0	3.0					
6027.122	8.454999999999927	trials	4.0	6028.8678199999995	6030.341367	6033.352749	6034.085089	6025.916558	6032.344199	6034.127	6035.577	1.0	1.0	1.0	1.0					
6038.597	5.980000000000473	trials	4.0	6040.564471	6042.036196999999			6039.691774999999	6042.021337			1.0		0.0	2.0					
6046.064	5.09099999999944	trials	4.0	6047.835515000001	6048.7731349999995	6049.929425	6050.551251	6044.591243	6048.762078			1.0		0.0	2.0					
6053.832	7.319999999999709	trials	4.0	6056.218857	6057.598977	6058.767515	6059.705274	6051.170855	6057.616796	6059.487	6061.152	1.0	1.0	1.0	1.0					
6064.167	6.944999999999709	trials	4.0	6066.243522000001	6068.00529	6069.3374220000005	6069.603342	6065.718259	6068.456330999999	6069.958	6071.112	1.0	2.0	1.0	1.0					
6075.127	5.604999999999563	trials	4.0	6076.865145	6078.675993	6079.746347	6080.022182000001	6075.887967000001	6078.669714			1.0		0.0	2.0					
6083.751	8.84099999999944	trials	4.0	6085.766111	6087.696587	6090.367937	6091.080327	6080.657628	6089.529155	6091.123	6092.592	1.0	1.0	1.0	1.0					
6094.612	6.309999999999491	trials	4.0	6097.555971	6098.7567739999995			6096.960402000001	6098.750276000001			1.0		0.0	2.0					
6102.801	5.757999999999811	trials	4.0	6104.339239999999	6105.566517	6107.048631	6107.4490590000005	6100.939130000001	6105.554768			1.0		0.0	2.0					
6109.567	6.239999999999782	trials	4.0	6111.3601579999995	6112.697543			6108.571174000001	6113.615742	6115.347	6115.663	2.0		1.0	1.0					
6118.262	6.385000000000218	trials	4.0	6120.388172000001	6122.279047000001			6120.016592000001	6122.366401000001	6124.257	6124.352	2.0		1.0	1.0					
6129.113	5.34900000000016	trials	4.0	6130.976788000001	6132.2003270000005	6133.466906000001	6133.7967260000005	6129.442115000001	6132.196430000001			1.0		0.0	2.0					
6136.222	5.615000000000691	trials	4.0	6137.887301000001	6139.005394000001	6140.968204000001	6141.330734000001	6134.462	6138.999250000001			1.0		0.0	2.0					
6144.095	4.701999999999316	trials	4.0	6145.946756000001	6146.724104000001	6147.713360000001	6148.226275000001	6141.835251	6146.720848000001			1.0		0.0	2.0					
6151.807	17.25500000000011	trials	4.0	6158.597149000001	6160.164940000001	6166.336397000001	6167.2385730000005	6157.910575000001	6165.193040000001	6167.012	6169.062	1.0	1.0	1.0	1.0					
6172.111	9.011999999999716	trials	4.0	6177.085461000001	6178.554238000001			6176.484988000001	6178.999613000001	6180.802	6180.812	2.0		1.0	1.0					
6185.647	6.385000000000218	trials	4.0	6187.287157000001	6188.448199000001			6186.057070000001	6189.734467000001			2.0		1.0	1.0					
6194.531	20.036000000000058	trials	4.0	6204.9022270000005	6206.269720000001	6208.350643000001	6209.396191000001	6204.123845000001	6207.242720000001	6209.032	6214.567	1.0	1.0	1.0	1.0					
6218.626	239.53699999999935	trials	4.0	6452.658281000001	6453.826783	6456.919255000001	6457.398818000001	6452.067885	6455.681080000001			1.0	2.0	0.0	3.0					
6461.258	7.869000000000597	trials	4.0	6463.068727000001	6463.705562000001			6458.165981000001	6463.698635000001			1.0		0.0	2.0					
6469.718	55.439000000000306	trials	4.0	6519.773291000001	6521.31115	6522.807493000001	6523.405066000001	6519.144638000001	6521.684105000001	6523.502	6525.157	1.0	2.0	1.0	1.0					
6527.236	15.154000000000451	trials	4.0	6533.965712000001	6535.292350000001	6539.475302000001	6540.3242310000005	6533.299189000001	6538.046876000001	6540.217	6542.39	1.0	1.0	1.0	1.0					
6544.407	8.367999999999483	trials	4.0	6547.833486	6549.419756000001			6547.222538000001	6550.350511000001	6552.167	6552.775	2.0		1.0	1.0					
6555.812	8.807999999999993	trials	4.0	6558.880441000001	6560.848363000001			6558.293322	6562.462981000001	6564.302	6564.417	2.0		1.0	1.0					
6569.132	7.285000000000764	trials	4.0	6571.109321000001	6572.280943000001	6574.818437000001	6575.506493000001	6569.4678460000005	6573.955294000001			1.0	1.0	0.0	3.0					
6578.189	7.24199999999928	trials	4.0	6579.999065000001	6581.186222000001	6583.223080000001	6583.766518000001	6576.419500000001	6581.887312000001	6583.977	6585.431	1.0	2.0	1.0	1.0					
6589.527	7.029999999999745	trials	4.0	6591.275605000001	6592.6437080000005	6595.145264000001	6595.4466170000005	6589.927326000001	6592.631560000001			1.0		0.0	2.0					
6596.652	7.640000000000327	trials	4.0	6598.3448450000005	6600.159128000001	6601.789292000001	6602.418944000001	6596.563444000001	6600.946072000001	6602.458	6604.292	1.0	1.0	1.0	1.0					
6607.317	8.510000000000218	trials	4.0	6610.424713000001	6612.120991000001	6613.7540690000005	6613.794605000001	6609.855265000001	6612.907493000001			2.0		0.0	4.0					
6618.867	24.224999999999454	trials	4.0	6638.0598820000005	6639.9610330000005	6641.619657000001	6642.2259380000005	6637.2848380000005	6640.444131000001			1.0	2.0	0.0	3.0					
6643.958	7.4190000000007785	trials	4.0	6645.692932000001	6647.718592000001	6648.982494000001	6649.569944000001	6643.097285000001	6647.880230000001	6649.717	6651.377	1.0	1.0	1.0	1.0					
6654.402	10.743000000000393	trials	4.0	6658.8849040000005	6660.190247	6662.429438000001	6663.145555000001	6658.051475000001	6661.421420000001	6663.333	6665.145	1.0	1.0	1.0	1.0					
6668.187	11.534999999999854	trials	4.0	6672.510218000001	6674.497119000001	6677.463031000001	6678.503337000001	6671.563076	6676.153501000001			1.0	2.0	0.0	3.0					
6680.048	11.84900000000016	trials	4.0	6681.965144000001	6683.611430000001	6688.851434000001	6689.703190000001	6679.728406000001	6687.103813000001	6689.552	6691.897	1.0	1.0	1.0	1.0					
6694.917	8.495999999999185	trials	4.0	6698.6399440000005	6700.578743000001			6697.924385000001	6701.249707000001	6703.077	6703.362	2.0		1.0	1.0					
6705.923	13.298999999999978	trials	4.0	6713.693251000001	6714.8529020000005	6716.553529000001	6717.318220000001	6712.7673190000005	6715.559451000001	6717.242	6719.222	1.0	1.0	1.0	1.0					
6721.26	16.29199999999946	trials	4.0	6732.730508000001	6734.446888	6736.217641000001	6736.642926	6731.893663000001	6734.964428000001			1.0	2.0	0.0	3.0					
6739.542	8.190999999999804	trials	4.0	6741.5153660000005	6743.020382000001	6745.092241000001	6745.825723000001	6737.5574560000005	6743.968649	6745.913	6747.733	1.0	1.0	1.0	1.0					
6750.797	8.69000000000051	trials	4.0	6754.301957000001	6756.217396000001			6753.502811000001	6757.376316000001	6759.217	6759.267	2.0		1.0	1.0					
6764.002	8.293999999999869	trials	4.0	6766.725644000001	6767.807379000001	6770.057365000001	6770.549617000001	6766.2093350000005	6768.335603000001	6770.767	6772.296	1.0	2.0	1.0	1.0					
6776.361	10.54700000000048	trials	4.0	6781.246070000001	6782.617735000001	6785.426377000001	6786.065924	6780.708481000001	6782.608591000001			1.0		0.0	2.0					
6788.688	8.009000000000015	trials	4.0	6790.605727000001	6792.051760000001	6795.945653000001	6796.702034000001	6786.911430000001	6794.839465000001			1.0	1.0	0.0	3.0					
6799.327	36.430999999999585	trials	4.0	6830.3253890000005	6831.887844000001			6829.814254000001	6833.599594000001	6835.232	6835.612	2.0		1.0	1.0					
6838.182	10.020000000000437	trials	4.0	6841.925494000001	6843.264269000001	6845.851354	6846.426617000001	6841.057505000001	6844.809595000001	6846.577	6848.202	1.0	2.0	1.0	1.0					
6851.227	13.385000000000218	trials	4.0	6858.797102	6859.847960000001			6858.019235000001	6862.160029000001	6864.333	6864.462	2.0		1.0	1.0					
6869.173	9.217999999999847	trials	4.0	6871.011025000001	6872.9779340000005	6875.0530100000005	6875.882731000001	6869.957381000001	6873.962276000001	6875.873	6878.391	1.0	1.0	1.0	1.0					
6880.442	12.590000000000146	trials	4.0	6887.882924000001	6889.017382000001			6887.196167000001	6890.966544000001	6892.722	6892.867	2.0		1.0	1.0					
6895.562	11.159999999999854	trials	4.0	6899.405842000001	6901.106906000001	6903.694292000001	6904.6948950000005	6898.6348290000005	6902.030333000001	6904.432	6906.722	1.0	1.0	1.0	1.0					
6910.737	9.354999999999563	trials	4.0	6913.762409000001	6915.508511000001	6917.238474000001	6918.094855000001	6912.853993000001	6916.1201710000005	6918.038	6920.092	1.0	1.0	1.0	1.0					
6924.112	8.167999999999665	trials	4.0	6927.205954000001	6928.593314000001	6930.4708900000005	6931.143274000001	6926.587223	6929.136356000001			1.0	2.0	0.0	3.0					
6934.802	11.5600000000004	trials	4.0	6936.665628000001	6938.252757000001	6943.508160000001	6944.291930000001	6932.280826000001	6941.856871000001	6944.348	6946.362	1.0	1.0	1.0	1.0					
6950.431	10.301000000000386	trials	4.0	6954.467614000001	6956.475134000001	6958.719628000001	6959.467648000001	6953.849282000001	6957.177541000001			1.0	2.0	0.0	3.0					
6961.047	9.020000000000437	trials	4.0	6962.5858800000005	6964.174415000001	6967.184666000001	6968.014265000001	6960.736939	6966.198502000001	6967.907	6970.067	1.0	1.0	1.0	1.0					
6974.111	10.891000000000531	trials	4.0	6977.281026000001	6978.918610000001	6982.104955000001	6982.945907000001	6976.565655000001	6979.9295090000005	6982.873	6985.002	1.0	1.0	1.0	1.0					
6987.022	60.48999999999978	trials	4.0	7041.526121000001	7043.170241000001			7040.7389410000005	7045.259302	7047.067	7047.252	2.0		1.0	1.0					
7051.007	10.885000000000218	trials	4.0	7054.526600000001	7056.455818	7059.404681000001	7060.119931000001	7053.892801000001	7058.245898000001	7060.292	7061.892	1.0	2.0	1.0	1.0					
7065.907	11.114999999999782	trials	4.0	7069.221813000001	7071.093794000001	7073.991430000001	7074.8561150000005	7068.484920000001	7072.163012000001	7074.807	7077.022	1.0	1.0	1.0	1.0					
7080.038	13.274000000000342	trials	4.0	7085.472331000001	7087.425258000001	7090.148354000001	7090.960217000001	7084.866079000001	7088.640045000001	7090.917	7093.312	1.0	1.0	1.0	1.0					
7096.346	10.221000000000458	trials	4.0	7102.111823000001	7103.608727000001	7105.915648000001	7106.571606000001	7101.401741000001	7104.539702000001			1.0	1.0	0.0	3.0					
7108.267	19.087000000000444	trials	4.0	7122.374435000001	7123.818911000001	7125.971639000001	7126.406918000001	7121.422858000001	7124.366648000001			1.0	2.0	0.0	3.0					
7129.307	7.175000000000182	trials	4.0	7131.307009000001	7132.973944000001			7127.3634680000005	7134.336509000001	7136.152	7136.242	2.0		1.0	1.0					
7139.007	10.0	trials	4.0	7142.126584000001	7143.604214000001	7147.268012	7147.729584000001	7141.328695000001	7146.091688			1.0	2.0	0.0	3.0					
7149.887	7.15099999999984	trials	4.0	7151.447213000001	7153.418526000001			7149.013217000001	7154.682853000001	7156.512	7156.708	2.0		1.0	1.0					
7161.473	9.78399999999965	trials	4.0	7164.392962000001	7166.105230000001	7168.468510000001	7169.345953000001	7163.407301000001	7167.335572000001	7169.232	7171.257	1.0	1.0	1.0	1.0					
7174.302	11.025000000000546	trials	4.0	7178.484782000001	7179.9848600000005	7182.225487000001	7183.126183	7177.906901	7181.019962	7183.052	7185.327	1.0	1.0	1.0	1.0					
7189.347	34.90099999999984	trials	4.0	7217.432635000001	7218.944233000001	7221.316814000001	7222.249627000001	7216.707710000001	7220.265207	7222.112	7224.248	1.0	1.0	1.0	1.0					
7228.283	11.02099999999973	trials	4.0	7231.612682000001	7233.044060000001	7235.512007000001	7236.050710000001	7230.6476330000005	7233.833882000001	7236.294	7239.304	1.0	2.0	1.0	1.0					
7242.363	11.078999999999724	trials	4.0	7247.227781000001	7248.839021000001	7251.996481000001	7252.594204000001	7246.403606000001	7250.431828000001			1.0	2.0	0.0	3.0					
7254.361	10.694000000000415	trials	4.0	7256.3443640000005	7257.801855000001	7262.150804000001	7263.030998000001	7253.450465000001	7261.141289000001	7262.867	7265.055	1.0	1.0	1.0	1.0					
7269.067	7.529999999999745	trials	4.0	7271.768518000001	7273.382322000001	7275.106648000001	7275.701419000001	7270.777963	7273.940672000001			1.0	2.0	0.0	3.0					
7277.488	26.893999999999323	trials	4.0	7279.029153000001	7280.189375000001	7301.929430000001	7302.473353000001	7276.604608000001	7284.071921000001	7302.607	7304.382	1.0	2.0	1.0	1.0					
7306.397	10.88000000000011	trials	4.0	7311.457535000001	7313.209783000001			7310.637418000001	7314.908428000001	7316.602	7317.277	2.0		1.0	1.0					
7320.352	8.27099999999973	trials	4.0	7323.4481860000005	7324.801778000001			7322.853863000001	7326.394309000001	7328.222	7328.472	2.0		1.0	1.0					
7333.093	8.41399999999976	trials	4.0	7335.212978000001	7336.935866000001			7334.226412000001	7339.264049000001	7341.227	7341.333	2.0		1.0	1.0					
7344.987	10.18499999999949	trials	4.0	7348.4789710000005	7349.7928520000005	7353.480227000001	7354.077479000001	7347.594431000001	7352.113334000001			1.0	2.0	0.0	3.0					
7358.048	9.804000000000087	trials	4.0	7359.873422000001	7361.328957000001	7365.137782000001	7365.775379000001	7355.180539000001	7364.149121	7366.057	7367.852	1.0	1.0	1.0	1.0					
7369.887	9.605000000000473	trials	4.0	7373.598763000001	7374.725588000001	7376.499344000001	7377.373969000001	7372.928639000001	7375.286761000001	7377.237	7379.492	1.0	1.0	1.0	1.0					
7381.549	8.95300000000043	trials	4.0	7386.934499000001	7388.4959180000005			7386.2047330000005	7388.478289000001			1.0		0.0	2.0					
7393.533	17.122999999999593	trials	4.0	7398.918331000001	7400.081959000001	7409.524520000001	7409.545911000001	7398.064543	7406.270861000001	7410.257	7410.512	1.0	1.0	1.0	1.0					
7414.106	9.365999999999985	trials	4.0	7418.761631000001	7419.850582000001			7417.777330000001	7421.1223580000005	7423.038	7423.202	2.0		1.0	1.0					
7426.923	6.708999999999833	trials	4.0	7429.246766000001	7430.310515000001			7428.361181000001	7431.570524000001	7433.212	7433.427	2.0		1.0	1.0					
7437.092	7.204000000000633	trials	4.0	7439.003159000001	7440.515206000001	7442.263571000001	7442.774569000001	7437.661973000001	7441.313240000001	7442.917	7444.296	1.0	2.0	1.0	1.0					
7446.345	7.867000000000189	trials	4.0	7449.354400000001	7450.495588000001	7452.934097000001	7453.481252000001	7448.666206000001	7451.834383000001			1.0	2.0	0.0	3.0					
7455.302	11.5	trials	4.0	7457.149786000001	7458.348257000001	7464.093346000001	7464.934028000001	7454.223242000001	7463.153126000001	7464.992	7466.802	1.0	1.0	1.0	1.0					
7470.823	5.818999999999505	trials	4.0	7472.393875000001	7473.597004000001	7475.463455000001	7475.873136000001	7470.8670440000005	7474.474091000001			1.0	2.0	0.0	3.0					
7478.814	7.837999999999738	trials	4.0	7480.635470000001	7482.011870000001	7484.015996000001	7484.954971000001	7476.652682000001	7482.831046000001	7484.837	7486.652	1.0	1.0	1.0	1.0					
7490.672	9.455000000000837	trials	4.0	7494.574331000001	7495.806716000001			7493.731312000001	7496.878747000001	7499.093	7500.127	2.0		1.0	1.0					
7503.142	9.650000000000546	trials	4.0	7509.223096000001	7510.491952	7511.582627000001	7511.985022000001	7508.374282000001	7510.644277000001			1.0	2.0	0.0	3.0					
7514.94	6.417000000000371	trials	4.0	7516.793563000001	7517.923618000001	7519.304294000001	7519.650361000001	7512.803479000001	7518.201936000001	7520.072	7521.357	1.0	1.0	1.0	1.0					
7523.426	103.6269999999995	trials	4.0	7621.650734000001	7623.411131000001	7624.619896000001	7625.200006000001	7621.0671760000005	7623.764318000001	7625.317	7627.053	1.0	1.0	1.0	1.0					
7631.111	8.048999999999978	trials	4.0	7632.709151000001	7634.067650000001	7636.196213000001	7637.034934000001	7631.9826410000005	7634.722094000001	7637.062	7639.16	1.0	1.0	1.0	1.0					
7640.988	10.505999999999403	trials	4.0	7645.350499000001	7646.731708000001			7644.715765000001	7648.970827000001	7650.717	7651.494	2.0		1.0	1.0					
7654.517	24.625	trials	4.0	7672.207595000001	7674.290235	7677.004864	7677.535762000001	7671.603272	7676.239817000001	7677.792	7679.142	1.0	2.0	1.0	1.0					
7681.187	6.810999999999694	trials	4.0	7683.904904000001	7685.198233000001	7686.531854000001	7687.090567000001	7683.319670000001	7685.695111000001			1.0	1.0	0.0	3.0					
7689.852	5.2590000000000146	trials	4.0	7691.791553000001	7693.077082000001			7688.0061860000005	7693.067809000001			1.0		0.0	2.0					
7697.094	36.198999999999614	trials	4.0	7716.319915000001	7717.449674000001	7732.024576000001	7732.5895550000005	7715.490932000001	7718.506600000001			1.0	2.0	0.0	3.0					
7736.402	5.5649999999996	trials	4.0	7738.093120000001	7739.402003000001			7733.299964000001	7739.740004000001			2.0		1.0	1.0					
7745.507	8.60400000000027	trials	4.0	7747.761554000001	7749.354065000001	7750.895651000001	7752.111271000001	7747.092176000001	7750.102306000001	7751.577	7754.111	1.0	1.0	1.0	1.0					
7758.147	9.57800000000043	trials	4.0	7762.302059000001	7763.347702000001	7765.160308	7766.003806000001	7761.352377000001	7764.214739000001	7766.017	7767.725	1.0	1.0	1.0	1.0					
7771.748	10.704000000000633	trials	4.0	7777.6771610000005	7779.452389000001	7781.134624000001	7781.670922000001	7777.046201000001	7779.970094000001			1.0	2.0	0.0	3.0					
7785.452	8.42199999999957	trials	4.0	7787.360587000001	7788.3791120000005	7793.374133000001	7793.887574	7782.4613770000005	7788.376450000001			1.0		0.0	2.0					
7794.387	21.800000000000182	trials	4.0	7809.570442000001	7811.241415	7813.519918000001	7814.509237000001	7808.948219000001	7812.361834000001	7814.157	7816.187	1.0	1.0	1.0	1.0					
7818.26	9.661999999999352	trials	4.0	7823.745656000001	7825.547182000001			7823.026205000001	7825.726428000001	7827.632	7827.757	2.0		1.0	1.0					
7830.387	8.470000000000255	trials	4.0	7833.016256000001	7834.670101000001	7836.640604000001	7837.135447000001	7832.335372000001	7835.474191000001	7837.317	7838.857	1.0	2.0	1.0	1.0					
7840.924	59.33799999999974	trials	4.0	7896.092999	7898.084210000001	7899.397471000001	7900.272121000001	7895.336879	7898.079556000001			1.0		0.0	2.0					
7904.092	16.369000000000597	trials	4.0	7911.620761000001	7913.333017000001	7918.378262000001	7919.014829000001	7910.951947000001	7917.250727000001			1.0	2.0	0.0	3.0					
7920.712	8.535999999999149	trials	4.0	7922.571004000001	7924.082840000001	7926.605306000001	7927.295662	7920.467972	7925.495920000001	7927.297	7929.248	1.0	1.0	1.0	1.0					
7931.283	8.373999999999796	trials	4.0	7936.552468000001	7937.662519000001			7935.592760000001	7937.655017000001			1.0		0.0	2.0					
7942.713	12.489000000000487	trials	4.0	7948.120919000001	7949.5583750000005	7952.557826000001	7953.317914000001	7947.401950000001	7950.850454000001	7953.198	7955.202	1.0	1.0	1.0	1.0					
7958.227	13.293000000000575	trials	4.0	7965.331078000001	7966.782956000001	7968.993278000001	7969.697572000001	7964.648993000001	7967.9734960000005	7969.702	7971.52	1.0	1.0	1.0	1.0					
7973.552	11.115000000000691	trials	4.0	7980.021689000001	7981.297687000001			7979.351227000001	7982.371418000001	7984.382	7984.477	2.0		1.0	1.0					
7988.137	9.543000000000575	trials	4.0	7991.563107000001	7992.673811000001	7994.814163000001	7995.731863000001	7990.752827000001	7993.782238000001	7995.502	7997.68	1.0	1.0	1.0	1.0					
7999.757	12.430000000000291	trials	4.0	8004.658001000001	8006.350709000001	8008.880099000001	8009.756974000001	8003.951869	8007.801424000001	8009.627	8012.187	1.0	1.0	1.0	1.0					
8015.986	7.632999999999811	trials	4.0	8019.156571000001	8021.117740000001			8018.550425000001	8021.451290000001	8023.432	8023.462	2.0		1.0	1.0					
8028.192	7.095999999999549	trials	4.0	8030.717060000001	8032.478528000001			8030.064322000001	8033.035841000001	8034.958	8035.092	2.0		1.0	1.0					
8038.748	7.8200000000006185	trials	4.0	8041.786684000001	8043.563615000001			8040.795958000001	8043.983305000001	8046.022	8046.568	2.0		1.0	1.0					
8049.623	10.819000000000415	trials	4.0	8052.016829000001	8054.069941000001	8056.883255000001	8057.879180000001	8051.035483000001	8055.915704000001	8057.572	8060.442	1.0	1.0	1.0	1.0					
8062.459	11.66399999999976	trials	4.0	8068.392425000001	8069.798427000001	8071.295186000001	8072.253122000001	8067.494342000001	8070.257585000001	8072.022	8074.123	1.0	1.0	1.0	1.0					
8076.184	11.542999999999665	trials	4.0	8080.936957000001	8082.098903000001	8085.048578000001	8085.997931000001	8080.376899000001	8084.105893000001	8085.687	8087.727	1.0	1.0	1.0	1.0					
8091.748	7.65900000000056	trials	4.0	8094.381424000001	8096.282947000001	8097.9940750000005	8098.579427000001	8093.485465000001	8096.626534000001			1.0	2.0	0.0	3.0					
8102.317	7.204999999999927	trials	4.0	8104.046792000001	8105.237491000001	8106.934998000001	8107.643518000001	8099.417371000001	8105.774422	8107.583	8109.522	1.0	1.0	1.0	1.0					
8112.542	11.529999999999745	trials	4.0	8117.402425000001	8119.140703000001			8116.870025000001	8119.135621000001			2.0		0.0	2.0					
8124.203	9.561999999999898	trials	4.0	8126.3326400000005	8127.709261000001	8131.188589000001	8131.683562000001	8124.082987000001	8129.450366000001	8131.873	8133.765	1.0	2.0	1.0	1.0					
8136.788	9.744000000000597	trials	4.0	8139.777290000001	8141.802305000001	8143.973573000001	8144.628230000001	8139.250097000001	8142.714733000001	8144.663	8146.532	1.0	2.0	1.0	1.0					
8150.597	12.597999999999956	trials	4.0	8154.2374070000005	8156.013175000001	8157.737645000001	8158.357685000001	8153.373322000001	8156.1458920000005	8158.422	8160.123	1.0	2.0	1.0	1.0					
8164.177	6.645000000000437	trials	4.0	8165.803928000001	8167.468594000001	8169.344447000001	8169.923427000001	8164.692428	8167.9998350000005			1.0	2.0	0.0	3.0					
8171.667	8.580999999999221	trials	4.0	8173.435115	8175.3529210000015	8178.1876280000015	8178.581544000001	8170.835126000001	8177.1836950000015			2.0		0.0	4.0					
8184.298	11.969000000000051	trials	4.0	8187.807620000001	8188.828781000001	8194.546607	8195.349443000001	8187.221788000001	8192.991774000002			1.0	2.0	0.0	3.0					
8197.917	10.784999999999854	trials	4.0	8199.842053	8201.685395	8206.224321000002	8206.745885	8196.281279	8205.012449000002	8206.958	8208.702	1.0	1.0	1.0	1.0					
8210.736	10.430999999998676	trials	4.0	8214.466922000001	8215.763764000001	8218.302008	8219.169089	8213.684089	8217.294483000001	8219.047	8221.167	1.0	1.0	1.0	1.0					
8223.217	12.831000000000131	trials	4.0	8229.183981000002	8230.799773	8233.049842	8233.875944000001	8228.384386000002	8231.583129	8233.757	8236.048	1.0	1.0	1.0	1.0					
8238.067	11.465000000000146	trials	4.0	8244.532472	8246.399908000001			8243.569233000002	8247.247001	8249.217	8249.302	2.0		1.0	1.0					
8253.002	9.127999999998792	trials	4.0	8257.027826000001	8258.989718	8260.634342000001	8261.288171	8256.220007	8259.354817000001			1.0	2.0	0.0	3.0					
8265.003	10.6299999999992	trials	4.0	8266.639297000002	8268.254198			8262.139477	8269.547021	8271.407	8271.517	2.0		1.0	1.0					
8276.302	7.3510000000005675	trials	4.0	8278.063215000002	8279.855798	8282.343704	8282.901432	8275.646709	8281.105706			1.0	2.0	0.0	3.0					
8284.687	10.479999999999563	trials	4.0	8286.397941000001	8288.062206	8292.455936	8293.216346000001	8283.663034000001	8291.473016	8293.197	8295.167	1.0	1.0	1.0	1.0					
8298.192	20.374000000001615	trials	4.0	8314.242010000002	8316.049527000001			8313.43394	8316.359396	8318.317	8318.442	2.0		1.0	1.0					
8322.088	9.439000000000306	trials	4.0	8325.007684	8326.378942000001	8328.872122	8329.733066	8324.014193	8327.298914	8329.708	8331.527	1.0	1.0	1.0	1.0					
8334.557	9.326999999999316	trials	4.0	8338.133159	8339.982658	8342.041835	8342.793505000001	8337.561773000001	8340.727258			1.0	1.0	0.0	3.0					
8346.357	9.640999999999622	trials	4.0	8348.241842000001	8349.82984	8353.687181000001	8354.252977	8343.894494	8352.435229	8354.292	8355.998	1.0	2.0	1.0	1.0					
8358.012	9.119999999998981	trials	4.0	8362.157255000002	8363.280101	8364.835979000001	8365.434461	8361.342372000001	8363.742728000001	8365.542	8367.132	1.0	2.0	1.0	1.0					
8371.202	8.095000000001164	trials	4.0	8374.247988000001	8375.417255	8378.094944	8378.589295000002	8373.246329000001	8376.777752000002			1.0	2.0	0.0	3.0					
8381.368	8.468999999999141	trials	4.0	8383.023583000002	8384.110136000001	8387.235343	8387.917084	8379.309423	8385.57617	8387.9	8389.837	1.0	1.0	1.0	1.0					
8391.892	14.680000000000291	trials	4.0	8396.938528	8399.463031000001			8396.311328	8400.104729	8401.907	8402.027	2.0		1.0	1.0					
8406.742	6.618000000000393	trials	4.0	8408.548353000002	8410.312687000001	8412.219188000001	8412.756410000002	8406.586727000002	8410.296962			1.0		0.0	2.0					
8416.314	10.82799999999952	trials	4.0	8417.922029000001	8419.019519000001	8424.675065000001	8425.346384	8413.374960000001	8423.60369	8425.402	8427.142	1.0	1.0	1.0	1.0					
8431.204	7.058000000000902	trials	4.0	8432.909417	8434.660924	8435.548502000001	8436.372134000001	8431.634097000002	8434.814291	8436.182	8438.262	1.0	1.0	1.0	1.0					
8442.298	7.625	trials	4.0	8443.969892000001	8445.541266	8447.221859000001	8447.901632000001	8443.211291000001	8446.293618000002	8447.833	8449.923	1.0	1.0	1.0	1.0					
8451.97	10.197000000000116	trials	4.0	8456.463418000001	8458.325591	8460.821098	8461.442146000001	8455.675493	8459.142271			1.0	2.0	0.0	3.0					
8463.143	7.013999999999214	trials	4.0	8464.938902000002	8466.425731000001			8462.183445	8466.414799000002			1.0		0.0	2.0					
8470.422	8.5049999999992	trials	4.0	8473.381021000001	8475.010369000001			8472.465278000001	8475.007496			1.0		0.0	2.0					
8479.077	85.17100000000028	trials	4.0	8558.977922000002	8560.919353000001			8558.151242	8562.058667000001	8563.883	8564.132	2.0		1.0	1.0					
8567.702	9.790000000000873	trials	4.0	8569.878775000001	8571.355757000001	8574.533255	8575.453515000001	8569.10123	8573.19845	8575.262	8577.492	1.0	1.0	1.0	1.0					
8580.547	16.58100000000013	trials	4.0	8585.504138	8587.486217000001	8592.717352000001	8593.449089000002	8584.90012	8591.112994000001	8593.538	8597.128	1.0	1.0	1.0	1.0					
8600.198	7.97400000000016	trials	4.0	8603.685959	8604.951758000001	8607.966845	8608.188465000001	8602.994376	8604.948508000001			1.0		0.0	2.0					
8608.987	8.875	trials	4.0	8610.968905000002	8612.503543	8614.961068	8615.775258000001	8610.275786000002	8613.556225	8615.663	8617.862	1.0	1.0	1.0	1.0					
8620.897	10.334999999999127	trials	4.0	8626.562720000002	8627.871477			8625.889582	8629.002071	8630.689	8631.107	2.0		1.0	1.0					
8635.663	8.193999999999505	trials	4.0	8637.959393000001	8639.021709	8642.055804000001	8642.775661000001	8637.034692000001	8640.728729			1.0	1.0	0.0	3.0					
8646.392	7.121000000001004	trials	4.0	8648.257653	8649.620791000001	8651.098673	8651.729506000001	8643.872461	8649.819298	8651.907	8653.513	1.0	2.0	1.0	1.0					
8656.533	10.314000000000306	trials	4.0	8660.130679000002	8661.84361	8664.360973	8664.901406	8659.236379000002	8662.719911	8665.112	8666.847	1.0	2.0	1.0	1.0					
8670.882	11.795000000000073	trials	4.0	8674.444801000001	8675.997753000001	8679.802727	8680.594016000001	8673.518884000001	8677.523481	8680.462	8682.677	1.0	1.0	1.0	1.0					
8686.702	11.006000000001222	trials	4.0	8691.066335000001	8692.466261000001	8694.612289	8695.457843	8690.264567000002	8693.416811000001	8695.307	8697.708	1.0	1.0	1.0	1.0					
8700.775	11.381999999999607	trials	4.0	8706.204637	8707.661485	8709.505465	8710.177513	8705.248901	8708.143434000001	8710.177	8712.157	1.0	1.0	1.0	1.0					
8714.197	10.800999999999476	trials	4.0	8720.087941000002	8721.241969			8719.526855	8722.754093000001	8724.607	8724.693	2.0		1.0	1.0					
8727.548	9.493999999998778	trials	4.0	8730.691481000002	8732.161739000001	8733.939812	8734.703803	8729.934396	8732.664257	8734.667	8737.042	1.0	1.0	1.0	1.0					
8739.832	26.039999999999054	trials	4.0	8744.497608000001	8746.428682000002	8763.010403	8763.879301	8743.496719	8749.101914	8763.657	8765.872	1.0	1.0	1.0	1.0					
8768.927	9.145000000000437	trials	4.0	8772.573308	8773.913386	8775.270311	8776.142156000002	8771.669189	8774.339234000001	8776.102	8778.072	1.0	1.0	1.0	1.0					
8780.111	12.805999999998676	trials	4.0	8784.535105	8786.065453000001			8783.736803	8786.375489000002	8788.283	8788.292	2.0		1.0	1.0					
8793.097	6.905000000000655	trials	4.0	8794.908413000001	8796.377482	8798.689544	8799.352007000001	8792.928799000001	8796.371221000001			1.0		0.0	2.0					
8801.422	8.200999999999112	trials	4.0	8803.142059000002	8804.992465000001			8800.020173	8807.198534000001	8809.032	8809.442	2.0		1.0	1.0					
8812.839	10.233000000000175	trials	4.0	8815.576072	8816.917112000001	8820.316583	8821.215902	8814.787046000001	8818.571842000001	8821.052	8823.072	1.0	1.0	1.0	1.0					
8826.155	8.586999999999534	trials	4.0	8829.466343	8831.149033000002	8833.383407000001	8833.939984	8828.533374	8831.132723			1.0		0.0	2.0					
8835.158	10.209000000000742	trials	4.0	8836.855957	8838.134455000001	8842.681597	8843.477876	8834.75783	8841.694597000002	8843.413	8845.367	1.0	1.0	1.0	1.0					
8849.439	892.7080000000005	BlockDesign														1.0	662.0	721.0	50.0	90.0
8849.439	15.200999999999112	trials	5.0	8851.455358000001	8852.742967000002	8857.963642	8858.668111	8850.936409000002	8853.300017000001	8858.812	8864.64	1.0	2.0	1.0	1.0					
8867.704	11.903000000000247	trials	5.0	8872.954567	8874.542569000001	8876.653481000001	8877.511997000001	8872.356119	8875.725674000001	8877.437	8879.607	1.0	1.0	1.0	1.0					
8882.632	8.06500000000051	trials	5.0	8886.275837000001	8887.622290000001			8885.417978000001	8888.519776000001	8890.307	8890.437	2.0		1.0	1.0					
8893.173	9.527000000000044	trials	5.0	8896.69589	8898.053173	8900.109608	8900.801663	8895.758600000001	8898.870733	8900.772	8902.7	1.0	2.0	1.0	1.0					
8905.486	10.445999999999913	trials	5.0	8911.126922000001	8912.813288000001			8910.522816	8913.614024	8915.492	8915.652	2.0		1.0	1.0					
8920.417	6.081000000000131	trials	5.0	8921.965514000001	8923.917652			8921.026310000001	8924.300173000001	8926.232	8926.292	2.0		1.0	1.0					
8928.954	11.983000000000175	trials	5.0	8932.246772	8933.638491000002	8937.775152000002	8938.739715000002	8931.449201000001	8936.538113	8938.487	8940.937	1.0	1.0	1.0	1.0					
8943.962	11.326000000000931	trials	5.0	8948.206008000001	8949.332764	8952.333176	8953.244128	8947.356343000001	8951.248835	8953.097	8955.288	1.0	1.0	1.0	1.0					
8959.314	6.218999999999141	trials	5.0	8962.660956000002	8963.534531000001			8961.836854000001	8963.528101			2.0		0.0	2.0					
8969.582	17.090000000000146	trials	5.0	8978.831191000001	8979.973205	8984.205158	8984.845958000002	8977.997959	8983.056526	8984.922	8986.672	1.0	2.0	1.0	1.0					
8989.744	9.625	trials	5.0	8992.282106	8993.414052	8996.512889000001	8997.382268000001	8991.743708000002	8995.205392	8997.217	8999.369	1.0	1.0	1.0	1.0					
9001.382	8.095000000001164	trials	5.0	9005.626441	9007.022503	9008.689072000001	9009.491276	9004.935754000002	9007.582901000002			1.0	1.0	0.0	3.0					
9013.007	38.68000000000029	trials	5.0	9047.311799000001	9048.871057	9050.472452000002	9051.061595000001	9046.537313	9049.599875			1.0	2.0	0.0	3.0					
9053.829	6.7409999999999854	trials	5.0	9055.604846	9056.894885000002	9059.902775	9060.58637	9051.702479000001	9056.889708			1.0		0.0	2.0					
9061.017	13.264999999999418	trials	5.0	9066.576506000001	9068.243474	9071.721144000001	9072.549069	9065.945692000001	9070.412033	9072.492	9074.282	1.0	2.0	1.0	1.0					
9076.314	14.302999999999884	trials	5.0	9080.55802	9081.685077000002	9087.861565000001	9088.5208	9079.553576	9083.716127000002	9088.678	9090.617	1.0	2.0	1.0	1.0					
9093.647	12.265999999999622	trials	5.0	9096.799561	9098.307338	9103.255718	9103.944682000001	9096.108998000002	9101.956591000002	9104.027	9105.913	1.0	2.0	1.0	1.0					
9108.937	8.829999999999927	trials	5.0	9112.563742	9114.178105			9111.817217	9115.059376000001	9116.887	9117.767	2.0		1.0	1.0					
9119.797	10.584999999999127	trials	5.0	9123.840367	9124.953621	9128.710687	9129.328038000001	9123.066098000001	9126.690851000001			1.0	1.0	0.0	3.0					
9133.047	7.479999999999563	trials	5.0	9134.957789	9136.712321	9137.976754000001	9138.543647	9130.401307	9136.877168	9138.712	9140.527	1.0	2.0	1.0	1.0					
9144.582	6.149999999999636	trials	5.0	9146.143750000001	9147.651173			9145.439288000001	9148.420889	9150.347	9150.387	2.0		1.0	1.0					
9153.22	8.488000000001193	trials	5.0	9155.626807	9157.435151000001	9158.751595000002	9159.666472	9154.801193000001	9157.592624	9159.442	9161.708	1.0	1.0	1.0	1.0					
9163.767	14.549999999999272	trials	5.0	9171.966953000001	9173.374034	9175.929978	9176.630865000001	9171.446170000001	9174.486033000001	9176.692	9178.317	1.0	2.0	1.0	1.0					
9181.337	9.675000000001091	trials	5.0	9183.857219000001	9185.422765000001	9189.705973	9190.227074	9183.160151	9187.89775			1.0	2.0	0.0	3.0					
9194.047	11.0	trials	5.0	9195.975556000001	9197.121298	9204.161405	9205.047004	9191.012	9202.921059			1.0	1.0	0.0	3.0					
9206.495	18.67699999999968	trials	5.0	9215.573939000002	9216.591278000002	9222.449681	9223.082261000001	9214.629487	9220.999697000001	9223.147	9225.172	1.0	2.0	1.0	1.0					
9228.236	41.16100000000006	trials	5.0	9265.059045	9266.501313	9267.870549000001	9268.491885000001	9264.103506000001	9266.922302			1.0	2.0	0.0	3.0					
9271.222	7.647000000000844	trials	5.0	9273.169148	9274.901626			9269.394052000001	9274.892849000002			1.0		0.0	2.0					
9278.986	4.755999999999403	trials	5.0	9280.847261	9281.676940000001	9282.577366000001	9283.091723000001	9278.86376	9281.660047000001			1.0		0.0	2.0					
9287.788	33.70999999999913	trials	5.0	9312.924851000002	9314.501323	9319.124305000001	9319.743062000001	9312.269224000001	9317.723456000002	9319.902	9321.498	1.0	2.0	1.0	1.0					
9324.538	10.313000000000102	trials	5.0	9329.135016	9330.701272			9328.477067000002	9332.524709000001	9334.532	9334.757	2.0		1.0	1.0					
9337.332	13.21099999999933	trials	5.0	9342.662066	9343.902316000002	9348.485951	9349.367069000002	9341.682498	9346.599598			1.0	1.0	0.0	3.0					
9350.827	9.453000000001339	trials	5.0	9352.639767	9354.585265000002	9357.865787	9358.538918	9350.545206	9356.699539000001	9358.797	9360.28	1.0	2.0	1.0	1.0					
9364.312	9.924999999999272	trials	5.0	9367.924841	9369.528386000002	9371.594743000001	9372.159281	9366.935047	9369.447035000001	9372.277	9374.237	1.0	2.0	1.0	1.0					
9376.253	12.028999999998632	trials	5.0	9382.134884000001	9383.654764	9385.601391	9386.233084000001	9381.500959	9384.55505	9386.222	9388.282	1.0	2.0	1.0	1.0					
9391.312	9.649999999999636	trials	5.0	9395.114443	9396.223892			9394.311393	9398.682637000002	9400.572	9400.962	2.0		1.0	1.0					
9403.987	13.426000000001295	trials	5.0	9407.791176	9409.751917000001	9414.832313	9415.424687	9406.892596000002	9410.721317000001	9415.657	9417.413	1.0	2.0	1.0	1.0					
9421.432	6.90099999999984	trials	5.0	9423.676408000001	9424.731641	9426.992228000001	9427.603231000001	9422.864872	9425.723810000001			1.0	2.0	0.0	3.0					
9430.382	8.13299999999981	trials	5.0	9432.150031000001	9433.551938	9436.666544000002	9437.360554	9428.330681000001	9435.340370000002			1.0	1.0	0.0	3.0					
9441.017	7.254000000000815	trials	5.0	9442.925225	9444.386951			9438.516355000002	9446.080401000001	9447.847	9448.182	2.0		1.0	1.0					
9452.712	7.130000000001019	trials	5.0	9454.608647000001	9456.001834			9453.851516	9457.563136			2.0		1.0	1.0					
9462.292	12.751000000000204	trials	5.0	9470.734834	9471.81759			9469.851092	9472.740874000001	9474.542	9475.043	2.0		1.0	1.0					
9479.057	9.269999999998618	trials	5.0	9480.980288	9482.52704	9485.628698	9486.356996	9479.702078	9484.102850000001	9486.422	9488.327	1.0	2.0	1.0	1.0					
9490.392	14.420000000000073	trials	5.0	9496.270729000002	9497.631731000001	9501.579043000002	9502.469807000001	9495.474926	9499.998454	9502.252	9504.812	1.0	1.0	1.0	1.0					
9506.876	12.136000000000422	trials	5.0	9512.576966	9514.456798000001	9516.419371	9517.017220000002	9511.611578	9515.224832000002	9517.208	9519.012	1.0	2.0	1.0	1.0					
9522.067	12.25	trials	5.0	9525.788768	9527.314074000002	9531.421138000002	9532.061402000001	9524.965145	9529.757171000001	9532.257	9534.317	1.0	2.0	1.0	1.0					
9537.361	30.705999999998312	trials	5.0	9541.725750000001	9543.232217	9565.231439000001	9565.94693	9540.747775000002	9546.536565	9565.972	9568.067	1.0	1.0	1.0	1.0					
9570.132	10.826000000000931	trials	5.0	9574.740527000002	9576.196793000001	9578.374715000002	9578.972671000001	9573.840583000001	9577.146929	9579.097	9580.958	1.0	2.0	1.0	1.0					
9585.022	9.815999999998894	trials	5.0	9589.564355	9591.022483	9593.265645000001	9593.744900000002	9588.687808	9591.976764000001			1.0	1.0	0.0	3.0					
9596.644	7.373999999999796	trials	5.0	9598.409137	9600.107536000001			9594.841489	9601.688429000002	9603.607	9604.018	2.0		1.0	1.0					
9606.042	11.600000000000364	trials	5.0	9611.367435	9613.449959000001	9615.133483000001	9615.702641000002	9610.40702	9614.028275	9615.927	9617.642	1.0	2.0	1.0	1.0					
9621.677	7.902000000000044	trials	5.0	9623.671181000002	9624.942893000001	9627.014132	9627.583313000001	9622.266930000002	9625.926825	9627.702	9629.579	1.0	2.0	1.0	1.0					
9632.611	11.790999999999258	trials	5.0	9638.691242	9640.527898			9637.777543	9641.728841	9643.472	9644.402	2.0		1.0	1.0					
9647.422	8.740999999999985	trials	5.0	9649.615655000001	9651.148277	9653.553919000002	9654.147433	9649.073227	9652.482269	9654.373	9656.163	1.0	2.0	1.0	1.0					
9658.204	11.018000000000029	trials	5.0	9663.202292000002	9664.788616000002			9662.322962	9666.477941000001	9668.172	9669.222	2.0		1.0	1.0					
9673.272	11.03899999999885	trials	5.0	9677.379239000002	9678.463112000001	9681.658084	9682.264871000001	9676.394305000002	9680.398930000001	9682.458	9684.311	1.0	2.0	1.0	1.0					
9687.333	10.65899999999965	trials	5.0	9691.719914000001	9693.148162000001	9697.562502	9697.994822	9690.901165000001	9693.142562			1.0		0.0	2.0					
9698.237	11.056000000000495	trials	5.0	9700.146701000001	9701.582521	9706.937933000001	9707.503718	9699.030812	9704.324753	9707.757	9709.293	1.0	2.0	1.0	1.0					
9713.317	12.390000000001237	trials	5.0	9716.748185	9718.433591	9723.116762000001	9723.629324000001	9715.963675	9719.234404	9723.977	9725.707	1.0	2.0	1.0	1.0					
9728.767	13.380000000001019	trials	5.0	9734.659182000001	9736.185644000001	9739.678854000002	9740.101694	9733.876103	9737.881685	9740.432	9742.147	1.0	2.0	1.0	1.0					
9745.212	1095.8670000000002	BlockDesign														1.0	722.0	790.0	10.0	50.0
9745.212	10.31000000000131	trials	6.0	9749.496335000002	9751.34273	9753.057881	9753.545503000001	9748.867337000001	9751.560978000001	9753.742	9755.522	1.0	2.0	1.0	1.0					
9757.58	10.201999999999316	trials	6.0	9762.276332000001	9763.879699000001			9761.474593	9765.637385000002	9767.362	9767.672	2.0		1.0	1.0					
9771.192	7.496000000001004	trials	6.0	9773.651719000001	9775.524619000002	9777.190192	9777.681645	9772.849473	9775.905986000002			1.0	1.0	0.0	3.0					
9780.522	6.922999999998865	trials	6.0	9782.432041	9784.457396000002	9785.955783000001	9786.389198	9778.689704	9784.418369			1.0	2.0	0.0	3.0					
9788.302	8.225000000000364	trials	6.0	9790.199486000001	9792.025735000001	9795.712154	9796.529729000002	9787.446224000001	9794.372768000001			1.0	1.0	0.0	3.0					
9800.111	60.90599999999904	trials	6.0	9840.727468000001	9842.134246000001	9858.115995	9858.857855	9840.157163000002	9842.977064	9858.907	9861.017	1.0	2.0	1.0	1.0					
9863.035	15.006999999999607	trials	6.0	9866.81745	9868.438753	9876.259047000001	9876.858506	9865.971707	9872.376888			1.0	2.0	0.0	3.0					
9879.612	17.261000000000422	trials	6.0	9881.357926	9883.107022	9896.286464	9896.878068000002	9878.044577	9894.139000000001			1.0	1.0	0.0	3.0					
9900.59	17.355999999999767	trials	6.0	9905.342411000001	9907.082399	9916.270463	9916.874698000001	9904.49833	9912.671951			1.0	2.0	0.0	3.0					
9920.612	8.628000000000611	trials	6.0	0.0	0.0	39.28221	39.710468999999996	-1.6825910000000022	6.859559999999998	9927.717	9929.24	2.0		1.0	1.0					
9933.262	9.454999999999927	trials	6.0	9937.642868	9939.514162000001	9941.130686	9941.650607000001	9937.053488000001	9939.529303000001			1.0	2.0	0.0	3.0					
9944.452	6.08600000000115	trials	6.0	9946.032091000001	9947.913793000002			9942.717453000001	9948.402497000001	9950.208	9950.512	2.0		1.0	1.0					
9954.982	11.016999999999825	trials	6.0	9959.544145000002	9960.708804000002	9963.505924000001	9964.203483000001	9958.743830000001	9962.202422	9964.248	9965.999	1.0	2.0	1.0	1.0					
9969.052	9.236000000000786	trials	6.0	9973.424239	9975.414959000002			9972.473023	9976.104834000002	9977.807	9978.267	2.0		1.0	1.0					
9980.718	10.833999999998923	trials	6.0	9984.713996	9986.633147	9989.67682	9990.421859	9984.181107	9987.37673			1.0	2.0	0.0	3.0					
9992.262	8.45299999999952	trials	6.0	9993.860848	9994.984202000001	10000.14458	10000.713995	9991.556768	9998.275439000001			1.0	1.0	0.0	3.0					
10002.477	40.349999999998545	trials	6.0	10037.907772	10039.923581000001			10037.106112000001	10040.36908	10042.167	10042.827	2.0		1.0	1.0					
10044.842	10.959999999999127	trials	6.0	10049.872405	10051.664441	10054.308653	10054.919756000001	10049.163914	10052.846495000002			1.0	2.0	0.0	3.0					
10057.663	7.969999999999345	trials	6.0	10059.213663	10060.834607	10064.310218	10064.782091000001	10055.803775	10063.061463000002			1.0	1.0	0.0	3.0					
10068.803	42.314000000000306	trials	6.0	10105.263734	10106.740094	10108.45513	10109.05262	10104.529364000002	10107.483529000001	10109.277	10111.117	1.0	2.0	1.0	1.0					
10114.142	9.280000000000655	trials	6.0	10117.214726	10118.704622000001	10121.077097000001	10121.578535	10116.685846	10119.124256000001	10121.788	10123.422	1.0	2.0	1.0	1.0					
10125.442	12.846000000001368	trials	6.0	10131.281480000001	10133.276095000001	10135.906742000001	10136.418598	10130.650877	10133.927788	10136.657	10138.288	1.0	2.0	1.0	1.0					
10141.313	12.55999999999949	trials	6.0	10150.608518000001	10151.765406	10153.486120000001	10153.873160000001	10149.876643000001	10152.403847000001			1.0	2.0	0.0	3.0					
10157.827	82.55500000000029	trials	6.0	10233.498725000001	10235.255801000001	10237.979417	10238.371498	10232.974105000001	10236.7198	10238.742	10240.382	1.0	2.0	1.0	1.0					
10242.423	11.574999999998909	trials	6.0	10250.149154	10251.740843000001			10249.305211	10251.842569	10253.642	10253.652	2.0		1.0	1.0					
10258.523	7.539000000000669	trials	6.0	10263.387787000001	10264.060753000002			10262.651901000001	10264.052099			1.0		0.0	2.0					
10269.112	21.94000000000051	trials	6.0	10281.833611000002	10283.846161000001	10288.205465000001	10288.848619	10281.0674	10286.563139000002	10288.987	10291.052	1.0	1.0	1.0	1.0					
10293.072	13.006999999999607	trials	6.0	10299.944188000001	10301.471776	10304.286517	10304.882699000002	10299.075782	10302.942345000001			1.0	1.0	0.0	3.0					
10306.607	11.77599999999984	trials	6.0	10308.505430000001	10309.967503	10316.175643	10316.571191	10306.081733	10314.382424000001	10316.977	10318.383	1.0	2.0	1.0	1.0					
10321.427	10.425000000001091	trials	6.0	10327.131274000001	10328.2016	10330.42892	10330.81954	10326.45275	10328.967214			1.0	2.0	0.0	3.0					
10334.752	8.326999999999316	trials	6.0	10336.269412000001	10337.306432000001	10341.507458	10341.950429	10331.854058	10340.566366000001			1.0	1.0	0.0	3.0					
10344.845	8.311999999999898	trials	6.0	10346.888162000001	10348.934009	10350.722683	10351.25194	10343.083561000001	10349.643272000001	10351.477	10353.157	1.0	2.0	1.0	1.0					
10356.22	10.028000000000247	trials	6.0	10359.957743	10361.290715000001	10363.564613	10364.126407000002	10359.08306	10362.514157000001	10366.237	10366.248	1.0	2.0	1.0	1.0					
10369.112	10.457000000000335	trials	6.0	10373.574099000001	10375.237140000001	10377.952474000002	10378.780214	10372.60143	10376.826389000002			1.0	2.0	0.0	3.0					
10382.344	6.8730000000014115	trials	6.0	10384.064273	10385.841871			10379.571302	10386.971420000002			2.0		1.0	1.0					
10393.617	7.190000000000509	trials	6.0	10395.48485	10397.552365000001	10399.476662000001	10400.102296000001	10394.166776000002	10398.334725			1.0	2.0	0.0	3.0					
10402.82	8.990999999999985	trials	6.0	10404.709028000001	10406.420018	10410.326444	10410.850133	10400.8109	10409.141527000002			1.0	1.0	0.0	3.0					
10413.667	7.57300000000032	trials	6.0	10415.305097	10416.757403000001	10418.487353	10419.205906000001	10411.815647000001	10417.482251000001	10419.277	10421.24	1.0	2.0	1.0	1.0					
10424.262	8.546000000000276	trials	6.0	10428.814994	10429.613056	10431.538331000002	10432.139909000001	10428.017255	10429.606346			1.0		0.0	2.0					
10433.685	7.042000000001281	trials	6.0	10435.495612	10436.656985000001	10439.051504000001	10439.346346	10432.814843	10437.561389			1.0	1.0	0.0	3.0					
10441.397	6.824999999998909	trials	6.0	10443.349837000002	10445.002301			10440.733432	10445.926858	10447.708	10448.222	2.0		1.0	1.0					
10450.267	14.844999999999345	trials	6.0	10460.93981	10462.304425			10460.372360000001	10462.856155000001	10464.807	10465.007	2.0		1.0	1.0					
10468.689	8.88299999999981	trials	6.0	10472.953192	10473.932183	10476.211925000001	10476.832361	10472.12572	10473.926630000002			1.0		0.0	2.0					
10480.033	5.889000000001033	trials	6.0	10481.631586000001	10483.293561			10477.576360000001	10483.687445000001	10485.437	10485.922	2.0		1.0	1.0					
10487.942	10.980000000001382	trials	6.0	10493.999894	10495.532023000002	10497.614642	10498.095395	10493.351872000001	10496.412992000001			1.0	2.0	0.0	3.0					
10500.997	8.126000000000204	trials	6.0	10502.600132000001	10504.504919			10498.927381000001	10505.374156000002	10507.327	10509.123	2.0		1.0	1.0					
10513.077	10.31000000000131	trials	6.0	10517.974322000002	10519.223057000001	10521.529319000001	10522.113907	10517.449418	10520.176534			1.0	2.0	0.0	3.0					
10523.876	8.125	trials	6.0	10525.709621000002	10527.376419	10531.632568	10531.98833	10523.390733	10530.38592			1.0	1.0	0.0	3.0					
10533.972	15.819999999999709	trials	6.0	10543.813776	10545.286982000001			10543.149394	10547.407868	10549.288	10549.792	2.0		1.0	1.0					
10551.812	16.726000000000568	trials	6.0	10557.431506	10559.443117	10567.005761	10567.651163	10556.555450000002	10561.913284			1.0	2.0	0.0	3.0					
10571.367	17.76299999999901	trials	6.0	10573.335308000002	10575.118864	10586.459548	10586.772965	10568.540861000001	10579.373885	10587.097	10589.13	1.0	1.0	1.0	1.0					
10593.197	12.274999999999636	trials	6.0	10597.085455	10598.711288	10602.854394000002	10603.447645	10596.499543000002	10601.293124000002	10603.667	10605.472	1.0	2.0	1.0	1.0					
10609.492	10.709999999999127	trials	6.0	10614.485374	10616.002355	10617.413296	10618.091665	10613.578925000002	10616.103611	10617.998	10620.202	1.0	2.0	1.0	1.0					
10624.217	9.329999999999927	trials	6.0	10630.218833	10631.482775			10629.440939	10631.476624			2.0		0.0	2.0					
10636.579	11.043999999999869	trials	6.0	10639.405982	10640.652547000002	10644.981237	10645.484749000001	10638.648931000002	10643.673356000001	10645.748	10647.623	1.0	2.0	1.0	1.0					
10651.673	11.153999999998632	trials	6.0	10655.757158	10656.932990000001	10660.100642000001	10660.655696000002	10655.092771000001	10658.567767	10660.777	10662.827	1.0	2.0	1.0	1.0					
10665.861	11.070999999999913	trials	6.0	10671.030636000001	10672.480433			10670.473969	10674.337706	10676.107	10676.932	2.0		1.0	1.0					
10679.962	12.694999999999709	trials	6.0	10686.940013000001	10688.654438000001	10691.209933	10691.722852	10686.388736	10689.921635			1.0	2.0	0.0	3.0					
10695.553	8.951999999999316	trials	6.0	10697.346041	10699.292792	10703.104621	10703.809334000001	10692.663878000001	10702.113553000001			1.0	2.0	0.0	3.0					
10706.442	8.125	trials	6.0	10708.414513000002	10710.136843	10712.944522000002	10713.436069000001	10704.508862	10710.711914000001			1.0	1.0	0.0	3.0					
10715.277	8.75	trials	6.0	10716.95202	10718.045056	10722.331798000001	10723.111969000001	10714.573271000001	10721.168357			1.0	2.0	0.0	3.0					
10724.689	7.587999999999738	trials	6.0	10726.38247	10728.049283			10724.035415	10729.708535000002	10731.562	10732.277	2.0		1.0	1.0					
10735.302	17.295000000000073	trials	6.0	10745.366351	10746.450286000001	10750.083937000001	10750.576993	10744.820303	10749.098734000001	10750.762	10752.597	1.0	2.0	1.0	1.0					
10754.647	10.25	trials	6.0	10760.707405000001	10762.254166	10763.674630000001	10763.970896	10759.794037000001	10762.46616			1.0	2.0	0.0	3.0					
10767.002	8.975000000000364	trials	6.0	10768.942409000001	10770.975911000001	10775.441743000001	10775.983412000001	10764.904637000001	10772.027452			1.0	2.0	0.0	3.0					
10779.798	13.10899999999856	trials	6.0	10783.751014000001	10785.662738	10792.458205	10792.912747	10782.756658	10791.071648000001			1.0	1.0	0.0	3.0					
10796.814	12.747999999999593	trials	6.0	10801.266637	10802.570888	10806.60814	10807.611722000001	10800.366745000001	10804.947461000002	10807.272	10809.562	1.0	2.0	1.0	1.0					
10813.583	12.454999999999927	trials	6.0	10818.619951	10820.466182	10823.341804000002	10823.899107000001	10817.638775000001	10822.075012000001	10824.042	10826.038	1.0	2.0	1.0	1.0					
10830.062	11.016999999999825	trials	6.0	10833.601811	10835.573539	10838.409146000002	10838.93491	10832.785670000001	10836.657287000002	10839.167	10841.079	1.0	2.0	1.0	1.0					
10844.173	7905.389999999998	BlockDesign														0.0	791.0	933.0	50.0	10.0
10844.173	11.798999999999069	trials	7.0	10850.012779	10850.939566000001			10849.165249000001	10850.930953000001			1.0		0.0	2.0					
10856.052	8.689000000000306	trials	7.0	10858.247204000001	10859.358779			10855.979624000001	10862.208928	10864.012	10864.557	2.0		1.0	1.0					
10866.908	9.692000000000917	trials	7.0	10871.236976	10872.443756	10875.087907000001	10875.648580000001	10870.471889	10873.672077000001			1.0	2.0	0.0	3.0					
10877.407	11.097000000001572	trials	7.0	10879.241879000001	10881.050402	10886.983921000001	10887.466964000001	10876.606618000002	10882.619423			1.0	1.0	0.0	3.0					
10890.312	9.899999999999636	trials	7.0	10891.941962	10893.503908	10897.709101	10898.255161000001	10888.508161000002	10895.278483000002			1.0	2.0	0.0	3.0					
10902.052	10.639999999999418	trials	7.0	10903.807966	10905.729754	10910.053628000001	10910.522866000001	10900.221079	10908.533674	10910.807	10912.692	1.0	1.0	1.0	1.0					
10915.715	12.766999999999825	trials	7.0	10922.177880000001	10923.409000000001	10926.455704	10927.254698	10921.461562	10925.296612			1.0	2.0	0.0	3.0					
10928.792	9.101000000000568	trials	7.0	10930.751891	10932.198991000001	10935.989744	10936.774616	10928.487973000001	10934.832539			1.0	2.0	0.0	3.0					
10938.312	7.2549999999992	trials	7.0	10940.101498	10941.52952			10937.898112	10942.917526000001	10945.062	10945.567	2.0		1.0	1.0					
10949.587	12.444999999999709	trials	7.0	10952.593928	10953.823866	10957.81322	10958.458738000001	10951.792456000001	10956.199433000002	10958.577	10962.032	1.0	1.0	1.0	1.0					
10966.047	11.2549999999992	trials	7.0	10971.861253000001	10973.155183	10975.263961	10975.875911000001	10971.147434	10973.992373000001			1.0	2.0	0.0	3.0					
10979.597	9.389999999999418	trials	7.0	10981.532311	10983.28073	10987.665653	10988.202301000001	10977.311301000002	10985.444474			1.0	1.0	0.0	3.0					
10990.048	6.099999999998545	trials	7.0	10991.578444	10993.140121			10988.993354	10993.984571	10995.833	10995.877	2.0		1.0	1.0					
10998.677	9.004000000000815	trials	7.0	11002.249241000001	11003.910374000001	11006.032427	11006.672098000001	11001.641212	11004.824960000002			1.0	2.0	0.0	3.0					
11009.367	8.521999999999025	trials	7.0	11011.29137	11013.294088	11015.096323000002	11015.86259	11007.690122	11013.962555000002	11015.932	11017.889	1.0	1.0	1.0	1.0					
11021.907	7.635000000000218	trials	7.0	11024.752562000001	11025.915704000001			11023.780631000001	11027.222792	11029.112	11029.333	2.0		1.0	1.0					
11032.982	8.596999999999753	trials	7.0	11035.973401000001	11037.544415	11039.796695	11040.512416000001	11035.363640000001	11038.610752			1.0	2.0	0.0	3.0					
11044.117	9.764999999999418	trials	7.0	11045.912678	11046.929732			11041.582450000002	11047.924082000001	11049.632	11053.882	2.0		1.0	1.0					
11055.907	16.68500000000131	trials	7.0	11064.143083	11065.44959	11070.922714	11071.575629	11063.530825000002	11067.904805			1.0	1.0	0.0	3.0					
11074.257	18.490999999999985	trials	7.0	11076.122933	11078.118847000002	11088.890515000001	11089.548791000001	11072.601766000002	11087.320357	11089.663	11092.748	1.0	2.0	1.0	1.0					
11095.798	8.643999999998414	trials	7.0	11100.117886	11101.302527000002			11099.586043000001	11102.120612	11104.038	11104.442	2.0		1.0	1.0					
11108.462	11.18500000000131	trials	7.0	11111.863493	11113.372424000001	11117.704507	11118.364156000001	11111.175122	11116.132988000001			1.0	2.0	0.0	3.0					
11122.027	13.514999999999418	trials	7.0	11123.787896000002	11125.025779000001	11132.765534	11133.328526000001	11119.656394000001	11129.482273000001	11133.407	11135.542	1.0	1.0	1.0	1.0					
11138.607	16.790000000000873	trials	7.0	11142.960013	11144.891759	11153.658542000001	11154.27692	11142.347762000001	11152.104989000001			1.0	2.0	0.0	3.0					
11156.002	36.475000000000364	trials	7.0	11157.816194	11159.530111	11189.585843	11190.150433	11155.404389000001	11188.016912000001	11190.367	11192.477	1.0	1.0	1.0	1.0					
11194.502	15.479999999999563	trials	7.0	11202.277504000001	11203.826057	11208.260341000001	11208.891527000002	11201.50309	11204.783269000001			1.0	2.0	0.0	3.0					
11211.592	8.200999999999112	trials	7.0	11213.253229000002	11214.642812000002	11216.538617	11217.324352000001	11209.991563000001	11215.305935	11217.397	11219.793	1.0	1.0	1.0	1.0					
11222.667	299.84500000000116	trials	7.0	11517.847044000002	11519.028812	11522.079532	11522.522331	11516.851802000001	11520.612547			1.0	2.0	0.0	3.0					
11524.413	7.66399999999885	trials	7.0	11528.455873	11530.082708000002	11531.687993000001	11531.995625000001	11527.939751000002	11530.069439			1.0		0.0	2.0					
11534.111	4875.775999999998	trials	7.0	16405.33952	16407.240926	16409.37081	16409.886443	16404.827	16407.737553			1.0	2.0	0.0	3.0					
16412.751	47.15099999999802	trials	7.0	16457.044836	16457.832459			16456.209473	16457.825538			1.0		0.0	2.0					
16462.913	31.434000000001106	trials	7.0	16488.009863	16489.113083	16492.183715	16492.449408	16487.025708	16489.662631			1.0	1.0	0.0	3.0					
16494.533	4.9540000000015425	trials	7.0	16496.473574	16497.411218			16494.346165	16497.405012			2.0		0.0	2.0					
16501.498	4.153999999998632	trials	7.0	16503.519647	16503.642547			16502.899883000002	16503.638745			1.0		0.0	2.0					
16509.689	34.248999999999796	trials	7.0	16531.140936	16532.678792	16540.561247	16540.766042	16530.586155	16534.981992	16541.322	16543.938	1.0	1.0	1.0	1.0					
16547.97	14.588999999999942	trials	7.0	16554.603866	16556.331561	16559.681370000002	16560.426294	16553.628069	16558.744317	16560.447	16562.559	1.0	1.0	1.0	1.0					
16565.597	17.239999999997963	trials	7.0	16572.541854	16574.407733	16578.996065	16579.628708	16571.994792	16577.995178	16579.822	16582.837	1.0	1.0	1.0	1.0					
16586.9	17.03899999999703	trials	7.0	16593.980709	16596.023891			16593.1898	16599.33195	16601.333	16603.939	2.0		1.0	1.0					
16606.982	14.869999999998981	trials	7.0	16614.850263	16616.555939	16620.19517	16620.874997	16614.108656	16619.264279			1.0	1.0	0.0	3.0					
16622.522	8.544999999998254	trials	7.0	16624.05869	16625.693688	16628.715132	16629.508536	16621.851719000002	16627.594009			1.0	2.0	0.0	3.0					
16632.062	7.525999999998021	trials	7.0	16633.950660000002	16635.589256	16639.087294	16639.590364	16631.067095	16638.032312			1.0	1.0	0.0	3.0					
16642.482	13.325000000000728	trials	7.0	16651.552022	16652.063972	16654.041021	16654.708412	16650.578645	16652.058462			1.0		0.0	2.0					
16656.103	47.99200000000201	trials	7.0	16698.137789	16699.540648000002	16702.369917	16703.00844	16697.123112	16701.375613			1.0	1.0	0.0	3.0					
16706.708	5.064000000002125	trials	7.0	16708.695595	16709.697704000002	16710.961479	16711.27272	16704.094788000002	16709.693681			1.0		0.0	2.0					
16715.782	203.38100000000122	trials	7.0	16914.338073	16916.409165	16918.018742	16919.163957	16913.505659000002	16916.795681			1.0	2.0	0.0	3.0					
16922.395	33.977999999999156	trials	7.0	16948.103477	16949.318711	16953.204421000002	16953.88145	16947.236643	16952.074323	16953.889	16956.373	1.0	1.0	1.0	1.0					
16958.413	13.86699999999837	trials	7.0	16964.003382	16965.659043			16963.122656	16968.977324	16971.617	16972.28	2.0		1.0	1.0					
16976.307	12.430000000000291	trials	7.0	16982.849061	16984.100205			16981.934136	16985.923412	16987.887	16988.737	2.0		1.0	1.0					
16990.772	17.0570000000007	trials	7.0	16998.027036	16999.948911	17005.6505	17006.423954	16997.281581	17003.504555			1.0	2.0	0.0	3.0					
17008.986	8.368999999998778	trials	7.0	17010.737576	17012.069103			17007.826752	17015.059677	17016.722	17017.355	2.0		1.0	1.0					
17021.408	13.395000000000437	trials	7.0	17028.059015	17029.515449			17027.395685	17032.198757000002	17034.157	17034.803	2.0		1.0	1.0					
17036.822	13.794999999998254	trials	7.0	17043.24741	17044.340266	17049.018704000002	17049.486803	17042.50397	17047.268195			1.0	1.0	0.0	3.0					
17051.357	4.431000000000495	trials	7.0	17052.968106	17053.724499			17050.619061	17053.719372			1.0		0.0	2.0					
17057.798	22.902000000001863	trials	7.0	17071.41916	17073.187371	17079.233433	17079.784779	17070.484538	17077.769739			1.0	1.0	0.0	3.0					
17083.577	6.585999999999331	trials	7.0	17085.213933	17086.971896			17080.701797	17087.477996	17089.687	17090.163	2.0		1.0	1.0					
17092.22	16.516999999999825	trials	7.0	17098.067822	17099.588091	17107.180245	17107.799976000002	17097.216123000002	17105.344215			1.0	2.0	0.0	3.0					
17110.522	13.718000000000757	trials	7.0	17112.383643	17113.545359	17121.15227	17121.718734000002	17108.738255	17119.420091	17121.812	17124.24	1.0	1.0	1.0	1.0					
17127.283	14.419000000001688	trials	7.0	17135.388762	17136.624776			17134.376825	17139.143147	17141.102	17141.702	2.0		1.0	1.0					
17145.728	14.169000000001688	trials	7.0	17150.197869	17151.391227	17157.919085	17158.806001	17149.364169	17156.259936000002			1.0	2.0	0.0	3.0					
17160.322	11.540000000000873	trials	7.0	17161.973672	17163.677382	17168.501508	17169.226019	17159.898041	17167.381667	17169.167	17171.862	2.0		1.0	1.0					
17174.878	13.96900000000096	trials	7.0	17179.99184	17181.809055	17185.558146	17186.232474	17179.165452	17184.000644	17186.352	17188.847	1.0	1.0	1.0	1.0					
17192.872	12.619999999998981	trials	7.0	17197.316985	17198.901576	17203.890008000002	17204.498574	17196.673203	17202.636531			1.0	1.0	0.0	3.0					
17207.237	14.895000000000437	trials	7.0	17208.953883000002	17210.643474	17220.567023	17221.176473	17205.49356	17218.315422			1.0	2.0	0.0	3.0					
17223.893	13.639999999999418	trials	7.0	17225.519579	17227.242398000002	17233.548023	17234.18486	17222.134509	17232.087872	17234.212	17237.533	1.0	1.0	1.0	1.0					
17241.564	298.94300000000294	trials	7.0	17537.627918000002	17538.442292			17537.039348	17538.432417			1.0		0.0	2.0					
17542.533	40.830000000001746	trials	7.0	17558.603013	17560.473453	17581.720971	17582.325119	17557.598862	17562.858276			1.0	2.0	0.0	3.0					
17586.079	7.005999999997584	trials	7.0	17587.765227	17589.206607			17583.365400000002	17589.976661	17592.277	17593.085	2.0		1.0	1.0					
17597.097	13.21099999999933	trials	7.0	17602.365393	17604.241238000002	17607.032983	17607.687495000002	17601.41738	17605.822425	17607.797	17610.308	1.0	1.0	1.0	1.0					
17613.361	11.900999999998021	trials	7.0	17619.676526	17621.389963			17618.802595	17622.989703	17624.857	17625.262	2.0		1.0	1.0					
17629.325	12.276999999998225	trials	7.0	17635.070187	17636.652065000002	17640.066654000002	17640.400270000002	17634.464474	17638.771842000002			1.0	1.0	0.0	3.0					
17642.603	12.262000000002445	trials	7.0	17644.546845	17646.477726	17653.321251	17653.959819	17641.606455	17650.829219			1.0	2.0	0.0	3.0					
17656.658	7.27900000000227	trials	7.0	17658.442185	17660.336517			17654.868492	17661.025063	17662.689	17663.937	2.0		1.0	1.0					
17665.986	19.251000000000204	trials	7.0	17672.825211	17674.307036	17681.540075	17682.339496	17672.196477	17679.881202	17682.257	17685.237	1.0	1.0	1.0	1.0					
17688.305	15.272000000000844	trials	7.0	17695.330937	17696.737406	17700.384399000002	17701.135343	17694.418038	17698.943598	17701.107	17703.577	1.0	1.0	1.0	1.0					
17705.592	13.03399999999965	trials	7.0	17711.12134	17712.617559	17717.994016	17718.630074	17710.56279	17716.156425			1.0	1.0	0.0	3.0					
17720.317	27.104999999999563	trials	7.0	17731.960362	17733.697650000002	17745.732342	17746.389006	17731.118984	17743.849744			1.0	2.0	0.0	3.0					
17749.067	9.751000000000204	trials	7.0	17750.746055	17752.452492	17756.464227	17757.132270000002	17747.428028000002	17755.300834			1.0	1.0	0.0	3.0					
17760.858	8.489000000001397	trials	7.0	17762.709217	17764.6478	17766.678129	17767.273343	17758.824194	17765.449586	17767.387	17769.347	1.0	2.0	1.0	1.0					
17772.372	10.382000000001426	trials	7.0	17775.71058	17777.386473	17781.059841000002	17781.688868	17775.079802	17779.16835			1.0	2.0	0.0	3.0					
17783.382	11.123999999999796	trials	7.0	17785.205688000002	17787.13821	17794.112283000002	17794.509545	17782.758494	17792.688668			1.0	1.0	0.0	3.0					
17796.447	13.290000000000873	trials	7.0	17801.758142	17803.578282000002	17808.234686	17809.742903	17800.999471	17807.111515			1.0	2.0	0.0	3.0					
17811.583	28.894000000000233	trials	7.0	17838.264106000002	17838.475746			17837.394458	17838.465549			1.0		0.0	2.0					
17842.502	7.604999999999563	trials	7.0	17844.123504	17845.332114	17848.605941	17849.070318000002	17843.38036	17847.221169			1.0	1.0	0.0	3.0					
17852.937	6.884999999998399	trials	7.0	17854.683573000002	17856.749158			17850.114627	17857.624571	17859.382	17859.538	2.0		1.0	1.0					
17862.292	41.90099999999802	trials	7.0	17898.116692	17899.503051	17901.405473	17902.059153000002	17897.32971	17900.150385	17902.132	17904.193	1.0	1.0	1.0	1.0					
17907.258	10.048999999999069	trials	7.0	17911.9967	17913.793695			17911.015685	17914.686261	17916.442	17917.307	2.0		1.0	1.0					
17920.102	10.677999999999884	trials	7.0	17925.753876	17927.310258			17925.070187	17928.414219	17930.312	17930.78	2.0		1.0	1.0					
17932.862	11.93999999999869	trials	7.0	17938.961369	17940.796134			17938.424499	17942.54519	17944.322	17944.802	2.0		1.0	1.0					
17947.842	13.699000000000524	trials	7.0	17952.552453	17954.108645	17960.138167	17960.821979	17951.773149	17957.018481			1.0	2.0	0.0	3.0					
17964.488	7.112999999997555	trials	7.0	17966.331941	17967.442961			17961.545892000002	17967.433922			1.0		0.0	2.0					
17973.487	8.381999999997788	trials	7.0	17975.337155	17977.240113	17979.933163	17980.976665000002	17974.23771	17978.711882			1.0	2.0	0.0	3.0					
17983.298	9.459000000002561	trials	7.0	17984.96887	17986.082053000002	17991.187112	17991.827142000002	17981.871501	17988.742853			1.0	1.0	0.0	3.0					
17994.527	4.721000000001368	trials	7.0	17996.361272000002	17997.199802	17998.668252	17999.077745000002	17992.764953	17997.191579			1.0		0.0	2.0					
18003.288	55.572000000000116	trials	7.0	18050.332133	18051.521171	18057.480636	18058.094215	18049.749294	18055.511604			1.0	2.0	0.0	3.0					
18060.829	9.937999999998283	trials	7.0	18062.54912	18063.746754	18067.697058	18068.410803	18058.868697	18066.502373	18068.342	18070.767	1.0	1.0	1.0	1.0					
18072.788	11.238999999997759	trials	7.0	18077.522946	18078.80567	18082.462782000002	18082.845957	18076.735584000002	18081.028101			1.0	1.0	0.0	3.0					
18087.077	8.96099999999933	trials	7.0	18088.787688	18090.685715	18094.459457	18095.090541	18084.033219	18093.1221			1.0	2.0	0.0	3.0					
18097.788	14.895000000000437	trials	7.0	18099.381015	18100.595325000002	18111.332503	18111.72831	18096.044999	18109.717681000002			1.0	1.0	0.0	3.0					
18113.677	7.02100000000064	trials	7.0	18115.607867	18116.839443			18112.687602	18118.398537	18120.217	18120.698	2.0		1.0	1.0					
18124.722	10.937999999998283	trials	7.0	18127.487825	18129.239619	18134.07702	18134.797733	18126.524853	18132.347448			1.0	2.0	0.0	3.0					
18138.413	9.140999999999622	trials	7.0	18140.023224	18141.890009	18144.538343	18145.337933	18135.666675	18142.22445	18145.348	18147.554	1.0	1.0	1.0	1.0					
18151.611	14.490999999998166	trials	7.0	18154.914186	18156.205038	18163.055439	18163.794601	18154.292801	18160.788893	18163.847	18166.102	1.0	1.0	1.0	1.0					
18168.127	14.575000000000728	trials	7.0	18175.023161	18176.570063	18181.106619000002	18181.857797	18174.393053	18178.792161			1.0	2.0	0.0	3.0					
18183.482	7.765999999999622	trials	7.0	18185.290964	18186.725697			18182.712519	18189.069584	18190.907	18191.163	2.0		1.0	1.0					
18195.824	11.792999999997846	trials	7.0	18197.721926	18199.191029	18206.198525	18206.757227000002	18197.074137	18204.801497			1.0	2.0	0.0	3.0					
18208.538	47.93799999999828	trials	7.0	18210.408141	18211.520517	18254.853101	18255.331349	18207.625076	18216.579261			1.0	1.0	0.0	3.0					
18257.22	12.778999999998632	trials	7.0	18259.14441	18260.662148	18268.471664	18269.222694	18256.480143	18262.974444			1.0	2.0	0.0	3.0					
18272.817	13.9900000000016	trials	7.0	18274.819026	18276.512433	18285.368454	18285.789018	18270.011253	18282.007379000002			1.0	1.0	0.0	3.0					
18288.7	6.9870000000009895	trials	7.0	18290.569161	18291.875627	18294.144193	18294.759445	18286.816503000002	18292.590791000002			1.0	2.0	0.0	3.0					
18297.522	6.31499999999869	trials	7.0	18299.075654	18301.005875			18295.694897	18301.564877	18303.507	18303.757	2.0		1.0	1.0					
18306.314	19.038000000000466	trials	7.0	18318.498464	18320.435922	18322.037808	18322.942911000002	18317.641395	18321.030024	18322.702	18325.352	1.0	1.0	1.0	1.0					
18328.254	12.018000000000029	trials	7.0	18331.974118000002	18333.845714	18338.561319	18339.305342	18331.458888	18336.850761			1.0	1.0	0.0	3.0					
18341.892	6.334999999999127	trials	7.0	18343.619426	18345.719436			18340.282404	18345.966047	18347.847	18348.097	2.0		1.0	1.0					
18351.753	10.369999999998981	trials	7.0	18355.976562	18357.905912000002			18355.039328	18359.105264	18360.827	18362.123	2.0		1.0	1.0					
18366.177	14.529999999998836	trials	7.0	18369.023112	18370.360858	18377.612259	18378.474874	18368.182242	18373.642050000002	18378.472	18380.707	1.0	2.0	1.0	1.0					
18382.727	12.5	trials	7.0	18387.908908	18389.279668	18393.679152	18394.324436	18387.378451	18392.308257			1.0	2.0	0.0	3.0					
18398.048	10.159999999999854	trials	7.0	18399.738991000002	18400.925527	18404.881423	18405.668659	18395.226078	18403.613467	18405.542	18408.208	1.0	1.0	1.0	1.0					
18412.222	7.994999999998981	trials	7.0	18416.267049000002	18417.785724	18419.897113	18420.106827	18415.673870000002	18418.399704			1.0	2.0	0.0	3.0					
18424.227	13.010000000002037	trials	7.0	18429.795727	18431.180247	18435.872353000002	18436.425463	18428.922907	18434.231341000002			1.0	2.0	0.0	3.0					
18438.212	13.430000000000291	trials	7.0	18439.803573	18441.307777	18450.004236	18450.703891	18437.237943	18443.718510000002			1.0	1.0	0.0	3.0					
18453.342	6.619999999998981	trials	7.0	18454.91559	18456.381661	18458.294085	18458.751581	18451.641276000002	18456.891892			1.0	2.0	0.0	3.0					
18460.694	12.727999999999156	trials	7.0	18462.46033	18464.315284	18472.868368	18473.422761	18459.961063000002	18469.535229			1.0	2.0	0.0	3.0					
18477.242	23.235000000000582	trials	7.0	18479.888778	18481.68157	18497.47647	18498.073615	18479.242857	18489.267541	18498.197	18500.477	1.0	1.0	1.0	1.0					
18503.507	11.03399999999965	trials	7.0	18508.281750000002	18509.450122000002			18507.548310000002	18511.997779	18513.913	18514.541	2.0		1.0	1.0					
18516.573	12.953999999997905	trials	7.0	18522.812705	18524.030416	18528.017923	18528.601354000002	18522.196783	18526.680879			1.0	1.0	0.0	3.0					
18532.408	8.356999999999971	trials	7.0	18534.314044000002	18535.921455	18538.947135000002	18539.675568000002	18529.527245	18535.917658000002			1.0		0.0	2.0					
18541.002	6.7150000000001455	trials	7.0	18543.033918	18544.364641			18540.762010000002	18545.369461000002	18547.163	18547.717	2.0		1.0	1.0					
18549.817	10.221000000001368	trials	7.0	18554.925487	18556.216057			18554.10242	18557.908381	18559.598	18560.038	2.0		1.0	1.0					
18563.059	13.483000000000175	trials	7.0	18570.357553	18571.990668000002	18574.913896000002	18575.581455	18569.591778	18572.538607000002			1.0	2.0	0.0	3.0					
18577.248	9.609000000000378	trials	7.0	18578.92961	18580.300861	18585.284502000002	18585.839218	18576.541194	18584.243011000002			1.0	1.0	0.0	3.0					
18588.632	7.4909999999981665	trials	7.0	18590.457399	18591.918175	18595.531450000002	18596.123506	18586.857480000002	18591.910221000002			1.0		0.0	2.0					
18596.942	20.9900000000016	trials	7.0	18611.599420000002	18613.578184			18610.751152	18614.975577	18616.827	18617.932	2.0		1.0	1.0					
18620.952	14.965000000000146	trials	7.0	18627.34517	18629.145916	18632.562505	18633.295796000002	18626.36016	18630.562468	18633.262	18635.917	1.0	1.0	1.0	1.0					
18639.937	8.024999999997817	trials	7.0	18642.055107	18643.75188	18646.363426	18646.979715	18641.244727	18644.966888			1.0	1.0	0.0	3.0					
18648.702	8.536000000000058	trials	7.0	18650.497929	18652.38526	18655.719322	18656.464579	18647.963766	18654.212763			1.0	2.0	0.0	3.0					
18659.288	6.3289999999979045	trials	7.0	18660.829120000002	18662.481788			18657.23755	18663.398134	18665.212	18665.417	2.0		1.0	1.0					
18670.082	9.690000000002328	trials	7.0	18672.210543	18674.096689	18677.216923	18677.77261	18671.384104	18675.072979	18678.047	18679.772	1.0	2.0	1.0	1.0					
18682.817	9.690000000002328	trials	7.0	18685.634949	18687.143576000002	18691.018302	18691.637048	18684.950419	18688.700532			1.0	2.0	0.0	3.0					
18694.361	6.560999999997875	trials	7.0	18696.366168	18698.047720000002			18692.507284	18698.705074	18700.512	18700.922	2.0		1.0	1.0					
18702.954	12.29399999999805	trials	7.0	18708.211666	18710.181274000002	18711.989083	18713.015137000002	18707.414841	18710.789	18712.762	18715.248	1.0	1.0	1.0	1.0					
18717.283	11.343000000000757	trials	7.0	18722.757534	18724.411399	18726.847948000002	18727.499822	18722.121889000002	18725.667194			1.0	2.0	0.0	3.0					
18731.221	8.770999999997002	trials	7.0	18732.800438000002	18734.161497	18736.742176	18737.68143	18728.6236	18735.301051000002	18737.507	18739.992	1.0	1.0	1.0	1.0					
18742.007	7.555999999996857	trials	7.0	18747.282645	18747.551298000002			18746.32533	18747.541516			1.0		0.0	2.0					
