onset	duration	nwb_table	block	tone_on_time	tone_off_time	action_on_time	action_off_time	pokeC_on_time	pokeC_off_time	reward_on_time	reward_off_time	state	action	reward	result	FinishedBlock	FirstTrial	LastTrial	RewardRule_L	RewardRule_R
2.556	1417.404	BlockDesign														1.0	1.0	128.0	50.0	10.0
2.556	11.582999999999998	trials	1.0	10.261342	11.621922	13.027278	13.500828	9.625	11.964298			1.0	2.0	0.0	3.0					
16.369	8.385000000000002	trials	1.0	18.422167	19.001944			14.142980999999999	18.986997			1.0		0.0	2.0					
25.016	12.899000000000001	trials	1.0	32.500377	34.36714	36.064445	36.619053	31.914475000000003	35.135386			1.0	1.0	0.0	3.0					
38.404	5.959999999999994	trials	1.0	40.410879	41.543872			37.917851	42.149995	44.009	44.364	2.0		1.0	1.0					
48.384	6.555	trials	1.0	51.217472	52.322881			50.352828	52.815072	54.585	54.829	2.0		1.0	1.0					
58.451	9.243000000000002	trials	1.0	61.405805	62.667060000000006	65.767004	66.103814	60.735427	64.849183	66.514	67.694	1.0	1.0	1.0	1.0					
69.756	7.438000000000002	trials	1.0	73.342439	75.127732			72.794824	75.119476			2.0		0.0	2.0					
80.204	6.470000000000013	trials	1.0	82.611088	84.352878			80.470972	84.402211	86.369	86.439	2.0		1.0	1.0					
91.141	5.827999999999989	trials	1.0	92.846431	94.053097	95.48076	95.948201	91.199026	94.570722			1.0	2.0	0.0	3.0					
98.824	3.9309999999999974	trials	1.0	100.386372	100.748224			96.972347	100.7391			1.0		0.0	2.0					
104.79	11.653999999999996	trials	1.0	107.021155	108.450312	114.358093	114.907513	106.473559	113.554143	115.059	116.444	1.0	2.0	1.0	1.0					
119.464	7.201000000000008	trials	1.0	121.991025	123.680299	125.290249	125.798388	121.219183	124.323303			1.0	2.0	0.0	3.0					
129.625	5.88900000000001	trials	1.0	131.176882	132.457546	133.972674	134.617465	126.66786300000001	132.911019			1.0	1.0	0.0	3.0					
136.344	10.187000000000012	trials	1.0	137.950971	139.5511			135.520102	139.845745	141.694	141.869	2.0		1.0	1.0					
146.639	5.939999999999998	trials	1.0	148.32033	149.500387	151.387242	151.87108	146.538207	150.489829			1.0	2.0	0.0	3.0					
153.82	7.5589999999999975	trials	1.0	155.821406	157.594471	159.298908	159.945709	152.584431	158.375823			1.0	1.0	0.0	3.0					
163.674	5.1699999999999875	trials	1.0	165.383085	166.841257			161.383219	166.832314			2.0		0.0	2.0					
171.859	9.019999999999982	trials	1.0	173.625996	175.607995	179.647404	180.256957	171.931954	178.743108			1.0	2.0	0.0	3.0					
182.984	6.444999999999993	trials	1.0	184.516942	185.443329			180.885751	185.439418			1.0		0.0	2.0					
189.519	4.949999999999989	trials	1.0	191.361699	192.408258			189.434494	192.404017			1.0		0.0	2.0					
197.5	14.258999999999986	trials	1.0	208.107417	209.633928	211.199448	211.763714	207.155791	210.376101			1.0	2.0	0.0	3.0					
213.579	11.631	trials	1.0	219.052048	220.068342	224.073931	224.59978	218.172571	222.393156			1.0	2.0	0.0	3.0					
228.598	5.800999999999988	trials	1.0	230.336292	231.683829	232.718097	233.496384	225.216465	231.778309			1.0	1.0	0.0	3.0					
235.049	6.259999999999991	trials	1.0	236.586192	238.127911	240.669043	241.314421	234.401914	239.874304			1.0	2.0	0.0	3.0					
245.024	14.560999999999979	trials	1.0	248.647311	249.8715	257.256589	257.95376	248.069098	256.181741	258.024	259.585	1.0	1.0	1.0	1.0					
262.65	9.104000000000042	trials	1.0	265.927516	267.363373	269.3589	270.079888	265.324498	268.480442	270.144	271.754	1.0	1.0	1.0	1.0					
273.814	10.84499999999997	trials	1.0	279.312111	281.094793			278.753212	282.541602	284.319	284.409	2.0		1.0	1.0					
288.189	8.364999999999952	trials	1.0	291.746479	293.436121	295.198527	295.818403	290.869954	293.92129			1.0	1.0	0.0	3.0					
297.54	5.794999999999959	trials	1.0	299.111847	300.723792	302.004775	302.505189	296.561475	300.756872			1.0	2.0	0.0	3.0					
305.379	7.279999999999973	trials	1.0	307.161709	309.078171	310.477545	311.010829	303.340002	309.360294	311.234	312.659	1.0	1.0	1.0	1.0					
314.681	8.273000000000025	trials	1.0	318.593438	320.117181	321.580255	322.283524	317.900357	320.612448			1.0	1.0	0.0	3.0					
323.909	6.889999999999986	trials	1.0	325.786896	327.088609	330.244291	330.803775	322.960164	329.074974			1.0	2.0	0.0	3.0					
334.6	12.843999999999994	trials	1.0	342.298753	344.319796			341.358937	345.180222	347.094	347.444	2.0		1.0	1.0					
350.509	10.914999999999964	trials	1.0	354.897251	356.788924	360.183817	360.69679	354.167182	358.142632			1.0	2.0	0.0	3.0					
363.519	5.96999999999997	trials	1.0	365.47276	366.833904	368.372017	368.959231	361.429725	366.829813			1.0		0.0	2.0					
372.844	4.730000000000018	trials	1.0	374.398	375.56931			369.49543	375.563782			1.0		0.0	2.0					
381.585	5.3040000000000305	trials	1.0	383.513124	384.885817			377.451276	384.880665			2.0		0.0	2.0					
389.899	10.810999999999979	trials	1.0	393.002487	394.623664	399.363364	400.043747	392.094991	398.309866			1.0	1.0	0.0	3.0					
401.695	5.954000000000008	trials	1.0	403.62805	405.088873	406.926155	407.65294	400.713096	405.776827			1.0	2.0	0.0	3.0					
409.251	11.723000000000013	trials	1.0	413.032694	415.081833	418.941242	419.406241	412.350838	418.161288	419.729	420.974	1.0	1.0	1.0	1.0					
424.04	8.178999999999974	trials	1.0	426.677808	428.61679	430.087804	430.517713	425.988196	429.158887	430.829	432.219	1.0	1.0	1.0	1.0					
435.239	12.410000000000025	trials	1.0	440.822769	442.819246	444.543841	445.338582	440.249343	443.649531	445.25	447.649	1.0	1.0	1.0	1.0					
449.709	10.250999999999976	trials	1.0	453.997632	455.306389	457.078756	457.92495	453.324061	456.113101	457.864	459.96	1.0	1.0	1.0	1.0					
461.78	12.004000000000019	trials	1.0	467.607832	469.459059	471.395316	472.142788	466.912564	470.393212	472.169	473.784	1.0	1.0	1.0	1.0					
476.804	8.25	trials	1.0	479.93293	480.984276			479.333326	482.081581	484.814	484.929	2.0		1.0	1.0					
487.629	7.779999999999973	trials	1.0	491.017949	492.806479	494.538982	495.414544	490.289225	493.441408			1.0	1.0	0.0	3.0					
498.915	10.625	trials	1.0	505.134285	506.429908			504.515982	507.336429	509.194	509.354	2.0		1.0	1.0					
513.984	6.714999999999918	trials	1.0	515.799161	517.468704	519.164299	519.912584	514.609669	518.031143			1.0	1.0	0.0	3.0					
523.494	10.944999999999936	trials	1.0	525.143492	526.619765	530.09556	530.62983	520.703535	528.992308			1.0	2.0	0.0	3.0					
534.684	8.31000000000006	trials	1.0	537.24784	538.720974	542.563687	543.000893	536.669148	541.671763			1.0	2.0	0.0	3.0					
545.889	10.696000000000026	trials	1.0	551.898054	553.47535			551.174766	554.407237	556.149	556.424	2.0		1.0	1.0					
561.039	8.19500000000005	trials	1.0	563.023003	564.755367	566.795671	567.586678	562.125415	565.886187	567.574	569.234	1.0	1.0	1.0	1.0					
573.294	7.310000000000059	trials	1.0	574.988346	576.722895	578.144326	579.027339	573.882976	577.207936	578.809	580.604	1.0	1.0	1.0	1.0					
584.625	6.303999999999974	trials	1.0	586.473598	587.604381			585.476119	588.844668	590.564	590.929	2.0		1.0	1.0					
592.949	8.841000000000008	trials	1.0	596.814556	598.831121	600.656946	601.159332	595.856803	599.580586			1.0	2.0	0.0	3.0					
603.029	7.215000000000032	trials	1.0	604.603651	605.982067	607.745115	608.434501	601.798786	606.712734	608.384	610.244	1.0	1.0	1.0	1.0					
613.314	8.290000000000077	trials	1.0	615.924762	617.874787	620.466082	620.990785	615.229147	618.164615			1.0	2.0	0.0	3.0					
622.804	5.835000000000036	trials	1.0	624.425139	625.827029	627.358639	628.037931	621.61085	626.542569			1.0	1.0	0.0	3.0					
630.7	5.12399999999991	trials	1.0	632.228364	633.696504	635.253598	635.83258	628.648602	634.224286			1.0	2.0	0.0	3.0					
637.639	13.134999999999991	trials	1.0	641.823498	643.696042	648.247019	649.075041	641.220102	647.148963	648.989	650.774	1.0	1.0	1.0	1.0					
653.799	6.94500000000005	trials	1.0	656.533606	657.669859			655.790853	658.577975	660.349	660.629	2.0		1.0	1.0					
663.254	9.879999999999995	trials	1.0	668.50297	669.610107	671.751403	672.475614	667.638262	670.869394			1.0	1.0	0.0	3.0					
675.076	5.987999999999943	trials	1.0	676.838195	677.995566			673.14105	678.848908	680.689	680.794	2.0		1.0	1.0					
684.524	7.235000000000014	trials	1.0	686.424999	687.982237	689.259112	690.037417	685.145245	688.31213	689.969	691.759	1.0	1.0	1.0	1.0					
695.779	9.044999999999959	trials	1.0	698.083246	699.589651	702.283209	703.053409	697.291733	701.238667	703.079	704.824	1.0	1.0	1.0	1.0					
708.844	6.905999999999949	trials	1.0	711.443737	713.496428	714.787912	715.754637	710.544192	713.727585			1.0	1.0	0.0	3.0					
717.129	10.965000000000032	trials	1.0	722.648647	724.0833	726.636936	727.53634	722.058343	725.553532			1.0	2.0	0.0	3.0					
730.014	7.0049999999999955	trials	1.0	731.675317	733.288571	734.478498	735.368608	728.098636	733.419878	735.189	737.019	1.0	1.0	1.0	1.0					
741.042	5.70799999999997	trials	1.0	742.679353	744.31563	745.353531	746.098429	741.565537	744.566492			1.0	1.0	0.0	3.0					
749.7	5.884999999999991	trials	1.0	751.679197	752.864691			746.754625	753.014287	754.904	755.585	2.0		1.0	1.0					
758.274	6.904999999999973	trials	1.0	760.300347	761.891215	763.941078	764.63829	759.475518	762.619363			1.0	1.0	0.0	3.0					
766.314	5.884999999999991	trials	1.0	767.878853	768.940612			765.184969	769.999672	771.909	772.009	2.0		1.0	1.0					
774.729	16.75999999999999	trials	1.0	784.095471	785.862091	791.443624	791.495801	783.095184	785.853688			1.0		0.0	2.0					
791.88	6.219000000000051	trials	1.0	793.529165	795.493006	797.510741	798.104501	792.37834	796.58787			1.0	2.0	0.0	3.0					
800.839	17.489999999999895	trials	1.0	804.359073	805.568134	815.9602	816.238161	803.632933	809.014537	816.714	818.329	1.0	1.0	1.0	1.0					
820.4	9.475000000000023	trials	1.0	823.97932	825.740682	827.331061	828.266133	823.225638	826.600847	828.079	829.875	1.0	1.0	1.0	1.0					
833.899	5.82000000000005	trials	1.0	835.869081	837.210685			834.684867	837.650217	839.429	839.509	2.0		1.0	1.0					
843.29	6.625	trials	1.0	845.119174	847.175766	849.002578	849.92389	844.545855	848.101744			1.0	1.0	0.0	3.0					
853.369	12.639999999999986	trials	1.0	861.53901	863.000981			860.784712	863.88566	865.724	865.875	2.0		1.0	1.0					
868.609	8.834999999999923	trials	1.0	872.239296	874.137346			871.501744	874.954555	877.159	877.335	2.0		1.0	1.0					
879.964	11.2349999999999	trials	1.0	882.999151	885.014167	888.625048	889.425964	882.036252	887.384328	889.275	891.199	1.0	1.0	1.0	1.0					
895.259	6.9950000000000045	trials	1.0	897.164119	898.255677			896.652201	899.412288	901.875	902.254	2.0		1.0	1.0					
905.319	8.940000000000055	trials	1.0	907.890025	909.163442	912.512368	913.51545	907.146007	911.266459			1.0	1.0	0.0	3.0					
916.839	6.214999999999918	trials	1.0	918.650169	920.387453	921.702361	922.255506	914.267362	920.463172			1.0	2.0	0.0	3.0					
924.016	5.888000000000034	trials	1.0	925.994275	927.233266	928.478649	929.202474	923.060262	927.609727			1.0	1.0	0.0	3.0					
931.801	4.927999999999997	trials	1.0	933.485032	935.026309	936.231852	936.736306	929.911018	935.303971			1.0	2.0	0.0	3.0					
940.554	8.906000000000063	trials	1.0	944.386191	946.146841			943.481254	947.193909	949.091	949.384	2.0		1.0	1.0					
951.961	7.02800000000002	trials	1.0	954.4947	956.116334			953.7201	956.790602	958.639	958.989	2.0		1.0	1.0					
962.049	7.894999999999982	trials	1.0	963.974844	965.14664	968.537866	969.223047	963.387304	967.47768			1.0	1.0	0.0	3.0					
972.92	6.484000000000037	trials	1.0	974.765136	976.06161	978.284041	978.828465	969.950442	976.545613			1.0	2.0	0.0	3.0					
980.619	7.610000000000014	trials	1.0	982.541656	983.627044	985.990512	986.487149	979.413119	985.101892	986.734	988.229	1.0	1.0	1.0	1.0					
990.294	8.634999999999991	trials	1.0	994.015782	995.217079	997.492498	998.171058	993.30408	996.614643			1.0	1.0	0.0	3.0					
1000.85	6.218999999999937	trials	1.0	1002.620191	1004.069593			998.937343	1004.928568	1006.774	1006.839	2.0		1.0	1.0					
1011.661	6.018000000000029	trials	1.0	1013.239707	1015.222353	1016.539912	1017.076579	1011.663213	1015.572501			1.0	2.0	0.0	3.0					
1019.915	6.739000000000033	trials	1.0	1021.459666	1022.950087	1024.4059200000002	1025.0737800000002	1017.687363	1023.5214279999999	1025.199	1026.654	1.0	1.0	1.0	1.0					
1029.674	7.451000000000022	trials	1.0	1031.8865230000001	1033.164934	1035.702354	1036.445378	1031.172802	1034.7957689999998			1.0	1.0	0.0	3.0					
1039.034	6.554999999999836	trials	1.0	1040.6008889999998	1041.9282280000002	1044.6069280000002	1045.016391	1037.1349030000001	1043.574673			1.0	2.0	0.0	3.0					
1046.973	6.780999999999949	trials	1.0	1048.9025470000001	1050.1125459999998	1051.590678	1052.087301	1045.597386	1050.611636	1052.335	1053.754	1.0	1.0	1.0	1.0					
1056.774	9.455000000000155	trials	1.0	1060.1107259999999	1061.7837	1063.588537	1064.3797020000002	1059.281869	1062.542934	1064.309	1066.229	1.0	1.0	1.0	1.0					
1070.274	7.860000000000127	trials	1.0	1072.7550660000002	1074.5465829999998			1071.8263339999999	1074.5402560000002			1.0		0.0	2.0					
1078.619	7.830000000000155	trials	1.0	1080.4716939999998	1082.3970490000002	1083.8764569999998	1084.6062689999999	1078.1435099999999	1083.0165149999998	1084.509	1086.449	1.0	1.0	1.0	1.0					
1089.514	7.7560000000000855	trials	1.0	1092.6102409999999	1094.152035	1095.7314959999999	1096.53811	1091.6093460000002	1094.744232			1.0	1.0	0.0	3.0					
1100.079	6.059999999999945	trials	1.0	1101.920489	1103.242253	1104.440956	1104.972816	1097.2793889999998	1103.4716520000002			1.0	2.0	0.0	3.0					
1106.874	5.4249999999999545	trials	1.0	1108.8059349999999	1110.3007349999998			1106.1466169999999	1110.2928820000002			1.0		0.0	2.0					
1115.353	42.221000000000004	trials	1.0	1153.5520379999998	1154.8193959999999			1152.746052	1155.444094			2.0		1.0	1.0					
1162.141	7.87299999999982	trials	1.0	1164.860482	1166.31237	1168.803636	1169.417625	1163.951184	1167.9922029999998			1.0	1.0	0.0	3.0					
1171.125	5.719000000000051	trials	1.0	1172.7063130000001	1173.993082	1175.684396	1176.284501	1170.0226899999998	1174.84341			1.0	2.0	0.0	3.0					
1180.01	4.374000000000024	trials	1.0	1181.880145	1182.973509	1183.8234160000002	1184.3938469999998	1176.8519110000002	1182.994419			1.0	1.0	0.0	3.0					
1188.149	12.476000000000113	trials	1.0	1189.9058140000002	1191.243238	1199.635228	1200.128781	1189.275033	1195.7584350000002			1.0	2.0	0.0	3.0					
1201.96	5.164999999999964	trials	1.0	1203.802431	1205.127489			1200.630501	1205.122222			1.0		0.0	2.0					
1209.134	5.004999999999882	trials	1.0	1211.1557520000001	1212.139302			1206.2403570000001	1212.131422			1.0		0.0	2.0					
1217.194	9.096000000000004	trials	1.0	1219.1509529999998	1220.8828859999999	1223.9673360000002	1224.6426700000002	1218.4737180000002	1223.0564800000002	1224.704	1226.29	1.0	1.0	1.0	1.0					
1228.356	7.479000000000042	trials	1.0	1231.3085380000002	1232.7564149999998	1234.624879	1235.2294499999998	1230.6054669999999	1233.8277269999999			1.0	1.0	0.0	3.0					
1238.95	5.538999999999987	trials	1.0	1240.536207	1241.7362349999999			1235.844639	1242.2881229999998	1244.214	1244.314	2.0		1.0	1.0					
1248.059	6.694999999999936	trials	1.0	1249.7408340000002	1250.873223	1252.4655240000002	1253.118856	1248.7088290000002	1251.644476	1253.194	1254.754	1.0	1.0	1.0	1.0					
1257.774	8.900000000000091	trials	1.0	1260.5312279999998	1261.6450089999998	1264.02607	1264.897356	1259.7840970000002	1262.6033320000001	1264.729	1266.674	1.0	1.0	1.0	1.0					
1269.694	7.620000000000118	trials	1.0	1272.3512190000001	1274.294448			1271.667457	1275.0708180000001	1277.0	1277.129	2.0		1.0	1.0					
1279.848	12.391000000000076	trials	1.0	1283.141365	1284.9113830000001			1282.1920449999998	1285.8641739999998	1287.579	1287.804	2.0		1.0	1.0					
1292.439	6.475999999999885	trials	1.0	1294.0810860000001	1295.4783419999999	1297.8988	1298.7612130000002	1292.2462139999998	1296.9102010000001			1.0	1.0	1.0	1.0					
1302.439	10.544999999999845	trials	1.0	1309.3066469999999	1310.578063	1312.3464549999999	1312.993407	1308.305331	1311.2187009999998			1.0	1.0	0.0	3.0					
1316.669	19.194999999999936	trials	1.0	1331.0364570000002	1332.9189419999998			1330.115185	1332.9063999999998			2.0		0.0	2.0					
1336.929	14.664999999999964	trials	1.0	1338.5975130000002	1340.232204	1350.5778850000002	1351.0008269999998	1335.872422	1341.0652289999998			1.0	2.0	0.0	3.0					
1354.899	7.805000000000064	trials	1.0	1356.731941	1357.7886349999999			1351.601538	1357.7792410000002			1.0		0.0	2.0					
1362.849	17.965000000000146	trials	1.0	1374.651687	1376.34794	1378.2277089999998	1379.0953020000002	1373.916229	1377.246322	1378.939	1380.814	1.0	1.0	1.0	1.0					
1382.835	12.043999999999869	trials	1.0	1386.027373	1387.4682509999998			1385.163418	1388.222511	1390.5	1390.579	2.0		1.0	1.0					
1395.25	5.273999999999887	trials	1.0	1396.876549	1398.0933839999998	1399.8459899999998	1400.534686	1394.891427	1398.8240759999999			1.0	1.0	0.0	3.0					
1402.207	9.511999999999944	trials	1.0	1405.097925	1406.628123	1409.439015	1410.078325	1404.3566879999998	1408.5976110000001	1410.184	1411.719	1.0	1.0	1.0	1.0					
1413.742	6.218000000000075	trials	1.0	1416.9822129999998	1418.2081779999999	1419.9140699999998	1420.9505279999998	1416.247293	1418.9862280000002			1.0	1.0	0.0	3.0					
1422.26	297.789	BlockDesign														1.0	129.0	153.0	90.0	50.0
1422.26	12.223999999999933	trials	2.0	1427.321883	1429.6330240000002	1431.5536470000002	1432.4225219999998	1426.532127	1430.789773	1432.335	1434.484	1.0	1.0	1.0	1.0					
1438.554	10.409999999999854	trials	2.0	1441.3032119999998	1443.361473	1446.282216	1447.2335349999998	1440.721771	1445.0029949999998	1447.069	1448.964	1.0	1.0	1.0	1.0					
1451.984	8.641000000000076	trials	2.0	1455.5170119999998	1457.0878389999998	1459.184761	1459.964343	1454.6991699999999	1458.3366			1.0	1.0	0.0	3.0					
1462.569	5.721000000000004	trials	2.0	1464.1471499999998	1465.290543			1460.633371	1466.041597	1467.984	1468.074	2.0		1.0	1.0					
1470.824	10.085000000000036	trials	2.0	1475.263543	1476.515022	1478.392179	1479.139204	1474.467607	1477.3246020000001	1479.174	1480.909	1.0	1.0	1.0	1.0					
1482.978	10.317999999999984	trials	2.0	1487.0372590000002	1488.688951	1490.398251	1491.401307	1486.3455640000002	1489.361391	1491.204	1493.296	1.0	1.0	1.0	1.0					
1497.367	8.642000000000053	trials	2.0	1499.598399	1501.5686770000002	1503.327279	1504.361554	1498.648486	1502.2951600000001	1504.139	1506.009	1.0	1.0	1.0	1.0					
1508.072	8.882000000000062	trials	2.0	1511.9735099999998	1513.140039			1511.268442	1514.8104549999998	1516.524	1516.889	2.0		1.0	1.0					
1520.469	9.470000000000027	trials	2.0	1525.617122	1527.2614119999998	1528.668192	1529.2610249999998	1524.757	1527.7191269999998			1.0	2.0	0.0	3.0					
1531.001	6.798000000000002	trials	2.0	1532.8320749999998	1534.3337080000001	1535.4861609999998	1536.1396140000002	1529.947357	1534.567786	1536.194	1537.799	1.0	1.0	1.0	1.0					
1540.869	9.384999999999991	trials	2.0	1543.8419509999999	1545.248833	1547.5739429999999	1548.4552410000001	1543.08291	1546.8121689999998	1548.415	1550.254	1.0	1.0	1.0	1.0					
1553.324	7.8409999999998945	trials	2.0	1555.7824810000002	1557.196857	1558.588432	1559.5098750000002	1554.969553	1557.7758359999998	1559.274	1561.165	1.0	1.0	1.0	1.0					
1565.229	7.7999999999999545	trials	2.0	1567.7380950000002	1568.8504440000002	1570.2348390000002	1571.255967	1566.8079910000001	1569.3937230000001	1571.125	1573.029	1.0	1.0	1.0	1.0					
1577.049	12.240999999999985	trials	2.0	1579.11739	1580.324466	1582.7588970000002	1583.6941660000002	1578.297505	1581.8055610000001	1583.534	1585.399	1.0	1.0	1.0	1.0					
1589.494	5.605000000000018	trials	2.0	1591.3128299999998	1592.593851			1589.303371	1593.067215	1594.909	1595.074	2.0		1.0	1.0					
1597.665	9.969000000000051	trials	2.0	1599.417411	1601.1354219999998	1604.8429110000002	1605.763309	1598.7867540000002	1603.5227009999999	1605.654	1607.634	1.0	1.0	1.0	1.0					
1610.7	9.214999999999918	trials	2.0	1613.2375809999999	1614.939328	1617.2264519999999	1617.9285209999998	1612.608546	1616.421417	1618.069	1619.915	1.0	1.0	1.0	1.0					
1623.984	9.654999999999973	trials	2.0	1626.497452	1627.611648	1630.992793	1631.633734	1625.6622889999999	1629.399319	1631.799	1633.639	1.0	1.0	1.0	1.0					
1637.692	10.821999999999889	trials	2.0	1641.568639	1642.8719500000002	1645.6875850000001	1646.591394	1640.628243	1644.872019	1646.369	1648.514	1.0	1.0	1.0	1.0					
1650.54	12.288999999999987	trials	2.0	1657.4739760000002	1658.629879	1661.0104919999999	1662.011351	1656.9487720000002	1659.8827959999999			1.0	1.0	0.0	3.0					
1664.337	8.606999999999971	trials	2.0	1666.0232259999998	1667.7398429999998	1671.402529	1672.0820410000001	1662.8416320000001	1670.1034730000001			1.0	2.0	0.0	3.0					
1674.814	6.1599999999998545	trials	2.0	1676.5075270000002	1678.164436			1672.9556069999999	1678.8473250000002	1680.519	1680.804	2.0		1.0	1.0					
1684.524	6.650000000000091	trials	2.0	1686.3424949999999	1687.859634			1685.7903959999999	1689.1082580000002	1690.934	1691.099	2.0		1.0	1.0					
1693.75	11.125	trials	2.0	1696.639491	1698.5342500000002	1701.8803119999998	1702.8930930000001	1696.0574740000002	1700.7961919999998	1702.619	1704.875	1.0	1.0	1.0	1.0					
1708.897	11.152000000000044	trials	2.0	1712.4129990000001	1713.7955769999999	1717.119873	1718.0979309999998	1711.5230700000002	1716.103866	1717.769	1720.049	1.0	1.0	1.0	1.0					
1723.124	1155.14	BlockDesign														1.0	154.0	260.0	10.0	50.0
1723.124	12.529999999999973	trials	3.0	1729.808388	1731.8803870000002	1733.758531	1734.6570609999999	1729.2639009999998	1732.678965			1.0	1.0	0.0	3.0					
1736.085	7.1440000000000055	trials	3.0	1737.8729680000001	1739.3196670000002			1735.6630449999998	1740.9178659999998	1742.769	1743.229	2.0		1.0	1.0					
1746.296	10.072999999999865	trials	3.0	1748.837869	1750.658524	1753.3986180000002	1754.552025	1748.229519	1752.395936	1754.129	1756.369	1.0	1.0	1.0	1.0					
1760.394	10.559999999999945	trials	3.0	1764.333111	1766.2093300000001	1769.3020179999999	1770.186823	1763.821606	1768.3688579999998			1.0	1.0	0.0	3.0					
1772.571	9.452999999999975	trials	3.0	1774.333219	1775.609457	1779.793419	1780.3253129999998	1770.964609	1778.676465	1780.484	1782.024	1.0	2.0	1.0	1.0					
1785.044	9.014999999999873	trials	3.0	1788.828222	1790.4402420000001			1788.110517	1791.7857009999998	1793.739	1793.879	2.0		1.0	1.0					
1796.625	11.213999999999942	trials	3.0	1799.12806	1800.7498190000001	1806.1387920000002	1807.1209629999998	1798.576227	1804.9621080000002			1.0	1.0	0.0	3.0					
1808.46	7.128999999999905	trials	3.0	1810.4678829999998	1812.20998	1814.292669	1814.8651289999998	1807.8517499999998	1813.050147			1.0	2.0	0.0	3.0					
1817.624	8.836000000000013	trials	3.0	1819.6133519999998	1820.892483	1824.9118170000002	1825.894046	1815.6009119999999	1823.843836			1.0	1.0	0.0	3.0					
1829.239	9.754999999999882	trials	3.0	1830.9135580000002	1832.1455190000001	1835.0116050000001	1835.5973009999998	1826.470582	1832.7432720000002			1.0	2.0	0.0	3.0					
1839.389	7.595000000000027	trials	3.0	1842.753232	1844.4452999999999	1845.8790549999999	1846.241727	1842.096763	1844.7390540000001			1.0	2.0	1.0	1.0					
1849.494	11.835000000000036	trials	3.0	1855.698637	1857.3301179999999	1859.464782	1860.2592100000002	1855.0295489999999	1858.5500339999999			1.0	1.0	0.0	3.0					
1861.832	6.026999999999816	trials	3.0	1863.628683	1864.865643	1867.581589	1867.86847	1861.33993	1864.8605830000001			1.0		0.0	2.0					
1870.934	8.839999999999918	trials	3.0	1873.5444699999998	1875.342444			1872.895435	1877.067027	1878.779	1879.774	2.0		1.0	1.0					
1882.794	7.264999999999873	trials	3.0	1884.7933659999999	1886.4681340000002			1883.8740630000002	1887.372657	1889.074	1890.059	2.0		1.0	1.0					
1892.0	7.439000000000078	trials	3.0	1895.555127	1897.385338			1894.6529110000001	1897.380001			2.0		0.0	2.0					
1903.489	7.119999999999891	trials	3.0	1905.173676	1906.84474	1908.5544730000001	1908.894471	1903.5776770000002	1907.526574	1909.239	1910.609	1.0	2.0	1.0	1.0					
1914.649	6.936000000000149	trials	3.0	1917.2744189999999	1918.6966630000002	1920.488019	1921.0291390000002	1916.3847489999998	1918.691953			1.0		0.0	2.0					
1922.749	6.5750000000000455	trials	3.0	1924.71367	1926.444298	1927.792269	1928.744349	1921.596775	1926.6575010000001			1.0	1.0	0.0	3.0					
1931.134	6.0	trials	3.0	1932.6688100000001	1934.700154	1936.011208	1936.600602	1929.3362379999999	1935.1890400000002			1.0	2.0	0.0	3.0					
1938.339	4.690000000000055	trials	3.0	1939.968409	1941.0376689999998	1942.4461500000002	1943.041327	1937.1478200000001	1941.446155			1.0	1.0	0.0	3.0					
1945.779	14.045000000000073	trials	3.0	1952.623704	1954.4268579999998	1957.325205	1958.1510779999999	1951.7875920000001	1956.5184960000001	1958.029	1959.824	1.0	1.0	1.0	1.0					
1962.849	6.5499999999999545	trials	3.0	1964.4689469999998	1966.3477990000001	1968.143803	1968.8218660000002	1963.766548	1967.396721			1.0	2.0	0.0	3.0					
1972.469	6.024999999999864	trials	3.0	1974.05571	1976.0921709999998			1969.40992	1976.032906	1977.744	1978.494	2.0		1.0	1.0					
1980.514	8.77000000000021	trials	3.0	1983.1590689999998	1984.2761460000002	1987.121314	1987.7849259999998	1982.2035460000002	1985.881065	1987.814	1989.284	1.0	2.0	1.0	1.0					
1993.305	6.92899999999986	trials	3.0	1994.9843700000001	1996.700812	1998.272751	1998.598509	1993.3599640000002	1997.391552	1999.099	2000.234	1.0	2.0	1.0	1.0					
2002.299	8.740999999999985	trials	3.0	2005.338972	2006.6916030000002			2004.605196	2008.86591	2010.534	2010.654	2.0		1.0	1.0					
2013.469	8.710000000000036	trials	3.0	2015.6994300000001	2017.0053039999998	2020.0197309999999	2020.5978100000002	2015.1691660000001	2018.994678	2020.844	2022.179	1.0	2.0	1.0	1.0					
2024.209	8.605000000000018	trials	3.0	2027.266008	2029.151394	2030.515135	2031.1136499999998	2026.739595	2029.6563660000002	2031.344	2032.814	1.0	2.0	1.0	1.0					
2035.834	7.649999999999864	trials	3.0	2037.6742869999998	2038.8830469999998			2036.87136	2040.5344260000002	2043.049	2043.429	2.0		1.0	1.0					
2045.921	6.843000000000075	trials	3.0	2048.3508690000003	2050.3310100000003	2051.539666	2052.181711	2047.702045	2050.759036			1.0	2.0	0.0	3.0					
2054.899	6.575000000000273	trials	3.0	2056.749339	2058.135964	2061.223167	2061.488977	2052.777868	2058.133597			1.0		0.0	2.0					
2063.21	14.778999999999996	trials	3.0	2068.64473	2070.326254	2076.6457330000003	2077.297219	2068.1159150000003	2075.271595			1.0	1.0	0.0	3.0					
2080.008	7.486000000000331	trials	3.0	2081.954683	2083.6466170000003	2085.481354	2085.963349	2078.002269	2084.600878	2086.114	2087.494	1.0	2.0	1.0	1.0					
2091.514	6.004999999999654	trials	3.0	2093.5299880000002	2094.919782			2091.6242500000003	2095.226122	2097.224	2097.295	2.0		1.0	1.0					
2100.009	7.485000000000127	trials	3.0	2102.374491	2103.4210040000003	2105.620848	2105.94924	2101.706589	2104.772325	2106.389	2107.494	1.0	2.0	1.0	1.0					
2110.589	7.201000000000022	trials	3.0	2113.141255	2114.286301			2112.216105	2114.9599940000003	2116.669	2117.79	2.0		1.0	1.0					
2121.849	7.125	trials	3.0	2123.375007	2125.345989			2122.791354	2126.312056	2128.559	2128.71	2.0		1.0	1.0					
2131.449	9.454999999999927	trials	3.0	2135.789863	2137.306446	2139.46573	2140.138923	2135.25955	2138.5952580000003			1.0	2.0	0.0	3.0					
2143.794	6.005000000000109	trials	3.0	2145.759349	2146.912312	2148.894556	2149.21168	2140.915414	2146.899772			1.0		0.0	2.0					
2150.979	4.765000000000327	trials	3.0	2152.7398120000003	2153.746866	2155.0467980000003	2155.4712600000003	2149.811646	2153.7429890000003			1.0		0.0	2.0					
2158.759	9.414999999999964	trials	3.0	2163.4149660000003	2164.7750410000003	2167.107847	2167.6145930000002	2162.6379230000002	2165.561443			1.0	2.0	0.0	3.0					
2170.432	5.662000000000262	trials	3.0	2172.334644	2173.725442	2174.7854780000002	2175.4942260000003	2168.189289	2173.9139840000003			1.0	1.0	0.0	3.0					
2179.119	5.074999999999818	trials	3.0	2180.969686	2182.1983330000003			2176.108389	2182.1946780000003			1.0		0.0	2.0					
2186.25	25.44900000000007	trials	3.0	2206.485192	2208.0247520000003	2209.860532	2210.635944	2205.669868	2208.591922			1.0	1.0	0.0	3.0					
2214.194	4.9650000000001455	trials	3.0	2216.1821170000003	2217.162433			2211.710743	2217.157389			1.0		0.0	2.0					
2223.169	9.570000000000164	trials	3.0	2226.556594	2228.158111	2230.451739	2231.1770340000003	2225.7216200000003	2229.6543690000003	2231.335	2232.739	1.0	1.0	1.0	1.0					
2235.847	7.2169999999996435	trials	3.0	2238.215049	2239.794037	2241.729586	2242.387489	2237.6171950000003	2240.644926			1.0	1.0	0.0	3.0					
2244.075	5.47400000000016	trials	3.0	2245.7108980000003	2247.616533	2249.055829	2249.5612690000003	2243.0773790000003	2248.185763			1.0	2.0	0.0	3.0					
2252.369	12.614999999999782	trials	3.0	2256.516928	2258.2075640000003	2263.055077	2263.518105	2255.789569	2261.932222	2263.739	2264.984	1.0	2.0	1.0	1.0					
2269.0	6.414999999999964	trials	3.0	2270.852088	2272.567657			2269.052349	2273.2005910000003	2275.014	2275.354	2.0		1.0	1.0					
2279.854	7.300000000000182	trials	3.0	2281.635292	2282.8638530000003	2285.8508580000002	2286.451716	2280.5522490000003	2284.772281			1.0	1.0	0.0	3.0					
2290.165	5.6340000000000146	trials	3.0	2291.816071	2293.3462870000003			2287.167723	2293.5255850000003	2295.299	2295.799	2.0		1.0	1.0					
2297.819	7.55600000000004	trials	3.0	2301.1655370000003	2302.261159			2300.581197	2302.8226170000003	2304.759	2305.375	2.0		1.0	1.0					
2307.279	8.824999999999818	trials	3.0	2310.320619	2311.8240840000003	2313.987982	2314.5373440000003	2309.609137	2313.0981500000003	2314.774	2316.104	1.0	2.0	1.0	1.0					
2318.159	8.42599999999993	trials	3.0	2321.651308	2322.865306	2325.30217	2325.6911840000002	2320.8754010000002	2323.734888			1.0	2.0	0.0	3.0					
2328.629	6.349999999999909	trials	3.0	2330.1960630000003	2332.243419	2333.68797	2334.34173	2326.601502	2332.638297			1.0	1.0	0.0	3.0					
2337.014	4.934999999999945	trials	3.0	2338.675186	2340.038512	2341.4921830000003	2341.9610820000003	2334.990373	2340.4084620000003			1.0	2.0	0.0	3.0					
2344.849	15.315999999999804	trials	3.0	2353.182339	2354.31244	2358.78015	2359.452556	2352.6437020000003	2356.6771790000003			1.0	1.0	0.0	3.0					
2361.094	23.014999999999873	trials	3.0	2362.936326	2364.135268	2382.964368	2383.606162	2360.1766190000003	2368.9886610000003			1.0	2.0	0.0	3.0					
2387.294	6.599999999999909	trials	3.0	2389.2109800000003	2390.7379530000003	2392.529517	2393.0211480000003	2384.124412	2391.427774			1.0	1.0	0.0	3.0					
2395.899	5.454999999999927	trials	3.0	2397.682675	2398.79446	2399.585881	2399.908614	2393.908429	2398.867972	2400.304	2401.354	1.0	2.0	1.0	1.0					
2405.419	5.8650000000002365	trials	3.0	2407.425691	2408.730958			2405.747437	2409.1675680000003	2411.029	2411.184	2.0		1.0	1.0					
2414.75	7.043999999999869	trials	3.0	2416.776886	2418.15364	2420.515179	2421.155214	2416.154907	2419.6579030000003			1.0	2.0	0.0	3.0					
2422.829	7.0349999999998545	trials	3.0	2424.5364560000003	2425.7488000000003	2427.7502750000003	2428.3042170000003	2421.809272	2426.789343	2428.324	2429.864	1.0	1.0	1.0	1.0					
2433.949	5.885999999999967	trials	3.0	2435.836311	2437.101862	2438.6734610000003	2439.304381	2434.6286410000002	2437.724701			1.0	1.0	0.0	3.0					
2442.994	3.7959999999998217	trials	3.0	2444.55073	2444.743332	2445.741492	2446.0078280000002	2439.8507830000003	2444.740347			1.0		0.0	2.0					
2449.845	12.914000000000215	trials	3.0	2453.4365150000003	2455.1792140000002	2461.1234560000003	2461.950879	2452.4994420000003	2459.16219			1.0	1.0	0.0	3.0					
2465.484	17.345000000000255	trials	3.0	2467.286154	2468.811639	2481.296143	2482.1230530000003	2462.7744110000003	2469.523338			1.0	1.0	0.0	3.0					
2483.6	6.065000000000055	trials	3.0	2485.492162	2487.325863			2482.8418340000003	2487.480787	2489.314	2489.54	2.0		1.0	1.0					
2492.114	13.05099999999993	trials	3.0	2496.241614	2497.2783640000002	2503.279845	2503.5590850000003	2495.233951	2502.130737	2503.984	2505.165	1.0	2.0	1.0	1.0					
2509.184	6.339999999999691	trials	3.0	2510.781775	2512.49692	2514.188583	2514.94093	2510.19033	2513.364562			1.0	2.0	0.0	3.0					
2517.549	6.2150000000001455	trials	3.0	2519.401645	2521.1688400000003	2522.38522	2522.9757	2515.540078	2521.58368			1.0	1.0	0.0	3.0					
2525.759	5.3400000000001455	trials	3.0	2527.4417120000003	2529.1052520000003	2529.894496	2530.0569720000003	2526.8804020000002	2529.092745			1.0		0.0	2.0					
2533.114	11.045000000000073	trials	3.0	2536.0183730000003	2537.099947	2543.1310470000003	2543.584518	2535.294159	2542.1213940000002			1.0	2.0	0.0	3.0					
2546.449	7.93100000000004	trials	3.0	2550.062184	2552.0642940000002			2549.2448710000003	2552.080057	2554.014	2554.38	2.0		1.0	1.0					
2556.439	9.375	trials	3.0	2559.902281	2561.3384690000003	2564.016501	2564.33947	2559.293983	2563.166964	2564.779	2565.814	1.0	2.0	1.0	1.0					
2569.864	6.929999999999836	trials	3.0	2571.658117	2573.4045770000002	2576.686915	2576.809846	2570.6107770000003	2573.395363			2.0		0.0	2.0					
2578.489	12.240999999999985	trials	3.0	2584.3122120000003	2586.1842380000003	2588.919361	2589.402952	2583.770829	2587.9787180000003	2589.574	2590.73	1.0	2.0	1.0	1.0					
2593.795	6.699000000000069	trials	3.0	2595.8621510000003	2597.938005			2594.9539210000003	2598.407295	2600.224	2600.369	2.0		1.0	1.0					
2604.037	5.812000000000353	trials	3.0	2605.822432	2607.348286			2605.267366	2607.7671680000003	2609.625	2609.704	2.0		1.0	1.0					
2614.364	6.885999999999967	trials	3.0	2616.0183620000003	2617.4486850000003	2619.190429	2619.634764	2614.4897730000002	2618.284815	2619.96	2621.25	1.0	2.0	1.0	1.0					
2623.314	8.325000000000273	trials	3.0	2627.024641	2628.6178600000003	2630.4557050000003	2630.9293000000002	2626.189101	2629.4775950000003			1.0	2.0	0.0	3.0					
2633.781	6.663000000000011	trials	3.0	2635.4618250000003	2637.257869	2639.214055	2639.8062800000002	2631.655143	2637.963882			1.0	1.0	0.0	3.0					
2641.584	8.126000000000204	trials	3.0	2643.3421900000003	2644.888597			2640.460171	2644.8847650000002			2.0		0.0	2.0					
2650.942	6.121999999999844	trials	3.0	2652.5370980000002	2654.449912	2656.247443	2656.589101	2649.722983	2654.4458130000003			1.0		0.0	2.0					
2659.454	5.255999999999858	trials	3.0	2661.8771340000003	2662.718902			2657.078928	2662.7072510000003			1.0		0.0	2.0					
2668.719	12.275000000000091	trials	3.0	2675.096977	2676.483201	2679.125395	2679.555601	2674.105725	2678.236488	2679.939	2680.994	1.0	2.0	1.0	1.0					
2685.009	7.800000000000182	trials	3.0	2687.582116	2689.174312	2691.650505	2692.250568	2686.8875550000002	2690.73127			1.0	2.0	0.0	3.0					
2695.969	4.8449999999998	trials	3.0	2697.63207	2698.764084			2692.824342	2698.754139			1.0		0.0	2.0					
2702.824	4.644999999999982	trials	3.0	2704.716957	2705.478208			2700.308869	2705.463412			1.0		0.0	2.0					
2709.524	8.565000000000055	trials	3.0	2713.1271110000002	2715.041008			2712.160794	2715.801049	2717.719	2717.835	2.0		1.0	1.0					
2721.606	7.032999999999902	trials	3.0	2723.148201	2724.338788	2727.4008830000002	2728.0905000000002	2722.480075	2726.464642			1.0	2.0	0.0	3.0					
2729.714	6.153000000000247	trials	3.0	2731.422705	2732.63902	2734.628185	2735.1518650000003	2728.654191	2733.799218			1.0	1.0	0.0	3.0					
2738.944	4.30600000000004	trials	3.0	2740.943329	2741.204988			2735.884594	2741.194042			1.0		0.0	2.0					
2745.259	12.900000000000091	trials	3.0	2748.493386	2749.7431850000003	2757.0995000000003	2757.63672	2747.534671	2756.095648			1.0	2.0	0.0	3.0					
2761.419	4.855000000000018	trials	3.0	2762.9978880000003	2764.279794	2765.1464410000003	2765.5624040000002	2758.17681	2764.269316			1.0		0.0	2.0					
2768.284	12.109999999999673	trials	3.0	2770.4674050000003	2771.895856	2779.2455480000003	2779.8827020000003	2769.9311820000003	2778.109249			1.0	2.0	0.0	3.0					
2782.604	5.470000000000255	trials	3.0	2784.148471	2785.96444	2787.219253	2787.5291460000003	2780.409048	2785.9532050000003			1.0		0.0	2.0					
2791.009	5.695000000000164	trials	3.0	2793.118054	2794.193683			2788.089847	2794.538271			2.0		1.0	1.0					
2801.264	8.440000000000055	trials	3.0	2804.5781340000003	2805.8648470000003	2807.785527	2808.1064100000003	2804.018149	2806.8835750000003	2808.625	2809.704	1.0	2.0	1.0	1.0					
2812.744	6.505999999999858	trials	3.0	2815.318416	2816.389443			2814.796785	2817.122272	2818.79	2818.974	2.0		1.0	1.0					
2821.695	9.358999999999924	trials	3.0	2823.952987	2825.695951	2828.321152	2828.813604	2823.2260420000002	2827.3128690000003	2828.989	2831.054	1.0	2.0	1.0	1.0					
2833.074	9.400000000000091	trials	3.0	2838.127711	2840.4247	2841.587452	2841.746166	2837.261415	2840.4221350000003			1.0		0.0	2.0					
2845.484	5.4650000000001455	trials	3.0	2847.80991	2848.955311			2846.8053370000002	2848.948627			1.0		0.0	2.0					
2854.974	10.129999999999654	trials	3.0	2858.328255	2859.709968	2862.988222	2863.5702530000003	2857.361335	2862.053872	2863.669	2865.104	1.0	2.0	1.0	1.0					
2867.125	11.139000000000124	trials	3.0	2872.632817	2873.870248	2875.572235	2876.150866	2871.6904750000003	2874.484288	2876.234	2878.264	1.0	2.0	1.0	1.0					
2881.341	324.09799999999996	BlockDesign														1.0	261.0	291.0	50.0	90.0
2881.341	11.597999999999956	trials	4.0	2886.8731310000003	2888.6241090000003	2891.849592	2892.4170520000002	2886.094674	2888.6178440000003			1.0		0.0	2.0					
2893.674	6.545000000000073	trials	4.0	2895.560026	2896.8202300000003	2898.91881	2899.4951100000003	2892.953503	2897.887032			1.0	1.0	0.0	3.0					
2901.274	10.050000000000182	trials	4.0	2903.198574	2905.03279			2900.234374	2905.2342900000003	2906.939	2907.0	2.0		1.0	1.0					
2911.864	6.900000000000091	trials	4.0	2913.583192	2915.481609	2916.642427	2917.089423	2911.3409850000003	2915.563897	2917.259	2918.764	1.0	2.0	1.0	1.0					
2920.834	8.245000000000346	trials	4.0	2924.722815	2926.5191400000003			2923.735365	2927.003298	2928.809	2928.989	2.0		1.0	1.0					
2933.659	6.41399999999976	trials	4.0	2935.278651	2936.5146010000003			2933.807862	2937.3692490000003	2939.754	2939.809	2.0		1.0	1.0					
2942.571	9.347999999999956	trials	4.0	2944.802995	2946.25779	2949.7073290000003	2950.253487	2943.959154	2948.5822080000003	2950.394	2951.919	1.0	2.0	1.0	1.0					
2954.981	7.027999999999793	trials	4.0	2957.588251	2959.5104260000003			2956.695573	2959.919691	2961.704	2961.875	2.0		1.0	1.0					
2964.585	8.57400000000007	trials	4.0	2967.123841	2968.834017	2970.881164	2971.385103	2966.5057	2969.959435	2971.543	2973.159	1.0	2.0	1.0	1.0					
2976.179	6.75	trials	4.0	2978.244231	2979.6174220000003			2977.267558	2980.6529330000003	2982.554	2982.774	2.0		1.0	1.0					
2985.389	13.480000000000018	trials	4.0	2993.520163	2995.07463	2996.7173580000003	2997.1124910000003	2992.823776	2995.926156	2997.469	2998.869	1.0	2.0	1.0	1.0					
3000.812	9.398000000000138	trials	4.0	3004.449619	3005.9855230000003	3008.119645	3008.561538	3003.714166	3007.263958	3008.714	3010.21	1.0	2.0	1.0	1.0					
3014.282	8.071999999999662	trials	4.0	3017.044117	3018.866301	3021.1225750000003	3021.6795700000002	3016.508103	3020.2974280000003			1.0	2.0	0.0	3.0					
3024.454	10.559999999999945	trials	4.0	3026.128632	3027.215439	3028.727868	3029.4629760000003	3022.372821	3027.718104	3029.429	3031.29	1.0	1.0	1.0	1.0					
3035.309	7.334999999999582	trials	4.0	3036.872926	3038.16529	3040.536298	3040.920685	3035.031403	3039.2442410000003	3041.204	3042.644	1.0	2.0	1.0	1.0					
3046.714	7.264999999999873	trials	4.0	3048.289033	3050.062182	3051.9992110000003	3052.301265	3047.4174310000003	3051.083835	3052.734	3053.979	1.0	2.0	1.0	1.0					
3057.054	12.409999999999854	trials	4.0	3060.482866	3061.8848289999996	3063.298738	3063.891452	3059.5811019999996	3062.360468	3063.974	3065.585	1.0	2.0	1.0	1.0					
3069.625	6.643999999999778	trials	4.0	3071.273189	3072.819583	3074.1043449999997	3074.5771069999996	3069.464	3073.252474	3074.819	3076.269	1.0	2.0	1.0	1.0					
3080.339	6.940000000000055	trials	4.0	3082.8977619999996	3084.2162289999997	3085.9267849999997	3086.6478589999997	3082.1025459999996	3084.8332609999998			1.0	2.0	0.0	3.0					
3090.305	5.329000000000178	trials	4.0	3092.1335409999997	3093.265247	3094.848056	3095.0194539999998	3087.28106	3093.2608609999997			1.0		0.0	2.0					
3097.324	6.2849999999998545	trials	4.0	3098.8882519999997	3100.094889			3095.635147	3101.4316489999997	3103.254	3103.589	2.0		1.0	1.0					
3107.139	6.5099999999997635	trials	4.0	3108.7027749999997	3110.031634	3111.700621	3112.1870719999997	3107.7302499999996	3110.908787	3112.479	3113.649	1.0	2.0	1.0	1.0					
3115.704	7.635999999999967	trials	4.0	3118.073011	3120.0658519999997	3121.2027519999997	3121.649273	3117.3670159999997	3120.42168	3121.814	3123.34	1.0	2.0	1.0	1.0					
3125.411	10.523000000000138	trials	4.0	3130.2948149999997	3132.114917	3133.72298	3134.322022	3129.679483	3132.7326519999997	3134.439	3135.934	1.0	2.0	1.0	1.0					
3138.997	7.312000000000353	trials	4.0	3141.263232	3143.046743	3145.2568969999998	3145.7197159999996	3140.023115	3143.0433559999997			1.0		0.0	2.0					
3148.114	9.75	trials	4.0	3150.0378859999996	3151.6397779999998	3155.7224469999996	3156.36224	3146.3116339999997	3154.596959	3156.464	3157.864	1.0	1.0	1.0	1.0					
3159.929	7.070999999999913	trials	4.0	3162.593957	3164.046047	3165.901904	3166.3199419999996	3161.8654659999997	3164.955185			1.0	2.0	0.0	3.0					
3170.234	4.664999999999964	trials	4.0	3171.7832439999997	3172.8861429999997			3167.003245	3172.8831189999996			1.0		0.0	2.0					
3176.947	4.4220000000000255	trials	4.0	3178.85405	3179.35985	3180.624211	3180.9518319999997	3174.440204	3179.348962			1.0		0.0	2.0					
3184.384	12.38000000000011	trials	4.0	3186.464633	3188.415818	3194.674076	3195.2213509999997	3185.878784	3191.041585	3195.439	3196.764	1.0	2.0	1.0	1.0					
3198.784	6.654999999999745	trials	4.0	3200.6787259999996	3202.2203649999997	3203.47037	3203.896555	3200.129621	3202.683199	3204.189	3205.439	1.0	2.0	1.0	1.0					
3208.554	1127.3400000000001	BlockDesign														1.0	292.0	391.0	50.0	10.0
3208.554	6.4699999999998	trials	5.0	3210.568754	3211.952258	3214.0831909999997	3214.4685339999996	3208.9536759999996	3211.9485799999998			1.0		0.0	2.0					
3217.019	7.850000000000364	trials	5.0	3219.2836949999996	3221.297635	3222.3850749999997	3223.233851	3215.0260009999997	3221.3452709999997	3223.179	3224.869	1.0	1.0	1.0	1.0					
3226.889	6.741999999999734	trials	5.0	3229.38046	3231.26107	3232.710338	3233.113558	3228.7429429999997	3231.7481119999998			1.0	2.0	0.0	3.0					
3236.055	6.844000000000051	trials	5.0	3239.198978	3240.8307099999997			3238.356074	3240.8211029999998			2.0		0.0	2.0					
3244.929	21.440000000000055	trials	5.0	3259.7150629999996	3261.708197	3263.9284	3264.695684	3258.7261329999997	3262.9091439999997	3264.75	3266.369	1.0	1.0	1.0	1.0					
3269.389	6.8449999999998	trials	5.0	3271.788737	3272.9005669999997	3275.10292	3275.59685	3271.270204	3274.123392			1.0	2.0	0.0	3.0					
3279.494	5.154999999999745	trials	5.0	3281.009293	3282.587917			3276.237761	3282.543022	3284.375	3284.424	2.0		1.0	1.0					
3288.171	6.204000000000178	trials	5.0	3290.0057119999997	3291.303584	3292.919063	3293.691415	3288.213601	3292.026871			1.0	1.0	0.0	3.0					
3297.27	4.730000000000018	trials	5.0	3298.953784	3299.9922859999997			3294.3755309999997	3299.978867			1.0		0.0	2.0					
3305.009	15.804999999999836	trials	5.0	3310.804448	3312.664315	3319.487294	3320.2724749999998	3309.925064	3315.633383			1.0	2.0	0.0	3.0					
3321.769	7.470000000000255	trials	5.0	3323.4793609999997	3324.410548	3328.599058	3329.242829	3320.8153039999997	3324.404663			1.0		0.0	2.0					
3329.54	5.125	trials	5.0	3331.6090369999997	3333.226064	3334.2374179999997	3334.6672759999997	3329.8341729999997	3333.463562			1.0	2.0	0.0	3.0					
3338.574	13.965999999999894	trials	5.0	3342.9541649999996	3344.0863339999996	3350.4415999999997	3351.00971	3342.366994	3348.8269729999997	3351.194	3352.54	1.0	1.0	1.0	1.0					
3356.582	10.942000000000007	trials	5.0	3358.654274	3360.5709739999998			3357.955052	3360.9272229999997			2.0		1.0	1.0					
3367.619	6.315000000000055	trials	5.0	3369.6243379999996	3371.109533	3372.439371	3373.192717	3367.5245269999996	3371.4515629999996			1.0	1.0	0.0	3.0					
3374.826	4.483000000000175	trials	5.0	3376.409012	3377.29072			3373.935611	3377.287626			1.0		0.0	2.0					
3383.319	13.550000000000182	trials	5.0	3394.2244739999996	3395.5170799999996	3396.507913	3396.8689219999997	3393.6761509999997	3395.74504			1.0	2.0	0.0	3.0					
3398.879	15.300000000000182	trials	5.0	3407.2093459999996	3408.300319	3413.039476	3413.5902419999998	3406.4017879999997	3410.5213089999997			1.0	2.0	0.0	3.0					
3416.389	5.894999999999982	trials	5.0	3418.2304809999996	3419.636584			3414.1793119999998	3419.913779	3421.807	3422.284	2.0		1.0	1.0					
3426.299	9.365999999999985	trials	5.0	3430.744151	3431.8468279999997			3430.1171209999998	3433.42471	3435.419	3435.464	2.0		1.0	1.0					
3440.165	7.585000000000036	trials	5.0	3442.101526	3443.9311319999997	3445.685454	3446.2539589999997	3441.47746	3444.7485229999998	3446.319	3447.75	1.0	2.0	1.0	1.0					
3450.799	11.039999999999964	trials	5.0	3455.1750429999997	3457.121874	3459.384896	3460.185455	3454.237096	3457.5820369999997	3460.054	3461.839	1.0	1.0	1.0	1.0					
3463.864	8.184999999999945	trials	5.0	3467.329183	3469.1863519999997	3470.788119	3471.4037789999998	3466.423182	3469.784413			1.0	1.0	0.0	3.0					
3473.119	6.755999999999858	trials	5.0	3474.8810559999997	3476.835209			3472.051631	3476.778703	3478.639	3479.875	2.0		1.0	1.0					
3481.894	7.930000000000291	trials	5.0	3485.930336	3487.7225089999997			3485.103866	3487.715397			1.0		0.0	2.0					
3491.794	5.309999999999945	trials	5.0	3493.780229	3495.2771359999997	3496.563122	3497.108011	3489.826811	3495.716555			1.0	1.0	0.0	3.0					
3500.839	9.615000000000236	trials	5.0	3503.3344789999996	3504.916295	3509.427517	3509.878504	3502.538467	3508.495693			1.0	2.0	0.0	3.0					
3513.764	4.309999999999945	trials	5.0	3515.5747789999996	3516.067082			3510.456901	3516.0629919999997			1.0		0.0	2.0					
3522.089	12.695000000000164	trials	5.0	3529.1998489999996	3530.3471019999997	3533.6883829999997	3534.1948429999998	3528.540412	3532.280426			1.0	2.0	0.0	3.0					
3536.991	4.7159999999998945	trials	5.0	3538.6716159999996	3539.611958			3534.787883	3539.6063649999996			1.0		0.0	2.0					
3543.719	11.400000000000091	trials	5.0	3550.015394	3551.41892	3553.4814979999996	3553.785251	3549.1319569999996	3552.443456	3554.204	3555.119	1.0	2.0	1.0	1.0					
3557.165	8.034000000000106	trials	5.0	3560.350841	3561.601451	3563.9315389999997	3564.505049	3559.414931	3562.7037499999997			1.0	2.0	0.0	3.0					
3567.269	5.225000000000364	trials	5.0	3569.130776	3570.4276219999997			3565.203509	3570.4157179999997			1.0		0.0	2.0					
3574.544	6.260000000000218	trials	5.0	3576.600404	3578.631311			3576.0146619999996	3578.5843779999996	3580.335	3580.804	2.0		1.0	1.0					
3583.879	6.8650000000002365	trials	5.0	3586.739998	3588.1428969999997			3586.0026369999996	3588.4737459999997	3590.304	3590.744	2.0		1.0	1.0					
3592.815	11.108999999999924	trials	5.0	3598.405117	3600.3923179999997	3601.6531809999997	3602.465255	3597.4846129999996	3600.712984	3602.404	3603.924	1.0	1.0	1.0	1.0					
3607.979	7.285000000000309	trials	5.0	3609.5965269999997	3610.9064479999997	3614.116963	3614.717318	3608.559475	3613.2653539999997			1.0	2.0	0.0	3.0					
3616.459	6.666000000000167	trials	5.0	3618.2097989999997	3619.386196	3620.7406889999997	3621.51772	3615.265457	3619.964236	3621.454	3623.125	1.0	1.0	1.0	1.0					
3626.19	15.844000000000051	trials	5.0	3636.9260019999997	3638.0623849999997	3639.854144	3640.597085	3636.2599029999997	3638.737237	3640.594	3642.034	1.0	1.0	1.0	1.0					
3644.049	7.3969999999999345	trials	5.0	3647.0562019999998	3648.868333	3650.192723	3650.816552	3646.339836	3649.438103			1.0	1.0	0.0	3.0					
3653.521	4.9229999999997744	trials	5.0	3655.430728	3656.4331469999997	3657.540841	3657.583349	3651.449323	3656.425617			1.0		0.0	2.0					
3662.454	17.84999999999991	trials	5.0	3664.36535	3665.5062399999997	3679.062247	3679.545467	3662.6141289999996	3668.6399779999997			1.0	1.0	0.0	3.0					
3682.404	6.920000000000073	trials	5.0	3684.217372	3685.397948	3688.673164	3689.328359	3680.308947	3685.3916419999996			1.0		0.0	2.0					
3690.479	14.965000000000146	trials	5.0	3696.1507789999996	3697.513681	3704.124935	3704.714365	3695.3126009999996	3700.4988869999997			1.0	1.0	0.0	3.0					
3708.495	5.539000000000215	trials	5.0	3710.297219	3711.407519			3705.4462759999997	3711.966451	3713.719	3713.909	2.0		1.0	1.0					
3717.584	6.475000000000364	trials	5.0	3719.365683	3721.202285			3718.578434	3721.895482	3723.729	3723.879	2.0		1.0	1.0					
3726.529	7.510999999999967	trials	5.0	3730.1561089999996	3731.42258			3729.178654	3731.913195	3733.549	3733.719	2.0		1.0	1.0					
3736.484	7.43100000000004	trials	5.0	3739.06592	3740.638199			3738.2263	3741.711819	3743.619	3743.699	2.0		1.0	1.0					
3747.46	6.233999999999924	trials	5.0	3749.386373	3750.442753	3752.6354869999996	3753.067138	3747.7732379999998	3751.6144969999996			1.0	2.0	0.0	3.0					
3756.974	8.96499999999969	trials	5.0	3762.2266339999996	3763.872755			3761.473215	3763.868411			1.0		0.0	2.0					
3767.995	10.344000000000051	trials	5.0	3769.8609619999997	3771.5988639999996	3776.0220609999997	3776.8441749999997	3769.0167199999996	3774.632816	3776.75	3778.339	1.0	1.0	1.0	1.0					
3782.373	5.895999999999731	trials	5.0	3784.276634	3785.4382149999997	3786.850853	3787.610068	3782.8542469999998	3786.0389059999998			1.0	1.0	0.0	3.0					
3789.219	8.780999999999949	trials	5.0	3791.2179319999996	3792.5993289999997			3788.273108	3792.595993			2.0		0.0	2.0					
3798.654	7.255000000000109	trials	5.0	3800.2462539999997	3802.14333			3798.0020449999997	3803.822678	3805.609	3805.835	2.0		1.0	1.0					
3809.479	5.84900000000016	trials	5.0	3811.12445	3812.221066			3809.8606299999997	3813.1789719999997	3814.919	3815.079	2.0		1.0	1.0					
3818.774	7.369999999999891	trials	5.0	3820.7215429999997	3821.860264	3824.823129	3825.428923	3819.421133	3823.305475			1.0	1.0	0.0	3.0					
3828.22	15.704000000000178	trials	5.0	3837.2062459999997	3838.353374	3842.830576	3843.436487	3836.479856	3841.843813			1.0	2.0	0.0	3.0					
3846.199	5.210000000000036	trials	5.0	3847.8126869999996	3849.353729			3843.929275	3849.3493989999997			1.0		0.0	2.0					
3855.46	23.659999999999854	trials	5.0	3868.5482779999998	3870.263912	3873.69656	3874.3624299999997	3867.877106	3872.853044	3874.524	3875.744	1.0	1.0	1.0	1.0					
3879.809	5.485999999999876	trials	5.0	3881.526923	3882.6511229999996	3884.298487	3884.757055	3879.1255359999996	3883.34566			1.0	2.0	0.0	3.0					
3886.634	7.059999999999945	trials	5.0	3888.552194	3890.256405	3892.330118	3893.0652459999997	3885.299779	3891.551872			1.0	1.0	0.0	3.0					
3894.649	5.268000000000029	trials	5.0	3896.468555	3898.2075409999998	3899.552251	3899.911177	3893.6971059999996	3898.6920149999996			1.0	2.0	0.0	3.0					
3901.932	15.532000000000153	trials	5.0	3909.062431	3910.474338	3916.2318649999997	3916.852626	3908.11085	3914.3407349999998			1.0	1.0	0.0	3.0					
3919.599	5.059999999999945	trials	5.0	3921.4967739999997	3922.6540689999997	3923.507161	3923.82755	3917.468798	3922.646582			1.0		0.0	2.0					
3927.692	11.146999999999935	trials	5.0	3930.916766	3932.9283969999997	3936.630913	3937.482698	3930.1976269999996	3934.818215	3937.314	3938.839	1.0	1.0	1.0	1.0					
3942.859	12.101000000000113	trials	5.0	3944.682257	3946.475204	3948.8055919999997	3949.4659309999997	3943.986427	3948.1188349999998	3949.599	3950.954	1.0	1.0	1.0	1.0					
3955.019	5.3400000000001455	trials	5.0	3956.6472049999998	3958.3543999999997			3954.9642729999996	3958.347163			2.0		0.0	2.0					
3962.384	14.650000000000091	trials	5.0	3968.383625	3969.797537	3975.267286	3975.769042	3967.603943	3974.4908809999997	3975.884	3977.034	1.0	2.0	1.0	1.0					
3979.084	7.956000000000131	trials	5.0	3981.942827	3983.479425	3985.4134999999997	3986.4019009999997	3981.366733	3984.458885			1.0	2.0	0.0	3.0					
3989.79	5.054000000000087	trials	5.0	3991.71224	3992.8437409999997			3987.04474	3992.8375969999997			1.0		0.0	2.0					
3996.855	13.701000000000022	trials	5.0	4001.577316	4003.253928	4009.303075	4009.917509	4000.873945	4006.833839			1.0	1.0	0.0	3.0					
4013.626	5.532999999999902	trials	5.0	4015.312486	4016.650049			4010.560343	4017.0254449999998	4018.774	4018.929	2.0		1.0	1.0					
4021.694	6.710000000000036	trials	5.0	4023.322378	4025.1186979999998	4027.15399	4027.8522489999996	4022.810658	4026.354879			1.0	2.0	0.0	3.0					
4030.509	5.755000000000109	trials	5.0	4032.487553	4034.2578869999998			4028.4099499999998	4034.2490129999996			2.0		0.0	2.0					
4039.274	8.840000000000146	trials	5.0	4041.057583	4043.0249139999996	4045.7427909999997	4046.654708	4040.3243749999997	4044.821819	4046.434	4048.114	1.0	1.0	1.0	1.0					
4051.136	8.978000000000065	trials	5.0	4053.282644	4054.418758	4058.714525	4059.436025	4052.571974	4057.403233			1.0	1.0	0.0	3.0					
4061.04	9.045000000000073	trials	5.0	4062.787141	4064.7852949999997	4068.781477	4069.327304	4060.1183419999998	4067.4253209999997			1.0	2.0	0.0	3.0					
4073.106	4.002999999999702	trials	5.0	4074.799118	4075.1055499999998			4070.0909469999997	4075.101149			1.0		0.0	2.0					
4079.16	15.344000000000051	trials	5.0	4083.002611	4084.2041229999995	4092.256994	4092.882855	4082.4490809999998	4090.235171	4092.909	4094.504	1.0	1.0	1.0	1.0					
4096.521	9.342999999999847	trials	5.0	4100.06813	4102.038739	4103.422727	4104.195989	4099.344853	4102.517125	4104.169	4105.864	1.0	1.0	1.0	1.0					
4107.889	10.229999999999563	trials	5.0	4111.212831	4112.9593509999995	4115.296378	4116.221941	4110.505080999999	4114.215221	4116.014	4118.119	1.0	1.0	1.0	1.0					
4120.189	10.810999999999694	trials	5.0	4125.683099	4127.1802959999995	4129.543345	4130.241086	4124.88372	4128.588383			1.0	1.0	0.0	3.0					
4131.876	6.91399999999976	trials	5.0	4133.517970999999	4134.979295	4138.15823	4138.795355	4131.00824	4136.8649239999995			1.0	2.0	0.0	3.0					
4142.537	28.091999999999643	trials	5.0	4145.428411	4147.116021	4168.231903	4168.880606	4144.873842999999	4157.228791	4169.024	4170.629	1.0	1.0	1.0	1.0					
4172.649	7.100999999999658	trials	5.0	4175.508731	4177.435259	4178.558368	4179.069512	4174.648757	4177.820287			1.0	1.0	0.0	3.0					
4181.949	6.990000000000691	trials	5.0	4183.7525989999995	4185.285852999999	4187.585239	4188.044861	4179.753142	4185.329011			1.0	2.0	0.0	3.0					
4190.949	5.335000000000036	trials	5.0	4192.719574	4194.279746			4188.944782	4194.271361			2.0		0.0	2.0					
4198.304	11.420000000000073	trials	5.0	4202.582926	4204.6144779999995	4207.5249459999995	4208.282329	4201.874320999999	4206.71423	4208.214	4209.724	1.0	1.0	1.0	1.0					
4213.744	6.425000000000182	trials	5.0	4215.578159	4216.808813	4218.88558	4219.608097	4214.884447	4217.838667			1.0	1.0	0.0	3.0					
4223.21	4.675000000000182	trials	5.0	4224.738916	4225.884542			4220.178188	4225.874691999999			1.0		0.0	2.0					
4229.899	11.515999999999622	trials	5.0	4233.1180699999995	4234.535357	4239.032018	4239.813092	4232.372104	4238.03161	4239.719	4241.415	1.0	1.0	1.0	1.0					
4245.484	7.055999999999585	trials	5.0	4247.223964	4248.587912	4250.124197	4250.956699	4245.747613	4249.0996939999995	4250.904	4252.54	1.0	1.0	1.0	1.0					
4255.609	11.739999999999782	trials	5.0	4258.519004	4259.767658			4257.562742	4261.214069	4263.085	4263.134	2.0		1.0	1.0					
4267.889	7.029999999999745	trials	5.0	4269.558848	4270.994908	4273.443334	4274.193283	4267.354784	4272.461429999999			1.0	1.0	0.0	3.0					
4275.774	6.229999999999563	trials	5.0	4277.628366999999	4279.330096	4281.417869	4282.010727999999	4274.928339	4280.55004			1.0	2.0	0.0	3.0					
4284.745	7.920000000000073	trials	5.0	4287.614114	4288.851074			4286.996128	4290.457789	4292.254	4292.444	2.0		1.0	1.0					
4296.119	7.591000000000349	trials	5.0	4297.898664	4299.191261	4301.273	4302.162867999999	4296.739917999999	4300.465432999999	4302.079	4303.71	1.0	1.0	1.0	1.0					
4307.79	7.59900000000016	trials	5.0	4309.748464	4311.065519	4312.761401	4313.630542	4307.9585	4311.889016	4313.534	4315.389	1.0	1.0	1.0	1.0					
4318.495	7.005000000000109	trials	5.0	4320.838731	4322.650669			4320.257912	4323.1932289999995	4325.125	4325.384	2.0		1.0	1.0					
4329.985	5.90900000000056	trials	5.0	4331.573881	4332.80795	4335.811087	4336.485419	4330.73032	4334.730756999999			1.0	1.0	0.0	3.0					
4338.139	832.8699999999999	BlockDesign														1.0	392.0	459.0	10.0	50.0
4338.139	7.579999999999927	trials	6.0	4340.203842999999	4341.497257	4343.774627	4344.262814	4337.216272	4342.658081	4344.534	4345.719	1.0	2.0	1.0	1.0					
4348.813	7.555999999999585	trials	6.0	4351.57439	4353.45684			4350.666896	4353.450371			1.0		0.0	2.0					
4358.489	4.720000000000255	trials	6.0	4360.373743	4361.151127			4356.378106	4361.141089			1.0		0.0	2.0					
4367.219	10.740999999999985	trials	6.0	4371.003482	4372.516034	4376.643051999999	4377.373121	4370.394955	4374.483209			1.0	1.0	0.0	3.0					
4380.019	6.8049999999993815	trials	6.0	4381.86932	4383.165815			4377.966509	4383.159686			2.0		0.0	2.0					
4387.244	11.69000000000051	trials	6.0	4392.97484	4394.355989	4397.035105999999	4397.484447	4392.155372	4395.580105	4397.684	4398.934	1.0	2.0	1.0	1.0					
4402.954	10.58600000000024	trials	6.0	4404.935952	4406.51815			4404.303575	4407.546397	4409.529	4409.569	2.0		1.0	1.0					
4414.329	5.230000000000473	trials	6.0	4416.039223	4417.103926	4418.792051	4419.073649	4413.548309	4417.098226			1.0		0.0	2.0					
4421.139	8.765000000000327	trials	6.0	4422.834224	4424.021554999999			4419.564826	4424.015684			1.0		0.0	2.0					
4430.04	6.420000000000073	trials	6.0	4431.614278	4433.228129	4435.221604	4435.850544999999	4429.909309	4433.890679			1.0	1.0	0.0	3.0					
4438.584	5.984000000000378	trials	6.0	4440.484319	4442.007294999999			4436.467603	4442.3755009999995	4444.199	4444.409	2.0		1.0	1.0					
4447.135	6.47400000000016	trials	6.0	4449.220933	4450.341684999999	4452.363805	4452.835709999999	4448.377778	4451.522803			1.0	2.0	0.0	3.0					
4455.702	4.992000000000189	trials	6.0	4457.574816	4458.686976999999			4453.614922	4458.681420999999			1.0		0.0	2.0					
4462.704	8.265000000000327	trials	6.0	4465.735787	4467.371247			4465.175637	4468.270915	4470.594	4470.969	2.0		1.0	1.0					
4474.034	7.515000000000327	trials	6.0	4476.640154	4478.4352069999995	4480.428448	4480.965588999999	4475.859644	4479.600221			1.0	2.0	0.0	3.0					
4482.759	5.826000000000022	trials	6.0	4484.729813	4486.264615	4488.180591	4488.593	4481.557106	4487.444997			1.0	1.0	0.0	3.0					
4491.554	12.360999999999876	trials	6.0	4495.824923	4497.286129	4502.397847	4503.071535	4494.994118	4498.945328			1.0	1.0	0.0	3.0					
4504.744	9.695000000000618	trials	6.0	4506.511264	4507.59878	4512.536888	4513.019942	4503.920055	4511.060401	4513.234	4514.439	1.0	2.0	1.0	1.0					
4518.509	7.274999999999636	trials	6.0	4520.089838	4521.922252	4523.968081999999	4524.28327	4519.465633	4523.076016	4524.814	4525.784	1.0	2.0	1.0	1.0					
4527.806	8.093000000000757	trials	6.0	4530.551285	4531.974944	4534.803445	4535.304867	4530.037211	4533.87634			1.0	2.0	0.0	3.0					
4539.125	7.22400000000016	trials	6.0	4540.909775	4542.12542			4535.906174	4542.116939			1.0		0.0	2.0					
4547.139	5.130000000000109	trials	6.0	4549.400815	4550.267696			4546.3560609999995	4550.25941			1.0		0.0	2.0					
4556.279	14.444999999999709	trials	6.0	4558.348414	4559.541625	4570.163474999999	4570.729986	4557.799051	4567.115395			1.0	1.0	0.0	3.0					
4574.534	7.805000000000291	trials	6.0	4576.846613	4578.536977			4575.961592	4578.532673			2.0		0.0	2.0					
4582.629	6.885000000000218	trials	6.0	4584.374680999999	4585.432209			4582.34978	4587.43681	4589.204	4589.309	2.0		1.0	1.0					
4593.094	11.61999999999989	trials	6.0	4597.669739	4598.701663	4602.621448	4603.162711999999	4596.681347	4601.753336	4603.269	4604.714	1.0	2.0	1.0	1.0					
4606.76	11.773999999999432	trials	6.0	4611.020438	4613.017256	4616.381975	4616.902712	4610.1864319999995	4614.207286999999	4617.159	4618.534	1.0	2.0	1.0	1.0					
4620.554	11.574999999999818	trials	6.0	4624.985441	4626.795743	4629.842932	4630.394533	4624.282733	4628.744710999999	4630.474	4632.129	1.0	2.0	1.0	1.0					
4636.155	6.199000000000524	trials	6.0	4638.026438	4639.667099	4641.116323	4641.769163	4636.749997999999	4640.273354			1.0	2.0	0.0	3.0					
4645.454	6.190000000000509	trials	6.0	4647.295255999999	4648.817728			4642.364299999999	4649.427052999999	4651.16	4651.469	2.0		1.0	1.0					
4654.109	7.5049999999992	trials	6.0	4656.740368	4658.638541	4660.395759999999	4660.87706	4656.125254	4659.076702			1.0	2.0	0.0	3.0					
4663.719	5.9909999999999854	trials	6.0	4665.34004	4666.922275	4668.353806	4669.026056	4661.62361	4667.407567			1.0	1.0	0.0	3.0					
4671.694	11.104999999999563	trials	6.0	4673.435638	4675.440277			4669.717852	4676.37658	4678.184	4678.25	2.0		1.0	1.0					
4683.017	6.407000000000153	trials	6.0	4684.660567	4686.017768	4687.800514	4688.545393	4682.808653	4687.013919999999			1.0	2.0	0.0	3.0					
4691.129	38.590000000000146	trials	6.0	4692.806143	4694.547004	4728.2224129999995	4728.317806999999	4689.435262	4700.343398	4729.04	4729.719	1.0	2.0	1.0	1.0					
4731.779	26.7549999999992	trials	6.0	4735.910975	4737.132088	4756.909954	4757.156761	4735.290677	4741.206574	4757.634	4758.534	1.0	2.0	1.0	1.0					
4760.599	8.349999999999454	trials	6.0	4763.861386	4765.132853			4763.146699999999	4766.647601	4768.634	4768.764	2.0		1.0	1.0					
4772.419	8.235000000000582	trials	6.0	4774.012819	4775.361518	4779.257131	4779.909449	4773.309085999999	4778.061094			1.0	2.0	0.0	3.0					
4782.799	5.274999999999636	trials	6.0	4784.456033	4786.007978			4780.664596	4786.002791			1.0		0.0	2.0					
4791.13	7.079999999999927	trials	6.0	4793.090957	4794.53263	4797.031903	4797.465898	4792.374455	4795.769912			1.0	1.0	0.0	3.0					
4800.358	6.976999999999862	trials	6.0	4801.880681	4803.724577999999	4805.829559	4806.347643	4798.221128	4804.968814			1.0	2.0	0.0	3.0					
4809.144	4.630000000000109	trials	6.0	4811.016538	4811.717978			4807.340309	4811.709027999999			1.0		0.0	2.0					
4816.784	31.7450000000008	trials	6.0	4839.638083	4841.37425			4838.982806	4842.373102			2.0		1.0	1.0					
4848.949	6.345000000000255	trials	6.0	4850.856921	4852.050332	4854.0526	4854.547424	4848.536502999999	4852.911203			1.0	1.0	0.0	3.0					
4858.469	24.675000000000182	trials	6.0	4872.487628	4874.133542	4882.159321	4882.65766	4871.604287	4877.609954			1.0	2.0	0.0	3.0					
4884.5	4.904000000000451	trials	6.0	4886.352116	4887.354863			4883.154447999999	4887.341756			1.0		0.0	2.0					
4893.46	24.5	trials	6.0	4913.381488	4914.7703169999995	4916.704319	4917.356215	4912.618202	4915.300912			1.0	1.0	0.0	3.0					
4921.029	17.680999999999585	trials	6.0	4930.646989999999	4932.529942	4938.0910969999995	4938.7167309999995	4929.795916	4936.4815849999995			1.0	1.0	0.0	3.0					
4942.429	10.25	trials	6.0	4944.206656	4946.071847	4950.523193	4951.044175999999	4943.267416	4949.194163	4951.239	4952.679	1.0	2.0	1.0	1.0					
4954.699	8.261000000000422	trials	6.0	4957.928779	4959.195371			4957.132696	4960.836013	4962.694	4962.934	2.0		1.0	1.0					
4965.509	8.201000000000022	trials	6.0	4968.482612	4969.998412999999			4967.590201999999	4970.700004	4972.529	4973.71	2.0		1.0	1.0					
4975.734	8.045000000000073	trials	6.0	4978.303442	4979.338439	4982.524418	4983.06923	4977.547043	4981.182366999999			1.0	2.0	0.0	3.0					
4984.849	5.474999999999454	trials	6.0	4986.796678	4988.269668999999			4983.788425	4988.260639			1.0		0.0	2.0					
4993.335	10.109000000000378	trials	6.0	4995.888548	4997.818916	5001.4086369999995	5001.8889739999995	4995.07669	5000.290255	5002.199	5003.444	1.0	2.0	1.0	1.0					
5005.511	11.537999999999556	trials	6.0	5008.928454999999	5010.417863	5014.244842	5014.8508329999995	5008.320758	5013.279001	5014.924	5017.049	1.0	2.0	1.0	1.0					
5019.115	9.220000000000255	trials	6.0	5022.492614	5024.156027	5026.248737	5026.739522	5021.601992	5025.283694	5026.964	5028.335	1.0	2.0	1.0	1.0					
5032.399	7.549999999999272	trials	6.0	5034.763652	5036.759083999999	5037.83526	5038.354667	5033.803008999999	5036.9207209999995	5038.674	5039.949	1.0	2.0	1.0	1.0					
5044.014	8.430000000000291	trials	6.0	5046.787215	5048.508664999999	5050.212641	5050.664683999999	5046.080045	5049.345115	5050.904	5052.444	1.0	2.0	1.0	1.0					
5055.462	6.336999999999534	trials	6.0	5057.256810999999	5058.942457	5060.493124	5061.009522	5056.594501	5059.620095			1.0	2.0	0.0	3.0					
5064.835	5.5090000000000146	trials	6.0	5066.617778	5067.40981	5070.113303	5070.355138999999	5061.809351	5067.401274			1.0		0.0	2.0					
5072.444	12.085000000000036	trials	6.0	5078.547296	5080.187118			5077.584013	5081.874293	5084.124	5084.204	2.0		1.0	1.0					
5088.003	6.166000000000167	trials	6.0	5089.908836	5091.839147	5093.076991	5093.599681	5088.568537	5092.192161999999			1.0	2.0	0.0	3.0					
5095.439	9.014999999999418	trials	6.0	5097.047449	5099.018771	5101.927478	5102.415247	5094.179828	5100.828774			1.0	1.0	0.0	3.0					
5106.24	15.60400000000027	trials	6.0	5113.092298	5114.9160950000005	5119.979384	5120.3356380000005	5112.225496999999	5117.7085210000005	5120.759	5121.844	1.0	2.0	1.0	1.0					
5124.864	6.080000000000837	trials	6.0	5127.822826	5128.902985	5130.273107	5130.953227	5127.036631999999	5129.29573			1.0	2.0	0.0	3.0					
5133.609	14.0	trials	6.0	5138.068593	5139.409459	5146.8835340000005	5147.6199830000005	5137.092334999999	5144.945623			1.0	2.0	0.0	3.0					
5150.204	11.200000000000728	trials	6.0	5154.023239	5155.485284	5159.094152	5159.691427	5153.067433	5157.7151460000005	5159.704	5161.404	1.0	2.0	1.0	1.0					
5163.429	7.579999999999927	trials	6.0	5166.9293450000005	5168.537213	5170.941617	5171.396444	5166.299617	5169.805762			1.0	2.0	0.0	3.0					
5174.274	4537.155	BlockDesign														1.0	460.0	748.0	90.0	50.0
5174.274	10.710000000000036	trials	7.0	5176.273196	5177.60665	5178.910442	5179.521914	5172.335725999999	5177.793844	5179.644	5181.125	1.0	1.0	1.0	1.0					
5185.144	5.899999999999636	trials	7.0	5187.063383	5188.788269			5184.9971669999995	5188.81736	5190.594	5190.754	2.0		1.0	1.0					
5193.619	8.770000000000437	trials	7.0	5196.047587	5197.855315999999	5200.489181	5200.946938	5195.430985	5199.249454	5201.359	5202.389	1.0	2.0	1.0	1.0					
5204.424	8.635000000000218	trials	7.0	5208.292799	5209.449678			5207.616454	5210.769677	5212.654	5212.729	2.0		1.0	1.0					
5215.484	7.4399999999996	trials	7.0	5218.508437	5220.228287	5221.791152	5222.254145	5217.733204	5220.883744999999			1.0	2.0	0.0	3.0					
5224.167	5.17699999999968	trials	7.0	5225.804488	5227.289842			5222.936765	5227.283837			1.0		0.0	2.0					
5232.369	10.735000000000582	trials	7.0	5238.493329999999	5240.542058			5237.678021	5240.850845	5242.644	5242.774	2.0		1.0	1.0					
5247.639	7.265000000000327	trials	7.0	5249.514911	5251.230763	5252.915274	5253.63195	5248.175665999999	5251.218758			1.0		0.0	2.0					
5257.239	6.210000000000036	trials	7.0	5258.908244	5260.630819			5254.913264	5260.933604	5263.049	5263.354	2.0		1.0	1.0					
5266.009	7.951000000000022	trials	7.0	5267.998024	5269.388627	5271.705226	5272.479073	5266.971732	5270.628638	5272.389	5273.96	1.0	1.0	1.0	1.0					
5277.029	8.789999999999964	trials	7.0	5278.943603	5280.06563	5283.438593	5284.283576	5278.163057	5282.348835999999	5284.134	5285.819	1.0	1.0	1.0	1.0					
5288.88	7.979000000000269	trials	7.0	5291.2253550000005	5293.129921	5295.391502	5296.128439	5290.2451	5294.234654			1.0	1.0	0.0	3.0					
5298.719	4.354999999999563	trials	7.0	5300.458477	5301.075763	5301.9267199999995	5302.216511	5296.870981	5301.069232			1.0		0.0	2.0					
5306.079	13.470000000000255	trials	7.0	5313.2984209999995	5315.242307	5317.672144	5318.385828	5312.386151	5316.531562			1.0	2.0	0.0	3.0					
5320.999	4.815000000000509	trials	7.0	5322.944194	5323.760068			5319.561263	5323.75295			1.0		0.0	2.0					
5327.824	12.164999999999964	trials	7.0	5333.268865	5334.295378	5338.364495	5338.650100999999	5332.377127	5337.366985	5339.179	5339.989	1.0	2.0	1.0	1.0					
5342.009	6.8659999999999854	trials	7.0	5344.369044	5345.848988	5347.664207	5348.162791999999	5343.489758	5346.880643			1.0	2.0	0.0	3.0					
5352.029	10.404999999999745	trials	7.0	5353.569853999999	5355.550142	5356.748539	5357.440124	5348.8877919999995	5355.722468	5357.614	5358.939	1.0	1.0	1.0	1.0					
5362.954	7.15099999999984	trials	7.0	5364.75828	5366.4701430000005	5367.667498	5368.483162	5362.4463319999995	5366.773929	5368.574	5370.105	1.0	1.0	1.0	1.0					
5374.129	7.699999999999818	trials	7.0	5376.109277	5378.094889	5379.815993	5380.269222999999	5375.283475	5378.738044	5380.479	5381.829	1.0	1.0	1.0	1.0					
5383.919	9.480000000000473	trials	7.0	5386.633542	5388.192999999999	5390.9490399999995	5391.900157	5385.958699999999	5390.157469	5391.724	5393.399	1.0	1.0	1.0	1.0					
5395.504	7.520000000000437	trials	7.0	5398.434753	5399.934035			5397.60548	5400.511293	5402.704	5403.024	2.0		1.0	1.0					
5406.044	6.565000000000509	trials	7.0	5408.10031	5409.370954	5411.575744	5412.015565	5407.274782	5410.481591			1.0	2.0	0.0	3.0					
5415.945	7.579000000000633	trials	7.0	5417.548597	5417.840767			5412.621838	5417.825975			1.0		0.0	2.0					
5423.844	6.699999999999818	trials	7.0	5425.489444999999	5426.960757999999			5423.536599	5427.894752			2.0		1.0	1.0					
5434.051	7.4979999999995925	trials	7.0	5435.82907	5437.061014999999	5439.150227	5440.088404	5435.091114999999	5438.200835	5439.869	5441.549	1.0	1.0	1.0	1.0					
5444.616	7.307999999999993	trials	7.0	5446.600682	5448.48115	5449.497986	5450.3708289999995	5445.621494	5448.69496	5450.29	5451.924	1.0	1.0	1.0	1.0					
5454.989	9.035000000000764	trials	7.0	5457.515826999999	5459.35238	5461.479658	5462.562191	5456.773486	5460.575347	5462.204	5464.024	1.0	1.0	1.0	1.0					
5466.084	11.159999999999854	trials	7.0	5469.914392	5471.59088	5474.3931919999995	5475.436213	5469.343972	5473.543657	5475.095	5477.244	1.0	1.0	1.0	1.0					
5481.104	8.14599999999973	trials	7.0	5482.854577	5484.031091	5486.746136	5487.672562	5482.24683	5485.6965629999995	5487.564	5489.25	1.0	1.0	1.0	1.0					
5492.314	7.369999999999891	trials	7.0	5494.850929	5496.474974			5493.961474	5496.940651999999	5498.764	5499.684	2.0		1.0	1.0					
5502.745	7.920000000000073	trials	7.0	5504.444487999999	5505.592065999999	5508.030035	5509.191137	5503.686933	5507.202356	5508.724	5510.665	1.0	1.0	1.0	1.0					
5512.734	12.0049999999992	trials	7.0	5516.911147	5518.924451			5516.158600999999	5519.145896	5520.804	5520.954	2.0		1.0	1.0					
5525.71	6.139000000000124	trials	7.0	5527.559837	5528.692249	5530.704408	5531.236784	5524.7528569999995	5529.529807999999			1.0	2.0	0.0	3.0					
5533.064	8.509999999999309	trials	7.0	5534.5944660000005	5535.937201			5531.863189	5535.926423			1.0		0.0	2.0					
5541.944	7.5649999999996	trials	7.0	5543.640883	5544.727707	5547.018797999999	5547.94146	5541.5862130000005	5546.073340999999	5547.774	5549.509	1.0	1.0	1.0	1.0					
5552.539	8.86999999999989	trials	7.0	5554.354874	5555.675083			5553.098714	5555.669921			1.0		0.0	2.0					
5561.745	8.764000000000124	trials	7.0	5564.464615999999	5566.308083	5568.171082999999	5568.947131999999	5563.500206	5567.393617	5568.929	5570.509	1.0	1.0	1.0	1.0					
5572.536	8.042999999999665	trials	7.0	5574.781639999999	5575.906123	5577.713779	5578.781999	5573.967210999999	5576.8978210000005	5578.479	5580.579	1.0	1.0	1.0	1.0					
5582.599	7.65099999999984	trials	7.0	5586.074732	5587.389659	5588.749118	5589.535871	5585.081566999999	5587.9080969999995			1.0	1.0	0.0	3.0					
5591.071	6.233000000000175	trials	7.0	5592.830006	5594.906827	5596.235468	5596.507439	5590.260829999999	5595.297122			1.0	2.0	1.0	1.0					
5600.814	5.310999999999694	trials	7.0	5603.044838	5604.919549	5605.730057	5606.137323999999	5602.437688	5604.871513			1.0	2.0	0.0	3.0					
5610.044	13.3100000000004	trials	7.0	5617.431328	5619.166423	5622.145358	5622.563281	5616.879854	5619.905032			1.0	2.0	0.0	3.0					
5625.464	5.045000000000073	trials	7.0	5627.4762439999995	5628.447255			5623.366817	5628.441806			1.0		0.0	2.0					
5632.562	23.728000000000065	trials	7.0	5648.190694999999	5649.317198			5647.324098	5650.416493	5652.179	5652.364	2.0		1.0	1.0					
5657.091	5.679000000000087	trials	7.0	5658.891858	5660.772557			5656.303592	5660.761759999999			2.0		0.0	2.0					
5666.785	24.675000000000182	trials	7.0	5675.330504	5676.4971669999995	5689.389064999999	5689.873259	5674.488090999999	5678.179335999999	5690.044	5691.46	1.0	2.0	1.0	1.0					
5693.529	8.264999999999418	trials	7.0	5697.155604	5698.702131	5699.821934	5700.30404	5696.314058	5699.051915	5700.659	5701.794	1.0	2.0	1.0	1.0					
5704.829	11.110999999999876	trials	7.0	5706.545394999999	5708.457748999999	5711.824194999999	5712.424778	5705.965219	5710.090437999999			1.0	1.0	0.0	3.0					
5716.174	6.850000000000364	trials	7.0	5718.727169	5720.71399			5717.962627999999	5720.876410999999	5722.586	5722.904	2.0		1.0	1.0					
5725.494	7.631000000000313	trials	7.0	5727.509972	5728.853603	5730.299134999999	5731.483511	5726.514578	5729.351317	5730.994	5733.125	1.0	1.0	1.0	1.0					
5736.179	6.595000000000255	trials	7.0	5738.335485	5739.6974470000005			5737.61702	5740.680501999999	5742.394	5742.774	2.0		1.0	1.0					
5745.804	8.030999999999949	trials	7.0	5747.396591	5749.317562	5751.346337	5752.215195999999	5746.511564	5750.371733	5752.069	5753.835	1.0	1.0	1.0	1.0					
5755.854	8.529999999999745	trials	7.0	5758.670298	5760.622513	5761.892555	5762.895343	5757.700924999999	5761.096631	5762.614	5764.384	1.0	1.0	1.0	1.0					
5766.4	10.879000000000815	trials	7.0	5772.030739	5773.8227719999995	5774.866904	5775.6727439999995	5771.431947	5773.814231	5775.454	5777.279	1.0	1.0	1.0	1.0					
5780.3	9.503999999999905	trials	7.0	5783.7107	5785.077545	5787.222218	5788.269103	5782.9949830000005	5786.224291	5788.0	5789.804	1.0	1.0	1.0	1.0					
5792.844	5.765000000000327	trials	7.0	5794.686820999999	5796.059743			5793.757835	5796.363631	5798.349	5798.464	2.0		1.0	1.0					
5802.196	7.538000000000466	trials	7.0	5803.845662	5805.3472870000005	5806.959578	5808.00338	5802.5456269999995	5805.876824	5807.639	5809.734	1.0	1.0	1.0	1.0					
5811.754	10.135000000000218	trials	7.0	5815.536161	5817.468403999999	5818.941634999999	5819.995685	5814.755207	5818.12861	5819.679	5821.889	1.0	1.0	1.0	1.0					
5825.915	7.1840000000001965	trials	7.0	5828.131132	5829.294787			5827.556396	5830.924816	5832.734	5832.835	2.0		1.0	1.0					
5835.649	8.089999999999236	trials	7.0	5837.701402	5839.212782	5841.5285810000005	5842.041739	5837.013183	5840.494694	5842.389	5843.739	1.0	2.0	1.0	1.0					
5847.8	7.5349999999998545	trials	7.0	5849.371207	5850.813281	5853.09782	5853.639705	5848.313254	5852.09365	5853.779	5855.335	1.0	2.0	1.0	1.0					
5859.354	6.514999999999418	trials	7.0	5861.2209729999995	5862.643316	5864.8359629999995	5865.148932	5859.647462	5862.625699			1.0		0.0	2.0					
5866.644	10.524999999999636	trials	7.0	5868.286443	5869.927426			5865.880691	5870.898491	5872.704	5872.929	2.0		1.0	1.0					
5877.524	7.204999999999927	trials	7.0	5879.086063999999	5880.327959	5881.886504	5882.985214	5877.182491	5880.950575999999	5882.524	5884.729	1.0	1.0	1.0	1.0					
5887.849	10.045000000000073	trials	7.0	5891.416552	5892.933778	5895.051858999999	5896.115143	5890.883183	5893.966949	5895.804	5897.894	1.0	1.0	1.0	1.0					
5899.911	10.372999999999593	trials	7.0	5903.522519	5904.685621	5907.39254	5908.4429390000005	5902.881606999999	5906.385812	5908.11	5910.284	1.0	1.0	1.0	1.0					
5912.319	7.4099999999998545	trials	7.0	5915.402179	5916.978607			5914.847984	5917.666843999999	5919.46	5919.544	2.0		1.0	1.0					
5923.264	8.055000000000291	trials	7.0	5924.852848	5926.891528	5928.511202	5929.7174589999995	5923.431386	5927.586088	5929.269	5931.319	1.0	1.0	1.0	1.0					
5933.389	8.27599999999984	trials	7.0	5937.058301	5938.203310999999	5940.2874759999995	5941.12744	5936.113702	5939.142664999999			1.0	2.0	0.0	3.0					
5943.614	11.155000000000655	trials	7.0	5945.353045	5947.054312	5948.307541	5949.298153	5941.676907	5947.333187	5949.224	5950.875	1.0	1.0	1.0	1.0					
5954.898	6.266999999999825	trials	7.0	5956.831994	5958.6090380000005			5954.785554	5959.034455999999	5960.819	5961.059	2.0		1.0	1.0					
5964.659	6.730000000000473	trials	7.0	5966.261485	5967.560144	5969.766755	5970.731215	5965.374382	5968.8838670000005			1.0	1.0	0.0	3.0					
5972.074	8.360000000000582	trials	7.0	5974.066771	5975.74799	5978.378919999999	5978.904965	5971.402582	5977.462613	5979.064	5980.434	1.0	2.0	1.0	1.0					
5984.454	10.421000000000276	trials	7.0	5986.881552999999	5988.738578			5985.924768999999	5989.1471870000005	5990.894	5991.074	2.0		1.0	1.0					
5995.851	6.234000000000378	trials	7.0	5997.768357999999	5999.208423	6001.046069	6001.525251	5994.886302999999	5999.201149			1.0		0.0	2.0					
6005.254	11.246000000000095	trials	7.0	6010.072179999999	6011.717194	6014.601262	6015.027491	6009.283235	6013.539487	6015.434	6016.5	1.0	2.0	1.0	1.0					
6019.524	6.0349999999998545	trials	7.0	6021.122111	6022.312147	6024.3138149999995	6024.753817	6020.501138	6023.497936			1.0	2.0	0.0	3.0					
6026.634	5.270000000000437	trials	7.0	6028.536934	6029.89941			6025.576295	6029.89221			1.0		0.0	2.0					
6033.954	15.3100000000004	trials	7.0	6037.062699	6038.460112	6046.606087	6047.622133	6036.389359999999	6041.285645	6047.28	6049.264	1.0	1.0	1.0	1.0					
6051.364	11.655000000000655	trials	7.0	6053.917038	6055.038755	6060.446795	6061.426174	6053.275772	6059.523067	6061.04	6063.019	1.0	1.0	1.0	1.0					
6066.04	9.453999999999724	trials	7.0	6068.558426	6070.438005	6072.833811	6073.862987	6068.020009	6071.814119	6073.585	6075.494	1.0	1.0	1.0	1.0					
6078.514	9.470000000000255	trials	7.0	6080.422194999999	6081.530575	6085.33804	6086.4390459999995	6079.577396	6084.180632	6086.0	6087.984	1.0	1.0	1.0	1.0					
6092.004	8.279999999999745	trials	7.0	6094.402753	6095.648182999999	6098.356698	6098.799518	6093.792368	6096.93008	6099.159	6100.284	1.0	2.0	1.0	1.0					
6102.344	6.269999999999527	trials	7.0	6104.872679	6106.1140940000005			6104.354805999999	6106.595716	6108.264	6108.589	2.0		1.0	1.0					
6112.19	7.754000000000815	trials	7.0	6113.84279	6114.889139	6117.911991999999	6118.38743	6113.246284999999	6116.438656	6118.574	6119.944	1.0	2.0	1.0	1.0					
6122.969	6.6159999999999854	trials	7.0	6125.102712999999	6126.732384	6128.390614	6128.811229999999	6123.508448	6127.253852999999			1.0	2.0	0.0	3.0					
6130.748	10.676000000000386	trials	7.0	6132.347954999999	6133.403942	6135.283644	6136.208331	6129.585	6134.257538	6136.0	6137.894	1.0	1.0	1.0	1.0					
6141.915	6.679000000000087	trials	7.0	6143.688533	6145.418616	6147.4224699999995	6147.9451739999995	6141.422603	6145.410446			1.0		0.0	2.0					
6151.479	5.435999999999694	trials	7.0	6153.173108999999	6154.854507			6148.593680999999	6154.851986			1.0		0.0	2.0					
6159.97	12.610999999999876	trials	7.0	6163.957302999999	6165.752066999999	6171.460647	6172.010913	6163.036177999999	6169.480377			1.0	2.0	0.0	3.0					
6174.799	10.645000000000437	trials	7.0	6176.612703	6178.2714209999995			6172.577765999999	6178.7811919999995	6180.779	6180.849	2.0		1.0	1.0					
6185.659	6.4320000000006985	trials	7.0	6187.657972	6189.5435689999995			6185.446223999999	6189.809773999999	6191.794	6192.091	2.0		1.0	1.0					
6196.109	7.225999999999658	trials	7.0	6197.707375999999	6199.36907	6200.807921	6201.746367	6196.134042	6199.75145	6201.644	6203.335	1.0	1.0	1.0	1.0					
6206.359	6.975999999999658	trials	7.0	6209.813208	6211.264961999999			6209.019958	6211.251412			2.0		0.0	2.0					
6217.35	12.183999999999287	trials	7.0	6225.143123999999	6226.655154			6224.285153	6227.262895999999	6229.159	6229.534	2.0		1.0	1.0					
6231.615	9.309000000000196	trials	7.0	6234.138008999999	6236.0895869999995	6238.020853999999	6239.131272	6233.188233	6236.900873	6238.75	6240.924	1.0	1.0	1.0	1.0					
6244.0	9.134000000000015	trials	7.0	6246.7679689999995	6248.4662849999995	6250.479595999999	6251.447649	6245.957052	6249.5838889999995	6251.384	6253.134	1.0	1.0	1.0	1.0					
6257.159	6.645000000000437	trials	7.0	6258.737888	6259.816965	6262.329666	6263.125878999999	6257.918866999999	6261.533751			1.0	1.0	0.0	3.0					
6266.659	6.805000000000291	trials	7.0	6268.662792	6270.425131999999	6271.5113519999995	6272.016645	6263.804005999999	6270.552785999999	6272.284	6273.464	1.0	2.0	1.0	1.0					
6276.534	6.301000000000386	trials	7.0	6278.044706	6279.834411	6281.575925	6282.172632	6277.471407	6280.644644999999			1.0	2.0	0.0	3.0					
6283.904	5.324999999999818	trials	7.0	6285.899488999999	6287.221055999999			6282.8337599999995	6287.207694			2.0		0.0	2.0					
6291.285	9.109000000000378	trials	7.0	6294.233362	6295.480352	6297.695057	6298.773791	6293.718411	6296.489847	6298.429	6300.394	1.0	1.0	1.0	1.0					
6302.459	9.390000000000327	trials	7.0	6304.648278	6306.319802999999	6309.295313	6310.115142	6304.02687	6308.58767	6310.114	6311.849	1.0	1.0	1.0	1.0					
6313.864	9.7450000000008	trials	7.0	6316.090037999999	6317.767852999999			6315.523931	6317.787961999999	6319.739	6319.884	2.0		1.0	1.0					
6324.556	6.7280000000000655	trials	7.0	6326.285378	6327.749792	6329.317628999999	6329.77428	6323.608093	6328.239707	6330.125	6331.284	1.0	2.0	1.0	1.0					
6333.304	8.265000000000327	trials	7.0	6335.6137309999995	6337.107406	6339.492075	6339.982596999999	6334.949753	6337.995019999999	6340.25	6341.569	1.0	2.0	1.0	1.0					
6344.639	7.765000000000327	trials	7.0	6347.323133	6348.990594	6351.230361	6351.785013	6346.388951999999	6348.98646			1.0		0.0	2.0					
6354.009	6.744999999999891	trials	7.0	6356.104203	6357.305499			6352.4033119999995	6357.985256	6359.779	6360.754	2.0		1.0	1.0					
6362.774	8.524999999999636	trials	7.0	6365.521331999999	6366.72941	6368.610656	6369.527367	6364.70782	6367.700965999999	6369.449	6371.299	1.0	1.0	1.0	1.0					
6374.316	8.50799999999981	trials	7.0	6376.183822999999	6378.125884	6380.255698	6381.086733	6375.225936	6378.2234579999995	6381.0	6382.824	1.0	1.0	1.0	1.0					
6385.754	8.020000000000437	trials	7.0	6387.594098	6389.319418	6391.02021	6391.902824	6386.857215	6390.159519999999	6391.784	6393.774	1.0	1.0	1.0	1.0					
6397.794	7.8100000000004	trials	7.0	6399.514149	6400.974741	6402.892476	6403.9294279999995	6397.818676999999	6401.662297999999	6403.594	6405.604	1.0	1.0	1.0	1.0					
6409.649	9.475999999999658	trials	7.0	6411.465005999999	6412.645418			6410.032091	6413.167993999999	6415.204	6415.5	2.0		1.0	1.0					
6419.549	7.734999999999673	trials	7.0	6421.538527	6423.075752	6425.272768	6425.694074999999	6419.125386	6424.281685999999	6426.054	6427.284	1.0	2.0	1.0	1.0					
6431.348	15.831000000000131	trials	7.0	6439.738918999999	6441.342027	6444.840875999999	6445.318128	6439.146817	6442.745038999999	6445.659	6447.179	1.0	2.0	1.0	1.0					
6451.241	7.3530000000000655	trials	7.0	6453.194162	6454.770221999999	6455.831865	6456.867093	6451.215671999999	6454.734398	6456.569	6458.594	1.0	1.0	1.0	1.0					
6461.614	8.025000000000546	trials	7.0	6463.9087469999995	6465.471831	6466.886336	6467.841641	6463.028388	6466.041101999999	6467.744	6469.639	1.0	1.0	1.0	1.0					
6472.704	8.631000000000313	trials	7.0	6474.949186	6476.715504	6478.684893	6479.689877999999	6474.09762	6477.137111999999	6479.294	6481.335	1.0	1.0	1.0	1.0					
6484.415	5.899000000000342	trials	7.0	6486.328952	6487.504338			6484.852706	6488.138220999999	6489.949	6490.125	2.0		1.0	1.0					
6492.859	7.420000000000073	trials	7.0	6494.670859999999	6495.936081999999	6497.59749	6498.749519999999	6493.149418999999	6496.586598	6498.219	6500.279	1.0	1.0	1.0	1.0					
6503.299	6.095000000000255	trials	7.0	6505.149149	6506.576003	6508.336434999999	6508.886434999999	6503.8538579999995	6506.5698569999995			1.0		0.0	2.0					
6510.614	5.740000000000691	trials	7.0	6512.27406	6514.140869			6509.395692	6514.101065	6515.96	6516.354	2.0		1.0	1.0					
6518.414	7.743000000000393	trials	7.0	6520.40423	6521.681157	6523.653818	6524.618275999999	6519.765528	6522.627850999999	6524.379	6526.157	1.0	1.0	1.0	1.0					
6529.194	8.694999999999709	trials	7.0	6530.944299999999	6532.249161	6535.374457999999	6536.230952	6530.313188	6534.583049999999	6536.184	6537.889	1.0	1.0	1.0	1.0					
6541.927	7.847000000000662	trials	7.0	6543.854654	6545.451166999999	6546.909425999999	6547.847320999999	6542.39858	6546.163420999999	6547.585	6549.774	1.0	1.0	1.0	1.0					
6551.795	7.7590000000000146	trials	7.0	6554.144528999999	6555.528711	6557.517922	6557.611185	6553.366255999999	6556.512648			1.0	1.0	0.0	3.0					
6561.886	11.937999999999192	trials	7.0	6569.204248999999	6570.762492			6568.656879	6571.706365999999	6573.434	6573.769	2.0		1.0	1.0					
6576.349	8.944999999999709	trials	7.0	6579.434768	6580.8305279999995	6582.685743999999	6583.614329999999	6578.669339	6581.913404	6583.329	6585.294	1.0	1.0	1.0	1.0					
6587.359	10.274999999999636	trials	7.0	6592.050807	6593.812268	6595.523421	6596.075516999999	6591.324608	6594.415094999999	6596.199	6597.634	1.0	2.0	1.0	1.0					
6601.659	10.075000000000728	trials	7.0	6606.549999	6607.636939999999	6609.5865109999995	6610.199243	6605.557608	6608.746139	6610.419	6611.734	1.0	2.0	1.0	1.0					
6613.759	7.125	trials	7.0	6616.5394049999995	6618.172755			6615.984644	6618.433716	6620.219	6620.884	2.0		1.0	1.0					
6622.954	8.975000000000364	trials	7.0	6625.1403789999995	6626.505018	6629.155640999999	6630.176463	6624.186420999999	6628.135761	6629.96	6631.929	1.0	1.0	1.0	1.0					
6635.0	8.189000000000306	trials	7.0	6636.954318	6638.686739999999	6640.389518	6641.437596	6635.748901	6639.216281	6641.224	6643.189	1.0	1.0	1.0	1.0					
6646.25	6.969000000000051	trials	7.0	6647.800413	6649.673903	6651.9183459999995	6652.490207	6647.09483	6650.926039999999			1.0	2.0	0.0	3.0					
6655.274	5.214999999999236	trials	7.0	6657.124527	6658.477097999999			6653.221681999999	6658.471872			1.0		0.0	2.0					
6664.5	5.314000000000306	trials	7.0	6666.216179999999	6667.807193	6668.859315	6669.366806999999	6664.634518999999	6667.796082			1.0		0.0	2.0					
6671.87	16.059000000000196	trials	7.0	6676.274996	6677.976753999999	6685.341998	6686.218965999999	6675.336410999999	6682.201469	6686.024	6687.929	1.0	1.0	1.0	1.0					
6690.99	19.083999999999833	trials	7.0	6693.784589999999	6695.637255	6698.2899019999995	6699.1878	6692.96682	6697.256705	6699.079	6710.074	1.0	1.0	1.0	1.0					
6713.094	36.720000000000255	trials	7.0	6741.556006	6742.671563	6749.322096	6749.8182449999995	6741.016729	6747.9925539999995			1.0	2.0	0.0	3.0					
6751.654	38.08499999999913	trials	7.0	6784.690447999999	6786.527975	6788.630799	6789.145044	6784.0715119999995	6787.619322			1.0	2.0	0.0	3.0					
6792.994	7.220000000000255	trials	7.0	6794.640609	6796.700263999999	6797.6917379999995	6798.381654	6793.831717	6796.640708	6798.319	6800.214	1.0	1.0	1.0	1.0					
6804.301	5.76299999999992	trials	7.0	6806.125027	6807.202377			6805.4936689999995	6807.927992999999	6809.609	6809.764	2.0		1.0	1.0					
6812.591	9.88799999999992	trials	7.0	6815.301125	6816.575487	6819.732773	6820.7076179999995	6814.773451999999	6818.846909999999	6820.439	6822.479	1.0	1.0	1.0	1.0					
6825.5	7.22400000000016	trials	7.0	6827.395979999999	6829.103072	6831.559439	6832.7271089999995	6826.682159	6830.6928			1.0	1.0	1.0	1.0					
6836.154	11.949999999999818	trials	7.0	6840.676068	6842.252171	6845.101089	6846.148531	6839.98432	6843.607529999999	6845.774	6848.104	1.0	1.0	1.0	1.0					
6852.125	10.15899999999965	trials	7.0	6854.080569	6855.202378999999			6853.229434999999	6856.050665999999	6858.349	6858.454	2.0		1.0	1.0					
6863.29	7.020999999999731	trials	7.0	6864.882415	6866.32243	6867.6986019999995	6868.718978	6862.288084	6866.8049169999995	6868.359	6870.311	1.0	1.0	1.0	1.0					
6872.375	11.774000000000342	trials	7.0	6876.080379	6877.765737			6875.312336	6878.308838999999	6880.109	6880.415	2.0		1.0	1.0					
6885.097	6.132000000000517	trials	7.0	6886.700702	6888.073907999999	6889.469241	6890.503621999999	6884.152661	6888.515724			1.0	1.0	0.0	3.0					
6892.804	6.786000000000058	trials	7.0	6894.655828	6895.718075999999	6898.951137	6899.592076999999	6891.233496	6898.106382			1.0	2.0	0.0	3.0					
6903.304	8.610999999999876	trials	7.0	6907.250677999999	6908.9052679999995			6906.285793999999	6909.482666	6911.649	6911.869	2.0		1.0	1.0					
6914.471	5.92200000000048	trials	7.0	6916.075765	6917.572901			6915.235038	6918.152645	6919.939	6920.344	2.0		1.0	1.0					
6923.904	7.619999999999891	trials	7.0	6925.7221039999995	6927.168428	6928.736515	6929.904941999999	6924.696355	6927.871496	6929.469	6931.524	1.0	1.0	1.0	1.0					
6933.62	8.97400000000016	trials	7.0	6936.806227	6938.683058	6939.91062	6940.934115	6936.006657	6939.178379	6940.684	6942.594	1.0	1.0	1.0	1.0					
6944.659	9.301000000000386	trials	7.0	6947.851699	6949.202592	6951.035210999999	6952.126864999999	6946.8764249999995	6950.299746	6951.809	6953.96	1.0	1.0	1.0	1.0					
6957.024	10.185999999999694	trials	7.0	6959.196287999999	6960.505913999999			6958.249793999999	6960.852344999999	6962.839	6962.944	2.0		1.0	1.0					
6967.589	6.550000000000182	trials	7.0	6969.411609	6970.622964	6973.2186169999995	6973.517814	6967.2152989999995	6971.667584999999			1.0	2.0	0.0	3.0					
6977.544	4.025000000000546	trials	7.0	6979.106266999999	6979.503452999999			6974.144257	6979.493235			1.0		0.0	2.0					
6983.614	14.540000000000873	trials	7.0	6989.396959	6991.348231	6996.096740999999	6996.575202	6988.47509	6994.028882	6996.904	6998.154	1.0	2.0	1.0	1.0					
7000.179	9.11999999999989	trials	7.0	7003.656341	7004.7284	7006.477653	7007.5612949999995	7003.113434999999	7005.6258259999995	7007.229	7009.299	1.0	1.0	1.0	1.0					
7011.384	11.625	trials	7.0	7014.538388999999	7016.043277999999			7013.858942	7016.538936999999	7018.364	7018.514	2.0		1.0	1.0					
7023.08	5.354000000000269	trials	7.0	7024.961249999999	7026.429482			7023.012234	7026.4263089999995			2.0		0.0	2.0					
7031.44	7.584000000000742	trials	7.0	7033.499502	7035.323289	7037.2932599999995	7037.568851	7031.57525	7036.1697429999995	7038.009	7039.024	1.0	2.0	1.0	1.0					
7041.055	34.873999999999796	trials	7.0	7068.416351	7070.238281999999	7072.704339	7073.148681	7067.798637	7071.826994999999			1.0	2.0	0.0	3.0					
7077.084	12.699999999999818	trials	7.0	7084.941693	7086.096173999999	7088.716299	7089.166947	7083.950462999999	7087.046679			1.0	2.0	1.0	1.0					
7093.359	9.759999999999309	trials	7.0	7096.786523999999	7097.998492	7100.841332	7101.316059	7096.27686	7099.868246999999	7101.629	7103.119	1.0	2.0	1.0	1.0					
7106.139	12.515000000000327	trials	7.0	7108.31192	7109.744369	7112.375174999999	7112.98226	7107.431441999999	7110.804822	7113.125	7114.679	1.0	2.0	1.0	1.0					
7118.744	6.480000000000473	trials	7.0	7120.746896	7122.129865999999	7123.782472999999	7124.454788999999	7118.6593809999995	7122.123224999999			1.0		0.0	2.0					
7126.144	7.399999999999636	trials	7.0	7128.027308	7129.465523	7131.03479	7131.793119	7125.227035999999	7129.798991	7131.969	7133.544	1.0	1.0	1.0	1.0					
7135.61	9.53400000000056	trials	7.0	7139.102249	7140.462062	7142.184821	7143.356543	7138.555748	7141.214658	7142.994	7145.144	1.0	1.0	1.0	1.0					
7148.209	9.307999999999993	trials	7.0	7150.982983	7152.296238	7154.877323	7155.824853	7150.3357639999995	7154.072609	7155.679	7157.517	1.0	1.0	1.0	1.0					
7161.577	7.9229999999997744	trials	7.0	7163.357094	7164.753734999999	7166.6771	7167.759545	7162.790136	7165.81759	7167.354	7169.5	1.0	1.0	1.0	1.0					
7171.519	7.059999999999491	trials	7.0	7174.612407	7176.0207869999995			7173.746448	7176.425052	7178.229	7178.444	2.0		1.0	1.0					
7181.149	8.935999999999694	trials	7.0	7183.701886999999	7185.465983	7187.399748	7188.431498999999	7182.852209999999	7186.441202999999	7188.104	7190.085	1.0	1.0	1.0	1.0					
7193.104	8.829999999999927	trials	7.0	7195.117193	7196.60603	7199.007995	7199.903544999999	7194.412823	7198.2502349999995	7199.75	7201.934	1.0	1.0	1.0	1.0					
7204.774	8.614999999999782	trials	7.0	7207.462329	7209.079338	7210.351995	7211.468027	7206.775691	7209.571953	7211.204	7213.389	1.0	1.0	1.0	1.0					
7217.404	9.839999999999236	trials	7.0	7219.188727999999	7220.801399999999	7224.530597999999	7225.51272	7218.311768	7223.665107	7225.309	7227.244	1.0	1.0	1.0	1.0					
7231.317	7.636999999999716	trials	7.0	7233.336953999999	7235.175635	7236.56607	7237.139316999999	7231.626313999999	7235.5877789999995	7237.299	7238.954	1.0	2.0	1.0	1.0					
7241.974	7.360999999999876	trials	7.0	7244.167205	7245.4707			7243.575389	7246.718107999999	7248.96	7249.034	2.0		1.0	1.0					
7252.869	6.5460000000002765	trials	7.0	7254.733458	7255.886074999999	7257.87339	7258.728375	7253.094132	7256.403512999999			1.0	1.0	0.0	3.0					
7260.229	8.264999999999418	trials	7.0	7261.934028	7262.954189			7259.421735	7266.080918	7267.854	7268.229	2.0		1.0	1.0					
7271.75	8.710000000000036	trials	7.0	7274.207261	7275.926229	7277.64326	7278.7507829999995	7273.635797999999	7276.749760999999	7278.41	7280.46	1.0	1.0	1.0	1.0					
7283.52	8.354999999999563	trials	7.0	7286.192720999999	7287.601036999999	7289.501324	7290.032794999999	7285.226337	7288.080252	7290.349	7291.875	1.0	2.0	1.0	1.0					
7293.899	10.390999999999622	trials	7.0	7298.707778999999	7300.17605	7302.038785999999	7302.64783	7297.840526	7300.978026999999	7302.719	7304.29	1.0	2.0	1.0	1.0					
7306.354	8.974999999999454	trials	7.0	7311.358001	7313.334419999999	7314.904035	7315.335233	7310.765842999999	7313.3780639999995			1.0	2.0	0.0	3.0					
7318.25	12.639000000000124	trials	7.0	7320.497786	7322.405081	7328.374073999999	7328.9478149999995	7319.648916	7325.121537999999	7329.0	7330.889	1.0	2.0	1.0	1.0					
7334.954	5.5700000000006185	trials	7.0	7336.933722	7338.021927			7335.339246	7338.3452369999995	7340.189	7340.399	2.0		1.0	1.0					
7344.093	8.110999999999876	trials	7.0	7345.638338999999	7346.889738	7349.504471	7350.384672	7344.826653	7348.258277999999	7350.169	7352.204	1.0	1.0	1.0	1.0					
7356.22	9.094000000000051	trials	7.0	7358.1333589999995	7360.121891999999	7361.338546999999	7362.30897	7357.029911	7360.271971	7362.114	7365.314	1.0	1.0	1.0	1.0					
7368.334	8.970000000000255	trials	7.0	7370.323155	7371.676367	7374.510918	7375.610118	7369.8104459999995	7373.006842999999	7375.369	7377.304	1.0	1.0	1.0	1.0					
7380.325	6.764000000000124	trials	7.0	7382.368517	7383.775317			7381.747018999999	7384.809101	7386.699	7386.964	2.0		1.0	1.0					
7389.614	8.790000000000873	trials	7.0	7393.663267999999	7394.873275999999	7397.131662	7397.601487999999	7392.711112999999	7396.019512999999			1.0	2.0	0.0	3.0					
7400.499	5.46100000000024	trials	7.0	7402.2880319999995	7403.960021999999			7398.410742	7403.957501999999			1.0		0.0	2.0					
7409.969	9.305000000000291	trials	7.0	7414.178615	7415.459123			7413.270436999999	7416.281324	7418.079	7419.274	2.0		1.0	1.0					
7423.294	7.845000000000255	trials	7.0	7425.018419999999	7426.089717	7429.0230679999995	7429.5911719999995	7424.477041	7428.1327759999995	7429.889	7431.139	1.0	2.0	1.0	1.0					
7433.159	12.84100000000035	trials	7.0	7442.203527	7443.910119	7444.843199999999	7445.267556999999	7441.200569	7444.0095329999995			1.0	2.0	0.0	3.0					
7448.209	11.126000000000204	trials	7.0	7450.10848	7451.544822	7453.298438	7454.122377	7446.00383	7452.461987999999	7453.924	7455.679	1.0	1.0	1.0	1.0					
7459.725	5.153999999999542	trials	7.0	7461.5637289999995	7462.355544999999	7463.864136	7464.3343589999995	7459.343134999999	7462.352127			1.0		0.0	2.0					
7466.47	8.328999999999724	trials	7.0	7468.098975	7469.316809			7464.887355	7469.576759	7471.559	7471.704	2.0		1.0	1.0					
7475.409	8.805000000000291	trials	7.0	7477.179096	7478.270570999999			7474.805141	7478.796638	7480.699	7480.794	2.0		1.0	1.0					
7485.589	4.746000000000095	trials	7.0	7487.105339	7488.125571	7489.071961	7489.561782	7484.221968	7488.117748			1.0		0.0	2.0					
7492.184	7.08600000000024	trials	7.0	7496.3736229999995	7497.2674879999995			7495.504843999999	7497.2524109999995			1.0		0.0	2.0					
7501.317	25.686999999999898	trials	7.0	7522.264456	7523.349711	7525.81309	7526.280215999999	7521.614441	7524.835462999999			1.0	2.0	0.0	3.0					
7530.139	70.61099999999988	trials	7.0	7534.878591	7536.240635			7533.875226	7538.542724999999			1.0		0.0	5.0					
7602.759	304.83500000000004	trials	7.0	7905.052355	7905.403418	7907.114898	7907.604292999999	7904.151768	7905.3972619999995			1.0		0.0	2.0					
7911.415	33.89900000000034	trials	7.0	7940.646326	7942.297009			7940.090913	7942.723328	7944.534	7945.314	2.0		1.0	1.0					
7947.335	11.875	trials	7.0	7951.585583	7953.353072	7956.212501999999	7957.314281	7950.905196	7955.240577	7956.96	7959.21	1.0	1.0	1.0	1.0					
7962.232	7.768000000000029	trials	7.0	7965.490760999999	7966.742482			7964.787947	7967.728697	7969.415	7970.0	2.0		1.0	1.0					
7974.069	7.524999999999636	trials	7.0	7976.802374999999	7978.648244999999			7976.205056999999	7978.892049	7980.679	7981.594	2.0		1.0	1.0					
7983.375	20.375	trials	7.0	7997.056396999999	7998.954462	8001.493256	8002.015433	7996.076435999999	8000.526024	8002.129	8003.75	1.0	2.0	1.0	1.0					
8006.764	11.5649999999996	trials	7.0	8013.6415099999995	8015.032853999999	8016.13167	8016.6536719999995	8012.917946	8015.232741	8016.824	8018.329	1.0	2.0	1.0	1.0					
8022.416	6.462999999999738	trials	7.0	8024.057360999999	8025.568120999999			8023.403673	8026.5225439999995	8028.269	8028.879	2.0		1.0	1.0					
8030.909	9.6850000000004	trials	7.0	8034.380684	8035.72847	8037.455666	8037.720479	8033.831627	8035.722986999999			1.0		0.0	2.0					
8040.735	36.10900000000038	trials	7.0	8074.446566	8074.842962			8073.934472	8074.83756			1.0		0.0	2.0					
8079.85	19.15899999999965	trials	7.0	8093.161066	8094.908324	8096.038501999999	8097.034702999999	8092.553325	8095.145853	8096.724	8099.009	1.0	1.0	1.0	1.0					
8101.069	31.574999999999818	trials	7.0	8125.771944	8127.163568	8128.265254999999	8128.605106999999	8124.782268	8127.159299			1.0		0.0	2.0					
8133.174	5.5900000000001455	trials	7.0	8135.0668909999995	8136.20795			8132.6547949999995	8136.6966139999995	8138.469	8138.739	2.0		1.0	1.0					
8141.303	10.52099999999973	trials	7.0	8145.76323	8147.092176	8149.092203	8149.860643999999	8144.907741	8148.021081	8149.954	8151.824	1.0	1.0	1.0	1.0					
8154.888	12.64599999999973	trials	7.0	8163.656666999999	8164.248551	8167.007109	8167.545219	8162.805719999999	8164.245113999999			1.0		0.0	2.0					
8170.256	14.993999999999687	trials	7.0	8178.013429999999	8179.841979	8182.58227	8183.036053	8177.434539	8181.504303	8183.259	8185.25	1.0	2.0	1.0	1.0					
8189.317	21.757000000000517	trials	7.0	8205.006582	8206.973452999999	8208.427749999999	8209.144137	8204.191644999999	8207.059079999999	8209.04	8211.074	1.0	1.0	1.0	1.0					
8214.109	49.36499999999978	trials	7.0	8256.782249	8258.492715	8260.807565	8261.22537	8256.247551	8259.694175	8261.609	8263.474	1.0	2.0	1.0	1.0					
8266.494	41.159999999999854	trials	7.0	8304.557646	8305.653751			8303.977988999999	8305.644891			1.0		0.0	2.0					
8309.665	20.669999999998254	trials	7.0	8325.227732	8326.569383			8324.381904	8328.102805999999	8330.049	8330.204	2.0		1.0	1.0					
8332.954	78.5059999999994	trials	7.0	8404.757192	8406.32412	8408.871081	8409.5888	8403.830926999999	8407.885515	8409.599	8411.46	1.0	1.0	1.0	1.0					
8415.559	13.915000000000873	trials	7.0	8421.95985	8423.145122	8426.468976	8427.317133999999	8420.954969999999	8425.360905	8427.21	8429.474	1.0	1.0	1.0	1.0					
8432.494	12.414999999999054	trials	7.0	8438.662635	8440.261761	8442.995341	8443.506035999999	8437.705537	8441.911062			1.0	2.0	0.0	3.0					
8445.329	9.625	trials	7.0	8447.099325	8448.879329	8451.876893999999	8452.675635	8444.919843	8450.441163	8452.554	8454.954	1.0	1.0	1.0	1.0					
8458.974	23.86999999999898	trials	7.0	8474.483339	8476.387467	8480.515799	8481.053474	8473.527749	8479.039171	8481.329	8482.844	1.0	2.0	1.0	1.0					
8486.864	17.104999999999563	trials	7.0	8497.243532	8498.601222			8496.705061999999	8500.809632	8502.689	8503.969	2.0		1.0	1.0					
8507.075	11.823999999998705	trials	7.0	8513.854301	8515.730506	8518.386794999999	8518.909119	8513.246984	8516.378834			1.0	2.0	0.0	3.0					
8520.71	73.00900000000001	trials	7.0	8589.055278	8590.351901	8593.10551	8593.732070999999	8588.171665	8591.675784			1.0	2.0	0.0	3.0					
8595.45	13.703999999999724	trials	7.0	8600.028727	8601.67008	8606.493425	8607.221613	8599.437286	8605.204193	8607.159	8609.154	1.0	1.0	1.0	1.0					
8611.174	16.849999999998545	trials	7.0	8618.423415	8620.059862999999	8625.169957999999	8626.016703	8617.66117	8624.054408	8625.884	8628.024	1.0	1.0	1.0	1.0					
8630.09	9.654000000000451	trials	7.0	8635.910331	8637.295388999999	8639.360928	8639.754914	8635.272952	8638.175283			1.0	2.0	0.0	3.0					
8642.679	6.219999999999345	trials	7.0	8644.328972	8646.073715999999			8643.304076	8646.753702	8648.849	8648.859	2.0		1.0	1.0					
8652.384	22.524999999999636	trials	7.0	8662.00881	8663.515997999999	8672.046924	8672.777085	8661.015992999999	8670.539223	8672.859	8674.909	1.0	1.0	1.0	1.0					
8678.929	11.104999999999563	trials	7.0	8682.824187	8683.946447	8686.97123	8687.852067	8682.303879	8685.958926	8687.619	8690.034	1.0	1.0	1.0	1.0					
8694.05	12.899000000001251	trials	7.0	8700.274428	8701.895138	8703.923406	8705.039991	8699.675245999999	8702.697284	8704.634	8706.949	1.0	1.0	1.0	1.0					
8711.014	12.175000000001091	trials	7.0	8718.619314	8720.134849999999			8717.672958	8720.981421	8722.754	8723.119	2.0		1.0	1.0					
8725.749	10.635000000000218	trials	7.0	8729.649678	8731.62654	8733.492747	8734.293317	8729.02853	8732.368699999999	8734.264	8736.384	1.0	1.0	1.0	1.0					
8739.429	11.180000000000291	trials	7.0	8743.850976	8744.865929	8747.603361	8748.227057	8743.271326999999	8746.254267	8748.384	8750.609	1.0	2.0	1.0	1.0					
8752.665	11.084999999999127	trials	7.0	8756.949741	8758.095597	8762.434536	8762.965365	8756.303856999999	8760.622836999999			1.0	2.0	0.0	3.0					
8765.75	5.843999999999141	trials	7.0	8767.369575	8768.53919			8763.759345999999	8769.369053999999	8771.269	8771.404	2.0		1.0	1.0					
8774.109	12.340000000000146	trials	7.0	8779.899921	8781.264603	8783.656008	8784.446163	8779.350306	8782.522189	8784.264	8786.449	1.0	1.0	1.0	1.0					
8790.509	8.735000000000582	trials	7.0	8794.739618	8796.436472			8793.959155999999	8796.98115	8798.844	8798.929	2.0		1.0	1.0					
8802.719	12.545000000000073	trials	7.0	8809.95947	8811.809054	8813.21286	8813.285894999999	8809.364742	8812.257794			2.0		0.0	4.0					
8819.274	9.712999999999738	trials	7.0	8825.859757999999	8826.886728			8825.346557	8826.880173			1.0		0.0	2.0					
8831.0	81.41899999999987	trials	7.0	8904.83499	8906.232089	8909.456452999999	8909.985857	8903.990301	8908.20615	8910.184	8912.419	1.0	2.0	1.0	1.0					
8916.469	11.355000000001382	trials	7.0	8922.924975	8924.591582			8922.382467	8925.553713	8927.319	8927.824	2.0		1.0	1.0					
8930.844	9.840000000000146	trials	7.0	8936.120141	8937.465108	8939.757548	8940.699944	8935.255659999999	8938.680176			1.0	1.0	0.0	3.0					
8942.129	85.17499999999927	trials	7.0	9021.266948	9022.86083	9024.889772999999	9025.35929	9020.418803999999	9023.783703			1.0	2.0	0.0	3.0					
9028.229	7.400000000001455	trials	7.0	9029.940767	9031.657509	9032.929141999999	9033.586271	9027.317912999999	9032.033652	9033.589	9035.629	1.0	1.0	1.0	1.0					
9038.676	13.31800000000112	trials	7.0	9045.215322	9047.107834999999	9048.763484	9049.624914	9044.36163	9047.678001	9049.329	9051.994	1.0	1.0	1.0	1.0					
9054.064	18.11499999999978	trials	7.0	9064.705975	9066.257172	9068.706605	9069.491989999999	9063.756632	9067.348698	9069.319	9072.179	1.0	1.0	1.0	1.0					
9076.199	19.459999999999127	trials	7.0	9087.875758999999	9089.66813	9093.112386	9093.693285	9086.897848999999	9092.099267	9093.799	9095.659	1.0	2.0	1.0	1.0					
9098.724	10.709999999999127	trials	7.0	9103.076072	9104.372738999999	9109.049995	9109.448137	9102.449073	9104.367293			1.0		0.0	2.0					
9110.454	35.970000000001164	trials	7.0	9141.591027999999	9142.887901999999	9145.841467999999	9146.436579	9140.850003	9144.689039			1.0	2.0	0.0	3.0					
9148.195	14.4950000000008	trials	7.0	9154.625888999999	9155.708517	9160.006961	9160.592141	9154.05896	9158.575968	9160.754	9162.69	1.0	2.0	1.0	1.0					
9165.756	20.53900000000067	trials	7.0	9178.038	9179.579	9183.514	9184.074	9177.474	9182.359	9184.254	9186.295	1.0	2.0	1.0	1.0					
9188.357	24.71099999999933	trials	7.0	9207.957190000001	9209.253474000001			9207.004	9210.825057000002	9212.714	9212.829	2.0		1.0	1.0					
9217.567	10.927000000001499	trials	7.0	9221.997757000001	9223.804817000002	9226.939699	9227.431266000001	9221.252440000002	9224.305477000002			1.0	2.0	0.0	3.0					
9229.54	9.683999999999287	trials	7.0	9231.504406000002	9233.239417	9235.740043000002	9236.438667000002	9228.493825000001	9234.600286	9236.439	9239.224	1.0	1.0	1.0	1.0					
9242.294	27.915999999999258	trials	7.0	9263.964582	9265.457803000001	9267.300096	9268.107981000001	9263.445256	9266.243421000001	9268.064	9270.21	1.0	1.0	1.0	1.0					
9272.323	16.556000000000495	trials	7.0	9281.488176	9283.091488000002	9285.901231000002	9286.767798	9280.917667000002	9284.657563	9286.629	9288.879	1.0	1.0	1.0	1.0					
9290.909	12.854999999999563	trials	7.0	9298.113031	9299.429326000001	9300.953580000001	9301.774441000001	9297.476256000002	9299.729665	9301.804	9303.764	1.0	1.0	1.0	1.0					
9306.869	19.894999999998618	trials	7.0	9320.578332000001	9322.360878000001	9324.121855000001	9324.737034000002	9319.597068000001	9323.085631000002	9324.919	9326.764	1.0	1.0	1.0	1.0					
9330.801	22.593000000000757	trials	7.0	9346.42401	9347.600400000001	9350.808849000001	9351.373557	9345.643128000002	9349.309477	9351.674	9353.394	1.0	2.0	1.0	1.0					
9357.415	14.493999999998778	trials	7.0	9362.828391000001	9364.764633	9368.937673000002	9369.862918	9362.054307000002	9367.521921000001	9369.769	9371.909	1.0	1.0	1.0	1.0					
9375.979	8.936000000001513	trials	7.0	9379.613739000002	9381.001786			9378.620563	9381.413697000002	9383.129	9384.915	2.0		1.0	1.0					
9386.984	14.015999999999622	trials	7.0	9395.924038000001	9397.495011	9399.111355000001	9399.601924	9395.087062	9398.047981000002			1.0	2.0	0.0	3.0					
9402.494	5.399999999999636	trials	7.0	9404.068899000002	9405.37497			9401.000944000001	9405.677920000002	9407.369	9407.894	2.0		1.0	1.0					
9411.959	11.094999999999345	trials	7.0	9415.20879	9416.680707000001	9420.210726000001	9421.026516000002	9414.646206000001	9419.093761000002	9421.109	9423.054	1.0	1.0	1.0	1.0					
9426.125	11.0	trials	7.0	9430.340517	9431.865457000002	9434.247147000002	9435.139949000002	9429.589684	9433.33429	9434.944	9437.125	1.0	1.0	1.0	1.0					
9440.145	10.729999999999563	trials	7.0	9446.934087000001	9448.865772000001			9446.159123000001	9448.858511000002			2.0		0.0	2.0					
9452.879	10.536000000000058	trials	7.0	9455.144722000001	9456.410530000001	9460.885723000001	9461.402496	9454.273125000002	9459.679766000001	9461.514	9463.415	1.0	2.0	1.0	1.0					
9467.434	7.941000000000713	trials	7.0	9469.863928	9471.371653000002	9473.572446000002	9474.172212000001	9469.153779000002	9472.200915000001			1.0	2.0	0.0	3.0					
9477.899	8.069999999999709	trials	7.0	9479.913550000001	9481.325826000002	9482.910624000002	9483.606662000002	9475.377308000001	9481.823955000002	9483.629	9485.969	1.0	1.0	1.0	1.0					
9489.029	14.069999999999709	trials	7.0	9494.154506	9496.165399000001	9499.951348	9500.705338000002	9493.549771000002	9498.855001000002	9500.689	9503.099	1.0	1.0	1.0	1.0					
9507.165	10.948999999998705	trials	7.0	9511.380900000002	9513.181504000002	9515.146791000001	9515.976429000002	9510.419100000001	9514.031688000001	9515.869	9518.114	1.0	1.0	1.0	1.0					
9521.176	39.24800000000141	trials	7.0	9526.256098000002	9528.136821000002	9557.470437000002	9558.328594	9525.403017	9528.819114000002	9558.154	9560.424	1.0	1.0	1.0	1.0					
9562.444	10.346000000001368	trials	7.0	9568.381038000001	9570.055693000002	9572.144946000002	9572.795449000001	9567.782305	9570.664105000002			1.0	1.0	0.0	3.0					
9574.469	59.65600000000086	trials	7.0	9629.414305000002	9631.290936000001			9628.466581	9631.892905	9633.744	9633.925	2.0		1.0	1.0					
9636.585	13.114000000001397	trials	7.0	9644.569665	9646.087351000002			9643.870204	9646.754132000002	9648.601	9649.699	2.0		1.0	1.0					
9652.744	12.229999999999563	trials	7.0	9658.150189000002	9659.766922	9662.483983000002	9663.167223	9657.383044000002	9661.279938000001	9663.284	9664.974	1.0	1.0	1.0	1.0					
9669.04	7.733999999998559	trials	7.0	9672.350041000002	9674.166457000001			9671.653855	9674.558868000002	9676.364	9676.554	2.0		1.0	1.0					
9680.259	13.719999999999345	trials	7.0	9688.021261000002	9689.205921	9691.07155	9691.984608	9687.042292000002	9689.922992000002	9691.819	9693.979	1.0	1.0	1.0	1.0					
9696.0	15.429000000000087	trials	7.0	9704.284770000002	9706.272016	9708.507581000002	9709.419124000002	9703.692112	9707.050288000002	9709.239	9711.429	1.0	1.0	1.0	1.0					
9715.584	509.5699999999997	BlockDesign														1.0	749.0	777.0	50.0	90.0
9715.584	13.040999999999258	trials	8.0	9721.980550000002	9723.192289	9725.867707000001	9726.511783000002	9720.982303	9724.550931000002	9726.694	9728.625	1.0	2.0	1.0	1.0					
9732.694	11.125	trials	8.0	9737.524466	9738.923641000001	9742.475956000002	9742.999799000001	9736.536811000002	9738.916708			1.0		0.0	2.0					
9745.062	7.332000000000335	trials	8.0	9746.905338	9748.798528000001	9750.649303000002	9751.323739000001	9743.821719000001	9749.68222			1.0	1.0	0.0	3.0					
9754.029	8.174999999999272	trials	8.0	9755.556077000001	9756.837295000001	9759.852385000002	9760.408786000002	9752.396487000002	9758.865004000001	9760.71	9762.204	1.0	2.0	1.0	1.0					
9764.226	7.962999999999738	trials	8.0	9767.980751000001	9769.6776			9767.350166000002	9770.04959	9771.844	9772.029	2.0		1.0	1.0					
9774.714	8.069999999999709	trials	8.0	9777.436191	9779.253754000001			9776.693172000001	9779.970945000001	9781.79	9782.784	2.0		1.0	1.0					
9784.853	10.256000000001222	trials	8.0	9788.967239000001	9790.082018000001	9792.582277000001	9793.360938000002	9788.243925	9791.562838000002	9793.339	9795.109	1.0	1.0	1.0	1.0					
9797.179	17.070999999999913	trials	8.0	9810.615570000002	9811.929262000001	9813.808572000002	9814.252892	9809.896582000001	9812.545306000002			1.0	2.0	0.0	3.0					
9817.149	65.23999999999978	trials	8.0	9878.205855000002	9879.787507000001			9877.611297000001	9880.238070000001	9882.009	9882.389	2.0		1.0	1.0					
9884.448	9.011999999998807	trials	8.0	9889.405771000002	9890.808143000002			9888.734268000002	9891.2548	9893.004	9893.46	2.0		1.0	1.0					
9897.484	11.569999999999709	trials	8.0	9902.151252000001	9903.822307000002	9906.253926000001	9907.016449	9901.421125	9905.109427000001	9907.064	9909.054	1.0	1.0	1.0	1.0					
9912.099	9.43499999999949	trials	8.0	9916.401070000002	9917.799502000002	9920.981667000002	9921.535673000002	9915.481300000001	9917.791834000001			1.0		0.0	2.0					
9921.864	7.145000000000437	trials	8.0	9924.096615000002	9925.408433			9923.253376	9926.444263000001	9928.394	9929.009	2.0		1.0	1.0					
9931.774	8.960000000000946	trials	8.0	9937.056637000002	9938.728659			9936.216595000002	9938.721833000001			1.0		0.0	2.0					
9943.74	18.748999999999796	trials	8.0	9954.382968000002	9956.399457000001	9960.216843000002	9960.718454000002	9953.847793	9959.175846000002	9960.835	9962.489	1.0	2.0	1.0	1.0					
9966.514	12.200000000000728	trials	8.0	9972.642077	9974.572897000002	9977.134489000002	9977.732332000001	9971.8078	9976.048401000002			1.0	1.0	0.0	3.0					
9980.504	9.18999999999869	trials	8.0	9982.476661	9983.537805000002	9987.329233	9987.885667	9978.719631000002	9986.422651	9987.969	9989.694	1.0	2.0	1.0	1.0					
9993.759	10.68499999999949	trials	8.0	9997.166548000001	9998.962893000002	10001.762753	10002.437088	9996.190618	9999.610504000002	10002.529	10004.444	1.0	2.0	1.0	1.0					
10007.464	14.085000000000946	trials	8.0	10013.257965	10014.458149000002	10018.874730000001	10019.440358000002	10012.634494000002	10017.361666	10019.54	10021.549	1.0	2.0	1.0	1.0					
10023.615	14.148999999999432	trials	8.0	10030.346870000001	10031.779109000001	10034.925989000001	10035.505764000001	10029.376519000001	10033.654311000002	10035.75	10037.764	1.0	2.0	1.0	1.0					
10041.784	14.235000000000582	trials	8.0	10046.267010000001	10048.060487	10053.532027000001	10054.046358000001	10045.669263000002	10048.681216	10054.204	10056.019	1.0	2.0	1.0	1.0					
10059.054	34.58499999999913	trials	8.0	10087.093212000002	10088.949351000001	10090.921863000001	10091.473549000002	10086.513379000002	10089.728227000001	10091.54	10093.639	1.0	2.0	1.0	1.0					
10097.707	10.951999999999316	trials	8.0	10099.258354000001	10101.134643000001	10105.883570000002	10106.344677000001	10098.579513	10103.485474000001	10106.559	10108.659	1.0	2.0	1.0	1.0					
10110.579	9.125	trials	8.0	10114.861920000001	10116.49068			10114.25789	10117.456777000001	10119.189	10119.704	2.0		1.0	1.0					
10122.724	11.27599999999984	trials	8.0	10126.767654000001	10128.128398	10130.890983000001	10131.688204000002	10125.797736	10129.943437000002	10131.744	10134.0	1.0	2.0	1.0	1.0					
10136.034	19.235000000000582	trials	8.0	10148.887722000001	10150.748650000001	10152.718483	10153.291374	10148.045416	10151.171692000002	10153.519	10155.269	1.0	2.0	1.0	1.0					
10157.29	15.73399999999856	trials	8.0	10165.33702	10166.849351	10170.305956000002	10170.897139	10164.796551000001	10169.163785	10170.939	10173.024	1.0	2.0	1.0	1.0					
10175.079	37.33600000000115	trials	8.0	10206.942750000002	10208.142924000002	10210.02259	10210.431259	10205.983524000001	10208.750932	10210.774	10212.415	1.0	2.0	1.0	1.0					
10216.479	8.675000000001091	trials	8.0	10219.352956	10221.124026000001	10222.664035000002	10223.152219000001	10218.801519	10221.517767000001	10223.364	10225.154	1.0	2.0	1.0	1.0					
10229.192	585.6670000000013	BlockDesign														0.0	778.0	809.0	50.0	10.0
10229.192	9.507000000001426	trials	9.0	10233.612927000002	10234.803213000001	10236.896452	10237.526784000001	10232.875162	10235.199427000001			1.0	2.0	0.0	3.0					
10240.229	6.7450000000008	trials	9.0	10242.212384000002	10243.715731000002			10238.705887000002	10244.899150000001	10246.594	10246.769	2.0		1.0	1.0					
10251.519	7.480999999999767	trials	9.0	10253.178048000002	10254.879136000001	10258.487650000001	10259.002929000002	10252.481605	10256.987548000001			1.0	1.0	0.0	3.0					
10261.768	11.126000000000204	trials	9.0	10269.193140000001	10270.493152000001	10272.44339	10272.900666000001	10268.255935000001	10271.336206000002			1.0	2.0	0.0	3.0					
10275.769	60.86499999999978	trials	9.0	10333.098390000001	10334.526171000001	10336.028688000002	10336.641958000002	10332.320901000001	10335.042559000001			1.0	2.0	0.0	3.0					
10338.408	73.00700000000143	trials	9.0	10403.228651000001	10404.327261000002	10408.715197000001	10409.326747000001	10402.282955	10407.024597000001	10409.54	10411.415	1.0	1.0	1.0	1.0					
10413.479	17.625	trials	9.0	10425.135025000001	10426.530399000001	10428.795252000002	10429.400115	10424.530132000002	10427.785768000002			1.0	2.0	0.0	3.0					
10431.126	5.862999999999374	trials	9.0	10432.734619	10434.586999000001	10436.304135000002	10436.994171000002	10431.109978	10435.394640000002			1.0	1.0	0.0	3.0					
10439.67	62.902000000000044	trials	9.0	10494.984180000001	10496.938300000002	10499.757367000002	10500.346306000001	10494.416134000001	10498.561875000001	10500.529	10502.572	1.0	2.0	1.0	1.0					
10506.589	20.36499999999978	trials	9.0	10518.873574000001	10520.790425000001	10525.159587000002	10525.613479000001	10518.131532000001	10523.833578000002			1.0	2.0	0.0	3.0					
10528.509	16.915000000000873	trials	9.0	10530.269424000002	10531.782812000001	10543.159115000002	10543.442229000002	10526.963007000002	10538.247402	10543.934	10545.424	1.0	1.0	1.0	1.0					
10547.447	11.912000000000262	trials	9.0	10554.253825000002	10555.780548	10557.760662	10558.294923000001	10553.293738	10556.536502			1.0	1.0	0.0	3.0					
10561.1	10.623999999999796	trials	9.0	10562.984440000002	10564.867899	10568.848786000002	10569.415351000001	10559.368170000002	10567.122861000002	10569.469	10571.724	1.0	2.0	1.0	1.0					
10575.759	12.7549999999992	trials	9.0	10584.734383	10585.991271			10583.897050000001	10586.384143000001	10588.129	10588.434	2.0		1.0	1.0					
10593.04	10.433999999999287	trials	9.0	10597.739158	10599.558478	10601.195389	10601.696287	10597.069351000002	10600.033245			1.0	2.0	0.0	3.0					
10603.52	9.72400000000016	trials	9.0	10605.449487000002	10606.988009	10609.961115000002	10610.632023000002	10603.482636	10608.760939000002	10610.699	10613.244	1.0	1.0	1.0	1.0					
10616.304	16.061999999999898	trials	9.0	10627.044252000002	10628.668669	10630.572648000001	10630.975516000002	10626.145512000001	10629.195885000001			1.0	2.0	0.0	3.0					
10634.895	6.270000000000437	trials	9.0	10636.650721000002	10638.156427000002			10632.375582	10639.077345000002	10640.864	10641.054	2.0		1.0	1.0					
10643.704	10.260000000000218	trials	9.0	10649.33941	10650.724368000001			10648.646050000001	10651.657741	10653.284	10653.964	2.0		1.0	1.0					
10657.984	8.469999999999345	trials	9.0	10659.754272000002	10661.248425000002	10664.925765000002	10665.405670000002	10658.132279000001	10663.663993000002			1.0	1.0	0.0	3.0					
10667.304	8.475000000000364	trials	9.0	10669.244833	10670.401463000002	10673.448909	10673.970115000002	10666.463032000001	10672.241671000002			1.0	2.0	0.0	3.0					
10676.764	5.9430000000011205	trials	9.0	10678.519918000002	10679.946877000002			10675.788702000002	10680.526153			2.0		1.0	1.0					
10686.286	10.403000000000247	trials	9.0	10692.289471000002	10693.821499000001			10691.424973000001	10694.400018	10696.169	10696.689	2.0		1.0	1.0					
10698.754	12.049999999999272	trials	9.0	10704.055449000001	10706.055291	10708.941589000002	10709.754328	10703.223144000001	10707.240274000002			1.0	1.0	0.0	3.0					
10711.279	13.909999999999854	trials	9.0	10712.861442000001	10714.016150000001	10724.740029	10725.197320000001	10710.812952000002	10716.930708000002			1.0	1.0	0.0	3.0					
10729.118	14.631999999999607	trials	9.0	10733.636721	10735.236706000002	10742.366431000002	10742.854921000002	10733.089764	10741.416018000002			1.0	2.0	0.0	3.0					
10746.73	6.174000000000888	trials	9.0	10748.535052000001	10750.341493000002			10743.759625	10750.737277000002	10752.429	10752.804	2.0		1.0	1.0					
10755.379	13.914999999999054	trials	9.0	10761.880143000002	10763.666814000002	10766.552287000002	10767.307663000001	10761.350950000002	10764.561369000001	10767.25	10769.294	1.0	1.0	1.0	1.0					
10772.319	9.590000000000146	trials	9.0	10776.075609000001	10777.390180000002	10780.404765000001	10781.043298	10775.480533000002	10779.044031000001			1.0	1.0	0.0	3.0					
10783.779	5.845999999999549	trials	9.0	10785.496790000001	10786.921386000002	10789.216114	10789.630462000001	10781.914987000002	10787.768508000001			1.0	2.0	0.0	3.0					
10792.534	12.295000000000073	trials	9.0	10797.735501000001	10798.997614000002	10803.57228	10803.983916000001	10796.826208000002	10802.644224000001			1.0	1.0	0.0	3.0					
10806.889	7.970000000001164	trials	9.0	10808.511906000002	10810.326991000002	10812.210185000002	10812.76084	10807.577265000002	10811.066034000001	10813.04	10814.859	1.0	2.0	1.0	1.0					
