onset	duration	nwb_table	block	tone_on_time	tone_off_time	action_on_time	action_off_time	pokeC_on_time	pokeC_off_time	reward_on_time	reward_off_time	state	action	reward	result	FinishedBlock	FirstTrial	LastTrial	RewardRule_L	RewardRule_R
3.507	851.625	BlockDesign														1.0	1.0	79.0	50.0	90.0
3.507	9.028	trials	1.0	9.502	10.528186000000002	11.042466000000001	11.350984	8.871612	10.521826			1.0		0.0	2.0					
16.587	5.408000000000001	trials	1.0	18.113384	18.796832000000002			16.585948000000002	18.788784			1.0		0.0	2.0					
22.81	4.900000000000002	trials	1.0	24.337262000000003	25.453776			22.000728000000002	25.568550000000002			2.0		1.0	1.0					
30.3	7.569999999999997	trials	1.0	32.122096	33.982986000000004	35.325318	35.937238	30.622354	34.681784	36.02	37.87	1.0	1.0	1.0	1.0					
40.426	11.998999999999995	trials	1.0	43.283302	45.030926	47.770158	48.502996	42.359534000000004	45.748172000000004	48.59	49.635	1.0	1.0	1.0	1.0					
53.705	9.594999999999999	trials	1.0	55.227014000000004	56.634006	58.277878	58.946942	52.428328	57.065668	59.085	60.16	1.0	1.0	1.0	1.0					
64.225	4.766000000000005	trials	1.0	66.23876	66.983698			63.305319999999995	66.979662			2.0		0.0	2.0					
73.001	12.399999999999991	trials	1.0	74.852108	76.683528	80.79244800000001	81.220016	73.724952	78.3048	81.566	82.455	1.0	1.0	1.0	1.0					
85.475	5.290000000000006	trials	1.0	87.30235400000001	88.438766			85.402056	88.433556			2.0		0.0	2.0					
92.51	6.934999999999988	trials	1.0	95.033398	96.98587	98.864048	99.4488	94.486232	98.196892			1.0	1.0	0.0	3.0					
103.205	11.799999999999997	trials	1.0	105.142056	107.038988	109.753762	110.265108	104.543648	109.1236	110.59	111.445	1.0	2.0	1.0	1.0					
115.465	5.215000000000003	trials	1.0	117.172192	118.275022	120.060438	120.683696	115.007328	118.776568			1.0	2.0	0.0	3.0					
122.38	8.186000000000007	trials	1.0	126.17231799999999	127.701864	129.874752	130.56641	125.17804000000001	129.259914			1.0	1.0	0.0	3.0					
134.25	8.099999999999994	trials	1.0	136.048106	137.80054	140.50869600000001	141.035814	134.53996	139.937572	141.175	142.35	1.0	2.0	1.0	1.0					
144.414	8.431000000000012	trials	1.0	147.022064	148.389698	152.130348	152.622228	146.082472	151.357688			1.0	1.0	0.0	3.0					
155.852	11.768	trials	1.0	157.692078	158.847238	161.929234	162.463208	156.169628	161.316018	162.655	163.785	1.0	2.0	1.0	1.0					
167.856	7.25	trials	1.0	169.408812	170.869252	173.014386	173.527288	167.623596	172.459314	173.755	175.106	1.0	2.0	1.0	1.0					
178.216	9.599999999999994	trials	1.0	180.077772	181.41047	186.157512	186.666136	179.373904	184.463584	186.915	187.816	1.0	1.0	1.0	1.0					
190.84	6.640999999999991	trials	1.0	192.642098	193.844438	195.556054	196.131592	190.955354	194.99099	196.35	197.481	1.0	2.0	1.0	1.0					
199.545	7.356000000000023	trials	1.0	202.128192	203.57565400000001			201.571632	204.639424			2.0		1.0	1.0					
209.45	7.885000000000019	trials	1.0	211.199132	213.20456000000001	216.608376	217.341356	209.677562	214.36232			1.0	1.0	0.0	3.0					
219.985	8.894999999999982	trials	1.0	221.757802	223.169338	226.82019	227.367584	220.611818	226.24881	227.566	228.88	1.0	2.0	1.0	1.0					
231.936	6.274000000000001	trials	1.0	233.60705000000002	235.355136			232.374234	235.855284			2.0		1.0	1.0					
240.665	8.39500000000001	trials	1.0	242.217674	244.189884	247.13079	247.616938	240.860654	246.383116	247.875	249.06	1.0	2.0	1.0	1.0					
251.129	10.825999999999993	trials	1.0	253.422792	255.170426	258.37263199999995	258.73208999999997	252.769422	257.728152			1.0	1.0	0.0	3.0					
262.276	6.26400000000001	trials	1.0	264.277162	265.469162			261.962168	266.319122			2.0		1.0	1.0					
271.02	6.189999999999998	trials	1.0	272.952996	274.529044			271.81855800000005	274.526602			2.0		0.0	2.0					
278.6	10.159999999999968	trials	1.0	285.04779599999995	286.20476399999995	287.13730599999997	287.634672	284.41293800000005	286.206948	287.995	288.76	1.0	1.0	1.0	1.0					
291.78	11.365000000000009	trials	1.0	293.85729000000003	294.994812	298.209106	298.750996	293.173234	297.61120800000003	299.035	300.195	1.0	2.0	1.0	1.0					
304.235	6.120999999999981	trials	1.0	306.08774000000005	307.590334			303.149952	307.582444			2.0		0.0	2.0					
311.695	15.759999999999991	trials	1.0	321.26757999999995	323.160832	325.36840800000004	325.96547999999996	320.425976	324.58084399999996	326.026	327.455	1.0	2.0	1.0	1.0					
329.475	9.495000000000005	trials	1.0	332.958086	334.618562	336.861662	337.42143599999997	332.066688	335.84891600000003	337.59	338.97	1.0	2.0	1.0	1.0					
341.035	11.654999999999973	trials	1.0	343.42303400000003	345.32161399999995			342.486534	346.443438			2.0		1.0	1.0					
352.895	10.319999999999993	trials	1.0	354.52276800000004	356.004732			352.695882	357.099378			2.0		1.0	1.0					
364.076	6.138999999999953	trials	1.0	365.82463800000005	367.558082	368.22427000000005	368.76723000000004	363.22111199999995	367.59827199999995	368.93	370.215	1.0	2.0	1.0	1.0					
373.275	9.90500000000003	trials	1.0	376.482654	378.124724			375.640796	378.89317800000003			2.0		1.0	1.0					
385.51	16.721000000000004	trials	1.0	395.14802199999997	396.83233199999995	400.729726	400.98692800000003	394.506758	399.011218	401.515	402.231	1.0	2.0	1.0	1.0					
405.294	12.616000000000042	trials	1.0	407.45338000000004	408.616356	411.928452	412.56278	406.555874	411.43229799999995	412.81	414.125	1.0	2.0	1.0	1.0					
418.201	6.824999999999989	trials	1.0	419.798048	421.64988000000005	422.819932	423.42979	417.913544	422.29869799999994			1.0	2.0	0.0	3.0					
425.2	10.285000000000025	trials	1.0	429.25811999999996	430.70498	433.417788	434.15419199999997	428.63492199999996	432.757382	434.151	435.485	1.0	2.0	1.0	1.0					
438.505	6.730000000000018	trials	1.0	440.218438	441.87014999999997	443.08038	443.89234999999996	438.793548	442.456588	443.816	445.235	1.0	2.0	1.0	1.0					
447.255	6.661000000000001	trials	1.0	449.232938	450.3497			448.52541399999996	451.74415			2.0		1.0	1.0					
456.392	9.088999999999999	trials	1.0	458.115054	460.064984	461.433538	461.950112	457.183722	460.65744400000005			1.0	1.0	0.0	3.0					
465.77	6.170999999999992	trials	1.0	467.32456	468.613822	469.839292	470.388814	465.48356	469.284994	470.58	471.941	1.0	2.0	1.0	1.0					
475.005	5.475999999999999	trials	1.0	477.21849799999995	478.47029	479.09835999999996	479.70357	475.411658	478.466098			1.0		0.0	2.0					
483.53	11.340000000000032	trials	1.0	485.833802	487.50016200000005	489.708446	490.321184	483.596234	489.07494799999995	490.405	491.645	1.0	1.0	1.0	1.0					
495.706	7.043999999999983	trials	1.0	497.28505800000005	498.749556	500.783636	501.467132	494.87687000000005	500.25172799999996	501.415	502.75	1.0	1.0	1.0	1.0					
505.85	7.164999999999964	trials	1.0	508.223126	509.995408	512.479966	513.021436	507.53470000000004	511.72412999999995			1.0	1.0	0.0	3.0					
514.81	7.290000000000077	trials	1.0	517.563054	518.942114	521.462288	522.10491	516.713716	520.815982			1.0	2.0	0.0	3.0					
525.755	8.674999999999955	trials	1.0	528.623684	530.672968	532.397574	533.096802	527.678532	531.77594	533.225	534.43	1.0	1.0	1.0	1.0					
538.465	10.039999999999964	trials	1.0	545.16896	546.499794	547.342304	547.6102559999999	544.530498	546.489874			1.0		0.0	2.0					
551.533	11.731999999999971	trials	1.0	553.92362	555.6097199999999	558.475838	558.97431	553.132762	557.971138	559.26	560.41	1.0	2.0	1.0	1.0					
563.43	6.80600000000004	trials	1.0	565.438364	567.256442	568.3375659999999	568.864858	563.271924	567.67021	569.026	570.236	1.0	2.0	1.0	1.0					
572.3	5.660000000000082	trials	1.0	574.473524	575.95785			573.5360519999999	575.953344			2.0		0.0	2.0					
579.97	21.074999999999932	trials	1.0	592.413894	593.561482	595.75324	596.297148	591.636548	595.012304	596.481	597.57	1.0	2.0	1.0	1.0					
601.635	6.82000000000005	trials	1.0	603.3133799999999	604.766888	606.347734	606.960554	601.052648	605.8123939999999	607.04	608.455	1.0	2.0	1.0	1.0					
610.474	8.520999999999958	trials	1.0	612.843724	613.968636	617.091896	617.5849959999999	611.960688	616.528052	617.84	618.995	1.0	2.0	1.0	1.0					
621.1	12.630999999999972	trials	1.0	624.37981	625.9668019999999	628.308464	628.833078	623.527818	627.36495	629.075	630.45	1.0	2.0	1.0	1.0					
634.47	4.980000000000018	trials	1.0	636.258664	637.450298	638.044122	638.577514	633.735998	637.441456			1.0		0.0	2.0					
641.486	7.849000000000046	trials	1.0	645.3586819999999	647.082444			644.4039379999999	647.238116			2.0		1.0	1.0					
652.908	5.4220000000000255	trials	1.0	654.61558	656.497742	657.8364799999999	658.3341439999999	653.12902	657.3183319999999			1.0	1.0	0.0	3.0					
661.16	6.170000000000073	trials	1.0	662.718714	664.694658	666.79054	667.3376039999999	661.695462	666.169642			1.0	2.0	0.0	3.0					
670.13	7.169999999999959	trials	1.0	671.924056	673.465662	676.735898	677.303948	671.0022739999999	675.470194			1.0	1.0	0.0	3.0					
679.096	16.448999999999955	trials	1.0	685.359062	686.70994	689.71178	690.18962	684.7554339999999	689.189672	690.545	691.595	1.0	2.0	1.0	1.0					
695.66	14.649999999999977	trials	1.0	705.1694299999999	706.775162	709.734644	710.314068	704.28293	709.15328			1.0	2.0	0.0	3.0					
712.08	10.204999999999927	trials	1.0	715.240358	716.400568	720.419098	721.030592	714.549144	719.602398	721.115	722.285	1.0	1.0	1.0	1.0					
725.305	7.905000000000086	trials	1.0	727.2688979999999	728.383696	731.26938	731.900636	725.481986	730.75276	732.08	733.21	1.0	2.0	1.0	1.0					
735.266	6.215000000000032	trials	1.0	737.0902639999999	738.671026			736.576242	739.357866			2.0		1.0	1.0					
744.05	6.415000000000077	trials	1.0	745.7192679999999	746.952604			744.10405	746.944946			1.0		0.0	2.0					
753.11	7.449999999999932	trials	1.0	754.8792599999999	755.171122	755.774144	756.176978	750.47012	755.1666319999999			1.0		0.0	2.0					
761.24	4.975000000000023	trials	1.0	762.96919	764.2158519999999			760.56646	764.2038739999999			2.0		0.0	2.0					
769.265	14.18500000000006	trials	1.0	772.6196259999999	774.337416	777.536068	778.134144	771.965214	776.9926019999999	778.3	779.61	1.0	2.0	1.0	1.0					
783.63	6.0750000000000455	trials	1.0	785.184164	786.4714839999999	787.620788	788.1570019999999	783.458752	787.123478	788.475	789.705	1.0	2.0	1.0	1.0					
792.765	6.510999999999967	trials	1.0	794.818772	796.635108	797.28645	797.798274	793.2391319999999	796.715928	798.09	799.276	1.0	2.0	1.0	1.0					
802.33	9.544999999999959	trials	1.0	804.209804	805.93623	809.373466	809.982212	803.532384	808.353354	810.12	811.875	1.0	2.0	1.0	1.0					
814.935	9.365000000000009	trials	1.0	816.7692059999999	818.41495			815.427908	818.90878			2.0		1.0	1.0					
825.441	9.028999999999996	trials	1.0	827.154034	828.682732			824.308172	829.234454			2.0		1.0	1.0					
836.005	5.1200000000000045	trials	1.0	837.554268	838.887836	840.1339419999999	840.431324	834.475544	838.876418			1.0		0.0	2.0					
842.901	12.230999999999995	trials	1.0	849.914372	851.570822	855.053594	855.943546	848.9637839999999	853.642244			1.0	2.0	0.0	3.0					
858.53	3727.705	BlockDesign														1.0	80.0	399.0	50.0	10.0
858.53	8.904999999999973	trials	2.0	861.5598219999999	863.191184	866.770794	867.442496	860.9118599999999	866.034948			1.0	1.0	0.0	3.0					
870.21	9.589999999999918	trials	2.0	874.374816	875.565898	879.206912	879.8071719999999	873.540228	878.561388			1.0	2.0	0.0	3.0					
882.585	10.30499999999995	trials	2.0	885.519718	886.9634219999999	890.857008	891.301788	884.5548279999999	890.215022			1.0	2.0	0.0	3.0					
894.255	9.424999999999955	trials	2.0	897.429746	899.0513559999999	902.8311239999999	903.139512	896.745598	902.177476			1.0	2.0	0.0	3.0					
907.221	8.134999999999991	trials	2.0	911.39951	912.7313399999999			910.5248799999999	913.194948	914.945	915.356	2.0		1.0	1.0					
919.425	6.234000000000037	trials	2.0	921.609558	923.006608			920.799356	923.3779059999999			2.0		1.0	1.0					
928.12	9.960000000000036	trials	2.0	929.9045639999999	931.387038	934.094104	934.773466	928.620674	933.484478			1.0	1.0	0.0	3.0					
938.426	6.253999999999905	trials	2.0	940.0245	941.456682	944.093024	944.685402	938.085352	943.587324			1.0	2.0	0.0	3.0					
946.42	8.715000000000032	trials	2.0	949.180182	950.8415	954.631186	955.140222	948.603802	954.038294			1.0	1.0	0.0	3.0					
958.015	9.341000000000008	trials	2.0	960.3801119999999	961.446106			959.873242	962.016616			2.0		1.0	1.0					
967.776	5.304000000000087	trials	2.0	969.5000319999999	971.063632	972.527082	973.085108	967.359634	971.852134			1.0	1.0	0.0	3.0					
974.865	6.649999999999977	trials	2.0	976.8353539999999	978.71019			976.082334	979.3766439999999	981.13	981.335	2.0		1.0	1.0					
986.07	7.614999999999895	trials	2.0	988.000514	989.301744	991.8895719999999	992.462536	986.4280299999999	990.506368	992.651	993.685	1.0	1.0	1.0	1.0					
995.585	6.9249999999999545	trials	2.0	997.215864	998.4781939999999	1002.0065099999999	1002.515192	996.323934	1001.374686			1.0	1.0	0.0	3.0					
1006.335	5.990000000000009	trials	2.0	1008.31976	1009.356588	1011.758724	1012.3307679999999	1006.692336	1011.219104			1.0	2.0	0.0	3.0					
1016.125	7.988000000000056	trials	2.0	1018.9851259999999	1020.7883959999999			1018.21422	1020.7809179999999			2.0		0.0	2.0					
1024.85	11.740000000000009	trials	2.0	1028.22972	1030.221606	1032.389768	1032.907356	1027.316714	1030.86819			1.0	1.0	0.0	3.0					
1036.77	6.654999999999973	trials	2.0	1038.7152919999999	1040.67693	1041.455536	1042.036012	1036.595046	1040.890558	1042.231	1043.425	1.0	2.0	1.0	1.0					
1046.485	5.775000000000091	trials	2.0	1048.149732	1049.656536	1050.437356	1050.816834	1047.229744	1050.017454	1051.285	1052.26	1.0	2.0	1.0	1.0					
1054.285	7.584999999999809	trials	2.0	1056.725338	1058.567516	1061.00778	1061.876658	1056.164538	1060.46335			1.0	2.0	0.0	3.0					
1063.35	9.170000000000073	trials	2.0	1066.6452239999999	1068.337438	1071.646446	1072.007592	1065.86593	1071.062664			1.0	2.0	0.0	3.0					
1076.528	7.676999999999907	trials	2.0	1078.620532	1080.481606	1083.69325	1084.10212	1078.080332	1083.087738			1.0	2.0	0.0	3.0					
1087.22	19.62999999999988	trials	2.0	1102.225262	1103.08428	1106.634846	1106.857552	1101.4989659999999	1103.079244			1.0		0.0	2.0					
1107.106	12.170000000000073	trials	2.0	1113.04566	1114.861672	1117.897376	1118.453818	1112.347804	1117.095214			1.0	2.0	0.0	3.0					
1121.225	7.759999999999991	trials	2.0	1123.525016	1124.922552			1122.795126	1126.820522			2.0		1.0	1.0					
1131.56	8.575000000000045	trials	2.0	1134.100516	1135.85707	1138.5105879999999	1138.92839	1133.415514	1137.906878			1.0	2.0	0.0	3.0					
1140.89	10.014999999999873	trials	2.0	1145.80604	1146.906436	1150.58352	1150.85869	1145.000822	1149.8988299999999			1.0	2.0	0.0	3.0					
1153.92	10.724999999999909	trials	2.0	1159.210812	1160.77063	1162.923444	1163.567922	1158.372498	1162.149332			1.0	2.0	0.0	3.0					
1165.29	21.88000000000011	trials	2.0	1180.925952	1181.998376	1185.700656	1186.212686	1180.152668	1184.304902	1186.45	1187.17	1.0	1.0	1.0	1.0					
1191.191	6.2439999999999145	trials	2.0	1193.15079	1195.1190139999999	1196.85646	1197.441448	1191.587716	1196.273864			1.0	1.0	0.0	3.0					
1200.18	8.784999999999854	trials	2.0	1202.105466	1203.237498	1207.995608	1208.383456	1201.5393139999999	1207.425638			1.0	2.0	0.0	3.0					
1212.31	9.990000000000009	trials	2.0	1218.577154	1220.043086	1221.841586	1222.3063359999999	1217.837306	1221.298534			1.0	1.0	0.0	3.0					
1224.16	7.6099999999999	trials	2.0	1227.940574	1229.433744	1231.21794	1231.777828	1227.142958	1230.614092			1.0	2.0	0.0	3.0					
1234.54	14.340000000000146	trials	2.0	1246.235608	1247.66805	1248.55595	1248.887686	1245.397908	1248.04873			1.0	1.0	0.0	3.0					
1252.908	6.142000000000053	trials	2.0	1254.6055959999999	1255.963064	1258.493938	1259.056002	1254.073514	1257.803468			1.0	2.0	0.0	3.0					
1260.865	11.134999999999991	trials	2.0	1265.020954	1266.252566			1264.424792	1266.404036			2.0		1.0	1.0					
1272.08	5.685000000000173	trials	2.0	1273.7466279999999	1275.299412	1277.193282	1277.774176	1272.0070699999999	1276.207396			1.0	1.0	0.0	3.0					
1279.565	9.174999999999955	trials	2.0	1283.871306	1285.557846	1288.342134	1288.748228	1282.868372	1287.361124			1.0	2.0	0.0	3.0					
1290.676	15.100000000000136	trials	2.0	1302.291762	1303.782232			1301.772552	1303.7710339999999			2.0		0.0	2.0					
1308.806	11.749000000000024	trials	2.0	1315.711532	1317.46658	1320.11836	1320.56439	1315.091484	1319.52792			1.0	1.0	0.0	3.0					
1322.436	9.639000000000124	trials	2.0	1327.030904	1328.9256579999999	1331.6945739999999	1332.072384	1326.453532	1331.106132			1.0	2.0	0.0	3.0					
1335.063	11.141999999999825	trials	2.0	1339.626426	1340.707414	1344.279252	1344.680426	1338.734802	1343.698392	1345.055	1346.205	1.0	2.0	1.0	1.0					
1348.264	8.605999999999995	trials	2.0	1350.5867719999999	1352.39339	1356.5297739999999	1356.880868	1350.068018	1355.85022			1.0	2.0	0.0	3.0					
1359.86	11.0300000000002	trials	2.0	1361.586472	1363.5148239999999	1370.3538839999999	1370.896374	1360.990828	1367.354306			1.0	1.0	0.0	3.0					
1374.685	8.5150000000001	trials	2.0	1376.63639	1377.947876	1381.042414	1381.584274	1375.0271559999999	1380.33464			1.0	2.0	0.0	3.0					
1383.38	12.664999999999964	trials	2.0	1388.766506	1390.24174			1387.8615459999999	1390.5729919999999			2.0		1.0	1.0					
1396.335	5.6059999999999945	trials	2.0	1398.288062	1399.943292			1396.0535479999999	1399.93499			2.0		0.0	2.0					
1405.96	9.99499999999989	trials	2.0	1407.99909	1409.34318			1407.44257	1410.258596			2.0		1.0	1.0					
1416.868	6.772000000000162	trials	2.0	1418.8881999999999	1420.82239	1422.988512	1423.648442	1415.96618	1422.0365279999999			1.0	2.0	0.0	3.0					
1427.316	10.418999999999869	trials	2.0	1429.171726	1430.3011979999999			1428.299394	1431.6404			2.0		1.0	1.0					
1438.322	6.244000000000142	trials	2.0	1440.29204	1441.772906	1444.092156	1444.57338	1437.746054	1442.934812			1.0	1.0	0.0	3.0					
1447.426	8.609000000000151	trials	2.0	1449.856616	1451.452362	1455.4246719999999	1456.042542	1448.885362	1454.76963			1.0	2.0	0.0	3.0					
1458.793	10.233000000000175	trials	2.0	1462.3371339999999	1463.78993	1467.39857	1467.93641	1461.6031659999999	1466.800958	1468.115	1469.026	1.0	1.0	1.0	1.0					
1473.06	5.8900000000001	trials	2.0	1474.76724	1476.194074			1474.115024	1476.884474			2.0		1.0	1.0					
1481.5	6.401000000000067	trials	2.0	1483.247484	1485.1260399999999	1487.287198	1487.912714	1482.082944	1486.6726959999999			1.0	1.0	0.0	3.0					
1491.6	7.8810000000000855	trials	2.0	1493.627022	1495.434202	1498.7017	1499.4926699999999	1492.656242	1498.13371			1.0	2.0	0.0	3.0					
1502.231	8.118999999999915	trials	2.0	1505.066614	1506.678324	1509.7349	1510.360314	1504.099536	1509.122052			1.0	1.0	0.0	3.0					
1513.06	9.8900000000001	trials	2.0	1517.118622	1518.516728	1522.54984	1522.957852	1516.475476	1521.975834			1.0	2.0	0.0	3.0					
1525.871	13.808999999999969	trials	2.0	1529.596906	1531.161352	1534.232102	1534.992688	1528.756598	1533.49471	1535.01	1536.066	1.0	1.0	1.0	1.0					
1540.16	5.514999999999873	trials	2.0	1542.18715	1543.624234			1539.691028	1543.621512			2.0		0.0	2.0					
1549.725	5.926000000000158	trials	2.0	1551.247452	1552.6481939999999			1550.420552	1553.485806			2.0		1.0	1.0					
1558.202	8.77299999999991	trials	2.0	1560.0825399999999	1562.127958	1565.066882	1565.471826	1558.716648	1563.979462			1.0	2.0	0.0	3.0					
1568.971	11.673999999999978	trials	2.0	1573.232352	1574.870384			1572.319898	1575.741006			2.0		1.0	1.0					
1581.385	11.424999999999955	trials	2.0	1583.133808	1584.908558	1587.025796	1587.681642	1580.656106	1586.358314	1587.856	1588.89	1.0	1.0	1.0	1.0					
1592.91	5.184999999999945	trials	2.0	1594.508632	1596.009838			1592.82079	1595.997608			2.0		0.0	2.0					
1602.02	6.110000000000127	trials	2.0	1603.6069479999999	1604.823688			1602.984582	1605.947126			2.0		1.0	1.0					
1610.64	7.654999999999973	trials	2.0	1612.913618	1614.199428	1617.855842	1618.30532	1611.9156659999999	1616.872684			1.0	1.0	0.0	3.0					
1620.231	8.795000000000073	trials	2.0	1623.163882	1625.1562059999999	1628.524024	1628.921058	1622.62358	1627.589358			1.0	2.0	0.0	3.0					
1633.034	8.480999999999995	trials	2.0	1635.838078	1637.697962	1640.74597	1641.521902	1634.926188	1639.828994			1.0	1.0	0.0	3.0					
1644.066	11.868999999999915	trials	2.0	1646.6823259999999	1648.22921	1652.584634	1653.254864	1646.1489139999999	1651.854782			1.0	2.0	0.0	3.0					
1656.91	5.379999999999882	trials	2.0	1658.8294839999999	1660.239306	1661.85544	1662.26091	1655.944592	1660.234644			1.0		0.0	2.0					
1664.299	9.54600000000005	trials	2.0	1668.7674319999999	1670.789802	1673.304044	1673.856248	1667.9363759999999	1672.666724			1.0	1.0	0.0	3.0					
1675.63	9.164999999999964	trials	2.0	1679.593362	1681.321232	1684.267662	1684.805992	1678.628546	1683.56801			1.0	2.0	0.0	3.0					
1686.59	9.915000000000191	trials	2.0	1691.407388	1693.209656	1694.8754079999999	1695.39039	1690.563752	1694.28226	1695.651	1696.505	1.0	1.0	1.0	1.0					
1699.525	6.5499999999999545	trials	2.0	1701.293122	1703.09469	1705.491028	1706.08737	1700.755114	1704.64719			1.0	1.0	0.0	3.0					
1708.82	10.164999999999964	trials	2.0	1712.6122659999999	1713.86411	1718.579714	1718.996996	1711.7356439999999	1717.981544			1.0	2.0	0.0	3.0					
1720.96	11.770999999999958	trials	2.0	1726.607798	1727.9694319999999	1730.555046	1731.372326	1725.730448	1729.915328	1731.225	1732.731	1.0	1.0	1.0	1.0					
1734.75	11.299999999999955	trials	2.0	1738.428258	1739.974606	1744.274384	1744.741212	1737.739262	1743.41193	1744.941	1746.05	1.0	2.0	1.0	1.0					
1748.124	6.641000000000076	trials	2.0	1750.852908	1752.518274	1754.312296	1754.774808	1750.111754	1753.7599619999999			1.0	2.0	0.0	3.0					
1757.686	6.449000000000069	trials	2.0	1760.483652	1761.646568	1762.37537	1762.889318	1759.796852	1761.648096	1763.195	1764.135	1.0	1.0	1.0	1.0					
1768.17	7.244999999999891	trials	2.0	1770.407494	1772.377674	1774.70416	1775.427334	1769.8948639999999	1774.0987519999999			1.0	1.0	0.0	3.0					
1777.035	10.445999999999913	trials	2.0	1782.86952	1784.059528	1786.929864	1787.487468	1781.951492	1786.31964			1.0	2.0	0.0	3.0					
1791.24	9.786000000000058	trials	2.0	1797.503392	1798.685232	1800.420182	1801.038582	1796.5463	1799.67819			1.0	1.0	0.0	3.0					
1802.765	23.529999999999973	trials	2.0	1821.643448	1822.969918	1825.478476	1826.306184	1820.7378959999999	1824.986126			1.0	1.0	0.0	3.0					
1828.87	8.986000000000104	trials	2.0	1831.468222	1833.469956	1836.925612	1837.866122	1830.77859	1836.09699			1.0	2.0	0.0	3.0					
1840.305	11.625	trials	2.0	1844.103316	1845.563194			1843.134668	1845.77026	1847.526	1847.671	2.0		1.0	1.0					
1852.405	4.430000000000064	trials	2.0	1853.978406	1855.090052	1856.34572	1856.84403	1851.939898	1855.7898539999999			1.0	1.0	0.0	3.0					
1859.675	9.960000000000036	trials	2.0	1861.46845	1862.765566	1867.368808	1868.04556	1860.316996	1866.781408			1.0	2.0	0.0	3.0					
1869.725	11.910000000000082	trials	2.0	1877.058472	1878.811984			1876.485948	1879.425156			2.0		1.0	1.0					
1885.12	5.725000000000136	trials	2.0	1886.664964	1887.7956159999999			1885.763878	1888.694332			2.0		1.0	1.0					
1893.443	5.7970000000000255	trials	2.0	1895.273138	1896.642774			1894.178958	1897.062212			2.0		1.0	1.0					
1901.745	7.520000000000209	trials	2.0	1903.358486	1905.000616	1908.868534	1909.277044	1902.44689	1907.935988			1.0	2.0	0.0	3.0					
1913.217	6.933999999999969	trials	2.0	1914.863152	1916.10246	1918.014522	1918.54752	1913.604578	1917.3127259999999	1918.74	1920.151	1.0	1.0	1.0	1.0					
1921.93	9.710000000000036	trials	2.0	1924.704068	1926.764376	1929.720042	1930.424776	1924.079526	1929.106832	1930.46	1931.64	1.0	1.0	1.0	1.0					
1934.704	9.500999999999976	trials	2.0	1936.669052	1937.89493	1942.0929899999999	1942.80763	1935.844208	1941.477202	1942.865	1944.205	1.0	1.0	1.0	1.0					
1946.225	7.620000000000118	trials	2.0	1949.6537839999999	1950.7608	1953.027728	1953.855482	1948.672248	1952.32266			1.0	1.0	0.0	3.0					
1955.36	10.025000000000091	trials	2.0	1960.408854	1962.515516	1965.021196	1965.396162	1959.754654	1964.443662			1.0	1.0	0.0	3.0					
1969.36	8.259999999999991	trials	2.0	1972.438586	1973.7880499999999	1977.170248	1977.632032	1971.540468	1976.1119879999999			1.0	2.0	0.0	3.0					
1980.495	17.920000000000073	trials	2.0	1990.9951839999999	1992.16687	1996.609208	1997.145096	1990.097294	1995.688286			1.0	2.0	0.0	3.0					
2000.935	9.809999999999945	trials	2.0	2004.174156	2005.450308			2003.43145	2005.870024			2.0		1.0	1.0					
2012.525	6.5949999999998	trials	2.0	2014.485126	2015.9659159999999	2017.047394	2017.815892	2014.1662	2016.51028	2017.7	2019.12	1.0	1.0	1.0	1.0					
2022.185	7.080000000000155	trials	2.0	2024.2290699999999	2025.700016			2023.24621	2027.066254			2.0		1.0	1.0					
2033.816	5.528999999999996	trials	2.0	2035.603852	2037.292082	2038.705536	2039.357138	2034.241268	2038.0650759999999			1.0	1.0	0.0	3.0					
2042.033	6.82300000000032	trials	2.0	2044.929098	2046.778214	2048.38216	2048.865992	2044.156384	2047.448586			1.0	2.0	0.0	3.0					
2052.739	7.326999999999771	trials	2.0	2057.309382	2058.015978			2056.333496	2058.010942			1.0		0.0	2.0					
2062.075	8.995000000000346	trials	2.0	2067.023804	2068.523592	2070.6302339999997	2071.082154	2066.074204	2069.961938			1.0	2.0	0.0	3.0					
2073.95	14.965000000000146	trials	2.0	2084.4248039999998	2085.935758	2088.409364	2088.924332	2083.765808	2087.743536			1.0	1.0	0.0	3.0					
2091.74	7.786000000000058	trials	2.0	2096.059414	2097.275702			2095.2949399999998	2097.450394			2.0		1.0	1.0					
2102.047	5.677999999999884	trials	2.0	2104.054316	2105.6906559999998	2107.310554	2107.737886	2103.098824	2106.660662			1.0	2.0	0.0	3.0					
2109.625	8.0300000000002	trials	2.0	2113.5241	2114.84551	2117.1186079999998	2117.669072	2112.767302	2116.56751			1.0	1.0	0.0	3.0					
2121.45	8.955000000000382	trials	2.0	2126.10036	2127.731318	2130.030604	2130.417418	2125.246072	2129.4829879999998			1.0	2.0	0.0	3.0					
2134.405	8.5	trials	2.0	2136.3895039999998	2138.363402	2141.252912	2141.759506	2135.5160339999998	2139.98923	2141.935	2142.905	1.0	2.0	1.0	1.0					
2146.97	7.761000000000422	trials	2.0	2148.805068	2150.728528	2153.08472	2153.56725	2147.84411	2152.333748	2153.71	2154.731	1.0	1.0	1.0	1.0					
2157.751	7.823999999999614	trials	2.0	2161.474474	2162.764086			2160.914922	2163.428744			2.0		1.0	1.0					
2168.05	8.30600000000004	trials	2.0	2171.239274	2172.463378	2175.929054	2176.366588	2170.359358	2175.17224			1.0	1.0	0.0	3.0					
2180.255	5.145999999999731	trials	2.0	2181.996404	2183.401536	2185.26688	2185.328306	2180.889506	2183.396084			2.0		0.0	2.0					
2187.415	6.545000000000073	trials	2.0	2189.580884	2191.492678	2193.34409	2193.972912	2188.9319219999998	2192.641156			1.0	2.0	0.0	3.0					
2195.675	8.534999999999854	trials	2.0	2199.859856	2200.891474			2199.169694	2201.980596	2204.02	2204.106	2.0		1.0	1.0					
2207.744	6.385999999999967	trials	2.0	2209.505754	2211.1462619999998	2212.479432	2213.073962	2207.957368	2211.894956	2213.205	2214.13	1.0	1.0	1.0	1.0					
2217.195	6.059999999999945	trials	2.0	2219.649514	2221.207956	2221.747364	2222.079968	2218.673078	2221.198904			1.0		0.0	2.0					
2225.305	10.184999999999945	trials	2.0	2227.65448	2229.18588			2226.788602	2229.841932			2.0		1.0	1.0					
2236.526	5.039999999999964	trials	2.0	2238.456574	2239.57608	2240.154866	2240.523804	2235.501654	2239.568026			1.0		0.0	2.0					
2244.63	6.279999999999745	trials	2.0	2246.779604	2248.54633	2250.279176	2250.922296	2245.078594	2249.534142			1.0	2.0	0.0	3.0					
2254.61	10.799999999999727	trials	2.0	2256.734472	2258.481722	2263.544434	2264.057066	2256.029662	2262.65946			1.0	2.0	0.0	3.0					
2267.865	10.025000000000091	trials	2.0	2272.314982	2273.833696	2277.341994	2277.8308739999998	2271.5914119999998	2276.689374			1.0	2.0	0.0	3.0					
2280.9	8.565000000000055	trials	2.0	2284.8000739999998	2286.397052			2284.145844	2287.198516			2.0		1.0	1.0					
2292.915	7.360999999999876	trials	2.0	2295.449442	2297.358592	2299.61685	2300.284542	2294.590408	2299.037616			1.0	1.0	0.0	3.0					
2301.93	8.980000000000018	trials	2.0	2304.699734	2305.874492	2309.104886	2309.672636	2303.974056	2308.48437	2309.825	2310.91	1.0	2.0	1.0	1.0					
2313.981	6.263999999999669	trials	2.0	2315.541664	2316.690622	2319.933814	2320.0563779999998	2314.854088	2318.361444			1.0	2.0	0.0	3.0					
2322.255	16.74499999999989	trials	2.0	2333.560588	2334.649544	2337.343188	2337.88789	2332.90666	2336.309316	2338.195	2339.0	1.0	1.0	1.0	1.0					
2342.066	9.47900000000027	trials	2.0	2343.735224	2344.918236			2342.364706	2345.307258			2.0		1.0	1.0					
2351.941	5.6840000000001965	trials	2.0	2353.6498659999997	2355.1967839999998	2356.121354	2356.464568	2351.555246	2355.486524	2356.83	2357.625	1.0	1.0	1.0	1.0					
2359.685	7.625	trials	2.0	2364.556268	2365.839734	2366.911434	2367.321308	2363.95688	2366.311852			1.0	2.0	0.0	3.0					
2369.235	11.955999999999676	trials	2.0	2377.470612	2378.611302	2380.611704	2381.199994	2376.5450379999997	2379.552648			1.0	1.0	0.0	3.0					
2384.94	5.190000000000055	trials	2.0	2386.831662	2388.4516399999998	2389.489138	2390.1435	2385.473392	2388.88825			1.0	2.0	0.0	3.0					
2391.85	7.660000000000309	trials	2.0	2395.34061	2397.087388	2397.902902	2398.445416	2394.77519	2397.417814	2398.691	2399.51	1.0	1.0	1.0	1.0					
2402.53	8.579999999999927	trials	2.0	2406.680564	2408.16008	2410.6510279999998	2411.121984	2406.059384	2410.04147			1.0	1.0	0.0	3.0					
2414.022	5.38799999999992	trials	2.0	2416.12596	2417.7376679999998	2419.087622	2419.341992	2415.384388	2418.462004			1.0	2.0	0.0	3.0					
2421.42	16.605999999999767	trials	2.0	2429.457148	2431.161776	2432.492346	2433.095752	2428.832614	2431.807656	2433.205	2434.22	1.0	1.0	1.0	1.0					
2438.235	4.824999999999818	trials	2.0	2439.860542	2441.00854			2438.03847	2440.998328			2.0		0.0	2.0					
2446.08	7.244999999999891	trials	2.0	2447.98559	2449.699314	2451.423918	2452.125274	2446.187106	2450.889642	2452.06	2453.325	1.0	1.0	1.0	1.0					
2455.38	11.279999999999745	trials	2.0	2459.82528	2461.241044			2458.9330019999998	2461.840182			2.0		1.0	1.0					
2467.533	4.782999999999902	trials	2.0	2469.247638	2471.03128	2471.852428	2472.328822	2466.671424	2471.0563			1.0	1.0	0.0	3.0					
2474.165	8.514999999999873	trials	2.0	2477.315684	2479.25133	2482.125112	2482.690148	2476.615124	2481.533572			1.0	2.0	0.0	3.0					
2484.441	10.72900000000027	trials	2.0	2491.065792	2493.063768			2490.237216	2493.015744			2.0		1.0	1.0					
2498.592	13.657999999999902	trials	2.0	2507.131348	2508.806692	2511.822224	2512.261032	2506.189676	2510.563018			1.0	1.0	0.0	3.0					
2516.185	10.980000000000018	trials	2.0	2520.305972	2521.762408	2525.401134	2525.99118	2519.407688	2524.66104	2526.191	2527.165	1.0	2.0	1.0	1.0					
2530.191	7.2590000000000146	trials	2.0	2532.721084	2534.405872	2536.83726	2537.463174	2531.749598	2536.11631			1.0	2.0	0.0	3.0					
2540.16	8.414999999999964	trials	2.0	2542.78592	2544.65727	2547.95662	2548.586216	2542.276718	2547.228302			1.0	1.0	0.0	3.0					
2550.375	10.66800000000012	trials	2.0	2555.110942	2556.83849			2554.308768	2556.831536			2.0		0.0	2.0					
2562.894	5.441000000000258	trials	2.0	2564.74773	2566.343766	2567.23821	2567.546856	2561.056774	2566.335132			1.0		0.0	2.0					
2571.341	26.134000000000015	trials	2.0	2589.281486	2590.349052			2588.453124	2591.193726			2.0		1.0	1.0					
2597.93	6.725000000000364	trials	2.0	2599.645962	2601.664286	2604.22813	2604.667638	2597.489552	2602.265382			1.0	2.0	0.0	3.0					
2606.56	6.630999999999858	trials	2.0	2608.841746	2610.811006	2612.751944	2613.20408	2607.95303	2612.130712			1.0	1.0	0.0	3.0					
2617.075	11.615999999999985	trials	2.0	2619.761506	2621.397958	2625.154746	2625.628162	2618.956614	2623.873658			1.0	2.0	0.0	3.0					
2629.52	14.699999999999818	trials	2.0	2639.051672	2640.3784259999998	2642.548844	2643.031444	2638.286714	2641.937472	2643.276	2644.22	1.0	1.0	1.0	1.0					
2646.33	8.590000000000146	trials	2.0	2651.026102	2652.347616			2650.15067	2652.810878			2.0		1.0	1.0					
2658.441	9.403999999999996	trials	2.0	2660.056526	2661.834598			2658.466606	2662.810302			2.0		1.0	1.0					
2669.35	4.925999999999931	trials	2.0	2671.057114	2672.284508	2673.536756	2673.746158	2667.857842	2672.27483			1.0		0.0	2.0					
2676.325	6.94800000000032	trials	2.0	2678.62319	2680.463464			2677.78123	2680.827554			2.0		1.0	1.0					
2685.77	7.414999999999964	trials	2.0	2688.4862	2689.696462	2692.764236	2693.1992999999998	2687.747062	2691.837534			1.0	1.0	0.0	3.0					
2696.111	9.923999999999978	trials	2.0	2698.31033	2699.9432699999998			2697.695256	2700.538966			2.0		1.0	1.0					
2706.211	10.014000000000124	trials	2.0	2708.213314	2709.368062	2710.907162	2711.538246	2706.04842	2710.051046	2711.56	2712.685	1.0	1.0	1.0	1.0					
2716.75	7.179999999999836	trials	2.0	2718.707986	2720.228514	2722.17884	2722.583856	2716.23946	2720.331492			1.0	2.0	0.0	3.0					
2724.505	10.239999999999782	trials	2.0	2729.776604	2731.678802	2734.11597	2734.757888	2728.98957	2733.2527999999998			1.0	1.0	0.0	3.0					
2738.475	5.849999999999909	trials	2.0	2740.592416	2742.26874			2739.884128	2742.263356			2.0		0.0	2.0					
2748.34	7.190000000000055	trials	2.0	2749.932062	2751.45318	2754.78595	2755.54363	2749.215164	2753.943996			1.0	1.0	0.0	3.0					
2758.11	8.674999999999727	trials	2.0	2760.967314	2762.398668	2765.061904	2765.605302	2759.978114	2764.354686	2765.845	2766.785	1.0	1.0	1.0	1.0					
2769.836	8.434000000000196	trials	2.0	2771.99865	2773.318578	2777.54852	2778.284248	2771.39527	2776.694874			1.0	2.0	0.0	3.0					
2780.995	8.519999999999982	trials	2.0	2784.41192	2786.078278	2788.90508	2789.52829	2783.4324619999998	2788.365444			1.0	1.0	0.0	3.0					
2791.26	11.504999999999654	trials	2.0	2796.877492	2798.02363	2802.077096	2802.778416	2796.174648	2801.133292			1.0	2.0	0.0	3.0					
2804.455	12.075000000000273	trials	2.0	2812.337482	2813.841046	2815.987	2816.543446	2811.417336	2815.296328			1.0	1.0	0.0	3.0					
2820.36	9.759999999999764	trials	2.0	2823.147224	2824.390978	2828.338656	2828.99012	2822.64358	2827.61943	2829.2	2830.12	1.0	2.0	1.0	1.0					
2834.16	7.5900000000001455	trials	2.0	2835.736942	2837.305996	2840.084804	2840.637858	2834.853614	2839.076552	2840.77	2841.75	1.0	1.0	1.0	1.0					
2844.775	5.244999999999891	trials	2.0	2846.498764	2848.127012	2849.569644	2850.033116	2844.996366	2848.717832			1.0	2.0	0.0	3.0					
2853.89	7.930000000000291	trials	2.0	2857.467358	2859.244146	2859.975102	2860.657036	2856.483644	2859.222574	2860.705	2861.82	1.0	1.0	1.0	1.0					
2863.885	7.204999999999927	trials	2.0	2866.753362	2867.170926			2866.239494	2867.167588			1.0		0.0	2.0					
2873.175	4.545999999999822	trials	2.0	2875.043962	2875.690188	2877.469878	2877.663182	2871.104698	2875.677096			1.0		0.0	2.0					
2880.735	7.849999999999909	trials	2.0	2883.879872	2885.160542	2888.139606	2888.601754	2883.204278	2886.118752			1.0	1.0	0.0	3.0					
2891.486	7.179000000000087	trials	2.0	2894.5438599999998	2895.857758			2893.786158	2896.402146			2.0		1.0	1.0					
2901.122	5.653999999999996	trials	2.0	2903.218038	2904.452734	2906.3015179999998	2906.78937	2902.324768	2905.646202			1.0	1.0	0.0	3.0					
2908.655	13.0649999999996	trials	2.0	2915.81747	2917.255844	2919.945142	2920.474262	2914.835464	2919.364168	2920.685	2921.72	1.0	2.0	1.0	1.0					
2923.762	6.623000000000047	trials	2.0	2926.682528	2928.389932	2929.0143279999998	2929.277416	2925.837052	2928.376746			1.0		0.0	2.0					
2934.41	8.164999999999964	trials	2.0	2936.124424	2938.025122			2935.132636	2938.016224			2.0		0.0	2.0					
2943.08	7.276000000000295	trials	2.0	2945.192762	2947.11117			2942.59079	2948.204548			2.0		1.0	1.0					
2953.88	8.039999999999964	trials	2.0	2955.862734	2957.25422	2960.23599	2960.806578	2955.23702	2959.663134	2961.06	2961.92	1.0	1.0	1.0	1.0					
2964.985	7.519999999999982	trials	2.0	2967.117688	2968.389298	2970.720506	2971.321788	2966.276904	2970.17631	2971.481	2972.505	1.0	1.0	1.0	1.0					
2975.55	5.079999999999927	trials	2.0	2977.23306	2978.76775	2980.000158	2980.646516	2976.310298	2979.431712			1.0	1.0	0.0	3.0					
2982.362	9.503999999999905	trials	2.0	2987.053178	2988.649878	2991.394916	2991.88269	2986.478368	2990.73625			1.0	2.0	0.0	3.0					
2993.732	8.702999999999975	trials	2.0	2998.628972	3000.519782	3001.961932	3002.448264	2998.047124	3001.376568			1.0	1.0	0.0	3.0					
3006.3	13.254999999999654	trials	2.0	3011.763464	3013.81112	3017.588768	3018.1912899999998	3011.199316	3016.064958	3018.285	3019.555	1.0	2.0	1.0	1.0					
3021.645	13.525000000000091	trials	2.0	3026.718334	3028.864086			3026.130078	3029.139052			2.0		1.0	1.0					
3035.965	5.319999999999709	trials	2.0	3037.5484579999998	3039.519986	3040.857424	3041.302188	3035.184044	3040.19737			1.0	2.0	0.0	3.0					
3044.17	7.875	trials	2.0	3047.787814	3049.4921719999998	3051.43575	3052.060386	3046.93072	3050.382448			1.0	1.0	0.0	3.0					
3055.756	9.149000000000342	trials	2.0	3058.968608	3060.555232	3064.312958	3064.92263	3058.268892	3062.548208			1.0	2.0	0.0	3.0					
3066.66	10.450000000000273	trials	2.0	3072.473304	3074.3063859999997			3071.555358	3074.820182			2.0		1.0	1.0					
3079.59	7.164999999999964	trials	2.0	3081.348362	3082.919074	3085.683862	3086.236008	3080.7806	3084.990128			1.0	1.0	1.0	1.0					
3089.255	12.784999999999854	trials	2.0	3095.223518	3096.494572	3100.114588	3100.73446	3094.618112	3099.529576	3100.775	3102.04	1.0	1.0	1.0	1.0					
3105.085	11.61999999999989	trials	2.0	3106.773536	3108.350204	3111.077876	3111.648824	3106.23254	3110.29086	3111.84	3113.09	1.0	1.0	1.0	1.0					
3117.161	5.048999999999978	trials	2.0	3118.934556	3120.461142	3121.547234	3122.224194	3116.721286	3120.916768			1.0	1.0	0.0	3.0					
3123.87	8.670000000000073	trials	2.0	3128.000136	3129.185046	3131.938752	3132.555264	3127.0829	3131.220048			1.0	2.0	0.0	3.0					
3136.301	5.213999999999942	trials	2.0	3137.875242	3139.520634	3140.563474	3140.861424	3137.214996	3139.5171			1.0		0.0	2.0					
3145.527	7.7979999999997744	trials	2.0	3148.5586279999998	3150.027372	3152.662276	3153.34174	3147.57251	3151.0825879999998			1.0	2.0	0.0	3.0					
3157.005	14.944999999999709	trials	2.0	3167.78313	3169.649536			3166.779244	3169.83932			2.0		1.0	1.0					
3174.466	9.434999999999945	trials	2.0	3180.062376	3181.095584			3179.486116	3181.72702			2.0		1.0	1.0					
3187.357	5.813000000000102	trials	2.0	3189.098972	3190.375914	3192.19684	3193.186102	3187.981764	3191.504906			1.0	1.0	0.0	3.0					
3195.558	16.322000000000116	trials	2.0	3207.500248	3208.635528	3211.3888699999998	3211.895432	3206.851974	3210.717234			1.0	1.0	0.0	3.0					
3214.75	6.014999999999873	trials	2.0	3217.183936	3218.820248	3220.246862	3220.778378	3216.189874	3219.5556			1.0	2.0	0.0	3.0					
3224.605	7.849999999999909	trials	2.0	3227.024298	3228.910222	3230.514182	3231.19006	3226.163242	3229.81855	3231.245	3232.455	1.0	1.0	1.0	1.0					
3234.485	8.194999999999709	trials	2.0	3236.686178	3238.496456	3240.8481699999998	3241.4984759999998	3236.140456	3239.977866	3241.61	3242.68	1.0	1.0	1.0	1.0					
3246.745	11.36999999999989	trials	2.0	3248.3095	3250.001886	3252.88208	3253.410202	3247.543178	3252.310348	3253.575	3254.651	1.0	1.0	1.0	1.0					
3258.757	5.322999999999865	trials	2.0	3260.562476	3262.084094	3262.694486	3263.15084	3258.132156	3262.0753879999997			1.0		0.0	2.0					
3266.13	6.859999999999673	trials	2.0	3268.743774	3270.430114			3268.038312	3270.70082			2.0		1.0	1.0					
3276.516	6.494000000000142	trials	2.0	3278.3095	3279.410496	3282.650036	3283.025268	3277.024018	3281.714178			1.0	2.0	0.0	3.0					
3284.97	8.475000000000364	trials	2.0	3288.754614	3290.40885	3292.889364	3293.460798	3288.019602	3291.780534			1.0	1.0	0.0	3.0					
3295.208	11.876999999999953	trials	2.0	3301.029064	3303.01965	3306.353502	3307.101974	3300.1628259999998	3305.749682			1.0	2.0	0.0	3.0					
3308.661	10.93899999999985	trials	2.0	3313.924744	3315.409712	3317.935768	3318.358314	3313.062998	3316.388416			1.0	2.0	0.0	3.0					
3320.255	10.49499999999989	trials	2.0	3326.284468	3327.430972			3325.435924	3328.455714			2.0		1.0	1.0					
3333.215	6.059999999999945	trials	2.0	3334.964464	3336.780994			3333.42704	3337.093098			2.0		1.0	1.0					
3342.84	7.429999999999836	trials	2.0	3344.729168	3346.506012	3348.495966	3349.101352	3342.946204	3347.373772	3349.225	3350.27	1.0	1.0	1.0	1.0					
3353.295	8.13000000000011	trials	2.0	3355.81063	3357.264928	3360.70228	3361.44094	3355.290434	3360.043886			1.0	1.0	0.0	3.0					
3365.025	5.625999999999749	trials	2.0	3366.924074	3368.195636	3370.216296	3370.66386	3366.109388	3369.531414			1.0	2.0	0.0	3.0					
3374.526	5.664999999999964	trials	2.0	3376.8642019999998	3378.205596	3378.855932	3379.15212	3376.058568	3378.193858			1.0		0.0	2.0					
3383.24	9.770000000000437	trials	2.0	3385.84474	3387.66929			3385.186706	3387.613588			2.0		1.0	1.0					
3393.195	5.434999999999945	trials	2.0	3394.814338	3396.301684	3398.1208619999998	3398.6446379999998	3393.028638	3396.77576			1.0	1.0	0.0	3.0					
3402.441	5.319000000000415	trials	2.0	3404.199686	3406.0391799999998	3407.373686	3407.775054	3402.953604	3406.76258			1.0	2.0	0.0	3.0					
3409.73	11.340000000000146	trials	2.0	3416.454518	3418.111848			3415.556722	3418.104018			2.0		0.0	2.0					
3423.11	8.134999999999764	trials	2.0	3428.05466	3429.691476	3430.835568	3431.264156	3427.371674	3430.298926			1.0	1.0	0.0	3.0					
3434.201	9.548999999999978	trials	2.0	3437.854704	3439.248696	3441.823874	3442.498516	3437.233042	3441.071522	3442.56	3443.75	1.0	1.0	1.0	1.0					
3445.767	7.44800000000032	trials	2.0	3448.46146	3450.248188	3452.691568	3453.232924	3447.882542	3451.958322			1.0	1.0	0.0	3.0					
3456.036	9.078999999999724	trials	2.0	3460.06977	3461.6058	3464.669276	3465.133164	3459.561674	3463.237738			1.0	2.0	0.0	3.0					
3469.031	12.969000000000051	trials	2.0	3474.774914	3476.700966			3474.225614	3477.0723199999998			2.0		1.0	1.0					
3483.77	4.599999999999909	trials	2.0	3485.50124	3486.37658	3486.934438	3487.159664	3482.014824	3486.367734			1.0		0.0	2.0					
3491.38	5.025000000000091	trials	2.0	3493.8364	3495.06653	3495.986518	3496.421798	3492.366872	3495.23969			1.0	2.0	0.0	3.0					
3499.34	38.54500000000007	trials	2.0	3531.495	3532.621354			3530.982128	3533.219606			2.0		1.0	1.0					
3539.926	8.499000000000251	trials	2.0	3541.85549	3543.356902	3543.928692	3544.09463	3537.90352	3543.346038			1.0		0.0	2.0					
3549.36	5.184999999999945	trials	2.0	3551.086944	3552.951548	3553.952922	3554.56186	3548.440308	3553.280482			1.0	2.0	0.0	3.0					
3557.285	55.02500000000009	trials	2.0	3607.980536	3609.512506			3607.397816	3610.070608			2.0		1.0	1.0					
3614.875	8.445000000000164	trials	2.0	3616.510848	3618.457092	3622.92236	3623.33989	3615.54939	3620.898226			1.0	1.0	0.0	3.0					
3626.27	12.440000000000055	trials	2.0	3628.105402	3629.539154	3633.328504	3633.881632	3626.721618	3631.394052	3633.935	3634.97	1.0	1.0	1.0	1.0					
3638.986	6.34900000000016	trials	2.0	3640.815478	3642.10193	3644.742642	3645.35405	3638.72976	3643.979848			1.0	1.0	0.0	3.0					
3647.055	8.495000000000346	trials	2.0	3650.565856	3652.215486	3654.918458	3655.568244	3649.94425	3654.2753079999998			1.0	2.0	0.0	3.0					
3659.24	6.775000000000091	trials	2.0	3661.080354	3662.242268	3665.5372939999997	3666.030778	3660.48699	3664.914914			1.0	1.0	0.0	3.0					
3668.865	10.215000000000146	trials	2.0	3674.212708	3675.6105079999998	3678.51564	3679.100142	3673.385314	3677.838778			1.0	2.0	0.0	3.0					
3680.84	7.789999999999964	trials	2.0	3684.462062	3685.992052	3688.046694	3688.6497759999997	3683.689502	3687.292434			1.0	1.0	0.0	3.0					
3690.38	14.00500000000011	trials	2.0	3698.966086	3700.557486	3703.81443	3704.40058	3698.0435979999997	3702.681452			1.0	2.0	0.0	3.0					
3708.115	6.420000000000073	trials	2.0	3710.060866	3711.905156	3713.464094	3714.144758	3709.171728	3712.57678			1.0	1.0	1.0	1.0					
3719.003	12.978000000000065	trials	2.0	3721.885946	3723.270556	3726.493274	3727.04928	3721.030032	3725.438698	3727.215	3728.35	1.0	1.0	1.0	1.0					
3732.413	4.791999999999916	trials	2.0	3734.196158	3735.521988	3736.644538	3737.223936	3731.995954	3736.011942			1.0	1.0	0.0	3.0					
3738.96	19.74499999999989	trials	2.0	3742.471056	3743.927708	3756.647566	3757.400352	3741.802038	3744.819536	3757.43	3758.705	1.0	1.0	1.0	1.0					
3761.77	9.610000000000127	trials	2.0	3767.62069	3769.332704			3766.66318	3769.324412			2.0		0.0	2.0					
3774.426	8.099999999999909	trials	2.0	3777.030648	3778.531608			3776.409702	3779.818604			2.0		1.0	1.0					
3785.156	7.614000000000033	trials	2.0	3786.877918	3788.754358	3791.176084	3791.68455	3785.584382	3789.879556	3791.935	3792.77	1.0	1.0	1.0	1.0					
3794.79	7.5300000000002	trials	2.0	3797.511486	3799.268106	3801.828938	3802.338016	3796.50678	3800.782108			1.0	1.0	0.0	3.0					
3805.14	6.690000000000055	trials	2.0	3807.301398	3808.450544			3806.558886	3809.412914	3811.0	3811.83	2.0		1.0	1.0					
3813.926	14.97900000000027	trials	2.0	3819.1362599999998	3820.987826	3823.273136	3824.090204	3818.346396	3821.804808	3823.928	3825.316	1.0	1.0	1.0	1.0					
3829.35	5.519999999999982	trials	2.0	3831.216704	3832.7995379999998	3834.471264	3834.888092	3828.922946	3832.796512			1.0		0.0	2.0					
3837.866	7.635000000000218	trials	2.0	3840.576122	3841.808352	3844.843708	3845.521654	3839.5835739999998	3844.140558			1.0	2.0	0.0	3.0					
3847.16	12.507000000000062	trials	2.0	3852.041334	3853.271332			3851.191102	3854.469598			2.0		1.0	1.0					
3860.075	5.545000000000073	trials	2.0	3861.941134	3863.062204	3865.087908	3865.640078	3859.687932	3864.35829			1.0	1.0	0.0	3.0					
3869.45	9.370000000000346	trials	2.0	3871.911042	3873.8927479999998	3876.979808	3877.60261	3871.076208	3876.288274	3877.845	3878.82	1.0	2.0	1.0	1.0					
3880.877	7.213000000000193	trials	2.0	3883.811812	3885.678294	3887.447232	3888.107892	3882.854286	3886.867998			1.0	2.0	0.0	3.0					
3890.801	12.974999999999909	trials	2.0	3896.77161	3898.61826			3895.8921179999998	3898.861828			2.0		1.0	1.0					
3905.437	5.038000000000011	trials	2.0	3907.354768	3908.485708	3909.160068	3909.629914	3903.797238	3908.475772			1.0		0.0	2.0					
3914.485	5.889999999999873	trials	2.0	3916.213524	3918.158084	3919.756266	3920.392318	3915.371348	3919.101728			1.0	1.0	0.0	3.0					
3922.08	10.276000000000295	trials	2.0	3927.753214	3929.683244	3931.623878	3932.373876	3926.983578	3930.68971			1.0	2.0	0.0	3.0					
3933.99	13.1850000000004	trials	2.0	3941.206262	3943.028568			3940.285294	3943.023068			2.0		0.0	2.0					
3949.03	9.169999999999618	trials	2.0	3953.97688	3955.613186	3957.644208	3958.221054	3953.423514	3957.1199659999997			1.0	1.0	0.0	3.0					
3961.005	7.074999999999818	trials	2.0	3963.24647	3964.78647	3967.576082	3968.100488	3962.690616	3967.01863			1.0	2.0	0.0	3.0					
3971.91	8.952000000000226	trials	2.0	3974.366654	3976.027956	3978.829788	3979.59214	3973.496082	3978.295792	3979.606	3980.862	1.0	1.0	1.0	1.0					
3984.885	7.765999999999622	trials	2.0	3986.4818	3987.698202	3988.5528639999998	3988.968768	3985.196112	3987.6887619999998			1.0		0.0	2.0					
3993.725	11.450000000000273	trials	2.0	3999.306914	4000.423238	4004.678262	4005.194866	3998.506104	4003.704584			1.0	1.0	0.0	3.0					
4008.039	7.520999999999731	trials	2.0	4012.057116	4013.568688	4014.314724	4014.527178	4011.213698	4013.558318			1.0		0.0	2.0					
4018.57	9.514999999999873	trials	2.0	4020.702832	4022.6178019999998			4019.377272	4022.560888			2.0		1.0	1.0					
4028.205	5.430000000000291	trials	2.0	4029.98237	4031.590378	4032.28845	4032.431984	4028.105424	4031.585752			1.0		0.0	2.0					
4035.645	8.324999999999818	trials	2.0	4040.838542	4041.973808			4039.91379	4041.965908			1.0		0.0	2.0					
4046.022	7.6030000000000655	trials	2.0	4048.597752	4050.33435	4051.910896	4052.503322	4047.963788	4051.222088	4052.57	4053.625	1.0	1.0	1.0	1.0					
4057.665	5.8530000000000655	trials	2.0	4059.602168	4061.509234	4062.127476	4062.422212	4057.756542	4061.498998			1.0		0.0	2.0					
4066.53	6.129999999999654	trials	2.0	4068.491686	4069.918376			4067.60938	4070.539248			2.0		1.0	1.0					
4075.215	5.964999999999691	trials	2.0	4077.9737560000003	4078.0567000000005			4067.60938	4078.7757840000004			2.0		1.0	1.0					
4083.639	5.286000000000058	trials	2.0	4085.519102	4086.6836260000005	4088.26301	4088.9250020000004	4084.1072320000003	4087.602858			1.0	1.0	0.0	3.0					
4090.655	10.874999999999545	trials	2.0	4094.5195080000003	4095.9311940000002			4093.9281880000003	4096.533482000001			2.0		1.0	1.0					
4102.276	4.878999999999905	trials	2.0	4104.14	4105.0972			4101.531728	4105.089726			1.0		0.0	2.0					
4110.168	5.967000000000553	trials	2.0	4112.634832000001	4114.395786	4115.614038000001	4116.137834	4111.833892000001	4115.045448000001			1.0	2.0	0.0	3.0					
4118.955	10.074999999999818	trials	2.0	4123.880682	4125.236402	4128.44541	4129.033902	4123.14415	4126.760338			1.0	1.0	0.0	3.0					
4130.776	10.199000000000524	trials	2.0	4136.639624	4139.212170000001	4140.634422	4140.936082	4136.036516	4139.83567			1.0	2.0	0.0	3.0					
4143.035	14.74499999999989	trials	2.0	4152.470844	4154.52433	4156.282838	4156.612062	4151.55447	4155.694886	4157.02	4157.78	1.0	1.0	1.0	1.0					
4161.805	6.505999999999403	trials	2.0	4164.389832000001	4166.2169380000005	4167.749802	4168.31315	4163.489206	4166.793378			1.0	2.0	0.0	3.0					
4171.132	8.97400000000016	trials	2.0	4175.209822000001	4177.086362	4179.608472	4180.1056260000005	4174.2892600000005	4179.005034000001			1.0	1.0	0.0	3.0					
4183.935	7.174999999999272	trials	2.0	4188.045564	4189.39666	4190.706872000001	4191.112764	4187.531188	4190.1219360000005			1.0	1.0	0.0	3.0					
4195.035	31.895000000000437	trials	2.0	4209.399764000001	4211.141514	4222.77209	4223.25987	4208.689094	4212.914578			1.0	2.0	0.0	3.0					
4227.106	13.838999999999942	trials	2.0	4233.4799	4235.427898			4232.64738	4235.762276			2.0		1.0	1.0					
4241.486	6.53400000000056	trials	2.0	4243.32174	4244.98984	4246.245382	4246.836642	4240.947976	4245.452810000001	4246.915	4248.02	1.0	1.0	1.0	1.0					
4251.09	9.782000000000153	trials	2.0	4252.9348580000005	4254.634542000001	4256.788288000001	4257.324298	4251.999936	4255.84705			1.0	2.0	0.0	3.0					
4261.111	11.269000000000233	trials	2.0	4268.54063	4270.61463	4271.966826	4272.384092	4267.735406000001	4271.339548			1.0	2.0	0.0	3.0					
4275.323	8.652000000000044	trials	2.0	4280.205580000001	4282.215332000001	4283.448038	4283.978694	4279.455358	4282.86282			1.0	1.0	0.0	3.0					
4286.795	10.25	trials	2.0	4292.211292	4294.370352	4296.645974	4297.046514000001	4291.643636000001	4295.09878			1.0	1.0	0.0	3.0					
4298.987	7.587999999999738	trials	2.0	4303.330800000001	4304.5874220000005	4306.227588000001	4306.574478	4302.641158	4305.486084			1.0	2.0	0.0	3.0					
4309.58	11.515000000000327	trials	2.0	4316.440322	4318.217430000001	4320.505794000001	4321.099392	4315.566052	4318.616080000001			1.0	1.0	0.0	3.0					
4323.888	11.427999999999884	trials	2.0	4330.822144000001	4332.821082			4330.044084	4332.813340000001			2.0		0.0	2.0					
4336.835	8.819999999999709	trials	2.0	4341.7204360000005	4343.3022900000005	4345.098022	4345.658714	4341.181694000001	4344.103002000001			1.0	1.0	0.0	3.0					
4348.435	8.079999999999927	trials	2.0	4353.335766	4354.448846	4355.768208	4355.850448	4352.53451	4354.445754			1.0		0.0	2.0					
4360.526	11.404000000000451	trials	2.0	4368.000856000001	4369.140606	4370.368478	4370.873774000001	4367.4815	4369.701656	4371.33	4371.93	1.0	1.0	1.0	1.0					
4373.96	6.805000000000291	trials	2.0	4376.697242	4377.936632			4376.019	4378.527164			2.0		1.0	1.0					
4383.231	4.838999999999942	trials	2.0	4384.795746000001	4386.176178000001	4387.454584	4388.074678	4383.69415	4386.6656			1.0	1.0	0.0	3.0					
4389.83	9.210000000000036	trials	2.0	4394.197168000001	4396.029404000001	4397.978634	4398.50471	4393.446978	4397.368402			1.0	1.0	1.0	1.0					
4403.596	12.644000000000233	trials	2.0	4408.894284	4410.343048000001			4408.137896	4410.898026000001			2.0		1.0	1.0					
4416.62	4.789999999999964	trials	2.0	4418.521842	4419.347658000001	4420.113376	4420.409644	4416.242084	4419.344816000001			1.0		0.0	2.0					
4423.421	8.206999999999425	trials	2.0	4427.630994	4429.518386000001	4431.279222	4431.6285020000005	4427.060126	4430.710272			1.0	2.0	0.0	3.0					
4435.652	31.682999999999993	trials	2.0	4463.121138	4464.77243			4462.381356	4465.20822			2.0		1.0	1.0					
4469.805	6.489999999999782	trials	2.0	4471.862376	4473.467602000001	4474.557188000001	4475.100362	4470.286886	4473.973760000001	4475.295	4476.295	1.0	1.0	1.0	1.0					
4478.352	6.44800000000032	trials	2.0	4480.509392	4482.240904			4479.998824	4482.679034000001			2.0		1.0	1.0					
4487.316	6.673999999999978	trials	2.0	4489.036186	4490.318264	4492.911588	4493.536096000001	4488.154528	4492.2461			1.0	1.0	1.0	1.0					
4496.495	8.445999999999913	trials	2.0	4500.2565700000005	4501.977248	4503.052718	4503.599	4499.742916	4502.132654	4503.651	4504.941	1.0	1.0	1.0	1.0					
4508.965	5.3149999999996	trials	2.0	4510.516168	4511.857558000001	4513.448688	4514.283018	4509.695360000001	4512.837320000001			1.0	1.0	0.0	3.0					
4515.79	11.860999999999876	trials	2.0	4522.716424	4524.174506	4527.11541	4527.655426	4522.14717	4526.004536			1.0	1.0	0.0	3.0					
4530.45	8.94000000000051	trials	2.0	4533.456494	4535.007256000001	4537.458014000001	4538.222994000001	4532.506732000001	4536.937172	4538.231	4539.39	1.0	1.0	1.0	1.0					
4541.41	7.420000000000073	trials	2.0	4545.521312000001	4546.678036	4548.226720000001	4548.834972000001	4544.724814	4547.6792700000005			1.0	1.0	0.0	3.0					
4552.57	5.9350000000004	trials	2.0	4554.855766000001	4556.503876000001			4554.193928000001	4556.491112000001			2.0		0.0	2.0					
4561.56	24.674999999999272	trials	2.0	4580.252600000001	4581.489722	4584.447622000001	4584.9993540000005	4579.489306	4583.8110560000005	4585.191	4586.235	1.0	1.0	1.0	1.0					
4590.36	402.20600000000013	BlockDesign														1.0	400.0	436.0	90.0	50.0
4590.36	6.025000000000546	trials	3.0	4591.896012	4593.767752000001	4594.616906	4595.17289	4590.1021	4594.066674000001	4595.28	4596.385	1.0	1.0	1.0	1.0					
4599.481	8.184000000000196	trials	3.0	4601.521456	4603.485856	4605.756644	4606.449406000001	4600.5680760000005	4604.564988	4606.53	4607.665	1.0	1.0	1.0	1.0					
4610.735	5.0600000000004	trials	3.0	4612.448316	4613.7887900000005	4614.795044	4615.254166000001	4611.77821	4613.7760180000005			1.0		0.0	2.0					
4618.83	9.980000000000473	trials	3.0	4623.561448	4625.094352	4626.826368	4627.318118	4622.645702000001	4626.1591880000005	4627.46	4628.81	1.0	1.0	1.0	1.0					
4631.826	7.144000000000233	trials	3.0	4633.681512	4635.482292000001	4637.228048	4637.8242820000005	4632.714432000001	4636.5963	4638.026	4638.97	1.0	1.0	1.0	1.0					
4640.997	6.278999999999542	trials	3.0	4644.061182	4645.273674	4646.258116	4646.633084	4643.512058	4645.261912			1.0		0.0	2.0					
4651.285	7.329999999999927	trials	3.0	4653.226416	4654.4845700000005	4658.098934000001	4658.617238000001	4652.418790000001	4656.022796			1.0	2.0	0.0	3.0					
4662.435	21.479999999999563	trials	3.0	4677.917186000001	4679.6832460000005	4681.899366000001	4682.59972	4676.939792	4680.547936	4682.75	4683.915	1.0	1.0	1.0	1.0					
4686.941	7.859000000000378	trials	3.0	4689.21719	4691.250206000001	4692.841776	4693.557506	4688.243768	4691.5807460000005	4693.49	4694.8	1.0	1.0	1.0	1.0					
4698.881	8.148999999999432	trials	3.0	4700.7769020000005	4702.1382060000005			4699.134902000001	4702.1274060000005			2.0		0.0	2.0					
4708.166	6.698999999999614	trials	3.0	4709.681984000001	4711.281562	4712.045674	4712.488122000001	4707.036944	4711.27915			1.0		0.0	2.0					
4715.335	7.145999999999731	trials	3.0	4717.181722	4719.039932000001	4720.414078000001	4720.493466	4714.8684840000005	4719.425532			2.0		0.0	4.0					
4726.505	11.574999999999818	trials	3.0	4732.276348	4733.400946000001	4736.170848000001	4736.898804	4731.4475600000005	4735.60429	4736.92	4738.08	1.0	1.0	1.0	1.0					
4740.125	9.940999999999804	trials	3.0	4742.716856	4744.244002	4748.184534	4748.868036	4742.091824	4746.035606	4748.865	4750.066	1.0	1.0	1.0	1.0					
4753.096	9.234000000000378	trials	3.0	4755.146574	4756.448628	4757.127316	4757.341458000001	4753.655076	4756.439064			1.0		0.0	2.0					
4762.46	5.4409999999998035	trials	3.0	4764.198692	4765.898844			4762.337170000001	4765.8868840000005			2.0		0.0	2.0					
4770.949	7.701000000000022	trials	3.0	4774.278946	4776.0789780000005			4773.274302000001	4776.4045320000005			2.0		1.0	1.0					
4781.16	8.895000000000437	trials	3.0	4783.557332	4785.18919	4787.98569	4788.588704000001	4782.627522000001	4786.844282	4788.66	4790.055	1.0	1.0	1.0	1.0					
4793.08	8.0600000000004	trials	3.0	4795.44196	4796.783028	4798.33027	4798.9010100000005	4794.1137100000005	4797.73823	4799.066	4801.14	1.0	1.0	1.0	1.0					
4804.16	5.655999999999949	trials	3.0	4806.613956	4807.754422	4808.75641	4809.160366	4805.727986	4807.749482			1.0		0.0	2.0					
4811.871	11.319999999999709	trials	3.0	4815.037776	4816.548538	4821.602606	4822.14253	4814.161480000001	4818.761750000001	4822.305	4823.191	1.0	2.0	1.0	1.0					
4825.255	7.930000000000291	trials	3.0	4829.408574	4830.61639			4828.609206	4831.085104000001			2.0		1.0	1.0					
4835.655	5.725000000000364	trials	3.0	4837.272036	4838.844822	4840.309386000001	4840.984562000001	4836.308438	4839.723644000001			1.0	1.0	1.0	1.0					
4845.948	10.112999999999374	trials	3.0	4852.097448	4853.74445			4851.113502	4853.985516000001			2.0		1.0	1.0					
4858.665	6.65099999999984	trials	3.0	4860.823996	4862.283472	4863.288234000001	4863.975228	4860.110898000001	4862.671134	4864.045	4865.316	1.0	1.0	1.0	1.0					
4867.347	11.777000000000044	trials	3.0	4874.012594000001	4875.304408	4877.009932	4877.747062	4873.24919	4876.336808	4877.72	4879.124	1.0	1.0	1.0	1.0					
4881.186	6.8270000000002256	trials	3.0	4883.897190000001	4885.504904			4883.051034	4885.9911520000005			2.0		1.0	1.0					
4891.587	6.72899999999936	trials	3.0	4893.367982000001	4894.488060000001			4892.67918	4896.075888			2.0		1.0	1.0					
4900.816	5.164999999999964	trials	3.0	4902.7774420000005	4903.974588	4904.742448	4905.213296	4901.471018	4903.970020000001			1.0		0.0	2.0					
4909.035	7.395000000000437	trials	3.0	4910.8430180000005	4912.511844000001	4914.428648	4915.223348	4910.1389580000005	4913.346482	4915.13	4916.43	1.0	1.0	1.0	1.0					
4919.496	8.154999999999745	trials	3.0	4922.16806	4924.039754	4925.522026000001	4926.350542	4921.170416	4924.152368	4926.225	4927.651	1.0	1.0	1.0	1.0					
4930.67	5.605999999999767	trials	3.0	4932.828304000001	4934.21465	4934.818652	4935.35609	4931.437296	4934.21011			1.0		0.0	2.0					
4940.326	8.998999999999796	trials	3.0	4942.152164	4943.41334	4947.492422	4948.061848	4941.605140000001	4945.08823	4948.195	4949.325	1.0	1.0	1.0	1.0					
4952.345	8.739999999999782	trials	3.0	4954.208398000001	4955.404154			4953.444108000001	4955.962676			2.0		1.0	1.0					
4962.753	11.938000000000102	trials	3.0	4970.82837	4972.186718			4970.10463	4972.628720000001			2.0		1.0	1.0					
4977.254	5.631000000000313	trials	3.0	4979.298234	4980.859204	4982.389072	4982.89184	4978.312346000001	4981.566224			1.0	2.0	0.0	3.0					
4986.715	5.850999999999658	trials	3.0	4988.808054	4990.36872	4992.486648	4992.988432	4987.938586	4991.71056			1.0	1.0	0.0	3.0					
4996.825	1395.8850000000002	BlockDesign														1.0	437.0	548.0	10.0	50.0
4996.825	34.490999999999985	trials	4.0	5027.758150000001	5029.309594			5026.866138	5029.297952000001			2.0		0.0	2.0					
5034.325	5.610000000000582	trials	4.0	5036.353018000001	5037.796754	5039.292524	5039.939060000001	5035.684992	5038.636152			1.0	1.0	0.0	3.0					
5043.661	6.364999999999782	trials	4.0	5045.763466	5047.020582			5044.987174	5047.83255			2.0		1.0	1.0					
5053.56	5.264999999999418	trials	4.0	5055.468360000001	5057.007860000001	5058.329072	5058.829086000001	5053.69523	5057.641146			1.0	1.0	0.0	3.0					
5061.695	8.195000000000618	trials	4.0	5063.852882	5065.772812	5067.963806000001	5068.66896	5063.115716	5066.358566000001	5068.74	5069.89	1.0	2.0	1.0	1.0					
5072.915	6.470000000000255	trials	4.0	5074.85304	5076.736974	5078.785692	5079.3911960000005	5074.332558	5078.068724000001			1.0	1.0	0.0	3.0					
5081.16	8.510000000000218	trials	4.0	5085.442980000001	5086.894212	5089.246838	5089.675844	5084.8338	5088.682134000001			1.0	1.0	0.0	3.0					
5091.575	6.970000000000255	trials	4.0	5094.364702000001	5096.2605920000005	5097.797552	5098.550948	5093.655758000001	5097.226698			1.0	2.0	0.0	3.0					
5101.115	15.302999999999884	trials	4.0	5113.428514	5114.518446	5115.94627	5116.421938	5112.490054	5115.288130000001			1.0	1.0	0.0	3.0					
5120.281	12.24499999999989	trials	4.0	5127.490400000001	5129.244096	5130.882914	5131.383164000001	5126.900460000001	5129.9831	5131.667	5132.526	1.0	2.0	1.0	1.0					
5134.549	7.46100000000024	trials	4.0	5137.293974	5138.751488			5136.619582	5138.739738			2.0		0.0	2.0					
5144.765	16.885999999999513	trials	4.0	5158.45383	5159.648922	5160.6215760000005	5160.793816	5157.548374	5159.639300000001			1.0		0.0	2.0					
5163.7	13.655999999999949	trials	4.0	5169.3086	5170.770578000001			5168.55273	5171.541844			2.0		1.0	1.0					
5177.375	5.899999999999636	trials	4.0	5179.028456	5180.717286			5177.3598440000005	5181.013442	5182.93	5183.095	2.0		1.0	1.0					
5186.781	8.529000000000451	trials	4.0	5191.075418	5192.6059000000005	5193.537908	5194.071072000001	5190.200344000001	5192.688796	5194.17	5195.31	1.0	2.0	1.0	1.0					
5197.33	9.409999999999854	trials	4.0	5202.058962	5203.1053440000005	5205.048984	5205.345404000001	5201.4102760000005	5203.6801780000005	5205.785	5206.74	1.0	2.0	1.0	1.0					
5210.757	5.613000000000284	trials	4.0	5212.464620000001	5213.6619	5214.473048	5215.013588	5211.293504	5213.728946	5215.191	5216.37	1.0	2.0	1.0	1.0					
5218.435	5.380999999999403	trials	4.0	5220.403372000001	5221.954650000001	5223.1296	5223.82329	5219.770362	5222.44851			1.0	2.0	0.0	3.0					
5227.47	7.984999999999673	trials	4.0	5229.523676000001	5231.1718280000005	5233.713758	5234.236246	5228.677426	5232.56947	5234.505	5235.455	1.0	1.0	1.0	1.0					
5239.475	7.638999999999214	trials	4.0	5241.459718	5243.04223	5246.55334	5247.12004	5239.552078000001	5243.075034			1.0	1.0	0.0	3.0					
5249.875	5.8159999999998035	trials	4.0	5251.934228	5253.84345	5255.068848000001	5255.694498000001	5251.209374	5254.385822			1.0	2.0	0.0	3.0					
5258.39	12.139999999999418	trials	4.0	5266.35873	5268.099358	5270.095516	5270.53701	5265.601434	5268.883214			1.0	1.0	0.0	3.0					
5272.41	27.225000000000364	trials	4.0	5294.799368	5296.806948	5299.2063	5299.643230000001	5293.80487	5298.552034			1.0	2.0	0.0	3.0					
5301.525	5.735000000000582	trials	4.0	5304.358746	5305.1972240000005	5305.852984	5306.033944000001	5303.73128	5305.189102			1.0		0.0	2.0					
5311.276	10.84900000000016	trials	4.0	5319.434022	5319.57136			5318.900734000001	5319.561474			2.0		0.0	2.0					
5323.645	10.474999999999454	trials	4.0	5327.219216	5328.445842	5330.4649420000005	5331.0848320000005	5326.55562	5329.907042000001			1.0	1.0	0.0	3.0					
5334.795	4.699999999999818	trials	4.0	5336.759658000001	5337.916604	5338.895934	5339.499900000001	5334.1269760000005	5338.222054			1.0	2.0	0.0	3.0					
5343.265	8.234999999999673	trials	4.0	5347.326134000001	5348.496452			5346.591168000001	5349.2537680000005			2.0		1.0	1.0					
5355.07	8.081000000000131	trials	4.0	5357.308226	5358.528036000001	5362.288054000001	5362.685740000001	5356.315044000001	5360.9641360000005			1.0	1.0	0.0	3.0					
5367.157	6.878999999999905	trials	4.0	5370.554692000001	5372.035786			5369.678346000001	5372.024618			1.0		0.0	2.0					
5376.095	13.260999999999513	trials	4.0	5382.43484	5384.243374000001	5388.69873	5389.364264	5381.9167800000005	5387.312910000001			1.0	1.0	0.0	3.0					
5392.02	9.30999999999949	trials	4.0	5396.5540120000005	5398.0967200000005	5400.724578	5401.339294	5395.653116	5400.148342			1.0	2.0	0.0	3.0					
5405.055	16.07799999999952	trials	4.0	5416.529168	5417.621776			5415.79918	5418.739088			2.0		1.0	1.0					
5423.686	6.798999999999978	trials	4.0	5426.590436	5428.421686000001			5425.6000380000005	5428.419406			2.0		0.0	2.0					
5433.518	7.412000000000262	trials	4.0	5435.866594	5436.936412	5440.189982	5440.938764	5435.057168	5439.326298			1.0	1.0	0.0	3.0					
5442.515	9.045000000000073	trials	4.0	5446.955262	5448.711778000001			5446.0107880000005	5449.218858			2.0		1.0	1.0					
5455.04	5.195999999999913	trials	4.0	5456.724628	5458.522386000001	5459.5894960000005	5460.242002000001	5455.587652	5458.696980000001			1.0	1.0	0.0	3.0					
5462.915	8.770000000000437	trials	4.0	5467.3265200000005	5469.086922			5466.542174	5469.444088			2.0		1.0	1.0					
5475.215	5.4099999999998545	trials	4.0	5476.7598880000005	5478.357088000001	5480.158168	5480.633532	5475.658626	5479.511060000001			1.0	1.0	0.0	3.0					
5482.481	9.134000000000015	trials	4.0	5486.670254000001	5487.996916	5490.891906000001	5491.623812	5485.831092	5490.245718			1.0	2.0	0.0	3.0					
5494.25	10.390000000000327	trials	4.0	5499.83532	5501.570716			5499.14318	5502.432676			2.0		1.0	1.0					
5507.14	12.779999999999745	trials	4.0	5511.10528	5512.65458	5514.15704	5514.893532	5510.153892	5513.257552	5514.895	5516.191	1.0	1.0	1.0	1.0					
5520.215	4.845999999999549	trials	4.0	5521.95179	5523.056842	5524.466258	5525.064864	5519.929124	5523.690784			1.0	1.0	0.0	3.0					
5526.835	13.52099999999973	trials	4.0	5533.485316	5534.805872000001	5538.499664000001	5539.10584	5532.5347520000005	5536.856396	5539.16	5540.356	1.0	2.0	1.0	1.0					
5543.42	7.3400000000001455	trials	4.0	5545.770334000001	5547.204614	5548.863818	5549.542448	5544.849926000001	5548.232722000001	5549.56	5550.76	1.0	2.0	1.0	1.0					
5554.778	5.277000000000044	trials	4.0	5556.536518000001	5557.7346560000005	5559.430956	5560.060108000001	5555.77204	5558.741224			1.0	2.0	0.0	3.0					
5563.768	8.716999999999643	trials	4.0	5568.800896000001	5570.467742000001	5572.033286	5572.4947760000005	5567.935204	5571.341424			1.0	1.0	0.0	3.0					
5574.356	17.35900000000038	trials	4.0	5588.72547	5589.7124	5591.238124	5591.541916	5588.0568840000005	5589.699398000001			1.0		0.0	2.0					
5593.77	12.154999999999745	trials	4.0	5601.310512	5602.563308000001	5605.4143380000005	5605.932546	5600.629878000001	5603.828278000001			1.0	1.0	0.0	3.0					
5609.775	7.555000000000291	trials	4.0	5612.4522400000005	5613.852168	5615.39825	5615.998328000001	5611.817452	5614.748582	5616.151	5617.33	1.0	2.0	1.0	1.0					
5619.35	5.349999999999454	trials	4.0	5621.371292	5622.64725	5623.262886	5623.532032	5620.695888	5622.64037			1.0		0.0	2.0					
5627.715	8.970000000000255	trials	4.0	5630.350444000001	5632.2766440000005	5636.302302	5636.694408	5629.785084	5633.719946			1.0	1.0	0.0	3.0					
5640.635	9.414999999999964	trials	4.0	5644.921068000001	5646.517718	5649.472834	5650.0554520000005	5644.158642	5648.916234			1.0	2.0	0.0	3.0					
5651.8	12.680999999999585	trials	4.0	5658.591896	5660.484676	5663.8323980000005	5664.488266	5657.896586000001	5663.2133220000005			1.0	1.0	0.0	3.0					
5666.18	10.93499999999949	trials	4.0	5672.070806000001	5673.840190000001	5675.241188	5675.779708	5671.382698	5674.513604	5676.03	5677.115	1.0	2.0	1.0	1.0					
5680.175	6.5349999999998545	trials	4.0	5682.095816	5683.888112000001	5684.688642	5685.388306000001	5681.347264	5684.06977	5685.481	5686.71	1.0	2.0	1.0	1.0					
5690.731	7.1469999999999345	trials	4.0	5692.4809620000005	5694.307882	5695.917962	5696.63503	5691.55773	5695.292486	5696.665	5697.878	1.0	2.0	1.0	1.0					
5701.941	5.204000000000633	trials	4.0	5703.8059920000005	5705.143088000001			5702.190764000001	5705.137584			2.0		0.0	2.0					
5711.155	6.344000000000051	trials	4.0	5713.441142000001	5714.737432			5712.441486000001	5715.316942			2.0		1.0	1.0					
5720.07	8.025000000000546	trials	4.0	5721.752224	5722.782544000001	5727.441826	5728.1011960000005	5721.20156	5726.8323120000005			1.0	1.0	0.0	3.0					
5730.815	6.900000000000546	trials	4.0	5732.831372000001	5734.82338	5735.740586	5736.3475180000005	5732.262884	5735.143838	5736.41	5737.715	1.0	2.0	1.0	1.0					
5741.785	4.925000000000182	trials	4.0	5743.650786	5744.647674	5745.274892	5745.712538	5742.587094	5744.644784			1.0		0.0	2.0					
5748.72	8.180999999999585	trials	4.0	5753.426258	5754.902906	5756.060682	5756.224916	5752.840452	5754.900302			1.0		0.0	2.0					
5758.91	12.86999999999989	trials	4.0	5765.69175	5766.72782	5771.331098000001	5771.787788000001	5765.0290860000005	5769.088528			1.0	1.0	0.0	3.0					
5774.655	7.140000000000327	trials	4.0	5778.65107	5780.121472000001	5781.290650000001	5781.804254000001	5777.719086	5780.692724			1.0	2.0	0.0	3.0					
5784.615	13.835000000000036	trials	4.0	5790.382646	5791.447574			5789.866774	5792.922442			2.0		1.0	1.0					
5798.5	5.545000000000073	trials	4.0	5800.106048000001	5801.268212000001	5803.612292	5804.054442000001	5798.457806	5802.600094			1.0	2.0	0.0	3.0					
5807.94	6.930000000000291	trials	4.0	5810.416976	5812.35304	5814.229182	5814.877746	5809.576796	5813.412396000001			1.0	2.0	0.0	3.0					
5816.555	16.69499999999971	trials	4.0	5829.723392	5831.24972	5831.795216	5831.865062000001	5828.730142	5831.23196			1.0		0.0	2.0					
5835.305	9.9399999999996	trials	4.0	5840.481618	5841.745938	5844.545478	5845.2558340000005	5839.60569	5843.125076			1.0	1.0	0.0	3.0					
5846.91	8.791000000000167	trials	4.0	5851.874122	5853.443258			5851.263652000001	5853.649148			2.0		1.0	1.0					
5858.235	6.081000000000131	trials	4.0	5860.5390800000005	5861.818044000001	5863.82012	5864.323064	5859.862976	5863.15246			1.0	1.0	0.0	3.0					
5867.137	9.429000000000087	trials	4.0	5873.336692000001	5874.5637560000005	5875.38602	5875.612116	5872.8220120000005	5874.553492			1.0		0.0	2.0					
5880.575	9.230000000000473	trials	4.0	5885.462182	5886.7086340000005	5888.078236	5888.6521760000005	5884.755858	5887.143986	5888.935	5889.805	1.0	1.0	1.0	1.0					
5892.87	6.5479999999997744	trials	4.0	5894.816794	5896.415812			5893.653772000001	5897.269438			2.0		1.0	1.0					
5902.952	4.903999999999542	trials	4.0	5904.50705	5906.043848	5907.302726	5907.864004	5903.217456	5906.586880000001			1.0	1.0	0.0	3.0					
5910.644	8.746000000000095	trials	4.0	5914.757148000001	5915.882820000001	5919.004032000001	5919.39836	5913.816604000001	5917.564060000001			1.0	1.0	0.0	3.0					
5923.366	17.98400000000038	trials	4.0	5933.276426	5934.999290000001			5932.491292000001	5935.566202			2.0		1.0	1.0					
5941.38	6.210000000000036	trials	4.0	5943.22704	5944.673374	5947.014176000001	5947.597278	5941.358754000001	5945.306500000001			1.0	1.0	0.0	3.0					
5949.335	9.756000000000313	trials	4.0	5954.97689	5956.568490000001	5958.748696000001	5959.09821	5954.279938000001	5957.935194000001			1.0	1.0	0.0	3.0					
5961.08	12.914999999999964	trials	4.0	5966.118326	5967.78737			5965.263356	5968.337812			2.0		1.0	1.0					
5975.101	5.0440000000007785	trials	4.0	5976.941914	5978.14454	5978.836020000001	5979.025366	5974.00519	5978.132194			1.0		0.0	2.0					
5982.2	16.365999999999985	trials	4.0	5991.552358000001	5993.14875	5996.671060000001	5997.33089	5990.852346000001	5995.225208	5997.495	5998.566	1.0	2.0	1.0	1.0					
6000.585	5.970000000000255	trials	4.0	6002.55853	6003.99948			6001.9109880000005	6004.439074			2.0		1.0	1.0					
6009.06	6.224999999999454	trials	4.0	6010.772266	6012.778556			6009.688518000001	6013.234546000001			2.0		1.0	1.0					
6018.84	9.300000000000182	trials	4.0	6020.727140000001	6022.363968000001	6023.264080000001	6023.359478	6018.882622	6022.35961			1.0		0.0	2.0					
6028.385	5.630000000000109	trials	4.0	6030.236976	6032.086668	6033.45716	6034.024154000001	6028.149222	6032.350752			1.0	2.0	0.0	3.0					
6035.775	10.990000000000691	trials	4.0	6041.522228	6042.7441	6046.2028	6046.7718	6040.744696000001	6044.4556			1.0	1.0	0.0	3.0					
6050.526	18.085000000000036	trials	4.0	6052.732642000001	6054.448804000001	6067.9686360000005	6068.621626	6052.176796000001	6055.27663			1.0	1.0	0.0	3.0					
6072.345	13.854999999999563	trials	4.0	6078.619166	6080.192324000001			6077.954194	6080.916828			2.0		1.0	1.0					
6086.51	5.684999999999491	trials	4.0	6088.477204000001	6089.985566	6091.807846000001	6092.206306	6086.208250000001	6090.843282			1.0	2.0	0.0	3.0					
6095.155	6.605000000000473	trials	4.0	6097.74409	6099.484034	6101.031448000001	6101.771292	6097.089040000001	6100.239394			1.0	1.0	0.0	3.0					
6104.366	76.89900000000034	trials	4.0	6178.357526	6179.210736000001			6177.74618	6179.203724000001			1.0		0.0	2.0					
6184.283	7.921999999999571	trials	4.0	6188.072694	6190.056776	6191.7657420000005	6192.21371	6187.234848	6190.833892000001			1.0	2.0	0.0	3.0					
6196.085	8.440999999999804	trials	4.0	6197.862804	6199.219294			6196.188336	6199.691986			2.0		1.0	1.0					
6206.305	6.3149999999996	trials	4.0	6207.88854	6208.340182			6204.5364420000005	6208.335296			1.0		0.0	2.0					
6213.35	10.80999999999949	trials	4.0	6218.458632	6219.888446000001	6222.482288	6223.0707760000005	6217.876478	6221.757932	6223.25	6224.16	1.0	2.0	1.0	1.0					
6227.186	6.09900000000016	trials	4.0	6229.11938	6231.121214000001	6232.878842	6233.295672	6228.0541920000005	6232.329976000001			1.0	1.0	0.0	3.0					
6235.21	21.340000000000146	trials	4.0	6252.31346	6254.002804	6254.881464	6255.366854	6251.338876	6254.419758	6255.68	6256.55	1.0	2.0	1.0	1.0					
6258.615	6.322000000000116	trials	4.0	6260.278096	6262.092746			6259.536258	6262.7518			2.0		1.0	1.0					
6267.38	9.574999999999818	trials	4.0	6269.3133720000005	6270.86736	6271.919634	6272.334512	6267.537892	6271.308070000001	6272.575	6273.481	1.0	2.0	1.0	1.0					
6277.5	5.984999999999673	trials	4.0	6279.039636	6280.210126	6281.69804	6282.262762	6276.96547	6280.970914	6282.505	6283.485	1.0	2.0	1.0	1.0					
6286.542	9.32299999999941	trials	4.0	6288.253406	6289.29031	6290.773882	6291.3615660000005	6287.053596	6290.135314	6291.526	6292.57	1.0	2.0	1.0	1.0					
6296.64	6.739999999999782	trials	4.0	6298.232938	6299.435828	6300.040642	6300.465716000001	6295.8770700000005	6299.426738			1.0		0.0	2.0					
6303.495	11.475000000000364	trials	4.0	6310.094112000001	6311.842902	6314.566306000001	6314.97907	6309.30179	6314.040646			1.0	2.0	0.0	3.0					
6318.887	18.233000000000175	trials	4.0	6330.889312	6332.707146000001	6335.390450000001	6335.956746	6330.14128	6333.8856080000005	6336.16	6337.12	1.0	2.0	1.0	1.0					
6340.191	5.960000000000036	trials	4.0	6341.713568	6342.805214	6344.220456000001	6344.830672	6340.572442000001	6343.6721720000005	6344.82	6346.151	1.0	2.0	1.0	1.0					
6348.182	9.32300000000032	trials	4.0	6350.688768	6352.24671			6349.797424	6352.890660000001			2.0		1.0	1.0					
6357.535	9.905999999999949	trials	4.0	6359.258878000001	6360.833096	6361.912142	6362.552324	6357.514926	6361.3774060000005	6362.566	6363.895	1.0	2.0	1.0	1.0					
6367.993	4.3419999999996435	trials	4.0	6369.55356	6370.76692	6371.70882	6372.346186000001	6367.454144	6371.178776000001			1.0	2.0	0.0	3.0					
6375.084	8.610999999999876	trials	4.0	6378.955094000001	6380.145144	6381.56836	6382.192044	6377.991996000001	6380.94716	6382.195	6383.695	1.0	2.0	1.0	1.0					
6385.715	6.994999999999891	trials	4.0	6389.358368	6390.869028000001	6392.672484000001	6393.977782	6388.665012	6392.111942			1.0	2.0	0.0	3.0					
6395.952	1454.9679999999998	BlockDesign														1.0	549.0	670.0	50.0	10.0
6395.952	50.96299999999974	trials	5.0	6443.658596	6445.606796	6446.447564	6446.926862	6442.711448	6445.621948			1.0	2.0	0.0	3.0					
6449.785	7.945999999999913	trials	5.0	6453.37481	6454.666094	6457.1923400000005	6457.743532	6452.468358	6455.69412			1.0	2.0	0.0	3.0					
6459.536	10.764000000000124	trials	5.0	6462.879182000001	6464.145888000001	6468.460502	6469.253828000001	6462.03787	6467.082408	6469.32	6470.3	1.0	1.0	1.0	1.0					
6473.32	5.4210000000002765	trials	5.0	6475.705506	6476.740828			6474.759064	6476.735534			1.0		0.0	2.0					
6481.783	11.341999999999643	trials	5.0	6488.949074	6490.62611			6488.2199040000005	6490.994756			2.0		1.0	1.0					
6495.645	6.864999999999782	trials	5.0	6497.219314	6498.305954	6500.295980000001	6501.042	6496.145878	6499.741952			1.0	2.0	0.0	3.0					
6503.615	10.488000000000284	trials	5.0	6510.379592	6512.071028	6513.656126	6514.116040000001	6509.405138	6512.948138			1.0	2.0	0.0	3.0					
6518.028	13.481999999999971	trials	5.0	6523.0741100000005	6524.851236			6522.309736	6525.256248			2.0		1.0	1.0					
6531.937	4.918999999999869	trials	5.0	6533.809132	6534.861592	6535.85918	6536.072894000001	6531.521986	6534.849824000001			1.0		0.0	2.0					
6538.87	14.820999999999913	trials	5.0	6550.621134000001	6551.5462800000005			6549.684896000001	6551.537886			1.0		0.0	2.0					
6555.555	16.574999999999818	trials	5.0	6565.893162	6567.406062	6570.263678	6570.95801	6565.310542	6569.668156	6570.981	6572.13	1.0	2.0	1.0	1.0					
6575.24	9.865999999999985	trials	5.0	6577.165952	6579.138482			6576.451326	6579.5758860000005			2.0		1.0	1.0					
6586.217	5.5090000000000146	trials	5.0	6588.199334000001	6589.622868	6590.927628	6591.257678	6585.118142	6589.614576			1.0		0.0	2.0					
6593.79	10.735999999999876	trials	5.0	6597.765044	6599.316102000001	6602.615812	6603.209522	6597.147674	6601.317472000001	6603.445	6604.526	1.0	2.0	1.0	1.0					
6606.545	6.414999999999964	trials	5.0	6609.63468	6611.484254000001	6612.463942	6612.972530000001	6609.090194	6611.882240000001			1.0	2.0	0.0	3.0					
6614.793	10.438000000000102	trials	5.0	6619.139538	6621.146298	6624.509884000001	6624.9025360000005	6618.334956000001	6623.704614			1.0	2.0	0.0	3.0					
6627.99	8.655000000000655	trials	5.0	6632.9345220000005	6634.551808	6635.975434	6636.65664	6632.0133240000005	6635.232546			1.0	2.0	0.0	3.0					
6638.31	15.9399999999996	trials	5.0	6646.7502620000005	6648.437404			6646.042288000001	6649.02556			2.0		1.0	1.0					
6655.72	3.9899999999997817	trials	5.0	6657.275610000001	6657.71228	6658.532296	6658.7274	6654.263102000001	6657.699786			1.0		0.0	2.0					
6663.72	13.470999999999549	trials	5.0	6671.034914	6672.806652	6675.2654840000005	6675.745886000001	6670.031078	6674.24304			1.0	2.0	0.0	3.0					
6679.606	10.154000000000451	trials	5.0	6684.029628	6685.691318	6689.319434000001	6689.772588	6683.03066	6687.4653180000005			1.0	2.0	0.0	3.0					
6693.645	9.554999999999382	trials	5.0	6695.510196	6696.941484000001			6694.792100000001	6697.591832			2.0		1.0	1.0					
6703.301	6.333999999999833	trials	5.0	6705.265444000001	6706.571436			6703.212058000001	6707.4774640000005			2.0		1.0	1.0					
6713.231	6.149000000000342	trials	5.0	6715.09619	6716.346992000001	6717.615766000001	6718.235200000001	6713.686006	6716.9411580000005	6718.32	6719.38	1.0	1.0	1.0	1.0					
6721.396	6.3969999999999345	trials	5.0	6723.900446	6725.950442	6727.400244	6727.803038	6723.227052	6726.709678			1.0	2.0	0.0	3.0					
6731.766	10.22400000000016	trials	5.0	6736.47515	6737.603662	6740.1133740000005	6740.868396	6735.5941	6739.426574000001	6740.845	6741.99	1.0	1.0	1.0	1.0					
6745.055	6.710000000000036	trials	5.0	6747.275058	6749.289348	6751.220318	6751.775114	6746.496628000001	6750.605102			1.0	2.0	0.0	3.0					
6753.551	10.198999999999614	trials	5.0	6758.675636	6760.94658			6757.71466	6761.535442			2.0		1.0	1.0					
6766.28	6.985000000000582	trials	5.0	6768.565668	6770.213922000001	6772.6260760000005	6773.275626000001	6767.5876180000005	6772.027412			1.0	1.0	0.0	3.0					
6774.949	11.452000000000226	trials	5.0	6780.76561	6781.946912	6785.6267020000005	6786.411642000001	6780.097396	6784.8298780000005			1.0	2.0	0.0	3.0					
6789.936	10.444000000000415	trials	5.0	6796.805778	6798.39719	6799.942538	6800.391594000001	6795.953214	6799.364238			1.0	1.0	0.0	3.0					
6803.255	11.989999999999782	trials	5.0	6807.815614	6809.34634	6813.636994	6814.190884	6807.05365	6813.033962	6814.39	6815.245	1.0	1.0	1.0	1.0					
6817.285	8.295000000000073	trials	5.0	6820.751002000001	6821.833768	6824.086052000001	6824.49257	6819.8047400000005	6823.564048	6824.845	6825.58	1.0	1.0	1.0	1.0					
6828.645	7.979999999999563	trials	5.0	6831.2924060000005	6832.662024	6836.134410000001	6836.6401160000005	6830.488878	6835.373562000001			1.0	2.0	0.0	3.0					
6840.45	10.835000000000036	trials	5.0	6846.417324	6848.39733	6850.724218	6851.300062	6845.8139980000005	6850.10477			1.0	1.0	0.0	3.0					
6855.051	9.099999999999454	trials	5.0	6858.8509380000005	6860.583912	6863.140088	6864.16164	6858.212918	6862.3394100000005			1.0	2.0	0.0	3.0					
6866.485	9.015000000000327	trials	5.0	6870.485574	6872.458612	6874.937024000001	6875.510792000001	6869.913852	6873.81948			1.0	1.0	0.0	3.0					
6878.257	45.25800000000072	trials	5.0	6914.735566	6916.5132220000005			6914.148844	6916.805932			2.0		1.0	1.0					
6923.57	5.200000000000728	trials	5.0	6925.561082	6926.938602	6928.40323	6928.780534	6923.525808	6927.369696			1.0	2.0	0.0	3.0					
6931.731	11.279000000000451	trials	5.0	6934.85091	6936.69199	6942.453666	6943.021578	6934.0420540000005	6938.136034			1.0	2.0	0.0	3.0					
6946.765	10.168999999999869	trials	5.0	6948.77643	6950.562084			6948.150334	6951.214110000001			2.0		1.0	1.0					
6957.88	5.079999999999927	trials	5.0	6959.471542	6960.660192	6962.47526	6962.974104000001	6956.947508	6961.878076000001			1.0	2.0	0.0	3.0					
6964.83	10.010000000000218	trials	5.0	6969.08265	6970.343858	6972.852448	6973.63588	6968.137266	6971.306794	6973.6	6974.84	1.0	1.0	1.0	1.0					
6976.865	8.8100000000004	trials	5.0	6980.806236	6982.476184	6984.067736000001	6984.594220000001	6979.951504000001	6983.531112000001	6984.885	6985.675	1.0	1.0	1.0	1.0					
6989.695	5.440000000000509	trials	5.0	6991.476166	6993.438018000001	6994.553106	6995.147938	6990.282838000001	6993.456218			1.0	1.0	0.0	3.0					
6997.915	10.694999999999709	trials	5.0	7004.421910000001	7005.608200000001			7003.62681	7006.409716			2.0		1.0	1.0					
7012.23	7.475000000000364	trials	5.0	7014.792816	7016.2132440000005	7018.050494000001	7018.657448	7014.02735	7016.913922	7018.91	7019.705	1.0	1.0	1.0	1.0					
7021.74	6.640000000000327	trials	5.0	7024.417696	7026.3349800000005			7023.594378	7026.329774			2.0		0.0	2.0					
7030.43	10.74499999999989	trials	5.0	7032.076988000001	7033.202064000001			7031.357336000001	7034.69384	7036.3	7036.625	2.0		1.0	1.0					
7041.226	6.389000000000124	trials	5.0	7042.986418	7044.978218	7046.00987	7046.5752840000005	7041.188470000001	7045.378292	7046.856	7047.615	1.0	1.0	1.0	1.0					
7049.66	7.6010000000005675	trials	5.0	7052.76226	7054.33791	7055.505324	7056.12919	7052.028626	7054.906256	7056.295	7057.261	1.0	1.0	1.0	1.0					
7060.325	6.9350000000004	trials	5.0	7063.781282	7065.777932000001	7066.615600000001	7067.275002	7063.018604000001	7065.981476000001			1.0	1.0	0.0	3.0					
7068.93	10.210000000000036	trials	5.0	7072.976716	7074.919192	7077.244632	7077.87465	7072.287252	7075.4615	7077.995	7079.14	1.0	2.0	1.0	1.0					
7082.21	6.5	trials	5.0	7083.918272000001	7085.8583180000005	7087.099708	7087.614136	7083.1075980000005	7086.442382	7087.83	7088.71	1.0	1.0	1.0	1.0					
7091.731	9.219000000000051	trials	5.0	7093.98705	7095.500024000001			7093.079396000001	7095.997758			2.0		1.0	1.0					
7101.549	5.081000000000131	trials	5.0	7103.231902	7104.55566	7105.811294000001	7106.64286	7100.9627120000005	7105.061252			1.0	1.0	0.0	3.0					
7108.145	7.505999999999403	trials	5.0	7112.43678	7113.53679	7115.15539	7115.6676800000005	7111.675386000001	7114.525018			1.0	2.0	0.0	3.0					
7117.505	9.295000000000073	trials	5.0	7122.682352	7124.289508	7126.054538	7126.815824	7121.752264000001	7125.254226000001			1.0	1.0	0.0	3.0					
7130.375	11.574999999999818	trials	5.0	7136.027108	7137.733724	7141.431178000001	7141.963162	7135.40466	7140.014768000001			1.0	2.0	0.0	3.0					
7145.786	9.739999999999782	trials	5.0	7149.123662	7150.924176	7153.483078	7154.2379980000005	7148.60641	7152.314282	7154.255	7155.526	1.0	1.0	1.0	1.0					
7158.585	7.550000000000182	trials	5.0	7162.027366	7163.237622000001	7165.443606000001	7166.147140000001	7161.271908000001	7164.81659			1.0	2.0	0.0	3.0					
7167.801	14.653999999999542	trials	5.0	7173.731946	7175.1559560000005			7172.825278	7176.097808			2.0		1.0	1.0					
7182.684	5.270999999999731	trials	5.0	7184.333598	7185.575074	7187.205116000001	7187.96848	7182.47137	7186.504002			1.0	1.0	0.0	3.0					
7189.533	8.461999999999534	trials	5.0	7193.487778000001	7195.24704			7192.56558	7195.761014			2.0		1.0	1.0					
7201.551	6.6799999999993815	trials	5.0	7203.488008	7205.48123			7202.419858	7206.069184			2.0		1.0	1.0					
7210.783	7.201999999999316	trials	5.0	7212.852428	7214.316876000001	7216.298426	7216.874854	7211.925816000001	7215.539102000001	7216.925	7217.985	1.0	1.0	1.0	1.0					
7222.01	5.269999999999527	trials	5.0	7223.732690000001	7225.184284000001	7226.583824	7227.295948000001	7222.072588000001	7225.851708			1.0	1.0	0.0	3.0					
7229.895	7.1799999999993815	trials	5.0	7232.4119980000005	7234.322418	7236.290996	7237.0916560000005	7231.883098	7235.54391			1.0	2.0	0.0	3.0					
7240.625	8.180000000000291	trials	5.0	7243.147666000001	7244.49611	7248.167692000001	7248.818708000001	7242.402392	7247.478338000001			1.0	1.0	0.0	3.0					
7250.52	14.904999999999745	trials	5.0	7257.172878	7258.8893880000005			7256.402094000001	7259.813048			2.0		1.0	1.0					
7265.498	5.007000000000517	trials	5.0	7267.084238	7268.502496000001	7269.857056000001	7270.521176	7265.438264	7269.2186360000005			1.0	1.0	0.0	3.0					
7273.256	9.023000000000138	trials	5.0	7277.169250000001	7278.920842	7281.8893800000005	7282.29197	7276.506986	7281.256724000001			1.0	2.0	0.0	3.0					
7286.201	8.35400000000027	trials	5.0	7290.67291	7292.5639360000005	7293.397468	7293.541778000001	7289.821452	7292.555974000001			1.0		0.0	2.0					
7296.566	19.929000000000087	trials	5.0	7311.968218	7313.889538	7316.150644	7316.508540000001	7311.381262000001	7315.0490740000005			1.0	2.0	0.0	3.0					
7319.462	7.967999999999847	trials	5.0	7322.162156	7324.110062	7325.408396000001	7326.196526	7321.330592	7324.109302000001	7326.11	7327.43	1.0	1.0	1.0	1.0					
7329.496	10.03899999999976	trials	5.0	7332.702512	7334.305722000001			7331.748304000001	7334.800668			2.0		1.0	1.0					
7341.393	4.891999999999825	trials	5.0	7343.124178	7344.294400000001	7345.666008	7345.961474	7339.54841	7344.28275			1.0		0.0	2.0					
7350.341	6.443999999999505	trials	5.0	7352.090798	7353.2244040000005	7356.068516	7356.800886000001	7350.956686	7355.110526			1.0	2.0	0.0	3.0					
7360.41	11.5600000000004	trials	5.0	7367.178426	7369.045656	7370.1301	7370.770074	7366.55321	7369.587446	7370.845	7371.97	1.0	1.0	1.0	1.0					
7373.99	6.8659999999999854	trials	5.0	7377.287614000001	7378.369276	7380.190138	7380.86826	7376.292354	7379.533992000001			1.0	1.0	0.0	3.0					
7384.51	9.979999999999563	trials	5.0	7388.567996	7390.426646	7393.92108	7394.505806	7388.00723	7392.44256			1.0	2.0	0.0	3.0					
7396.285	11.725000000000364	trials	5.0	7400.84835	7402.856760000001	7405.758412	7406.47422	7400.310916	7404.5320440000005	7406.56	7408.01	1.0	1.0	1.0	1.0					
7410.03	6.905000000000655	trials	5.0	7412.862778000001	7414.793124	7416.24942	7416.950624000001	7412.175402000001	7415.364732			1.0	1.0	0.0	3.0					
7419.57	6.845000000000255	trials	5.0	7422.173494000001	7424.06633	7425.57722	7426.4318840000005	7421.587310000001	7424.9906040000005			1.0	2.0	0.0	3.0					
7427.925	15.850999999999658	trials	5.0	7439.563556000001	7440.730030000001			7438.832268	7441.623144			2.0		1.0	1.0					
7446.335	7.5900000000001455	trials	5.0	7448.142540000001	7449.318202	7451.942526000001	7452.709936	7447.560986	7451.356452	7452.745	7453.925	1.0	1.0	1.0	1.0					
7457.965	5.045000000000073	trials	5.0	7459.673914000001	7461.016344	7461.660470000001	7461.823846	7458.090924	7461.011606			1.0		0.0	2.0					
7465.017	7.148000000000138	trials	5.0	7467.697958000001	7469.650128	7471.535828	7472.182206	7467.087880000001	7470.900936			1.0	2.0	0.0	3.0					
7474.856	9.923999999999978	trials	5.0	7479.513546	7480.989936	7482.667886	7483.345056	7478.64847	7481.9656540000005	7483.305	7484.78	1.0	1.0	1.0	1.0					
7487.86	6.324000000000524	trials	5.0	7490.335230000001	7491.725762	7493.815906	7494.157934000001	7489.416496	7492.565318000001			1.0	2.0	0.0	3.0					
7497.185	15.710000000000036	trials	5.0	7507.523288	7509.275872	7511.0804800000005	7511.788538000001	7506.65192	7510.485404000001	7511.85	7512.895	1.0	1.0	1.0	1.0					
7516.01	6.5649999999996	trials	5.0	7518.02398	7519.567748	7520.62594	7521.40361	7517.244092000001	7519.907416	7521.356	7522.575	1.0	1.0	1.0	1.0					
7525.595	5.305999999999585	trials	5.0	7527.193738	7528.8105080000005	7530.200138	7530.916642	7526.442164	7529.55857			1.0	1.0	0.0	3.0					
7533.566	8.529000000000451	trials	5.0	7536.9736840000005	7538.09921			7536.000180000001	7539.511198			2.0		1.0	1.0					
7545.62	10.199999999999818	trials	5.0	7547.25887	7548.600622	7550.381166	7551.004140000001	7545.638276	7549.633648000001	7551.03	7552.21	1.0	2.0	1.0	1.0					
7556.231	5.373999999999796	trials	5.0	7557.858466	7559.605598	7560.863318	7561.101138	7555.837160000001	7559.589052			1.0		0.0	2.0					
7565.66	7.025000000000546	trials	5.0	7568.054132	7569.595752			7567.482830000001	7570.539276			2.0		1.0	1.0					
7575.125	6.475000000000364	trials	5.0	7577.078914	7578.883398	7580.836122000001	7581.615594000001	7576.449764000001	7580.151556000001			1.0	1.0	0.0	3.0					
7583.16	9.490999999999985	trials	5.0	7587.353838000001	7588.872614	7592.2328	7592.664874	7586.792362	7591.376556			1.0	2.0	0.0	3.0					
7596.576	12.328999999999724	trials	5.0	7600.278792000001	7601.725654			7599.559254	7603.218622			2.0		1.0	1.0					
7609.755	10.609999999999673	trials	5.0	7611.564466	7613.411654			7608.923154	7613.75325			2.0		1.0	1.0					
7620.481	7.014000000000124	trials	5.0	7622.460284000001	7624.4757580000005	7625.241180000001	7626.04265	7620.38141	7624.674538	7625.975	7627.495	1.0	1.0	1.0	1.0					
7630.515	5.5649999999996	trials	5.0	7632.778782	7634.713898	7635.518984	7636.097632000001	7631.703446	7634.967158			1.0	1.0	0.0	3.0					
7637.875	7.4409999999998035	trials	5.0	7641.148884	7643.015806			7640.5131	7643.236870000001			2.0		1.0	1.0					
7647.78	7.970000000000255	trials	5.0	7649.38468	7650.511066000001	7653.33296	7654.023878	7648.401166	7652.626558	7654.026	7655.75	1.0	1.0	1.0	1.0					
7657.77	6.079999999999927	trials	5.0	7660.284592	7662.061028	7663.311284	7663.865278	7659.3407720000005	7662.249408			1.0	1.0	0.0	3.0					
7666.676	12.183999999999287	trials	5.0	7671.469568	7672.669422000001			7670.640156	7673.8790340000005			2.0		1.0	1.0					
7679.535	9.530999999999949	trials	5.0	7681.219942	7682.394966	7683.720492	7684.367022	7678.876774	7682.75518	7684.481	7685.385	1.0	1.0	1.0	1.0					
7689.405	4.960000000000036	trials	5.0	7691.100114000001	7692.375144000001	7693.055588	7693.569042000001	7689.081392	7692.368154			1.0		0.0	2.0					
7698.413	9.337000000000444	trials	5.0	7700.250868000001	7701.781992			7698.996124	7702.313786000001			2.0		1.0	1.0					
7708.065	5.015000000000327	trials	5.0	7709.589758	7711.543136	7712.480538	7713.0975	7707.768016	7711.66676			1.0	2.0	0.0	3.0					
7714.745	10.63000000000011	trials	5.0	7720.074846	7721.501614000001	7723.4315320000005	7724.294352000001	7719.434652	7722.815138	7724.13	7725.375	1.0	1.0	1.0	1.0					
7729.42	6.489999999999782	trials	5.0	7730.949342	7732.546612	7733.931930000001	7734.6594700000005	7730.01104	7733.2376620000005	7734.691	7735.91	1.0	1.0	1.0	1.0					
7737.975	6.639999999999418	trials	5.0	7740.56949	7742.4413540000005	7743.899960000001	7744.634134	7739.840920000001	7742.842112			1.0	1.0	0.0	3.0					
7746.216	9.054000000000087	trials	5.0	7750.876284	7752.252274	7754.822864	7755.287876	7750.120522	7753.984996			1.0	2.0	0.0	3.0					
7758.135	13.664999999999964	trials	5.0	7763.854476	7765.784148000001			7763.016686000001	7766.53581			2.0		1.0	1.0					
7773.38	8.13000000000011	trials	5.0	7775.199434	7776.563702			7771.816062	7776.844188000001			2.0		1.0	1.0					
7782.621	5.484999999999673	trials	5.0	7784.35074	7785.63364	7786.448424	7786.984198	7781.526418	7785.595600000001	7787.115	7788.106	1.0	1.0	1.0	1.0					
7790.158	7.356999999999971	trials	5.0	7792.470166000001	7793.67978	7795.6169500000005	7796.307774000001	7791.519978	7795.057214	7796.47	7797.515	1.0	1.0	1.0	1.0					
7799.56	6.5	trials	5.0	7801.671054	7803.113926	7804.389954	7806.078896000001	7800.8929100000005	7803.796354			1.0	1.0	0.0	3.0					
7808.705	13.00500000000011	trials	5.0	7813.90981	7815.811672	7821.431122	7821.725186	7813.247762000001	7815.806868			2.0		0.0	2.0					
7821.905	29.015000000000327	trials	5.0	7845.751504	7847.724426000001	7849.1749	7849.889022	7844.75691	7848.660044	7849.981	7850.92	1.0	1.0	1.0	1.0					
7854.046	352.28399999999965	BlockDesign														1.0	671.0	704.0	50.0	90.0
7854.046	6.4539999999997235	trials	6.0	7855.904932	7857.501184000001			7854.9359	7857.562986000001			2.0		1.0	1.0					
7863.03	5.516000000000531	trials	6.0	7864.939854	7866.060918	7867.813718	7868.563612	7864.17967	7867.185372			1.0	1.0	0.0	3.0					
7871.145	8.774999999999636	trials	6.0	7872.989670000001	7874.811960000001	7878.244244	7878.780136	7872.470834	7877.338348	7879.005	7879.92	1.0	2.0	1.0	1.0					
7883.035	8.945999999999913	trials	6.0	7885.0348300000005	7886.991716			7883.229402000001	7887.413708			2.0		1.0	1.0					
7893.049	5.246000000000095	trials	6.0	7895.075188000001	7896.24175	7897.361938	7897.925398	7891.999794	7896.236774000001			1.0		0.0	2.0					
7901.305	7.949999999999818	trials	6.0	7903.53268	7904.653386	7907.460892000001	7908.081276000001	7901.941124000001	7906.727014	7908.151	7909.255	1.0	2.0	1.0	1.0					
7912.276	9.324000000000524	trials	6.0	7914.673866000001	7915.949316			7914.076372	7916.9928660000005			2.0		1.0	1.0					
7921.82	6.425000000000182	trials	6.0	7923.52508	7924.562414	7926.57415	7927.097194	7921.619262	7925.734394000001	7927.29	7928.245	1.0	2.0	1.0	1.0					
7932.283	11.617999999999483	trials	6.0	7934.204820000001	7935.611728	7938.562048	7939.060172	7932.452622000001	7937.981100000001	7939.22	7940.225	1.0	1.0	1.0	1.0					
7944.292	10.148999999999432	trials	6.0	7946.075386	7947.7174620000005	7949.40331	7949.883692	7943.920444	7948.322164	7950.145	7951.13	1.0	2.0	1.0	1.0					
7955.244	6.501000000000204	trials	6.0	7957.150460000001	7958.811498000001	7959.944624	7960.609082000001	7954.458464	7959.3269820000005	7960.645	7961.745	1.0	2.0	1.0	1.0					
7964.768	7.167000000000371	trials	6.0	7966.685950000001	7968.048584	7970.040648	7970.594476	7965.154792	7969.2589960000005	7970.8	7971.935	1.0	2.0	1.0	1.0					
7973.99	10.550000000000182	trials	6.0	7976.065430000001	7977.501812	7979.693956000001	7980.0455360000005	7975.450728	7979.12378	7980.38	7981.481	1.0	2.0	1.0	1.0					
7985.5	7.9409999999998035	trials	6.0	7987.440838	7988.554158000001			7984.556412	7989.092468000001			2.0		1.0	1.0					
7993.875	11.010000000000218	trials	6.0	7995.631168	7996.852656000001	7999.599276000001	8000.035518000001	7993.457340000001	7998.71955	8000.295	8001.61	1.0	2.0	1.0	1.0					
8005.68	15.449999999999818	trials	6.0	8007.355916	8008.701938	8019.188374	8019.911088000001	8004.904162000001	8009.186544	8020.03	8021.13	1.0	1.0	1.0	1.0					
8023.2	10.425000000000182	trials	6.0	8025.377114000001	8027.158176000001	8029.085762000001	8029.578088	8024.781264	8028.508742	8029.825	8030.941	1.0	2.0	1.0	1.0					
8033.975	8.30999999999949	trials	6.0	8036.005982000001	8037.322262			8033.644398	8037.741388			2.0		1.0	1.0					
8044.645	6.630999999999403	trials	6.0	8046.450436000001	8047.5891520000005	8050.893432000001	8051.29582	8042.30227	8047.581362000001			2.0		0.0	2.0					
8051.659	9.501000000000204	trials	6.0	8056.025918	8057.411138	8059.29004	8059.854824	8055.071184	8058.616768	8060.05	8061.16	1.0	1.0	1.0	1.0					
8063.225	8.329999999999927	trials	6.0	8065.3814520000005	8067.39279	8069.805484	8070.421398	8064.659764	8069.279926	8070.615	8071.555	1.0	1.0	1.0	1.0					
8073.6	8.469999999999345	trials	6.0	8075.810822	8077.852974	8080.287042	8080.8262	8074.923262	8079.494412	8081.075	8082.07	1.0	2.0	1.0	1.0					
8084.09	7.795000000000073	trials	6.0	8086.240756	8088.060616000001	8089.962312	8090.779698	8085.270334000001	8089.061432	8090.625	8091.885	1.0	1.0	1.0	1.0					
8095.944	7.161999999999352	trials	6.0	8097.661108	8099.244994000001	8101.272924000001	8101.768962	8095.917964	8100.291518	8102.075	8103.106	1.0	2.0	1.0	1.0					
8106.171	8.738999999999578	trials	6.0	8108.17633	8109.87275	8110.649692000001	8110.887562	8106.877012000001	8109.865654			1.0		0.0	2.0					
8115.926	5.16399999999976	trials	6.0	8117.852314	8119.10353	8119.866986000001	8120.414430000001	8114.928548	8119.0950680000005			1.0		0.0	2.0					
8124.1	9.139999999999418	trials	6.0	8126.61613	8128.51822	8131.274496	8131.848384000001	8125.616448000001	8130.649158	8132.08	8133.24	1.0	2.0	1.0	1.0					
8135.32	7.605000000000473	trials	6.0	8137.551518	8139.271182	8140.970268000001	8141.447274	8136.817602000001	8140.3836120000005	8141.667	8142.925	1.0	2.0	1.0	1.0					
8145.975	11.599999999999454	trials	6.0	8147.615856	8148.995586000001	8152.063516	8152.590838	8146.395944	8151.169256	8152.805	8153.891	1.0	2.0	1.0	1.0					
8157.911	6.179000000000087	trials	6.0	8159.669828	8160.79168	8162.082638	8162.664016	8158.86974	8161.450716	8162.81	8164.09	1.0	2.0	1.0	1.0					
8166.11	8.145000000000437	trials	6.0	8168.434802	8170.011572	8172.234178	8172.681378	8167.565756	8171.585538	8173.13	8174.255	1.0	2.0	1.0	1.0					
8176.32	7.996000000000095	trials	6.0	8179.49	8180.572616	8182.309108	8183.080202	8178.53688	8181.74783	8183.08	8184.316	1.0	2.0	1.0	1.0					
8187.335	8.679999999999382	trials	6.0	8190.249984	8192.161556000001	8194.049252	8194.66669	8189.563056	8193.506948	8194.865	8196.015	1.0	2.0	1.0	1.0					
8198.075	8.2549999999992	trials	6.0	8200.494856	8202.161996	8204.323764	8204.868994	8199.717376	8203.794262	8205.015	8206.33	1.0	2.0	1.0	1.0					
8209.41	381.46999999999935	BlockDesign														1.0	705.0	741.0	10.0	50.0
8209.41	7.531000000000859	trials	7.0	8211.019992	8212.373148	8214.854638	8215.384422000001	8210.321898	8213.916504	8215.545	8216.941	1.0	2.0	1.0	1.0					
8218.995	6.18999999999869	trials	7.0	8221.271024	8222.667124	8224.647864	8225.186492	8220.567016	8224.057034			1.0	2.0	0.0	3.0					
8226.99	10.3700000000008	trials	7.0	8230.115256000001	8231.788436	8235.489984	8236.054632	8229.460166	8233.97161	8236.245	8237.36	1.0	2.0	1.0	1.0					
8240.435	5.540000000000873	trials	7.0	8242.794862	8244.132090000001	8245.234434	8245.97639	8241.955434	8244.220098			1.0	2.0	0.0	3.0					
8249.566	5.688999999998487	trials	7.0	8251.48656	8253.25111	8254.230818	8254.68219	8250.278778	8253.242346			1.0		0.0	2.0					
8257.31	10.56000000000131	trials	7.0	8261.736356	8263.202068	8265.917642	8266.59951	8261.18894	8265.25988	8266.685	8267.87	1.0	2.0	1.0	1.0					
8270.941	6.613999999999578	trials	7.0	8273.51021	8274.988376			8272.965022	8275.545236			2.0		1.0	1.0					
8280.106	10.054000000000087	trials	7.0	8281.81471	8283.616936			8280.236476	8285.58669			2.0		1.0	1.0					
8292.205	8.986000000000786	trials	7.0	8293.934972000001	8295.926838			8290.161516	8296.59615			2.0		1.0	1.0					
8302.205	5.674999999999272	trials	7.0	8303.979872	8305.242716	8307.111518	8307.881932	8301.191868	8305.238736			1.0		0.0	2.0					
8310.299	9.360999999998967	trials	7.0	8312.47027	8314.21886			8311.69432	8314.926448			2.0		1.0	1.0					
8321.495	8.3849999999984	trials	7.0	8323.28191	8325.083172			8319.663332	8325.104348			2.0		1.0	1.0					
8332.117	4.033999999999651	trials	7.0	8334.095432	8334.147292	8335.376866	8335.663556	8329.883592	8334.136816			1.0		0.0	2.0					
8338.16	13.570999999999913	trials	7.0	8340.93024	8342.606728	8346.537374	8347.079498000001	8340.237348	8345.908432	8347.285	8348.3	1.0	2.0	1.0	1.0					
8352.36	10.354999999999563	trials	7.0	8354.156874	8355.766482	8356.97832	8357.486346	8351.732014	8356.381346	8357.715	8358.845	1.0	2.0	1.0	1.0					
8362.866	6.414000000000669	trials	7.0	8364.600644	8366.401844	8368.64105	8369.28362	8362.716446	8368.039248000001			1.0	2.0	0.0	3.0					
8371.965	9.299999999999272	trials	7.0	8374.595578	8376.036612	8379.66672	8380.079188	8373.853486	8378.008564	8380.41	8381.265	1.0	2.0	1.0	1.0					
8384.33	9.070999999999913	trials	7.0	8386.531866	8387.746488	8391.580514	8392.25542	8385.826566	8390.78464	8392.24	8393.401	1.0	2.0	1.0	1.0					
8395.46	7.530000000000655	trials	7.0	8398.855564	8400.22611	8402.542756	8402.99378	8397.870114	8401.929208			1.0	1.0	0.0	3.0					
8405.876	6.815000000000509	trials	7.0	8407.621242	8408.842256	8410.89226	8411.444322	8406.641338	8410.01662	8411.675	8412.691	1.0	2.0	1.0	1.0					
8414.715	6.875	trials	7.0	8416.612322	8418.16421	8420.938292	8421.594058	8416.00293	8420.407922			1.0	2.0	0.0	3.0					
8424.275	7.585000000000946	trials	7.0	8427.12606	8428.282756			8426.374562	8429.676372			2.0		1.0	1.0					
8434.326	5.7740000000012515	trials	7.0	8435.868684000001	8437.246422	8439.71373	8440.104486	8435.073126	8439.089202			1.0	2.0	0.0	3.0					
8442.05	6.9760000000005675	trials	7.0	8445.925802	8447.395508	8448.530112	8449.031164	8445.152688	8447.973656			1.0	2.0	0.0	3.0					
8452.858	5.816999999999098	trials	7.0	8454.878472	8456.6631	8457.785442	8457.954704	8454.15416	8456.650344			1.0		0.0	2.0					
8462.681	14.644000000000233	trials	7.0	8472.765902	8474.30864	8476.793012	8477.328978	8471.954236	8475.399276			1.0	1.0	0.0	3.0					
8479.157	12.994000000000597	trials	7.0	8486.631222	8488.451720000001	8490.348668	8490.792730000001	8485.818046	8489.802866	8491.125	8492.151	1.0	2.0	1.0	1.0					
8495.216	8.884000000000015	trials	7.0	8497.145958000001	8498.257874			8496.395558	8499.447324			2.0		1.0	1.0					
8505.04	4.574999999998909	trials	7.0	8506.862496	8507.568376	8508.905872	8509.176016	8504.105846	8507.557414			1.0		0.0	2.0					
8513.672	6.44800000000032	trials	7.0	8515.42637	8517.395474	8519.341012	8520.125438000001	8514.709802	8518.680062			1.0	2.0	0.0	3.0					
8521.721	14.209000000000742	trials	7.0	8527.596182	8529.431396			8526.962044	8530.095152			2.0		1.0	1.0					
8536.777	4.847999999999956	trials	7.0	8538.476812	8539.618584	8540.239674	8540.527302	8535.930658	8539.609214			1.0		0.0	2.0					
8543.63	9.030000000000655	trials	7.0	8546.882596	8548.192872	8550.662166	8551.205956	8546.029982	8549.792376	8551.39	8552.66	1.0	2.0	1.0	1.0					
8555.72	9.360000000000582	trials	7.0	8557.90796	8559.350772			8556.73264	8560.183416			2.0		1.0	1.0					
8566.926	5.463999999999942	trials	7.0	8568.465156	8570.333656	8571.190178	8571.429424	8565.085582	8570.32238			1.0		0.0	2.0					
8575.441	7.193999999999505	trials	7.0	8577.421636000001	8579.380116			8576.51318	8580.305706			2.0		1.0	1.0					
8585.151	5.72899999999936	trials	7.0	8586.966552	8588.424648	8590.815178	8591.283112000001	8585.800244	8590.167368			1.0	1.0	0.0	3.0					
8593.151	3032.009	BlockDesign														1.0	742.0	1025.0	90.0	50.0
8593.151	8.433999999999287	trials	8.0	8596.756426	8598.159642	8599.538554	8600.180238	8595.85723	8598.908228	8600.325	8601.585	1.0	2.0	1.0	1.0					
8604.601	11.179000000000087	trials	8.0	8607.261464	8608.636692	8610.24937	8610.91077	8606.61303	8609.6528	8611.0	8612.14	1.0	2.0	1.0	1.0					
8616.215	5.0900000000001455	trials	8.0	8617.997116	8619.299624	8620.00244	8620.54042	8615.785368	8619.292058			1.0		0.0	2.0					
8624.311	8.703999999999724	trials	8.0	8628.006696	8629.559384	8632.093368	8633.019342	8627.316056	8631.406044			1.0	2.0	0.0	3.0					
8636.481	13.943999999999505	trials	8.0	8641.941662	8643.839576	8644.721352	8645.384164000001	8640.94637	8644.091494	8645.53	8646.49	1.0	1.0	1.0	1.0					
8650.51	6.744999999998981	trials	8.0	8652.521586	8654.204098	8655.583594	8656.042518	8650.426938	8654.999348	8656.39	8657.255	1.0	2.0	1.0	1.0					
8660.271	7.3840000000000146	trials	8.0	8661.897778	8663.888758000001	8665.751606	8666.355396	8660.802612	8665.198980000001	8666.435	8667.655	1.0	2.0	1.0	1.0					
8670.676	6.0240000000012515	trials	8.0	8672.342444	8673.548788	8676.001714	8676.702364	8671.044824	8675.453914			1.0	2.0	0.0	3.0					
8679.375	6.219999999999345	trials	8.0	8681.34701	8683.087134			8680.572624	8683.447404			2.0		1.0	1.0					
8688.13	7.045000000000073	trials	8.0	8689.721736	8691.247242	8693.171766	8693.796256	8688.909054	8692.594578			1.0	2.0	0.0	3.0					
8695.537	10.842999999998938	trials	8.0	8701.082084	8702.802368	8704.594572	8705.097388	8700.16379	8704.058828	8705.316	8706.38	1.0	2.0	1.0	1.0					
8709.435	9.444999999999709	trials	8.0	8711.422278	8713.068388			8710.604794	8713.576874			2.0		1.0	1.0					
8720.526	17.09900000000016	trials	8.0	8729.35178	8730.384018			8728.379096	8731.89154			2.0		1.0	1.0					
8738.661	5.155000000000655	trials	8.0	8740.717024	8741.809076	8743.044326	8743.283054	8737.628546	8741.795546			1.0		0.0	2.0					
8746.825	7.0049999999992	trials	8.0	8749.262218	8751.15138	8753.359526	8753.83543	8748.751052	8752.813104			1.0	2.0	0.0	3.0					
8755.745	14.049999999999272	trials	8.0	8760.682472	8761.84291	8763.851766	8764.41461	8759.825458	8763.058998	8764.511	8765.81	1.0	2.0	1.0	1.0					
8769.865	5.668999999999869	trials	8.0	8771.417936	8773.319002	8774.904654	8775.540172	8769.798768	8774.304884000001			1.0	2.0	0.0	3.0					
8778.241	8.53900000000067	trials	8.0	8780.942134	8782.197658000001	8784.669272	8785.37141	8780.278118	8784.106576	8785.405	8786.78	1.0	1.0	1.0	1.0					
8788.895	6.774999999999636	trials	8.0	8791.472522	8793.352048	8795.06497	8795.67404	8790.488524	8793.979174			1.0	1.0	0.0	3.0					
8799.385	13.350000000000364	trials	8.0	8806.172676	8807.89806			8805.21281	8808.346288			2.0		1.0	1.0					
8813.038	5.832000000000335	trials	8.0	8814.667788	8816.085492	8817.032302	8817.737456	8812.738852	8816.42417	8817.835	8818.87	1.0	1.0	1.0	1.0					
8820.93	8.69000000000051	trials	8.0	8822.667884	8824.479104			8821.98582	8825.183488			2.0		1.0	1.0					
8831.856	13.113999999999578	trials	8.0	8840.58308	8842.421066	8844.241846	8844.976568	8839.64134	8843.613358			1.0	2.0	0.0	3.0					
8847.585	22.89600000000064	trials	8.0	8865.642422	8867.361046			8864.78203	8868.317524			2.0		1.0	1.0					
8872.91	6.5	trials	8.0	8874.852794	8876.65755	8877.71953	8878.25021	8873.13149	8877.243228	8878.441	8879.41	1.0	2.0	1.0	1.0					
8881.476	8.840000000000146	trials	8.0	8883.45841	8884.93579	8888.59813	8889.220826	8882.710246	8887.962354	8889.375	8890.316	1.0	1.0	1.0	1.0					
8892.38	6.235000000000582	trials	8.0	8894.048812	8895.729344	8897.966066	8898.618784	8893.394072	8897.449868			1.0	2.0	0.0	3.0					
8902.334	8.036000000000058	trials	8.0	8903.918328	8905.883354	8909.259344	8909.959954	8903.15593	8907.431122			1.0	1.0	1.0	1.0					
8912.87	11.1299999999992	trials	8.0	8918.10957	8920.230422	8922.258772000001	8922.774064	8917.51986	8921.676904	8922.96	8924.0	1.0	2.0	1.0	1.0					
8927.096	6.3289999999997235	trials	8.0	8928.673112	8930.039938	8931.49795	8932.125184	8927.314742	8930.880762	8932.33	8933.425	1.0	2.0	1.0	1.0					
8935.443	6.061999999999898	trials	8.0	8937.228182	8938.819274	8940.974262	8941.511196	8936.622544	8939.973714			1.0	2.0	0.0	3.0					
8943.305	11.75	trials	8.0	8947.517820000001	8948.924926			8946.598804	8950.0147			2.0		1.0	1.0					
8957.299	13.345999999999549	trials	8.0	8966.08848	8967.869142	8970.094434	8970.650402	8965.213478	8968.873162			1.0	2.0	0.0	3.0					
8972.466	13.90899999999965	trials	8.0	8976.87016	8978.800594	8980.623878	8981.226016	8976.33247	8980.051964	8981.26	8982.49	1.0	1.0	1.0	1.0					
8986.51	6.084999999999127	trials	8.0	8988.187842	8989.725132	8990.690352	8991.198062	8986.37817	8990.11971	8991.34	8992.595	1.0	2.0	1.0	1.0					
8995.661	9.824000000000524	trials	8.0	8997.623982000001	8999.634122	9000.571558	9001.159796	8996.540794	9000.068112	9001.31	9002.235	1.0	1.0	1.0	1.0					
9006.3	7.016000000001441	trials	8.0	9008.048288	9009.76586	9013.027692	9013.318474	9005.490196	9009.750308			2.0		0.0	2.0					
9014.776	7.579999999999927	trials	8.0	9018.173352	9019.755352	9020.536148	9021.256722	9017.625706	9019.749796	9021.245	9022.356	1.0	1.0	1.0	1.0					
9024.473	8.718000000000757	trials	8.0	9027.443084	9028.921268	9031.303176	9031.81959	9026.809556	9030.562596	9032.075	9033.191	1.0	2.0	1.0	1.0					
9036.255	10.950000000000728	trials	8.0	9039.558378	9040.704784	9041.764952	9042.456098	9038.789146	9041.023678	9042.595	9043.71	1.0	1.0	1.0	1.0					
9047.766	8.328999999999724	trials	8.0	9049.628818000001	9050.76885			9047.20981	9051.353884	9053.275	9053.645	2.0		1.0	1.0					
9056.705	9.114999999999782	trials	8.0	9058.523476	9060.59001			9056.102066	9061.128494			2.0		1.0	1.0					
9066.921	5.059999999999491	trials	8.0	9068.535262	9069.976584	9070.574172	9071.008024	9065.82793	9069.969892000001			1.0		0.0	2.0					
9073.99	9.405000000000655	trials	8.0	9076.168686	9077.668740000001			9075.276698	9078.916252			2.0		1.0	1.0					
9085.49	4.594999999999345	trials	8.0	9087.468746	9088.025308	9088.602678	9089.041694	9083.401872	9088.02091			1.0		0.0	2.0					
9093.111	6.333999999998923	trials	8.0	9095.26859	9096.68745	9098.847954	9099.450676	9093.980064	9097.955408			1.0	2.0	0.0	3.0					
9101.217	9.58299999999872	trials	8.0	9106.04386	9107.247654	9108.85623	9109.510664	9105.185268	9108.304306	9109.64	9110.8	1.0	1.0	1.0	1.0					
9113.87	7.7149999999983265	trials	8.0	9115.67406	9116.913926	9119.625322	9120.408536	9114.830558	9119.06557	9120.375	9121.585	1.0	1.0	1.0	1.0					
9123.63	11.456000000000131	trials	8.0	9126.02378	9127.797716000001	9130.736042	9131.240600000001	9125.264702	9129.69243	9131.595	9132.625	1.0	2.0	1.0	1.0					
9136.685	8.480000000001382	trials	8.0	9138.514144	9139.639602	9140.657378	9141.467546	9135.093002	9140.036004	9141.39	9142.64	1.0	1.0	1.0	1.0					
9145.749	4.630999999999403	trials	8.0	9147.693406	9148.901532	9149.843262	9150.385038	9145.168788	9149.330564			1.0	2.0	0.0	3.0					
9154.17	8.539999999999054	trials	8.0	9155.79922	9157.264492			9154.995846	9157.657958			2.0		1.0	1.0					
9164.39	4.966000000000349	trials	8.0	9166.344314	9167.29622	9168.295032	9168.870308	9162.71589	9167.291196			1.0		0.0	2.0					
9172.41	9.610000000000582	trials	8.0	9174.559158	9175.945822			9173.799078	9176.503772			2.0		1.0	1.0					
9182.27	5.079999999999927	trials	8.0	9184.004658	9185.296508	9185.948202	9186.989696	9182.025154	9185.287872			1.0		0.0	2.0					
9189.401	7.424000000000888	trials	8.0	9192.075638	9194.01084			9191.513444	9194.583262			2.0		1.0	1.0					
9199.335	8.830000000001746	trials	8.0	9201.178996	9202.702606			9199.550204	9203.469152			2.0		1.0	1.0					
9208.231	4.554000000000087	trials	8.0	9209.943948	9211.29716	9212.298844	9212.793616	9208.171978	9211.679052			1.0	2.0	0.0	3.0					
9215.666	11.429000000000087	trials	8.0	9218.451168	9220.016216			9217.485566	9220.761012	9222.475	9223.145	2.0		1.0	1.0					
9227.165	11.854999999999563	trials	8.0	9229.31428	9230.565886			9227.098744	9231.737852	9233.66	9235.61	2.0		1.0	1.0					
9239.675	8.570000000001528	trials	8.0	9241.664704	9242.601086	9243.243288	9243.722188	9239.024612000001	9242.595042			1.0		0.0	2.0					
9248.7	4.963999999999942	trials	8.0	9250.619898	9251.617932000001	9252.30097	9253.123174	9248.251616	9251.611710000001			1.0		0.0	2.0					
9256.676	9.28900000000067	trials	8.0	9258.749796	9260.008608			9257.595902000001	9260.690546			2.0		1.0	1.0					
9267.369	7.680999999998676	trials	8.0	9269.219614	9269.997092	9270.542788	9270.931962	9265.97263	9269.988628			1.0		0.0	2.0					
9275.125	5.225000000000364	trials	8.0	9277.287902	9278.346734	9279.980138	9280.193202	9275.0565	9278.339946			1.0		0.0	2.0					
9282.4	7.635000000000218	trials	8.0	9284.78644	9286.283838	9288.040436	9288.624482	9284.243812	9287.48245	9288.765	9290.035	1.0	2.0	1.0	1.0					
9293.055	6.550999999999476	trials	8.0	9294.910974	9296.256496	9297.676662	9298.322672	9294.34824	9297.13962	9298.45	9299.606	1.0	2.0	1.0	1.0					
9301.676	6.064000000000306	trials	8.0	9303.661082	9304.902006	9307.149236000001	9307.748194	9302.944348	9306.654072			1.0	2.0	0.0	3.0					
9311.52	7.085999999999331	trials	8.0	9313.184362	9315.123712	9316.497438	9317.208392	9312.09018	9315.854544	9317.255	9318.606	1.0	2.0	1.0	1.0					
9321.63	6.195000000001528	trials	8.0	9323.179518	9324.397860000001	9325.905336	9326.522226000001	9322.309228	9325.400908	9326.58	9327.825	1.0	2.0	1.0	1.0					
9329.841	5.359000000000378	trials	8.0	9331.81959	9333.361248000001	9334.752028	9335.207368	9331.061654000001	9334.253102			1.0	2.0	0.0	3.0					
9339.121	7.639000000001033	trials	8.0	9340.974652	9342.056364	9344.874094	9345.404132	9340.089132000001	9344.188898			1.0	2.0	0.0	3.0					
9347.24	9.240999999999985	trials	8.0	9352.375436	9354.598848	9355.464622	9355.93237	9351.617182	9354.878392			1.0	2.0	1.0	1.0					
9359.02	11.96099999999933	trials	8.0	9366.345018	9367.69619	9369.08967	9369.644914	9365.461058	9368.502622	9369.83	9370.981	1.0	2.0	1.0	1.0					
9374.045	5.27100000000064	trials	8.0	9376.024566	9377.813236	9378.664286	9379.324282	9375.016236	9378.16918			1.0	2.0	0.0	3.0					
9382.985	7.279999999998836	trials	8.0	9385.640138	9387.211956	9388.360776	9389.058248	9384.917746	9387.804428	9389.071	9390.265	1.0	1.0	1.0	1.0					
9392.33	6.559999999999491	trials	8.0	9394.729782	9396.055652	9398.298268	9398.895518	9393.871294	9397.711048000001			1.0	2.0	0.0	3.0					
9401.63	6.0460000000002765	trials	8.0	9404.07635	9405.622266	9406.266176000001	9406.664454	9403.332384	9405.619428			1.0		0.0	2.0					
9409.691	6.543999999999869	trials	8.0	9412.576902	9414.065984	9415.633724	9416.244924	9411.823004	9415.044042			1.0	2.0	0.0	3.0					
9417.995	12.514999999999418	trials	8.0	9424.955326	9426.078556	9428.38905	9429.145952	9424.43488	9427.817284	9429.1	9430.51	1.0	1.0	1.0	1.0					
9433.572	10.747999999999593	trials	8.0	9436.370772	9437.855002	9438.931708	9439.44165	9435.413604	9438.43805	9439.645	9440.731	1.0	2.0	1.0	1.0					
9444.75	4.584999999999127	trials	8.0	9446.50539	9447.337042	9447.986446	9448.053404	9444.327576	9447.326552			1.0		0.0	2.0					
9452.346	10.180000000000291	trials	8.0	9455.569914	9456.707322			9454.835966	9457.45844			2.0		1.0	1.0					
9464.241	5.989999999999782	trials	8.0	9466.076856	9467.747584			9462.535474	9467.741566			2.0		0.0	2.0					
9471.806	11.873999999999796	trials	8.0	9477.060506	9478.757238			9476.217444	9479.474408			2.0		1.0	1.0					
9486.035	6.204999999999927	trials	8.0	9487.580962	9489.217244	9490.284212	9490.873924	9483.689246	9489.78832	9491.02	9492.24	1.0	2.0	1.0	1.0					
9494.305	6.8400000000001455	trials	8.0	9496.560924	9497.969212	9499.188824	9499.719942	9495.704084	9498.680146	9500.0	9501.145	1.0	2.0	1.0	1.0					
9504.165	6.729999999999563	trials	8.0	9506.326984	9507.9921	9510.29657	9510.903388	9505.54072	9508.708282			1.0	2.0	0.0	3.0					
9513.671	8.213999999999942	trials	8.0	9517.010438	9518.107466	9519.907256	9520.616598	9516.339694	9519.285612	9520.625	9521.885	1.0	1.0	1.0	1.0					
9523.995	12.274999999999636	trials	8.0	9527.275208	9528.977106	9530.498332	9531.072858	9526.5072	9529.96416	9531.28	9532.526	1.0	2.0	1.0	1.0					
9536.58	4.530000000000655	trials	8.0	9538.280568	9539.112572	9539.811612	9540.198418	9536.278834	9539.102334			1.0		0.0	2.0					
9544.158	7.32300000000032	trials	8.0	9546.16625	9548.221178	9549.579816	9550.101008	9544.73976	9549.113638	9550.401	9551.481	1.0	2.0	1.0	1.0					
9553.5	11.735000000000582	trials	8.0	9559.710926	9561.145482			9558.959898000001	9562.387576000001	9564.085	9565.235	2.0		1.0	1.0					
9567.3	12.300000000001091	trials	8.0	9571.83149	9573.864292	9574.506174	9575.089034	9571.072382	9573.907164	9575.151	9576.43	1.0	1.0	1.0	1.0					
9580.518	5.4320000000006985	trials	8.0	9582.405614	9583.691554			9579.606418	9583.910654			2.0		1.0	1.0					
9588.54	6.884999999998399	trials	8.0	9590.242192	9591.606784	9594.730104	9595.43239	9588.772844	9591.600038			1.0		0.0	2.0					
9597.616	9.193999999999505	trials	8.0	9601.600658	9603.097978	9604.999864	9605.618528	9600.983664	9604.422836	9605.633	9606.81	1.0	1.0	1.0	1.0					
9609.825	6.424999999999272	trials	8.0	9612.680878	9614.192566	9614.972732	9615.329478	9611.944702	9614.187982			1.0		0.0	2.0					
9619.26	8.869999999998981	trials	8.0	9621.016272	9622.786436			9619.758828	9623.138566			2.0		1.0	1.0					
9629.915	4.219999999999345	trials	8.0	9631.851066	9632.134194	9632.766498	9633.14688	9628.140032	9632.130164			1.0		0.0	2.0					
9637.191	5.498999999999796	trials	8.0	9639.327466	9640.62341	9641.635982	9641.96575	9637.514396	9640.61993			1.0		0.0	2.0					
9645.725	5.125	trials	8.0	9647.581642000001	9648.758192	9649.982938000001	9650.858336	9646.31942	9649.476056			1.0	2.0	0.0	3.0					
9652.3	29.230000000001382	trials	8.0	9672.571362	9674.119624	9676.452796	9676.96997	9671.910506	9675.778036	9677.26	9677.985	1.0	1.0	1.0	1.0					
9682.055	9.0	trials	8.0	9683.867848	9685.69438	9686.655388	9687.330194	9681.540766	9686.123166	9687.415	9688.35	1.0	1.0	1.0	1.0					
9692.41	8.385000000000218	trials	8.0	9693.931372	9695.18545	9696.151168	9696.590266	9691.064932	9695.670088	9696.95	9697.88	1.0	2.0	1.0	1.0					
9700.945	6.555000000000291	trials	8.0	9702.775918	9704.829892	9705.840784	9706.318934	9700.802566	9705.221962	9706.625	9707.5	1.0	2.0	1.0	1.0					
9710.565	6.514999999999418	trials	8.0	9712.367776	9713.708566	9715.178696	9715.796942	9711.485166	9714.547614	9715.905	9717.08	1.0	2.0	1.0	1.0					
9719.142	7.70299999999952	trials	8.0	9722.913476	9724.483232			9722.096842	9724.72792			2.0		1.0	1.0					
9730.31	7.2450000000008	trials	8.0	9732.0065	9733.896944	9734.946702000001	9735.531974	9731.487642	9734.36275	9735.776	9737.555	1.0	1.0	1.0	1.0					
9739.575	8.469999999999345	trials	8.0	9742.77634	9744.298476	9746.202418	9746.672468	9741.95569	9745.080448	9746.901	9748.045	1.0	2.0	1.0	1.0					
9751.856	9.259000000000015	trials	8.0	9755.351638	9756.882544	9759.360714	9759.96163	9754.74604	9758.597918	9760.106	9761.115	1.0	1.0	1.0	1.0					
9763.175	8.945000000001528	trials	8.0	9765.078606	9766.727766	9767.727236	9768.225172	9764.245338	9767.218324	9768.475	9769.441	1.0	2.0	1.0	1.0					
9772.465	4.459999999999127	trials	8.0	9774.087230000001	9775.735492	9776.261634	9776.935752	9772.129198	9775.734582000001			1.0	2.0	0.0	3.0					
9780.575	5.934999999999491	trials	8.0	9782.281366	9783.544168	9784.491606	9785.233328	9781.229184	9783.879928			1.0	2.0	0.0	3.0					
9787.816	21.23399999999856	trials	8.0	9805.25223	9806.823314	9808.539376	9809.057108	9804.636354	9807.516784			1.0	2.0	0.0	3.0					
9812.9	6.680000000000291	trials	8.0	9814.591876	9816.22218			9814.046584	9817.245016			2.0		1.0	1.0					
9822.07	5.389999999999418	trials	8.0	9823.797334	9825.398758	9825.867808	9826.186508	9822.321018	9825.395114			1.0		0.0	2.0					
9829.47	11.170000000000073	trials	8.0	9831.81657	9833.690662	9835.471154	9836.084718	9831.148278	9834.965916000001	9836.13	9837.47	1.0	2.0	1.0	1.0					
9841.485	4.305000000000291	trials	8.0	9843.19652	9844.62671	9845.175994000001	9845.799444	9840.648564	9844.614114			1.0	2.0	0.0	3.0					
9849.505	6.8700000000008	trials	8.0	9851.712634	9853.067958			9851.16004	9854.259036			2.0		1.0	1.0					
9858.95	6.304999999998472	trials	8.0	9860.857250000001	9862.068844	9863.359424	9864.009466	9859.764548	9862.704178	9863.99	9865.255	1.0	1.0	1.0	1.0					
9867.28	9.554999999998472	trials	8.0	9869.792312	9871.12447			9869.218278	9872.285538			2.0		1.0	1.0					
9878.98	12.46100000000115	trials	8.0	9886.182382	9888.01622	9889.17634	9889.866238	9885.18295	9888.405906	9889.93	9891.441	1.0	2.0	1.0	1.0					
9893.259	8.050999999999476	trials	8.0	9895.40691	9896.753768			9894.827562	9899.089912			2.0		1.0	1.0					
9903.846	9.78900000000067	trials	8.0	9910.618712	9911.639256	9912.260596	9912.379644	9910.058806000001	9911.627604			1.0		0.0	2.0					
9916.684	5.441000000000713	trials	8.0	9918.80326	9920.672896	9921.611716	9922.132672	9917.769726	9921.125206			1.0	2.0	0.0	3.0					
9924.936	8.420000000000073	trials	8.0	9929.767516	9931.35865	9932.006074	9932.274358	9928.774918	9931.344508			1.0		0.0	2.0					
9936.365	6.335000000000946	trials	8.0	9938.483726	9939.975156	9940.940172	9941.493804	9936.764996	9940.413604	9941.72	9942.7	1.0	2.0	1.0	1.0					
9945.76	10.289999999999054	trials	8.0	9947.4581	9948.69256			9946.91534	9950.1945			2.0		1.0	1.0					
9956.975	5.338999999999942	trials	8.0	9958.65224	9960.246364	9960.877606	9961.179818	9956.060274	9960.234452			1.0		0.0	2.0					
9964.37	11.394999999998618	trials	8.0	9968.553312	9970.225876	9974.126068	9974.63892	9968.043228	9971.294082	9974.945	9975.765	1.0	1.0	1.0	1.0					
9978.83	5.795000000000073	trials	8.0	9981.93345	9982.948932	9984.176332	9984.634116000001	9981.28448	9983.678324			1.0	2.0	0.0	3.0					
9986.5	7.989999999999782	trials	8.0	9989.735666	9991.095108	9992.359694	9993.054916000001	9988.94972	9991.769104	9993.191	9994.49	1.0	1.0	1.0	1.0					
9996.6	6.574999999998909	trials	8.0	9998.842972	10000.109184			9997.938040000001	10001.075526			2.0		1.0	1.0					
10006.731	12.90899999999965	trials	8.0	10017.079074	10017.639964			10016.45692	10017.637264			1.0		0.0	2.0					
10023.66	6.531000000000859	trials	8.0	10026.954112	10028.19891	10028.909857999999	10029.156596	10026.206406	10028.186614			1.0		0.0	2.0					
10033.205	25.27599999999984	trials	8.0	10055.967926	10056.434768	10057.125608	10057.195844	10055.374744	10056.431662			1.0		0.0	2.0					
10062.49	8.274999999999636	trials	8.0	10064.258452	10065.778256			10062.661304000001	10066.287138			2.0		1.0	1.0					
10073.13	22.960000000000946	trials	8.0	10092.098596	10093.598658	10094.131122	10094.836862	10091.424102	10093.61559	10094.856	10096.09	1.0	1.0	1.0	1.0					
10099.025	5.791000000001077	trials	8.0	10101.013066	10102.691744	10103.27982	10103.46297	10099.484511999999	10102.680986			1.0		0.0	2.0					
10106.705	8.180000000000291	trials	8.0	10109.598186	10110.779506	10113.090842	10113.790358	10109.009868000001	10112.305554	10113.895	10114.885	1.0	1.0	1.0	1.0					
10118.945	24.024999999999636	trials	8.0	10135.928424	10137.88229			10135.064696	10138.221866			2.0		1.0	1.0					
10143.95	16.420000000000073	trials	8.0	10145.54405	10147.061873999999	10158.066276	10158.620738	10142.979026	10147.327676	10158.75	10160.37	1.0	2.0	1.0	1.0					
10162.426	6.769000000000233	trials	8.0	10165.463944	10166.779946	10168.705616	10169.206736	10164.59232	10168.177352			1.0	2.0	0.0	3.0					
10172.035	11.200000000000728	trials	8.0	10174.658634	10176.049262	10178.128888	10178.877494	10173.940844	10177.136498	10178.805	10179.915	1.0	1.0	1.0	1.0					
10183.978	6.082000000000335	trials	8.0	10185.624258	10187.456668	10188.466726	10188.96332	10183.245754	10187.537142000001	10189.12	10190.06	1.0	2.0	1.0	1.0					
10192.126	8.394000000000233	trials	8.0	10194.875576	10195.984992	10198.621174	10199.14575	10194.101702	10197.918578	10199.401	10200.52	1.0	2.0	1.0	1.0					
10203.35	6.005999999999403	trials	8.0	10205.233504	10206.98712	10208.841134	10209.363598	10204.144138	10208.276634			1.0	2.0	0.0	3.0					
10211.176	9.890000000001237	trials	8.0	10216.370318000001	10217.716586	10219.204744	10219.935386000001	10215.465098	10218.515862	10219.935	10221.066	1.0	1.0	1.0	1.0					
10225.14	10.915000000000873	trials	8.0	10227.04008	10228.1874	10230.75769	10231.493848	10226.398928	10230.194078	10231.49	10232.78	1.0	1.0	1.0	1.0					
10236.845	5.290000000000873	trials	8.0	10238.738472000001	10240.085926	10240.628435999999	10240.986420000001	10236.067126	10240.082684			1.0		0.0	2.0					
10245.18	9.795000000000073	trials	8.0	10247.245422	10248.53009			10245.417426	10249.038764			2.0		1.0	1.0					
10255.856	5.75	trials	8.0	10257.448428	10258.775532			10254.987678	10259.503826			2.0		1.0	1.0					
10264.045	6.305000000000291	trials	8.0	10265.728942	10266.942706	10269.891810000001	10270.360594	10264.057268	10268.483526			1.0	2.0	0.0	3.0					
10273.205	6.924999999999272	trials	8.0	10275.517808	10277.03421			10274.613378	10278.008088	10279.695	10279.925	2.0		1.0	1.0					
10282.649	7.27599999999984	trials	8.0	10284.278944	10285.805706	10288.184854	10288.824704	10283.33189	10287.370382000001	10288.925	10289.925	1.0	1.0	1.0	1.0					
10292.99	7.600000000000364	trials	8.0	10294.988722	10296.096914	10298.851852	10299.432388000001	10293.478492	10297.341484	10299.66	10300.59	1.0	1.0	1.0	1.0					
10303.61	4.924999999999272	trials	8.0	10305.599184	10306.730796	10307.94835	10308.548172	10303.706902	10307.096342			1.0	2.0	0.0	3.0					
10312.32	11.161000000000058	trials	8.0	10314.16443	10316.175844			10313.509376	10317.258482000001			2.0		1.0	1.0					
10324.465	4.655000000000655	trials	8.0	10326.299579999999	10327.111256	10327.875530000001	10328.261538	10323.49407	10327.102646			1.0		0.0	2.0					
10331.145	7.510000000000218	trials	8.0	10333.60918	10335.445452	10337.926688	10338.667895999999	10332.764794	10337.338628			1.0	2.0	0.0	3.0					
10341.283	8.29700000000048	trials	8.0	10344.389262	10345.976626	10347.57151	10348.334468000001	10343.599902	10346.63222	10348.25	10349.58	1.0	1.0	1.0	1.0					
10352.645	9.67699999999968	trials	8.0	10355.82395	10357.586928			10354.83986	10357.885494			2.0		1.0	1.0					
10363.651	4.308999999999287	trials	8.0	10365.69939	10365.961954	10366.75887	10367.425094	10362.331904	10365.955248			1.0		0.0	2.0					
10370.97	10.270000000000437	trials	8.0	10373.37101	10374.713168			10372.628408	10376.1196			2.0		1.0	1.0					
10382.785	4.315000000000509	trials	8.0	10384.404296	10385.101818			10381.249962	10385.089794			1.0		0.0	2.0					
10389.15	8.456000000000131	trials	8.0	10395.014452	10395.606306	10396.41966	10396.611018	10394.289005999999	10395.599606			1.0		0.0	2.0					
10399.612	8.658000000001266	trials	8.0	10402.124966	10403.702902	10406.537054	10407.17617	10401.581008000001	10405.265436	10407.305	10408.27	1.0	2.0	1.0	1.0					
10412.29	5.074999999998909	trials	8.0	10414.024682	10415.370852	10416.046902	10416.33323	10412.449726	10415.362734			1.0		0.0	2.0					
10419.42	8.2450000000008	trials	8.0	10423.496186	10425.088364	10427.101016	10427.674622	10422.956588000001	10426.543416			1.0	2.0	0.0	3.0					
10429.445	10.819999999999709	trials	8.0	10435.449444	10437.386062	10438.327696	10438.98432	10434.84376	10437.777462	10439.115	10440.265	1.0	1.0	1.0	1.0					
10443.291	7.610000000000582	trials	8.0	10444.880816	10446.091678	10448.476374	10449.283436	10444.157516	10447.996018	10449.145	10450.901	1.0	1.0	1.0	1.0					
10452.585	10.285000000001673	trials	8.0	10454.5411	10455.703736	10457.043914	10457.894778	10453.673124	10456.443032	10457.735	10459.075	1.0	1.0	1.0	1.0					
10463.143	5.959999999999127	trials	8.0	10464.889842	10466.301616	10467.360054	10468.052076	10462.881534	10466.819092	10468.11	10469.103	1.0	1.0	1.0	1.0					
10473.217	8.717999999998938	trials	8.0	10475.22003	10476.750240000001			10473.550054	10477.291584			2.0		1.0	1.0					
10484.076	6.994000000000597	trials	8.0	10485.774478	10486.08268	10486.67014	10487.347456	10481.945952	10486.068024			1.0		0.0	2.0					
10492.087	4.548000000000684	trials	8.0	10493.819436	10494.583938	10495.402738	10495.78408	10491.082466	10494.571796			1.0		0.0	2.0					
10499.685	7.819999999999709	trials	8.0	10502.831566	10503.940682	10505.549060000001	10506.230618	10501.894148	10504.944606000001	10506.345	10507.505	1.0	1.0	1.0	1.0					
10509.565	8.05999999999949	trials	8.0	10512.049962000001	10513.617618	10515.147476	10516.045854	10511.227366	10514.679742	10515.872	10517.625	1.0	1.0	1.0	1.0					
10520.642	5.268000000000029	trials	8.0	10522.269758	10523.434008	10524.105636	10524.743744	10521.30564	10523.370902	10524.796	10525.91	1.0	1.0	1.0	1.0					
10527.93	7.489999999999782	trials	8.0	10530.864838	10532.615226			10529.939926	10533.359966			2.0		1.0	1.0					
10537.934	6.244000000000597	trials	8.0	10539.734676	10541.17268			10539.19378	10542.111828000001			2.0		1.0	1.0					
10546.725	9.659999999999854	trials	8.0	10549.206786	10551.106536			10548.522408	10551.240042			2.0		1.0	1.0					
10557.893	6.992000000000189	trials	8.0	10559.840189999999	10559.851242	10560.52848	10560.850454	10556.397728	10559.841902			1.0		0.0	2.0					
10565.905	8.274999999999636	trials	8.0	10567.685214000001	10568.852064	10569.729756	10570.080972	10564.899016	10568.84072			1.0		0.0	2.0					
10574.856	4.920000000000073	trials	8.0	10576.570068	10577.722596	10578.43841	10579.024812	10574.190722	10577.710394			1.0		0.0	2.0					
10582.785	14.420000000000073	trials	8.0	10592.420772	10593.901868			10591.826668	10595.05763			2.0		1.0	1.0					
10599.707	6.484000000000378	trials	8.0	10601.38663	10602.944080000001	10604.339102	10604.912928	10599.9087	10603.541402	10605.16	10606.191	1.0	1.0	1.0	1.0					
10608.222	9.01300000000083	trials	8.0	10610.417092	10612.203124			10609.573006	10612.584628			2.0		1.0	1.0					
10617.301	8.989000000001397	trials	8.0	10619.331842	10620.597994	10621.343122	10621.892112	10617.246772	10620.594038			1.0		0.0	2.0					
10626.606	4.359000000000378	trials	8.0	10628.380812	10629.51904	10630.283956	10630.977354	10626.301754	10629.583492			1.0	2.0	0.0	3.0					
10634.612	8.518000000000029	trials	8.0	10636.256118000001	10637.71329			10634.958754	10638.206364			2.0		1.0	1.0					
10643.77	5.859999999998763	trials	8.0	10645.350932000001	10646.54271	10647.692552	10648.338222	10643.140214	10647.073162	10648.651	10649.63	1.0	2.0	1.0	1.0					
10651.695	6.114999999999782	trials	8.0	10654.320482	10655.762684000001	10656.413448	10656.887314	10653.442584	10655.759112			1.0		0.0	2.0					
10659.865	11.344999999999345	trials	8.0	10662.997604	10664.017812	10665.920298000001	10666.599345999999	10662.453841999999	10665.221418000001	10666.82	10667.81	1.0	1.0	1.0	1.0					
10671.833	4.8179999999993015	trials	8.0	10673.626032	10674.59316	10675.241004	10675.502358	10671.223182	10674.583572			1.0		0.0	2.0					
10679.66	6.700000000000728	trials	8.0	10681.535296	10683.48497	10684.533796	10685.112792	10680.207082	10683.959834000001	10685.245	10686.36	1.0	2.0	1.0	1.0					
10689.377	5.618000000000393	trials	8.0	10691.765846	10692.999394	10693.821146	10694.165902	10690.77496	10692.996416			1.0		0.0	2.0					
10699.005	4.735000000000582	trials	8.0	10700.551372	10701.74253	10702.403294	10702.77898	10699.338576	10701.738526000001			1.0		0.0	2.0					
10706.755	7.365000000001601	trials	8.0	10709.360458	10711.073004	10712.368062	10713.073616	10708.706234000001	10711.76726	10713.17	10714.12	1.0	1.0	1.0	1.0					
10717.14	4.829999999999927	trials	8.0	10719.200858	10719.974244	10720.811336	10720.923234	10718.407184	10719.96952			1.0		0.0	2.0					
10724.99	12.094999999999345	trials	8.0	10732.792288	10734.635016	10735.17074	10735.844852	10732.24822	10734.584074	10735.95	10737.085	1.0	1.0	1.0	1.0					
10740.14	5.926000000001295	trials	8.0	10742.122518	10743.816802000001			10740.712032	10744.018288			2.0		1.0	1.0					
10748.615	8.760000000000218	trials	8.0	10751.897002	10753.420148000001	10755.442986	10756.201368	10751.30769	10754.794054	10756.245	10757.375	1.0	1.0	1.0	1.0					
10760.395	8.665999999999258	trials	8.0	10762.360954	10763.348310000001	10764.060408000001	10764.204988	10761.290854	10763.340318			1.0		0.0	2.0					
10769.395	9.329999999999927	trials	8.0	10771.401274	10772.459518	10777.1165	10777.659178	10769.074692	10772.549212	10777.72	10778.725	1.0	1.0	1.0	1.0					
10780.78	7.459999999999127	trials	8.0	10783.801134000001	10784.893314	10786.57891	10787.097222	10782.807782	10785.943124	10787.385	10788.24	1.0	2.0	1.0	1.0					
10790.29	8.854999999999563	trials	8.0	10792.25647	10794.097099999999			10791.65858	10794.39716			2.0		1.0	1.0					
10801.18	12.300999999999476	trials	8.0	10810.691182	10811.484262	10812.088858	10812.400664	10809.690938	10811.479376			1.0		0.0	2.0					
10817.535	5.820999999999913	trials	8.0	10819.472414	10820.753576	10822.812764	10823.3675	10818.442094	10820.748454			1.0		0.0	2.0					
10824.835	20.13000000000102	trials	8.0	10840.556642	10842.55879	10843.264414000001	10844.015494	10839.946146	10842.775564	10844.035	10844.965	1.0	1.0	1.0	1.0					
10848.002	6.127999999998792	trials	8.0	10849.911532	10851.79278	10852.433554	10853.035408	10848.509278	10851.845768	10853.42	10854.13	1.0	1.0	1.0	1.0					
10856.185	5.010000000000218	trials	8.0	10857.792856	10859.253424	10860.572820000001	10861.209242	10857.24767	10860.010164			1.0	2.0	0.0	3.0					
10864.89	6.0	trials	8.0	10866.861598	10868.306964	10869.25338	10869.883262	10865.72272	10868.742802	10869.92	10870.89	1.0	1.0	1.0	1.0					
10872.945	9.005000000001019	trials	8.0	10875.046696	10876.763062			10874.039420000001	10876.754686			2.0		1.0	1.0					
10883.341	8.279000000000451	trials	8.0	10884.926608	10885.585502	10886.205352	10886.332176	10881.965094	10885.572008			1.0		0.0	2.0					
10891.69	4.934999999999491	trials	8.0	10893.236878	10894.573422	10895.240144	10895.58894	10891.633896	10894.570802			1.0		0.0	2.0					
10900.635	7.4099999999998545	trials	8.0	10904.076304	10905.12464	10906.11694	10906.760306	10903.139094	10905.629838	10906.765	10908.045	1.0	1.0	1.0	1.0					
10910.066	10.929000000000087	trials	8.0	10914.671968	10916.3697			10913.741186	10916.784889999999			2.0		1.0	1.0					
10922.455	14.030000000000655	trials	8.0	10932.03138	10933.941432			10931.296974	10934.288138			2.0		1.0	1.0					
10940.046	8.523999999999432	trials	8.0	10941.85169	10943.464166			10940.257134	10943.80042			2.0		1.0	1.0					
10950.49	13.225000000000364	trials	8.0	10959.217712	10960.781836	10962.143542	10962.695278	10958.34412	10961.246186	10962.845	10963.715	1.0	1.0	1.0	1.0					
10965.735	12.944999999999709	trials	8.0	10973.842194	10975.722372	10976.994374	10977.453058	10972.883044	10976.261222000001	10977.75	10978.68	1.0	1.0	1.0	1.0					
10980.505	7.6010000000005675	trials	8.0	10983.46221	10984.868858	10986.342826	10986.796156	10982.512826	10985.527212	10987.045	10988.106	1.0	2.0	1.0	1.0					
10991.155	6.184999999999491	trials	8.0	10992.833368	10994.316786	10995.535248	10996.156452	10991.901086	10994.87768	10996.285	10997.34	1.0	2.0	1.0	1.0					
11000.405	5.5	trials	8.0	11002.017652	11003.244044	11004.222964	11004.349282	11000.647916	11003.23577			1.0		0.0	2.0					
11007.245	9.787999999998647	trials	8.0	11013.317332	11015.006768	11015.659238	11016.131438	11012.322222	11015.000658			1.0		0.0	2.0					
11020.041	7.088999999999942	trials	8.0	11022.367126000001	11024.333094			11021.758726	11024.840540000001			2.0		1.0	1.0					
11030.606	4.5239999999994325	trials	8.0	11032.248642	11033.441014	11034.682824	11035.146044000001	11031.080266	11034.086882			1.0	2.0	0.0	3.0					
11039.035	7.760000000000218	trials	8.0	11043.307502	11044.744406	11045.572352	11045.98677	11042.425142	11044.73429			1.0		0.0	2.0					
11048.835	8.75	trials	8.0	11053.708932	11054.750536	11056.919542	11057.598994	11053.046846000001	11056.410704			1.0	2.0	0.0	3.0					
11060.325	10.459999999999127	trials	8.0	11064.252816	11065.822744000001	11068.8761	11069.397844	11063.51358	11067.446476000001			1.0	2.0	0.0	3.0					
11072.237	12.28900000000067	trials	8.0	11080.192842	11081.774544			11079.62038	11082.409886			2.0		1.0	1.0					
11087.055	5.145000000000437	trials	8.0	11089.277326	11090.441666	11091.80767	11092.216534	11088.412737999999	11091.318246			1.0	2.0	0.0	3.0					
11095.131	7.793999999999869	trials	8.0	11099.15759	11100.934492	11101.762709999999	11102.067488	11098.498542000001	11100.922886			1.0		0.0	2.0					
11105.981	10.148999999999432	trials	8.0	11108.49921	11109.71678			11107.668176	11110.303998			2.0		1.0	1.0					
11117.02	5.335999999999331	trials	8.0	11118.992452	11120.304856	11121.550486	11121.988834	11116.142908	11120.299872			1.0		0.0	2.0					
11124.38	7.692000000000917	trials	8.0	11127.233076	11128.619166	11130.058338	11130.753756	11126.27081	11129.422496	11130.691	11132.072	1.0	2.0	1.0	1.0					
11136.09	6.239999999999782	trials	8.0	11138.237774000001	11139.279422			11137.655052	11140.04793			2.0		1.0	1.0					
11144.865	5.201000000000931	trials	8.0	11146.768102	11148.00984	11148.876092	11149.248685999999	11145.357122	11148.003514			1.0		0.0	2.0					
11154.1	5.630999999999403	trials	8.0	11156.523064	11157.739746	11158.35512	11158.446408	11155.526774	11157.736358			1.0		0.0	2.0					
11163.74	6.4909999999999854	trials	8.0	11165.49847	11166.670716			11164.725242	11168.031912			2.0		1.0	1.0					
11173.695	5.655000000000655	trials	8.0	11175.857648000001	11177.295704	11178.059674	11178.533988	11174.86708	11177.286816			1.0		0.0	2.0					
11182.36	5.4099999999998545	trials	8.0	11184.553318	11186.22493	11187.179501999999	11187.78507	11183.045854	11186.606912			1.0	2.0	0.0	3.0					
11189.52	11.31499999999869	trials	8.0	11195.973642	11197.417618	11198.475912	11199.25372	11195.447142	11197.551022	11199.191	11200.835	1.0	1.0	1.0	1.0					
11202.53	10.514999999999418	trials	8.0	11208.499556	11209.846808	11211.13819	11211.676384	11207.77937	11210.568578	11212.005	11213.045	1.0	2.0	1.0	1.0					
11215.111	11.628999999998996	trials	8.0	11217.983062	11219.842506	11221.094904	11221.768986	11217.243248	11220.367268	11221.705	11223.225	1.0	1.0	1.0	1.0					
11227.295	4.816000000000713	trials	8.0	11229.133822	11230.092268	11230.719278	11231.089828	11226.754854	11230.080206			1.0		0.0	2.0					
11235.125	6.864999999999782	trials	8.0	11238.478392	11239.994834000001	11240.75862	11241.122464	11237.505078	11239.983402			1.0		0.0	2.0					
11244.042	9.359000000000378	trials	8.0	11249.343336	11250.891206	11252.696820000001	11253.41337	11248.774544	11252.156334			1.0	2.0	0.0	3.0					
11257.015	7.795000000000073	trials	8.0	11260.648114	11261.720906	11262.818012	11263.619934	11260.122298	11262.33459	11263.64	11264.81	1.0	1.0	1.0	1.0					
11267.836	5.084000000000742	trials	8.0	11269.698094	11270.870096	11271.539358	11271.746398	11269.110284	11270.865992			1.0		0.0	2.0					
11276.93	15.174999999999272	trials	8.0	11289.287814	11290.060866			11288.647948	11290.04945			2.0		0.0	2.0					
11295.161	9.713999999999942	trials	8.0	11298.613338	11299.755796	11302.769038	11303.411434	11298.073012	11302.16407	11303.545	11304.875	1.0	1.0	1.0	1.0					
11306.89	9.409999999999854	trials	8.0	11308.653516	11310.664843999999			11308.114414	11310.959322			2.0		1.0	1.0					
11316.805	5.845999999999549	trials	8.0	11318.459964	11320.029558	11320.948544	11321.28794	11316.317538	11320.018858			1.0		0.0	2.0					
11324.074	7.617000000000189	trials	8.0	11327.125394	11328.838348000001			11326.145116	11329.509186			2.0		1.0	1.0					
11334.106	10.085000000000946	trials	8.0	11335.714018	11336.809662	11338.085084	11338.722546	11334.485482	11337.546506	11338.77	11340.405	1.0	1.0	1.0	1.0					
11344.47	5.204999999999927	trials	8.0	11346.138652	11347.687128	11348.504452000001	11348.792464	11344.203334	11347.675244			1.0		0.0	2.0					
11352.727	7.347999999999956	trials	8.0	11354.804038	11355.91077	11359.599672	11360.088726	11353.26054	11357.991444			1.0	2.0	0.0	3.0					
11361.959	12.740999999999985	trials	8.0	11369.0857	11370.833538	11372.597468	11373.43792	11368.200212	11371.861652	11373.245	11374.7	1.0	1.0	1.0	1.0					
11377.735	8.165999999999258	trials	8.0	11380.2336	11382.110662	11383.964688	11384.7441	11379.62488	11383.43658	11384.75	11385.901	1.0	1.0	1.0	1.0					
11387.961	10.22400000000016	trials	8.0	11390.188872	11392.167252			11389.395126	11392.803794			2.0		1.0	1.0					
11398.49	5.319999999999709	trials	8.0	11400.203774	11402.118128	11403.04922	11403.824556	11398.199878	11402.422826			1.0	1.0	0.0	3.0					
11407.425	7.575000000000728	trials	8.0	11409.21955	11410.260952	11412.894696	11413.762522	11408.313706	11412.101058	11413.695	11415.0	1.0	1.0	1.0	1.0					
11418.065	10.034999999999854	trials	8.0	11421.239006	11422.490286			11420.30438	11422.90379			2.0		1.0	1.0					
11429.52	5.2960000000002765	trials	8.0	11431.506312	11432.766546			11428.11413	11432.75721			2.0		1.0	1.0					
11439.361	7.173999999999069	trials	8.0	11440.974284	11442.114544	11444.621876000001	11445.334948	11439.38784	11443.65605	11445.385	11446.535	1.0	1.0	1.0	1.0					
11448.595	8.19000000000051	trials	8.0	11450.2341	11452.177618	11454.92676	11455.55588	11449.715546	11454.351202	11455.645	11456.785	1.0	2.0	1.0	1.0					
11459.805	7.164999999999054	trials	8.0	11461.804830000001	11463.105946	11464.507526	11465.231462	11460.099824	11463.669486	11465.16	11466.97	1.0	1.0	1.0	1.0					
11469.03	8.170000000000073	trials	8.0	11471.500636	11473.190124	11475.27224	11475.80237	11470.817837999999	11474.22791			1.0	2.0	0.0	3.0					
11478.63	8.6200000000008	trials	8.0	11481.751062	11483.698244	11485.26618	11486.060586	11481.127412	11484.573294	11486.125	11487.25	1.0	1.0	1.0	1.0					
11489.265	9.806000000000495	trials	8.0	11493.029036	11494.451898	11496.926078	11497.73739	11492.456284	11496.191374	11497.715	11499.071	1.0	1.0	1.0	1.0					
11501.136	12.078999999999724	trials	8.0	11508.390366	11509.411038	11511.325566	11511.98087	11507.45672	11510.513792	11512.0	11513.215	1.0	1.0	1.0	1.0					
11516.245	6.014999999999418	trials	8.0	11518.264524	11519.7629			11517.20673	11520.024433999999			2.0		1.0	1.0					
11524.837	9.86200000000099	trials	8.0	11527.505142	11528.966896			11526.52078	11529.496058			2.0		1.0	1.0					
11536.576	13.707000000000335	trials	8.0	11545.560028	11546.937734	11548.204946	11548.969924	11544.69798	11547.482498000001	11548.88	11550.283	1.0	1.0	1.0	1.0					
11552.3	6.25	trials	8.0	11554.439656	11555.724180000001	11557.979812	11558.565496	11553.601614	11557.362418			1.0	1.0	0.0	3.0					
11562.295	5.844999999999345	trials	8.0	11563.895788	11565.644864	11566.474776	11566.95917	11562.626260000001	11565.991402	11567.231	11568.14	1.0	2.0	1.0	1.0					
11571.2	17.429999999998472	trials	8.0	11581.546632	11583.26182			11580.929566	11584.22416			2.0		1.0	1.0					
11589.79	7.190999999998894	trials	8.0	11591.5953	11592.241864	11592.854800000001	11593.340262	11588.645258	11592.235614000001			1.0		0.0	2.0					
11598.24	4.940000000000509	trials	8.0	11600.051166000001	11601.188156	11601.747924	11602.303758	11596.997650000001	11601.181556			1.0		0.0	2.0					
11605.233	7.976999999998952	trials	8.0	11607.76506	11608.90151	11611.130266	11611.942028	11606.82284	11610.307088	11611.865	11613.21	1.0	1.0	1.0	1.0					
11617.32	7.8400000000001455	trials	8.0	11621.290266	11622.713038	11623.527306	11624.04576	11620.637913999999	11622.928694	11624.22	11625.16	1.0	1.0	1.0	1.0					
11627.284	430.20600000000013	BlockDesign														1.0	1026.0	1067.0	50.0	90.0
11627.284	6.376000000000204	trials	9.0	11629.810206	11631.257736	11632.967982	11633.678736	11628.842114	11632.277764			1.0	1.0	0.0	3.0					
11637.276	6.22400000000016	trials	9.0	11639.350316	11641.231954	11641.87679	11642.3497	11637.294672	11641.225986	11642.465	11643.5	1.0	2.0	1.0	1.0					
11645.53	10.661000000000058	trials	9.0	11647.410012	11648.571758	11651.302296	11651.783154	11646.790082	11650.61857	11652.09	11653.04	1.0	2.0	1.0	1.0					
11657.06	19.68500000000131	trials	9.0	11669.80056	11671.116768			11669.007944	11671.694288			2.0		1.0	1.0					
11677.405	9.036000000000058	trials	9.0	11678.985194	11680.621728	11681.22659	11681.442664	11676.7641	11680.61615			1.0		0.0	2.0					
11686.735	6.674999999999272	trials	9.0	11688.645712	11690.402118	11691.831334	11692.232052	11686.456517999999	11691.351262	11692.585	11693.41	1.0	2.0	1.0	1.0					
11696.456	5.244000000000597	trials	9.0	11698.050784	11699.652108	11700.996668	11701.317434	11696.552646	11699.647692			1.0		0.0	2.0					
11703.706	7.694999999999709	trials	9.0	11707.579886	11709.357914			11706.57432	11709.345666000001			2.0		0.0	2.0					
11715.41	10.635000000000218	trials	9.0	11721.060516	11722.97931	11724.092410000001	11724.833326	11720.086852	11723.58207	11724.79	11726.045	1.0	1.0	1.0	1.0					
11728.106	5.895000000000437	trials	9.0	11729.718984	11730.90198			11729.140452	11731.660188			2.0		1.0	1.0					
11738.416	3.838999999999942	trials	9.0	11740.251884000001	11740.26337			11739.18	11740.225			1.0		0.0	2.0					
11744.265	13.069999999999709	trials	9.0	11754.040522	11755.292016			11753.199982	11755.287232			1.0		0.0	2.0					
11760.345	10.81500000000051	trials	9.0	11764.080348	11765.358533999999			11763.483656	11765.778358			2.0		1.0	1.0					
11772.38	4.6010000000005675	trials	9.0	11774.53096	11774.991706	11776.12246	11776.439292	11771.178985999999	11774.98071			1.0		0.0	2.0					
11779.991	8.97899999999936	trials	9.0	11784.093086	11785.538794	11787.341046	11787.816618	11783.330134	11786.692674	11788.106	11788.97	1.0	2.0	1.0	1.0					
11790.987	10.44300000000112	trials	9.0	11794.330394	11796.28215			11793.383924	11796.577876			2.0		1.0	1.0					
11803.395	3.9399999999986903	trials	9.0	11805.056056	11805.347802	11806.236314	11806.71311	11801.446858	11805.337816			1.0		0.0	2.0					
11809.377	7.377999999998792	trials	9.0	11811.937298	11813.396568	11814.970863999999	11815.63558	11811.19716	11814.444252000001	11815.705	11816.755	1.0	1.0	1.0	1.0					
11818.825	13.325999999999112	trials	9.0	11826.837556	11828.067202	11828.82403	11828.99513	11825.843898	11828.056026			1.0		0.0	2.0					
11833.08	11.530000000000655	trials	9.0	11836.596026	11837.812784	11839.230176000001	11839.786434	11835.798494	11838.695522	11839.95	11840.965	1.0	1.0	1.0	1.0					
11845.025	8.030000000000655	trials	9.0	11846.775896	11847.883002	11848.580536	11849.083212	11844.628446	11848.060932	11849.22	11850.191	1.0	2.0	1.0	1.0					
11853.26	4.664999999999054	trials	9.0	11854.945948	11855.933312000001	11856.480812	11856.690333999999	11853.0736	11855.92592			1.0		0.0	2.0					
11859.96	7.5350000000016735	trials	9.0	11862.36102	11864.157525999999	11865.683344000001	11866.371362	11861.539142	11865.120432	11866.356	11867.495	1.0	2.0	1.0	1.0					
11870.515	17.860000000000582	trials	9.0	11882.23128	11883.630224			11881.410608	11884.089738			2.0		1.0	1.0					
11889.74	7.895000000000437	trials	9.0	11891.422824000001	11892.593972	11893.135338	11893.431666	11888.393436	11892.586772			1.0		0.0	2.0					
11897.747	6.533000000001266	trials	9.0	11899.791314	11901.207742	11902.554768	11903.023092	11897.65256	11902.077342	11903.145	11904.28	1.0	2.0	1.0	1.0					
11906.316	7.584999999999127	trials	9.0	11908.576276	11909.612772	11911.814736	11912.416454	11907.749688	11911.323688	11912.61	11913.901	1.0	2.0	1.0	1.0					
11915.925	5.365000000001601	trials	9.0	11918.035812	11919.134	11920.679802	11921.310238	11917.23986	11920.169018			1.0	2.0	0.0	3.0					
11922.995	13.854999999999563	trials	9.0	11927.922906	11929.872054			11927.35967	11930.84949	11932.615	11933.17	2.0		1.0	1.0					
11937.19	5.1599999999998545	trials	9.0	11939.381976	11940.358722	11941.553054	11941.816848	11936.868786	11940.352898000001			1.0		0.0	2.0					
11944.406	8.438999999998487	trials	9.0	11948.056872000001	11949.847342000001	11950.887614	11951.506494000001	11947.21609	11950.284378	11951.566	11952.845	1.0	2.0	1.0	1.0					
11954.905	12.599999999998545	trials	9.0	11957.561368	11958.682066000001	11962.494716000001	11963.061638	11956.939002	11961.631122	11963.22	11964.245	1.0	2.0	1.0	1.0					
11968.309	5.891000000001441	trials	9.0	11970.047934	11971.538266	11972.319886000001	11972.868097999999	11967.52393	11971.735408	11973.095	11974.2	1.0	2.0	1.0	1.0					
11977.22	6.3400000000001455	trials	9.0	11978.866170000001	11979.967978			11978.269348	11981.312504			2.0		1.0	1.0					
11986.015	6.140000000001237	trials	9.0	11987.806648	11988.997372	11989.874768	11990.398944	11986.100772	11989.328906	11990.63	11992.155	1.0	2.0	1.0	1.0					
11995.18	10.014999999999418	trials	9.0	11998.3822	11999.871362			11997.76872	12000.811544			2.0		1.0	1.0					
12005.434	5.4760000000005675	trials	9.0	12007.017428	12008.211868	12008.94426	12009.54838	12005.213244	12008.398138	12009.651	12010.91	1.0	2.0	1.0	1.0					
12012.935	8.649999999999636	trials	9.0	12014.576542	12015.608302	12016.552878	12017.03358	12013.988358	12015.99408	12017.27	12018.356	1.0	2.0	1.0	1.0					
12022.285	4.389999999999418	trials	9.0	12023.963356	12024.63017	12025.313206	12025.909294000001	12021.604364	12024.626558			1.0		0.0	2.0					
12029.725	10.844999999999345	trials	9.0	12033.187064	12035.103174			12032.296634	12035.945022			2.0		1.0	1.0					
12041.611	5.068999999999505	trials	9.0	12043.603178000001	12043.914553999999	12044.873088	12045.203708000001	12040.591614	12043.910214			1.0		0.0	2.0					
12049.91	7.579999999999927	trials	9.0	12052.041428	12053.996464	12055.890868	12056.369618	12051.299558	12054.835858	12056.645	12057.49	1.0	2.0	1.0	1.0					
12059.527	211.78900000000067	BlockDesign														0.0	1068.0	1088.0	50.0	10.0
12059.527	6.218000000000757	trials	10.0	12062.286652	12064.228618000001	12064.981414	12065.76226	12061.338626	12064.364194			1.0	1.0	0.0	3.0					
12069.335	7.563000000000102	trials	10.0	12072.141982000001	12074.143324			12071.355102	12074.707882			2.0		1.0	1.0					
12079.43	7.6599999999998545	trials	10.0	12081.357444000001	12083.104084			12079.963090000001	12083.44121	12085.325	12087.09	2.0		1.0	1.0					
12089.209	5.441999999999098	trials	10.0	12091.18216	12093.250492	12094.100922	12094.669262	12089.947995999999	12093.6163			1.0	2.0	0.0	3.0					
12097.413	7.296999999998661	trials	10.0	12100.878632	12102.144876	12104.379993999999	12104.7286	12100.250438	12103.009636			1.0	1.0	0.0	3.0					
12106.691	18.10399999999936	trials	10.0	12121.982512	12123.236628	12124.199158	12124.813586	12121.455166	12123.641152			1.0	1.0	0.0	3.0					
12127.52	10.921000000000276	trials	10.0	12130.53731	12132.438784	12134.575122	12135.358364	12129.882258	12133.662558			1.0	1.0	0.0	3.0					
12138.901	4.683999999999287	trials	10.0	12140.838646	12142.606754	12143.07029	12143.603238	12138.461186	12142.607276			1.0	2.0	0.0	3.0					
12146.435	8.305000000000291	trials	10.0	12149.548234	12151.200438	12153.096723999999	12153.695066	12148.983664	12152.443154	12153.715	12154.74	1.0	1.0	1.0	1.0					
12157.807	4.987999999999374	trials	10.0	12159.747566	12160.95882	12162.154458	12162.812284	12158.395558	12161.621938			1.0	2.0	0.0	3.0					
12166.465	7.094999999999345	trials	10.0	12169.382822	12171.219362	12172.947157999999	12173.58093	12168.566780000001	12172.171256			1.0	1.0	0.0	3.0					
12176.27	6.514999999999418	trials	10.0	12178.61706	12180.2392			12177.670218	12180.693516			2.0		1.0	1.0					
12185.255	5.8510000000005675	trials	10.0	12187.237786	12188.317072	12190.433316	12191.123434000001	12186.421626	12189.808402			1.0	2.0	0.0	3.0					
12194.8	7.056000000000495	trials	10.0	12197.066824	12198.558808			12196.143162	12199.684614			2.0		1.0	1.0					
12204.37	4.445999999999913	trials	10.0	12206.015194	12206.765220000001			12205.364048	12206.753724			1.0		0.0	2.0					
12211.821	9.933999999999287	trials	10.0	12216.589314	12218.496918			12215.717288	12219.279966	12221.08	12221.755	2.0		1.0	1.0					
12225.815	9.260000000000218	trials	10.0	12227.482702000001	12229.439308	12230.614844	12231.15716	12225.965744000001	12230.006150000001	12231.401	12232.14	1.0	1.0	1.0	1.0					
12235.186	5.199000000000524	trials	10.0	12237.097792	12238.394638			12235.09618	12238.382248			1.0		0.0	2.0					
12243.395	11.404999999998836	trials	10.0	12245.865	12247.095103999998	12249.269466	12249.925736	12244.828708	12248.710423999999	12249.975	12251.165	1.0	1.0	1.0	1.0					
12255.19	6.7549999999992	trials	10.0	12257.143085999998	12258.975853999998	12260.286865999999	12260.623727999999	12254.803514	12258.96662			1.0		0.0	2.0					
12264.991	6.325000000000728	trials	10.0	12267.285134	12269.146755999998	12270.664751999999	12271.321256	12266.352063999999	12269.783647999999			1.0	1.0	0.0	3.0					
