onset	duration	nwb_table	block	tone_on_time	tone_off_time	action_on_time	action_off_time	pokeC_on_time	pokeC_off_time	reward_on_time	reward_off_time	state	action	reward	result	FinishedBlock	FirstTrial	LastTrial	RewardRule_L	RewardRule_R
2.342	925.828	BlockDesign														1.0	1.0	76.0	10.0	50.0
2.342	28.028000000000002	trials	1.0	23.471320000000002	25.245390000000004			22.913182000000003	25.497116000000002			2.0		1.0	1.0					
31.316	4.199000000000002	trials	1.0	33.283	33.511900000000004	34.188684	34.221554000000005	30.372934	33.504496			1.0		0.0	2.0					
38.53	17.661	trials	1.0	53.53285	54.824524000000004	55.838026000000006	56.194034	52.687648	55.388874			1.0	1.0	0.0	3.0					
58.172	5.604000000000006	trials	1.0	60.851244	61.77644			60.079404000000004	61.768008			1.0		0.0	2.0					
66.785	13.135000000000005	trials	1.0	76.53289000000001	78.263236	79.596632	79.912702	75.734794	79.049228			1.0	2.0	0.0	3.0					
81.935	7.189999999999998	trials	1.0	85.76144400000001	87.640322	88.65063	89.12870799999999	84.945056	88.155674			1.0	1.0	0.0	3.0					
91.981	8.399000000000001	trials	1.0	96.99713	99.08354399999999	99.86686	100.385796	96.12096199999999	99.380056			1.0	1.0	0.0	3.0					
103.245	13.85499999999999	trials	1.0	109.25677400000001	110.74857399999999	111.72145800000001	112.170662	108.420488	111.24892600000001	112.29	113.505	1.0	2.0	1.0	1.0					
117.57	6.095000000000013	trials	1.0	119.34653800000001	121.13349199999999	121.71995799999999	122.312262	117.10581400000001	121.162654	122.41	123.665	1.0	2.0	1.0	1.0					
125.724	10.275999999999996	trials	1.0	127.73817600000001	129.79644000000002	130.704882	131.27141400000002	126.85137	130.21095200000002	131.55	132.57	1.0	2.0	1.0	1.0					
136.59	4.844999999999999	trials	1.0	138.28338000000002	139.433972	139.95893	140.431524	136.005694	139.42576			1.0		0.0	2.0					
144.445	7.849999999999994	trials	1.0	149.23048400000002	150.66011600000002	151.83703200000002	152.298222	148.696232	151.31795200000002			1.0	1.0	0.0	3.0					
154.211	11.10499999999999	trials	1.0	161.387188	162.49887600000002			160.837094	163.12366600000001			2.0		1.0	1.0					
169.825	11.070000000000022	trials	1.0	177.35176	178.82905000000002	180.43557	180.898698	176.59426200000001	179.812948			1.0	1.0	0.0	3.0					
184.809	11.49600000000001	trials	1.0	190.95731	192.928946	194.445162	195.040488	190.228586	193.92559	195.265	196.305	1.0	2.0	1.0	1.0					
198.325	10.230000000000018	trials	1.0	201.29260000000002	202.999156			200.62800000000001	203.67762000000002			2.0		1.0	1.0					
210.285	4.366000000000014	trials	1.0	212.287632	212.644058	213.999886	214.09929400000001	208.56050000000002	212.63855			1.0		0.0	2.0					
218.66	7.0049999999999955	trials	1.0	222.22690400000002	223.862336	225.02775200000002	225.667356	221.22833400000002	224.48445			1.0	1.0	0.0	3.0					
227.396	17.78400000000002	trials	1.0	236.44182	238.437914	239.46170600000002	240.088604	235.532742	238.94460600000002	240.125	241.441	1.0	2.0	1.0	1.0					
245.46	4.685000000000002	trials	1.0	247.297336	248.4558	249.430104	250.148424	245.186498	248.879828			1.0	2.0	0.0	3.0					
251.755	11.120000000000005	trials	1.0	259.257368	260.464042	262.30341	262.87992599999995	258.584862	261.77253199999996			1.0	1.0	0.0	3.0					
264.686	18.01400000000001	trials	1.0	275.39226399999995	277.300138			274.721436	277.280358			2.0		1.0	1.0					
282.84	10.175000000000011	trials	1.0	284.52248	285.883868	287.34304599999996	288.09096999999997	282.703468	286.86321	288.195	289.535	1.0	2.0	1.0	1.0					
293.58	5.759999999999991	trials	1.0	295.242822	296.96482799999995			293.01953199999997	296.96147199999996			2.0		0.0	2.0					
301.985	10.115000000000009	trials	1.0	308.80758399999996	310.34079199999996	311.50342	312.10528999999997	308.18312	310.992504			1.0	2.0	0.0	3.0					
314.835	16.680000000000007	trials	1.0	323.807436	325.02853999999996			323.11231	325.72396			2.0		1.0	1.0					
331.57	4.870999999999981	trials	1.0	333.284354	334.75429199999996	335.809416	336.44334	331.521144	335.158278			1.0	1.0	0.0	3.0					
339.15	10.270000000000039	trials	1.0	344.607422	346.474004	347.34007399999996	348.08088399999997	343.802084	346.838078	348.055	349.42	1.0	2.0	1.0	1.0					
351.445	7.699999999999989	trials	1.0	354.034296	355.865766	356.931222	357.641198	353.07541	356.358004	357.705	359.145	1.0	2.0	1.0	1.0					
362.165	4.7450000000000045	trials	1.0	363.682464	365.224096	366.087362	366.916166	362.575636	365.565384			1.0	2.0	0.0	3.0					
369.43	10.66500000000002	trials	1.0	376.614534	378.289702	379.67884999999995	380.101446	375.841506	379.122482			1.0	1.0	0.0	3.0					
384.054	7.206000000000017	trials	1.0	388.034066	389.38932	390.654296	391.264342	387.15605999999997	390.16574599999996			1.0	2.0	0.0	3.0					
394.99	52.860000000000014	trials	1.0	439.6368	441.26473			439.04634799999997	441.93301399999996			2.0		1.0	1.0					
448.61	6.009999999999991	trials	1.0	450.587984	452.113728			447.85533999999996	452.15630999999996	454.395	454.595	2.0		1.0	1.0					
457.14	6.574999999999989	trials	1.0	459.557816	461.45510199999995	463.261282	463.721798	459.01726199999996	462.689012			1.0	2.0	0.0	3.0					
467.627	9.024000000000001	trials	1.0	472.998656	475.20502	476.16599399999996	476.657172	472.150104	475.60372			1.0	1.0	0.0	3.0					
478.505	9.16500000000002	trials	1.0	484.72869599999996	486.48932399999995	487.228096	487.67314	483.875056	486.757304			1.0	2.0	0.0	3.0					
490.566	9.965000000000032	trials	1.0	495.603056	497.5827	498.613026	499.297212	494.941922	497.988244	499.375	500.531	1.0	2.0	1.0	1.0					
502.547	7.117999999999995	trials	1.0	504.527696	506.494824	509.095784	509.669782	503.83124799999996	508.55479599999995			1.0	2.0	0.0	3.0					
511.42	13.329999999999984	trials	1.0	517.96827	519.2950999999999			517.1526	519.705694			2.0		1.0	1.0					
526.362	5.84800000000007	trials	1.0	528.353068	529.53937	530.430514	530.99668	524.757472	529.884944	531.191	532.21	1.0	1.0	1.0	1.0					
534.26	9.980000000000018	trials	1.0	536.998638	538.720132			536.139274	539.163372			2.0		1.0	1.0					
545.807	4.52800000000002	trials	1.0	547.3835359999999	548.946474	549.801514	550.342404	544.24675	549.299402			1.0	1.0	0.0	3.0					
553.135	7.164999999999964	trials	1.0	557.378458	558.865954	559.795636	560.30671	556.526692	559.271558			1.0	2.0	0.0	3.0					
562.12	11.125	trials	1.0	569.603082	571.3756139999999	572.721564	573.250562	569.0919299999999	572.20855			1.0	1.0	0.0	3.0					
576.096	12.528999999999996	trials	1.0	583.463666	585.319248	586.42758	587.154238	582.6661399999999	585.911034	587.195	588.625	1.0	2.0	1.0	1.0					
590.686	8.928999999999974	trials	1.0	592.9498199999999	594.0601879999999	596.955456	597.7677199999999	592.301352	596.39017	597.75	599.615	1.0	2.0	1.0	1.0					
603.541	6.589999999999918	trials	1.0	605.364974	606.886086	607.830326	608.624642	603.7809639999999	607.325246	608.691	610.131	1.0	2.0	1.0	1.0					
613.195	9.479999999999905	trials	1.0	615.293786	616.545248			613.561228	617.171708			2.0		1.0	1.0					
623.146	5.344000000000051	trials	1.0	624.949974	626.425884			622.681512	626.414916			1.0		0.0	2.0					
630.536	15.469000000000051	trials	1.0	638.249004	640.15508			637.5522139999999	640.182014			2.0		1.0	1.0					
646.941	4.6889999999999645	trials	1.0	648.494022	650.029576	650.982758	651.634736	646.009298	650.433478			1.0	1.0	0.0	3.0					
655.36	8.595000000000027	trials	1.0	660.664488	662.01162	663.093358	663.961828	660.1198059999999	662.584694			1.0	2.0	0.0	3.0					
667.445	10.884999999999991	trials	1.0	674.46902	676.327594			673.797266	676.32091			2.0		0.0	2.0					
680.336	16.884000000000015	trials	1.0	689.51426	691.329806			688.731544	691.637308			2.0		1.0	1.0					
697.405	5.245999999999981	trials	1.0	699.39886	700.66171	701.939258	702.657846	697.227214	701.418262			1.0	1.0	0.0	3.0					
704.27	13.120000000000005	trials	1.0	713.19387	714.566614			712.2967239999999	715.276912			2.0		1.0	1.0					
719.84	6.324999999999932	trials	1.0	721.714018	723.085954	724.056374	724.781702	720.334068	723.5553239999999	724.76	726.165	1.0	2.0	1.0	1.0					
729.231	5.234000000000037	trials	1.0	731.05902	732.456506	733.089688	733.233126	729.8395399999999	732.447642			1.0		0.0	2.0					
738.481	9.210000000000036	trials	1.0	744.888944	746.272292	747.309836	747.689998	744.04009	746.800994			1.0	1.0	0.0	3.0					
751.665	17.035000000000082	trials	1.0	760.12924	761.210272	762.7421019999999	763.531374	759.4971459999999	762.266474	763.43	765.165	1.0	2.0	1.0	1.0					
769.181	6.63900000000001	trials	1.0	770.874502	772.485464	773.464252	774.327554	768.708942	772.936396	774.191	775.82	1.0	2.0	1.0	1.0					
777.87	7.769999999999982	trials	1.0	780.92497	782.166158	783.274824	784.038522	780.08717	782.727996	783.995	785.64	1.0	2.0	1.0	1.0					
788.7	7.325999999999908	trials	1.0	790.6793779999999	792.71996	793.611176	794.3983079999999	789.683124	793.1193099999999	794.31	796.026	1.0	2.0	1.0	1.0					
800.09	4.850999999999999	trials	1.0	801.9548639999999	803.065804	804.05513	804.9496839999999	800.464888	803.50575			1.0	2.0	0.0	3.0					
806.39	9.850000000000023	trials	1.0	812.72425	814.456286	815.421202	816.247162	812.1767659999999	814.863516			1.0	2.0	0.0	3.0					
819.74	9.649999999999977	trials	1.0	825.7546159999999	826.85579	827.545334	828.196626	825.008638	826.861944	828.31	829.39	1.0	1.0	1.0	1.0					
831.41	9.990999999999985	trials	1.0	833.834654	835.836536			832.8729119999999	836.279614			2.0		1.0	1.0					
841.925	5.830000000000041	trials	1.0	843.536084	845.4327519999999			841.405924	845.440474			2.0		1.0	1.0					
851.215	4.2450000000000045	trials	1.0	852.7294479999999	854.008474	854.9174859999999	855.467646	851.23516	854.3970899999999			1.0	2.0	0.0	3.0					
858.256	15.504000000000019	trials	1.0	869.519358	871.145892			868.951966	871.445524			2.0		1.0	1.0					
876.245	7.189999999999941	trials	1.0	878.589594	880.44092	881.374368	882.12294	877.71456	880.836702	882.08	883.435	1.0	2.0	1.0	1.0					
885.495	8.375	trials	1.0	888.544978	890.33118	891.1174	891.925184	887.553504	890.661014	891.825	893.87	1.0	2.0	1.0	1.0					
895.942	4.749000000000024	trials	1.0	898.009878	899.057508	899.916418	900.6944119999999	897.138944	899.418422			1.0	2.0	0.0	3.0					
903.26	11.515999999999963	trials	1.0	910.9113679999999	912.776634	913.3027079999999	913.522792	909.953098	912.7715919999999			1.0		0.0	2.0					
917.79	10.379999999999995	trials	1.0	925.701678	927.266428	928.093468	928.554704	924.694512	927.618294			1.0	2.0	0.0	3.0					
931.475	385.1049999999999	BlockDesign														1.0	77.0	113.0	50.0	90.0
931.475	10.444999999999936	trials	2.0	938.904314	940.001892	941.383388	941.926526	938.141286	940.73907			1.0	1.0	0.0	3.0					
943.77	16.505999999999972	trials	2.0	955.504956	957.059204	958.072492	958.879202	954.919746	957.535716	958.83	960.276	1.0	2.0	1.0	1.0					
962.345	11.355000000000018	trials	2.0	964.635076	966.321674	967.236842	968.1130959999999	964.108018	966.729412	967.925	969.79	1.0	2.0	1.0	1.0					
973.861	6.484000000000037	trials	2.0	975.542214	977.1314659999999	977.955752	978.878092	973.705928	977.500488	978.665	980.345	1.0	2.0	1.0	1.0					
982.369	6.925999999999931	trials	2.0	986.005144	987.5418119999999	988.39644	989.300258	985.244866	987.926572			1.0	2.0	0.0	3.0					
991.73	9.399999999999977	trials	2.0	996.2052659999999	998.201226	998.880086	999.484226	995.602702	998.421028	999.615	1001.13	1.0	1.0	1.0	1.0					
1004.16	5.440000000000055	trials	2.0	1006.241662	1007.57861			1004.6953579999999	1007.572176			1.0		0.0	2.0					
1013.61	11.030000000000086	trials	2.0	1019.439748	1021.290572	1022.32022	1023.2408439999999	1018.58808	1021.784192	1022.985	1024.64	1.0	2.0	1.0	1.0					
1027.662	7.587999999999965	trials	2.0	1029.445076	1030.83231	1033.056816	1033.8399279999999	1028.779638	1032.54228	1033.72	1035.25	1.0	2.0	1.0	1.0					
1039.285	16.595000000000027	trials	2.0	1046.81971	1048.782342	1049.648598	1050.501004	1046.03999	1049.13858	1050.3	1051.941	1.0	2.0	1.0	1.0					
1056.006	5.278999999999996	trials	2.0	1057.975198	1059.351828	1060.2189779999999	1061.004364	1055.887724	1059.741818			1.0	2.0	1.0	1.0					
1064.79	8.215000000000146	trials	2.0	1068.5151799999999	1069.86207	1070.690362	1071.539542	1067.951158	1070.17346	1071.435	1073.005	1.0	2.0	1.0	1.0					
1077.106	4.875	trials	2.0	1078.8709059999999	1079.917952	1081.086462	1081.377694	1077.53484	1079.904554			1.0		0.0	2.0					
1085.04	7.934999999999945	trials	2.0	1088.492064	1089.769286	1090.650032	1091.572316	1087.548094	1090.186532	1091.335	1092.975	1.0	2.0	1.0	1.0					
1096.035	9.044999999999845	trials	2.0	1097.779988	1099.390878			1097.160564	1099.846908			2.0		1.0	1.0					
1106.5	5.539999999999964	trials	2.0	1108.3670339999999	1110.039698	1110.633682	1110.80524	1105.086278	1110.035606			1.0		0.0	2.0					
1114.086	7.669000000000096	trials	2.0	1118.415866	1119.757096	1120.297642	1120.5443579999999	1117.509454	1119.74631			1.0		0.0	2.0					
1123.806	9.993999999999915	trials	2.0	1129.370922	1130.503476	1131.726244	1132.424632	1128.71079	1131.171176	1132.325	1133.8	1.0	1.0	1.0	1.0					
1137.866	5.189000000000078	trials	2.0	1139.49647	1141.05351	1141.891628	1142.043016	1138.011004	1141.05054			1.0		0.0	2.0					
1147.066	7.2439999999999145	trials	2.0	1149.5433	1150.988458			1148.992132	1151.996114			2.0		1.0	1.0					
1156.765	5.639999999999873	trials	2.0	1158.7158299999999	1160.352306	1161.43412	1161.656776	1157.866326	1160.34739			1.0		0.0	2.0					
1164.46	8.914999999999964	trials	2.0	1169.0509	1170.11637	1171.160278	1171.888342	1168.04247	1170.644024	1171.816	1173.375	1.0	2.0	1.0	1.0					
1176.415	6.566000000000031	trials	2.0	1178.570408	1180.425244			1177.579104	1180.855092			2.0		1.0	1.0					
1186.56	6.123000000000047	trials	2.0	1188.671322	1190.1739519999999			1187.701636	1190.558016			2.0		1.0	1.0					
1195.245	6.240000000000009	trials	2.0	1197.3957599999999	1198.977424			1196.572222	1199.3680239999999			2.0		1.0	1.0					
1204.037	9.582999999999856	trials	2.0	1206.367774	1208.086666			1205.526846	1208.13221			2.0		1.0	1.0					
1215.245	8.0150000000001	trials	2.0	1216.845882	1218.012008			1213.629944	1218.513888			2.0		1.0	1.0					
1224.04	9.480000000000018	trials	2.0	1225.841076	1227.766024	1228.4716819999999	1229.04791	1223.268922	1227.99662	1229.225	1230.31	1.0	2.0	1.0	1.0					
1234.337	5.229000000000042	trials	2.0	1236.15075	1237.568058	1238.88781	1239.076734	1233.529508	1237.560286			2.0		0.0	2.0					
1242.615	6.779999999999973	trials	2.0	1245.35131	1246.619298	1247.374588	1248.019602	1244.582572	1246.966632	1248.191	1249.395	1.0	2.0	1.0	1.0					
1253.458	5.371999999999844	trials	2.0	1255.016154	1256.772892			1253.877582	1256.766974			1.0		0.0	2.0					
1260.89	10.260999999999967	trials	2.0	1266.344054	1268.245742	1269.000736	1269.711156	1265.6976319999999	1268.53086	1269.7	1271.151	1.0	1.0	1.0	1.0					
1274.166	6.788999999999987	trials	2.0	1276.105912	1278.08311	1278.9125159999999	1279.603278	1274.754066	1278.414832	1279.485	1280.955	1.0	2.0	1.0	1.0					
1283.982	9.28300000000013	trials	2.0	1286.121606	1287.527892			1285.555282	1288.212468			2.0		1.0	1.0					
1293.915	5.710000000000036	trials	2.0	1295.636348	1297.053424			1293.271892	1297.401374			2.0		1.0	1.0					
1302.07	7.740000000000009	trials	2.0	1303.716508	1305.2979559999999	1306.452656	1307.2035	1302.556032	1305.87076	1307.191	1309.81	1.0	2.0	1.0	1.0					
1311.638	4.942000000000007	trials	2.0	1314.0818199999999	1315.350416	1316.518544	1317.151772	1313.4346659999999	1315.944708			1.0	2.0	0.0	3.0					
1319.85	6820.035	BlockDesign														1.0	114.0	636.0	90.0	50.0
1319.85	8.310000000000173	trials	3.0	1325.206658	1326.50288	1327.6319799999999	1328.16732	1324.375116	1327.050356			1.0	1.0	0.0	3.0					
1331.01	9.516000000000076	trials	3.0	1336.31638	1337.72072			1335.525334	1338.227164			2.0		1.0	1.0					
1343.06	6.230000000000018	trials	3.0	1344.946342	1346.033084	1347.136144	1347.828242	1343.71775	1346.543718	1348.02	1349.29	1.0	2.0	1.0	1.0					
1353.316	4.403999999999996	trials	3.0	1354.94226	1356.173308	1357.009284	1357.729546	1354.090344	1356.5279659999999			1.0	2.0	0.0	3.0					
1360.381	16.613999999999805	trials	3.0	1368.516936	1370.151218	1371.048684	1371.752334	1367.732162	1370.503908	1371.76	1373.191	1.0	2.0	1.0	1.0					
1377.22	6.214999999999918	trials	3.0	1378.931834	1380.933116			1377.005858	1381.2541019999999			2.0		1.0	1.0					
1385.99	6.730000000000018	trials	3.0	1387.811428	1389.64559	1390.484758	1391.244872	1386.64037	1389.975134	1391.21	1392.72	1.0	2.0	1.0	1.0					
1394.788	6.041999999999916	trials	3.0	1397.703382	1399.445466	1400.347862	1400.838234	1396.9940119999999	1399.8457			1.0	2.0	0.0	3.0					
1403.685	10.591000000000122	trials	3.0	1410.406344	1412.219			1409.55807	1412.209636			2.0		0.0	2.0					
1417.285	8.875	trials	3.0	1420.85171	1422.475746	1423.633002	1424.373578	1420.3318199999999	1423.089084	1424.445	1426.16	1.0	2.0	1.0	1.0					
1428.191	7.078999999999951	trials	3.0	1431.516674	1433.128622	1434.764092	1435.280592	1430.985588	1434.2645479999999			1.0	2.0	0.0	3.0					
1439.125	16.36500000000001	trials	3.0	1447.436644	1448.8883759999999			1446.887018	1450.060602			2.0		1.0	1.0					
1456.715	5.259999999999991	trials	3.0	1458.42186	1459.9739			1455.49797	1459.971068			1.0		0.0	2.0					
1465.035	8.339999999999918	trials	3.0	1468.976854	1470.404912	1471.287484	1471.993288	1468.136998	1470.789354	1472.16	1473.375	1.0	2.0	1.0	1.0					
1476.4	5.319999999999936	trials	3.0	1478.49322	1480.085006	1481.152102	1481.72739	1477.693056	1480.568834			1.0	2.0	0.0	3.0					
1485.481	8.759000000000015	trials	3.0	1490.856896	1492.622778	1493.657838	1494.249054	1489.982902	1493.116292			1.0	1.0	0.0	3.0					
1497.981	17.778999999999996	trials	3.0	1508.016902	1509.853462			1507.196212	1510.173944			2.0		1.0	1.0					
1516.935	5.820000000000164	trials	3.0	1518.68205	1520.1508019999999	1520.904262	1521.224406	1515.769938	1520.45783	1521.59	1522.755	1.0	2.0	1.0	1.0					
1524.545	7.490000000000009	trials	3.0	1527.118398	1528.950094	1529.9735699999999	1530.54579	1526.390608	1528.9562779999999	1530.62	1532.035	1.0	1.0	1.0	1.0					
1534.071	4.7800000000002	trials	3.0	1536.321902	1537.507788	1538.381864	1538.858242	1535.561924	1537.769268			1.0	2.0	0.0	3.0					
1542.717	9.967999999999847	trials	3.0	1548.19673	1549.622912	1550.421548	1551.102406	1547.573506	1549.9440339999999	1551.175	1552.685	1.0	1.0	1.0	1.0					
1554.75	6.789999999999964	trials	3.0	1556.672648	1558.61742	1559.495408	1560.186062	1556.008252	1558.970882	1560.125	1561.54	1.0	2.0	1.0	1.0					
1563.6	7.160000000000082	trials	3.0	1566.387166	1567.634018	1568.647978	1569.358682	1565.403352	1568.11663	1569.43	1570.76	1.0	2.0	1.0	1.0					
1573.825	5.717999999999847	trials	3.0	1576.142336	1577.443902	1578.393818	1578.55804	1574.372982	1577.436692			1.0		0.0	2.0					
1582.571	10.995000000000118	trials	3.0	1589.38752	1590.459504			1588.495988	1591.388054			2.0		1.0	1.0					
1596.115	6.629999999999882	trials	3.0	1598.222408	1599.620524	1600.528292	1601.284258	1597.261632	1599.990076	1601.255	1602.745	1.0	2.0	1.0	1.0					
1604.806	10.668999999999869	trials	3.0	1607.50742	1609.132418			1606.986908	1610.094946			2.0		1.0	1.0					
1615.675	5.345000000000027	trials	3.0	1617.2324899999999	1619.0194119999999	1620.386448	1620.619984	1615.483674	1619.01485			1.0		0.0	2.0					
1624.027	8.01299999999992	trials	3.0	1629.267728	1630.613114	1631.593826	1632.0473259999999	1628.292436	1631.111976			1.0	2.0	0.0	3.0					
1635.925	11.539999999999964	trials	3.0	1642.932606	1644.387732	1645.22845	1645.998468	1642.025862	1644.72056	1645.981	1647.465	1.0	1.0	1.0	1.0					
1651.536	5.990000000000009	trials	3.0	1653.123196	1654.2410399999999	1655.121866	1655.918798	1652.473154	1654.603262	1655.981	1657.526	1.0	1.0	1.0	1.0					
1661.58	6.901000000000067	trials	3.0	1664.27241	1665.349188	1666.480228	1667.198166	1663.4202	1665.798518	1667.125	1668.481	1.0	1.0	1.0	1.0					
1670.546	7.739000000000033	trials	3.0	1673.553418	1674.948892	1675.747726	1676.5245	1672.663456	1675.143796	1676.54	1678.285	1.0	1.0	1.0	1.0					
1680.33	9.991999999999962	trials	3.0	1682.494566	1684.120852			1681.768606	1684.63068			2.0		1.0	1.0					
1691.26	6.420000000000073	trials	3.0	1692.878152	1694.536268	1695.31742	1695.978136	1690.33313	1694.75378	1695.925	1697.68	1.0	1.0	1.0	1.0					
1700.74	9.509999999999991	trials	3.0	1702.402638	1703.57164			1701.152892	1704.648842			2.0		1.0	1.0					
1710.385	4.529999999999973	trials	3.0	1712.298242	1713.659876	1714.439264	1714.92408	1710.258044	1713.898906			1.0	2.0	0.0	3.0					
1718.76	13.200000000000045	trials	3.0	1727.718636	1728.863874			1726.83715	1729.49199			2.0		1.0	1.0					
1735.466	6.679000000000087	trials	3.0	1737.3333499999999	1738.804664	1739.767566	1740.448154	1735.7187979999999	1739.169344	1740.495	1742.145	1.0	1.0	1.0	1.0					
1744.245	4.980000000000018	trials	3.0	1746.218204	1747.501792	1748.64686	1749.236592	1745.595432	1748.010812			1.0	1.0	0.0	3.0					
1750.985	15.0150000000001	trials	3.0	1757.902852	1759.2590519999999			1757.15717	1760.560702			2.0		1.0	1.0					
1766.345	4.269999999999982	trials	3.0	1768.039622	1769.12996	1770.154198	1770.62704	1766.01186	1769.50495			1.0	2.0	0.0	3.0					
1772.49	13.049999999999955	trials	3.0	1780.532666	1782.230848	1783.261876	1784.068846	1780.02423	1782.647786	1784.055	1785.54	1.0	1.0	1.0	1.0					
1789.568	9.192000000000007	trials	3.0	1793.438058	1795.1595419999999	1796.197388	1796.912912	1792.855282	1795.592822	1796.825	1798.76	1.0	1.0	1.0	1.0					
1800.822	7.413000000000011	trials	3.0	1803.588868	1805.175836	1806.128766	1806.836092	1803.059112	1805.574988	1806.82	1808.235	1.0	2.0	1.0	1.0					
1811.305	6.554999999999836	trials	3.0	1813.15796	1814.2760739999999	1815.497024	1816.246532	1811.970732	1814.9075599999999	1816.29	1817.86	1.0	2.0	1.0	1.0					
1819.881	7.328999999999951	trials	3.0	1821.713286	1823.738192	1824.830574	1825.678584	1821.169024	1824.154342	1825.52	1827.21	1.0	2.0	1.0	1.0					
1831.155	5.115000000000009	trials	3.0	1832.75848	1834.428068	1835.644702	1836.278614	1831.428428	1835.01282			1.0	2.0	0.0	3.0					
1839.011	12.70900000000006	trials	3.0	1846.559482	1847.960304	1849.478724	1850.313922	1846.01241	1848.847468	1850.25	1851.72	1.0	1.0	1.0	1.0					
1853.74	11.411000000000058	trials	3.0	1860.1978159999999	1861.569772	1862.69138	1863.42146	1859.390274	1862.103576	1863.395	1865.151	1.0	1.0	1.0	1.0					
1869.17	5.3599999999999	trials	3.0	1871.218832	1872.733924	1874.231982	1874.513676	1869.330176	1873.1125339999999			1.0	2.0	0.0	3.0					
1877.586	8.419000000000096	trials	3.0	1881.473554	1883.25047			1880.632352	1883.661944			2.0		1.0	1.0					
1889.585	10.589999999999918	trials	3.0	1891.185022	1893.1499079999999	1893.866022	1894.60684	1889.941268	1893.259118	1894.89	1896.33	1.0	1.0	1.0	1.0					
1900.365	9.940000000000055	trials	3.0	1902.329818	1904.375126			1900.184242	1904.601988			2.0		1.0	1.0					
1911.151	5.416999999999916	trials	3.0	1912.688258	1914.556634			1910.313844	1914.55349			2.0		0.0	2.0					
1919.625	7.710000000000036	trials	3.0	1922.713704	1923.78196			1922.077832	1924.8453299999999			2.0		1.0	1.0					
1929.885	5.05600000000004	trials	3.0	1931.87408	1932.95971	1934.454608	1934.94869	1930.887242	1933.8258			1.0	2.0	0.0	3.0					
1938.831	10.299000000000206	trials	3.0	1944.318238	1945.752776	1946.771052	1947.510848	1943.564344	1946.202896	1947.43	1949.13	1.0	1.0	1.0	1.0					
1951.2	6.7849999999998545	trials	3.0	1953.388604	1955.180692			1952.410684	1955.827718			2.0		1.0	1.0					
1960.503	4.872000000000071	trials	3.0	1962.379246	1964.006644	1964.8818059999999	1965.38491	1960.964736	1964.395328			1.0	2.0	0.0	3.0					
1968.295	13.804999999999836	trials	3.0	1972.948372	1974.348958	1975.77009	1976.46511	1972.329044	1975.206524	1976.481	1978.26	1.0	1.0	1.0	1.0					
1982.345	6.320999999999913	trials	3.0	1984.1486439999999	1985.822318			1982.112238	1986.35591			2.0		1.0	1.0					
1991.2	10.240999999999985	trials	3.0	1993.108966	1994.274916	1996.21475	1996.93522	1992.0596639999999	1995.438032	1996.81	1998.72	1.0	1.0	1.0	1.0					
2002.742	4.498000000000047	trials	3.0	2004.540452	2005.847296	2006.9357499999999	2007.216346	2001.453196	2006.109632			1.0	2.0	0.0	3.0					
2011.29	9.5	trials	3.0	2015.309082	2017.330746	2018.43049	2019.179054	2014.617628	2017.790362	2019.185	2020.79	1.0	1.0	1.0	1.0					
2023.856	6.56899999999996	trials	3.0	2025.85387	2027.3908079999999	2028.261606	2028.994354	2024.397288	2027.7182	2028.905	2030.425	1.0	2.0	1.0	1.0					
2033.445	5.810000000000173	trials	3.0	2035.39891	2037.19565	2038.22676	2038.292144	2034.248648	2037.188842			1.0		0.0	2.0					
2042.303	9.637999999999693	trials	3.0	2046.8089699999998	2048.5460460000004	2049.877438	2050.580432	2045.87594	2049.2973460000003	2050.635	2051.941	1.0	2.0	1.0	1.0					
2053.96	7.639999999999873	trials	3.0	2057.099262	2058.38518	2059.4893880000004	2060.2096500000002	2056.3936860000003	2058.900024	2060.322	2061.6	1.0	2.0	1.0	1.0					
2063.65	10.665999999999713	trials	3.0	2066.274452	2067.589992	2068.9122140000004	2069.621666	2065.351406	2068.2037280000004	2069.566	2071.28	1.0	1.0	1.0	1.0					
2075.3	5.419999999999618	trials	3.0	2077.0240040000003	2078.721778			2074.323374	2078.7174240000004			1.0		0.0	2.0					
2083.731	7.223999999999705	trials	3.0	2087.1586380000003	2088.711448	2090.324696	2090.966676	2086.5618280000003	2089.760838			1.0	2.0	0.0	3.0					
2094.706	21.333999999999833	trials	3.0	2110.89435	2112.860952	2113.79683	2114.484566	2110.1797800000004	2113.233948	2114.61	2116.04	1.0	1.0	1.0	1.0					
2119.106	6.323999999999614	trials	3.0	2121.1446480000004	2122.4344300000002	2123.468304	2124.071234	2119.540226	2122.9355060000003	2124.185	2125.43	1.0	2.0	1.0	1.0					
2128.54	5.610999999999876	trials	3.0	2130.44401	2132.1577300000004			2129.313122	2132.146924			1.0		0.0	2.0					
2136.162	7.108000000000175	trials	3.0	2139.9346880000003	2141.850112	2142.605606	2143.2834040000002	2139.2957880000004	2142.15922			1.0	2.0	0.0	3.0					
2144.955	10.345000000000255	trials	3.0	2150.984226	2152.4930440000003			2150.3286120000002	2153.0188700000003			2.0		1.0	1.0					
2157.77	8.865000000000236	trials	3.0	2161.5292640000002	2163.5526240000004	2164.4770500000004	2165.1683300000004	2160.5354140000004	2163.9924720000004	2165.225	2166.635	1.0	1.0	1.0	1.0					
2168.69	7.315000000000055	trials	3.0	2171.0647740000004	2172.141422			2170.233568	2173.701946			2.0		1.0	1.0					
2179.475	5.050999999999931	trials	3.0	2181.370952	2182.80683	2183.835508	2184.5348200000003	2180.2145840000003	2183.2567320000003			1.0	2.0	0.0	3.0					
2187.162	10.858000000000175	trials	3.0	2191.175048	2192.3740340000004			2190.302818	2192.79394			2.0		1.0	1.0					
2199.47	11.620000000000346	trials	3.0	2207.9495800000004	2209.621674	2210.579702	2211.1011740000004	2207.0874080000003	2210.0295060000003			1.0	2.0	0.0	3.0					
2212.985	15.299999999999727	trials	3.0	2222.8713340000004	2224.611226	2225.990792	2226.6554880000003	2222.296562	2225.425968	2226.645	2228.285	1.0	1.0	1.0	1.0					
2230.336	5.084000000000287	trials	3.0	2232.274856	2233.555056	2234.827968	2235.431556	2231.565786	2234.2835520000003			1.0	2.0	0.0	3.0					
2238.161	7.8539999999998145	trials	3.0	2242.8246160000003	2243.921846	2245.465356	2246.025868	2242.2411960000004	2244.880892			1.0	1.0	0.0	3.0					
2247.831	17.484999999999673	trials	3.0	2262.2801240000003	2263.267138			2261.767412	2263.260538			1.0		0.0	2.0					
2269.325	12.820000000000164	trials	3.0	2277.510428	2278.5615000000003	2279.699806	2280.3899760000004	2276.564044	2279.148598	2280.481	2282.145	1.0	1.0	1.0	1.0					
2284.165	7.4650000000001455	trials	3.0	2286.779542	2288.7717380000004			2286.056582	2289.3957960000002			2.0		1.0	1.0					
2295.091	6.394000000000233	trials	3.0	2296.996654	2298.8899220000003			2295.085042	2299.210974			2.0		1.0	1.0					
2304.97	12.88000000000011	trials	3.0	2312.920598	2314.465748	2315.7277520000002	2316.3712100000002	2312.191466	2315.058798	2316.531	2317.85	1.0	2.0	1.0	1.0					
2320.9	5.119999999999891	trials	3.0	2322.9168000000004	2324.36137	2325.3599400000003	2326.0315640000003	2321.71155	2324.84069			1.0	2.0	0.0	3.0					
2329.69	12.585999999999785	trials	3.0	2336.5350580000004	2338.4028420000004	2339.62521	2340.414286	2335.842132	2339.1014480000003	2340.465	2342.276	1.0	1.0	1.0	1.0					
2345.391	9.503999999999905	trials	3.0	2347.21556	2348.552122			2346.2722360000002	2349.3037120000004			2.0		1.0	1.0					
2355.126	7.388999999999669	trials	3.0	2357.06064	2358.7582740000003	2359.827302	2360.714436	2354.90576	2359.250914	2360.665	2362.515	1.0	1.0	1.0	1.0					
2364.555	7.460000000000036	trials	3.0	2367.54223	2369.2224060000003	2370.047164	2370.701622	2366.7241980000003	2369.523834	2370.93	2372.015	1.0	2.0	1.0	1.0					
2375.04	6.875	trials	3.0	2377.4052880000004	2378.55611	2379.6539780000003	2380.452784	2376.5085120000003	2379.1263240000003	2380.34	2381.915	1.0	2.0	1.0	1.0					
2383.938	7.092000000000098	trials	3.0	2386.485528	2387.7319260000004	2388.797378	2389.563778	2385.6228720000004	2388.22551	2389.535	2391.03	1.0	2.0	1.0	1.0					
2393.05	8.654999999999745	trials	3.0	2395.2851220000002	2396.646686	2399.536574	2400.3198460000003	2394.6833960000004	2398.970694	2400.255	2401.705	1.0	2.0	1.0	1.0					
2405.77	6.119999999999891	trials	3.0	2407.390468	2408.4725780000003	2409.613068	2410.3822400000004	2406.03591	2408.9869780000004	2410.265	2411.89	1.0	2.0	1.0	1.0					
2415.948	9.178000000000338	trials	3.0	2417.740408	2419.168768			2416.446624	2420.022312			2.0		1.0	1.0					
2426.805	6.190000000000055	trials	3.0	2428.5620080000003	2429.682428	2430.700162	2431.384746	2425.1369980000004	2430.047598	2431.441	2432.995	1.0	2.0	1.0	1.0					
2436.932	6.713000000000193	trials	3.0	2438.74019	2440.555248	2441.395496	2442.080758	2436.924614	2440.8197440000004	2442.13	2443.645	1.0	1.0	1.0	1.0					
2445.709	4.976000000000113	trials	3.0	2447.6152540000003	2448.834024	2449.7801640000002	2450.6962200000003	2446.5564900000004	2449.2094420000003			1.0	2.0	0.0	3.0					
2454.12	10.224999999999909	trials	3.0	2459.2073400000004	2461.267452	2462.3733780000002	2463.129702	2458.6241120000004	2461.6881780000003	2463.231	2464.345	1.0	1.0	1.0	1.0					
2467.365	7.244000000000142	trials	3.0	2469.315868	2471.375824	2471.9323080000004	2472.603376	2467.8294720000004	2471.307608	2472.64	2474.609	1.0	1.0	1.0	1.0					
2477.526	4.725000000000364	trials	3.0	2479.2613180000003	2480.253964	2481.087606	2481.185816	2478.2743880000003	2480.247566			1.0		0.0	2.0					
2486.31	13.289999999999964	trials	3.0	2491.0061440000004	2492.357418			2490.15549	2493.352992			2.0		1.0	1.0					
2499.931	6.123999999999796	trials	3.0	2501.895762	2503.5864540000002	2504.457906	2504.736046	2499.61313	2503.9266460000003	2505.13	2506.055	1.0	2.0	1.0	1.0					
2509.107	5.38799999999992	trials	3.0	2511.006656	2512.762916	2513.82733	2514.506436	2510.216484	2513.062586			1.0	2.0	0.0	3.0					
2516.151	9.570000000000164	trials	3.0	2521.4710480000003	2522.874482	2524.1927760000003	2524.6460380000003	2520.5868100000002	2523.592134	2524.895	2525.721	1.0	1.0	1.0	1.0					
2527.745	6.670000000000073	trials	3.0	2530.3562060000004	2532.1513280000004	2533.706602	2534.4289980000003	2529.6266600000004	2533.0177080000003			1.0	2.0	0.0	3.0					
2537.025	11.114999999999782	trials	3.0	2543.851412	2545.336186			2543.121324	2545.962324			2.0		1.0	1.0					
2550.717	6.7029999999999745	trials	3.0	2552.542546	2553.7180780000003	2554.9412500000003	2555.6830240000004	2552.005352	2554.2832540000004	2555.765	2557.42	1.0	1.0	1.0	1.0					
2560.48	7.539999999999964	trials	3.0	2562.7166100000004	2563.972776	2565.072622	2566.0437960000004	2561.8546060000003	2564.448174	2565.83	2568.02	1.0	1.0	1.0	1.0					
2570.78	6.984999999999673	trials	3.0	2572.7564300000004	2574.423208	2575.7372320000004	2576.292526	2571.779492	2575.008808	2576.5	2577.765	1.0	2.0	1.0	1.0					
2579.826	9.204000000000178	trials	3.0	2583.85617	2585.7876420000002	2586.7919840000004	2587.564146	2583.2635440000004	2586.21446	2587.43	2589.03	1.0	2.0	1.0	1.0					
2593.055	8.850000000000364	trials	3.0	2599.006534	2600.359042	2601.2952520000003	2601.918074	2598.4778680000004	2600.7979920000002			1.0	2.0	0.0	3.0					
2605.665	7.441000000000258	trials	3.0	2610.0470020000002	2611.5982900000004	2612.6734420000003	2613.1217340000003	2609.1972640000004	2612.043916			1.0	1.0	0.0	3.0					
2617.025	24.554999999999836	trials	3.0	2621.6680880000004	2623.2879660000003	2634.8531860000003	2635.6559620000003	2620.934134	2623.8776460000004	2635.655	2637.655	1.0	1.0	1.0	1.0					
2641.719	8.971999999999753	trials	3.0	2643.377218	2644.6155280000003			2641.5913560000004	2645.1462220000003			2.0		1.0	1.0					
2651.891	4.438999999999851	trials	3.0	2653.561602	2654.27829			2650.704074	2654.2715860000003			1.0		0.0	2.0					
2659.345	8.860000000000127	trials	3.0	2663.6065740000004	2665.4597000000003			2662.936548	2665.926154			2.0		1.0	1.0					
2670.77	5.83600000000024	trials	3.0	2673.521792	2674.588862	2675.9773800000003	2676.6192060000003	2672.856268	2675.3773920000003			1.0	2.0	0.0	3.0					
2679.326	16.123999999999796	trials	3.0	2690.8565700000004	2692.148598			2690.2555380000003	2692.9582240000004			2.0		1.0	1.0					
2698.011	7.454000000000178	trials	3.0	2700.052458	2701.131592	2703.07987	2703.8986760000003	2699.3639340000004	2702.2872260000004	2703.88	2705.465	1.0	1.0	1.0	1.0					
2707.536	7.253999999999905	trials	3.0	2709.727402	2711.0040160000003	2712.07002	2712.9066580000003	2708.8529040000003	2711.526918	2712.845	2714.79	1.0	1.0	1.0	1.0					
2716.886	7.595000000000255	trials	3.0	2719.691776	2720.8878600000003			2718.9878580000004	2722.09808			2.0		1.0	1.0					
2728.961	5.524000000000342	trials	3.0	2730.87768	2732.8468220000004	2733.8244940000004	2734.501118	2730.19686	2733.2386260000003			1.0	1.0	0.0	3.0					
2737.201	13.293999999999869	trials	3.0	2747.2125060000003	2748.863486	2750.0093880000004	2750.508878	2746.4916240000002	2749.456642			1.0	2.0	0.0	3.0					
2752.356	24.973999999999705	trials	3.0	2768.382552	2770.089342	2771.2078800000004	2771.8936700000004	2767.582584	2770.623556	2771.905	2773.49	1.0	1.0	1.0	1.0					
2777.559	4.5919999999996435	trials	3.0	2779.576758	2780.711534	2781.72478	2782.164428	2777.34607	2781.1951400000003			1.0	2.0	0.0	3.0					
2785.081	12.275000000000091	trials	3.0	2793.257508	2794.7689200000004			2792.519088	2795.13909			2.0		1.0	1.0					
2800.865	6.355000000000018	trials	3.0	2802.887568	2804.1296820000002			2801.894936	2804.9102820000003			2.0		1.0	1.0					
2809.691	6.971000000000004	trials	3.0	2812.062304	2813.33552			2811.265534	2814.20379	2816.25	2816.662	2.0		1.0	1.0					
2818.725	8.684999999999945	trials	3.0	2821.3124620000003	2822.429042	2825.341968	2825.906344	2820.621336	2824.6669880000004	2826.122	2827.41	1.0	1.0	1.0	1.0					
2830.443	10.038000000000011	trials	3.0	2834.4923200000003	2835.8756820000003	2837.110834	2837.782336	2833.930448	2836.559428	2837.905	2840.481	1.0	2.0	1.0	1.0					
2841.165	9.059999999999945	trials	3.0	2846.213122	2848.229268	2848.834996	2849.0092980000004	2845.496998	2848.2190180000002			1.0		0.0	2.0					
2854.271	6.629999999999654	trials	3.0	2856.39737	2858.3572480000003			2855.4699680000003	2858.680792			2.0		1.0	1.0					
2865.432	4.958000000000084	trials	3.0	2867.3429180000003	2868.5023960000003	2869.844294	2870.405388	2866.1130380000004	2869.296298			1.0	2.0	0.0	3.0					
2873.155	13.669999999999618	trials	3.0	2881.302974	2883.1527640000004	2884.278604	2884.9078000000004	2880.55846	2883.5768120000002	2884.87	2886.825	1.0	1.0	1.0	1.0					
2890.845	4.80600000000004	trials	3.0	2892.463814	2893.831614	2894.9451740000004	2895.6650900000004	2891.190128	2894.3387660000003			1.0	2.0	0.0	3.0					
2899.261	11.470000000000255	trials	3.0	2905.9025460000003	2907.0590420000003	2908.20751	2909.004492	2905.23619	2907.644784	2908.941	2910.731	1.0	1.0	1.0	1.0					
2913.75	8.114999999999782	trials	3.0	2916.097956	2917.6177040000002	2918.9134160000003	2920.022664	2915.564906	2918.3555720000004	2919.595	2921.865	1.0	1.0	1.0	1.0					
2924.9	6.940000000000055	trials	3.0	2926.572696	2928.2379480000004	2929.085422	2929.83572	2925.267936	2928.528678	2929.87	2931.84	1.0	1.0	1.0	1.0					
2934.915	5.139999999999873	trials	3.0	2937.0132040000003	2938.3538200000003	2939.3058180000003	2940.07133	2936.15461	2938.6766540000003			1.0	1.0	0.0	3.0					
2941.625	10.735000000000127	trials	3.0	2946.9683560000003	2948.7345100000002	2950.739856	2951.168798	2946.3854020000003	2950.109796	2951.515	2952.36	1.0	2.0	1.0	1.0					
2954.421	6.364000000000033	trials	3.0	2957.5844420000003	2958.730046			2956.947576	2958.7178240000003			1.0		0.0	2.0					
2962.835	9.009999999999764	trials	3.0	2966.8487720000003	2968.5879400000003	2969.652262	2970.3690800000004	2966.0476160000003	2969.0691460000003	2970.31	2971.845	1.0	2.0	1.0	1.0					
2974.91	8.00500000000011	trials	3.0	2977.80341	2979.384986	2980.546036	2981.5568240000002	2976.8387660000003	2979.984656	2981.31	2982.915	1.0	2.0	1.0	1.0					
2986.982	7.208999999999833	trials	3.0	2988.753846	2990.5901780000004	2991.671288	2992.50919	2987.5952060000004	2990.995788	2992.606	2994.191	1.0	1.0	1.0	1.0					
2998.26	6.279999999999745	trials	3.0	2999.8534480000003	3001.5403020000003	3002.278072	3002.914192	2998.688864	3001.614802	3003.0	3004.54	1.0	1.0	1.0	1.0					
3006.63	5.839999999999691	trials	3.0	3009.55845	3011.066268	3011.823284	3012.4833320000002	3008.57927	3011.308006			1.0	2.0	0.0	3.0					
3014.185	13.784999999999854	trials	3.0	3022.9880740000003	3024.10501	3025.2207900000003	3026.123286	3022.3942460000003	3024.6585520000003	3025.93	3027.97	1.0	1.0	1.0	1.0					
3030.03	11.2199999999998	trials	3.0	3032.69353	3034.684802			3032.1012640000004	3035.120296			2.0		1.0	1.0					
3041.816	9.184000000000196	trials	3.0	3043.80886	3045.2046960000002			3041.2669520000004	3045.4485160000004			2.0		1.0	1.0					
3051.035	12.125	trials	3.0	3052.71425	3054.1647000000003	3057.118856	3057.8507160000004	3051.0162	3054.541596	3057.79	3059.53	1.0	1.0	1.0	1.0					
3063.55	5.954999999999927	trials	3.0	3065.143566	3066.5952380000003	3067.5245480000003	3068.189926	3063.174476	3066.890808	3068.435	3069.505	1.0	2.0	1.0	1.0					
3072.54	5.26299999999992	trials	3.0	3074.48345	3075.7896400000004	3076.6140640000003	3076.8883400000004	3073.2175620000003	3075.780082			1.0		0.0	2.0					
3081.81	6.7960000000002765	trials	3.0	3084.828524	3086.752902	3087.9370200000003	3088.624526	3084.23394	3087.367388			1.0	2.0	0.0	3.0					
3090.215	14.569999999999709	trials	3.0	3099.254144	3101.182146	3102.0523500000004	3102.8509080000003	3098.5395980000003	3101.474008	3102.685	3104.785	1.0	1.0	1.0	1.0					
3107.896	29.794999999999618	trials	3.0	3133.3790000000004	3134.5985100000003			3132.4223380000003	3135.474322			2.0		1.0	1.0					
3140.16	5.045000000000073	trials	3.0	3142.1789740000004	3143.434548	3144.5496500000004	3145.2199480000004	3140.85523	3143.785862			1.0	1.0	0.0	3.0					
3147.915	6.8650000000002365	trials	3.0	3151.592544	3153.349298	3154.203664	3154.7976500000004	3150.969026	3153.6754			1.0	2.0	0.0	3.0					
3158.566	9.75400000000036	trials	3.0	3162.97924	3164.5107540000004	3165.807584	3166.6280580000002	3162.198808	3165.0869000000002	3166.705	3168.32	1.0	1.0	1.0	1.0					
3170.39	7.724999999999909	trials	3.0	3173.349396	3174.877324	3175.954408	3176.7441860000004	3172.348084	3175.3207260000004	3176.725	3178.115	1.0	2.0	1.0	1.0					
3180.135	7.629999999999654	trials	3.0	3182.8193060000003	3183.926264	3185.2481040000002	3186.255626	3182.212332	3184.7461380000004	3185.91	3187.765	1.0	2.0	1.0	1.0					
3190.805	5.940000000000055	trials	3.0	3192.7885800000004	3194.670846	3195.972506	3196.762396	3191.8550960000002	3195.3882540000004			1.0	2.0	0.0	3.0					
3198.285	14.890000000000327	trials	3.0	3207.920798	3209.7907280000004	3210.485778	3211.285288	3207.000812	3209.86981	3211.191	3213.175	1.0	1.0	1.0	1.0					
3215.243	8.14200000000028	trials	3.0	3217.8357300000002	3219.7660760000003	3220.7087460000002	3221.409136	3217.2255720000003	3220.2101300000004	3221.385	3223.385	1.0	1.0	1.0	1.0					
3226.405	10.809999999999945	trials	3.0	3228.4438560000003	3229.7744700000003	3231.0907020000004	3232.1654940000003	3227.2294500000003	3230.302948	3231.725	3233.785	1.0	1.0	1.0	1.0					
3237.845	9.894999999999982	trials	3.0	3239.670574	3241.1250320000004			3237.2313200000003	3241.2705180000003	3243.151	3243.365	2.0		1.0	1.0					
3247.895	5.360999999999876	trials	3.0	3249.710536	3251.2615440000004			3247.7546220000004	3251.257192			1.0		0.0	2.0					
3255.316	11.689000000000306	trials	3.0	3263.844402	3264.9857660000002	3266.493414	3267.021184	3263.20287	3265.9432220000003			1.0	2.0	0.0	3.0					
3268.853	31.686999999999898	trials	3.0	3290.314486	3292.182302	3293.857272	3294.702478	3289.691726	3293.2730300000003	3294.51	3296.583	1.0	1.0	1.0	1.0					
3300.642	5.318000000000211	trials	3.0	3302.4300980000003	3304.3451120000004	3305.2753740000003	3305.975738	3300.557458	3304.3572980000004			1.0	1.0	0.0	3.0					
3309.641	6.8849999999997635	trials	3.0	3313.3559960000002	3314.3713380000004	3315.870194	3316.5422360000002	3312.8330720000004	3315.255486			1.0	2.0	0.0	3.0					
3319.231	16.83499999999958	trials	3.0	3330.0948200000003	3331.301492	3333.8672180000003	3334.7503800000004	3329.423452	3333.145504	3334.495	3336.066	1.0	1.0	1.0	1.0					
3339.106	10.628999999999905	trials	3.0	3341.2846480000003	3343.2872380000003			3340.6179540000003	3343.682092			2.0		1.0	1.0					
3350.405	5.550999999999931	trials	3.0	3352.0745660000002	3353.4014660000003			3349.7535780000003	3353.804258			2.0		1.0	1.0					
3358.51	6.930999999999585	trials	3.0	3360.4698040000003	3362.5318020000004	3363.1381260000003	3363.8907860000004	3359.303092	3362.510834	3363.781	3365.441	1.0	1.0	1.0	1.0					
3368.49	9.970000000000255	trials	3.0	3371.205226	3372.69057			3370.296722	3372.9988740000003			2.0		1.0	1.0					
3378.776	8.994000000000142	trials	3.0	3380.410828	3382.2698680000003			3378.4785800000004	3382.54431			2.0		1.0	1.0					
3388.316	6.814000000000306	trials	3.0	3390.079532	3391.361362	3392.6792560000004	3393.48446	3387.7845260000004	3391.9435860000003	3393.31	3395.13	1.0	1.0	1.0	1.0					
3397.195	6.824999999999818	trials	3.0	3399.5598200000004	3401.216882			3398.6586420000003	3401.7376360000003			2.0		1.0	1.0					
3406.495	10.079999999999927	trials	3.0	3408.4498160000003	3409.56662	3410.7182000000003	3411.353398	3407.117982	3410.0869300000004	3411.51	3412.675	1.0	2.0	1.0	1.0					
3416.741	7.423999999999978	trials	3.0	3418.54662	3420.431982	3421.5686640000004	3422.3478720000003	3416.590748	3420.9161080000003	3422.25	3424.165	1.0	1.0	1.0	1.0					
3427.231	9.778999999999996	trials	3.0	3429.171468	3430.966926	3431.860392	3432.590482	3427.3309160000003	3431.3425620000003	3432.625	3434.17	1.0	1.0	1.0	1.0					
3437.185	5.476000000000113	trials	3.0	3439.08637	3440.67108			3437.024942	3440.659368			1.0		0.0	2.0					
3446.678	6.13799999999992	trials	3.0	3448.3367340000004	3449.7699000000002	3452.321244	3452.831384	3447.50108	3451.46909			1.0	2.0	0.0	3.0					
3455.635	14.209999999999582	trials	3.0	3463.9714400000003	3465.3870420000003	3467.181496	3468.016298	3463.194876	3466.4746560000003	3467.84	3469.845	1.0	1.0	1.0	1.0					
3471.895	11.574999999999818	trials	3.0	3474.5066140000004	3475.75714			3473.95256	3477.91327			2.0		1.0	1.0					
3483.555	10.38000000000011	trials	3.0	3485.2798940000002	3486.362868	3488.358224	3489.165246	3483.489504	3487.4828820000002	3489.095	3490.865	1.0	1.0	1.0	1.0					
3494.926	4.523999999999887	trials	3.0	3496.6717860000003	3497.8267920000003	3498.856342	3499.4687940000003	3493.9527300000004	3498.132974			1.0	2.0	0.0	3.0					
3503.162	11.563000000000102	trials	3.0	3509.1883860000003	3511.209784	3511.881764	3512.82468	3508.417714	3511.242364	3512.655	3514.725	1.0	1.0	1.0	1.0					
3517.795	7.289999999999964	trials	3.0	3519.4401820000003	3521.435656	3522.4538900000002	3523.3879260000003	3518.312312	3521.810132	3523.255	3525.085	1.0	1.0	1.0	1.0					
3528.154	7.596000000000004	trials	3.0	3529.850906	3531.820338	3533.12185	3533.951194	3528.907254	3532.294844	3534.026	3535.75	1.0	1.0	1.0	1.0					
3537.81	6.679999999999836	trials	3.0	3539.8506180000004	3541.497292			3539.311516	3542.2869320000004			2.0		1.0	1.0					
3547.06	5.235000000000127	trials	3.0	3548.664948	3549.883314	3551.54235	3552.310386	3547.700358	3550.505404			1.0	1.0	0.0	3.0					
3553.84	12.440000000000055	trials	3.0	3560.635764	3561.9921560000003	3564.0780900000004	3564.804672	3560.124996	3563.4770040000003	3564.865	3566.28	1.0	2.0	1.0	1.0					
3568.303	11.811999999999898	trials	3.0	3576.261074	3577.581584	3578.2334060000003	3578.83201	3575.34168	3577.8229180000003	3578.985	3580.115	1.0	2.0	1.0	1.0					
3584.14	5.095000000000255	trials	3.0	3586.0258360000003	3587.103128	3588.6152960000004	3589.2551120000003	3585.2229300000004	3588.0083440000003			1.0	2.0	0.0	3.0					
3592.936	8.56899999999996	trials	3.0	3596.985854	3598.962218			3596.2603820000004	3599.216636			2.0		1.0	1.0					
3606.066	10.784000000000106	trials	3.0	3612.3256380000003	3613.941928	3615.096942	3615.5586740000003	3611.636524	3614.4971480000004	3615.915	3616.85	1.0	1.0	1.0	1.0					
3618.866	8.028999999999996	trials	3.0	3622.0510000000004	3623.4836880000003	3624.572728	3625.328074	3621.1178720000003	3623.8252620000003	3625.441	3626.895	1.0	1.0	1.0	1.0					
3629.981	9.473999999999705	trials	3.0	3631.811416	3633.1647120000002			3630.580206	3633.678848			2.0		1.0	1.0					
3639.695	5.799999999999727	trials	3.0	3641.4626040000003	3642.754116			3639.4737920000002	3643.3447720000004			2.0		1.0	1.0					
3648.055	9.655999999999949	trials	3.0	3654.785652	3656.437652	3657.3974420000004	3657.728704	3654.0617540000003	3656.897308			1.0	2.0	0.0	3.0					
3661.711	10.264000000000124	trials	3.0	3663.8707120000004	3664.9641960000004	3665.938332	3666.7127560000004	3663.026206	3665.3512480000004	3666.74	3668.72	1.0	1.0	1.0	1.0					
3672.68	9.434999999999945	trials	3.0	3674.6315680000002	3675.902922			3671.993554	3676.586376			2.0		1.0	1.0					
3683.211	5.22400000000016	trials	3.0	3685.096566	3686.388648	3687.2955260000003	3687.5516000000002	3682.1328820000003	3686.3835160000003			1.0		0.0	2.0					
3692.485	9.784999999999854	trials	3.0	3696.6161140000004	3698.417754	3700.1636540000004	3700.850054	3696.0575740000004	3699.5839800000003	3700.95	3702.27	1.0	2.0	1.0	1.0					
3705.331	7.373999999999796	trials	3.0	3708.120664	3709.707534			3707.285866	3710.660846			2.0		1.0	1.0					
3716.235	10.5	trials	3.0	3717.9060520000003	3719.8290100000004	3720.735062	3721.537452	3716.490474	3720.0816480000003	3721.34	3723.24	1.0	1.0	1.0	1.0					
3727.3	9.210000000000036	trials	3.0	3728.85149	3730.2924820000003			3726.752782	3730.9316860000004			2.0		1.0	1.0					
3737.59	6.924999999999727	trials	3.0	3739.306642	3740.7780300000004	3741.7194900000004	3742.6544740000004	3736.528834	3741.1021560000004	3742.41	3744.515	1.0	1.0	1.0	1.0					
3747.545	7.429999999999836	trials	3.0	3749.2911660000004	3750.68847	3752.3178940000003	3753.133366	3748.1573980000003	3751.5428960000004	3752.965	3754.975	1.0	1.0	1.0	1.0					
3756.995	8.63000000000011	trials	3.0	3759.0263760000003	3760.6869020000004	3763.0506400000004	3763.7301660000003	3758.483576	3762.417382	3763.795	3765.625	1.0	1.0	1.0	1.0					
3768.642	9.577999999999975	trials	3.0	3770.6214320000004	3771.7331440000003			3769.215974	3772.5799340000003			2.0		1.0	1.0					
3779.275	6.3449999999998	trials	3.0	3781.236494	3783.0283440000003			3778.2406960000003	3783.328692			2.0		1.0	1.0					
3788.125	6.119999999999891	trials	3.0	3789.9476900000004	3791.468538	3793.576	3794.266032	3788.830582	3792.938044			1.0	2.0	0.0	3.0					
3796.905	8.459999999999582	trials	3.0	3800.51179	3802.2881300000004	3802.904722	3803.683954	3799.717806	3802.3280720000002	3803.57	3805.365	1.0	1.0	1.0	1.0					
3808.385	7.430999999999585	trials	3.0	3810.236514	3811.972804	3812.7709680000003	3813.6766580000003	3808.9911540000003	3812.239168	3813.46	3815.816	1.0	1.0	1.0	1.0					
3817.845	7.725000000000364	trials	3.0	3820.386988	3822.0639300000003	3823.0373980000004	3823.8802640000004	3819.533694	3822.4451240000003	3823.776	3825.57	1.0	1.0	1.0	1.0					
3827.636	5.6590000000001055	trials	3.0	3829.9164180000002	3831.6554380000002	3832.572736	3833.314432	3829.20058	3831.977346			1.0	2.0	0.0	3.0					
3834.979	13.051000000000386	trials	3.0	3842.378412	3844.3890020000003	3845.290268	3846.136516	3841.42805	3844.7030360000003	3846.11	3848.03	1.0	1.0	1.0	1.0					
3851.05	6.809999999999945	trials	3.0	3852.946878	3854.2330460000003	3855.05495	3855.936146	3852.0251540000004	3854.427888	3855.74	3857.86	1.0	1.0	1.0	1.0					
3859.975	10.825000000000273	trials	3.0	3862.4670880000003	3864.1232	3864.9434760000004	3865.7911560000002	3861.82659	3864.308876	3865.765	3867.401	1.0	1.0	1.0	1.0					
3871.42	6.674999999999727	trials	3.0	3872.9819460000003	3874.801778	3875.5475140000003	3876.4255460000004	3870.81667	3874.883722	3876.335	3878.095	1.0	1.0	1.0	1.0					
3880.146	5.81899999999996	trials	3.0	3882.652258	3883.918454			3881.708298	3883.9135680000004			1.0		0.0	2.0					
3890.01	6.319999999999709	trials	3.0	3893.0316300000004	3894.193792	3895.8652	3896.3500120000003	3892.276018	3895.24829			1.0	2.0	0.0	3.0					
3898.176	11.519000000000233	trials	3.0	3905.182412	3907.1087460000003			3904.574418	3907.476302			2.0		1.0	1.0					
3913.196	5.614000000000033	trials	3.0	3914.9071040000003	3916.6791540000004	3918.011442	3918.8286420000004	3914.399582	3917.240764			1.0	1.0	0.0	3.0					
3920.32	9.539999999999964	trials	3.0	3926.997048	3928.228774	3929.306884	3929.87917	3926.35514	3928.6785200000004			1.0	2.0	0.0	3.0					
3932.625	14.889999999999873	trials	3.0	3941.992004	3944.01026	3944.936588	3945.7033800000004	3941.184354	3944.4200220000002	3945.7	3947.515	1.0	1.0	1.0	1.0					
3949.558	6.411999999999807	trials	3.0	3952.70724	3953.9186980000004			3952.007626	3953.912244			1.0		0.0	2.0					
3960.01	7.1599999999998545	trials	3.0	3962.121756	3963.6590340000002	3965.03036	3965.831242	3961.4909260000004	3964.39597	3965.715	3967.17	1.0	2.0	1.0	1.0					
3969.185	6.960000000000036	trials	3.0	3973.419202	3974.49731	3975.589652	3976.1616620000004	3972.79331	3974.9579700000004			1.0	2.0	0.0	3.0					
3979.945	11.5949999999998	trials	3.0	3986.0819760000004	3987.2616120000002	3988.8500820000004	3989.70886	3985.515944	3988.228626	3989.566	3991.54	1.0	1.0	1.0	1.0					
3994.586	8.289000000000215	trials	3.0	3996.582346	3998.0326320000004	3999.967802	4000.7050440000003	3996.029312	3999.3502460000004	4000.87	4002.875	1.0	1.0	1.0	1.0					
4004.945	6.399999999999636	trials	3.0	4007.8790740000004	4009.7796160000003	4010.625	4011.3643	4006.88855	4010.001208			1.0	1.0	0.0	3.0					
4014.946	15.434000000000196	trials	3.0	4024.8791960000003	4026.5340140000003	4027.615886	4028.4548520000003	4024.1134340000003	4026.86196	4028.356	4030.38	1.0	1.0	1.0	1.0					
4033.44	9.375999999999749	trials	3.0	4038.017772	4039.258474	4040.859832	4041.50158	4037.4833740000004	4040.241456	4041.49	4042.816	1.0	2.0	1.0	1.0					
4046.884	6.666000000000167	trials	3.0	4048.6222980000002	4050.2511040000004	4051.185164	4051.887912	4047.7928220000003	4050.1989360000002	4051.85	4053.55	1.0	1.0	1.0	1.0					
4055.515	7.695000000000164	trials	3.0	4058.437796	4059.779398	4061.150102	4061.7707800000003	4057.734324	4060.402344	4061.835	4063.21	1.0	2.0	1.0	1.0					
4066.269	9.701000000000022	trials	3.0	4067.902744	4069.529422			4067.35222	4070.389516			2.0		1.0	1.0					
4077.091	5.239000000000033	trials	3.0	4079.6183779999997	4080.3218679999995			4067.35222	4080.3126519999996			1.0		0.0	2.0					
4085.34	7.810999999999694	trials	3.0	4088.4284879999996	4090.3625559999996	4091.02134	4091.7823459999995	4087.9143939999994	4090.3814559999996	4091.92	4093.151	1.0	2.0	1.0	1.0					
4097.21	6.3159999999998035	trials	3.0	4099.003277999999	4100.92242			4098.480775999999	4100.942263999999			2.0		1.0	1.0					
4107.021	7.029000000000451	trials	3.0	4109.03	4110.4747259999995	4111.22052	4111.901792	4107.153378	4110.593164	4111.93	4114.05	1.0	1.0	1.0	1.0					
4117.07	5.800000000000182	trials	3.0	4118.897728	4120.03493			4117.456733999999	4120.72243			2.0		1.0	1.0					
4125.41	4.730000000000473	trials	3.0	4127.133441999999	4128.278496	4129.581386	4130.140821999999	4126.092347999999	4128.985516			1.0	2.0	0.0	3.0					
4132.959	11.681000000000495	trials	3.0	4138.944702	4140.885109999999	4142.113214	4142.900998	4138.141492	4141.498578	4142.81	4144.64	1.0	1.0	1.0	1.0					
4148.705	8.980000000000473	trials	3.0	4150.3033319999995	4151.670107999999			4148.758065999999	4152.168278			2.0		1.0	1.0					
4157.818	6.782000000000153	trials	3.0	4159.638408	4161.278359999999	4162.085246	4162.81066	4157.685386	4161.548256	4162.8	4164.6	1.0	1.0	1.0	1.0					
4166.664	8.096000000000458	trials	3.0	4168.718538	4169.850106	4171.649998	4172.488802	4168.000402	4171.0613459999995	4172.56	4174.76	1.0	1.0	1.0	1.0					
4176.835	7.109999999999673	trials	3.0	4178.8338699999995	4180.153195999999	4181.248057999999	4182.029243999999	4177.89453	4180.534221999999	4181.901	4183.945	1.0	1.0	1.0	1.0					
4187.006	7.378999999999905	trials	3.0	4188.985106	4191.000246	4191.728642	4192.539318	4187.191486	4191.223185999999	4192.55	4194.385	1.0	1.0	1.0	1.0					
4196.405	6.371000000000095	trials	3.0	4198.489352	4199.959779999999			4197.900815999999	4200.561535999999			2.0		1.0	1.0					
4205.348	10.667000000000371	trials	3.0	4207.163979999999	4208.205623999999	4210.531207999999	4211.474842	4205.602261999999	4209.78121	4211.28	4213.08	1.0	1.0	1.0	1.0					
4217.151	8.069000000000415	trials	3.0	4218.735374	4220.266799999999			4216.016753999999	4220.50944			2.0		1.0	1.0					
4226.086	4.894999999999527	trials	3.0	4228.0089339999995	4228.915948			4225.220428	4228.912977999999			1.0		0.0	2.0					
4235.037	7.028999999999542	trials	3.0	4238.619025999999	4240.058873999999			4237.733284	4240.0502879999995			1.0		0.0	2.0					
4245.075	62.345000000000255	trials	3.0	4299.155465999999	4300.28216			4298.57215	4301.1805699999995			2.0		1.0	1.0					
4307.895	5.684999999999491	trials	3.0	4309.433873999999	4310.491104	4311.383894	4312.050952	4307.422766	4310.840376	4312.066	4313.58	1.0	1.0	1.0	1.0					
4316.645	4.739999999999782	trials	3.0	4318.505271999999	4319.932648	4320.749755999999	4321.385198	4316.82452	4320.243774			1.0	1.0	0.0	3.0					
4325.13	6.454999999999927	trials	3.0	4327.643709999999	4328.965354	4329.755099999999	4330.2740539999995	4326.718731999999	4329.282536	4330.545	4331.585	1.0	2.0	1.0	1.0					
4334.647	6.01299999999992	trials	3.0	4337.464795999999	4339.149128	4340.087646	4340.662708	4336.676382	4339.602738			1.0	2.0	0.0	3.0					
4344.422	14.07800000000043	trials	3.0	4352.985761999999	4354.7675819999995	4356.045654	4356.730557999999	4352.419112	4355.37929	4356.845	4358.5	1.0	1.0	1.0	1.0					
4361.52	7.085999999999331	trials	3.0	4363.199732	4365.166993999999	4366.039788	4366.81664	4362.2295619999995	4365.45439	4366.775	4368.606	1.0	1.0	1.0	1.0					
4370.631	7.448999999999614	trials	3.0	4373.639316	4374.68098	4375.834632	4376.586092	4372.687175999999	4375.176818	4376.615	4378.08	1.0	1.0	1.0	1.0					
4381.14	5.829999999999927	trials	3.0	4382.861104	4384.148421999999			4381.944708	4384.658136			2.0		1.0	1.0					
4389.549	7.001000000000204	trials	3.0	4391.389101999999	4393.091342	4393.948882	4394.686368	4389.887296	4393.3639379999995	4394.615	4396.55	1.0	1.0	1.0	1.0					
4398.337	5.862999999999374	trials	3.0	4400.759416	4402.191204	4403.139372	4403.5077	4399.795787999999	4402.186017999999			1.0		0.0	2.0					
4406.21	9.465000000000146	trials	3.0	4410.384774	4412.076454	4413.115035999999	4413.809265999999	4409.403555999999	4412.557489999999	4413.731	4415.675	1.0	2.0	1.0	1.0					
4417.741	9.014000000000124	trials	3.0	4421.736199999999	4422.915072	4425.0908899999995	4425.592642	4421.14046	4422.970372	4425.926	4426.755	1.0	2.0	1.0	1.0					
4429.805	5.4979999999995925	trials	3.0	4431.754848	4433.283154			4430.4949879999995	4433.27607			1.0		0.0	2.0					
4439.312	6.188000000000102	trials	3.0	4441.9633619999995	4443.845794	4444.8233979999995	4445.502474	4441.212958	4444.253605999999			1.0	2.0	0.0	3.0					
4449.151	13.204999999999927	trials	3.0	4455.664863999999	4457.051372	4459.538326	4460.388398	4454.905465999999	4458.891274	4460.35	4462.356	1.0	1.0	1.0	1.0					
4466.375	6.645000000000437	trials	3.0	4468.2998019999995	4469.616787999999	4470.570396	4471.277384	4467.256047999999	4470.013132	4471.31	4473.02	1.0	1.0	1.0	1.0					
4475.078	10.80199999999968	trials	3.0	4478.085016	4479.563794			4477.408114	4480.14354			2.0		1.0	1.0					
4486.895	4.644999999999527	trials	3.0	4488.549671999999	4489.471632	4490.460168	4490.767726	4485.882581999999	4489.468			1.0		0.0	2.0					
4493.6	17.289999999999964	trials	3.0	4507.486849999999	4508.881484			4506.571618	4508.869981999999			1.0		0.0	2.0					
4513.901	6.939000000000306	trials	3.0	4517.189791999999	4518.831576			4516.62716	4518.824417999999			2.0		0.0	2.0					
4523.846	13.694000000000415	trials	3.0	4532.505026	4534.271236	4535.17171	4535.870542	4531.956171999999	4534.60867	4535.995	4537.54	1.0	1.0	1.0	1.0					
4539.56	6.9299999999993815	trials	3.0	4541.960201999999	4543.229936			4541.148184	4544.38729			2.0		1.0	1.0					
4549.062	9.338999999999942	trials	3.0	4551.050134	4552.764327999999			4549.981126	4553.006726			2.0		1.0	1.0					
4558.575	7.085000000000036	trials	3.0	4560.575446	4561.970464	4563.064974	4563.78003	4558.40187	4562.437341999999	4563.901	4565.66	1.0	1.0	1.0	1.0					
4569.705	6.4099999999998545	trials	3.0	4571.435046	4572.837232	4573.709618	4574.410424	4570.135604	4573.109874	4574.475	4576.115	1.0	1.0	1.0	1.0					
4580.185	7.639999999999418	trials	3.0	4581.920327999999	4583.70929	4584.827074	4585.67987	4580.421961999999	4584.102612	4585.545	4587.825	1.0	1.0	1.0	1.0					
4589.845	8.114999999999782	trials	3.0	4593.3816019999995	4595.339115999999			4592.422296	4595.66795			2.0		1.0	1.0					
4601.405	6.900000000000546	trials	3.0	4603.3404	4605.343435999999	4606.168356	4606.806442	4601.731336	4605.6080759999995	4606.82	4608.305	1.0	2.0	1.0	1.0					
4610.26	7.099999999999454	trials	3.0	4613.600297999999	4615.541282	4616.647438	4617.362888	4612.917092	4615.948294			1.0	2.0	0.0	3.0					
4620.02	10.83599999999933	trials	3.0	4625.68498	4627.332426	4628.491392	4629.247394	4625.04076	4627.809617999999	4629.37	4630.856	1.0	1.0	1.0	1.0					
4632.915	8.204999999999927	trials	3.0	4636.3902499999995	4638.158452	4639.048532	4639.787547999999	4635.473215999999	4638.59052	4639.715	4641.12	1.0	2.0	1.0	1.0					
4645.165	5.0900000000001455	trials	3.0	4647.090577999999	4648.672406	4649.604885999999	4650.257707999999	4645.507119999999	4648.991682			1.0	2.0	0.0	3.0					
4653.941	12.25	trials	3.0	4660.950992	4662.766476	4663.418831999999	4664.250443999999	4660.047334	4662.774853999999	4664.09	4666.191	1.0	1.0	1.0	1.0					
4669.212	5.807999999999993	trials	3.0	4670.815699999999	4672.260249999999			4670.053196	4672.9396			2.0		1.0	1.0					
4678.596	5.769000000000233	trials	3.0	4680.1353579999995	4682.052138			4678.90191	4682.108601999999			2.0		1.0	1.0					
4686.93	7.324999999999818	trials	3.0	4689.400503999999	4690.600938	4692.319514	4692.782668	4688.44045	4691.3410619999995	4693.245	4694.255	1.0	2.0	1.0	1.0					
4697.305	7.1359999999995125	trials	3.0	4699.650218	4701.109312	4703.375553999999	4704.151462	4699.048895999999	4702.629408			1.0	1.0	1.0	1.0					
4706.975	9.194999999999709	trials	3.0	4711.706096	4713.362521999999			4710.897078	4713.987945999999			2.0		1.0	1.0					
4718.687	9.688000000000102	trials	3.0	4720.61212	4722.35779			4719.493238	4723.0766619999995			2.0		1.0	1.0					
4729.646	4.769000000000233	trials	3.0	4731.600853999999	4732.401658			4728.37833	4732.394061999999			1.0		0.0	2.0					
4737.47	11.914999999999964	trials	3.0	4746.020676	4747.877694	4748.931454	4749.388556	4745.282061999999	4748.379672			1.0	2.0	0.0	3.0					
4753.255	49.32499999999982	trials	3.0	4797.697826	4799.628006	4800.484852	4801.150533999999	4796.926404	4799.98193	4801.255	4802.58	1.0	1.0	1.0	1.0					
4804.641	80.09400000000005	trials	3.0	4879.801742	4880.88606			4879.248554	4882.408022			2.0		1.0	1.0					
4887.211	23.97400000000016	trials	3.0	4906.306788	4907.855893999999	4908.698187999999	4909.256842	4905.388448	4908.154704	4909.526	4911.185	1.0	1.0	1.0	1.0					
4915.231	36.625	trials	3.0	4946.496835999999	4948.1075359999995	4949.326642	4949.947134	4945.80015	4948.686954	4950.135	4951.856	1.0	1.0	1.0	1.0					
4953.92	27.100000000000364	trials	3.0	4976.066333999999	4978.069471999999	4978.970668	4979.479966	4975.502189999999	4978.436465999999	4979.8	4981.02	1.0	2.0	1.0	1.0					
4985.106	26.394000000000233	trials	3.0	5007.033423999999	5008.466288	5009.335934	5009.885268	5006.07969	5008.808714	5010.075	5011.5	1.0	1.0	1.0	1.0					
5014.52	19.80199999999968	trials	3.0	5031.412816	5032.648507999999	5033.725681999999	5034.326594	5030.543062	5033.125478			1.0	1.0	0.0	3.0					
5037.066	21.585000000000036	trials	3.0	5055.292791999999	5057.204269999999	5058.181484	5058.652389999999	5054.730892	5057.657101999999			1.0	2.0	0.0	3.0					
5061.551	18.39300000000003	trials	3.0	5073.0380159999995	5074.922963999999	5076.622109999999	5077.297103999999	5072.427372	5076.097495999999	5077.35	5079.944	1.0	1.0	1.0	1.0					
5081.916	6.1899999999996	trials	3.0	5084.896965999999	5086.379027999999	5087.760338	5088.112996	5084.107026	5087.152362			1.0	2.0	0.0	3.0					
5090.106	5.604000000000269	trials	3.0	5092.20278	5093.704804	5094.549284	5094.8099919999995	5091.668664	5093.69002			1.0		0.0	2.0					
5097.72	12.434000000000196	trials	3.0	5105.69205	5107.174014	5108.41392	5108.905989999999	5104.973706	5107.877957999999	5109.191	5110.154	1.0	2.0	1.0	1.0					
5113.17	7.869999999999891	trials	3.0	5117.692424	5119.6397	5120.5557	5121.044817999999	5117.098394	5119.995018			1.0	2.0	0.0	3.0					
5123.9	16.626000000000204	trials	3.0	5136.257368	5137.971152			5135.648128	5138.276282			2.0		1.0	1.0					
5143.095	24.639999999999418	trials	3.0	5163.597706	5164.674736			5163.003643999999	5165.510789999999			2.0		1.0	1.0					
5172.285	10.020000000000437	trials	3.0	5174.192132	5175.960419999999			5173.02075	5176.458906			2.0		1.0	1.0					
5182.983	7.0770000000002256	trials	3.0	5184.54271	5186.393018	5187.388702	5188.174008	5182.309848	5186.7202259999995	5188.245	5190.06	1.0	1.0	1.0	1.0					
5194.115	7.275000000000546	trials	3.0	5195.937564	5197.766116	5198.601296	5199.339072	5194.3052	5197.957582	5199.41	5201.39	1.0	1.0	1.0	1.0					
5204.456	8.569999999999709	trials	3.0	5207.57466	5208.986005999999	5210.2329039999995	5211.0366779999995	5206.777818	5209.67847	5210.925	5213.026	1.0	1.0	1.0	1.0					
5217.066	5.585000000000036	trials	3.0	5218.982695999999	5220.649496			5218.285989999999	5220.644225999999			2.0		0.0	2.0					
5224.66	13.820999999999913	trials	3.0	5233.307793999999	5235.0544279999995	5235.821698	5236.638333999999	5232.434749999999	5235.178688	5236.59	5238.481	1.0	1.0	1.0	1.0					
5241.505	5.8400000000001455	trials	3.0	5244.027832	5245.344652			5243.345152	5245.332864			1.0		0.0	2.0					
5251.395	10.71099999999933	trials	3.0	5256.833584	5258.799908	5259.869	5260.640882	5255.95037	5259.2943159999995	5260.606	5262.106	1.0	2.0	1.0	1.0					
5265.215	9.24499999999989	trials	3.0	5269.583688	5271.18949	5271.849759999999	5272.805805999999	5269.013884	5271.270524	5272.625	5274.46	1.0	2.0	1.0	1.0					
5277.521	8.824000000000524	trials	3.0	5279.538606	5281.384864	5283.28712	5284.082192	5278.9933	5282.381708	5283.995	5286.345	1.0	1.0	1.0	1.0					
5290.398	6.511999999999716	trials	3.0	5292.364681999999	5293.514821999999	5294.509176	5295.326562	5290.728585999999	5293.9121159999995	5295.35	5296.91	1.0	2.0	1.0	1.0					
5299.93	5.559999999999491	trials	3.0	5301.88815	5303.124886	5304.611397999999	5305.497509999999	5301.333212	5303.965985999999			1.0	2.0	0.0	3.0					
5306.981	12.199000000000524	trials	3.0	5314.2886659999995	5315.469975999999	5316.682276	5317.457329999999	5313.708812	5316.024442	5317.475	5319.18	1.0	1.0	1.0	1.0					
5321.203	12.086999999999534	trials	3.0	5330.098378	5331.215292	5332.6656379999995	5333.296858	5329.187526	5331.93795			1.0	1.0	0.0	3.0					
5337.031	30.259000000000015	trials	3.0	5363.074694	5364.779542			5362.159298	5365.082184			2.0		1.0	1.0					
5369.857	18.238000000000284	trials	3.0	5382.248766	5383.438098	5385.300756	5386.031512	5381.61029	5384.684002	5386.05	5388.095	1.0	1.0	1.0	1.0					
5390.131	7.623999999999796	trials	3.0	5393.398273999999	5394.689902			5392.435984	5395.517	5397.285	5397.526	2.0		1.0	1.0					
5401.27	6.854999999999563	trials	3.0	5402.813434	5404.873108	5405.448007999999	5406.185904	5401.642824	5404.829188	5406.135	5408.125	1.0	1.0	1.0	1.0					
5412.151	7.543999999999869	trials	3.0	5414.0538	5415.701878	5416.624844	5417.645074	5413.038855999999	5416.011119999999	5417.356	5419.695	1.0	1.0	1.0	1.0					
5422.735	8.1850000000004	trials	3.0	5424.9735359999995	5426.395278	5427.658759999999	5428.424916	5424.237091999999	5426.871375999999	5428.37	5430.92	1.0	1.0	1.0	1.0					
5433.941	7.72400000000016	trials	3.0	5436.494486	5437.870817999999	5439.412436	5440.176224	5435.610014	5438.661526	5440.115	5441.665	1.0	2.0	1.0	1.0					
5444.735	10.710000000000036	trials	3.0	5448.704234	5450.220604	5452.201622	5453.099628	5448.083014	5451.130926	5453.07	5455.445	1.0	1.0	1.0	1.0					
5459.555	6.3049999999993815	trials	3.0	5461.318687999999	5462.61107	5463.482953999999	5464.203508	5460.086582	5462.873266	5464.205	5465.86	1.0	1.0	1.0	1.0					
5467.88	8.220000000000255	trials	3.0	5470.579471999999	5472.116102	5473.722798	5474.45075	5469.877286	5472.544846	5474.445	5476.1	1.0	2.0	1.0	1.0					
5478.167	53.438999999999396	trials	3.0	5525.874408	5527.725318	5528.821303999999	5529.582085999999	5524.894544	5528.134776	5529.55	5531.606	1.0	1.0	1.0	1.0					
5535.647	6.057999999999993	trials	3.0	5537.544432	5538.60563			5536.962157999999	5539.495164	5541.31	5541.475	2.0		1.0	1.0					
5545.14	6.550999999999476	trials	3.0	5547.004483999999	5548.2072419999995	5549.422852	5550.132822	5546.417114	5548.85831	5550.08	5551.691	1.0	2.0	1.0	1.0					
5553.751	7.479999999999563	trials	3.0	5556.66532	5558.67094			5555.856166	5559.010498			2.0		1.0	1.0					
5564.785	9.615999999999985	trials	3.0	5569.004734	5570.2306659999995	5571.67232	5572.398155999999	5568.176262	5570.820218	5572.356	5574.401	1.0	1.0	1.0	1.0					
5577.47	4.805999999999585	trials	3.0	5579.188886	5580.684585999999	5581.555625999999	5582.28369	5577.629274	5580.717694			1.0	1.0	0.0	3.0					
5583.935	13.154999999999745	trials	3.0	5593.979308	5595.4031319999995	5596.573428	5597.094977999999	5593.318702	5596.051428			1.0	2.0	0.0	3.0					
5598.925	12.015999999999622	trials	3.0	5606.7599199999995	5608.077772			5606.10606	5608.643865999999			2.0		1.0	1.0					
5615.52	5.269999999999527	trials	3.0	5617.4513959999995	5618.695964	5619.990352	5620.79516	5616.4321119999995	5619.328299999999			1.0	2.0	0.0	3.0					
5623.32	30.76000000000022	trials	3.0	5651.169672	5652.078267999999			5650.232838	5652.068679999999			1.0		0.0	2.0					
5658.09	32.64499999999953	trials	3.0	5687.0764819999995	5688.131552	5689.091584	5689.46041	5686.279694	5688.567924	5689.845	5690.735	1.0	2.0	1.0	1.0					
5692.665	13.585000000000036	trials	3.0	5698.357937999999	5700.296574			5697.404845999999	5700.573698			2.0		1.0	1.0					
5707.428	3.875	trials	3.0	5709.14107	5709.2924459999995	5710.241636	5710.319587999999	5706.259384	5709.2880159999995			1.0		0.0	2.0					
5715.316	9.554000000000087	trials	3.0	5720.545278	5721.766856			5719.569439999999	5722.6309439999995			2.0		1.0	1.0					
5727.33	38.378999999999905	trials	3.0	5761.430001999999	5762.602027999999			5760.809969999999	5763.454322			2.0		1.0	1.0					
5768.17	14.355999999999767	trials	3.0	5778.560251999999	5779.957388	5780.848862	5781.297444	5777.651532	5780.418474	5781.64	5782.526	1.0	2.0	1.0	1.0					
5784.595	6.829999999999927	trials	3.0	5787.005512	5788.601192	5789.457514	5789.992628	5786.30462	5788.994578	5790.12	5791.425	1.0	2.0	1.0	1.0					
5794.445	5.5600000000004	trials	3.0	5796.430335999999	5798.002484	5798.752774	5799.093156	5795.389123999999	5797.995048			1.0		0.0	2.0					
5804.04	6.835000000000036	trials	3.0	5807.510485999999	5808.873073999999	5809.4853299999995	5809.7589419999995	5806.590526	5808.868972			1.0		0.0	2.0					
5813.89	6.505000000000109	trials	3.0	5816.895356	5818.764311999999	5819.949543999999	5820.4013079999995	5816.058741999999	5819.4499			1.0	2.0	0.0	3.0					
5824.27	15.949999999999818	trials	3.0	5836.796147999999	5838.2185119999995	5838.912272	5839.0706279999995	5835.929851999999	5838.215372			1.0		0.0	2.0					
5843.27	9.255999999999403	trials	3.0	5847.505628	5848.816734	5850.331953999999	5851.1155499999995	5846.8659339999995	5849.743612	5851.075	5852.526	1.0	2.0	1.0	1.0					
5854.553	9.192000000000007	trials	3.0	5859.105616	5860.365354	5861.537474	5862.157047999999	5858.419835999999	5860.991414	5862.165	5863.745	1.0	2.0	1.0	1.0					
5867.562	4.773000000000138	trials	3.0	5869.291028	5870.384448	5871.705746	5872.345541999999	5868.197602	5871.095568			1.0	2.0	0.0	3.0					
5875.035	11.704999999999927	trials	3.0	5880.9056519999995	5882.497643999999	5883.9474279999995	5884.610672	5880.342562	5883.2988399999995	5884.72	5886.74	1.0	1.0	1.0	1.0					
5890.77	5.514999999999418	trials	3.0	5892.73564	5894.28165	5895.4984859999995	5895.688349999999	5891.160304	5894.27007			1.0		0.0	2.0					
5898.344	20.110999999999876	trials	3.0	5915.395578	5917.260619999999	5918.02719	5918.462996	5914.595018	5917.348207999999			1.0	2.0	0.0	3.0					
5920.395	18.86999999999989	trials	3.0	5934.746308	5936.529321999999	5937.41832	5937.828544	5934.054249999999	5936.868751999999	5938.31	5939.265	1.0	2.0	1.0	1.0					
5943.325	7.951000000000022	trials	3.0	5946.275995999999	5948.059953999999	5948.9908239999995	5949.69636	5945.307949999999	5948.2878	5949.816	5951.276	1.0	2.0	1.0	1.0					
5955.338	6.8969999999999345	trials	3.0	5957.541164	5958.692652	5960.209494	5960.746474	5956.889389999999	5959.22568	5960.865	5962.235	1.0	2.0	1.0	1.0					
5964.26	9.0	trials	3.0	5968.430872	5970.162084			5967.800126	5971.059128	5972.875	5973.035	2.0		1.0	1.0					
5975.74	12.0	trials	3.0	5978.431054	5979.569824			5977.728392	5981.335254			2.0		1.0	1.0					
5988.35	5.234999999999673	trials	3.0	5990.046617999999	5991.9784819999995	5993.0547559999995	5993.591689999999	5987.750828	5992.343403999999			1.0	2.0	0.0	3.0					
5995.441	13.335000000000036	trials	3.0	6003.181613999999	6004.758334	6006.0826099999995	6006.912012	6002.441516	6005.235228	6006.925	6008.776	1.0	1.0	1.0	1.0					
6012.84	8.74499999999989	trials	3.0	6015.868006	6017.564788	6019.087046	6019.9792099999995	6015.322168	6018.20777	6019.76	6021.585	1.0	1.0	1.0	1.0					
6024.642	6.538000000000466	trials	3.0	6026.788006	6028.079737999999			6026.055533999999	6028.66061			2.0		1.0	1.0					
6033.685	6.299999999999272	trials	3.0	6036.291687999999	6037.782491999999	6039.4483979999995	6039.9958719999995	6035.378562	6038.642038			1.0	2.0	0.0	3.0					
6042.826	17.923999999999978	trials	3.0	6058.4671419999995	6058.748754			6057.648152	6058.7414579999995			1.0		0.0	2.0					
6063.801	8.253999999999905	trials	3.0	6067.711799999999	6069.751118			6067.159012	6069.96548			2.0		1.0	1.0					
6074.61	7.456000000000131	trials	3.0	6078.056626	6079.504064			6077.185348	6079.967833999999			2.0		1.0	1.0					
6085.575	7.145000000000437	trials	3.0	6088.0118219999995	6089.658346			6087.119006	6090.660771999999			2.0		1.0	1.0					
6096.18	7.619999999999891	trials	3.0	6097.7811599999995	6099.193142	6101.378742	6102.058836	6096.968097999999	6099.906843999999	6102.06	6103.8	1.0	1.0	1.0	1.0					
6107.87	5.940000000000509	trials	3.0	6109.802254	6111.291343999999	6112.688303999999	6113.593629999999	6108.203184	6111.295972			1.0	1.0	1.0	1.0					
6118.275	8.541000000000167	trials	3.0	6121.571518	6122.907464	6124.069726	6125.009851999999	6120.896844	6123.373856	6124.84	6126.816	1.0	1.0	1.0	1.0					
6128.885	9.25	trials	3.0	6131.8326099999995	6133.278356	6135.091501999999	6135.915848	6131.171596	6134.068968	6135.731	6138.135	1.0	1.0	1.0	1.0					
6141.199	6.7960000000002765	trials	3.0	6142.957478	6144.374238	6145.747792	6146.470566	6142.320573999999	6144.795254	6146.505	6147.995	1.0	2.0	1.0	1.0					
6151.015	9.13000000000011	trials	3.0	6154.481942	6156.0733	6157.547941999999	6158.504326	6153.644953999999	6156.831896	6158.356	6160.145	1.0	1.0	1.0	1.0					
6162.21	6.899999999999636	trials	3.0	6165.828522	6167.241485999999	6168.619017999999	6169.119574	6165.023008	6167.587068			1.0	2.0	0.0	3.0					
6170.945	14.645000000000437	trials	3.0	6181.142312	6182.722736			6180.472516	6183.329352			2.0		1.0	1.0					
6188.03	8.965000000000146	trials	3.0	6191.21277	6193.173868	6194.247482	6195.07718	6190.6368	6193.596395999999	6195.015	6196.995	1.0	1.0	1.0	1.0					
6199.867	6.222999999999956	trials	3.0	6201.797616	6203.482222			6200.92934	6203.845776			2.0		1.0	1.0					
6210.591	6.139999999999418	trials	3.0	6212.592154	6214.174138			6210.893206	6214.4387959999995			2.0		1.0	1.0					
6219.245	8.096000000000458	trials	3.0	6221.74388	6223.362708	6225.272222	6225.917572	6221.173628	6224.417066	6225.97	6227.341	1.0	1.0	1.0	1.0					
6230.38	5.875	trials	3.0	6232.772241999999	6234.041578	6235.37296	6236.266732	6231.60049	6234.525116			1.0	1.0	0.0	3.0					
6238.73	11.825000000000728	trials	3.0	6245.972516	6247.285981999999	6248.232308	6249.027162	6245.1964339999995	6247.725194	6248.965	6250.555	1.0	2.0	1.0	1.0					
6254.672	7.798000000000684	trials	3.0	6257.946905999999	6259.713502			6257.249028	6260.2242639999995			2.0		1.0	1.0					
6265.07	7.052000000000589	trials	3.0	6267.562577999999	6269.008303999999	6271.570411999999	6272.132573999999	6266.660099999999	6269.79573			1.0	2.0	0.0	3.0					
6273.89	15.829999999999927	trials	3.0	6284.10229	6285.73661	6286.874462	6287.614927999999	6283.57293	6286.105056	6287.59	6289.72	1.0	1.0	1.0	1.0					
6292.83	8.220000000000255	trials	3.0	6295.494253999999	6297.04204	6298.00267	6298.813619999999	6294.7197	6297.3089039999995	6298.75	6301.05	1.0	1.0	1.0	1.0					
6305.09	5.100999999999658	trials	3.0	6306.767802	6308.19342	6308.933655999999	6309.091334	6305.851881999999	6308.182855999999			1.0		0.0	2.0					
6313.226	63.85400000000027	trials	3.0	6370.963066	6371.435088			6370.341632	6371.419098			1.0		0.0	2.0					
6377.538	4.647000000000844	trials	3.0	6379.238206	6380.185519999999			6377.092521999999	6380.174152			2.0		0.0	2.0					
6384.209	11.036000000000058	trials	3.0	6391.487716	6393.189667999999			6390.690844	6393.1827619999995			1.0		0.0	2.0					
6398.295	9.519999999999527	trials	3.0	6403.678236	6405.755272			6403.0792679999995	6405.752076			1.0		0.0	2.0					
6411.836	17.259000000000015	trials	3.0	6425.438402	6427.085381999999	6428.6352719999995	6429.104171999999	6424.788628	6427.860004			1.0	2.0	0.0	3.0					
6430.994	26.916000000000167	trials	3.0	6452.698102	6453.821351999999	6455.79804	6456.615972	6452.070134	6455.191059999999	6456.495	6457.91	1.0	2.0	1.0	1.0					
6462.024	7.970999999999549	trials	3.0	6464.823224	6466.070175999999	6467.15118	6467.886457999999	6463.985823999999	6466.459658	6467.925	6469.995	1.0	1.0	1.0	1.0					
6473.11	5.690000000000509	trials	3.0	6475.61166	6476.74702	6478.335144	6478.528982	6474.911778	6476.7408319999995			1.0		0.0	2.0					
6481.861	36.590000000000146	trials	3.0	6514.584295999999	6516.356072	6518.101188	6518.1449219999995	6513.79973	6516.346277999999			1.0		0.0	2.0					
6522.465	16.98999999999978	trials	3.0	6533.593961999999	6535.45687	6536.568665999999	6537.4809239999995	6532.640257999999	6535.88688	6537.375	6539.455	1.0	1.0	1.0	1.0					
6542.512	10.719000000000051	trials	3.0	6549.804022	6551.40041	6552.512795999999	6553.238452	6549.118989999999	6551.929624			1.0	2.0	0.0	3.0					
6556.825	11.800000000000182	trials	3.0	6563.874426	6565.873656			6563.154527999999	6566.5316			2.0		1.0	1.0					
6571.165	8.27599999999984	trials	3.0	6574.188625999999	6575.4054639999995	6576.643641999999	6577.4102379999995	6573.372012	6575.97179	6577.481	6579.441	1.0	1.0	1.0	1.0					
6581.505	9.550000000000182	trials	3.0	6586.599328	6588.497636			6585.60182	6588.766648			2.0		1.0	1.0					
6594.58	6.010000000000218	trials	3.0	6597.139499999999	6598.8550399999995	6600.122159999999	6600.600192	6596.1587979999995	6599.453659999999			1.0	2.0	0.0	3.0					
6604.45	8.420000000000073	trials	3.0	6607.415632	6609.175611999999	6610.857749999999	6611.292056	6606.437179999999	6610.194503999999	6611.651	6612.87	1.0	2.0	1.0	1.0					
6616.7	17.670000000000073	trials	3.0	6630.25465	6631.5511639999995			6629.683526	6632.216918			2.0		1.0	1.0					
6637.92	6.925000000000182	trials	3.0	6639.735091999999	6641.5424219999995	6642.2646859999995	6643.028888	6638.522547999999	6641.620652	6642.97	6644.845	1.0	1.0	1.0	1.0					
6648.892	6.913000000000466	trials	3.0	6650.449564	6651.826492	6653.122708	6653.982432	6649.915148	6652.372525999999	6653.885	6655.805	1.0	1.0	1.0	1.0					
6659.914	6.942000000000007	trials	3.0	6661.569433999999	6662.909344	6664.092242	6664.900168	6660.333814	6663.4171479999995	6664.76	6666.856	1.0	1.0	1.0	1.0					
6669.915	6.170000000000073	trials	3.0	6672.114202	6673.33373			6671.136374	6674.021896			2.0		1.0	1.0					
6680.685	8.069999999999709	trials	3.0	6682.366214	6683.5114699999995	6686.1321419999995	6687.1105019999995	6681.580556	6685.394044	6686.856	6688.755	1.0	1.0	1.0	1.0					
6691.834	6.0219999999999345	trials	3.0	6694.229649999999	6695.8567539999995			6693.33706	6695.850838			1.0		0.0	2.0					
6700.91	25.88000000000011	trials	3.0	6721.690078	6722.7972039999995	6724.689236	6725.3602519999995	6721.183676	6724.1258419999995	6725.335	6726.79	1.0	2.0	1.0	1.0					
6729.856	8.965000000000146	trials	3.0	6734.269708	6736.272438			6733.5536759999995	6736.60867			2.0		1.0	1.0					
6741.357	6.88799999999992	trials	3.0	6743.581104	6744.9983219999995			6742.655242	6745.868896			2.0		1.0	1.0					
6752.775	7.230000000000473	trials	3.0	6754.831835999999	6756.731964	6757.954599999999	6758.598833999999	6753.875668	6757.236116	6758.67	6760.005	1.0	2.0	1.0	1.0					
6762.07	11.206000000000131	trials	3.0	6768.081582	6769.536392	6770.753798	6771.443831999999	6767.220251999999	6770.079044	6771.425	6773.276	1.0	2.0	1.0	1.0					
6775.09	11.614999999999782	trials	3.0	6779.346992	6780.735154			6778.356857999999	6780.726046			1.0		0.0	2.0					
6786.75	4.963999999999942	trials	3.0	6788.621556	6789.739874	6790.605766	6791.296055999999	6786.717989999999	6790.0858419999995			1.0	1.0	1.0	1.0					
6794.165	12.914999999999964	trials	3.0	6803.975453999999	6805.2643259999995	6806.237418	6807.094544	6803.157072	6805.798616			1.0	2.0	0.0	3.0					
6809.55	9.095000000000255	trials	3.0	6815.371572	6816.647134	6817.286672	6817.436922	6814.623933999999	6816.638164			1.0		0.0	2.0					
6822.655	54.99000000000069	trials	3.0	6872.820028	6873.974666	6875.218884	6875.910902	6872.120945999999	6874.31878	6876.005	6877.645	1.0	1.0	1.0	1.0					
6879.715	7.943999999999505	trials	3.0	6884.025815999999	6886.007535999999	6886.592138	6887.044567999999	6883.0472819999995	6886.120805999999			1.0	2.0	1.0	1.0					
6890.261	8.828999999999724	trials	3.0	6894.8105	6896.776318			6894.215705999999	6896.920985999999			2.0		1.0	1.0					
6902.561	4.4890000000004875	trials	3.0	6904.335993999999	6905.486199999999	6906.4313839999995	6907.061222	6903.549476	6905.846884			1.0	2.0	0.0	3.0					
6908.755	20.109999999999673	trials	3.0	6916.850752	6918.3523319999995	6919.364729999999	6920.103084	6916.114544	6918.764954	6920.005	6928.865	1.0	1.0	1.0	1.0					
6930.972	10.618000000000393	trials	3.0	6937.266229999999	6938.597528	6939.402162	6939.975173999999	6936.754616	6938.813688	6940.106	6941.59	1.0	2.0	1.0	1.0					
6944.68	6.479999999999563	trials	3.0	6948.181106	6949.662192	6950.499114	6951.172119999999	6947.441097999999	6949.959912			1.0	2.0	0.0	3.0					
6953.87	8.775000000000546	trials	3.0	6959.146844	6961.007825999999	6961.541783999999	6962.413398	6958.315412	6961.014238			1.0	1.0	1.0	1.0					
6966.147	20.158000000000357	trials	3.0	6978.832718	6980.666783999999	6982.306852	6983.027726	6978.222792	6981.1242219999995	6982.95	6986.305	1.0	1.0	1.0	1.0					
6990.406	12.10400000000027	trials	3.0	6998.1548139999995	7000.008086			6997.203761999999	7000.36939			2.0		1.0	1.0					
7006.04	5.010000000000218	trials	3.0	7008.248028	7009.357647999999	7010.329646	7011.06215	7007.732872	7009.737971999999			1.0	1.0	0.0	3.0					
7013.66	12.975000000000364	trials	3.0	7021.747923999999	7022.905629999999	7024.5620659999995	7025.134382	7021.026615999999	7024.002868	7025.245	7026.635	1.0	2.0	1.0	1.0					
7028.705	14.909999999999854	trials	3.0	7035.1461739999995	7037.124352			7034.228999999999	7037.437564	7039.276	7043.615	2.0		1.0	1.0					
7045.68	8.5649999999996	trials	3.0	7049.281053999999	7050.378868	7051.748804	7052.369682	7048.7690139999995	7051.111257999999	7052.405	7054.245	1.0	2.0	1.0	1.0					
7057.265	6.434999999999491	trials	3.0	7060.792912	7062.277942	7063.331195999999	7063.715242	7059.792686	7062.530247999999			1.0	1.0	0.0	3.0					
7067.701	12.326000000000022	trials	3.0	7072.927051999999	7074.872716	7078.469154	7078.742602	7072.061567999999	7075.1003439999995	7079.18	7080.027	1.0	2.0	1.0	1.0					
7084.045	4.855999999999767	trials	3.0	7085.986128	7087.013462	7088.008411999999	7088.9170699999995	7084.198855999999	7087.505348			1.0	2.0	0.0	3.0					
7090.366	10.409999999999854	trials	3.0	7096.306624	7097.523238	7098.397295999999	7099.037393999999	7095.691836	7097.820035999999	7099.125	7100.776	1.0	1.0	1.0	1.0					
7102.836	8.083999999999833	trials	3.0	7106.486422	7108.4209599999995			7105.885504	7108.850367999999			2.0		1.0	1.0					
7115.49	4.645000000000437	trials	3.0	7117.106373999999	7118.350522	7119.624854	7120.148655999999	7116.120085999999	7119.018156			1.0	2.0	0.0	3.0					
7122.95	12.095000000000255	trials	3.0	7130.856793999999	7132.228869999999			7130.093186	7132.904218			2.0		1.0	1.0					
7137.496	9.743999999999687	trials	3.0	7141.627514	7143.569088	7144.243766	7144.922092	7140.68512	7143.727381999999	7145.026	7147.24	1.0	1.0	1.0	1.0					
7149.08	8.404999999999745	trials	3.0	7152.326278	7153.556291999999	7154.65349	7155.50755	7151.518485999999	7153.906591999999	7155.385	7157.485	1.0	1.0	1.0	1.0					
7159.591	9.72899999999936	trials	3.0	7161.861524	7163.026918			7161.315092	7163.738364			2.0		1.0	1.0					
7170.305	4.21599999999944	trials	3.0	7172.293446	7172.500539999999			7169.333654	7172.49158			1.0		0.0	2.0					
7177.535	11.074999999999818	trials	3.0	7183.627516	7184.7248979999995	7185.983233999999	7186.727526	7182.673782	7185.373822	7186.735	7188.61	1.0	2.0	1.0	1.0					
7190.626	9.418999999999869	trials	3.0	7194.727499999999	7196.767363999999	7197.760128	7198.554424	7193.978932	7197.193696	7198.68	7200.045	1.0	2.0	1.0	1.0					
7202.08	7.180000000000291	trials	3.0	7205.797634	7207.058702	7208.580678	7209.275512	7205.075004	7207.861521999999			1.0	2.0	0.0	3.0					
7211.895	17.299999999999272	trials	3.0	7224.352204	7226.112182	7226.792356	7227.497965999999	7223.774466	7226.171501999999	7227.481	7229.195	1.0	1.0	1.0	1.0					
7233.258	9.627000000000407	trials	3.0	7235.07207	7236.295984			7234.2917099999995	7237.1870579999995			2.0		1.0	1.0					
7243.911	4.779999999999745	trials	3.0	7245.878154	7246.6983979999995			7242.900885999999	7246.685901999999			1.0		0.0	2.0					
7252.711	12.59900000000016	trials	3.0	7260.532222	7262.246674	7264.778474	7265.323682	7259.724039999999	7262.597946			1.0	2.0	0.0	3.0					
7268.141	25.19000000000051	trials	3.0	7287.812672	7289.162098	7290.7819899999995	7291.531204	7286.981685999999	7290.191744	7291.405	7293.331	1.0	1.0	1.0	1.0					
7295.346	9.220000000000255	trials	3.0	7298.862568	7300.311911999999	7301.166028	7301.984084	7297.903118	7300.590434	7301.95	7304.566	1.0	1.0	1.0	1.0					
7308.582	5.82799999999952	trials	3.0	7310.632694	7311.883898	7312.438574	7312.99567	7309.911436	7311.935372	7313.255	7314.41	1.0	2.0	1.0	1.0					
7317.435	7.764999999999418	trials	3.0	7320.647702	7322.65266			7320.132202	7323.035398			2.0		1.0	1.0					
7327.72	6.414999999999964	trials	3.0	7329.709601999999	7331.008098			7329.143564	7331.836966	7333.71	7334.135	2.0		1.0	1.0					
7338.246	4.844000000000051	trials	3.0	7340.124121999999	7341.163979999999	7342.5717859999995	7343.103375999999	7338.722143999999	7341.916289999999			1.0	2.0	0.0	3.0					
7346.934	17.466999999999643	trials	3.0	7360.773066	7362.359616			7360.150804	7362.353034			1.0		0.0	2.0					
7367.415	24.77599999999984	trials	3.0	7388.334486	7389.6569979999995	7391.440632	7392.207822	7387.8091699999995	7390.901432			1.0	2.0	0.0	3.0					
7393.796	14.394999999999527	trials	3.0	7403.923441999999	7405.109597999999			7403.171049999999	7406.005556			2.0		1.0	1.0					
7411.69	8.840000000000146	trials	3.0	7414.287848	7415.489524	7417.68683	7418.503188	7413.293503999999	7416.5015539999995	7418.485	7420.53	1.0	1.0	1.0	1.0					
7422.6	9.774999999999636	trials	3.0	7425.90802	7427.4751	7429.274296	7430.016589999999	7425.346818	7428.5962119999995	7430.205	7432.375	1.0	1.0	1.0	1.0					
7435.18	10.800999999999476	trials	3.0	7437.834652	7439.36938			7437.10978	7440.115736			2.0		1.0	1.0					
7446.665	6.6850000000004	trials	3.0	7448.61284	7449.751654	7450.646091999999	7451.449704	7445.996748	7450.090227999999	7451.37	7453.35	1.0	1.0	1.0	1.0					
7457.415	5.345000000000255	trials	3.0	7459.099294	7460.9146	7462.006735999999	7462.7756819999995	7458.000764	7461.3517679999995			1.0	1.0	0.0	3.0					
7464.325	25.270000000000437	trials	3.0	7485.203175999999	7486.57507	7487.556955999999	7488.191527999999	7484.284662	7487.040703999999	7488.325	7489.595	1.0	2.0	1.0	1.0					
7493.631	5.618999999999687	trials	3.0	7495.808837999999	7497.0294779999995	7498.670947999999	7499.267066	7495.142114	7497.875453999999			1.0	2.0	0.0	3.0					
7500.995	19.215000000000146	trials	3.0	7515.23323	7516.699922	7517.630792	7518.4699439999995	7514.370342	7517.018054	7518.321	7520.21	1.0	1.0	1.0	1.0					
7524.32	5.036000000000058	trials	3.0	7525.88428	7527.360317999999			7524.918599999999	7527.349778			1.0		0.0	2.0					
7531.365	46.63000000000011	trials	3.0	7574.024133999999	7575.435584	7577.443104	7578.011902	7573.295582	7576.886441999999			1.0	2.0	0.0	3.0					
7580.76	21.61499999999978	trials	3.0	7597.21024	7598.448703999999	7599.592801999999	7600.478636	7596.429558	7598.912549999999	7600.441	7602.375	1.0	1.0	1.0	1.0					
7605.415	6.6909999999998035	trials	3.0	7608.618855999999	7610.116023999999			7607.6902039999995	7610.106032			1.0		0.0	2.0					
7615.161	26.798999999999978	trials	3.0	7638.8543979999995	7640.468718	7641.418016	7641.9769479999995	7638.1920279999995	7640.92869			1.0	2.0	0.0	3.0					
7643.781	11.679000000000087	trials	3.0	7649.279258	7650.828992	7652.9789	7653.637014	7648.355739999999	7652.017174	7653.64	7655.46	1.0	1.0	1.0	1.0					
7657.52	10.93499999999949	trials	3.0	7661.77427	7663.011686			7660.796925999999	7663.002135999999			2.0		0.0	2.0					
7669.106	5.628999999999905	trials	3.0	7670.715013999999	7672.436076			7668.471168	7672.524992			2.0		1.0	1.0					
7678.3	7.765999999999622	trials	3.0	7680.299789999999	7681.950935999999	7683.132439999999	7684.040177999999	7679.68678	7682.5306279999995	7683.835	7686.066	1.0	1.0	1.0	1.0					
7689.13	9.715000000000146	trials	3.0	7691.819433999999	7693.849252	7694.76728	7695.8847	7690.8955639999995	7693.879638	7695.52	7698.845	1.0	1.0	1.0	1.0					
7700.97	10.80999999999949	trials	3.0	7703.7148019999995	7705.36853			7702.898492	7705.66762			2.0		1.0	1.0					
7712.401	7.418999999999869	trials	3.0	7714.164376	7715.881754	7719.62226	7719.835633999999	7711.798462	7715.872079999999			2.0		0.0	2.0					
7721.931	10.069000000000415	trials	3.0	7729.0546939999995	7730.446115999999	7731.46462	7732.015041999999	7728.247012	7730.8908599999995			1.0	2.0	0.0	3.0					
7735.79	11.340000000000146	trials	3.0	7741.654584	7743.707908	7744.565316	7745.298462	7741.032858	7744.044096	7745.16	7747.13	1.0	1.0	1.0	1.0					
7749.193	9.24200000000019	trials	3.0	7752.680087999999	7754.444244	7755.390394	7756.219338	7752.049434	7754.760748	7756.085	7758.435	1.0	1.0	1.0	1.0					
7760.405	11.395000000000437	trials	3.0	7764.029632	7765.15126			7763.4309299999995	7766.035137999999			2.0		1.0	1.0					
7772.68	6.684999999999491	trials	3.0	7774.359731999999	7775.712686	7776.578052	7777.514662	7771.818862	7775.701493999999	7777.365	7779.365	1.0	1.0	1.0	1.0					
7783.385	6.229999999999563	trials	3.0	7785.17107	7787.066778			7784.122958	7787.551232			2.0		1.0	1.0					
7792.231	9.609000000000378	trials	3.0	7794.451816	7796.003193999999	7799.0684599999995	7799.935911999999	7793.585972	7798.3047719999995	7799.735	7801.84	1.0	1.0	1.0	1.0					
7805.885	8.010000000000218	trials	3.0	7807.579754	7809.642284	7810.854993999999	7811.717212	7806.769848	7809.9853219999995	7811.52	7813.895	1.0	1.0	1.0	1.0					
7816.006	7.993999999999687	trials	3.0	7818.390197999999	7819.558164	7820.882621999999	7821.6962	7817.673521999999	7820.254912	7821.566	7824.0	1.0	1.0	1.0	1.0					
7827.01	8.659999999999854	trials	3.0	7828.864852	7830.541294	7832.560031999999	7833.417298	7828.216896	7831.899428	7833.481	7835.67	1.0	1.0	1.0	1.0					
7839.6	5.46599999999944	trials	3.0	7841.19018	7843.012192	7844.14105	7844.343106	7839.777959999999	7843.0082919999995			1.0		0.0	2.0					
7848.076	16.59900000000016	trials	3.0	7859.699756	7861.104992	7862.132573999999	7862.969004	7859.107894	7861.562316	7862.85	7864.675	1.0	2.0	1.0	1.0					
7867.695	8.585000000000036	trials	3.0	7872.284728	7874.121502	7875.584956	7876.29829	7871.494948	7874.900987999999			1.0	2.0	0.0	3.0					
7878.945	12.88000000000011	trials	3.0	7885.255697999999	7886.632174	7888.668952	7889.626485999999	7884.721512	7887.875771999999	7889.46	7891.825	1.0	1.0	1.0	1.0					
7894.885	10.484999999999673	trials	3.0	7899.1463	7900.4774959999995	7901.9285199999995	7902.812532	7898.59037	7901.2244519999995	7902.901	7905.37	1.0	1.0	1.0	1.0					
7907.125	10.239999999999782	trials	3.0	7910.990522	7912.605142	7914.209215999999	7915.132272	7910.417554	7913.272218	7914.83	7917.365	1.0	1.0	1.0	1.0					
7919.385	9.024999999999636	trials	3.0	7924.2159759999995	7925.35733			7923.47241	7926.339201999999			2.0		1.0	1.0					
7931.985	5.900000000000546	trials	3.0	7933.850993999999	7935.661733999999	7937.09649	7937.903324	7933.194168	7936.338594			1.0	1.0	0.0	3.0					
7941.455	14.980000000000473	trials	3.0	7949.0870859999995	7950.6116919999995	7954.784557999999	7955.0188259999995	7948.360059999999	7950.5470239999995	7955.5	7956.435	1.0	2.0	1.0	1.0					
7958.477	22.963999999999942	trials	3.0	7979.14337	7980.259217999999	7980.972433999999	7981.457302	7978.4044539999995	7980.452713999999			1.0	1.0	0.0	3.0					
7984.334	10.791000000000167	trials	3.0	7990.587398	7991.971261999999	7993.1059319999995	7993.638784	7989.917568	7992.5635999999995	7993.79	7995.125	1.0	2.0	1.0	1.0					
7998.141	80.3690000000006	trials	3.0	8073.30659	8074.34821	8076.456618	8076.827933999999	8072.559604	8075.657133999999			2.0		0.0	4.0					
8080.56	10.774999999999636	trials	3.0	8085.787456	8087.549434	8088.994989999999	8089.88104	8084.988194	8087.949116	8089.606	8091.335	1.0	1.0	1.0	1.0					
8093.398	11.252999999999702	trials	3.0	8098.2264319999995	8100.0833	8101.323472	8102.147018	8097.4222119999995	8100.679362	8102.165	8104.651	1.0	1.0	1.0	1.0					
8106.715	10.109999999999673	trials	3.0	8111.595146	8112.785599999999	8113.964335999999	8115.001784	8110.722749999999	8113.302446	8114.71	8116.825	1.0	1.0	1.0	1.0					
8120.845	6.824999999999818	trials	3.0	8123.0616979999995	8124.362652			8122.07339	8125.472158			2.0		1.0	1.0					
8131.209	8.676000000000386	trials	3.0	8133.301974	8135.044035999999	8136.839905999999	8137.834362	8132.35298	8136.071978	8137.56	8139.885	1.0	1.0	1.0	1.0					
8141.905	735.5500000000002	BlockDesign														1.0	637.0	676.0	50.0	10.0
8141.905	9.69000000000051	trials	4.0	8145.672866	8147.451209999999	8148.734227999999	8149.760303999999	8144.810034	8147.926971999999	8149.435	8151.595	1.0	1.0	1.0	1.0					
8153.713	13.592000000000553	trials	4.0	8160.7255	8162.253422	8164.804812	8165.69729	8160.50155	8162.920158	8165.405	8167.305	1.0	1.0	1.0	1.0					
8171.425	8.305999999999585	trials	4.0	8173.376	8175.22956	8177.018998	8178.123404	8172.800008	8176.07143	8177.925	8179.731	1.0	1.0	1.0	1.0					
8182.753	8.447000000000116	trials	4.0	8187.43576	8188.864248	8190.767866	8191.203522	8186.773836	8189.99257			1.0	2.0	0.0	3.0					
8195.12	35.79999999999927	trials	4.0	8225.770856	8227.308026	8230.102499999999	8230.925258	8225.141604	8229.40496			1.0	1.0	0.0	3.0					
8232.43	14.110000000000582	trials	4.0	8240.020752	8242.026656	8244.283498	8245.041162	8239.37667	8243.502562	8245.01	8246.54	1.0	2.0	1.0	1.0					
8248.56	9.313000000000102	trials	4.0	8254.322976	8255.717922	8257.312674	8257.873384	8253.541436	8256.513676			1.0	1.0	0.0	3.0					
8261.655	17.554999999998472	trials	4.0	8274.65087	8276.63301			8273.909594	8277.06141			2.0		1.0	1.0					
8282.717	7.832999999998719	trials	4.0	8286.226096	8287.778372			8285.626314	8288.351278			2.0		1.0	1.0					
8294.115	5.854999999999563	trials	4.0	8295.801152	8297.543474	8299.252768	8299.973406	8294.884372	8298.27366			1.0	1.0	0.0	3.0					
8302.585	8.385000000000218	trials	4.0	8308.49203	8309.960508	8310.553518	8310.972072	8307.760422	8310.009			1.0	2.0	0.0	3.0					
8312.88	10.970000000001164	trials	4.0	8319.275972	8320.715496			8318.283338	8321.1943	8322.955	8323.85	2.0		1.0	1.0					
8326.922	15.772999999999229	trials	4.0	8334.431168	8335.50366	8339.226608	8339.970364	8333.52671	8336.771272	8339.87	8342.695	1.0	1.0	1.0	1.0					
8344.715	8.69000000000051	trials	4.0	8348.806196	8350.058101999999	8351.412328	8352.09143	8348.028232	8350.001746	8352.22	8353.405	1.0	1.0	1.0	1.0					
8355.459	6.9909999999999854	trials	4.0	8359.521098	8360.653312	8361.929958	8362.45584	8358.591148	8360.999068			1.0	1.0	0.0	3.0					
8364.293	10.256999999999607	trials	4.0	8371.89631	8373.003368	8374.090942	8374.553233999999	8370.978452	8373.528612			1.0	2.0	0.0	3.0					
8377.415	13.369999999998981	trials	4.0	8386.856404	8387.940346	8390.290316	8390.790474	8385.961312	8389.670254			1.0	1.0	0.0	3.0					
8392.675	25.63000000000102	trials	4.0	8413.726394	8415.723482			8412.984926	8416.044226			2.0		1.0	1.0					
8422.747	7.234000000000378	trials	4.0	8424.346878	8425.512574	8427.411294	8428.23518	8423.746492	8426.608266	8428.13	8429.981	1.0	1.0	1.0	1.0					
8434.003	10.813000000000102	trials	4.0	8437.988246	8439.18853	8441.528236	8442.465106	8437.453054	8440.82376			1.0	1.0	0.0	3.0					
8444.865	23.988999999999578	trials	4.0	8464.917234	8466.84549			8464.334378	8466.810556			2.0		1.0	1.0					
8472.435	7.149999999999636	trials	4.0	8475.717352	8477.081662			8474.77638	8477.529174			2.0		1.0	1.0					
8484.135	10.265999999999622	trials	4.0	8487.847099999999	8489.39353	8491.776114	8492.529368	8487.03507	8489.89496	8492.566	8494.401	1.0	1.0	1.0	1.0					
8497.515	9.650000000001455	trials	4.0	8500.852122	8501.948918	8504.122294	8505.135858	8500.29495	8503.413234	8504.865	8507.165	1.0	1.0	1.0	1.0					
8511.182	6.647999999999229	trials	4.0	8513.368028	8515.164486	8517.190935999999	8517.834302	8512.426366	8515.801132			1.0	1.0	0.0	3.0					
8521.512	55.28799999999865	trials	4.0	8572.373022	8573.581184	8576.351996	8576.805838	8571.564328	8575.728486			1.0	2.0	0.0	3.0					
8579.685	12.015000000001237	trials	4.0	8588.232144	8589.381598	8591.116899999999	8591.70244	8587.244088	8590.440434			1.0	1.0	0.0	3.0					
8593.481	15.420000000000073	trials	4.0	8603.448908	8604.709568	8606.76698	8607.585302	8602.799824	8606.085424	8607.57	8608.901	1.0	2.0	1.0	1.0					
8612.965	7.844999999999345	trials	4.0	8616.802776	8618.300972			8615.989994	8618.63604			2.0		1.0	1.0					
8623.42	7.094999999999345	trials	4.0	8626.277474	8627.959736			8625.30665	8628.297144			2.0		1.0	1.0					
8635.129	8.27599999999984	trials	4.0	8636.949442	8638.384344	8640.725736	8641.391514	8635.713428	8640.12964	8641.575	8643.405	1.0	1.0	1.0	1.0					
8647.425	6.360000000000582	trials	4.0	8649.92399	8651.139198	8653.036084	8653.788356	8649.08199	8652.24498			1.0	1.0	0.0	3.0					
8655.37	10.494999999998981	trials	4.0	8662.13793	8664.099262	8665.280386	8665.871774	8661.244142	8664.711908			1.0	2.0	0.0	3.0					
8669.658	10.408000000001266	trials	4.0	8675.868468	8677.504716			8674.882002	8677.776418			2.0		1.0	1.0					
8682.606	6.054000000000087	trials	4.0	8685.762774	8687.098344	8688.154458	8688.666846	8685.07131	8687.575744			1.0	1.0	0.0	3.0					
8690.481	105.2440000000006	trials	4.0	8791.848266	8793.465038	8795.065202	8795.729534	8791.169214	8794.35751			1.0	1.0	0.0	3.0					
8798.415	9.709999999999127	trials	4.0	8804.558348	8806.125356	8806.717622	8806.885664	8803.87084	8806.116556			1.0		0.0	2.0					
8812.14	10.225000000000364	trials	4.0	8819.128806	8820.737476	8821.920474	8822.370988	8818.383124	8821.330888			1.0	1.0	0.0	3.0					
8826.305	39.43000000000029	trials	4.0	8861.2237	8862.426392			8860.424116	8863.531084			2.0		1.0	1.0					
8868.245	9.209999999999127	trials	4.0	8872.124468	8873.839898	8875.611878	8876.183784	8871.55991	8874.580898	8876.425	8877.455	1.0	1.0	1.0	1.0					
8881.503	505.2569999999996	BlockDesign														1.0	677.0	703.0	10.0	50.0
8881.503	6.471999999999753	trials	5.0	8883.903944	8885.561084	8887.3801	8887.979506	8882.994386	8886.701494			1.0	1.0	0.0	3.0					
8891.74	59.93499999999949	trials	5.0	8948.584601999999	8950.287674	8951.311408	8951.681038	8947.899974	8950.845606			1.0	2.0	0.0	3.0					
8953.655	22.264999999999418	trials	5.0	8972.9343	8974.225718	8975.49961	8975.927716	8972.19415	8974.954284			1.0	2.0	0.0	3.0					
8977.83	31.611000000000786	trials	5.0	9005.644208	9007.041496	9008.85867	9009.444546	9005.117984	9008.347838			1.0	2.0	0.0	3.0					
9013.236	14.567999999999302	trials	5.0	9023.49127	9025.22142			9022.980922	9025.512168			2.0		1.0	1.0					
9031.256	6.895000000000437	trials	5.0	9035.02894	9036.638184	9037.6619	9038.158448	9034.124866	9037.057462			1.0	1.0	0.0	3.0					
9039.985	42.719999999999345	trials	5.0	9079.036536	9080.431414	9082.174392	9082.712204	9078.420982	9081.701767999999			1.0	1.0	0.0	3.0					
9084.51	68.14999999999964	trials	5.0	9147.71997	9149.537892	9150.920924	9151.22914	9147.20385	9150.107726	9151.675	9152.66	1.0	2.0	1.0	1.0					
9154.683	7.571999999998297	trials	5.0	9158.795478	9160.457064	9161.673028	9162.263966	9158.03873	9161.15663			1.0	2.0	0.0	3.0					
9166.051	11.899000000001251	trials	5.0	9171.241332	9172.475952	9174.9353	9176.034368	9170.705698	9174.303246	9175.71	9177.95	1.0	1.0	1.0	1.0					
9181.995	11.719999999999345	trials	5.0	9190.585512	9191.886817999999	9193.210458	9193.723702	9189.624426	9192.591222			1.0	2.0	0.0	3.0					
9195.54	11.929999999998472	trials	5.0	9202.795598	9204.223698	9206.792562	9207.479318	9201.90949	9205.5734			1.0	1.0	0.0	3.0					
9211.135	25.295000000000073	trials	5.0	9230.375778	9231.413262	9234.215044	9234.81472	9229.491896	9232.628708	9234.965	9236.43	1.0	2.0	1.0	1.0					
9239.508	9.67699999999968	trials	5.0	9244.050434	9245.12736	9246.752732	9247.475126	9243.367202	9246.096068	9247.57	9249.185	1.0	2.0	1.0	1.0					
9252.205	9.77599999999984	trials	5.0	9256.195356	9257.33721	9259.502064	9260.439684	9255.4215	9258.903954	9260.21	9261.981	1.0	2.0	1.0	1.0					
9264.0	9.575000000000728	trials	5.0	9267.805562	9268.892056	9270.941616	9271.929956	9267.167362	9270.285636	9271.63	9273.575	1.0	2.0	1.0	1.0					
9276.625	9.2450000000008	trials	5.0	9281.425502	9283.307278			9280.74565	9283.639764			2.0		1.0	1.0					
9288.35	8.135000000000218	trials	5.0	9290.7801	9292.271832	9293.83473	9294.873255999999	9289.818432	9293.095944	9294.655	9296.485	1.0	2.0	1.0	1.0					
9299.54	6.824999999998909	trials	5.0	9302.131898	9303.602028			9301.149848000001	9303.951212			2.0		1.0	1.0					
9309.892	7.472999999999956	trials	5.0	9311.73539	9313.637054	9314.882508	9315.677158	9310.29655	9314.190114	9315.68	9317.365	1.0	2.0	1.0	1.0					
9321.395	5.591000000000349	trials	5.0	9323.952318	9325.196994	9326.064764	9326.995412	9323.008326	9325.52643			1.0	2.0	0.0	3.0					
9329.394	8.575999999999112	trials	5.0	9334.666052	9336.24486	9337.414104	9337.979446	9333.81876	9336.805666			1.0	2.0	0.0	3.0					
9340.74	7.440000000000509	trials	5.0	9344.235182	9345.33623			9343.306376	9345.947862			2.0		1.0	1.0					
9350.691	6.283999999999651	trials	5.0	9352.881844	9354.021526			9352.310902	9354.731316	9356.445	9356.975	2.0		1.0	1.0					
9359.995	8.429999999998472	trials	5.0	9362.280258	9363.847292	9365.972806	9366.939546	9361.618094	9365.355376	9366.79	9368.425	1.0	2.0	1.0	1.0					
9372.485	5.799999999999272	trials	5.0	9374.037058	9375.682278			9373.346574	9376.098262			2.0		1.0	1.0					
9380.771	5.988999999999578	trials	5.0	9383.47074	9385.1727	9386.722962	9387.401448	9382.506564	9385.945294			1.0	2.0	0.0	3.0					
9391.07	1249.9050000000007	BlockDesign														1.0	704.0	767.0	50.0	10.0
9391.07	6.489999999999782	trials	6.0	9393.230562	9394.84398	9397.018208	9397.567354	9392.684546	9396.448932			1.0	1.0	0.0	3.0					
9400.401	41.35499999999956	trials	6.0	9437.601046	9438.746732			9437.050162	9439.575316			2.0		1.0	1.0					
9445.316	48.04399999999987	trials	6.0	9488.016594	9489.840774	9491.291614	9491.94149	9487.495696	9490.525486	9492.055	9493.36	1.0	1.0	1.0	1.0					
9497.43	39.30500000000029	trials	6.0	9532.841926000001	9534.81769	9536.120762	9536.744054	9531.951968	9535.300622			1.0	2.0	0.0	3.0					
9540.495	25.24499999999898	trials	6.0	9561.521725999999	9562.92794			9560.765818	9563.499098			2.0		1.0	1.0					
9569.21	5.260000000000218	trials	6.0	9570.75172	9572.19171	9573.984456	9574.477802	9569.783112	9573.3667			1.0	1.0	0.0	3.0					
9576.37	24.229999999999563	trials	6.0	9596.396362	9598.093671999999			9595.626604000001	9598.1357			2.0		1.0	1.0					
9603.12	6.5349999999998545	trials	6.0	9606.28848	9608.076254	9609.110082	9609.666251999999	9605.285202	9608.483326			1.0	2.0	0.0	3.0					
9613.43	18.69000000000051	trials	6.0	9625.773716	9627.580218	9629.708456	9630.487322	9625.162304	9629.08232	9630.526	9632.12	1.0	1.0	1.0	1.0					
9636.14	10.415000000000873	trials	6.0	9640.218258	9642.058798	9644.151414	9645.038489999999	9639.467384	9643.121104	9644.92	9646.555	1.0	1.0	1.0	1.0					
9648.62	8.0049999999992	trials	6.0	9652.316913999999	9653.579942			9651.757418	9654.525466	9656.215	9656.38	2.0		1.0	1.0					
9660.151	33.52399999999943	trials	6.0	9689.112068	9690.75924	9692.949202	9693.681722	9688.590978	9692.290704			1.0	1.0	0.0	3.0					
9695.316	8.914999999999054	trials	6.0	9700.946592	9702.801088	9703.734374	9704.240217999999	9700.166732	9703.19961			1.0	2.0	0.0	3.0					
9707.07	21.00500000000102	trials	6.0	9721.757518	9723.54446	9724.9578	9725.487578	9720.760634	9724.406176			1.0	2.0	0.0	3.0					
9728.28	17.084999999999127	trials	6.0	9742.843036	9744.142872	9744.948958	9745.373372	9742.27962	9744.491016			1.0	2.0	0.0	3.0					
9749.27	10.81499999999869	trials	6.0	9754.401844	9756.258937999999	9757.721718	9758.485816	9753.595174	9756.616622	9758.485	9760.085	1.0	1.0	1.0	1.0					
9762.115	7.0	trials	6.0	9765.697074	9767.11365	9768.116034	9769.12527	9764.845212	9767.550694			1.0	1.0	0.0	3.0					
9771.481	10.53900000000067	trials	6.0	9777.722486	9778.961956			9777.130736	9779.825196			2.0		1.0	1.0					
9784.535	14.354999999999563	trials	6.0	9791.652324	9792.94248	9795.98409	9796.90762	9790.85224	9795.27624	9796.85	9798.89	1.0	1.0	1.0	1.0					
9800.602	7.338999999999942	trials	6.0	9804.198384	9806.120906	9807.308698	9807.947866	9803.6071	9806.687724			1.0	2.0	0.0	3.0					
9810.645	23.395000000000437	trials	6.0	9829.96288	9831.488948			9829.110794	9832.02722			2.0		1.0	1.0					
9837.58	7.030000000000655	trials	6.0	9839.60748	9841.082384	9842.45897	9843.047792	9838.940414	9841.65812			1.0	2.0	0.0	3.0					
9846.78	10.286000000000058	trials	6.0	9854.039272	9855.24985	9856.469642	9857.074644	9853.357104	9855.95116			1.0	2.0	0.0	3.0					
9858.8	21.570000000001528	trials	6.0	9875.744476	9877.457006	9879.681334	9880.381112	9875.126094	9879.06517			1.0	1.0	0.0	3.0					
9882.0	37.23099999999977	trials	6.0	9911.673402	9913.258882	9915.411024	9916.267642	9910.755852	9914.794338	9916.13	9919.231	1.0	1.0	1.0	1.0					
9923.295	5.625	trials	6.0	9925.119552	9926.554552	9928.322412	9928.930594	9924.479606	9927.415445999999			1.0	1.0	0.0	3.0					
9930.695	15.625	trials	6.0	9942.17815	9943.949704	9945.46364	9946.330222	9941.484724	9944.76189			1.0	2.0	0.0	3.0					
9948.785	11.159999999999854	trials	6.0	9956.708876	9957.774666	9959.294266	9959.957632	9956.1583	9958.725354			1.0	2.0	0.0	3.0					
9962.67	10.935999999999694	trials	6.0	9969.86988	9971.198304	9972.537698	9973.31794	9969.052688	9971.966026			1.0	1.0	1.0	1.0					
9977.14	10.075000000000728	trials	6.0	9983.5463	9985.215268			9982.964852000001	9985.197526			2.0		0.0	2.0					
9989.225	46.274999999999636	trials	6.0	10029.193436	10030.666732	10032.38509	10033.314898	10028.66083	10031.83189	10033.045	10035.5	1.0	1.0	1.0	1.0					
10038.816	9.429000000000087	trials	6.0	10044.335126	10046.24696			10043.366616	10046.242422			1.0		0.0	2.0					
10050.26	13.485000000000582	trials	6.0	10061.22877	10062.498	10063.271368	10063.755442	10060.225792	10062.817998			1.0	2.0	0.0	3.0					
10067.59	72.89099999999962	trials	6.0	10137.068516	10138.767042	10139.787012	10140.491538	10136.271184	10139.269086			1.0	1.0	0.0	3.0					
10144.1	21.24499999999898	trials	6.0	10161.849116	10162.984339999999	10164.920092	10165.358512	10161.210308	10164.406034			1.0	2.0	0.0	3.0					
10169.255	17.7400000000016	trials	6.0	10182.783812	10183.991998			10181.869356	10184.944954			2.0		1.0	1.0					
10191.57	5.456000000000131	trials	6.0	10194.054058	10195.271102	10196.526156	10197.037588	10193.414064	10195.940564			1.0	1.0	0.0	3.0					
10198.856	11.559000000001106	trials	6.0	10206.893982	10208.444864000001	10209.648156	10210.42687	10205.988766	10209.101078			1.0	2.0	0.0	3.0					
10212.967	14.592999999998938	trials	6.0	10221.184042	10222.391868	10225.585388	10226.188538	10220.462158	10224.294506	10226.47	10227.56	1.0	1.0	1.0	1.0					
10230.675	9.630000000001019	trials	6.0	10236.081114	10238.070768	10239.682218	10240.31425	10235.47139	10239.075434			1.0	1.0	0.0	3.0					
10243.04	13.784999999999854	trials	6.0	10250.394454	10252.340135999999	10254.868346	10255.530072	10249.859056	10252.848998	10255.566	10256.825	1.0	1.0	1.0	1.0					
10258.89	12.305000000000291	trials	6.0	10263.05892	10264.418416			10262.295656	10264.803654			2.0		1.0	1.0					
10271.445	6.2150000000001455	trials	6.0	10273.459616	10275.113293999999			10271.207301999999	10275.36454			2.0		1.0	1.0					
10280.175	65.71600000000035	trials	6.0	10342.224566	10343.832998	10344.426092	10344.904102	10341.46282	10343.82733			1.0		0.0	2.0					
10347.945	18.645000000000437	trials	6.0	10360.70636	10362.40821	10363.184564	10363.834814	10359.870896	10362.687144	10364.005	10366.59	1.0	1.0	1.0	1.0					
10369.18	10.409999999999854	trials	6.0	10375.395034000001	10376.83071	10377.647566	10378.240012	10374.434138	10377.110934	10378.37	10379.59	1.0	1.0	1.0	1.0					
10383.6	4.609999999998763	trials	6.0	10385.625558	10386.779406	10387.494738	10388.221916	10383.612018	10386.83892			1.0	1.0	0.0	3.0					
10390.816	8.759000000000015	trials	6.0	10395.264996	10396.978078			10394.661866	10397.3596			2.0		1.0	1.0					
10403.045	6.030000000000655	trials	6.0	10404.659466000001	10405.962174	10406.836358	10407.450008	10403.752368	10406.33928			1.0	1.0	0.0	3.0					
10409.2	13.200999999999112	trials	6.0	10418.175086	10420.055798			10417.322444	10420.186462			2.0		1.0	1.0					
10425.86	5.269999999998618	trials	6.0	10427.574896	10429.441652	10430.327958	10431.144072	10426.336634	10429.719658			1.0	1.0	0.0	3.0					
10432.65	16.965000000000146	trials	6.0	10446.765752	10448.326860000001	10449.161914	10449.626414	10446.0859	10448.657204			1.0	2.0	0.0	3.0					
10451.533	11.377000000000407	trials	6.0	10458.041846	10459.748188	10460.757443999999	10461.540826	10457.472452	10460.20225	10461.45	10462.91	1.0	1.0	1.0	1.0					
10464.936	7.34900000000016	trials	6.0	10467.785172	10469.72678			10467.07973	10470.085766			2.0		1.0	1.0					
10475.784	35.19100000000071	trials	6.0	10507.466058	10509.413652	10510.214877999999	10510.98739	10506.462748	10509.73816			1.0	1.0	0.0	3.0					
10513.53	9.344999999999345	trials	6.0	10519.905328	10520.98077	10522.092686	10522.889894	10518.902738	10521.582972			1.0	2.0	0.0	3.0					
10524.415	20.81999999999971	trials	6.0	10539.29228	10540.400284	10542.79654	10543.860843999999	10538.478181999999	10542.076092	10543.655	10545.235	1.0	1.0	1.0	1.0					
10548.251	7.638999999999214	trials	6.0	10552.54752	10554.327014	10555.213098	10555.90065	10551.602434	10554.687896			1.0	1.0	0.0	3.0					
10557.53	17.200999999999112	trials	6.0	10571.075362	10572.952056	10574.021802	10574.74392	10570.203994	10573.444992			1.0	2.0	0.0	3.0					
10578.356	17.53399999999965	trials	6.0	10592.23568	10594.04493	10595.282696	10595.903964000001	10591.318492	10594.662296			1.0	1.0	0.0	3.0					
10598.64	11.06500000000051	trials	6.0	10605.546084	10606.701098			10604.673792	10607.502118			2.0		1.0	1.0					
10612.22	10.290000000000873	trials	6.0	10617.690614	10618.89612	10620.51145	10621.212836	10616.724914	10619.943048000001	10621.175	10622.51	1.0	1.0	1.0	1.0					
10626.54	9.429999999998472	trials	6.0	10628.195572	10629.314208			10627.100151999999	10629.969860000001			2.0		1.0	1.0					
10636.585	4.390000000001237	trials	6.0	10638.176304	10640.012738	10640.903934	10641.565548	10635.9839	10640.157732			1.0	1.0	0.0	3.0					
10643.225	9247.525	BlockDesign														0.0	768.0	1038.0	90.0	50.0
10643.225	21.034999999999854	trials	7.0	10659.240722	10660.317596	10662.292952	10663.09369	10658.331514	10661.793888	10663.08	10664.26	1.0	1.0	1.0	1.0					
10667.278	6.1819999999988795	trials	7.0	10669.131296	10670.650618			10668.582935999999	10671.199756			2.0		1.0	1.0					
10676.935	7.18500000000131	trials	7.0	10678.51159	10680.3228	10681.43843	10682.414728	10677.07428	10680.746522			1.0	2.0	0.0	3.0					
10684.755	10.976000000000568	trials	7.0	10691.365934	10692.419278			10690.402266000001	10693.425876			2.0		1.0	1.0					
10700.231	5.939000000000306	trials	7.0	10702.79269	10704.173304			10701.800076	10704.165242			1.0		0.0	2.0					
10709.18	15.610000000000582	trials	7.0	10719.266276	10720.859511999999	10722.918282	10723.506586	10718.756465999999	10722.094034	10723.595	10724.79	1.0	2.0	1.0	1.0					
10727.86	8.484999999998763	trials	7.0	10731.031248	10732.80973	10734.099858	10734.931288	10730.494232000001	10733.495633999999	10734.816	10736.345	1.0	2.0	1.0	1.0					
10738.41	11.281000000000859	trials	7.0	10741.906382000001	10743.739604			10741.046426	10744.00458			2.0		1.0	1.0					
10750.834	4.880999999999403	trials	7.0	10752.811776	10753.663692			10749.70491	10753.654804			1.0		0.0	2.0					
10758.775	11.575000000000728	trials	7.0	10763.726812	10765.153564	10767.656439999999	10768.48159	10763.067624	10767.026996	10768.46	10770.35	1.0	1.0	1.0	1.0					
10772.37	8.199999999998909	trials	7.0	10775.006738	10776.466566	10777.840952	10778.739806	10774.083034	10777.140314	10778.685	10780.57	1.0	1.0	1.0	1.0					
10782.61	7.375	trials	7.0	10785.422098	10787.143564			10784.623488	10787.891952			2.0		1.0	1.0					
10792.521	10.703999999999724	trials	7.0	10797.951776	10799.835138	10800.622314	10801.479804	10797.147414	10800.011064	10801.401	10803.225	1.0	1.0	1.0	1.0					
10807.291	5.34400000000096	trials	7.0	10809.241306	10810.578838			10807.493002	10810.56769			1.0		0.0	2.0					
10814.642	15.19800000000032	trials	7.0	10825.092332	10826.251634	10827.73216	10828.435676000001	10824.425394	10827.22395	10828.455	10829.84	1.0	2.0	1.0	1.0					
10833.91	6.260000000000218	trials	7.0	10835.537378	10837.355064			10834.67451	10837.945478			2.0		1.0	1.0					
10844.64	5.855000000001382	trials	7.0	10846.201668	10847.45246	10850.05215	10850.51088	10844.723539999999	10847.443512			2.0		0.0	2.0					
10852.5	13.93499999999949	trials	7.0	10857.14219	10859.009136	10860.126562	10860.926722	10856.317342	10859.608081999999	10860.805	10862.62	1.0	1.0	1.0	1.0					
10866.67	10.480999999999767	trials	7.0	10868.3223	10869.769816	10870.770424	10871.657834	10866.450358	10870.22813	10871.455	10873.455	1.0	1.0	1.0	1.0					
10877.525	6.305000000000291	trials	7.0	10879.227676	10880.67302	10881.50864	10882.424476	10877.16675	10881.013235999999	10882.14	10883.83	1.0	1.0	1.0	1.0					
10885.893	7.798000000000684	trials	7.0	10888.062168	10890.045377999999	10890.946297999999	10891.707512	10887.274092	10890.389786	10891.776	10893.691	1.0	1.0	1.0	1.0					
10896.725	7.449999999998909	trials	7.0	10898.737868	10900.145919999999	10901.070618	10901.787142000001	10897.391354	10900.507516	10901.776	10904.175	1.0	1.0	1.0	1.0					
10906.943	10.027000000000044	trials	7.0	10908.748889999999	10910.089394	10911.140276	10911.685914	10907.851844	10910.52234	10911.995	10913.026	1.0	2.0	1.0	1.0					
10917.13	5.0350000000016735	trials	7.0	10919.017864	10920.710500000001	10921.5705	10922.179598	10916.982774	10921.092556			1.0	2.0	0.0	3.0					
10923.935	12.165000000000873	trials	7.0	10930.767404	10932.61862	10933.234614	10934.024872	10929.84626	10932.693528	10934.185	10936.1	1.0	1.0	1.0	1.0					
10938.175	12.625	trials	7.0	10940.867448	10942.256936	10943.994282	10944.724692	10940.356960000001	10943.392154000001	10944.835	10946.86	1.0	1.0	1.0	1.0					
10950.877	6.967999999998938	trials	7.0	10952.772778	10953.952884	10954.900832	10955.70239	10950.812194	10954.27688	10955.57	10957.845	1.0	1.0	1.0	1.0					
10959.941	5.948999999998705	trials	7.0	10962.402492000001	10964.144328	10965.127388	10965.902168	10961.790818	10964.363346			1.0	1.0	0.0	3.0					
10969.495	10.28099999999904	trials	7.0	10974.772742000001	10976.714705999999			10973.853744	10977.535324			2.0		1.0	1.0					
10983.29	5.940999999998894	trials	7.0	10985.91208	10987.439114	10988.75151	10989.244176	10985.021757999999	10988.130624			1.0	2.0	0.0	3.0					
10991.07	28.871000000001004	trials	7.0	11012.008074	11013.274342			11011.126622	11013.833139999999			2.0		1.0	1.0					
11020.542	4.728000000000975	trials	7.0	11022.30314	11023.211094			11019.956606	11023.207486			1.0		0.0	2.0					
11027.326	12.389000000001033	trials	7.0	11034.37129	11035.729602	11037.354518	11038.240048	11033.552044	11036.753464	11038.06	11039.715	1.0	2.0	1.0	1.0					
11041.785	9.755000000001019	trials	7.0	11046.398036	11047.704332	11049.172480000001	11049.98822	11045.789218	11048.464592	11049.84	11051.54	1.0	2.0	1.0	1.0					
11054.51	7.729999999999563	trials	7.0	11057.527802	11059.429686			11056.828374	11060.13235			2.0		1.0	1.0					
11065.755	6.795000000000073	trials	7.0	11067.642886	11069.179748	11070.116624	11070.914944	11066.104847999999	11069.521358	11070.92	11072.55	1.0	2.0	1.0	1.0					
11074.567	6.838000000001557	trials	7.0	11078.152964	11080.13056	11080.718772	11081.42185	11077.286886	11080.16841			1.0	2.0	0.0	3.0					
11083.045	11.364999999999782	trials	7.0	11089.653097999999	11091.406579999999			11089.052432	11092.175052			2.0		1.0	1.0					
11097.922	5.85399999999936	trials	7.0	11099.558104	11101.562861999999			11098.506492	11101.548896	11103.205	11103.776	2.0		1.0	1.0					
11106.792	6.109000000000378	trials	7.0	11109.093219999999	11111.115822	11112.280598	11112.916018	11108.225778	11111.530038			1.0	2.0	0.0	3.0					
11116.59	12.194999999999709	trials	7.0	11123.412914	11125.014422	11126.331558	11127.28248	11122.507742	11125.60584	11127.13	11128.785	1.0	1.0	1.0	1.0					
11130.845	10.725000000000364	trials	7.0	11134.648626	11136.577984	11138.556381999999	11139.352232	11133.723234000001	11137.467964	11139.375	11141.57	1.0	1.0	1.0	1.0					
11144.61	7.974999999998545	trials	7.0	11146.72855	11147.820366	11149.533496	11150.319878	11146.146372	11148.856708	11150.405	11152.585	1.0	1.0	1.0	1.0					
11155.635	8.635000000000218	trials	7.0	11160.618312	11162.220764			11159.701206	11162.216794			1.0		0.0	2.0					
11167.321	12.058999999999287	trials	7.0	11175.500536	11177.315504	11178.957222000001	11179.395738	11174.795076	11178.358514			1.0	2.0	0.0	3.0					
11181.305	14.324999999998909	trials	7.0	11190.328512	11192.158714000001	11192.978164	11193.787062	11189.66808	11192.160764	11193.691	11195.63	1.0	1.0	1.0	1.0					
11197.705	11.31500000000051	trials	7.0	11200.519048	11202.119926			11199.980102	11202.868914			2.0		1.0	1.0					
11209.655	7.234999999998763	trials	7.0	11211.420512	11212.912004	11214.031132	11214.887334	11209.037103999999	11213.410252	11214.845	11216.89	1.0	1.0	1.0	1.0					
11220.955	7.305000000000291	trials	7.0	11222.67037	11223.940522	11225.295032	11226.177953999999	11221.479578	11224.444442	11226.106	11228.26	1.0	1.0	1.0	1.0					
11232.285	7.389999999999418	trials	7.0	11234.238738	11235.889198	11236.82285	11237.61319	11233.360764000001	11236.198006	11237.515	11239.675	1.0	1.0	1.0	1.0					
11242.732	11.028000000000247	trials	7.0	11244.863672	11246.285174	11247.441604	11248.31581	11244.29018	11246.780118	11248.08	11250.295	1.0	1.0	1.0	1.0					
11254.32	7.649999999999636	trials	7.0	11256.250329999999	11258.297084	11258.989862	11259.792787999999	11253.775256	11258.510764	11259.745	11261.97	1.0	1.0	1.0	1.0					
11264.811	6.6340000000000146	trials	7.0	11266.625894	11267.922468	11269.46622	11270.077336	11266.047677999999	11268.739264	11270.191	11271.445	1.0	2.0	1.0	1.0					
11275.515	5.770000000000437	trials	7.0	11277.399506	11279.238078			11275.49294	11279.209732			2.0		1.0	1.0					
11285.795	5.239999999999782	trials	7.0	11287.703966000001	11288.892964	11290.289942	11291.050662	11286.258396000001	11289.584956			1.0	2.0	0.0	3.0					
11294.646	16.943999999999505	trials	7.0	11305.670908	11307.422266	11308.783602	11309.720528	11304.802554	11308.173028000001	11309.47	11311.59	1.0	1.0	1.0	1.0					
11313.608	7.242000000000189	trials	7.0	11317.679274	11319.205536	11320.260616	11320.865334	11316.872522	11319.571686			1.0	2.0	0.0	3.0					
11323.62	9.739999999999782	trials	7.0	11328.704098	11330.816316			11327.927154	11331.088996			2.0		1.0	1.0					
11335.945	8.135000000000218	trials	7.0	11338.819676	11340.415702	11341.452308	11342.375466	11337.879026	11340.78852	11342.2	11344.08	1.0	1.0	1.0	1.0					
11347.14	7.5349999999998545	trials	7.0	11349.129792	11350.587373999999	11351.54554	11352.440826	11348.378802	11350.902554	11352.295	11354.675	1.0	1.0	1.0	1.0					
11358.736	5.518999999998414	trials	7.0	11360.625986	11362.260968			11359.520016	11362.246508			1.0		0.0	2.0					
11366.265	14.710000000000946	trials	7.0	11376.914158	11378.659562	11380.578198	11380.99045	11376.389192	11379.958098			1.0	2.0	0.0	3.0					
11382.885	18.3799999999992	trials	7.0	11395.173214	11396.713904	11398.590342	11399.32905	11394.483414	11397.670276	11399.47	11401.265	1.0	1.0	1.0	1.0					
11405.32	12.161000000000058	trials	7.0	11407.100036	11408.856422	11410.43563	11411.353166	11406.373892	11409.6626	11411.2	11413.55	1.0	1.0	1.0	1.0					
11417.658	5.891999999999825	trials	7.0	11419.614458	11420.852948	11421.63553	11422.35121	11417.497965999999	11421.17608	11422.43	11423.55	1.0	1.0	1.0	1.0					
11426.615	4.697000000000116	trials	7.0	11428.755474	11429.981522	11430.931284	11431.32827	11428.166818	11430.380082			1.0	2.0	0.0	3.0					
11433.205	13.969999999999345	trials	7.0	11442.49456	11444.871149999999			11441.839906000001	11444.892972			2.0		1.0	1.0					
11450.665	6.884999999998399	trials	7.0	11452.586712	11454.106828	11454.9765	11455.670418	11451.496852	11454.365104	11455.615	11457.55	1.0	1.0	1.0	1.0					
11459.481	7.914000000000669	trials	7.0	11463.72564	11465.402124			11463.042414	11465.398056			1.0		0.0	2.0					
11470.445	8.56500000000051	trials	7.0	11474.824668	11476.857508000001	11478.442012	11479.027212	11474.285422	11477.795476			1.0	2.0	0.0	3.0					
11480.75	10.469999999999345	trials	7.0	11488.47569	11489.874866	11490.608548	11491.237254	11487.779118	11490.091138			1.0	1.0	0.0	3.0					
11493.915	77.8799999999992	trials	7.0	11566.99027	11568.977278	11569.808878	11570.379694	11565.995464	11569.299042	11570.47	11571.795	1.0	2.0	1.0	1.0					
11573.901	8.314000000000306	trials	7.0	11577.870256	11578.966456			11577.037196	11579.851396			2.0		1.0	1.0					
11585.742	8.792999999999665	trials	7.0	11590.42178	11591.54048			11589.78632	11592.30939			2.0		1.0	1.0					
11597.047	7.3179999999993015	trials	7.0	11599.266336	11601.016644	11601.622864	11602.666116	11598.291278	11601.048292	11602.28	11604.365	1.0	2.0	1.0	1.0					
11607.385	8.470999999999549	trials	7.0	11611.535404	11612.805862000001			11610.628814	11613.204054			2.0		1.0	1.0					
11620.32	29.920000000000073	trials	7.0	11646.631261999999	11648.251212	11649.209182	11649.919268	11645.685948	11648.241152			1.0		0.0	2.0					
11654.26	9.43499999999949	trials	7.0	11657.700694	11658.910226	11661.067318	11661.71278	11656.996426	11659.871589999999	11661.895	11663.695	1.0	1.0	1.0	1.0					
11665.79	8.404999999998836	trials	7.0	11668.905546	11670.718359999999	11671.639606	11672.346624	11668.087554	11671.025494	11672.445	11674.195	1.0	1.0	1.0	1.0					
11676.257	8.378000000000611	trials	7.0	11679.315858	11680.748954	11682.508724	11683.219982	11678.618548	11681.663648	11683.255	11684.635	1.0	2.0	1.0	1.0					
11687.695	6.170000000000073	trials	7.0	11690.360648	11692.422726	11693.20336	11693.882784	11689.614348	11692.70521			1.0	2.0	0.0	3.0					
11696.51	9.975000000000364	trials	7.0	11701.357157999999	11703.339996	11704.001898	11704.719902	11700.422864	11703.328172	11704.755	11706.485	1.0	1.0	1.0	1.0					
11710.594	7.311000000001513	trials	7.0	11712.31644	11714.15299	11715.120208	11715.855714	11711.382494	11714.569454	11715.8	11717.905	1.0	1.0	1.0	1.0					
11719.925	10.550000000001091	trials	7.0	11722.520614000001	11723.964358000001			11721.977938	11724.588282			2.0		1.0	1.0					
11731.25	10.65099999999984	trials	7.0	11732.946644	11734.21805	11735.041938	11735.90373	11730.492516	11734.45887	11735.66	11738.231	1.0	1.0	1.0	1.0					
11742.305	4.014999999999418	trials	7.0	11743.905872	11745.020706	11745.61593	11746.337684	11741.920028	11745.053676			1.0	1.0	0.0	3.0					
11748.941	27.47899999999936	trials	7.0	11772.507128	11774.42886	11775.887024	11775.977576	11771.562908	11774.42505			2.0		0.0	2.0					
11780.474	37.08100000000013	trials	7.0	11813.231408	11814.509262			11812.625462	11815.282014			2.0		1.0	1.0					
11821.037	5.8879999999990105	trials	7.0	11823.753288	11825.299774	11826.540156	11826.944456000001	11823.226116	11825.97356			1.0	2.0	0.0	3.0					
11828.856	10.28399999999965	trials	7.0	11834.031998	11835.753658	11836.68827	11837.607804	11833.47026	11836.13462	11837.495	11839.14	1.0	1.0	1.0	1.0					
11842.205	10.612999999999374	trials	7.0	11850.026948	11850.755214	11851.487372	11851.656751999999	11849.242334	11850.74624			1.0		0.0	2.0					
11856.871	22.721000000001368	trials	7.0	11875.906996	11877.556317999999	11878.196794	11878.233966	11874.923394	11877.541238			1.0		0.0	2.0					
11882.606	19.463999999999942	trials	7.0	11897.652254	11899.478964			11897.12268	11899.746232			2.0		1.0	1.0					
11905.51	6.190000000000509	trials	7.0	11907.562212	11908.868518			11906.718804	11909.497402			2.0		1.0	1.0					
11915.185	6.114999999999782	trials	7.0	11917.018332	11918.123418	11919.072088	11919.772821999999	11915.29239	11918.447198	11919.765	11921.3	1.0	2.0	1.0	1.0					
11925.369	5.605999999999767	trials	7.0	11927.366829999999	11928.984076			11926.362088	11928.979046			1.0		0.0	2.0					
11934.985	7.199999999998909	trials	7.0	11937.777338	11938.932984			11937.089036	11940.058516000001			2.0		1.0	1.0					
11944.755	10.200000000000728	trials	7.0	11951.692246	11952.858344	11954.526934	11954.972742	11950.780336	11953.678007999999			1.0	2.0	0.0	3.0					
11958.832	10.109000000000378	trials	7.0	11964.246756	11965.783878	11968.30896	11968.959638	11963.242398	11967.580782			1.0	1.0	0.0	3.0					
11971.615	12.94300000000112	trials	7.0	11980.62218	11981.929393999999	11983.864938	11984.577558	11979.769496	11983.283406			1.0	2.0	0.0	3.0					
11986.225	19.109999999998763	trials	7.0	12000.787306	12002.477366	12003.400472	12003.998068	11999.98836	12002.820198	12004.116	12005.335	1.0	2.0	1.0	1.0					
12007.356	8.759000000000015	trials	7.0	12010.622102	12012.406454	12013.543726	12014.438736	12009.973084	12012.888938	12014.26	12016.115	1.0	2.0	1.0	1.0					
12018.14	9.505000000001019	trials	7.0	12022.343206	12023.560558000001	12025.356502	12026.131454	12021.415414	12024.693191999999	12025.965	12027.645	1.0	2.0	1.0	1.0					
12029.693	9.092000000000553	trials	7.0	12032.812494	12034.656665999999	12036.016714	12036.946138	12032.271932	12035.278864	12036.7	12038.785	1.0	1.0	1.0	1.0					
12040.85	8.274999999999636	trials	7.0	12045.839532	12047.441504	12048.507669999999	12049.147072	12045.061082	12047.995134			1.0	2.0	0.0	3.0					
12052.87	11.179999999998472	trials	7.0	12058.65314	12059.904378	12061.212018	12062.046664	12057.680778	12060.511642	12062.0	12064.05	1.0	1.0	1.0	1.0					
12066.121	11.03400000000147	trials	7.0	12071.792108	12073.491632	12074.597456	12075.243574	12070.803265999999	12073.9908	12075.305	12077.155	1.0	1.0	1.0	1.0					
12080.22	7.125	trials	7.0	12082.977977999999	12084.515872			12082.176825999999	12085.171938			2.0		1.0	1.0					
12090.8	10.945000000001528	trials	7.0	12093.242732	12094.319658			12092.689409999999	12095.847258			2.0		1.0	1.0					
12101.865	4.7450000000008	trials	7.0	12103.843428	12104.923636	12105.892218	12106.631102	12101.76585	12105.19379			1.0	1.0	0.0	3.0					
12110.2	7.104999999999563	trials	7.0	12112.513728	12114.260156	12114.991	12115.796308	12111.947769999999	12114.389213999999	12115.67	12117.305	1.0	2.0	1.0	1.0					
12119.325	8.274999999999636	trials	7.0	12122.558212	12124.361092			12121.624228	12125.265776			2.0		1.0	1.0					
12131.135	10.140999999999622	trials	7.0	12133.049524	12134.293948	12135.255978000001	12136.047432	12131.457548	12134.621712	12136.055	12137.526	1.0	2.0	1.0	1.0					
12141.592	5.172999999998865	trials	7.0	12143.608468	12144.775904			12141.296624	12144.767960000001			1.0		0.0	2.0					
12148.805	12.5	trials	7.0	12156.578028	12158.506322			12155.581074	12159.168896			2.0		1.0	1.0					
12163.776	9.519000000000233	trials	7.0	12167.96874	12169.652188	12170.748918	12171.551398	12167.165224	12170.140685999999	12171.38	12173.295	1.0	1.0	1.0	1.0					
12176.316	7.959999999999127	trials	7.0	12178.238354000001	12180.185153999999	12181.377027999999	12182.137554	12177.69418	12180.687782	12182.03	12184.276	1.0	1.0	1.0	1.0					
12187.231	5.934000000001106	trials	7.0	12189.093966	12190.671452			12188.474968	12190.972128			2.0		1.0	1.0					
12195.695	7.915000000000873	trials	7.0	12198.52378	12199.998896000001	12201.190516	12202.03706	12197.866234000001	12200.53906	12201.96	12203.61	1.0	2.0	1.0	1.0					
12207.711	5.415000000000873	trials	7.0	12210.283132	12211.514245999999	12212.46771	12213.143082	12209.48246	12211.897926			1.0	2.0	0.0	3.0					
12216.775	13.416000000001077	trials	7.0	12226.269118	12227.650784			12225.448752	12228.07992	12229.901	12229.965	2.0		1.0	1.0					
12234.771	4.554000000000087	trials	7.0	12236.373266	12238.163231999999	12238.881504	12239.34695	12235.13496	12238.307738			1.0	2.0	0.0	3.0					
12242.185	10.989999999999782	trials	7.0	12247.191124	12249.243424	12250.427518	12251.295526	12246.394402	12249.826794	12251.11	12253.175	1.0	1.0	1.0	1.0					
12256.281	7.72899999999936	trials	7.0	12258.441	12259.647626	12261.202038	12262.089494	12257.850076	12260.582260000001	12261.995	12264.01	1.0	1.0	1.0	1.0					
12267.053	8.76300000000083	trials	7.0	12269.728888	12271.178192000001	12272.088612	12272.890452	12268.794206	12271.506792	12272.822	12275.816	1.0	1.0	1.0	1.0					
12279.88	5.640000000001237	trials	7.0	12281.79152	12283.402724	12285.351560000001	12285.492754	12280.164142	12283.400302			1.0		0.0	2.0					
12287.481	9.644000000000233	trials	7.0	12294.041626	12295.894392	12296.540042	12297.130854	12293.265422	12295.849124			1.0	2.0	0.0	3.0					
12300.885	9.19000000000051	trials	7.0	12306.131898	12308.072352000001			12305.160566	12308.061782			1.0		0.0	2.0					
12312.126	8.208999999998923	trials	7.0	12316.631404	12318.27356			12316.109398	12318.26418			1.0		0.0	2.0					
12322.345	20.030000000000655	trials	7.0	12336.916928	12338.597354	12339.54569	12340.357626	12336.045964	12338.920996	12340.27	12342.375	1.0	1.0	1.0	1.0					
12344.415	8.674999999999272	trials	7.0	12348.72174	12350.534848000001			12348.151528	12350.989236000001			2.0		1.0	1.0					
12356.648	8.212000000001353	trials	7.0	12359.948398	12361.141926	12362.302764	12363.053892	12359.253988	12361.588716	12363.03	12364.86	1.0	2.0	1.0	1.0					
12367.88	7.595000000001164	trials	7.0	12370.981682	12372.908012			12370.314318	12373.38445			2.0		1.0	1.0					
12378.937	11.058000000000902	trials	7.0	12386.026236	12387.157044	12387.729634000001	12388.368952	12385.025472000001	12387.239466	12388.356	12389.995	1.0	2.0	1.0	1.0					
12392.916	7.834000000000742	trials	7.0	12395.847158	12397.33713	12398.395614000001	12399.3114	12395.05358	12397.829232	12399.401	12400.75	1.0	2.0	1.0	1.0					
12402.81	6.680000000000291	trials	7.0	12406.363596000001	12408.170816	12408.71954	12409.493014	12405.401642	12408.185106			1.0	2.0	0.0	3.0					
12412.045	18.36499999999978	trials	7.0	12425.877428	12427.036082	12428.09958	12428.944046	12425.017384	12427.497686	12428.835	12430.41	1.0	2.0	1.0	1.0					
12433.43	7.895000000000437	trials	7.0	12436.172608	12437.506516	12438.928718000001	12439.906524	12435.643322	12438.309618000001	12439.62	12441.325	1.0	2.0	1.0	1.0					
12443.345	5.846000000001368	trials	7.0	12446.19863	12447.883922	12448.528128	12449.196798	12445.376778	12447.923048			1.0	2.0	0.0	3.0					
12451.895	12.819999999999709	trials	7.0	12462.277138	12462.653664			12461.551654	12462.646818000001			1.0		0.0	2.0					
12468.765	15.380000000001019	trials	7.0	12480.158496	12481.631616			12479.210686	12481.962370000001			2.0		1.0	1.0					
12488.747	6.738000000001193	trials	7.0	12490.80736	12492.169248			12489.972852	12493.205566			2.0		1.0	1.0					
12500.069	6.056000000000495	trials	7.0	12501.797724	12503.563226	12505.737386	12506.128744	12500.393866	12503.551544			1.0		0.0	2.0					
12509.617	10.477999999999156	trials	7.0	12513.842552	12515.840568	12517.283298	12518.006114	12513.072124	12515.966342	12518.11	12520.095	1.0	1.0	1.0	1.0					
12524.135	5.6599999999998545	trials	7.0	12526.117896	12527.734022			12524.2574	12527.728124000001			2.0		0.0	2.0					
12531.85	11.800999999999476	trials	7.0	12539.692226000001	12541.649316			12538.788014	12541.646318000001			1.0		0.0	2.0					
12546.71	103.31600000000071	trials	7.0	12646.882846	12648.49594	12649.513274	12650.030560000001	12646.194878	12648.995696			1.0	2.0	0.0	3.0					
12653.89	13.140000000001237	trials	7.0	12662.132926	12664.162888	12664.940364	12665.649682000001	12661.344076000001	12664.42544	12665.67	12667.03	1.0	2.0	1.0	1.0					
12671.048	5.393000000000029	trials	7.0	12673.027458	12674.390234	12675.530202	12675.79876	12671.852152	12674.378348			1.0		0.0	2.0					
12679.5	23.44499999999971	trials	7.0	12698.393016	12700.109422	12700.704512	12701.445822	12697.526206	12700.190078	12701.38	12702.945	1.0	2.0	1.0	1.0					
12706.985	7.125	trials	7.0	12708.883606	12710.488194	12711.241598	12712.06105	12708.053802	12710.758848	12712.01	12714.11	1.0	2.0	1.0	1.0					
12716.135	7.595999999999549	trials	7.0	12720.392928000001	12722.250942	12722.953196	12723.73611	12719.637374	12722.328106			1.0	2.0	0.0	3.0					
12725.316	15.6349999999984	trials	7.0	12734.39338	12735.675306000001	12739.925580000001	12740.710782	12733.83426	12739.189536			1.0	1.0	1.0	1.0					
12743.46	11.640000000001237	trials	7.0	12752.028246	12753.74072	12754.596786	12755.103348	12751.24397	12754.095274000001			1.0	2.0	0.0	3.0					
12757.0	11.915000000000873	trials	7.0	12764.534874	12766.154376			12763.917102	12766.762616			2.0		1.0	1.0					
12771.43	11.459999999999127	trials	7.0	12777.763606	12779.54542	12780.470858	12781.39388	12776.790198	12779.901626	12781.093	12782.89	1.0	2.0	1.0	1.0					
12786.981	9.963999999999942	trials	7.0	12791.643502	12793.149986	12794.140416	12795.360078	12790.730114	12793.591018000001	12794.845	12796.945	1.0	2.0	1.0	1.0					
12799.872	7.313000000000102	trials	7.0	12801.808316	12803.548042	12804.88195	12805.65961	12801.073898	12804.247064000001	12805.695	12807.185	1.0	2.0	1.0	1.0					
12811.249	5.261000000000422	trials	7.0	12812.933458	12814.509696000001	12815.288404	12815.63682	12811.818984	12814.501182			1.0		0.0	2.0					
12819.54	35.46499999999833	trials	7.0	12848.950256	12850.720616	12852.133126	12853.10844	12848.09029	12851.58666	12852.955	12855.005	1.0	1.0	1.0	1.0					
12857.095	10.520000000000437	trials	7.0	12862.179172	12863.509114	12864.686148	12865.426128000001	12861.616984	12864.03136	12865.32	12867.615	1.0	1.0	1.0	1.0					
12870.635	8.765999999999622	trials	7.0	12874.4593	12875.857104	12877.148864	12877.974382	12873.456232	12876.355182000001	12877.85	12879.401	1.0	2.0	1.0	1.0					
12882.436	8.318999999999505	trials	7.0	12885.228956	12886.710604	12887.802584000001	12888.74741	12884.339108	12886.861668	12888.46	12890.755	1.0	1.0	1.0	1.0					
12892.815	8.143000000000029	trials	7.0	12895.778406000001	12897.032928	12898.489580000001	12899.339228	12895.0035	12897.654322	12899.195	12900.958	1.0	2.0	1.0	1.0					
12903.02	7.549999999999272	trials	7.0	12906.153684	12907.258554			12905.475784	12908.47502	12910.235	12910.57	2.0		1.0	1.0					
12915.04	6.329999999999927	trials	7.0	12916.669696	12918.185660000001	12919.084978	12919.898814	12915.457756	12918.49595	12919.856	12921.37	1.0	2.0	1.0	1.0					
12924.39	8.332000000000335	trials	7.0	12926.87459	12928.902174	12930.247440000001	12931.172664	12926.090706	12929.53586	12931.045	12932.722	1.0	2.0	1.0	1.0					
12934.785	6.9099999999998545	trials	7.0	12938.325652	12939.725766	12941.059328000001	12941.702508	12937.722192000001	12940.035100000001			1.0	2.0	0.0	3.0					
12943.412	12.733000000000175	trials	7.0	12952.71454	12954.081686	12955.330674	12955.738598	12951.954394	12954.068718			1.0		0.0	2.0					
12959.18	11.034999999999854	trials	7.0	12966.169568000001	12967.600768			12965.283434	12968.089892			2.0		1.0	1.0					
12973.735	7.420000000000073	trials	7.0	12977.724388	12979.516032	12980.546818	12981.16314	12976.753094	12980.034884			1.0	2.0	0.0	3.0					
12984.88	9.825000000000728	trials	7.0	12989.229624	12991.126748	12992.072804	12992.895192	12988.670312	12991.509872	12992.795	12994.705	1.0	1.0	1.0	1.0					
12998.775	8.274999999999636	trials	7.0	13001.693268	13002.867752	13004.124726	13005.109746	13000.78194	13003.519072000001	13004.895	13007.05	1.0	1.0	1.0	1.0					
13009.115	7.8700000000008	trials	7.0	13012.769296	13014.42429			13011.924844000001	13014.867642000001			2.0		1.0	1.0					
13021.475	6.194999999999709	trials	7.0	13023.450882000001	13025.0961			13022.17748	13025.479686			2.0		1.0	1.0					
13031.191	5.503999999998996	trials	7.0	13032.849844	13034.618456	13036.099028	13036.702324	13031.609396	13035.263834000001			1.0	1.0	0.0	3.0					
13038.49	15.25	trials	7.0	13049.859148	13051.72593			13049.004736	13051.701712			2.0		1.0	1.0					
13058.3	7.335000000000946	trials	7.0	13060.01485	13061.68122	13063.173956	13064.039052	13058.72984	13061.984984	13063.875	13065.635	1.0	1.0	1.0	1.0					
13069.695	6.934999999999491	trials	7.0	13071.309432	13072.747932	13074.23984	13075.148138	13070.611920000001	13073.433848	13074.941	13076.63	1.0	1.0	1.0	1.0					
13078.695	9.739999999999782	trials	7.0	13082.154706000001	13083.32783	13085.255624000001	13086.080674	13081.456068	13084.139812000001	13085.93	13088.435	1.0	1.0	1.0	1.0					
13091.485	5.885000000000218	trials	7.0	13093.576428	13095.368538	13096.214530000001	13096.487034	13092.581610000001	13095.362394			1.0		0.0	2.0					
13099.38	10.070000000001528	trials	7.0	13105.841084	13107.451606			13105.22876	13107.439314000001			2.0		0.0	2.0					
13112.505	8.226000000000568	trials	7.0	13117.189858	13118.735584			13116.287082	13118.731724000001			1.0		0.0	2.0					
13124.782	16.433000000000902	trials	7.0	13137.136574	13138.342224	13139.176896	13139.885372	13136.541318	13138.653636000001	13139.875	13141.215	1.0	2.0	1.0	1.0					
13143.275	11.600000000000364	trials	7.0	13150.245278	13151.688776	13152.605824	13153.510186	13149.364188	13152.115492	13153.441	13154.875	1.0	2.0	1.0	1.0					
13158.895	5.469999999999345	trials	7.0	13161.076884	13162.6099	13163.761366	13164.37307	13160.420844	13163.188970000001			1.0	2.0	0.0	3.0					
13168.09	7.800999999999476	trials	7.0	13172.095218	13173.887364			13171.24731	13173.881272			1.0		0.0	2.0					
13178.941	29.963999999999942	trials	7.0	13206.536564	13206.906808			13205.788796	13206.899468			1.0		0.0	2.0					
13210.956	34.3130000000001	trials	7.0	13240.867376	13242.752672			13240.32001	13243.037836	13226.526	13226.81	2.0		1.0	1.0					
13248.83	5.722999999999956	trials	7.0	13251.605774	13252.539152000001	13253.093894	13253.3705	13250.61931	13252.533398			1.0		0.0	2.0					
13256.566	7.443999999999505	trials	7.0	13260.61014	13262.011872000001	13262.804602	13263.109202	13259.765222	13262.002166			1.0		0.0	2.0					
13268.02	16.61499999999978	trials	7.0	13280.905282	13282.32194			13280.044978	13282.58601			2.0		1.0	1.0					
13287.19	8.100000000000364	trials	7.0	13290.38913	13291.900512	13293.074050000001	13293.746144	13289.443080000001	13292.506104	13293.76	13295.29	1.0	2.0	1.0	1.0					
13299.337	5.644000000000233	trials	7.0	13301.595842	13302.984478	13303.530942000001	13303.891122	13300.880258000001	13302.975322			1.0		0.0	2.0					
13308.01	10.010000000000218	trials	7.0	13312.545768	13313.697134	13315.331598	13316.064608	13311.920728000001	13314.802514	13315.99	13318.02	1.0	1.0	1.0	1.0					
13320.078	7.467000000000553	trials	7.0	13323.290954	13325.292186			13322.470822000001	13325.499332			2.0		1.0	1.0					
13331.075	4.420000000000073	trials	7.0	13332.84567	13333.954238	13334.56509	13335.503012000001	13331.161504	13334.007878			1.0	1.0	0.0	3.0					
13338.901	6.780000000000655	trials	7.0	13341.605716	13343.612568			13341.083858	13343.610562			2.0		1.0	1.0					
13348.184	5.67200000000048	trials	7.0	13350.725896	13352.50771	13353.143928000001	13353.862664	13350.029696	13352.573324			1.0	2.0	0.0	3.0					
13356.531	12.528999999998632	trials	7.0	13363.791462000001	13365.472644000001	13366.289316	13366.981824	13362.993286	13365.639648	13366.985	13369.06	1.0	1.0	1.0	1.0					
13373.08	4.930000000000291	trials	7.0	13375.041796000001	13376.552752	13377.544692	13378.01624	13373.545074	13376.930832			1.0	2.0	0.0	3.0					
13380.865	13.465000000000146	trials	7.0	13388.800996	13389.932474000001	13391.193378	13392.127258	13388.031128	13390.577846	13391.981	13394.33	1.0	1.0	1.0	1.0					
13398.415	8.304999999998472	trials	7.0	13400.306202	13402.176314	13403.20633	13404.121048	13399.21988	13402.50923	13403.895	13406.72	1.0	1.0	1.0	1.0					
13409.781	9.083999999998923	trials	7.0	13411.88629	13413.653748	13415.113512	13416.218248000001	13411.006586	13414.233426	13415.81	13418.865	1.0	1.0	1.0	1.0					
13421.881	6.739000000001397	trials	7.0	13424.106436	13425.612860000001			13423.377788	13426.411092			2.0		1.0	1.0					
13431.18	7.670000000000073	trials	7.0	13433.761478	13435.799666			13432.943178000001	13436.5627			2.0		1.0	1.0					
13441.415	9.789999999999054	trials	7.0	13443.331504	13444.647710000001	13448.089336000001	13448.944214000001	13442.446972	13447.081184	13448.945	13451.205	1.0	1.0	1.0	1.0					
13453.221	7.994000000000597	trials	7.0	13456.617876	13458.4584	13460.427074000001	13461.222166	13455.700716	13459.771168000001			1.0	1.0	0.0	3.0					
13462.756	13.65900000000147	trials	7.0	13472.471526000001	13473.600094000001			13471.941892	13473.932156			2.0		1.0	1.0					
13479.912	6.318999999999505	trials	7.0	13482.2662	13483.664172			13481.374656	13483.980776			2.0		1.0	1.0					
13489.711	6.379000000000815	trials	7.0	13491.726874	13492.839824			13490.25374	13493.455546000001	13495.59	13496.09	2.0		1.0	1.0					
13500.157	6.668000000001484	trials	7.0	13501.76187	13502.855596000001	13506.242304	13506.835942	13501.203164	13505.527038			1.0	2.0	0.0	3.0					
13508.604	17.570999999999913	trials	7.0	13519.20308	13520.322928	13523.192386	13523.996342	13518.557476	13522.531956	13523.89	13526.175	1.0	1.0	1.0	1.0					
13530.02	8.104999999999563	trials	7.0	13531.84678	13533.359062	13534.73113	13535.720722	13530.878438	13534.072068000001	13535.531	13538.125	1.0	1.0	1.0	1.0					
13540.186	10.84900000000016	trials	7.0	13543.617976000001	13544.878192			13542.745612	13545.554458	13547.29	13547.541	2.0		1.0	1.0					
13552.205	9.614999999999782	trials	7.0	13553.90136	13555.035202000001	13555.736350000001	13556.484538	13551.046038	13555.10153	13556.515	13558.195	1.0	2.0	1.0	1.0					
13562.135	4.3799999999992	trials	7.0	13563.691854	13565.451394	13566.121526	13566.524686	13561.831404	13565.40831			1.0	2.0	0.0	3.0					
13569.505	16.686000000001513	trials	7.0	13579.601806	13581.431916	13582.7582	13583.614384	13578.639318	13582.124406	13583.395	13586.191	1.0	1.0	1.0	1.0					
13588.155	12.364999999999782	trials	7.0	13592.406350000001	13594.231522			13591.447052	13594.189418			2.0		1.0	1.0					
13600.818	4.9980000000014115	trials	7.0	13602.493942000001	13603.763962	13604.620668	13604.787764	13600.52568	13603.75866			1.0		0.0	2.0					
13608.87	11.695999999999913	trials	7.0	13615.62232	13616.711146	13617.958106	13618.915236	13614.800442	13617.35729	13618.7	13620.566	1.0	2.0	1.0	1.0					
13624.63	8.39600000000064	trials	7.0	13627.321714	13628.78665	13630.29646	13631.18205	13626.761366	13629.622286	13631.05	13633.026	1.0	2.0	1.0	1.0					
13636.076	5.944000000001324	trials	7.0	13638.347182000001	13639.932868	13641.435094	13642.028128	13637.687886	13640.68993			1.0	2.0	0.0	3.0					
13645.75	16.5049999999992	trials	7.0	13655.306914	13657.044528	13659.00562	13660.029976	13654.614886	13658.057806	13659.71	13662.255	1.0	1.0	1.0	1.0					
13666.276	8.449000000000524	trials	7.0	13668.928886	13670.103976	13671.455236	13672.297632	13667.948046000001	13670.676478000001	13672.265	13674.725	1.0	1.0	1.0	1.0					
13677.76	5.306000000000495	trials	7.0	13680.387236	13681.783464	13682.548456	13683.072402	13679.571534	13682.053418			1.0	2.0	0.0	3.0					
13684.921	12.43499999999949	trials	7.0	13691.052402000001	13692.987396	13694.004204	13694.9069	13690.473456	13693.252830000001	13694.695	13697.356	1.0	1.0	1.0	1.0					
13700.461	10.194000000001324	trials	7.0	13704.06717	13705.674194000001	13707.229122	13708.33633	13703.244564	13706.377144	13707.895	13710.655	1.0	1.0	1.0	1.0					
13712.675	9.925000000001091	trials	7.0	13716.252834	13718.144398	13719.407106	13720.366896	13715.459084	13718.674932	13720.225	13722.6	1.0	1.0	1.0	1.0					
13725.62	10.299999999999272	trials	7.0	13729.512366	13730.957162	13732.409388	13733.250342	13729.004392	13731.633428000001	13733.21	13735.92	1.0	1.0	1.0	1.0					
13738.995	8.5099999999984	trials	7.0	13741.43735	13742.648824	13744.138034	13745.018568	13740.78137	13743.257848000001	13744.975	13747.505	1.0	1.0	1.0	1.0					
13749.54	7.799999999999272	trials	7.0	13752.712784	13754.051916	13755.210594	13755.776882	13752.06395	13754.392698	13755.885	13757.34	1.0	2.0	1.0	1.0					
13759.406	9.023999999999432	trials	7.0	13762.382536000001	13763.880006	13766.372048000001	13766.97876	13761.696102	13764.479972000001	13767.155	13768.43	1.0	1.0	1.0	1.0					
13770.536	7.373999999999796	trials	7.0	13773.548046	13774.84447			13772.93232	13775.629712	13777.64	13777.89	2.0		1.0	1.0					
13781.42	8.635000000000218	trials	7.0	13784.328904	13785.46714	13786.714324	13787.504832	13783.600204	13786.011364	13787.57	13790.055	1.0	1.0	1.0	1.0					
13792.076	11.234000000000378	trials	7.0	13797.27255	13798.37972	13800.297032	13801.102434	13796.71457	13799.27071	13800.95	13803.31	1.0	1.0	1.0	1.0					
13805.345	12.270000000000437	trials	7.0	13811.65771	13813.668144000001	13814.347902000001	13815.275914	13810.923198	13813.70967	13815.05	13817.615	1.0	1.0	1.0	1.0					
13820.68	5.225000000000364	trials	7.0	13822.642558	13823.845372			13821.563056	13823.834892			1.0		0.0	2.0					
13829.959	11.325999999999112	trials	7.0	13838.013118	13839.830146	13840.8178	13841.296202000001	13837.25379	13840.246858			1.0	2.0	0.0	3.0					
13844.195	10.854999999999563	trials	7.0	13851.02339	13852.302652			13850.219868	13852.815512000001			2.0		1.0	1.0					
13859.665	93.59499999999935	trials	7.0	13948.954784	13950.706744000001			13948.20326	13950.977350000001			2.0		1.0	1.0					
13956.78	13.746999999999389	trials	7.0	13967.004062	13967.895392	13969.98375	13970.044604	13966.064624	13967.887894			1.0		0.0	2.0					
13973.905	37.55499999999847	trials	7.0	14007.947958	14009.461548000001	14009.903976	14010.088828	14006.997562	14009.4464			1.0		0.0	2.0					
14014.47	50.056000000000495	trials	7.0	14059.01359	14060.534706	14061.831864	14062.628788	14058.178502	14061.218192	14062.665	14064.526	1.0	1.0	1.0	1.0					
14067.585	18.80000000000109	trials	7.0	14081.738402	14083.070002			14081.201382000001	14084.235560000001			2.0		1.0	1.0					
14089.85	6.164999999999054	trials	7.0	14091.504138	14092.948898	14095.210644	14096.024290000001	14090.899586	14094.47248			1.0	1.0	0.0	3.0					
14099.54	11.969999999999345	trials	7.0	14105.308982	14106.325194000001	14107.98725	14108.608026	14104.394958	14107.357536	14108.81	14111.51	1.0	2.0	1.0	1.0					
14113.531	10.884000000000015	trials	7.0	14120.379386	14121.913340000001			14119.51893	14122.251306			2.0		1.0	1.0					
14128.955	4.614999999999782	trials	7.0	14130.698578	14131.860708	14133.007104	14133.58274	14129.226366	14132.437024			1.0	2.0	0.0	3.0					
14135.325	49.844999999999345	trials	7.0	14180.754710000001	14182.671526			14180.211772	14183.10765			2.0		1.0	1.0					
14187.779	13.740999999999985	trials	7.0	14193.679320000001	14195.685372	14197.381452	14197.913806	14192.939858	14196.672856000001			1.0	1.0	0.0	3.0					
14201.711	26.338999999999942	trials	7.0	14220.845022000001	14222.055976	14225.537922	14226.34091	14220.142334	14224.033322000001	14226.25	14228.05	1.0	1.0	1.0	1.0					
14230.07	7.75	trials	7.0	14234.644154	14235.841422000001	14237.28289	14237.834130000001	14233.685914	14236.614842			1.0	2.0	0.0	3.0					
14239.61	29.120999999999185	trials	7.0	14264.791108000001	14265.925506			14264.001116	14266.254538000001			2.0		1.0	1.0					
14273.254	5.195999999999913	trials	7.0	14275.746264000001	14276.451672000001			14275.171252	14276.441684000001			1.0		0.0	2.0					
14280.505	19.329999999999927	trials	7.0	14297.184502	14297.781316	14298.837112000001	14298.97353	14296.33683	14297.77204			1.0		0.0	2.0					
14301.845	25.431000000000495	trials	7.0	14322.350066	14323.539206000001	14324.85526	14325.624186000001	14321.372298	14323.946966	14325.655	14327.276	1.0	1.0	1.0	1.0					
14331.295	10.77100000000064	trials	7.0	14336.07447	14337.724212000001	14339.136866	14339.939864	14335.281794	14338.419502	14339.93	14342.066	1.0	1.0	1.0	1.0					
14345.131	10.03400000000147	trials	7.0	14348.894892	14350.326216000001	14351.709586	14352.808876000001	14348.30801	14350.95947	14352.425	14355.165	1.0	1.0	1.0	1.0					
14358.211	10.129000000000815	trials	7.0	14361.345196	14362.70138	14364.867894	14365.766062	14360.836284	14363.591932	14365.71	14368.34	1.0	1.0	1.0	1.0					
14372.358	6.277000000000044	trials	7.0	14374.989392	14376.565248	14377.891746000001	14378.649092	14373.981496	14377.07112			1.0	1.0	0.0	3.0					
14382.231	15.40899999999965	trials	7.0	14393.759982	14395.724224000001	14397.232162	14397.651116000001	14392.759646	14396.510170000001			1.0	2.0	0.0	3.0					
14399.591	736.9539999999997	trials	7.0	15133.144136	15134.494758			15132.19354	15134.490986			2.0		0.0	2.0					
15139.555	233.0699999999997	trials	7.0	15370.085914	15370.63375	15371.617498	15371.863362	15369.500676	15370.619862			2.0		0.0	2.0					
15374.631	208.88900000000103	trials	7.0	15578.990064000001	15580.02678	15581.371964	15581.555204	15578.21643	15580.009902			1.0		0.0	2.0					
15584.03	1898.2199999999993	trials	7.0	17480.057	17480.188708			17479.113874000002	17480.183482			1.0		0.0	2.0					
17484.3	59.25	trials	7.0	17541.034114000002	17541.483890000003			17540.19586	17541.481468			2.0		0.0	2.0					
17546.606	1494.75	trials	7.0	19037.84403	19039.054968			19037.213016	19039.009230000003	19040.715	19041.356	2.0		1.0	1.0					
19043.381	83.71899999999732	trials	7.0	19066.674034000003	19067.960568000002	19126.502148	19127.112212	19065.817562	19068.337620000002			1.0	2.0	0.0	3.0					
19130.87	35.26000000000204	trials	7.0	19162.893618000002	19164.13779	19164.79633	19164.92226	19162.04819	19164.128308			1.0		0.0	2.0					
19168.182	722.5679999999993	trials	7.0	19880.4185	19881.750416000003	19890.337084000003	19890.765610000002	19879.81953	19881.74639			1.0	2.0	0.0	3.0					
