onset	duration	nwb_table	block	tone_on_time	tone_off_time	action_on_time	action_off_time	pokeC_on_time	pokeC_off_time	reward_on_time	reward_off_time	state	action	reward	result	FinishedBlock	FirstTrial	LastTrial	RewardRule_L	RewardRule_R
3.209	1625.4199999999998	BlockDesign														1.0	1.0	141.0	90.0	50.0
3.209	5.880000000000001	trials	1.0	5.487570000000001	6.849426			4.5855060000000005	6.844216			2.0		0.0	2.0					
10.918	11.071000000000002	trials	1.0	14.852754000000001	15.868777999999999			13.87494	17.712668			2.0		1.0	1.0					
22.419	8.974999999999998	trials	1.0	24.302888	25.859132			22.745266	26.160228			2.0		1.0	1.0					
32.169	9.010000000000005	trials	1.0	34.147608	35.873774			31.393468	36.148304			2.0		1.0	1.0					
41.978	9.765999999999998	trials	1.0	43.912386	45.77558			41.181066	46.376478	48.244	49.099	2.0		1.0	1.0					
52.169	6.831000000000003	trials	1.0	54.074	55.405808	57.050658	57.694208	51.74458	56.514562	57.814	59.0	1.0	1.0	1.0	1.0					
61.019	7.375000000000007	trials	1.0	63.00808	64.11416600000001			61.431682	65.901128	67.824	68.394	2.0		1.0	1.0					
71.419	10.959000000000003	trials	1.0	73.43363400000001	75.439648			71.59527399999999	76.13677000000001			2.0		1.0	1.0					
82.785	9.5	trials	1.0	84.648012	86.31948			82.37805800000001	87.01467199999999	88.779	88.964	2.0		1.0	1.0					
93.619	9.239999999999995	trials	1.0	95.644364	97.172686			92.282512	97.47435999999999			2.0		1.0	1.0					
103.449	6.25	trials	1.0	105.113	106.929374	107.86863	108.21695199999999	102.86094800000001	106.91901000000001			1.0		0.0	2.0					
112.962	6.066999999999993	trials	1.0	114.519	116.37419	118.53095400000001	119.029992	113.127174	117.939956			1.0	2.0	0.0	3.0					
122.911	7.128999999999991	trials	1.0	124.607932	126.19436999999999	128.24733999999998	128.82641999999998	122.9487	127.37172999999999	129.029	130.04	1.0	1.0	1.0	1.0					
132.059	13.324999999999989	trials	1.0	135.06010799999999	136.595044	140.078832	140.662014	134.43937599999998	139.608372	140.714	141.759	1.0	1.0	1.0	1.0					
145.775	6.593999999999994	trials	1.0	147.62285599999998	149.215196	150.44713	151.067728	145.386936	149.82601	151.259	152.369	1.0	1.0	1.0	1.0					
155.389	7.8160000000000025	trials	1.0	157.278054	158.63349399999998	161.19244	161.648216	155.918914	160.129542			1.0		0.0	5.0					
167.214	8.444999999999993	trials	1.0	168.797844	169.885266	174.730872	174.922178	167.41473	172.547578			1.0		0.0	5.0					
177.709	18.185000000000002	trials	1.0	189.338032	190.885294			188.556714	191.39711599999998			2.0		1.0	1.0					
196.165	9.062000000000012	trials	1.0	197.959756	199.561612			195.893944	200.938044			1.0		0.0	5.0					
207.129	5.951000000000022	trials	1.0	209.143556	210.459732			205.230558	210.776802			2.0		1.0	1.0					
215.577	9.802999999999997	trials	1.0	217.205874	218.414484	220.62747	221.216628	215.550188	220.087384	221.259	222.379	1.0	1.0	1.0	1.0					
225.415	6.9339999999999975	trials	1.0	227.419894	228.725142	230.58297	231.10326799999999	225.37957	229.49613	231.29	232.349	1.0	2.0	1.0	1.0					
234.364	11.699999999999989	trials	1.0	236.608432	237.98228799999998	241.09772999999998	241.838258	236.09603199999998	240.616178	241.739	243.229	1.0	1.0	1.0	1.0					
246.259	4.850000000000023	trials	1.0	248.563614	250.054196	250.57315	251.108146	246.06753	250.00172999999998			1.0	2.0	0.0	3.0					
253.909	13.595000000000027	trials	1.0	260.209936	261.539808			259.222848	262.84580600000004			2.0		1.0	1.0					
269.625	9.062000000000012	trials	1.0	271.57329200000004	272.765284			267.50770400000005	274.145286			2.0		1.0	1.0					
281.059	5.544999999999959	trials	1.0	283.148452	284.597488	285.16186000000005	285.349234	278.685358	284.58893600000005			1.0		0.0	2.0					
288.65	9.359000000000037	trials	1.0	292.228794	293.74491800000004	296.29958600000003	296.737484	291.36882	295.76997600000004	297.134	298.009	1.0	2.0	1.0	1.0					
300.056	7.824000000000012	trials	1.0	302.09486200000003	303.59170800000004	305.90945000000005	306.57321	301.00681000000003	305.3621			1.0	2.0	0.0	3.0					
308.324	11.961999999999989	trials	1.0	313.679364	315.722398	318.35938600000003	319.072532	312.924598	317.847642	319.179	320.286	1.0	2.0	1.0	1.0					
323.304	8.805000000000007	trials	1.0	325.10226	326.986238			323.55502800000005	327.523122			2.0		1.0	1.0					
334.322	9.817000000000007	trials	1.0	336.154888	338.168426			332.108632	338.69577200000003			2.0		1.0	1.0					
345.744	9.503999999999962	trials	1.0	347.62660600000004	349.28071	350.10857400000003	350.199322	344.139096	349.27148200000005			1.0		0.0	2.0					
355.402	11.569999999999993	trials	1.0	356.976824	358.05943			355.25203200000004	359.17167	361.58	364.345	2.0		1.0	1.0					
368.389	7.759999999999991	trials	1.0	370.265108	372.066748			366.975434	373.01486800000004	374.804	376.149	2.0		1.0	1.0					
378.169	8.215000000000032	trials	1.0	380.573594	382.010528			379.58891200000005	383.51563200000004			2.0		1.0	1.0					
388.855	7.954000000000008	trials	1.0	390.44223400000004	391.565492			389.540546	394.432232			2.0		1.0	1.0					
401.134	10.361999999999966	trials	1.0	403.43910200000005	405.20054200000004			402.44393	406.38770400000004	408.114	411.496	2.0		1.0	1.0					
413.544	8.770000000000039	trials	1.0	415.58551800000004	416.839824	421.765194	422.317584	414.853154	421.17818200000005			1.0	2.0	0.0	3.0					
425.109	7.8250000000000455	trials	1.0	426.85418400000003	428.16557400000005	432.250304	432.39428200000003	426.086672	429.78788000000003			1.0		0.0	5.0					
435.944	6.774999999999977	trials	1.0	439.085568	441.095748	442.33590000000004	442.70975400000003	438.23850400000003	441.819064			1.0	2.0	0.0	3.0					
444.67	10.995000000000005	trials	1.0	448.24017200000003	450.021132			447.69004	450.78324000000003			2.0		1.0	1.0					
458.104	10.400000000000034	trials	1.0	459.71082800000005	461.23088800000005			455.668748	461.76982000000004	463.859	464.544	2.0		1.0	1.0					
468.564	9.617999999999995	trials	1.0	470.198914	471.705686	477.535114	478.179776	468.508464	473.71558000000005			1.0		0.0	5.0					
480.779	7.971000000000004	trials	1.0	482.559614	484.37599400000005			481.92176600000005	485.238534	487.309	488.75	2.0		1.0	1.0					
490.806	10.853000000000009	trials	1.0	492.72947200000004	494.070038			492.15877	495.453686	497.909	497.969	2.0		1.0	1.0					
501.674	12.090000000000032	trials	1.0	503.66393000000005	504.80181600000003			501.662056	506.19941400000005	509.094	510.369	2.0		1.0	1.0					
514.394	6.508000000000038	trials	1.0	515.977034	517.514546			513.769118	518.407316	520.474	520.902	2.0		1.0	1.0					
524.964	10.910999999999945	trials	1.0	529.169996	530.789812			528.644462	532.781686			1.0		0.0	5.0					
537.923	16.595000000000027	trials	1.0	546.159862	547.7461420000001			545.4747540000001	549.161746	550.955	551.665	2.0		1.0	1.0					
555.681	9.642999999999915	trials	1.0	557.3823160000001	558.556556			554.520224	559.483876	561.229	562.384	2.0		1.0	1.0					
566.415	4.293000000000006	trials	1.0	568.053846	569.576376	570.267476	570.709244	565.325928	569.596414			1.0	2.0	0.0	3.0					
573.6	7.649999999999977	trials	1.0	575.589968	577.343652	579.18951	579.898934	574.6369940000001	578.594416	579.979	581.25	1.0	1.0	1.0	1.0					
583.314	12.650000000000091	trials	1.0	587.5295580000001	589.121024			586.994948	589.7917120000001	591.854	593.179	2.0		1.0	1.0					
597.212	4.413000000000011	trials	1.0	598.961298	599.561728	600.443766	600.5767900000001	595.966062	599.558848			1.0		0.0	2.0					
604.669	9.605000000000018	trials	1.0	610.1496000000001	611.82618	613.196634	613.859146	609.531318	612.588062			1.0	1.0	1.0	1.0					
617.79	11.119000000000028	trials	1.0	619.4143240000001	620.4718280000001	623.34366	623.882012	618.43996	622.823286	624.234	625.187	1.0	2.0	1.0	1.0					
629.219	6.634999999999991	trials	1.0	630.744846	632.661258	634.090396	634.659314	628.913896	633.4611560000001			1.0	2.0	0.0	3.0					
637.449	8.7650000000001	trials	1.0	640.4652120000001	641.972124			639.512688	643.138608	644.899	646.214	2.0		1.0	1.0					
649.234	7.534999999999968	trials	1.0	651.12783	652.522494			649.445514	653.59484	655.915	656.769	2.0		1.0	1.0					
658.809	11.191000000000031	trials	1.0	661.029948	662.853454	666.698966	666.819888	660.401936	665.132162			1.0		0.0	5.0					
670.418	6.155999999999949	trials	1.0	672.189918	673.723478			669.999622	673.7180060000001			2.0		0.0	2.0					
677.791	12.49899999999991	trials	1.0	682.535014	684.34303	688.315546	688.794558	681.5792220000001	686.526024	689.074	690.29	1.0	2.0	1.0	1.0					
692.314	8.495000000000005	trials	1.0	694.6870260000001	696.293214	700.184754	700.8100900000001	693.743972	699.0704900000001			1.0	2.0	0.0	3.0					
703.519	7.524000000000001	trials	1.0	705.9997960000001	707.5858920000001	710.437998	711.04016	705.273588	709.726396			1.0	1.0	0.0	3.0					
712.814	10.470000000000027	trials	1.0	717.204744	718.9915940000001	722.330104	723.2886960000001	716.691728	721.8265220000001			1.0	2.0	0.0	3.0					
727.049	5.869000000000028	trials	1.0	728.909866	730.462854	732.4510760000001	732.9208160000001	728.0269020000001	731.94715			1.0	1.0	0.0	3.0					
736.784	10.913000000000011	trials	1.0	739.260562	741.207404			738.301388	742.42675	744.239	745.114	2.0		1.0	1.0					
748.15	6.885999999999967	trials	1.0	749.8612420000001	751.06805	754.524224	755.034792	747.699592	753.933004			1.0	2.0	0.0	3.0					
756.854	11.115000000000009	trials	1.0	761.456134	762.551008			760.75057	763.829544	765.774	767.969	2.0		1.0	1.0					
771.004	7.7999999999999545	trials	1.0	772.5205960000001	773.996736			771.022152	776.169384	778.04	778.804	2.0		1.0	1.0					
780.853	11.831000000000017	trials	1.0	783.975542	785.852078			783.170298	789.597484			1.0		0.0	5.0					
794.732	14.367000000000075	trials	1.0	800.580066	802.1251960000001			799.715132	802.625772	805.099	806.184	2.0		1.0	1.0					
809.199	8.657000000000039	trials	1.0	811.249022	812.902114			809.101808	813.499978	815.344	817.856	2.0		1.0	1.0					
819.884	11.31499999999994	trials	1.0	821.910444	823.71033	830.892746	831.204596	821.057598	826.029698			1.0		0.0	5.0					
833.309	12.675000000000068	trials	1.0	840.810636	842.3669600000001			840.176316	843.25399	845.564	845.964	2.0		1.0	1.0					
848.449	10.466000000000008	trials	1.0	850.5513100000001	852.166274	857.122762	857.71937	849.83146	855.275034	857.944	858.915	1.0	1.0	1.0	1.0					
861.934	10.484000000000037	trials	1.0	863.6460900000001	865.588704			862.0282020000001	866.4967320000001	868.299	868.699	2.0		1.0	1.0					
872.775	7.903999999999996	trials	1.0	875.02075	876.7812720000001			872.424494	877.22699	878.955	880.679	2.0		1.0	1.0					
883.699	8.415000000000077	trials	1.0	885.4952940000001	887.242786	890.269888	890.753586	883.7284040000001	889.670548	890.994	892.114	1.0	2.0	1.0	1.0					
894.197	11.106999999999971	trials	1.0	899.7605540000001	901.472214			898.80283	903.152506	904.899	905.114	2.0		1.0	1.0					
907.769	10.270999999999958	trials	1.0	909.356026	911.1935100000001	916.564314	916.662652	908.3757880000001	913.716568			1.0		0.0	5.0					
920.044	55.24599999999998	trials	1.0	965.18936	966.955226	970.0333360000001	970.1989140000001	964.46795	968.483974			1.0		0.0	5.0					
975.79	5.619000000000028	trials	1.0	977.343686	979.065096	980.340646	980.938874	975.29259	979.762726			1.0	1.0	1.0	1.0					
983.975	14.948999999999955	trials	1.0	989.94107	991.750846			989.2538900000001	992.7561460000001	994.824	995.669	2.0		1.0	1.0					
999.728	6.456000000000017	trials	1.0	1001.66129	1003.3999660000001			998.926776	1003.359774	1005.059	1006.184	2.0		1.0	1.0					
1010.228	11.131000000000085	trials	1.0	1012.129636	1013.46714	1021.0976860000001	1021.36244	1010.42938	1017.032984			1.0		0.0	5.0					
1023.337	11.876999999999953	trials	1.0	1025.915806	1027.252492			1025.151188	1028.275016	1031.054	1031.721	2.0		1.0	1.0					
1035.739	11.349999999999909	trials	1.0	1037.415822	1039.25038			1035.216466	1039.835316	1041.869	1044.215	2.0		1.0	1.0					
1048.259	9.312999999999874	trials	1.0	1050.289276	1051.723216			1047.0949	1052.158144	1054.056	1054.774	2.0		1.0	1.0					
1057.837	9.305000000000064	trials	1.0	1059.422804	1060.7779620000001	1065.507772	1065.95166	1057.574074	1063.870478	1066.434	1067.142	1.0	2.0	1.0	1.0					
1069.214	9.975000000000136	trials	1.0	1070.918158	1072.793126	1079.05447	1079.193684	1070.2475180000001	1076.017888			1.0		0.0	5.0					
1082.064	7.044999999999845	trials	1.0	1084.332666	1085.582512	1087.058062	1087.632226	1082.704522	1086.485664	1087.846	1089.109	1.0	2.0	1.0	1.0					
1092.165	7.733999999999924	trials	1.0	1094.406672	1096.385892			1093.635412	1097.15087			2.0		1.0	1.0					
1102.459	9.075000000000045	trials	1.0	1105.70605	1107.139516	1111.000576	1111.537694	1105.186858	1110.396102			1.0	2.0	0.0	3.0					
1113.319	8.910000000000082	trials	1.0	1117.173544	1119.223258			1116.428404	1119.295352			2.0		1.0	1.0					
1124.75	8.523999999999887	trials	1.0	1126.652448	1128.455786			1125.12004	1129.793032	1131.659	1133.274	2.0		1.0	1.0					
1135.322	9.2650000000001	trials	1.0	1137.186812	1138.3537860000001	1142.80117	1143.316016	1136.638588	1142.002094	1143.549	1144.587	1.0	1.0	1.0	1.0					
1146.629	8.365000000000009	trials	1.0	1149.976774	1151.318266	1153.192482	1153.858284	1149.116198	1152.5710980000001	1154.014	1154.994	1.0	1.0	1.0	1.0					
1157.029	10.519999999999982	trials	1.0	1158.706758	1160.73681			1158.179846	1162.000564	1164.205	1164.634	2.0		1.0	1.0					
1167.691	7.088999999999942	trials	1.0	1169.399514	1171.4584360000001			1167.552802	1172.264558	1174.299	1174.78	2.0		1.0	1.0					
1176.799	10.335000000000036	trials	1.0	1178.4675280000001	1180.05364			1177.679738	1183.951272			1.0		0.0	5.0					
1191.144	11.037000000000035	trials	1.0	1195.834566	1197.575436			1194.901654	1199.848712			2.0		1.0	1.0					
1204.639	11.557999999999993	trials	1.0	1207.4370880000001	1209.253208	1213.33497	1213.61357	1206.87778	1211.3323			1.0		0.0	5.0					
1217.794	10.899999999999864	trials	1.0	1220.013262	1221.309784			1219.436798	1222.474276	1224.774	1225.729	2.0		1.0	1.0					
1229.779	6.509999999999991	trials	1.0	1231.5018400000001	1233.178934			1228.700476	1234.02108			2.0		1.0	1.0					
1239.705	9.419000000000096	trials	1.0	1241.945486	1243.861598			1240.959734	1245.83593	1247.614	1249.124	2.0		1.0	1.0					
1252.169	11.029999999999973	trials	1.0	1253.838912	1255.76551	1261.3882780000001	1261.882764	1252.919912	1260.391414	1262.119	1263.199	1.0	2.0	1.0	1.0					
1267.224	7.1059999999999945	trials	1.0	1269.147074	1270.666994	1273.626584	1274.337602	1267.5754160000001	1273.060936			1.0	2.0	0.0	3.0					
1276.978	15.145999999999958	trials	1.0	1279.5416440000001	1280.979154			1278.782202	1285.601586	1288.314	1289.242	2.0		1.0	1.0					
1292.333	7.395999999999958	trials	1.0	1293.972308	1295.719166	1298.064318	1298.553644	1292.126582	1297.585244	1298.909	1299.729	1.0	1.0	1.0	1.0					
1303.759	8.711999999999989	trials	1.0	1306.463616	1308.114554	1310.684966	1311.25868	1305.558922	1309.872594	1311.344	1312.471	1.0	1.0	1.0	1.0					
1315.489	12.375	trials	1.0	1318.812802	1320.194156			1318.268374	1321.679204	1323.5	1324.694	2.0		1.0	1.0					
1328.75	10.263999999999896	trials	1.0	1330.742932	1331.81909			1327.867502	1333.499578	1335.419	1336.044	2.0		1.0	1.0					
1339.109	8.447000000000116	trials	1.0	1340.666994	1342.505668	1345.601842	1346.152846	1339.017844	1345.00206	1346.384	1347.556	1.0	1.0	1.0	1.0					
1350.415	10.364000000000033	trials	1.0	1352.197306	1353.543598	1356.444234	1357.019188	1350.984106	1355.814264	1357.169	1358.29	1.0	1.0	1.0	1.0					
1362.319	9.735000000000127	trials	1.0	1364.312652	1365.869288			1360.786114	1366.550988	1368.369	1369.366	2.0		1.0	1.0					
1373.294	9.924999999999955	trials	1.0	1375.017834	1376.068698	1377.506044	1378.047258	1372.060628	1376.848714	1378.239	1379.309	1.0	1.0	1.0	1.0					
1383.33	8.308999999999969	trials	1.0	1385.0674040000001	1387.021948			1383.223174	1388.12566			2.0		1.0	1.0					
1394.064	7.369999999999891	trials	1.0	1395.860308	1397.171048	1400.831558	1401.37291	1394.326032	1400.28504			1.0	2.0	0.0	3.0					
1403.449	11.460000000000036	trials	1.0	1406.0924	1407.30067			1405.09507	1408.949822	1411.455	1411.964	2.0		1.0	1.0					
1415.009	7.2970000000000255	trials	1.0	1416.858332	1418.356614	1420.26223	1420.912258	1414.915518	1419.573208	1421.099	1422.306	1.0	1.0	1.0	1.0					
1424.197	8.133000000000038	trials	1.0	1426.272704	1427.4108800000001			1425.524774	1429.638868	1431.319	1432.33	2.0		1.0	1.0					
1434.349	10.288000000000011	trials	1.0	1436.0634	1437.921192	1442.902052	1443.4149380000001	1435.432516	1442.258096	1443.649	1444.637	1.0	1.0	1.0	1.0					
1446.665	9.450000000000045	trials	1.0	1448.220604	1449.660864	1454.119196	1454.666226	1447.506966	1453.489788	1454.779	1456.115	1.0	1.0	1.0	1.0					
1459.169	8.759999999999991	trials	1.0	1462.473168	1463.7296860000001	1465.98857	1466.65554	1461.4963520000001	1465.373204	1466.79	1467.929	1.0	1.0	1.0	1.0					
1469.955	10.47400000000016	trials	1.0	1471.717856	1473.165758	1476.00875	1476.685116	1470.648302	1475.189722	1476.859	1477.911	1.0	1.0	1.0	1.0					
1481.98	6.898999999999887	trials	1.0	1483.8396	1485.863944	1487.20077	1487.643642	1480.434452	1486.132352	1487.909	1488.879	1.0	1.0	1.0	1.0					
1492.949	7.399999999999864	trials	1.0	1494.931536	1496.379042			1493.234322	1497.7348240000001	1499.594	1500.349	2.0		1.0	1.0					
1502.369	6.570000000000164	trials	1.0	1504.12762	1505.386356	1508.421388	1508.945204	1502.8585600000001	1507.719846			1.0	2.0	0.0	3.0					
1511.764	11.660000000000082	trials	1.0	1513.86559	1514.905076			1513.3432540000001	1517.4291620000001	1519.779	1520.532	2.0		1.0	1.0					
1523.569	10.625	trials	1.0	1525.553104	1527.0710920000001			1523.428738	1528.634132	1530.589	1531.352	2.0		1.0	1.0					
1535.389	7.285000000000082	trials	1.0	1537.042632	1539.050716	1540.868442	1541.378888	1534.201206	1539.646264	1541.54	1542.674	1.0	1.0	1.0	1.0					
1544.739	8.014999999999873	trials	1.0	1546.68405	1547.97613	1550.725324	1551.499646	1545.90488	1550.054308	1551.529	1552.754	1.0	1.0	1.0	1.0					
1554.811	10.471000000000004	trials	1.0	1556.542844	1558.504896			1555.826956	1559.935904	1561.734	1562.864	2.0		1.0	1.0					
1566.9	6.163999999999987	trials	1.0	1568.848762	1570.210568			1565.290776	1570.655818	1572.509	1573.064	2.0		1.0	1.0					
1576.087	8.10200000000009	trials	1.0	1577.964902	1579.274674			1576.195084	1580.4078220000001	1582.779	1584.189	2.0		1.0	1.0					
1586.245	8.784000000000106	trials	1.0	1588.903694	1590.752196			1587.997568	1592.503218	1594.25	1595.029	2.0		1.0	1.0					
1597.049	13.13000000000011	trials	1.0	1598.778326	1600.269988	1605.863346	1606.087366	1597.698608	1602.9998620000001			1.0		0.0	5.0					
1610.431	10.633000000000038	trials	1.0	1612.151534	1613.4304300000001			1610.18618	1614.875286	1616.684	1618.299	2.0		1.0	1.0					
1621.324	7.304999999999836	trials	1.0	1623.056288	1624.1898840000001	1628.067524	1628.63539	1621.07076	1625.78517			1.0	1.0	0.0	3.0					
1631.711	1713.749	BlockDesign														1.0	142.0	296.0	50.0	90.0
1631.711	7.860999999999876	trials	2.0	1633.3135	1635.227012	1638.267614	1638.41416	1631.711514	1636.274818			1.0		0.0	5.0					
1642.625	8.479000000000042	trials	2.0	1644.528414	1645.685216			1643.313726	1646.835304	1648.534	1651.104	2.0		1.0	1.0					
1655.119	8.086000000000013	trials	2.0	1657.089808	1658.666226	1661.381486	1662.044826	1656.223184	1660.045708	1662.099	1663.205	1.0	1.0	1.0	1.0					
1665.244	13.075000000000045	trials	2.0	1667.14424	1669.130654			1666.199238	1670.300098	1672.559	1675.284	2.0		1.0	1.0					
1679.304	5.744999999999891	trials	2.0	1681.138706	1682.735532			1678.3278480000001	1682.729348			2.0		0.0	2.0					
1687.804	12.089999999999918	trials	2.0	1691.124096	1692.625352	1695.461032	1695.96658	1690.209682	1693.491168	1696.214	1697.367	1.0	1.0	1.0	1.0					
1700.459	7.287000000000035	trials	2.0	1702.463272	1703.55563	1705.210858	1705.9713080000001	1699.898384	1704.5099	1706.399	1707.746	1.0	1.0	1.0	1.0					
1709.784	10.295999999999822	trials	2.0	1713.438682	1714.471436			1712.810354	1717.313856			2.0		1.0	1.0					
1723.114	9.105000000000018	trials	2.0	1725.028522	1726.933322	1728.376422	1729.093062	1723.30194	1727.7063640000001			1.0	1.0	0.0	3.0					
1732.728	6.370999999999867	trials	2.0	1734.590112	1735.831482	1737.412174	1737.896438	1732.225478	1736.6954640000001	1738.224	1739.099	1.0	2.0	1.0	1.0					
1741.182	7.951999999999998	trials	2.0	1743.527024	1744.733172	1748.659312	1749.14283	1742.807512	1747.716644			1.0	1.0	0.0	3.0					
1751.15	8.733999999999924	trials	2.0	1753.663908	1754.880092	1759.633564	1759.890938	1752.929924	1755.42688			1.0		0.0	5.0					
1762.724	5.8120000000001255	trials	2.0	1764.835886	1766.355492	1767.949106	1768.543044	1763.91528	1767.23291			1.0	1.0	0.0	3.0					
1770.284	9.455999999999904	trials	2.0	1774.364022	1775.4454640000001			1773.69698	1777.01185	1779.194	1779.74	2.0		1.0	1.0					
1782.794	9.714999999999918	trials	2.0	1784.623538	1786.581306	1787.78187	1788.363002	1782.822346	1787.162288	1788.524	1789.554	1.0	1.0	1.0	1.0					
1792.574	9.3599999999999	trials	2.0	1794.553768	1795.905466			1792.516918	1796.520988			2.0		1.0	1.0					
1803.694	11.56100000000015	trials	2.0	1805.4939160000001	1806.5921			1801.9395	1807.619514	1810.084	1812.04	2.0		1.0	1.0					
1816.064	7.740000000000009	trials	2.0	1817.998878	1819.66554	1821.466368	1822.041958	1815.255228	1820.671756	1822.165	1823.804	1.0	1.0	1.0	1.0					
1825.83	10.899000000000115	trials	2.0	1827.613956	1828.7580600000001			1826.7971420000001	1830.843536	1832.844	1834.159	2.0		1.0	1.0					
1837.174	9.865999999999985	trials	2.0	1839.55057	1841.425524	1843.154772	1843.8711700000001	1836.733796	1842.553614			1.0	1.0	0.0	3.0					
1847.531	7.113000000000056	trials	2.0	1849.488954	1850.511128			1847.046564	1851.61782	1853.429	1854.644	2.0		1.0	1.0					
1856.709	10.220000000000027	trials	2.0	1860.5300300000001	1862.181472			1859.555502	1863.76408	1866.019	1866.929	2.0		1.0	1.0					
1869.955	7.835000000000036	trials	2.0	1871.69896	1873.028438	1876.747742	1877.029568	1869.973588	1874.65126			1.0		0.0	5.0					
1879.846	8.927999999999884	trials	2.0	1882.269434	1884.231184	1887.048574	1887.142672	1881.533104	1885.7302300000001			1.0		0.0	5.0					
1891.784	23.330999999999904	trials	2.0	1906.029182	1907.2834			1905.23054	1909.011354	1910.764	1912.174	2.0		1.0	1.0					
1916.194	5.9650000000001455	trials	2.0	1917.7976	1919.285538			1915.118842	1919.826568			2.0		1.0	1.0					
1924.65	8.003999999999905	trials	2.0	1926.289008	1927.8000200000001			1925.2175320000001	1929.341156			2.0		1.0	1.0					
1935.882	10.072999999999865	trials	2.0	1937.886358	1939.374726			1936.307366	1940.387356			2.0		1.0	1.0					
1947.924	5.430000000000064	trials	2.0	1949.7160000000001	1951.351548			1945.964982	1951.337806			2.0		0.0	2.0					
1957.402	13.329999999999927	trials	2.0	1960.26002	1961.276408			1959.273608	1963.0912660000001	1964.955	1966.848	2.0		1.0	1.0					
1970.884	7.595000000000027	trials	2.0	1972.415392	1973.545278	1976.91904	1977.316826	1970.739902	1976.2283340000001	1977.669	1978.479	1.0	1.0	1.0	1.0					
1980.5	12.433999999999969	trials	2.0	1982.264864	1984.023838	1992.723102	1992.943462	1981.615516	1988.225044			1.0		0.0	5.0					
1993.375	10.273999999999887	trials	2.0	1997.457244	1998.721558	2001.7976820000001	2002.563338	1996.553124	2000.99952	2002.514	2003.649	1.0	1.0	1.0	1.0					
2005.674	6.655999999999949	trials	2.0	2007.620638	2009.474358			2006.515224	2009.977228	2012.0	2012.165	2.0		1.0	1.0					
2015.807	9.076999999999998	trials	2.0	2017.512878	2018.751324	2023.415426	2023.88532	2016.402266	2022.797988	2024.284	2024.884	1.0	1.0	1.0	1.0					
2028.947	7.432000000000016	trials	2.0	2031.013384	2032.500724			2030.1596	2033.535022	2035.949	2036.304	2.0		1.0	1.0					
2038.839	8.941000000000031	trials	2.0	2040.422282	2041.881116	2047.1359539999999	2047.7874040000002	2039.896252	2046.512334			1.0	1.0	0.0	3.0					
2049.502	9.748000000000047	trials	2.0	2052.22991	2054.057054	2054.933652	2055.42787	2051.30859	2054.320664	2055.574	2056.484	1.0	1.0	1.0	1.0					
2060.525	9.57400000000007	trials	2.0	2062.574964	2064.235558			2059.255138	2064.227582			2.0		0.0	2.0					
2070.244	6.7029999999999745	trials	2.0	2071.973818	2073.272816			2070.108374	2073.97756	2076.189	2076.947	2.0		1.0	1.0					
2078.959	7.815000000000055	trials	2.0	2080.941978	2082.946658			2079.830264	2083.941122	2085.629	2086.774	2.0		1.0	1.0					
2089.799	9.855000000000018	trials	2.0	2091.805576	2093.474248	2095.48636	2095.943606	2089.865016	2094.780644	2096.284	2097.014	1.0	1.0	1.0	1.0					
2101.034	7.5909999999998945	trials	2.0	2102.6803	2104.50626			2099.662656	2105.125592	2107.309	2108.625	2.0		1.0	1.0					
2111.677	5.545000000000073	trials	2.0	2113.691694	2114.848056	2116.5993	2117.229818	2111.781432	2116.06978			1.0	1.0	0.0	3.0					
2118.939	8.78500000000031	trials	2.0	2121.41562	2122.816632			2120.719632	2124.431792	2126.554	2127.724	2.0		1.0	1.0					
2130.775	11.838999999999942	trials	2.0	2132.859948	2134.7515280000002	2138.460418	2139.124052	2132.04905	2137.0183	2139.239	2140.264	1.0	1.0	1.0	1.0					
2143.34	9.428999999999633	trials	2.0	2145.010696	2147.01497	2148.044954	2148.57528	2142.620684	2147.4439820000002	2148.684	2149.83	1.0	2.0	1.0	1.0					
2153.853	8.851999999999862	trials	2.0	2155.69516	2157.201302			2152.777332	2157.716204	2159.604	2160.455	2.0		1.0	1.0					
2163.478	10.715999999999894	trials	2.0	2165.120246	2166.402424			2162.711738	2168.72566	2170.58	2171.54	2.0		1.0	1.0					
2175.554	6.924999999999727	trials	2.0	2177.5047720000002	2178.989094			2174.202274	2179.498394	2181.384	2182.479	2.0		1.0	1.0					
2184.494	8.963999999999942	trials	2.0	2186.464762	2188.184414			2185.100914	2190.049878	2191.819	2193.458	2.0		1.0	1.0					
2195.484	8.9050000000002	trials	2.0	2197.025402	2198.732026			2196.264458	2201.12386	2203.464	2204.389	2.0		1.0	1.0					
2206.432	10.247000000000298	trials	2.0	2208.370436	2209.85247	2212.4099380000002	2212.920854	2207.41744	2211.877502			1.0	2.0	0.0	3.0					
2216.739	7.2159999999998945	trials	2.0	2218.525756	2220.201016	2222.0525860000002	2222.262116	2216.688616	2220.932086			1.0		0.0	5.0					
2225.964	8.77599999999984	trials	2.0	2228.525504	2229.677528			2227.642522	2231.367622	2234.064	2234.74	2.0		1.0	1.0					
2236.759	9.789999999999964	trials	2.0	2238.696316	2239.756746	2246.052212	2246.5559	2237.710458	2244.341708			1.0	1.0	0.0	3.0					
2248.428	13.590999999999894	trials	2.0	2252.14593	2253.751968			2251.231418	2254.614264	2256.665	2258.931	2.0		1.0	1.0					
2263.004	11.300000000000182	trials	2.0	2264.585492	2265.631908	2268.995066	2269.41046	2262.027704	2267.249764	2269.625	2270.614	1.0	2.0	1.0	1.0					
2274.634	7.019999999999982	trials	2.0	2276.370516	2277.527312			2274.31352	2278.261396	2279.949	2281.654	2.0		1.0	1.0					
2285.669	7.300000000000182	trials	2.0	2287.646268	2289.20717			2285.93584	2290.230824			2.0		1.0	1.0					
2295.494	10.980000000000018	trials	2.0	2297.306056	2298.930644			2296.383942	2301.29505			2.0		1.0	1.0					
2308.02	8.43899999999985	trials	2.0	2309.609098	2311.047162	2312.311222	2312.82459	2306.4827	2311.577778	2313.069	2313.939	1.0	1.0	1.0	1.0					
2318.02	5.56899999999996	trials	2.0	2319.59862	2321.348054	2323.018428	2323.600382	2316.46712	2322.349918			1.0	1.0	0.0	3.0					
2325.369	7.5949999999998	trials	2.0	2327.918872	2329.635648	2331.145122	2331.769328	2327.202686	2330.5353	2331.799	2332.964	1.0	2.0	1.0	1.0					
2335.009	10.429999999999836	trials	2.0	2337.057302	2338.883302	2340.588654	2341.10809	2336.113318	2340.060396	2341.344	2342.349	1.0	2.0	1.0	1.0					
2346.364	5.614000000000033	trials	2.0	2348.256082	2349.953058	2350.651466	2351.089496	2345.44767	2349.949432			1.0		0.0	2.0					
2355.009	6.114999999999782	trials	2.0	2357.02108	2358.438082	2359.439084	2359.951734	2355.731708	2358.839118	2360.205	2361.124	1.0	1.0	1.0	1.0					
2364.14	8.025000000000091	trials	2.0	2366.0660980000002	2367.337826	2370.393508	2370.875336	2364.955478	2369.668924	2371.134	2372.165	1.0	2.0	1.0	1.0					
2375.179	9.945999999999913	trials	2.0	2376.960684	2378.178114			2375.413006	2379.333006	2381.159	2382.152	2.0		1.0	1.0					
2386.174	6.23700000000008	trials	2.0	2387.9563160000002	2389.333356	2390.64812	2391.208506	2385.13545	2389.849982	2391.284	2392.411	1.0	2.0	1.0	1.0					
2394.444	10.784999999999854	trials	2.0	2396.246922	2397.909078	2400.336712	2400.842822	2395.0952780000002	2399.812418	2401.139	2402.229	1.0	2.0	1.0	1.0					
2405.29	5.219000000000051	trials	2.0	2407.0532200000002	2408.448598			2405.237194	2408.440748			1.0		0.0	2.0					
2413.525	11.344000000000051	trials	2.0	2415.7264880000002	2416.948072			2414.761078	2418.68563	2420.324	2422.019	2.0		1.0	1.0					
2425.088	9.92599999999993	trials	2.0	2426.691436	2427.872612			2424.877284	2429.114218	2430.83	2432.344	2.0		1.0	1.0					
2435.379	11.291000000000167	trials	2.0	2437.316798	2439.221832			2435.02433	2440.713302	2442.459	2443.624	2.0		1.0	1.0					
2447.654	9.239999999999782	trials	2.0	2449.558766	2451.028116			2446.68078	2452.070998			2.0		1.0	1.0					
2457.322	8.656999999999698	trials	2.0	2458.907826	2460.314132			2456.90176	2461.868362	2463.759	2465.979	2.0		1.0	1.0					
2468.04	11.739000000000033	trials	2.0	2469.62648	2470.739658	2474.93712	2475.478458	2468.61448	2474.376124	2475.75	2476.994	1.0	1.0	1.0	1.0					
2481.019	10.975000000000364	trials	2.0	2482.766664	2484.507692			2479.7903	2485.214778	2486.959	2489.165	2.0		1.0	1.0					
2492.184	5.904999999999745	trials	2.0	2494.00806	2495.68023	2497.32058	2498.099202	2492.005316	2496.694808			1.0	1.0	0.0	3.0					
2499.64	9.874000000000251	trials	2.0	2504.16129	2506.20719	2507.3258	2507.919338	2503.417652	2506.742554	2508.154	2509.514	1.0	2.0	1.0	1.0					
2512.572	12.98700000000008	trials	2.0	2518.28553	2519.84906			2517.47014	2521.00962	2522.894	2525.559	2.0		1.0	1.0					
2527.588	12.548999999999978	trials	2.0	2529.246542	2530.382944	2535.383714	2535.92227	2528.003832	2534.49374	2536.174	2537.33	1.0	2.0	1.0	1.0					
2541.344	9.650000000000091	trials	2.0	2543.211362	2545.048276			2540.142668	2545.721792	2547.403	2548.08	2.0		1.0	1.0					
2551.142	11.276000000000295	trials	2.0	2552.921314	2554.118494			2551.004808	2555.484666	2557.354	2559.994	2.0		1.0	1.0					
2564.014	6.799999999999727	trials	2.0	2565.852682	2567.68133	2568.682162	2569.110002	2562.430312	2567.99535	2569.469	2570.814	1.0	1.0	1.0	1.0					
2572.837	8.275000000000091	trials	2.0	2574.740482	2576.791946			2573.49524	2578.017528	2579.639	2581.112	2.0		1.0	1.0					
2583.15	12.163000000000011	trials	2.0	2585.861858	2587.150588			2584.8948	2588.908906	2590.959	2591.411	2.0		1.0	1.0					
2595.444	5.195000000000164	trials	2.0	2597.41999	2599.374066	2600.32972	2600.641548	2595.322642	2599.679224			1.0	1.0	0.0	3.0					
2602.644	12.611000000000331	trials	2.0	2604.684828	2606.44385			2603.955508	2608.915782	2610.679	2611.819	2.0		1.0	1.0					
2615.853	11.221000000000004	trials	2.0	2617.593864	2618.671294			2615.26788	2620.307754	2622.729	2624.684	2.0		1.0	1.0					
2627.712	10.467000000000098	trials	2.0	2629.613932	2630.708238	2633.833558	2634.249542	2627.081956	2633.214624	2634.489	2635.549	1.0	2.0	1.0	1.0					
2639.603	12.601999999999862	trials	2.0	2641.287132	2643.109024			2638.187898	2644.445648	2646.884	2649.419	2.0		1.0	1.0					
2652.439	7.769000000000233	trials	2.0	2654.24724	2655.35876			2652.213686	2657.370444	2659.324	2660.208	2.0		1.0	1.0					
2662.259	9.11999999999989	trials	2.0	2664.497318	2666.495804	2669.430472	2669.950044	2663.653862	2668.784902	2670.189	2671.379	1.0	2.0	1.0	1.0					
2673.394	9.175000000000182	trials	2.0	2675.303822	2676.694018	2680.594308	2681.100898	2674.409358	2679.894362	2681.259	2682.569	1.0	2.0	1.0	1.0					
2684.589	7.875	trials	2.0	2686.207146	2688.221526	2690.37782	2690.980478	2685.5665480000002	2689.741334	2691.129	2692.464	1.0	2.0	1.0	1.0					
2695.529	10.289999999999964	trials	2.0	2697.567346	2699.119226			2696.269814	2702.240252	2704.604	2705.819	2.0		1.0	1.0					
2709.839	11.985000000000127	trials	2.0	2715.172246	2716.535166			2714.481254	2719.073762	2721.284	2721.824	2.0		1.0	1.0					
2724.844	7.349999999999909	trials	2.0	2726.882114	2728.239228			2726.195888	2729.663146	2731.599	2732.194	2.0		1.0	1.0					
2735.27	10.019999999999982	trials	2.0	2737.032686	2738.735538	2740.833702	2741.2781840000002	2735.794124	2740.284294	2741.429	2742.806	1.0	2.0	1.0	1.0					
2746.876	5.542999999999665	trials	2.0	2748.602832	2749.96426	2752.231648	2752.43022	2745.300604	2749.958242			1.0		0.0	2.0					
2755.029	9.454999999999927	trials	2.0	2757.07771	2758.338874			2755.469548	2760.707792	2763.149	2764.484	2.0		1.0	1.0					
2766.529	11.885999999999967	trials	2.0	2768.438194	2769.745004			2766.8985940000002	2771.415294	2774.274	2775.219	2.0		1.0	1.0					
2779.259	10.576000000000022	trials	2.0	2780.902624	2782.0442160000002			2778.425102	2783.969244	2785.674	2787.257	2.0		1.0	1.0					
2790.275	10.31399999999985	trials	2.0	2792.353462	2794.244404	2796.486018	2796.92125	2789.84544	2795.647972			1.0	1.0	0.0	3.0					
2800.809	5.244999999999891	trials	2.0	2802.672608	2803.876036	2804.951662	2805.472842	2800.59957	2804.402066			1.0	2.0	1.0	1.0					
2808.519	8.550000000000182	trials	2.0	2812.247886	2813.519984	2816.50683	2817.080954	2811.271904	2815.690458			1.0	2.0	0.0	3.0					
2819.819	12.215000000000146	trials	2.0	2821.483052	2822.600814	2826.743904	2827.2471140000002	2820.896964	2826.01627	2827.504	2828.902	1.0	1.0	1.0	1.0					
2832.931	10.291000000000167	trials	2.0	2834.844366	2836.470982			2832.045144	2837.094584	2838.904	2843.222	2.0		1.0	1.0					
2845.254	11.430000000000291	trials	2.0	2847.002828	2848.519782			2845.607852	2851.1358	2853.494	2853.969	2.0		1.0	1.0					
2856.985	9.403999999999996	trials	2.0	2858.6564	2859.980418	2864.32831	2864.68932	2856.694988	2863.631132			2.0		0.0	4.0					
2868.399	17.38000000000011	trials	2.0	2882.279576	2883.691112	2885.3	2885.791374	2881.607502	2884.690454			1.0	1.0	0.0	3.0					
2889.679	7.3449999999998	trials	2.0	2891.328022	2893.239694	2895.049572	2895.637136	2889.67819	2893.769788	2895.694	2897.024	1.0	2.0	1.0	1.0					
2899.049	11.965000000000146	trials	2.0	2901.001094	2902.0563700000002	2906.272288	2906.896492	2900.064364	2905.644686	2906.959	2908.169	1.0	2.0	1.0	1.0					
2911.232	10.567000000000007	trials	2.0	2912.873542	2914.282266			2911.024932	2917.250584			2.0		1.0	1.0					
2921.822	9.25799999999981	trials	2.0	2923.729788	2924.7598	2926.073006	2926.561552	2921.810728	2925.4178660000002	2926.819	2928.134	1.0	2.0	1.0	1.0					
2931.169	11.135000000000218	trials	2.0	2933.293078	2934.7353120000002	2937.493972	2938.135728	2931.088328	2936.935048	2938.399	2939.554	1.0	2.0	1.0	1.0					
2943.605	10.059999999999945	trials	2.0	2945.467976	2946.615078			2942.313198	2948.214884			2.0		1.0	1.0					
2954.964	5.775000000000091	trials	2.0	2956.703218	2957.85549	2959.07603	2959.502754	2953.674402	2958.3443740000002	2959.939	2960.739	1.0	2.0	1.0	1.0					
2962.759	10.610000000000127	trials	2.0	2964.528778	2965.745934			2963.254202	2968.540078			2.0		1.0	1.0					
2973.895	8.759000000000015	trials	2.0	2975.866252	2977.155954			2973.381764	2977.150306			1.0		0.0	2.0					
2983.275	7.773999999999887	trials	2.0	2985.2736800000002	2986.341664	2987.085532	2987.285156	2982.664476	2986.325222			1.0		0.0	2.0					
2992.339	8.920000000000073	trials	2.0	2993.983776	2995.288838	2996.864296	2997.36737	2991.059678	2995.435414	2997.659	2998.619	1.0	2.0	1.0	1.0					
3002.681	6.518000000000029	trials	2.0	3004.32717	3006.0394			3001.272094	3006.779382	3008.544	3009.199	2.0		1.0	1.0					
3012.25	9.028999999999996	trials	2.0	3013.811156	3015.03197	3020.946832	3021.29142	3012.474766	3017.279864			1.0		0.0	5.0					
3024.384	8.230000000000018	trials	2.0	3027.366396	3028.967652	3030.84141	3031.451204	3026.6516540000002	3030.190322	3031.625	3032.614	1.0	1.0	1.0	1.0					
3034.649	8.925000000000182	trials	2.0	3037.023904	3038.060666			3036.249894	3039.235522			2.0		1.0	1.0					
3044.834	7.581000000000131	trials	2.0	3046.723444	3048.056888			3043.58368	3049.555164	3051.339	3052.415	2.0		1.0	1.0					
3054.462	11.603000000000065	trials	2.0	3056.06457	3058.021738			3055.465768	3059.7831	3062.244	3063.189	2.0		1.0	1.0					
3066.205	7.699000000000069	trials	2.0	3068.269396	3069.47699			3066.074894	3071.5566	3073.384	3073.904	2.0		1.0	1.0					
3075.965	11.509000000000015	trials	2.0	3078.22099	3079.798954			3077.341422	3083.63191	3085.984	3087.474	2.0		1.0	1.0					
3090.494	11.134999999999764	trials	2.0	3092.604274	3094.601912			3091.022824	3095.610442			2.0		1.0	1.0					
3102.209	10.9050000000002	trials	2.0	3103.78318	3105.064402			3101.642358	3105.94508	3108.584	3110.202	2.0		1.0	1.0					
3113.219	11.775000000000091	trials	2.0	3115.027878	3116.295546	3119.976422	3120.60511	3113.12526	3118.327496	3120.674	3122.065	1.0	1.0	1.0	1.0					
3125.964	11.036000000000058	trials	2.0	3128.124514	3129.507764			3125.006766	3130.115058	3132.699	3134.354	2.0		1.0	1.0					
3138.212	5.677000000000135	trials	2.0	3140.088736	3141.73081	3143.250324	3143.89947	3137.013494	3142.53008			1.0	1.0	0.0	3.0					
3145.58	8.625	trials	2.0	3147.934658	3149.14708	3152.215224	3152.774724	3147.288332	3151.637756	3152.884	3154.205	1.0	2.0	1.0	1.0					
3157.219	7.054999999999836	trials	2.0	3159.564374	3161.161216	3162.4572	3162.93285	3158.110454	3161.86269	3163.083	3164.274	1.0	2.0	1.0	1.0					
3166.339	10.170000000000073	trials	2.0	3168.5159320000002	3169.679658			3167.932384	3172.228876	3174.139	3176.509	2.0		1.0	1.0					
3178.541	11.733999999999924	trials	2.0	3180.444354	3182.19112	3185.392664	3185.853948	3179.326624	3184.790328	3186.269	3187.324	1.0	2.0	1.0	1.0					
3190.384	7.585000000000036	trials	2.0	3192.254154	3193.90119	3195.99892	3196.542396	3190.2845780000002	3195.453516	3196.699	3197.969	1.0	2.0	1.0	1.0					
3200.034	11.014999999999873	trials	2.0	3202.024756	3204.086826	3205.355998	3205.929474	3200.997996	3204.697818	3206.04	3207.359	1.0	2.0	1.0	1.0					
3211.416	7.432999999999993	trials	2.0	3213.109492	3215.060684			3211.0618	3215.044242	3216.729	3218.849	2.0		1.0	1.0					
3222.904	8.30600000000004	trials	2.0	3224.742822	3225.917168			3223.74353	3227.013748	3230.014	3231.21	2.0		1.0	1.0					
3235.239	11.172000000000025	trials	2.0	3237.154686	3238.26929			3236.05116	3240.4207460000002			1.0		0.0	5.0					
3246.529	10.764000000000124	trials	2.0	3248.390868	3250.392896			3246.425242	3250.573416	3252.799	3254.429	2.0		1.0	1.0					
3257.46	9.91800000000012	trials	2.0	3258.995236	3260.786276	3262.396326	3262.898738	3257.299542	3261.680224	3263.074	3264.384	1.0	2.0	1.0	1.0					
3268.415	7.44399999999996	trials	2.0	3270.242236	3271.972458	3273.944438	3274.379246	3267.383876	3272.933642	3274.614	3275.859	1.0	2.0	1.0	1.0					
3277.879	9.363000000000284	trials	2.0	3279.590884	3281.415616	3285.111262	3285.604784	3278.663184	3283.560696	3285.784	3287.242	1.0	2.0	1.0	1.0					
3290.306	11.547999999999774	trials	2.0	3292.52996	3294.24541	3296.854032	3297.491584	3291.582196	3296.299062	3297.554	3299.024	1.0	2.0	1.0	1.0					
3302.092	9.853000000000065	trials	2.0	3304.166158	3305.531714			3301.86906	3307.777856	3309.689	3311.945	2.0		1.0	1.0					
3314.019	9.080000000000382	trials	2.0	3315.9194820000002	3317.492138			3314.719318	3319.022948			2.0		1.0	1.0					
3326.54	10.994000000000142	trials	2.0	3328.299554	3330.208866			3327.274928	3331.692762	3333.519	3334.564	2.0		1.0	1.0					
3338.634	6.826000000000022	trials	2.0	3340.579932	3342.522864	3343.448322	3343.964218	3337.548874	3342.838462	3344.169	3345.46	1.0	2.0	1.0	1.0					
3348.526	1800.0230000000001	BlockDesign														1.0	297.0	458.0	50.0	10.0
3348.526	8.71600000000035	trials	3.0	3350.44122	3351.70955			3348.809022	3353.874444	3355.684	3357.242	2.0		1.0	1.0					
3359.29	8.653999999999996	trials	3.0	3361.300934	3362.956716	3366.24497	3366.485484	3360.533702	3364.120974	3366.849	3367.944	2.0		1.0	1.0					
3370.009	10.210000000000036	trials	3.0	3371.615152	3373.15693	3376.244862	3376.554046	3370.399594	3375.64795			2.0		0.0	4.0					
3381.309	11.884999999999764	trials	3.0	3383.075402	3384.90199			3380.232884	3385.95646	3388.884	3389.644	2.0		1.0	1.0					
3393.768	9.260999999999967	trials	3.0	3395.525282	3397.3987	3398.519808	3399.00475	3393.208634	3397.884574	3399.239	3400.15	1.0	1.0	1.0	1.0					
3403.228	7.050999999999931	trials	3.0	3405.21045	3406.9547900000002	3408.251222	3408.584822	3403.044242	3407.09485			1.0		0.0	5.0					
3412.294	7.5900000000001455	trials	3.0	3414.700216	3416.091594	3419.277234	3419.89549	3413.940334	3418.13848			1.0	2.0	0.0	3.0					
3423.619	6.434999999999945	trials	3.0	3425.178296	3427.116818	3428.934214	3429.587832	3424.100376	3428.386008			1.0	1.0	1.0	1.0					
3434.5	10.22400000000016	trials	3.0	3438.716732	3440.122206	3442.864052	3443.356662	3438.120374	3442.244406	3443.514	3444.724	1.0	1.0	1.0	1.0					
3448.779	11.61200000000008	trials	3.0	3450.391672	3451.658662			3449.529434	3453.03341	3455.29	3457.654	2.0		1.0	1.0					
3460.674	8.826000000000022	trials	3.0	3462.68665	3464.309868	3465.428884	3465.848052	3460.400996	3464.862846	3466.199	3467.174	1.0	1.0	1.0	1.0					
3471.241	4.347999999999956	trials	3.0	3473.16521	3473.53259			3469.510054	3473.524436			1.0		0.0	2.0					
3477.643	6.195999999999913	trials	3.0	3479.315872	3480.386638	3481.78137	3482.18106	3478.202792	3481.161408	3482.349	3483.839	1.0	2.0	1.0	1.0					
3485.854	6.649000000000342	trials	3.0	3487.600244	3489.176848	3491.924594	3492.519616	3487.044048	3491.00573			1.0	1.0	0.0	3.0					
3494.291	8.208999999999833	trials	3.0	3496.738872	3497.897558			3495.818	3499.425146			2.0		1.0	1.0					
3504.935	5.528000000000247	trials	3.0	3506.50518	3507.831148	3509.998052	3510.475	3504.983644	3509.319602			1.0	1.0	0.0	3.0					
3512.334	10.329000000000178	trials	3.0	3514.480882	3516.223748	3520.55949	3520.84401	3513.846	3518.367668			2.0		0.0	4.0					
3525.697	21.552999999999884	trials	3.0	3539.200746	3540.99724			3538.258716	3541.725464	3543.419	3544.79	2.0		1.0	1.0					
3547.822	9.514999999999873	trials	3.0	3549.635408	3551.01222			3547.265508	3551.857936	3553.949	3554.722	2.0		1.0	1.0					
3558.744	8.202999999999975	trials	3.0	3560.800558	3562.397916			3557.352138	3563.195426	3565.839	3566.947	2.0		1.0	1.0					
3569.0	12.309000000000196	trials	3.0	3571.27264	3572.718978			3570.42953	3576.39826	3579.625	3581.309	2.0		1.0	1.0					
3585.355	7.963999999999942	trials	3.0	3589.435862	3590.672222	3592.9128180000002	3593.333124	3588.84827	3592.065348			1.0	1.0	0.0	3.0					
3596.239	11.184999999999945	trials	3.0	3602.932428	3604.24265	3607.10238	3607.33318	3602.149402	3606.17981			1.0	2.0	0.0	3.0					
3609.431	11.00799999999981	trials	3.0	3611.8109640000002	3613.606662	3615.435794	3616.038372	3611.264784	3614.959914	3616.125	3617.192	1.0	1.0	1.0	1.0					
3621.267	9.539999999999964	trials	3.0	3623.111388	3624.808226			3620.452538	3625.399086	3627.584	3627.924	2.0		1.0	1.0					
3632.415	4.643000000000029	trials	3.0	3634.050652	3635.729854	3636.584788	3637.070914	3630.82068	3636.111904			1.0	2.0	0.0	3.0					
3640.934	7.7849999999998545	trials	3.0	3642.535954	3643.692976			3641.874334	3645.411334	3647.099	3648.719	2.0		1.0	1.0					
3651.754	8.960000000000036	trials	3.0	3653.907022	3655.143246	3658.602	3659.067404	3652.032068	3657.691772			1.0	1.0	0.0	3.0					
3660.919	11.689000000000306	trials	3.0	3667.472544	3669.238074			3666.738042	3670.27774	3672.29	3672.54	2.0		1.0	1.0					
3676.039	6.429999999999836	trials	3.0	3678.027024	3679.924922	3681.98452	3682.485644	3676.270388	3681.211452			1.0	1.0	0.0	3.0					
3685.309	13.419999999999618	trials	3.0	3692.60344	3693.704282			3692.0331	3695.880154	3697.699	3698.729	2.0		1.0	1.0					
3701.754	11.644999999999982	trials	3.0	3703.56663	3705.35816			3702.664652	3707.301032			1.0		0.0	5.0					
3714.944	5.449999999999818	trials	3.0	3716.72627	3718.338032			3713.412862	3718.334712			2.0		0.0	2.0					
3724.399	9.226000000000113	trials	3.0	3727.39645	3728.607878			3726.507756	3730.031482	3732.364	3733.625	2.0		1.0	1.0					
3736.681	8.13299999999981	trials	3.0	3738.75178	3740.697138			3736.96132	3740.72814	3742.959	3744.814	2.0		1.0	1.0					
3746.834	7.825000000000273	trials	3.0	3748.921514	3750.06018	3752.875586	3753.359882	3748.12438	3752.251352	3753.469	3754.659	1.0	1.0	1.0	1.0					
3757.435	11.264000000000124	trials	3.0	3758.97838	3760.7192			3757.835306	3761.541654	3764.634	3766.205	2.0		1.0	1.0					
3770.259	6.605000000000018	trials	3.0	3772.078306	3773.512458			3768.715588	3773.500972			2.0		0.0	2.0					
3777.524	8.726000000000113	trials	3.0	3782.058304	3783.934816	3785.852972	3786.262532	3781.15045	3785.295288			1.0	1.0	0.0	3.0					
3788.169	6.2280000000000655	trials	3.0	3791.18686	3792.993128	3793.887866	3794.407962	3790.350514	3793.4251			1.0	2.0	0.0	3.0					
3796.27	12.648000000000138	trials	3.0	3802.27284	3803.599762			3801.556226	3805.41096	3807.319	3808.918	2.0		1.0	1.0					
3811.98	9.188000000000102	trials	3.0	3815.551522	3817.452414			3814.65124	3817.83172	3820.08	3821.168	2.0		1.0	1.0					
3823.189	14.370000000000346	trials	3.0	3825.207256	3826.998454			3824.067236	3829.126382	3832.824	3834.121	2.0		1.0	1.0					
3837.894	6.8960000000001855	trials	3.0	3839.764554	3841.104716			3837.574814	3841.906254	3843.729	3844.79	2.0		1.0	1.0					
3848.857	11.692000000000007	trials	3.0	3850.399012	3852.083292			3849.480596	3853.696744	3856.559	3857.034	2.0		1.0	1.0					
3861.049	11.99499999999989	trials	3.0	3863.477196	3865.504914			3860.564232	3866.240044	3867.904	3869.134	2.0		1.0	1.0					
3873.154	7.679000000000087	trials	3.0	3875.022418	3877.11074	3879.115764	3879.573898	3873.059114	3878.510864	3879.784	3880.833	1.0	1.0	1.0	1.0					
3882.744	9.404999999999745	trials	3.0	3884.9332640000002	3886.35462	3891.624202	3892.165266	3883.948398	3889.740948			1.0	2.0	0.0	3.0					
3894.949	8.769999999999982	trials	3.0	3897.607282	3899.268938			3896.936384	3901.40752	3903.304	3903.719	2.0		1.0	1.0					
3905.787	13.019000000000233	trials	3.0	3907.916722	3909.189466			3906.984306	3912.355354	3914.705	3915.83	2.0		1.0	1.0					
3918.854	8.1550000000002	trials	3.0	3920.812334	3921.960012	3925.2187480000002	3925.35358	3918.82209	3923.85959			1.0		0.0	5.0					
3930.025	7.974999999999909	trials	3.0	3932.158412	3934.128742	3936.286372	3936.762946	3930.088546	3935.535812	3936.924	3938.0	1.0	1.0	1.0	1.0					
3942.025	11.173999999999978	trials	3.0	3943.786878	3945.148706			3943.153358	3947.574914	3949.28	3950.104	2.0		1.0	1.0					
3954.133	9.447000000000116	trials	3.0	3956.067562	3957.442466	3963.253216	3963.597158	3953.216142	3958.727446			1.0		0.0	5.0					
3965.774	8.88000000000011	trials	3.0	3969.386644	3971.309172			3968.505976	3971.644994	3974.27	3974.654	2.0		1.0	1.0					
3976.697	10.061999999999898	trials	3.0	3978.447266	3980.518624			3977.842734	3981.1729020000002	3983.044	3983.849	2.0		1.0	1.0					
3986.915	7.117000000000189	trials	3.0	3988.686898	3990.1588540000002	3991.992002	3992.474024	3986.776098	3991.086762	3992.734	3994.032	1.0	1.0	1.0	1.0					
3997.059	8.58999999999969	trials	3.0	3999.011952	4000.039164			3998.47669	4001.571966	4004.165	4005.649	2.0		1.0	1.0					
4007.694	6.46100000000024	trials	3.0	4009.520108	4011.310594	4013.6793900000002	4014.170628	4008.805522	4013.1284			1.0	2.0	0.0	3.0					
4016.059	13.076000000000022	trials	3.0	4018.762234	4020.55876			4017.816222	4023.020622	4024.804	4025.944	2.0		1.0	1.0					
4030.007	7.614000000000033	trials	3.0	4031.746062	4032.975484	4037.239648	4037.637774	4029.148966	4033.475602			1.0		0.0	5.0					
4038.589	14.590000000000146	trials	3.0	4043.572508	4045.369432			4042.844712	4045.60074	4047.394	4050.012	2.0		1.0	1.0					
4054.04	5.2020000000002256	trials	3.0	4055.797696	4057.029366	4058.639378	4059.2576	4053.194274	4058.038492			1.0	2.0	0.0	3.0					
4061.967	8.971999999999753	trials	3.0	4065.410972	4066.619306	4070.720232	4070.853282	4064.556434	4067.812328			1.0		0.0	5.0					
4072.944	8.635999999999967	trials	3.0	4076.747428	4078.654422			4075.78945	4078.876722	4080.484	4081.58	2.0		1.0	1.0					
4083.599	7.989999999999782	trials	3.0	4085.7829439999996	4087.7235419999997			4085.1562219999996	4088.5141799999997			2.0		1.0	1.0					
4094.04	13.239000000000487	trials	3.0	4097.364	4098.531462	4102.528332	4103.128261999999	4096.501856	4100.3206279999995	4103.369	4104.352	1.0	1.0	1.0	1.0					
4108.439	5.614999999999782	trials	3.0	4110.281564	4111.354987999999	4112.3511499999995	4112.807902	4107.2810039999995	4111.78292	4113.099	4114.054	1.0	1.0	1.0	1.0					
4117.069	6.369999999999891	trials	3.0	4118.688748	4119.734928	4122.800448	4123.442169999999	4117.58047	4122.166633999999			1.0	1.0	0.0	3.0					
4127.139	7.300000000000182	trials	3.0	4128.983375999999	4130.92519	4132.942367999999	4133.213121999999	4127.493963999999	4131.34578			1.0		0.0	5.0					
4136.449	10.335000000000036	trials	3.0	4141.497987999999	4142.963784	4144.782816	4145.564076	4140.603198	4144.181374	4145.58	4146.784	1.0	1.0	1.0	1.0					
4148.589	5.680000000000291	trials	3.0	4150.733466	4152.615594	4153.725907999999	4154.2711039999995	4149.745663999999	4153.048432			1.0	1.0	0.0	3.0					
4157.054	5.954999999999927	trials	3.0	4159.339684	4160.59541	4162.451338	4163.010797999999	4158.422224	4161.78126			1.0	2.0	0.0	3.0					
4164.79	17.993999999999687	trials	3.0	4179.209929999999	4180.820057999999	4182.054789999999	4182.784626	4178.347161999999	4181.306006			1.0	1.0	0.0	3.0					
4185.404	10.99499999999989	trials	3.0	4192.505246	4194.337377999999			4191.736363999999	4194.327163999999			2.0		0.0	2.0					
4199.419	5.496000000000095	trials	3.0	4201.630026	4202.909514			4199.958761999999	4202.899933999999			1.0		0.0	2.0					
4208.965	10.016999999999825	trials	3.0	4210.8185619999995	4212.5865459999995			4210.120349999999	4212.913108	4215.019	4216.074	2.0		1.0	1.0					
4220.134	7.1159999999999854	trials	3.0	4221.764002	4223.037337999999	4225.792796	4226.277924	4218.985016	4223.031894			1.0		0.0	2.0					
4229.074	7.6710000000002765	trials	3.0	4231.045614	4232.350557999999			4230.271658	4233.261635999999	4235.594	4236.745	2.0		1.0	1.0					
4239.764	11.099999999999454	trials	3.0	4241.75729	4242.9315719999995			4239.817196	4244.242533999999	4247.089	4248.137	2.0		1.0	1.0					
4252.165	10.234000000000378	trials	3.0	4254.153509999999	4255.205019999999			4250.866168	4256.112066			2.0		1.0	1.0					
4263.564	5.895999999999731	trials	3.0	4265.1632819999995	4266.333167999999			4262.399098	4266.324186			2.0		0.0	2.0					
4272.349	8.144999999999527	trials	3.0	4275.538618	4276.845874	4278.433784	4279.060211999999	4274.58771	4277.802557999999	4279.165	4280.494	1.0	1.0	1.0	1.0					
4284.509	7.979999999999563	trials	3.0	4286.409105999999	4288.480648	4290.888556	4291.422997999999	4285.095469999999	4289.954868	4291.659	4292.489	1.0	1.0	1.0	1.0					
4294.509	10.195999999999913	trials	3.0	4296.578463999999	4298.486002			4295.661757999999	4298.950613999999	4300.744	4301.834	2.0		1.0	1.0					
4305.884	6.890000000000327	trials	3.0	4307.574221999999	4309.165112			4304.70796	4309.396597999999	4311.125	4312.774	2.0		1.0	1.0					
4314.804	7.819999999999709	trials	3.0	4316.809514	4318.801009999999	4321.9726519999995	4322.627455999999	4315.337302	4321.2400179999995			1.0	1.0	0.0	3.0					
4324.407	7.3859999999995125	trials	3.0	4327.737528	4328.903012	4331.1983359999995	4331.796178	4327.00602	4330.627904			1.0	2.0	0.0	3.0					
4333.574	10.350000000000364	trials	3.0	4338.224128	4340.107392			4337.290529999999	4340.448955999999	4343.049	4343.924	2.0		1.0	1.0					
4346.939	11.97899999999936	trials	3.0	4348.715348	4350.025675999999	4353.309797999999	4353.886622	4347.631856	4352.647011999999	4354.064	4355.307	1.0	2.0	1.0	1.0					
4359.339	6.161000000000058	trials	3.0	4360.937634	4362.186334	4364.81323	4365.498578	4358.914258	4364.151159999999			1.0	2.0	0.0	3.0					
4368.159	7.966000000000349	trials	3.0	4371.9000639999995	4373.805665999999	4375.574111999999	4376.126458	4370.959567999999	4374.905408			1.0	1.0	0.0	3.0					
4377.915	11.319000000000415	trials	3.0	4381.493877999999	4383.386369999999			4380.7858559999995	4384.8081839999995	4386.87	4389.234	2.0		1.0	1.0					
4392.264	8.430000000000291	trials	3.0	4393.974498	4395.9849779999995	4400.131006	4400.6939059999995	4392.949014	4399.600957999999			1.0	2.0	0.0	3.0					
4402.459	8.746000000000095	trials	3.0	4407.149364	4408.691637999999			4406.568491999999	4408.681753999999			2.0		0.0	2.0					
4412.76	9.993999999999687	trials	3.0	4417.659307999999	4418.865916	4420.829017999999	4421.446083999999	4416.77341	4420.345388	4421.544	4422.754	1.0	1.0	1.0	1.0					
4424.807	7.806999999999789	trials	3.0	4426.752328	4428.120768	4431.743063999999	4432.116075999999	4425.693442	4430.666052			1.0	2.0	0.0	3.0					
4435.619	8.079999999999927	trials	3.0	4438.189883999999	4440.140922	4441.739471999999	4442.405744	4437.571997999999	4441.2395879999995	4442.514	4443.699	1.0	1.0	1.0	1.0					
4447.744	7.757000000000517	trials	3.0	4449.674408	4451.480565999999			4447.8922219999995	4452.781669999999	4454.724	4455.501	2.0		1.0	1.0					
4457.559	11.135000000000218	trials	3.0	4459.114409999999	4460.886775999999			4458.167925999999	4462.055195999999	4463.869	4468.694	2.0		1.0	1.0					
4471.719	9.975000000000364	trials	3.0	4473.49788	4474.858047999999			4472.970367999999	4475.951724	4477.894	4478.634	2.0		1.0	1.0					
4482.66	4.699000000000524	trials	3.0	4484.385184	4485.474469999999	4486.780809999999	4487.361083999999	4481.697021999999	4486.240591999999			1.0	1.0	0.0	3.0					
4489.129	6.319999999999709	trials	3.0	4491.749535999999	4493.406636	4494.983456	4495.449102	4491.081673999999	4494.420993999999			1.0	2.0	0.0	3.0					
4497.355	12.464000000000851	trials	3.0	4503.614834	4504.862281999999			4502.703197999999	4505.678019999999	4507.839	4509.819	2.0		1.0	1.0					
4512.853	9.921000000000276	trials	3.0	4514.774866	4515.956305999999			4513.279412	4517.139201999999	4519.056	4520.134	2.0		1.0	1.0					
4523.159	5.450000000000728	trials	3.0	4524.890117999999	4526.942658	4528.04422	4528.612276	4522.777405999999	4527.505144			1.0	1.0	0.0	3.0					
4531.432	11.472000000000662	trials	3.0	4537.103577999999	4539.119626			4536.131727999999	4539.55049	4541.859	4542.904	2.0		1.0	1.0					
4545.924	8.109999999999673	trials	3.0	4547.760168	4548.911459999999			4547.168353999999	4551.779251999999	4553.589	4553.754	2.0		1.0	1.0					
4556.474	12.989999999999782	trials	3.0	4558.211337999999	4560.0541379999995	4564.198689999999	4564.416018	4557.307411999999	4563.001225999999			1.0		0.0	5.0					
4570.154	6.589999999999236	trials	3.0	4571.935533999999	4573.222244			4569.468502	4573.54818	4575.714	4576.744	2.0		1.0	1.0					
4579.806	11.149000000000342	trials	3.0	4581.634921999999	4582.83383	4585.7925159999995	4586.227234	4580.593972	4585.0469379999995	4586.474	4587.854	1.0	1.0	1.0	1.0					
4591.88	5.079999999999927	trials	3.0	4593.575096	4594.956209999999	4596.381914	4596.965647999999	4590.955222	4595.634966			1.0	1.0	0.0	3.0					
4600.744	7.8770000000004075	trials	3.0	4602.430203999999	4603.486875999999			4600.782507999999	4604.380604	4608.455	4608.621	2.0		1.0	1.0					
4611.04	13.53399999999965	trials	3.0	4618.840494	4620.7029059999995			4618.014077999999	4620.700204			2.0		0.0	2.0					
4624.73	8.274000000000342	trials	3.0	4627.961633999999	4628.242396			4627.066175999999	4628.233512			1.0		0.0	2.0					
4634.339	4.779999999999745	trials	3.0	4635.970745999999	4637.097733999999	4638.174435999999	4638.267362	4633.007997999999	4637.095074			1.0		0.0	2.0					
4643.13	4.47400000000016	trials	3.0	4644.840279999999	4645.877038	4647.101505999999	4647.606973999999	4643.705284	4646.442663999999			1.0	1.0	0.0	3.0					
4650.424	7.405999999999949	trials	3.0	4653.0106559999995	4654.868418			4652.135765999999	4655.059818	4657.384	4657.83	2.0		1.0	1.0					
4659.904	9.664999999999964	trials	3.0	4662.2907319999995	4664.144093999999			4661.360296	4664.854181999999	4666.549	4669.569	2.0		1.0	1.0					
4672.645	14.568999999999505	trials	3.0	4677.313561999999	4678.9967719999995			4676.31171	4680.40155	4682.205	4683.375	2.0		1.0	1.0					
4687.4	7.675000000000182	trials	3.0	4689.070546	4690.29029			4687.218199999999	4691.081114	4693.899	4695.075	2.0		1.0	1.0					
4698.094	8.354999999999563	trials	3.0	4701.22592	4702.732488	4706.033308	4706.452423999999	4700.336759999999	4705.415316			1.0	1.0	0.0	3.0					
4708.4	9.055000000000291	trials	3.0	4712.3653699999995	4714.139286			4711.691244	4715.270855999999	4717.224	4717.364	2.0		1.0	1.0					
4721.014	10.25500000000011	trials	3.0	4722.770901999999	4723.792106			4721.130553999999	4724.905788			2.0		1.0	1.0					
4731.619	9.713999999999942	trials	3.0	4733.62047	4735.2825219999995	4736.558983999999	4736.990894	4731.273502	4735.390914			1.0		0.0	5.0					
4742.554	4.77599999999984	trials	3.0	4744.270645999999	4745.868194	4746.515963999999	4747.336133999999	4741.3397079999995	4745.837022			1.0	2.0	0.0	3.0					
4748.858	11.791000000000167	trials	3.0	4752.132116	4753.972548			4751.242947999999	4754.474719999999	4756.384	4757.205	2.0		1.0	1.0					
4761.274	6.25	trials	3.0	4763.212602	4764.65809			4760.651045999999	4764.646385999999			2.0		0.0	2.0					
4768.669	8.855000000000473	trials	3.0	4772.038731999999	4773.362703999999	4775.929418	4776.397993999999	4771.517554	4775.164503999999	4776.639	4777.524	1.0	1.0	1.0	1.0					
4779.572	9.25799999999981	trials	3.0	4781.496063999999	4783.178962	4786.711211999999	4787.12948	4780.978144	4785.549961999999			1.0		0.0	5.0					
4791.835	7.564000000000306	trials	3.0	4794.123739999999	4795.466562	4798.8584519999995	4799.4045479999995	4793.349969999999	4798.023493999999			1.0	2.0	0.0	3.0					
4803.129	11.635000000000218	trials	3.0	4805.23586	4806.8146019999995			4804.264644	4807.606862	4809.609	4811.11	2.0		1.0	1.0					
4815.166	7.657999999999447	trials	3.0	4816.7093079999995	4818.502116			4814.765856	4819.612072	4821.469	4822.824	2.0		1.0	1.0					
4825.844	6.244999999999891	trials	3.0	4828.035674	4829.979718	4831.648509999999	4832.091608	4825.848478	4830.838468			1.0	2.0	0.0	3.0					
4834.994	8.105000000000473	trials	3.0	4837.735967999999	4839.420639999999			4836.826561999999	4840.155143999999	4841.839	4843.099	2.0		1.0	1.0					
4845.197	9.662000000000262	trials	3.0	4849.00747	4850.598876			4848.229899999999	4851.951585999999			2.0		1.0	1.0					
4857.4	7.729000000000269	trials	3.0	4859.003863999999	4860.855138			4857.81927	4861.6110419999995	4864.319	4865.129	2.0		1.0	1.0					
4867.149	8.545000000000073	trials	3.0	4869.352723999999	4871.197722			4868.655393999999	4873.366859999999	4875.234	4875.584	2.0		1.0	1.0					
4879.049	5.778000000000247	trials	3.0	4880.716509999999	4882.6398	4884.3916659999995	4884.8281019999995	4879.260354	4883.758865999999			1.0	1.0	0.0	3.0					
4887.758	8.003999999999905	trials	3.0	4890.017013999999	4891.188192			4889.201854	4893.420977999999	4895.229	4895.762	2.0		1.0	1.0					
4897.824	9.25	trials	3.0	4900.971643999999	4902.223193999999			4900.0498959999995	4903.95076	4905.849	4907.074	2.0		1.0	1.0					
4910.103	7.350000000000364	trials	3.0	4912.146774	4913.517605999999			4910.668425999999	4914.502122	4916.214	4917.453	2.0		1.0	1.0					
4919.521	9.208000000000538	trials	3.0	4921.865207999999	4923.93779	4926.569842	4927.198006	4920.9413779999995	4925.806414	4927.255	4928.729	1.0	1.0	1.0	1.0					
4932.759	6.545000000000073	trials	3.0	4934.411958	4936.1035059999995			4933.312513999999	4936.951735999999	4938.839	4939.304	2.0		1.0	1.0					
4942.324	10.830000000000837	trials	3.0	4944.332468	4946.238869999999			4942.502374	4946.946612	4948.859	4949.934	2.0		1.0	1.0					
4953.955	5.5460000000002765	trials	3.0	4955.797103999999	4956.90709	4957.64978	4958.143346	4953.1604959999995	4957.035806	4958.464	4959.501	1.0	1.0	1.0	1.0					
4962.544	6.541000000000167	trials	3.0	4964.456246	4966.058896	4967.0025399999995	4967.618595999999	4962.886887999999	4966.4208499999995	4967.744	4969.085	1.0	1.0	1.0	1.0					
4971.134	5.475000000000364	trials	3.0	4972.736456	4973.954048	4975.994435999999	4976.61521	4972.0326079999995	4975.362074			1.0	1.0	0.0	3.0					
4978.339	13.385000000000218	trials	3.0	4982.321464	4984.33944			4981.669575999999	4985.8708799999995	4987.864	4988.199	2.0		1.0	1.0					
4992.639	6.269999999999527	trials	3.0	4994.591673999999	4995.148811999999			4991.727123999999	4995.138731999999			1.0		0.0	2.0					
5000.214	4.951000000000022	trials	3.0	5002.632232	5003.160698	5004.730737999999	5004.88148	4998.911177999999	5003.147158			1.0		0.0	2.0					
5009.174	7.5649999999996	trials	3.0	5011.10887	5012.791808			5009.777725999999	5013.364578	5015.439	5016.739	2.0		1.0	1.0					
5018.769	6.4650000000001455	trials	3.0	5020.577343999999	5022.503204	5024.675327999999	5025.2397439999995	5019.969513999999	5024.037866			1.0	1.0	0.0	3.0					
5029.004	6.591000000000349	trials	3.0	5030.732459999999	5032.595966	5035.199038	5035.6014159999995	5029.7573139999995	5033.443996			1.0	2.0	0.0	3.0					
5039.529	9.685999999999694	trials	3.0	5042.807704	5044.184028			5042.236902	5045.378841999999	5047.804	5049.215	2.0		1.0	1.0					
5052.279	7.444999999999709	trials	3.0	5054.2135	5055.283315999999	5057.976237999999	5058.563289999999	5053.026639999999	5057.386313999999	5058.75	5059.724	1.0	1.0	1.0	1.0					
5061.744	7.190000000000509	trials	3.0	5064.399963999999	5065.665897999999	5068.26985	5068.937629999999	5063.852177999999	5067.667487999999			1.0	1.0	0.0	3.0					
5072.604	8.529999999999745	trials	3.0	5077.172667999999	5079.054141999999	5080.687639999999	5081.138919999999	5076.5162199999995	5080.086536			1.0	1.0	0.0	3.0					
5085.025	20.93000000000029	trials	3.0	5100.262342	5101.966017999999			5099.438709999999	5102.503017999999	5104.705	5105.955	2.0		1.0	1.0					
5108.006	18.0029999999997	trials	3.0	5119.032044	5120.193998	5125.123729999999	5125.209832	5118.072931999999	5122.716686			1.0		0.0	5.0					
5128.056	13.998000000000502	trials	3.0	5132.258642	5133.924494			5131.325419999999	5134.793178	5128.679	5138.347	2.0		1.0	1.0					
5142.437	6.11200000000008	trials	3.0	5144.26279	5146.216412	5146.795061999999	5147.34517	5142.0583719999995	5146.112217999999	5147.58	5148.549	1.0	1.0	1.0	1.0					
5150.619	1429.875	BlockDesign														1.0	459.0	588.0	10.0	50.0
5150.619	10.954999999999927	trials	4.0	5153.884239999999	5155.146288			5152.999593999999	5156.565541999999			2.0		1.0	1.0					
5162.244	6.374000000000706	trials	4.0	5163.890154	5164.979517999999			5161.5782739999995	5165.800244			2.0		1.0	1.0					
5172.039	8.743000000000393	trials	4.0	5175.76269	5177.810485999999	5180.096882	5180.7870139999995	5175.17297	5179.277469999999			1.0	1.0	0.0	3.0					
5182.429	8.88299999999981	trials	4.0	5185.69576	5186.774057999999	5189.4682219999995	5189.970875999999	5185.161332	5188.938214	5190.209	5191.312	1.0	2.0	1.0	1.0					
5195.384	11.11999999999989	trials	4.0	5197.250459999999	5198.538167999999			5196.331993999999	5200.115733999999			2.0		1.0	1.0					
5207.369	9.25500000000011	trials	4.0	5208.9522879999995	5210.739191999999			5206.510794	5211.122568	5213.509	5213.79	2.0		1.0	1.0					
5217.29	6.798999999999978	trials	4.0	5219.037614	5220.614062			5216.6286359999995	5221.040626	5223.619	5224.089	2.0		1.0	1.0					
5226.114	9.980000000000473	trials	4.0	5229.174201999999	5230.487276	5235.651833999999	5236.101723999999	5228.627398	5234.864589999999			1.0	1.0	0.0	3.0					
5238.931	13.053000000000793	trials	4.0	5241.167194	5242.37019			5240.202708	5244.810356	5246.869	5248.595	2.0		1.0	1.0					
5252.619	6.925000000000182	trials	4.0	5254.267965999999	5255.81999			5251.990366	5256.792821999999	5258.529	5259.544	2.0		1.0	1.0					
5262.605	8.389000000000124	trials	4.0	5264.622374	5266.309394			5263.160658	5267.400729999999	5270.364	5270.994	2.0		1.0	1.0					
5273.04	7.043999999999869	trials	4.0	5275.07359	5277.024444	5279.614509999999	5280.092011999999	5273.96156	5278.950336			1.0	1.0	0.0	3.0					
5283.964	7.9350000000004	trials	4.0	5285.973217999999	5287.2745939999995			5284.601032	5289.507078	5291.154	5291.899	2.0		1.0	1.0					
5293.724	8.430999999999585	trials	4.0	5296.251252	5297.744416	5301.682788	5302.162969999999	5295.311038	5301.070576			1.0	1.0	0.0	3.0					
5305.044	7.873999999999796	trials	4.0	5306.928268	5308.489618			5306.159067999999	5309.756004	5311.822	5312.918	2.0		1.0	1.0					
5314.978	12.315999999999804	trials	4.0	5317.578329999999	5319.199384			5316.667979999999	5322.161166			2.0		1.0	1.0					
5327.759	7.324999999999818	trials	4.0	5329.625786	5331.593559999999	5333.134876	5333.7538159999995	5327.302602	5332.458568	5333.809	5335.084	1.0	2.0	1.0	1.0					
5338.134	7.770000000000437	trials	4.0	5340.608286	5342.595853999999			5338.294382	5343.047049999999	5344.929	5345.904	2.0		1.0	1.0					
5348.674	10.77099999999973	trials	4.0	5350.6835439999995	5351.834511999999			5348.72899	5353.218349999999			2.0		1.0	1.0					
5360.709	8.011999999999716	trials	4.0	5362.4518	5363.620121999999	5364.454704	5364.903074	5359.447907999999	5363.679306			1.0	1.0	0.0	3.0					
5368.834	4.523000000000138	trials	4.0	5370.5583719999995	5371.8768359999995	5372.9818399999995	5373.364197999999	5368.723529999999	5372.407235999999			1.0	1.0	0.0	3.0					
5377.339	11.501000000000204	trials	4.0	5381.655602	5383.051694	5387.129386	5387.657404	5381.010651999999	5386.264483999999	5387.924	5388.84	1.0	2.0	1.0	1.0					
5390.859	7.574999999999818	trials	4.0	5392.466689999999	5393.90972	5396.614184	5396.995486	5391.9070759999995	5395.812937999999			1.0	1.0	0.0	3.0					
5399.978	16.929000000000087	trials	4.0	5407.818652	5409.195041999999			5406.863734	5410.1713979999995	5412.874	5413.909	2.0		1.0	1.0					
5417.934	10.329999999999927	trials	4.0	5419.683943999999	5420.730471999999			5416.9092439999995	5421.596885999999	5423.705	5424.932	2.0		1.0	1.0					
5428.955	4.564000000000306	trials	4.0	5430.675249999999	5432.110221999999	5433.115871999999	5433.5260419999995	5428.269028	5432.266369999999			1.0	2.0	0.0	3.0					
5435.444	5.757999999999811	trials	4.0	5438.2241619999995	5439.6101499999995	5440.738589999999	5441.205996	5437.444528	5440.215979999999			1.0	1.0	0.0	3.0					
5445.088	10.791000000000167	trials	4.0	5447.058708	5448.9004159999995			5445.299219999999	5449.1325719999995			2.0		1.0	1.0					
5457.004	5.721999999999753	trials	4.0	5458.737937999999	5460.071195999999	5460.929507999999	5461.446983999999	5455.886336	5460.404457999999	5461.719	5462.726	1.0	2.0	1.0	1.0					
5465.744	4.905000000000655	trials	4.0	5467.34984	5468.846672	5470.065876	5470.654221999999	5465.84016	5469.356408			1.0	2.0	0.0	3.0					
5472.395	13.023999999999432	trials	4.0	5477.448436	5478.597048	5479.819949999999	5480.3873459999995	5476.451588	5479.229794	5480.619	5481.694	1.0	1.0	1.0	1.0					
5485.757	9.207000000000335	trials	4.0	5487.689976	5489.200521999999	5489.771659999999	5489.94536	5485.426893999999	5489.191032			1.0		0.0	2.0					
5495.254	8.095000000000255	trials	4.0	5497.0034559999995	5498.5889			5494.973209999999	5499.2629099999995	5502.799	5503.349	2.0		1.0	1.0					
5505.634	7.899999999999636	trials	4.0	5507.974259999999	5509.450782			5507.325868	5510.343	5512.714	5513.534	2.0		1.0	1.0					
5515.559	5.435999999999694	trials	4.0	5517.224015999999	5518.358032	5520.365258	5520.998522	5516.473488	5519.722968			1.0	1.0	0.0	3.0					
5524.684	7.9409999999998035	trials	4.0	5526.573584	5527.730616			5526.018716	5529.699444	5531.419	5532.625	2.0		1.0	1.0					
5534.681	9.788000000000466	trials	4.0	5536.809923999999	5538.270726			5535.986206	5539.6007979999995	5543.274	5544.469	2.0		1.0	1.0					
5546.489	5.030000000000655	trials	4.0	5548.569124	5549.516933999999			5547.79846	5549.513177999999			1.0		0.0	2.0					
5553.529	13.927999999999884	trials	4.0	5562.942983999999	5564.995897999999	5566.9212959999995	5567.462611999999	5562.187136	5566.289696			1.0	2.0	0.0	3.0					
5570.259	8.295000000000073	trials	4.0	5573.229165999999	5574.26685	5577.97622	5578.562543999999	5572.573925999999	5576.802497999999			1.0	1.0	0.0	3.0					
5580.304	8.63000000000011	trials	4.0	5584.014767999999	5585.828035999999			5583.293352	5586.5969	5588.544	5588.674	2.0		1.0	1.0					
5591.375	7.25	trials	4.0	5593.543669999999	5595.136148	5598.118313999999	5598.631238	5592.907324	5597.4517559999995			1.0	1.0	0.0	3.0					
5601.434	6.121999999999389	trials	4.0	5603.374543999999	5605.0482059999995	5606.663938	5607.565514	5602.811814	5606.059058			1.0	2.0	0.0	3.0					
5609.989	8.057000000000698	trials	4.0	5613.234457999999	5614.771487999999			5612.308343999999	5615.26483	5617.024	5618.046	2.0		1.0	1.0					
5621.104	6.222999999999956	trials	4.0	5622.775495999999	5623.85629	5626.862475999999	5627.335795999999	5621.305511999999	5625.880512			1.0	1.0	0.0	3.0					
5631.19	6.440000000000509	trials	4.0	5633.047006	5634.180488	5637.130346	5637.639609999999	5632.33436	5636.0710579999995			1.0	2.0	0.0	3.0					
5641.459	9.340000000000146	trials	4.0	5644.969609999999	5646.49897			5644.19453	5648.414965999999	5650.229	5650.799	2.0		1.0	1.0					
5653.839	11.572000000000116	trials	4.0	5655.624204	5657.684829999999			5654.168659999999	5658.110715999999	5659.955	5661.959	2.0		1.0	1.0					
5665.974	4.980999999999767	trials	4.0	5667.550741999999	5668.892201999999			5665.417108	5668.883403999999			1.0		0.0	2.0					
5674.964	10.850000000000364	trials	4.0	5676.629284	5677.884166			5675.9077179999995	5679.059066	5681.0	5681.889	2.0		1.0	1.0					
5685.91	5.399000000000342	trials	4.0	5687.74436	5689.3112599999995			5685.822396	5689.303629999999			1.0		0.0	2.0					
5695.319	11.159999999999854	trials	4.0	5699.572864	5701.460802			5698.57177	5702.456394	5704.139	5706.479	2.0		1.0	1.0					
5708.5	6.47400000000016	trials	4.0	5711.6847339999995	5713.551508	5714.530933999999	5714.982497999999	5710.791875999999	5713.997552			1.0	1.0	0.0	3.0					
5716.864	9.950000000000728	trials	4.0	5722.391309999999	5724.440903999999	5726.114462	5726.82209	5721.792882	5725.153329999999			1.0	2.0	0.0	3.0					
5728.434	20.297999999999774	trials	4.0	5740.194906	5741.663167999999	5744.581768	5744.732383999999	5739.504999999999	5743.39647			1.0		0.0	5.0					
5750.559	7.449999999999818	trials	4.0	5752.5697279999995	5753.516796	5754.023359999999	5754.271207999999	5748.73718	5753.510565999999			1.0		0.0	2.0					
5758.605	5.020000000000437	trials	4.0	5760.7926019999995	5761.622985999999			5758.018004	5761.620105999999			2.0		0.0	2.0					
5767.677	6.710000000000036	trials	4.0	5769.85988	5771.391893999999	5773.5711519999995	5774.3966359999995	5769.236363999999	5773.002694			1.0	1.0	0.0	3.0					
5775.947	7.092999999999847	trials	4.0	5778.794956	5780.302019999999	5781.321443999999	5781.841973999999	5777.958868	5780.853998	5782.194	5783.04	1.0	2.0	1.0	1.0					
5786.087	5.57799999999952	trials	4.0	5787.891911999999	5789.6574279999995			5787.081714	5789.650339999999			2.0		0.0	2.0					
5795.679	9.610999999999876	trials	4.0	5798.966952	5800.918105999999			5798.273912	5801.425756			2.0		1.0	1.0					
5807.715	9.668999999999869	trials	4.0	5809.529986	5811.473367999999			5808.264037999999	5812.139767999999	5814.0	5814.154	2.0		1.0	1.0					
5817.744	4.565000000000509	trials	4.0	5819.350672	5821.201493999999	5821.757986	5822.318969999999	5817.394512	5821.216063999999			1.0	1.0	0.0	3.0					
5824.089	7.545000000000073	trials	4.0	5827.51161	5829.282929999999	5831.1176399999995	5831.642538	5826.726218	5830.606175999999			1.0	2.0	0.0	3.0					
5834.489	14.83600000000024	trials	4.0	5843.740502	5845.481956			5842.939256	5846.578001999999	5848.634	5849.325	2.0		1.0	1.0					
5852.344	7.945999999999913	trials	4.0	5853.945331999999	5855.528488			5853.010393999999	5856.677181999999			2.0		1.0	1.0					
5862.619	5.350000000000364	trials	4.0	5864.789973999999	5865.968857999999	5866.894047999999	5866.914242	5863.88495	5865.9634559999995			1.0		0.0	2.0					
5870.0	14.471999999999753	trials	4.0	5875.141619999999	5876.527141999999			5874.624022	5878.839588			2.0		1.0	1.0					
5885.884	6.666000000000167	trials	4.0	5887.810463999999	5889.791671999999			5884.482459999999	5890.341708			2.0		1.0	1.0					
5895.074	8.095000000000255	trials	4.0	5898.400323999999	5900.01303	5902.589328	5903.178403999999	5897.575763999999	5901.726145999999			1.0	1.0	0.0	3.0					
5906.924	8.470000000000255	trials	4.0	5909.240937999999	5911.12486			5908.505147999999	5912.1449299999995	5914.04	5915.394	2.0		1.0	1.0					
5918.464	8.125	trials	4.0	5920.3236799999995	5921.793694	5924.950793999999	5925.3651199999995	5919.228639999999	5924.137632	5925.714	5926.589	1.0	2.0	1.0	1.0					
5929.614	11.030000000000655	trials	4.0	5933.910204	5935.86237			5932.967713999999	5937.049067999999			1.0		0.0	5.0					
5944.184	13.305999999999585	trials	4.0	5949.145667999999	5950.631958			5948.211904	5950.913352	5953.669	5954.209	2.0		1.0	1.0					
5958.259	5.770999999999731	trials	4.0	5960.280793999999	5961.432849999999	5962.40983	5962.922148	5957.496486	5961.827706	5963.125	5964.03	1.0	1.0	1.0	1.0					
5967.049	8.829999999999927	trials	4.0	5968.955451999999	5970.232424			5967.563544	5971.572936	5974.149	5975.879	2.0		1.0	1.0					
5977.9	8.055000000000291	trials	4.0	5979.887016	5981.8645			5978.793369999999	5982.599568	5984.399	5985.955	2.0		1.0	1.0					
5987.969	7.930999999999585	trials	4.0	5989.950706	5991.937682			5988.860909999999	5992.497571999999	5994.644	5995.9	2.0		1.0	1.0					
5997.944	8.069999999999709	trials	4.0	5999.94083	6001.4342879999995			5998.642618	6002.505695999999	6005.189	6006.014	2.0		1.0	1.0					
6009.041	6.030999999999949	trials	4.0	6010.781126	6012.299591999999	6014.4673219999995	6015.077321999999	6009.903302	6013.753142			1.0	1.0	0.0	3.0					
6018.794	9.020000000000437	trials	4.0	6020.7309319999995	6022.002434	6024.7347199999995	6025.282858	6019.671257999999	6023.904046			1.0	2.0	0.0	3.0					
6028.049	13.845000000000255	trials	4.0	6035.045698	6036.843363999999	6040.149734	6040.62421	6034.188816	6039.502922	6040.969	6041.894	1.0	2.0	1.0	1.0					
6043.915	8.764000000000124	trials	4.0	6046.376211999999	6047.907697999999			6045.744355999999	6049.557135999999			1.0		0.0	5.0					
6055.73	11.739000000000487	trials	4.0	6061.302764	6062.577684			6060.310254	6063.515705999999	6066.519	6067.469	2.0		1.0	1.0					
6070.274	7.349999999999454	trials	4.0	6072.177438	6073.823187999999			6070.516806	6073.8184439999995			2.0		0.0	2.0					
6077.934	11.114999999999782	trials	4.0	6081.928075999999	6083.4159899999995			6081.1136879999995	6084.21285	6086.049	6089.049	2.0		1.0	1.0					
6091.064	7.529999999999745	trials	4.0	6094.931119999999	6096.25253	6098.005477999999	6098.604299999999	6094.250598	6097.289279999999			1.0	1.0	0.0	3.0					
6100.339	10.121000000000095	trials	4.0	6103.6986019999995	6105.277418			6103.053895999999	6105.900409999999	6109.0	6110.46	2.0		1.0	1.0					
6114.517	8.851999999999862	trials	4.0	6116.451099999999	6117.5026419999995			6115.756523999999	6118.879139999999	6121.334	6123.369	2.0		1.0	1.0					
6125.394	10.951999999999316	trials	4.0	6127.506022	6128.884414	6132.106991999999	6132.555592	6126.722408	6131.371176			1.0	1.0	0.0	3.0					
6136.474	7.0479999999997744	trials	4.0	6138.169355999999	6140.227378			6136.356803999999	6140.409261999999	6142.33	6143.522	2.0		1.0	1.0					
6146.54	5.350999999999658	trials	4.0	6148.482222	6150.198613999999	6151.42664	6151.901927999999	6147.330264	6150.917385999999			1.0	2.0	0.0	3.0					
6153.79	10.264000000000124	trials	4.0	6158.61932	6160.233138	6162.279699999999	6162.3830259999995	6157.661552	6160.902647999999			1.0		0.0	5.0					
6166.064	17.118999999999687	trials	4.0	6178.027195999999	6179.747997999999	6181.169061999999	6181.683913999999	6177.190606	6180.639467999999	6182.014	6183.183	1.0	2.0	1.0	1.0					
6186.974	11.609999999999673	trials	4.0	6189.1466439999995	6191.110524			6188.336464	6191.831778	6193.604	6195.489	2.0		1.0	1.0					
6199.544	6.085000000000036	trials	4.0	6201.394237999999	6202.715499999999	6203.547799999999	6204.104327999999	6198.595232	6203.042461999999	6204.229	6205.629	1.0	2.0	1.0	1.0					
6207.399	8.289999999999964	trials	4.0	6209.58634	6210.60829	6213.816515999999	6214.360757999999	6208.993015999999	6212.943706	6214.534	6215.689	1.0	2.0	1.0	1.0					
6219.753	10.485999999999876	trials	4.0	6221.33138	6222.700247999999			6220.143904	6224.231232	6226.764	6227.044	2.0		1.0	1.0					
6231.109	6.224999999999454	trials	4.0	6233.396875999999	6234.508073999999	6235.36479	6235.900564	6230.248041999999	6234.890428	6236.129	6237.334	1.0	2.0	1.0	1.0					
6240.352	4.677000000000589	trials	4.0	6242.102575999999	6243.7739839999995	6244.532563999999	6245.038468	6240.793839999999	6244.069372			1.0	2.0	0.0	3.0					
6246.859	16.924999999999272	trials	4.0	6257.902614	6259.797326			6257.38661	6260.778297999999	6262.509	6263.784	2.0		1.0	1.0					
6266.75	6.938000000000102	trials	4.0	6268.670184	6270.673779999999			6267.0817019999995	6271.678526			2.0		1.0	1.0					
6277.214	11.210000000000036	trials	4.0	6279.211718	6280.527656			6277.273572	6281.671488			2.0		1.0	1.0					
6288.619	8.720000000000255	trials	4.0	6290.546805999999	6291.694146	6292.310293999999	6292.409802	6288.434158	6291.6902979999995			1.0		0.0	2.0					
6297.799	9.615999999999985	trials	4.0	6299.586948	6301.184691999999			6297.351275999999	6301.670902	6303.375	6304.389	2.0		1.0	1.0					
6308.415	6.298999999999978	trials	4.0	6310.147891999999	6311.72557			6307.4218359999995	6311.708708			2.0		0.0	2.0					
6315.737	10.827000000000226	trials	4.0	6321.209938	6322.264106	6325.823925999999	6326.575368	6320.237749999999	6325.140793999999			1.0	2.0	0.0	3.0					
6328.182	14.707000000000335	trials	4.0	6333.4617419999995	6335.524068			6332.748271999999	6336.115204	6338.814	6339.654	2.0		1.0	1.0					
6343.689	4.369999999999891	trials	4.0	6345.417175999999	6346.064157999999	6346.953787999999	6347.072322	6342.900328	6346.059593999999			1.0		0.0	2.0					
6350.069	10.914999999999964	trials	4.0	6352.607312	6353.82436	6355.626585999999	6356.130819999999	6351.898004	6355.046762	6356.409	6357.407	1.0	2.0	1.0	1.0					
6361.447	8.771999999999935	trials	4.0	6363.303615999999	6365.067926			6360.993246	6365.606258	6367.784	6370.219	2.0		1.0	1.0					
6372.239	8.895000000000437	trials	4.0	6374.502133999999	6376.0739539999995	6379.076562	6379.424112	6373.285532	6378.402239999999			2.0		0.0	4.0					
6385.139	6.222999999999956	trials	4.0	6387.462411999999	6389.366529999999			6386.864984	6389.3556579999995			1.0		0.0	2.0					
6394.369	7.430000000000291	trials	4.0	6396.632191999999	6398.449253999999			6395.542468	6399.155495999999	6400.769	6401.799	2.0		1.0	1.0					
6403.814	7.871000000000095	trials	4.0	6405.349542	6406.739318			6404.836219999999	6408.551067999999	6410.984	6411.685	2.0		1.0	1.0					
6414.75	10.314000000000306	trials	4.0	6416.688141999999	6418.043943999999			6415.5338919999995	6418.963801999999	6421.264	6422.279	2.0		1.0	1.0					
6425.299	5.305000000000291	trials	4.0	6427.197456	6429.194799999999	6430.051968	6430.613318	6425.074549999999	6429.3975199999995			1.0	2.0	0.0	3.0					
6433.389	9.01299999999992	trials	4.0	6435.807922	6437.809595999999	6442.3381979999995	6442.411768	6435.0553199999995	6438.491034			1.0		0.0	5.0					
6445.634	6.630000000000109	trials	4.0	6447.6429499999995	6449.095609999999	6450.484148	6450.9988619999995	6446.506914	6449.8985139999995	6451.219	6452.264	1.0	2.0	1.0	1.0					
6455.284	10.454999999999927	trials	4.0	6456.903956	6458.809187999999			6455.98805	6460.061057999999	6461.724	6462.799	2.0		1.0	1.0					
6466.728	7.34900000000016	trials	4.0	6468.5825859999995	6470.142484			6465.749636	6470.736177999999	6473.129	6474.077	2.0		1.0	1.0					
6476.125	9.75500000000011	trials	4.0	6479.257516	6480.614949999999			6478.669653999999	6482.757917999999	6484.484	6485.88	2.0		1.0	1.0					
6487.915	6.894000000000233	trials	4.0	6490.8197979999995	6492.845158	6494.299873999999	6494.819288	6490.012858	6493.729815999999			1.0	1.0	0.0	3.0					
6496.665	7.72400000000016	trials	4.0	6499.183212	6500.299574	6502.455043999999	6503.049713999999	6498.642996	6501.899702	6503.294	6504.389	1.0	2.0	1.0	1.0					
6507.412	4.962999999999738	trials	4.0	6509.098615999999	6510.669652	6511.674556	6512.387773999999	6507.7518199999995	6511.200633999999			1.0	2.0	0.0	3.0					
6516.044	7.583999999999833	trials	4.0	6518.519332	6520.3294559999995	6522.98198	6523.639891999999	6517.796543999999	6522.292965999999			1.0	2.0	0.0	3.0					
6526.339	23.00500000000011	trials	4.0	6539.493398	6541.221259999999			6538.879792	6541.261087999999	6543.399	6546.504	2.0		1.0	1.0					
6550.314	5.515999999999622	trials	4.0	6552.270382	6553.775341999999			6549.355716	6553.770966			1.0		0.0	2.0					
6557.884	10.895000000000437	trials	4.0	6561.9338179999995	6563.02549			6561.035964	6564.28261			2.0		1.0	1.0					
6570.849	9.644999999999527	trials	4.0	6576.679966	6578.494862	6580.444815999999	6580.991591999999	6575.894023999999	6579.858517999999			1.0	2.0	0.0	3.0					
6583.799	732.4650000000001	BlockDesign														1.0	589.0	655.0	50.0	90.0
6583.799	6.890000000000327	trials	5.0	6586.272575999999	6587.428104	6590.018424	6590.701411999999	6585.5703379999995	6589.2841579999995			1.0	1.0	0.0	3.0					
6592.349	14.730999999999767	trials	5.0	6596.308604	6597.834776			6595.407359999999	6598.001568	6601.06	6603.708	2.0		1.0	1.0					
6607.801	8.972999999999956	trials	5.0	6609.793433999999	6610.9151919999995	6612.073731999999	6612.5135439999995	6607.0882919999995	6611.536634	6612.694	6613.604	1.0	1.0	1.0	1.0					
6617.665	7.479000000000269	trials	5.0	6619.411587999999	6620.775594			6616.786475999999	6621.14567	6622.919	6625.144	2.0		1.0	1.0					
6628.165	10.377999999999702	trials	5.0	6630.168299999999	6631.785962	6633.672312	6633.98372	6628.282794	6632.397747999999			1.0		0.0	5.0					
6638.634	7.149999999999636	trials	5.0	6640.660882	6642.149464			6638.555993999999	6642.656687999999	6644.5	6645.784	2.0		1.0	1.0					
6647.806	11.803000000000793	trials	5.0	6650.246917999999	6651.373443999999			6649.285436	6653.362496	6655.019	6656.084	2.0		1.0	1.0					
6660.169	6.225000000000364	trials	5.0	6661.7386559999995	6663.084954			6659.62285	6663.825015999999	6665.679	6666.394	2.0		1.0	1.0					
6670.439	9.679999999999382	trials	5.0	6673.349099999999	6675.210058	6677.528307999999	6678.248503999999	6672.635533999999	6676.893679999999	6678.324	6680.119	1.0	1.0	1.0	1.0					
6681.884	10.570999999999913	trials	5.0	6685.899068	6687.551485999999			6684.920835999999	6689.339771999999	6691.174	6692.455	2.0		1.0	1.0					
6694.478	8.046000000000276	trials	5.0	6696.2507559999995	6697.808288			6695.41134	6699.344939999999	6701.779	6702.524	2.0		1.0	1.0					
6705.544	11.520000000000437	trials	5.0	6707.483929999999	6709.405498			6705.833258	6709.7556859999995	6712.219	6713.524	2.0		1.0	1.0					
6717.556	7.125	trials	5.0	6719.4890159999995	6721.230786			6717.074151999999	6721.797885999999	6723.744	6724.681	2.0		1.0	1.0					
6727.744	11.288000000000466	trials	5.0	6729.673801999999	6731.111346			6728.585402	6731.786599999999	6733.665	6735.665	2.0		1.0	1.0					
6739.699	6.844000000000051	trials	5.0	6741.2755959999995	6743.19641			6739.041228	6743.587452	6745.409	6746.543	2.0		1.0	1.0					
6748.564	5.765999999999622	trials	5.0	6750.721095999999	6752.331888			6750.036794	6752.325795999999			2.0		0.0	2.0					
6756.339	11.295000000000073	trials	5.0	6762.361712	6764.19082	6765.75592	6766.398225999999	6761.591848	6765.1912059999995	6766.439	6767.634	1.0	1.0	1.0	1.0					
6769.654	5.464999999999236	trials	5.0	6771.203786	6772.913501999999	6774.576483999999	6775.130913999999	6770.334895999999	6774.081622			1.0	1.0	0.0	3.0					
6778.915	7.462999999999738	trials	5.0	6780.934556	6782.579658	6784.781684	6785.216208	6780.180751999999	6784.031923999999	6785.449	6786.378	1.0	2.0	1.0	1.0					
6789.453	11.380999999999403	trials	5.0	6791.359612	6793.231346			6789.7604679999995	6794.9847899999995	6796.634	6797.64	2.0		1.0	1.0					
6801.665	5.298999999999978	trials	5.0	6803.555915999999	6804.966747999999			6800.848838	6804.95105			1.0		0.0	2.0					
6809.994	7.485000000000582	trials	5.0	6811.83692	6812.937105999999			6810.4756179999995	6813.6257559999995	6816.589	6817.479	2.0		1.0	1.0					
6819.509	13.760000000000218	trials	5.0	6821.459202	6823.569923999999			6820.90011	6824.216794	6827.069	6829.479	2.0		1.0	1.0					
6833.5	8.506000000000313	trials	5.0	6835.507261999999	6836.785354	6837.412221999999	6837.577735999999	6833.2815439999995	6836.780237999999			1.0		0.0	2.0					
6842.807	5.733000000000175	trials	5.0	6844.714211999999	6846.482064	6847.927933999999	6848.353987999999	6842.017844	6846.47113			1.0		0.0	2.0					
6851.55	15.438999999999396	trials	5.0	6862.494699999999	6863.670067999999	6865.076324	6865.678997999999	6861.658829999999	6864.581055999999	6865.769	6866.989	1.0	2.0	1.0	1.0					
6869.014	7.188000000000102	trials	5.0	6872.128009999999	6873.811312	6875.632484	6876.215506	6871.421616	6875.183719999999			1.0	2.0	0.0	3.0					
6877.959	11.230000000000473	trials	5.0	6885.935025999999	6887.131417999999	6887.714287999999	6887.85777	6885.257971999999	6887.122566			1.0		0.0	2.0					
6893.229	11.5	trials	5.0	6899.0565	6900.406518	6902.8060479999995	6903.472083999999	6898.375824	6901.467215999999	6894.746	6904.729	1.0	2.0	1.0	1.0					
6907.75	10.131000000000313	trials	5.0	6911.869737999999	6913.200811999999	6916.169615999999	6916.6845459999995	6910.882019999999	6915.6268359999995	6916.979	6917.881	1.0	2.0	1.0	1.0					
6919.956	7.873999999999796	trials	5.0	6922.056386	6923.703344	6926.040051999999	6926.52025	6921.427178	6925.524726	6926.669	6927.83	1.0	2.0	1.0	1.0					
6929.849	9.079999999999927	trials	5.0	6932.6550179999995	6933.847736	6936.781804	6937.390809999999	6931.889066	6936.232136	6937.519	6938.929	1.0	2.0	1.0	1.0					
6941.944	9.100999999999658	trials	5.0	6943.853427999999	6945.3830179999995			6942.933583999999	6946.995942	6949.375	6951.045	2.0		1.0	1.0					
6953.103	7.181999999999789	trials	5.0	6955.18116	6956.981688	6958.366082	6958.752065999999	6954.255987999999	6957.74828	6959.094	6960.285	1.0	2.0	1.0	1.0					
6964.08	7.673999999999978	trials	5.0	6966.600578	6968.572488	6971.305108	6971.76735	6965.778472	6968.562894			1.0		0.0	2.0					
6973.58	11.295000000000073	trials	5.0	6975.892602	6977.550974	6979.051136	6979.623296	6975.311651999999	6978.369737999999	6979.804	6981.089	1.0	2.0	1.0	1.0					
6985.134	7.454999999999927	trials	5.0	6987.103778	6988.456402			6984.885931999999	6989.561863999999	6992.129	6992.589	2.0		1.0	1.0					
6995.651	7.983000000000175	trials	5.0	6997.690326	6999.546351999999			6996.279963999999	7000.555077999999	7002.294	7003.634	2.0		1.0	1.0					
7005.659	11.960000000000036	trials	5.0	7007.370186	7008.464039999999			7006.251587999999	7011.840125999999	7013.714	7014.705	2.0		1.0	1.0					
7017.724	10.230999999999767	trials	5.0	7019.721422	7021.208568			7017.633011999999	7022.027281999999	7023.909	7024.384	2.0		1.0	1.0					
7028.424	10.649000000000342	trials	5.0	7030.47546	7031.897308			7027.965961999999	7032.916694	7035.174	7035.724	2.0		1.0	1.0					
7039.79	7.877999999999702	trials	5.0	7041.730528	7043.317314			7039.08352	7043.845949999999	7046.929	7047.668	2.0		1.0	1.0					
7050.462	7.524999999999636	trials	5.0	7052.354194	7053.469537999999	7056.182798	7056.584563999999	7051.129008	7055.690618	7056.846	7057.987	1.0	2.0	1.0	1.0					
7060.029	9.9399999999996	trials	5.0	7061.649264	7063.43197	7065.169081999999	7065.667471999999	7060.6962459999995	7064.664462	7065.809	7067.009	1.0	2.0	1.0	1.0					
7070.056	9.288000000000466	trials	5.0	7072.085072	7074.053848			7069.984285999999	7074.068256	7076.25	7079.344	2.0		1.0	1.0					
7081.384	9.010000000000218	trials	5.0	7083.364449999999	7085.0807159999995			7082.56046	7086.16366	7089.154	7090.394	2.0		1.0	1.0					
7092.275	10.53400000000056	trials	5.0	7095.259093999999	7096.382024			7094.541541999999	7097.85831	7099.614	7100.399	2.0		1.0	1.0					
7104.472	9.154000000000451	trials	5.0	7106.01023	7107.11736	7108.246155999999	7108.819834	7102.823984	7107.488342	7109.024	7110.083	1.0	1.0	1.0	1.0					
7114.165	6.545000000000073	trials	5.0	7115.971987999999	7117.3069319999995	7118.893786	7119.356398	7113.637416	7117.954041999999	7119.584	7120.71	1.0	2.0	1.0	1.0					
7123.729	9.212999999999738	trials	5.0	7125.385429999999	7126.497496			7123.7735219999995	7127.6933659999995	7129.469	7130.404	2.0		1.0	1.0					
7133.424	6.015000000000327	trials	5.0	7135.353104	7136.559133999999	7137.2477819999995	7137.6252939999995	7132.955962	7136.732709999999	7138.144	7139.439	1.0	2.0	1.0	1.0					
7143.264	9.949999999999818	trials	5.0	7144.95205	7146.192802	7147.806908	7148.354716	7143.494638	7147.299502	7148.54	7150.124	1.0	2.0	1.0	1.0					
7154.169	5.920000000000073	trials	5.0	7155.725759999999	7157.202772			7153.228257999999	7157.193964			2.0		0.0	2.0					
7162.26	9.786000000000058	trials	5.0	7166.833635999999	7168.542694			7165.978655999999	7168.90668			2.0		1.0	1.0					
7174.58	9.739000000000487	trials	5.0	7176.4766039999995	7178.302232			7174.7291159999995	7179.441833999999			2.0		1.0	1.0					
7185.844	14.75	trials	5.0	7193.017822	7194.683996			7192.172451999999	7195.237939999999	7196.959	7200.594	2.0		1.0	1.0					
7202.615	11.756000000000313	trials	5.0	7206.941052	7208.744521999999	7210.250214	7210.7203739999995	7206.223661999999	7209.752989999999	7210.915	7212.003	1.0	2.0	1.0	1.0					
7215.04	9.953999999999724	trials	5.0	7216.71099	7218.35788			7214.3846699999995	7218.61024	7220.319	7222.345	2.0		1.0	1.0					
7226.415	9.125	trials	5.0	7228.40947	7229.681095999999			7225.008236	7230.320975999999	7232.244	7232.534	2.0		1.0	1.0					
7235.549	7.5900000000001455	trials	5.0	7237.211273999999	7238.247727999999	7241.142457999999	7241.522047999999	7235.55328	7240.349736			2.0		0.0	4.0					
7245.165	10.114000000000487	trials	5.0	7246.767625999999	7248.478402			7245.913611999999	7249.523327999999	7252.754	7255.279	2.0		1.0	1.0					
7257.299	11.759000000000015	trials	5.0	7259.401599999999	7261.119294			7257.941859999999	7262.996748	7265.044	7266.54	2.0		1.0	1.0					
7270.324	9.84100000000035	trials	5.0	7272.035892	7273.813622			7269.06997	7274.394491999999	7276.969	7277.364	2.0		1.0	1.0					
7280.904	8.235999999999876	trials	5.0	7282.836072	7284.797595999999			7280.178223999999	7285.576864	7287.824	7289.14	2.0		1.0	1.0					
7291.212	9.468999999999141	trials	5.0	7292.825989999999	7294.747818	7296.28053	7296.706115999999	7291.616851999999	7295.41177	7297.04	7297.869	1.0	1.0	1.0	1.0					
7301.895	4.688999999999396	trials	5.0	7303.919188	7304.592741999999	7305.612706	7306.042748	7300.693853999999	7304.57783			1.0		0.0	2.0					
7309.619	6.645000000000437	trials	5.0	7311.366141999999	7312.978278	7314.208763999999	7314.707805999999	7310.529361999999	7313.6043119999995	7315.024	7316.264	1.0	2.0	1.0	1.0					
7320.306	895.04	BlockDesign														1.0	656.0	737.0	90.0	50.0
7320.306	7.004000000000815	trials	6.0	7322.277979999999	7323.51261			7320.830921999999	7324.44432	7326.114	7327.31	2.0		1.0	1.0					
7329.353	5.65099999999984	trials	6.0	7331.0215579999995	7332.894517999999	7334.49263	7335.017583999999	7330.196914	7333.945898			1.0	2.0	0.0	3.0					
7336.824	9.523000000000138	trials	6.0	7340.686646	7342.627509999999	7344.476371999999	7345.15763	7339.697704	7343.918452	7345.33	7346.347	1.0	1.0	1.0	1.0					
7348.419	8.193000000000211	trials	6.0	7350.624338	7352.610552			7349.931811999999	7353.771543999999	7356.379	7356.524	2.0		1.0	1.0					
7359.214	10.609999999999673	trials	6.0	7360.8393719999995	7362.745047999999	7364.380487999999	7364.881829999999	7360.064899999999	7363.728811999999	7365.089	7366.339	1.0	2.0	1.0	1.0					
7370.384	11.604999999999563	trials	6.0	7372.182863999999	7374.02557			7369.839918	7373.887849999999	7377.404	7379.069	2.0		1.0	1.0					
7383.119	9.256000000000313	trials	6.0	7385.089778	7386.368294	7387.475629999999	7388.097596	7382.003059999999	7386.883153999999	7388.094	7389.674	1.0	1.0	1.0	1.0					
7392.73	8.204000000000633	trials	6.0	7394.5515319999995	7395.927968			7392.39034	7396.749296	7398.665	7400.934	2.0		1.0	1.0					
7402.964	7.020000000000437	trials	6.0	7404.664392	7406.599855999999	7408.22715	7408.6057519999995	7403.390716	7407.60575	7408.934	7409.984	1.0	2.0	1.0	1.0					
7412.052	13.55200000000059	trials	6.0	7418.1697939999995	7419.828962	7421.069464	7421.657722	7417.388171999999	7420.370003999999	7421.864	7422.994	1.0	1.0	1.0	1.0					
7427.029	9.6899999999996	trials	6.0	7428.836367999999	7430.5120019999995			7425.61838	7430.867858	7434.004	7436.719	2.0		1.0	1.0					
7438.104	10.9399999999996	trials	6.0	7444.487201999999	7445.025114			7443.61507	7445.011693999999			1.0		0.0	2.0					
7451.029	10.679999999999382	trials	6.0	7452.6667259999995	7453.8175519999995			7449.060923999999	7455.1916519999995	7457.004	7458.869	2.0		1.0	1.0					
7461.915	5.399000000000342	trials	6.0	7463.621884	7465.319035999999	7465.876429999999	7466.182116	7461.726602	7465.3021579999995			1.0		0.0	2.0					
7470.324	10.135000000000218	trials	6.0	7474.581974	7476.128428	7478.485495999999	7478.8135219999995	7473.978789999999	7477.36909			1.0		0.0	5.0					
7482.509	17.295000000000073	trials	6.0	7493.473284	7495.0039879999995			7492.6869	7497.500749999999	7499.304	7499.709	2.0		1.0	1.0					
7504.04	9.793999999999869	trials	6.0	7505.933352	7507.721696			7505.096041999999	7507.806218	7510.354	7511.269	2.0		1.0	1.0					
7515.324	4.115000000000691	trials	6.0	7517.030355999999	7518.18935	7518.817502	7519.4561699999995	7513.849211999999	7518.271972			1.0	2.0	0.0	3.0					
7522.134	9.210000000000036	trials	6.0	7524.535383999999	7526.586031999999	7529.490545999999	7529.61773	7523.850871999999	7528.332963999999			1.0		0.0	5.0					
7535.355	6.175000000000182	trials	6.0	7537.147645999999	7538.540416	7539.53313	7540.226901999999	7535.505493999999	7538.944931999999	7540.279	7541.53	1.0	2.0	1.0	1.0					
7543.587	8.375	trials	6.0	7545.627203999999	7547.451059999999	7550.043663999999	7550.305469999999	7544.8600719999995	7548.767446			1.0		0.0	5.0					
7555.01	10.779999999999745	trials	6.0	7559.312882	7561.04882			7558.652061999999	7561.82022	7564.574	7565.79	2.0		1.0	1.0					
7567.855	7.774000000000342	trials	6.0	7569.683591999999	7571.309254			7568.6396159999995	7572.982677999999	7575.264	7575.404	2.0		1.0	1.0					
7579.105	7.4909999999999854	trials	6.0	7581.055216	7582.44031			7579.373729999999	7582.941263999999	7585.494	7586.596	2.0		1.0	1.0					
7588.634	8.225999999999658	trials	6.0	7590.272939999999	7591.8750119999995			7589.669367999999	7593.836264	7595.524	7596.86	2.0		1.0	1.0					
7599.875	7.939000000000306	trials	6.0	7602.24086	7603.827604			7600.894812	7604.344098	7606.534	7607.814	2.0		1.0	1.0					
7609.839	8.300000000000182	trials	6.0	7611.895656	7613.081042			7611.0346119999995	7615.225504	7617.309	7618.139	2.0		1.0	1.0					
7621.174	8.920000000000073	trials	6.0	7623.042535999999	7624.878967999999	7625.78226	7626.404106	7621.376587999999	7625.206472	7626.554	7627.57	1.0	1.0	1.0	1.0					
7630.584	5.364999999999782	trials	6.0	7632.599016	7633.2056999999995	7635.857942	7635.964265999999	7630.107656	7633.197802			1.0		0.0	2.0					
7637.214	13.385000000000218	trials	6.0	7642.337626	7644.7201239999995			7641.42166	7644.707845999999			2.0		0.0	2.0					
7650.75	18.988999999999578	trials	6.0	7658.693748	7660.310735999999			7657.80301	7662.72589	7666.119	7666.154	2.0		1.0	1.0					
7670.839	6.826000000000022	trials	6.0	7672.9077259999995	7674.4355399999995			7669.754976	7674.427802			2.0		0.0	2.0					
7678.5	11.588999999999942	trials	6.0	7685.077928	7686.159631999999	7688.98783	7689.662431999999	7684.095825999999	7688.321076			1.0	1.0	1.0	1.0					
7694.572	11.822000000000116	trials	6.0	7696.818283999999	7698.481704			7695.995075999999	7699.58828	7703.409	7703.694	2.0		1.0	1.0					
7707.26	8.338999999999942	trials	6.0	7709.190181999999	7710.053969999999	7710.7295619999995	7711.181983999999	7706.408385999999	7710.046788			1.0		0.0	2.0					
7716.069	4.8309999999992215	trials	6.0	7718.0124399999995	7718.896831999999	7719.509453999999	7719.779987999999	7715.612977999999	7718.8906959999995			1.0		0.0	2.0					
7722.909	11.270000000000437	trials	6.0	7727.252654	7728.574791999999			7726.383629999999	7729.518399999999	7731.354	7734.179	2.0		1.0	1.0					
7738.199	9.160000000000764	trials	6.0	7739.853375999999	7741.274632	7742.833568	7743.4829039999995	7738.9233939999995	7742.2594819999995	7743.604	7744.734	1.0	1.0	1.0	1.0					
7747.754	7.380000000000109	trials	6.0	7749.398348	7750.976349999999	7751.698977999999	7753.2356819999995	7747.374873999999	7751.022113999999	7752.484	7755.134	1.0	1.0	1.0	1.0					
7758.184	6.6799999999993815	trials	6.0	7760.12822	7761.4574219999995			7758.3096	7762.675741999999	7764.415	7764.864	2.0		1.0	1.0					
7767.915	8.219000000000051	trials	6.0	7769.713462	7770.821717999999	7774.310996	7774.630733999999	7768.735473999999	7773.0681859999995			1.0		0.0	5.0					
7778.196	6.304000000000087	trials	6.0	7779.967811999999	7781.509536			7779.07381	7781.490441999999			1.0		0.0	5.0					
7788.555	14.65899999999965	trials	6.0	7793.813571999999	7795.815371999999			7792.865545999999	7797.115038	7799.534	7800.628	2.0		1.0	1.0					
7804.659	9.186999999999898	trials	6.0	7806.373496	7808.365484			7803.2317379999995	7808.532155999999			2.0		1.0	1.0					
7815.654	4.542999999999665	trials	6.0	7817.358929999999	7818.101994	7818.768529999999	7818.833683999999	7813.858291999999	7818.095891999999			1.0		0.0	2.0					
7822.212	5.456999999999425	trials	6.0	7823.934888	7825.15976	7827.135198	7827.684754	7822.851186	7826.525108			1.0	2.0	0.0	3.0					
7831.455	12.622000000000298	trials	6.0	7835.88301	7836.969803999999			7835.376743999999	7838.255445999999			2.0		1.0	1.0					
7844.79	10.289999999999964	trials	6.0	7846.479331999999	7847.490338			7844.094846	7848.22883	7849.939	7851.996	2.0		1.0	1.0					
7856.059	9.527000000000044	trials	6.0	7857.713233999999	7858.9504719999995	7859.926394	7860.468333999999	7855.097475999999	7859.393698	7860.639	7861.664	1.0	1.0	1.0	1.0					
7865.697	7.713999999999942	trials	6.0	7867.633564	7869.505362			7865.604084	7869.875451999999	7872.544	7873.411	2.0		1.0	1.0					
7875.444	8.0649999999996	trials	6.0	7877.669382	7879.280236	7882.968702	7883.527106	7876.7718939999995	7881.940151999999			1.0	1.0	0.0	3.0					
7885.306	9.788000000000466	trials	6.0	7889.56399	7891.547728	7892.881732	7893.508774	7888.848566	7892.258586	7893.58	7895.094	1.0	2.0	1.0	1.0					
7896.869	9.829999999999927	trials	6.0	7901.444248	7903.1752799999995	7904.755926	7905.396053999999	7900.858679999999	7904.179974	7905.504	7906.699	1.0	1.0	1.0	1.0					
7908.724	7.382999999999811	trials	6.0	7910.52046	7911.815224	7914.349373999999	7915.0184659999995	7909.836745999999	7913.751259999999	7915.069	7916.107	1.0	1.0	1.0	1.0					
7919.144	6.649999999999636	trials	6.0	7920.888263999999	7922.610752	7923.62505	7924.397285999999	7919.517002	7923.063819999999	7924.399	7925.794	1.0	1.0	1.0	1.0					
7927.819	5.104999999999563	trials	6.0	7929.553582	7930.7435159999995	7932.425654	7932.942504	7928.278887999999	7931.857962			1.0	2.0	0.0	3.0					
7935.786	12.043999999999869	trials	6.0	7939.486346	7940.96047	7942.110301999999	7942.94551	7938.591832	7941.5421479999995	7942.839	7944.04	1.0	1.0	1.0	1.0					
7948.087	11.286999999999352	trials	6.0	7949.788861999999	7950.880659999999			7947.849584	7952.713933999999			2.0		1.0	1.0					
7960.165	5.128999999999905	trials	6.0	7962.078981999999	7963.306471999999	7963.933991999999	7964.105943999999	7959.3924	7963.290728			1.0		0.0	2.0					
7967.324	9.429000000000087	trials	6.0	7969.871164	7971.825723999999			7968.936768	7973.011673999999	7974.879	7976.753	2.0		1.0	1.0					
7978.79	9.649000000000342	trials	6.0	7980.975973999999	7982.281002			7980.135936	7984.083042	7986.879	7988.439	2.0		1.0	1.0					
7991.142	7.398000000000138	trials	6.0	7992.92412	7994.140547999999			7991.3679759999995	7995.4458079999995	7997.415	7998.54	2.0		1.0	1.0					
8000.569	8.079999999999927	trials	6.0	8002.429163999999	8003.816607999999	8006.916638	8007.558279999999	8001.707425999999	8006.200546	8007.644	8008.649	1.0	1.0	1.0	1.0					
8011.714	7.289999999999964	trials	6.0	8013.449412	8015.071223999999			8012.057928	8015.512642	8017.259	8019.004	2.0		1.0	1.0					
8021.879	10.465000000000146	trials	6.0	8023.582919999999	8024.626383999999	8027.3076519999995	8028.097163999999	8022.786596	8026.535698	8028.054	8029.312	1.0	1.0	1.0	1.0					
8033.409	7.201000000000022	trials	6.0	8035.439762	8036.567454			8032.363031999999	8037.9404859999995	8039.824	8040.61	2.0		1.0	1.0					
8042.681	11.00800000000072	trials	6.0	8044.678934	8045.760995999999	8048.785522	8049.522423999999	8043.511117999999	8048.310229999999	8049.524	8050.764	1.0	1.0	1.0	1.0					
8053.79	5.404000000000451	trials	6.0	8055.57947	8057.2022879999995	8057.703844	8057.906779999999	8053.707944	8057.189326			1.0		0.0	2.0					
8062.23	8.379000000000815	trials	6.0	8064.674493999999	8066.041088			8063.048306	8066.6244879999995	8069.559	8070.609	2.0		1.0	1.0					
8073.629	11.970000000000255	trials	6.0	8075.52966	8076.603266			8073.896648	8078.12695	8081.415	8082.574	2.0		1.0	1.0					
8086.603	5.195999999999913	trials	6.0	8088.550512	8089.747191999999	8090.577168	8090.8198139999995	8085.61911	8089.737192			1.0		0.0	2.0					
8095.814	11.210000000000036	trials	6.0	8097.413635999999	8098.861702			8096.288591999999	8099.790289999999	8102.604	8103.471	2.0		1.0	1.0					
8107.489	5.900000000000546	trials	6.0	8109.134242	8110.852809999999	8111.521209999999	8113.40904	8107.043844	8110.916798			1.0	1.0	0.0	3.0					
8113.855	7.539000000000669	trials	6.0	8115.672903999999	8117.706442			8114.991051999999	8118.595531999999	8120.354	8121.394	2.0		1.0	1.0					
8125.459	8.315999999999804	trials	6.0	8127.179521999999	8129.072587999999			8125.748248	8130.7737799999995	8132.574	8133.775	2.0		1.0	1.0					
8136.836	8.322000000000116	trials	6.0	8138.870559999999	8140.216644			8137.6676179999995	8141.597236	8143.494	8145.158	2.0		1.0	1.0					
8148.04	7.088999999999942	trials	6.0	8149.726606	8151.181342	8153.41208	8154.047294	8148.055339999999	8152.708572	8154.125	8155.129	1.0	1.0	1.0	1.0					
8157.166	14.018000000000029	trials	6.0	8160.466862	8160.865848			8148.055339999999	8163.887546	8166.599	8168.205	2.0		1.0	1.0					
8171.283	10.690999999999804	trials	6.0	8172.990882	8175.03272			8171.188284	8175.608724000001	8178.04	8181.974	2.0		1.0	1.0					
8184.014	9.562999999999192	trials	6.0	8185.704848	8187.70569			8184.975842	8190.27989	8192.955	8193.577	2.0		1.0	1.0					
8196.65	8.78900000000067	trials	6.0	8198.248924	8199.951974			8196.731826000001	8201.303594	8203.259	8205.439	2.0		1.0	1.0					
8207.478	7.868000000000393	trials	6.0	8209.494	8210.741566	8213.184486	8213.818068	8207.896542	8212.658612000001	8213.909	8215.346	1.0	1.0	1.0	1.0					
8219.394	1796.1149999999998	BlockDesign														1.0	738.0	893.0	10.0	50.0
8219.394	4.802999999999884	trials	7.0	8221.267286	8222.096716	8222.816418	8223.254052	8219.588474	8222.093006000001			1.0		0.0	2.0					
8227.174	5.625	trials	7.0	8229.214806	8230.775598	8232.31475	8232.803328	8227.942074	8231.543326			1.0	2.0	0.0	3.0					
8234.659	7.729999999999563	trials	7.0	8237.94815	8239.036168	8241.668224000001	8242.389964	8237.393662	8240.963714			1.0	1.0	0.0	3.0					
8245.014	24.700000000000728	trials	7.0	8263.489844	8264.941192	8266.56106	8266.994130000001	8262.766622000001	8266.079004000001			1.0	1.0	0.0	3.0					
8269.931	6.782999999999447	trials	7.0	8271.809684	8273.378340000001			8269.717414	8273.97942			2.0		1.0	1.0					
8280.228	6.328000000001339	trials	7.0	8282.020278	8283.81176			8280.25335	8283.799430000001			2.0		0.0	2.0					
8287.87	11.659999999999854	trials	7.0	8290.355442	8292.226838			8289.402812	8294.229246	8296.049	8296.719	2.0		1.0	1.0					
8300.739	4.555000000000291	trials	7.0	8302.260292	8303.941532	8304.712596	8305.29642	8299.534414	8304.064962			1.0	1.0	0.0	3.0					
8308.087	8.467000000000553	trials	7.0	8310.124672	8311.221686			8309.454706	8312.977064	8314.75	8316.554	2.0		1.0	1.0					
8319.574	11.161000000000058	trials	7.0	8321.261312	8322.534038			8320.685544	8325.313032			2.0		1.0	1.0					
8332.094	6.728000000000975	trials	7.0	8334.029616	8335.606618			8330.73705	8335.624186000001	8337.799	8338.822	2.0		1.0	1.0					
8340.634	6.875	trials	7.0	8342.671798	8343.992346			8341.740736	8345.122874			2.0		1.0	1.0					
8350.044	12.670000000000073	trials	7.0	8356.034658	8357.67805			8355.496336	8359.731712	8361.669	8362.714	2.0		1.0	1.0					
8364.785	8.873999999999796	trials	7.0	8368.009734	8370.06744	8372.986164	8373.664126	8367.250676	8372.363808			1.0	2.0	0.0	3.0					
8375.353	7.578000000001339	trials	7.0	8379.384788	8381.341978	8382.442756	8382.934932	8378.513384	8381.613914			1.0	1.0	0.0	3.0					
8386.779	7.609999999998763	trials	7.0	8388.317812000001	8389.817898			8387.538306	8391.678398	8393.569	8394.389	2.0		1.0	1.0					
8396.453	13.195999999999913	trials	7.0	8398.615196	8399.933658			8397.608218	8404.190392	8405.849	8407.089	2.0		1.0	1.0					
8410.139	7.519000000000233	trials	7.0	8411.745286	8413.13946	8417.329114	8417.609402	8409.64842	8414.464696000001			1.0		0.0	5.0					
8419.697	10.711999999999534	trials	7.0	8423.770454	8425.133456			8422.821378	8428.223198			2.0		1.0	1.0					
8432.934	10.859000000000378	trials	7.0	8434.845762	8435.926934000001			8433.778724	8437.087432	8439.034	8440.572	2.0		1.0	1.0					
8444.64	6.360000000000582	trials	7.0	8446.2155	8448.236228			8443.796586	8448.27547	8450.219	8451.0	2.0		1.0	1.0					
8452.744	7.454999999999927	trials	7.0	8454.788574	8456.388888	8459.525998000001	8460.204558	8454.071734000001	8458.781112			1.0	1.0	0.0	3.0					
8463.854	6.235000000000582	trials	7.0	8466.110452	8467.742182	8469.299408	8470.09046	8465.282898	8468.71542			1.0	2.0	0.0	3.0					
8471.669	13.081000000000131	trials	7.0	8475.20018	8477.162776000001	8479.51276	8479.805906	8474.497272	8478.41896			1.0		0.0	5.0					
8485.5	6.779000000000451	trials	7.0	8487.296926	8488.789046			8484.755016000001	8489.170306	8491.184	8492.279	2.0		1.0	1.0					
8495.304	5.690000000000509	trials	7.0	8497.016056	8498.08985	8500.278942	8500.99813	8495.33446	8499.496212			1.0	2.0	0.0	3.0					
8502.604	10.19000000000051	trials	7.0	8507.686018	8509.719324			8506.760392	8509.713488			2.0		0.0	2.0					
8515.734	10.727999999999156	trials	7.0	8520.235652	8522.177942	8524.874584000001	8525.090058	8519.541044	8523.394744000001			1.0		0.0	5.0					
8528.479	8.266999999999825	trials	7.0	8532.342208	8533.738438	8536.21498	8536.746962000001	8531.749296	8535.672052			1.0	2.0	0.0	3.0					
8540.554	6.7590000000000146	trials	7.0	8543.73586	8545.18761	8546.766854	8547.318218	8542.792462	8546.222746			1.0	1.0	0.0	3.0					
8551.134	41.4950000000008	trials	7.0	8587.18153	8588.518792			8586.254552	8589.947876	8592.269	8592.629	2.0		1.0	1.0					
8595.684	8.010000000000218	trials	7.0	8597.638758000001	8599.167964	8603.327852	8603.369908	8596.194528	8600.657366			1.0		0.0	5.0					
8606.705	9.058999999999287	trials	7.0	8611.058338	8612.634062000001			8610.313332	8612.866476000001	8614.519	8615.764	2.0		1.0	1.0					
8617.79	10.789999999999054	trials	7.0	8619.431222000001	8620.997406	8625.15046	8625.532682000001	8618.862456	8624.16279			1.0	2.0	0.0	3.0					
8629.53	9.140999999999622	trials	7.0	8631.231352	8632.719652			8628.58609	8632.993874			2.0		1.0	1.0					
8639.061	5.2630000000008295	trials	7.0	8640.940274	8642.25987			8638.672438	8642.25665			1.0		0.0	2.0					
8647.34	26.884000000000015	trials	7.0	8665.316526	8666.427994			8664.783698000001	8668.81581			2.0		1.0	1.0					
8675.504	6.674999999999272	trials	7.0	8677.340842	8678.858154			8674.228492	8679.095892			1.0		0.0	5.0					
8685.229	11.314000000000306	trials	7.0	8687.149156	8688.664982			8685.926846	8689.353934	8692.184	8693.759	2.0		1.0	1.0					
8697.809	5.825000000000728	trials	7.0	8699.7428	8700.944346	8703.288434	8703.64086	8696.5414	8700.936108			1.0		0.0	2.0					
8706.978	6.2960000000002765	trials	7.0	8708.633402	8709.924034	8712.187236	8713.278884	8707.962718	8711.682036			1.0	1.0	0.0	3.0					
8716.529	6.995999999999185	trials	7.0	8718.354832	8719.502340000001	8721.55325	8721.817788	8717.0389	8720.442626			1.0		0.0	5.0					
8725.539	15.251000000000204	trials	7.0	8736.530198	8738.21967	8740.3841	8740.794304000001	8735.657168	8739.289032			1.0	1.0	0.0	3.0					
8743.714	5.460000000000946	trials	7.0	8745.61641	8747.113672	8748.393194	8749.180088000001	8744.321532	8747.693136			1.0	2.0	0.0	3.0					
8751.729	6.055000000000291	trials	7.0	8754.591308000001	8756.233172	8757.34388	8757.78905	8753.609498	8756.805176			1.0	1.0	0.0	3.0					
8761.681	13.987999999999374	trials	7.0	8770.41472	8771.523658	8775.194722	8775.673308	8769.715624	8774.22535			1.0	1.0	0.0	3.0					
8777.583	9.975000000000364	trials	7.0	8779.486552	8780.538414	8782.084564	8782.608288	8778.145658	8781.499502	8782.809	8783.804	1.0	2.0	1.0	1.0					
8787.824	5.855999999999767	trials	7.0	8789.717568	8791.398636	8793.036838	8793.683578	8787.559622	8792.152202000001			1.0	2.0	0.0	3.0					
8797.411	9.15599999999904	trials	7.0	8800.611566	8802.045166			8800.095778	8803.139736000001	8805.665	8806.567	2.0		1.0	1.0					
8809.614	9.56000000000131	trials	7.0	8811.571648000001	8813.15019			8810.99529	8816.145236			1.0		0.0	5.0					
8822.189	13.46099999999933	trials	7.0	8830.383508	8831.622302	8835.105386	8835.653344	8829.513666	8834.370332			1.0	2.0	0.0	3.0					
8839.449	6.704999999999927	trials	7.0	8841.626732	8842.944238	8845.50344	8846.15769	8840.658906	8844.7906			1.0	1.0	0.0	3.0					
8847.83	9.99200000000019	trials	7.0	8852.527826	8853.958702			8851.608784	8854.609372			2.0		1.0	1.0					
8860.324	7.042999999999665	trials	7.0	8862.152708	8863.72639			8860.979656	8864.119232000001	8866.649	8867.367	2.0		1.0	1.0					
8869.431	8.614999999999782	trials	7.0	8871.642402	8872.84502			8870.654512000001	8874.071532	8876.009	8878.046	2.0		1.0	1.0					
8882.069	4.96100000000115	trials	7.0	8883.687532	8885.543416	8886.61333	8887.032464	8882.079396000001	8886.104918			1.0	2.0	0.0	3.0					
8890.994	14.119999999998981	trials	7.0	8898.630236	8900.667392			8897.6343	8901.44599	8903.83	8905.114	2.0		1.0	1.0					
8907.159	11.59100000000035	trials	7.0	8909.298674	8910.393928			8908.71119	8912.135216	8914.004	8915.83	2.0		1.0	1.0					
8918.859	5.944999999999709	trials	7.0	8920.442164	8922.015142	8924.279864	8924.811718	8918.751644	8923.603994000001			1.0	1.0	0.0	3.0					
8928.599	8.682999999999083	trials	7.0	8932.27736	8933.659072			8931.536338	8934.392696	8936.144	8937.282	2.0		1.0	1.0					
8939.319	10.5	trials	7.0	8941.275194	8942.729534			8940.326302	8943.285076	8945.634	8946.674	2.0		1.0	1.0					
8950.712	5.592000000000553	trials	7.0	8952.514702	8954.230138			8949.823168	8954.217882			2.0		0.0	2.0					
8958.353	9.471000000001368	trials	7.0	8960.695674	8962.03273	8966.216134	8966.71548	8960.10051	8965.200928	8967.205	8967.824	1.0	2.0	1.0	1.0					
8970.869	9.541999999999462	trials	7.0	8972.831962	8974.027228			8971.182146000001	8974.61363			2.0		1.0	1.0					
8982.58	8.213999999999942	trials	7.0	8984.407262	8985.307844			8980.419202000001	8985.294046			2.0		0.0	2.0					
8991.325	7.3289999999997235	trials	7.0	8993.142632000001	8994.654352			8990.802212	8994.749056	8996.54	8998.654	2.0		1.0	1.0					
9001.674	9.179999999998472	trials	7.0	9008.022932	9008.846132	9009.572386	9009.634542	9007.140274	9008.833474000001			1.0		0.0	2.0					
9012.859	6.681000000000495	trials	7.0	9014.51779	9015.975238			9013.388538000001	9016.339994			2.0		1.0	1.0					
9022.019	8.449999999998909	trials	7.0	9024.380430000001	9025.863432	9028.561464	9029.098526	9023.691806	9028.017962	9029.234	9030.469	1.0	1.0	1.0	1.0					
9033.489	7.606999999999971	trials	7.0	9035.37369	9037.220746	9039.163472	9039.670516	9034.639004	9038.479132	9040.094	9041.096	1.0	2.0	1.0	1.0					
9043.154	8.014999999999418	trials	7.0	9044.839702000001	9046.027008000001	9050.59514	9051.176846	9043.886016	9049.532716			1.0	1.0	0.0	3.0					
9053.964	7.112999999999374	trials	7.0	9055.932898000001	9057.530358			9054.702582	9057.989142	9059.719	9061.077	2.0		1.0	1.0					
9063.125	7.290000000000873	trials	7.0	9064.779472	9066.673622			9063.689648	9066.918628	9069.359	9070.415	2.0		1.0	1.0					
9073.462	13.131999999999607	trials	7.0	9078.23277	9079.269946			9077.338974	9081.417664	9083.139	9084.08	2.0		1.0	1.0					
9087.094	5.359000000000378	trials	7.0	9088.80914	9090.449582000001	9091.94321	9092.456596	9086.599274	9091.378252			1.0	2.0	0.0	3.0					
9094.294	10.554000000000087	trials	7.0	9097.47343	9099.150024			9096.68028	9099.851004	9101.654	9104.848	2.0		1.0	1.0					
9106.859	10.493000000000393	trials	7.0	9108.407862	9110.220866			9107.340012	9110.635104	9112.509	9114.419	2.0		1.0	1.0					
9117.462	5.697000000000116	trials	7.0	9119.296102	9121.305032	9122.613882	9123.163354	9117.353364	9122.023982			1.0	2.0	0.0	3.0					
9125.955	11.759000000000015	trials	7.0	9128.339706	9130.076312000001			9127.374658	9130.837156	9132.589	9135.019	2.0		1.0	1.0					
9139.035	7.96900000000096	trials	7.0	9140.703364	9142.083692			9137.720416	9142.506082	9144.409	9147.004	2.0		1.0	1.0					
9149.056	6.653000000000247	trials	7.0	9150.707596	9152.374388	9153.95313	9154.505264	9149.604458	9153.442488	9154.684	9155.709	1.0	1.0	1.0	1.0					
9159.729	14.439000000000306	trials	7.0	9166.987946000001	9168.556468			9166.187444000001	9168.97594	9170.679	9171.865	2.0		1.0	1.0					
9174.884	8.850000000000364	trials	7.0	9176.424548	9177.835006000001			9174.170426	9178.561172	9180.25	9183.734	2.0		1.0	1.0					
9185.764	6.415000000000873	trials	7.0	9188.549932	9190.221222	9191.711548	9192.187702	9187.605168	9191.179764			1.0	2.0	0.0	3.0					
9196.046	4.65599999999904	trials	7.0	9197.684008	9198.800624	9199.95702	9200.702864	9196.337484	9199.311076			1.0	1.0	0.0	3.0					
9204.286	4.6229999999995925	trials	7.0	9205.848706	9206.905156			9204.998288	9206.896788			1.0		0.0	2.0					
9211.96	9.429000000000087	trials	7.0	9217.232086	9218.499716	9220.794108	9221.39517	9216.624718000001	9220.246902			1.0	1.0	0.0	3.0					
9225.139	9.4950000000008	trials	7.0	9231.04294	9232.505430000001	9234.068528	9234.642764	9230.20356	9233.271984			1.0	2.0	0.0	3.0					
9236.394	24.674999999999272	trials	7.0	9253.573606	9255.56754			9252.732766000001	9255.910186000001			2.0		1.0	1.0					
9262.619	5.755999999999403	trials	7.0	9264.219246	9265.510428			9261.077736	9266.101804	9267.974	9268.074	2.0		1.0	1.0					
9271.889	6.4210000000002765	trials	7.0	9273.491600000001	9274.526174			9272.590654	9276.00613	9277.665	9278.31	2.0		1.0	1.0					
9281.33	12.068999999999505	trials	7.0	9283.478642	9285.315512000001			9282.955948	9286.211232	9289.884	9290.205	2.0		1.0	1.0					
9293.654	9.568999999999505	trials	7.0	9295.644342	9297.320438			9293.407474	9297.682676	9299.79	9300.344	2.0		1.0	1.0					
9303.369	8.550999999999476	trials	7.0	9304.972744	9306.762362			9303.225678	9307.665338	9309.969	9311.92	2.0		1.0	1.0					
9313.939	6.944999999999709	trials	7.0	9315.913352	9317.315456	9319.010808	9319.517346	9314.521036	9318.392796	9319.79	9320.884	1.0	2.0	1.0	1.0					
9322.947	9.211999999999534	trials	7.0	9324.518804	9326.31557			9323.49184	9329.062418	9330.724	9332.159	2.0		1.0	1.0					
9334.181	6.153000000000247	trials	7.0	9335.772342	9337.399588	9339.636074	9340.333322	9335.129484000001	9339.128692			1.0	1.0	0.0	3.0					
9341.974	8.230999999999767	trials	7.0	9345.224332	9346.38901			9344.435402000001	9348.076652			2.0		1.0	1.0					
9352.764	6.635000000000218	trials	7.0	9354.433986	9356.055774	9358.819296	9359.40771	9353.818796	9358.178688			1.0	1.0	0.0	3.0					
9362.165	8.738999999999578	trials	7.0	9365.21549	9367.025658			9364.204524	9367.011544			2.0		0.0	2.0					
9371.03	9.166999999999462	trials	7.0	9374.593882000001	9375.785492	9377.957632	9378.532044	9373.892972	9377.45115	9378.659	9380.197	1.0	2.0	1.0	1.0					
9383.244	5.858000000000175	trials	7.0	9385.59409	9387.612966	9388.401048	9389.109534	9383.27485	9387.553306			1.0	2.0	0.0	3.0					
9390.759	12.770000000000437	trials	7.0	9394.350114	9396.27349			9393.841956	9398.00161	9399.79	9400.024	2.0		1.0	1.0					
9404.589	10.155000000000655	trials	7.0	9406.448956	9407.62753			9403.53489	9408.165636	9410.705	9411.889	2.0		1.0	1.0					
9415.919	5.010000000000218	trials	7.0	9417.784028	9418.932422	9419.566786	9420.00275	9414.748786	9418.916986			1.0		0.0	2.0					
9424.939	9.8799999999992	trials	7.0	9426.8653	9428.252972			9425.611532	9428.946126	9430.644	9432.024	2.0		1.0	1.0					
9435.056	5.403000000000247	trials	7.0	9437.09498	9438.130768	9439.799204	9440.466762	9434.827442	9439.114606000001			1.0	1.0	0.0	3.0					
9444.125	7.1270000000004075	trials	7.0	9447.899538	9449.240714	9449.918116	9450.184892000001	9447.1097	9449.230908			1.0		0.0	2.0					
9454.259	6.514999999999418	trials	7.0	9456.614118	9457.965002			9455.960736	9458.508782	9460.504	9460.614	2.0		1.0	1.0					
9463.309	7.89600000000064	trials	7.0	9464.949216	9466.082622			9464.368122	9467.88554	9470.625	9471.205	2.0		1.0	1.0					
9473.049	6.7849999999998545	trials	7.0	9475.900294000001	9477.86065	9479.452936	9479.844096	9475.001884000001	9478.740196			1.0	1.0	0.0	3.0					
9483.784	5.6599999999998545	trials	7.0	9485.769712000001	9487.467944	9488.815996000001	9489.44922	9483.918062	9488.195310000001			1.0	2.0	0.0	3.0					
9493.144	7.0460000000002765	trials	7.0	9495.280226	9496.927568000001			9494.499678	9497.014930000001			1.0		0.0	5.0					
9503.249	35.784999999999854	trials	7.0	9534.24954	9535.91346			9533.704846	9536.443102000001	9538.64	9538.974	2.0		1.0	1.0					
9541.517	5.67699999999968	trials	7.0	9543.341114	9545.19656			9542.298818	9545.18403			2.0		0.0	2.0					
9550.205	6.110000000000582	trials	7.0	9552.484738	9554.24654			9551.088842000001	9554.240932			1.0		0.0	2.0					
9559.353	19.71600000000035	trials	7.0	9573.164776	9574.869076	9576.857646	9577.391002	9572.577796	9576.263780000001	9577.705	9579.069	1.0	2.0	1.0	1.0					
9580.809	11.981000000001586	trials	7.0	9584.364836	9585.86472			9583.802864000001	9586.789788	9588.645	9589.567	2.0		1.0	1.0					
9593.594	4.736000000000786	trials	7.0	9595.463432	9596.553162	9597.767072	9598.336612000001	9592.794682	9597.18997			1.0	2.0	0.0	3.0					
9602.125	13.067999999999302	trials	7.0	9608.318148	9609.916398000001			9607.331978	9611.169042			2.0		1.0	1.0					
9617.744	9.329999999999927	trials	7.0	9620.909806	9622.498414	9625.04327	9625.393716	9620.22055	9623.865828			1.0		0.0	5.0					
9630.103	7.058000000000902	trials	7.0	9632.87448	9634.652322	9635.336264	9635.896572	9632.015552	9634.679316	9636.094	9637.161	1.0	2.0	1.0	1.0					
9641.197	7.8070000000006985	trials	7.0	9643.176936	9644.517942	9647.229228	9647.75539	9642.383454	9646.573702	9647.919	9649.004	1.0	2.0	1.0	1.0					
9651.024	9.355000000001382	trials	7.0	9653.571186000001	9654.741846			9653.052424	9656.03577	9658.75	9660.379	2.0		1.0	1.0					
9663.419	6.645000000000437	trials	7.0	9665.044702	9666.540176			9663.747386000001	9667.624758	9669.474	9670.064	2.0		1.0	1.0					
9673.105	7.623999999999796	trials	7.0	9674.8249	9676.45164			9673.435302	9677.78274	9679.665	9680.729	2.0		1.0	1.0					
9682.754	9.370999999999185	trials	7.0	9684.66537	9686.63607	9690.123632	9690.443582	9683.805608	9689.126964000001			2.0		0.0	4.0					
9694.134	8.534999999999854	trials	7.0	9695.864014	9697.059496	9700.549642	9701.18922	9695.051032	9699.868534000001	9701.424	9702.669	1.0	2.0	1.0	1.0					
9705.735	11.206999999998516	trials	7.0	9707.690342	9709.268048	9711.579834	9712.202484	9706.729192	9711.042886	9712.439	9713.674	1.0	2.0	1.0	1.0					
9717.712	7.1270000000004075	trials	7.0	9719.512076	9720.53218			9716.945778000001	9721.76034	9723.5	9724.839	2.0		1.0	1.0					
9726.86	10.648999999999432	trials	7.0	9728.618738000001	9730.003464			9727.712406	9731.760358			2.0		1.0	1.0					
9737.546	5.929000000000087	trials	7.0	9739.500250000001	9741.267702000001	9742.853272	9743.480326	9737.519494	9742.10405			1.0	1.0	0.0	3.0					
9747.189	5.890999999999622	trials	7.0	9749.080414	9750.357324	9752.00801	9753.090876	9748.09954	9751.39268			1.0	2.0	0.0	3.0					
9755.337	11.447000000000116	trials	7.0	9759.87989	9761.178712			9759.20701	9763.056004			2.0		1.0	1.0					
9769.214	9.560999999999694	trials	7.0	9771.591884	9772.612222	9775.152942	9775.8235	9770.662826	9774.636076			1.0	2.0	0.0	3.0					
9779.474	9.576999999999316	trials	7.0	9781.471086	9783.027508			9778.782606	9783.669774	9785.524	9785.709	2.0		1.0	1.0					
9789.369	6.798999999999069	trials	7.0	9791.170072	9792.61727			9789.058566	9793.307002	9795.165	9796.168	2.0		1.0	1.0					
9799.231	20.20800000000054	trials	7.0	9813.353228	9814.877078			9812.374986	9816.229972000001			1.0		0.0	5.0					
9821.405	12.333999999998923	trials	7.0	9829.418946	9831.397594	9833.225276000001	9833.747986	9828.588284	9832.258852			1.0	2.0	0.0	3.0					
9837.554	13.635000000000218	trials	7.0	9846.095584	9847.377092			9845.407078	9847.926112000001			1.0		0.0	5.0					
9854.199	6.680000000000291	trials	7.0	9856.51653	9858.113858			9854.325640000001	9858.480584			2.0		1.0	1.0					
9863.399	12.181000000000495	trials	7.0	9865.031018	9866.948624			9864.313568	9867.45385	9870.014	9872.205	2.0		1.0	1.0					
9876.244	6.710999999999331	trials	7.0	9877.829432	9878.987786	9881.260286	9881.759136	9875.58908	9880.267818	9882.04	9882.955	1.0	2.0	1.0	1.0					
9885.019	9.552999999999884	trials	7.0	9888.290708	9889.347946	9892.577306	9893.173216	9887.419816	9891.987712	9893.379	9894.572	1.0	2.0	1.0	1.0					
9896.615	8.72400000000016	trials	7.0	9898.853164	9900.263022000001			9898.120368	9902.037716			1.0		0.0	5.0					
9909.369	10.367999999998574	trials	7.0	9911.066404000001	9912.474034			9910.350596	9913.09484	9915.744	9916.985	2.0		1.0	1.0					
9921.04	8.948999999998705	trials	7.0	9922.736358	9923.854798			9919.744628	9924.579904			2.0		1.0	1.0					
9931.169	5.161000000000058	trials	7.0	9933.165782	9934.327566			9929.998624	9934.31696			2.0		0.0	2.0					
9939.375	11.824000000000524	trials	7.0	9941.831218	9942.853064	9945.386792000001	9945.985856	9941.18828	9944.840006	9946.08	9947.27	1.0	1.0	1.0	1.0					
9951.299	6.169999999998254	trials	7.0	9953.137006	9954.865310000001			9951.210304	9954.885092			2.0		1.0	1.0					
9959.924	6.219999999999345	trials	7.0	9961.766996	9962.94815	9965.30881	9966.151878	9960.029284	9964.755472			1.0	2.0	0.0	3.0					
9967.634	8.895000000000437	trials	7.0	9971.427596	9973.38879			9970.68866	9973.942126	9975.969	9976.529	2.0		1.0	1.0					
9978.575	8.799999999999272	trials	7.0	9982.246084	9983.372988000001			9981.277944	9984.26031	9986.144	9987.375	2.0		1.0	1.0					
9990.432	9.686999999999898	trials	7.0	9992.366664000001	9994.207822			9990.492918	9995.002346000001			2.0		1.0	1.0					
10001.79	8.523999999999432	trials	7.0	10003.651496	10005.002722000001			10000.130514	10005.316848			2.0		1.0	1.0					
10011.08	4.429000000000087	trials	7.0	10013.027072	10014.288032	10015.437204	10015.913398	10010.325544	10014.800172			1.0	2.0	0.0	3.0					
10019.79	1669.3889999999992	BlockDesign														1.0	894.0	1037.0	50.0	10.0
10019.79	5.653999999998632	trials	8.0	10021.731846	10023.44383			10020.522516	10023.428236			1.0		0.0	2.0					
10028.478	10.306000000000495	trials	8.0	10034.746646	10036.164780000001	10037.048974000001	10037.525988000001	10034.02952	10036.565844	10037.814	10038.784	1.0	2.0	1.0	1.0					
10040.853	7.356999999999971	trials	8.0	10042.961802	10044.632908			10042.17893	10044.686838	10047.684	10048.21	2.0		1.0	1.0					
10050.275	7.059000000001106	trials	8.0	10052.62621	10053.752962	10056.662668	10057.346328	10051.80027	10055.970592			1.0	2.0	0.0	3.0					
10059.989	9.296000000000276	trials	8.0	10062.696804	10064.2132			10061.835958	10064.812948	10067.399	10069.285	2.0		1.0	1.0					
10072.337	5.891999999999825	trials	8.0	10073.897066	10075.764654			10072.569308	10075.751196000001			2.0		0.0	2.0					
10081.774	7.165000000000873	trials	8.0	10083.642046	10085.64903			10082.335976	10086.197444	10088.084	10088.939	2.0		1.0	1.0					
10090.739	8.43500000000131	trials	8.0	10092.682214	10094.671862	10096.797046	10097.569646	10091.451458	10096.184686	10097.549	10099.174	1.0	1.0	1.0	1.0					
10103.199	11.084999999999127	trials	8.0	10108.521964	10110.136604	10110.59307	10111.187852000001	10107.774872	10110.083026			1.0	1.0	0.0	3.0					
10114.931	4.343999999999141	trials	8.0	10116.622342	10117.22042	10117.991396	10118.11549	10114.29528	10117.215314000001			1.0		0.0	2.0					
10121.309	20.33600000000115	trials	8.0	10134.102198	10135.739062			10133.190168000001	10135.749612			2.0		1.0	1.0					
10141.884	9.924999999999272	trials	8.0	10143.607038	10144.923974000001			10141.652934	10145.756346	10148.205	10148.659	2.0		1.0	1.0					
10152.729	10.44000000000051	trials	8.0	10154.39244	10156.063900000001			10151.82027	10156.486192	10158.384	10159.41	2.0		1.0	1.0					
10163.189	5.424999999999272	trials	8.0	10164.859400000001	10165.964636	10168.080324	10168.626168	10163.181686	10167.181452			1.0	2.0	0.0	3.0					
10170.449	8.042999999999665	trials	8.0	10173.83211	10175.875240000001	10176.731092	10177.40735	10173.133378	10175.820562	10177.409	10178.492	1.0	1.0	1.0	1.0					
10180.522	5.886999999998807	trials	8.0	10182.625508000001	10183.969872	10185.760584	10186.418694	10182.072116	10185.15795			1.0	1.0	0.0	3.0					
10188.094	7.983000000000175	trials	8.0	10192.062388	10193.257958	10195.416078	10196.08205	10191.263778	10194.901754			1.0	2.0	0.0	3.0					
10198.759	5.565000000000509	trials	8.0	10201.488144	10202.274328			10200.90416	10202.271266			1.0		0.0	2.0					
10207.334	10.389999999999418	trials	8.0	10213.362720000001	10214.974368			10212.475190000001	10215.717756			2.0		1.0	1.0					
10221.295	6.5349999999998545	trials	8.0	10222.82624	10224.68438	10225.905044	10226.549912	10221.927660000001	10225.276846	10226.699	10227.83	1.0	1.0	1.0	1.0					
10231.854	9.5	trials	8.0	10233.582746	10235.144534			10231.880726	10235.86262	10237.694	10238.564	2.0		1.0	1.0					
10242.58	4.34900000000016	trials	8.0	10244.29807	10244.929502			10241.366448	10244.921452			1.0		0.0	2.0					
10248.978	9.571000000001732	trials	8.0	10255.35761	10256.494816			10254.55931	10256.486898			1.0		0.0	2.0					
10260.574	7.885000000000218	trials	8.0	10263.96226	10265.598754			10263.20844	10266.305464000001			2.0		1.0	1.0					
10271.884	10.29700000000048	trials	8.0	10274.657474	10276.586080000001	10280.154026	10280.517742	10274.082068	10278.392196			1.0		0.0	5.0					
10285.184	6.505000000001019	trials	8.0	10288.348518	10289.69475			10287.608656	10289.686032			2.0		0.0	2.0					
10294.728	12.751000000000204	trials	8.0	10300.602922	10302.059648			10299.646504	10303.535642	10305.154	10307.479	2.0		1.0	1.0					
10309.509	9.831000000000131	trials	8.0	10314.152832	10315.72134			10313.278412	10316.102318000001	10318.625	10319.34	2.0		1.0	1.0					
10321.359	7.959999999999127	trials	8.0	10324.037902	10325.160776	10327.314404	10328.047504	10323.504164	10326.688424	10328.114	10329.319	1.0	1.0	1.0	1.0					
10332.349	5.0	trials	8.0	10334.236074	10335.289996	10335.902310000001	10336.114338	10332.381612000001	10335.2821			1.0		0.0	2.0					
10340.359	5.329999999999927	trials	8.0	10342.893348	10344.274948	10345.051262	10345.69891	10340.72601	10344.530208			1.0	2.0	0.0	3.0					
10349.415	15.493999999998778	trials	8.0	10355.113398000001	10356.839652			10354.29897	10357.48736			2.0		1.0	1.0					
10365.449	11.59100000000035	trials	8.0	10367.170212	10368.21485			10364.918164	10369.295890000001	10371.705	10373.379	2.0		1.0	1.0					
10377.434	7.481000000001586	trials	8.0	10378.97538	10380.411344	10383.177428	10383.358942	10377.048332	10381.67769			1.0		0.0	5.0					
10386.969	19.82100000000173	trials	8.0	10401.624838	10403.105256			10401.033596000001	10404.234644	10406.044	10406.79	2.0		1.0	1.0					
10410.824	10.144999999998618	trials	8.0	10412.588394	10414.275314			10411.054948	10414.93662	10416.734	10417.877	2.0		1.0	1.0					
10421.91	5.304000000000087	trials	8.0	10423.658626	10425.161383999999			10420.979562	10425.15756			2.0		0.0	2.0					
10430.259	8.290000000000873	trials	8.0	10434.788278	10435.924508	10437.820124	10438.55985	10433.862532	10437.24193			1.0	1.0	0.0	3.0					
10440.139	11.835000000000946	trials	8.0	10444.923068	10446.94022			10444.38476	10448.62299	10450.349	10451.974	2.0		1.0	1.0					
10453.775	13.092000000000553	trials	8.0	10458.183738	10460.075172			10457.23928	10460.692052	10462.489	10463.084	2.0		1.0	1.0					
10467.134	8.207000000000335	trials	8.0	10469.34554	10470.62022			10466.877446	10471.113006	10472.769	10475.341	2.0		1.0	1.0					
10478.384	9.540000000000873	trials	8.0	10481.048200000001	10482.600976			10480.215692	10485.267786	10487.159	10487.924	2.0		1.0	1.0					
10490.988	7.342000000000553	trials	8.0	10492.73654	10494.47261			10491.918692	10495.755356			2.0		1.0	1.0					
10501.764	10.697000000000116	trials	8.0	10503.458552	10505.259968			10502.905196	10506.36494	10508.529	10509.464	2.0		1.0	1.0					
10513.504	5.920000000000073	trials	8.0	10515.203784000001	10516.675084	10518.903804	10519.437226	10512.474008000001	10518.088684			1.0	2.0	0.0	3.0					
10523.234	9.989999999999782	trials	8.0	10525.720514	10527.410663999999			10524.98218	10529.948128			1.0		0.0	5.0					
10535.274	9.582000000000335	trials	8.0	10539.108866	10540.596866			10538.540548	10542.271120000001	10544.004	10544.856	2.0		1.0	1.0					
10546.923	11.940999999998894	trials	8.0	10549.278852	10551.30334			10548.616236	10552.134116000001	10554.159	10555.121	2.0		1.0	1.0					
10559.181	6.947000000000116	trials	8.0	10560.73398	10562.185862			10558.87484	10563.67476	10565.394	10566.128	2.0		1.0	1.0					
10569.198	8.010000000000218	trials	8.0	10570.88207	10572.736696	10575.460192	10575.928882	10569.458838	10574.433452000001	10576.179	10577.208	1.0	1.0	1.0	1.0					
10580.234	9.215000000000146	trials	8.0	10584.588988	10586.050266			10583.644704	10586.726418	10588.564	10589.449	2.0		1.0	1.0					
10591.464	11.656999999999243	trials	8.0	10593.258736	10595.125108			10592.648720000001	10596.66877	10599.08	10600.104	2.0		1.0	1.0					
10604.134	6.4950000000008	trials	8.0	10605.989602	10607.150128000001			10603.131066	10607.396896	10609.389	10610.629	2.0		1.0	1.0					
10613.654	9.777000000000044	trials	8.0	10615.614732	10617.526156	10620.922622	10621.301324	10614.33955	10619.52161			1.0	2.0	0.0	3.0					
10625.259	13.024999999999636	trials	8.0	10632.444136	10634.370886			10631.744872	10634.375254	10637.434	10638.284	2.0		1.0	1.0					
10641.345	12.404000000000451	trials	8.0	10643.832538	10645.22632			10642.86742	10646.487188	10648.634	10649.864	2.0		1.0	1.0					
10653.9	6.689000000000306	trials	8.0	10655.8219	10657.341208	10659.858548	10660.602472	10653.763868	10658.872674			1.0	2.0	0.0	3.0					
10662.194	10.56000000000131	trials	8.0	10668.368794	10669.483464	10672.12264	10672.768004	10667.679716	10671.625842000001			1.0	1.0	0.0	3.0					
10674.455	13.398999999999432	trials	8.0	10684.815002	10685.801082			10683.882222	10685.789538			1.0		0.0	2.0					
10690.859	12.0	trials	8.0	10694.099522	10695.761984			10693.331314	10697.741846			1.0		0.0	5.0					
10703.79	14.25	trials	8.0	10712.069774	10713.091146			10711.568796	10714.407472	10716.634	10718.04	2.0		1.0	1.0					
10721.064	7.744999999998981	trials	8.0	10722.785264	10724.741334			10722.001492	10725.413716	10727.25	10728.809	2.0		1.0	1.0					
10730.834	9.264999999999418	trials	8.0	10733.725304	10735.27671	10738.087042	10738.37191	10732.826858	10736.916212			1.0		0.0	5.0					
10742.119	9.739999999999782	trials	8.0	10746.329504000001	10747.775538	10750.168156	10750.657546	10745.771238000001	10749.201048	10750.989	10751.859	1.0	1.0	1.0	1.0					
10753.879	7.950999999999112	trials	8.0	10757.560184	10758.641766	10761.309848	10761.845356	10756.868062	10760.692102			1.0	1.0	0.0	3.0					
10765.684	4.856000000001586	trials	8.0	10767.354952	10768.836276	10769.390598	10770.000236	10766.260022	10768.855514			1.0	2.0	0.0	3.0					
10772.744	5.875	trials	8.0	10775.140752	10776.605364			10774.424578	10776.58993			2.0		0.0	2.0					
10780.626	6.677999999999884	trials	8.0	10783.650582	10785.246818			10782.672948	10785.242802			1.0		0.0	2.0					
10791.337	14.342000000000553	trials	8.0	10801.721734	10802.991312	10803.628058	10804.089594000001	10801.040006	10803.111278	10804.5	10805.679	1.0	1.0	1.0	1.0					
10807.697	6.367000000000189	trials	8.0	10810.34651	10812.09136	10813.338716	10814.078160000001	10809.33991	10812.7565			1.0	2.0	0.0	3.0					
10815.669	14.614999999999782	trials	8.0	10821.39501	10822.592132			10820.67002	10823.036932	10825.814	10825.994	2.0		1.0	1.0					
10830.684	7.445000000001528	trials	8.0	10832.713080000001	10833.756518			10830.299058	10834.836034	10837.074	10838.129	2.0		1.0	1.0					
10842.184	7.426000000001295	trials	8.0	10843.867902	10845.419128	10847.590108	10848.312908	10842.669366	10846.769748	10848.334	10849.61	1.0	1.0	1.0	1.0					
10851.678	8.790999999999258	trials	8.0	10854.789866	10856.021990000001	10858.418908	10859.205522	10853.97407	10857.761712	10859.109	10860.469	1.0	1.0	1.0	1.0					
10863.528	6.945999999999913	trials	8.0	10865.800006000001	10867.045428000001			10864.914928	10868.110534	10870.059	10870.474	2.0		1.0	1.0					
10873.509	10.253000000000611	trials	8.0	10875.294842	10876.404028			10873.518602	10876.794126	10879.174	10880.29	2.0		1.0	1.0					
10884.15	8.359000000000378	trials	8.0	10886.043802	10887.560348			10883.778004	10887.930314000001	10889.734	10892.509	2.0		1.0	1.0					
10894.299	11.299999999999272	trials	8.0	10896.945452	10898.397568	10904.53947	10905.61423	10896.137216	10901.390408			1.0		0.0	5.0					
10906.415	10.789999999999054	trials	8.0	10911.19071	10912.621884	10916.197164000001	10916.35323	10910.497622	10914.004048			1.0		0.0	5.0					
10921.214	14.125	trials	8.0	10931.76369	10933.09839	10934.76008	10935.354046	10930.82862	10933.609282000001			1.0	2.0	0.0	3.0					
10938.103	9.75	trials	8.0	10944.64384	10945.793016			10943.962792	10945.78364			1.0		0.0	2.0					
10950.91	7.045000000000073	trials	8.0	10954.471006	10956.242316	10957.403398	10957.969022000001	10953.597824	10956.912672			1.0	2.0	0.0	3.0					
10960.73	8.373999999999796	trials	8.0	10964.231428	10965.776284			10963.450912	10966.748514	10968.509	10969.104	2.0		1.0	1.0					
10971.169	8.358000000000175	trials	8.0	10973.46362	10975.11729			10972.829828	10975.439002	10977.25	10979.527	2.0		1.0	1.0					
10981.559	10.945000000001528	trials	8.0	10983.965274	10985.252414			10982.958094	10985.829132	10988.169	10989.569	2.0		1.0	1.0					
10993.669	4.661000000000058	trials	8.0	10995.327688000001	10996.337928	10997.003946	10997.225486	10992.517004000001	10996.325122			1.0		0.0	2.0					
11002.339	12.545000000000073	trials	8.0	11008.192112	11009.4337			11007.48007	11009.684684			2.0		1.0	1.0					
11016.324	5.600000000000364	trials	8.0	11018.151326	11019.318828			11014.897494	11019.429976	11021.609	11021.889	2.0		1.0	1.0					
11024.404	8.422999999998865	trials	8.0	11025.972398	11027.385332			11024.594922	11027.883352	11029.774	11030.599	2.0		1.0	1.0					
11033.625	7.834000000000742	trials	8.0	11035.178716	11036.293748	11038.054688	11038.707004	11032.83703	11037.307532			1.0	1.0	0.0	3.0					
11042.384	6.524999999999636	trials	8.0	11043.996834	11045.457838	11048.62948	11048.920778	11041.473176	11045.446654			2.0		0.0	2.0					
11049.508	10.072000000000116	trials	8.0	11054.800866	11056.162754			11054.264086	11056.847888	11058.654	11059.58	2.0		1.0	1.0					
11061.619	9.069999999999709	trials	8.0	11065.071146	11066.379666			11064.10495	11068.071086			2.0		1.0	1.0					
11073.159	8.881000000001222	trials	8.0	11075.057816	11076.27498	11081.421006	11081.540802	11073.502278	11078.995374			1.0		0.0	5.0					
11084.074	9.920000000000073	trials	8.0	11086.32701	11087.715984	11093.352504	11093.532718	11085.813636	11090.82742			1.0		0.0	5.0					
11098.024	12.7450000000008	trials	8.0	11106.27145	11107.583406			11105.432974	11107.5722			2.0		0.0	2.0					
11111.69	5.209999999999127	trials	8.0	11113.307904000001	11114.093234			11110.784616	11114.08111			2.0		0.0	2.0					
11118.197	8.552999999999884	trials	8.0	11121.00252	11122.113506	11124.856728	11125.574842	11120.019342	11124.209228	11125.574	11126.75	1.0	1.0	1.0	1.0					
11130.769	7.039999999999054	trials	8.0	11132.656498	11134.29194			11131.254528000001	11135.268032	11136.955	11137.809	2.0		1.0	1.0					
11139.837	7.936999999999898	trials	8.0	11141.739698000001	11143.797238	11145.506054000001	11146.274926	11141.117348	11144.92761	11146.199	11147.774	1.0	1.0	1.0	1.0					
11150.589	6.677999999999884	trials	8.0	11152.683074	11154.01195			11152.015492	11154.144626000001			1.0		0.0	5.0					
11160.279	9.175999999999476	trials	8.0	11166.853474	11167.464388			11166.08112	11167.46199			1.0		0.0	2.0					
11173.464	12.036000000000058	trials	8.0	11179.186802	11180.4679			11178.615474	11181.294162	11185.125	11185.205	2.0		1.0	1.0					
11188.799	5.809999999999491	trials	8.0	11190.491458	11191.689504	11193.984846	11194.621506	11189.926636	11193.315894			1.0	1.0	0.0	3.0					
11198.309	9.265000000001237	trials	8.0	11202.017866	11203.738342			11201.119698	11204.248062	11206.294	11207.574	2.0		1.0	1.0					
11211.619	7.810999999999694	trials	8.0	11214.85841	11216.44075	11218.67807	11219.444262	11214.08995	11217.838058000001			1.0	1.0	0.0	3.0					
11222.0	7.390999999999622	trials	8.0	11224.768442	11226.378512			11223.927080000001	11226.373866			2.0		0.0	2.0					
11230.445	7.533999999999651	trials	8.0	11235.35596	11235.98422			11234.431534	11235.978104			1.0		0.0	2.0					
11241.991	24.588999999999942	trials	8.0	11263.352164	11265.123818	11266.030998	11266.59694	11262.637816	11265.147312000001			1.0	2.0	0.0	3.0					
11268.349	8.575000000000728	trials	8.0	11271.572012	11272.849948			11270.830846	11273.448812	11275.264	11276.924	2.0		1.0	1.0					
11279.564	9.86700000000019	trials	8.0	11283.471454	11285.0239	11287.389442	11288.101238	11282.88161	11286.589436	11288.074	11289.431	1.0	1.0	1.0	1.0					
11292.459	5.674999999999272	trials	8.0	11294.755292	11296.003122	11297.570956	11298.147584	11293.480828	11296.848592			1.0	2.0	0.0	3.0					
11301.904	4.15599999999904	trials	8.0	11303.518342	11304.064664	11304.557976	11304.668154	11302.570684	11304.05429			1.0		0.0	2.0					
11309.114	12.06500000000051	trials	8.0	11315.647046	11316.66407			11314.78282	11317.82434			2.0		1.0	1.0					
11323.711	10.034999999999854	trials	8.0	11326.402182	11328.047534000001	11329.877086	11330.444002	11325.622882	11329.374546			1.0	1.0	0.0	3.0					
11334.257	4.727000000000771	trials	8.0	11336.157154	11336.993964000001	11338.043022	11338.395328	11333.760968	11336.986118			1.0		0.0	2.0					
11341.994	13.204999999999927	trials	8.0	11351.157208	11352.850898			11350.332495999999	11352.856732			2.0		1.0	1.0					
11359.639	7.426000000001295	trials	8.0	11361.832014	11362.97168			11359.818578	11363.736304	11365.669	11367.065	2.0		1.0	1.0					
11369.12	7.0049999999992	trials	8.0	11370.974414	11372.419016	11375.475938	11376.141194	11370.35826	11374.916286			1.0	1.0	0.0	3.0					
11378.814	11.101000000000568	trials	8.0	11385.098864	11387.008836			11384.510144	11387.375882	11389.224	11389.915	2.0		1.0	1.0					
11391.978	11.731999999999971	trials	8.0	11394.612698	11396.61903	11403.413536	11403.725748	11394.01024	11399.651378			1.0		0.0	5.0					
11405.947	8.13299999999981	trials	8.0	11408.532392000001	11410.013722			11407.79471	11410.928162			1.0		0.0	5.0					
11416.089	9.287000000000262	trials	8.0	11418.426952	11419.51063			11417.598822	11420.601564	11422.58	11425.376	2.0		1.0	1.0					
11428.434	7.7150000000001455	trials	8.0	11430.27001	11431.429954	11434.404668	11434.983222	11429.462486	11433.791016	11435.094	11436.149	1.0	1.0	1.0	1.0					
11440.174	6.6340000000000146	trials	8.0	11442.147728	11443.298648			11441.176086	11444.46066			2.0		1.0	1.0					
11449.339	9.237999999999374	trials	8.0	11451.757388	11453.394838	11456.70595	11457.370834000001	11450.776068	11456.05143	11457.5	11458.577	1.0	1.0	1.0	1.0					
11460.605	9.729000000001179	trials	8.0	11463.672646	11465.532708			11463.053234	11466.509442	11468.364	11470.334	2.0		1.0	1.0					
11473.384	7.290000000000873	trials	8.0	11475.192844000001	11477.00234			11474.536574	11478.077458	11479.974	11480.674	2.0		1.0	1.0					
11483.694	5.895000000000437	trials	8.0	11485.563008000001	11487.214014000001	11488.903172	11489.605812	11484.247332	11488.248136			1.0	1.0	0.0	3.0					
11492.221	10.978000000000975	trials	8.0	11496.962406	11498.369686			11495.997912	11500.0526			1.0		0.0	5.0					
11505.205	10.703999999999724	trials	8.0	11508.942982	11510.066558			11508.354014	11510.669168	11513.649	11515.909	2.0		1.0	1.0					
11518.937	10.8799999999992	trials	8.0	11521.469904	11523.498316000001	11525.837212	11526.597906	11520.602354	11525.135508			1.0	1.0	0.0	3.0					
11530.199	10.969999999999345	trials	8.0	11537.643942	11539.17002			11536.689584	11539.155348			1.0		0.0	2.0					
11545.18	29.04399999999987	trials	8.0	11571.042974	11572.23668			11570.496314	11572.231886			1.0		0.0	2.0					
11578.264	11.1200000000008	trials	8.0	11585.698104	11587.33965			11584.696358000001	11587.336334			2.0		0.0	2.0					
11592.395	5.67699999999968	trials	8.0	11594.523376000001	11596.17935	11597.345372	11598.088328	11593.283608	11596.798212			1.0	2.0	0.0	3.0					
11601.665	9.594999999999345	trials	8.0	11606.216158	11608.00887	11608.818650000001	11609.50299	11605.600492	11608.003802	11609.634	11611.26	1.0	1.0	1.0	1.0					
11614.279	9.31499999999869	trials	8.0	11617.26804	11618.969358			11616.379738	11619.488946000001			2.0		1.0	1.0					
11626.103	7.736000000000786	trials	8.0	11628.756572	11630.335116			11627.956958	11630.956484			2.0		1.0	1.0					
11636.355	7.6340000000000146	trials	8.0	11638.082078	11639.705122	11643.122998	11644.00564	11636.782588	11642.577652			1.0	1.0	0.0	3.0					
11645.697	12.215000000000146	trials	8.0	11652.338042	11654.411026			11651.82433	11654.918534			2.0		1.0	1.0					
11662.424	6.809999999999491	trials	8.0	11664.108584	11665.616762			11662.699636000001	11665.84623	11667.604	11669.234	2.0		1.0	1.0					
11672.264	8.155000000000655	trials	8.0	11673.993706000001	11675.572368000001	11678.323884000001	11679.133054	11672.870446	11677.73715	11679.104	11680.419	1.0	1.0	1.0	1.0					
11682.444	6.735000000000582	trials	8.0	11685.633798	11687.335468000001	11688.559562	11689.193672000001	11684.799026	11687.860414			1.0	1.0	0.0	3.0					
