onset	duration	nwb_table	block	tone_on_time	tone_off_time	action_on_time	action_off_time	pokeC_on_time	pokeC_off_time	reward_on_time	reward_off_time	state	action	reward	result	FinishedBlock	FirstTrial	LastTrial	RewardRule_L	RewardRule_R
2.423	499.675	BlockDesign														1.0	1.0	27.0	50.0	10.0
2.423	93.03099999999999	trials	1.0	88.453	90.403559	92.831241	93.179287	87.64042500000001	91.613127			1.0	1.0	0.0	3.0					
96.219	9.864000000000004	trials	1.0	97.919844	99.282255	103.952371	104.542987	95.459237	99.489795	104.768	106.083	1.0	1.0	1.0	1.0					
110.125	10.942999999999998	trials	1.0	113.433379	114.664101	118.6639	119.18733300000001	112.71275800000001	117.648178	119.499	121.068	1.0	1.0	1.0	1.0					
125.095	10.187999999999988	trials	1.0	128.34860100000003	129.96144600000002	134.95515	135.251976	127.56493200000001	133.423746			1.0	1.0	0.0	3.0					
139.333	6.5449999999999875	trials	1.0	142.15846299999998	143.25926700000002			141.43761899999998	143.580964			2.0		1.0	1.0					
148.358	8.900000000000006	trials	1.0	152.798884	154.105276	156.528034	156.85623099999998	152.19090899999998	155.60628000000003			1.0	1.0	0.0	3.0					
158.863	18.319999999999993	trials	1.0	169.61828500000001	170.73067200000003	174.889903	175.93663200000003	169.057908	172.991421			1.0	1.0	0.0	3.0					
178.238	6.909999999999997	trials	1.0	180.085218	181.525423	184.835307	185.03736300000003	177.186577	183.26784099999998			1.0	1.0	0.0	3.0					
188.213	43.786	trials	1.0	229.153824	229.99481500000002			228.46251999999998	229.97878300000002			2.0		0.0	2.0					
235.008	5.340000000000003	trials	1.0	237.219285	238.341364			235.070538	238.335399			1.0		0.0	2.0					
243.354	11.883999999999986	trials	1.0	250.033834	251.10096099999998	254.91483399999998	255.185611	249.351246	254.00529699999998			1.0	1.0	0.0	3.0					
257.293	11.824999999999989	trials	1.0	259.233955	261.065568	266.519898	267.869998	258.274997	262.260016			1.0	1.0	0.0	3.0					
269.904	11.353999999999985	trials	1.0	271.74897	273.663088	279.199441	279.721954	270.649978	274.35896199999996	279.833	281.258	1.0	1.0	1.0	1.0					
284.278	10.104999999999961	trials	1.0	289.413916	291.596163			288.64491599999997	292.134017			2.0		1.0	1.0					
298.908	8.185000000000002	trials	1.0	300.86398199999996	302.269843	306.615342	307.09840199999996	299.893576	305.635917			1.0	1.0	0.0	3.0					
309.008	16.555000000000007	trials	1.0	311.505763	313.285884	323.671621	323.929264	310.50660999999997	313.963725	324.329	325.563	1.0	1.0	1.0	1.0					
329.583	10.529999999999973	trials	1.0	332.594565	334.504624	337.967224	338.269012	331.600018	336.992746	338.553	340.113	1.0	1.0	1.0	1.0					
342.168	16.474999999999966	trials	1.0	354.17092199999996	356.138158			353.473106	356.63010299999996			2.0		1.0	1.0					
362.178	10.079999999999984	trials	1.0	365.179756	366.641367	371.936065	372.23200199999997	364.28493399999996	369.008821			1.0	1.0	0.0	3.0					
374.289	7.91900000000004	trials	1.0	378.149594	379.38665			377.429179	379.89315999999997			2.0		1.0	1.0					
386.664	8.754000000000019	trials	1.0	388.604988	390.302526	393.473398	393.73134699999997	387.348799	392.451711	394.298	395.418	1.0	1.0	1.0	1.0					
397.438	23.88499999999999	trials	1.0	410.229642	412.239244	419.441733	419.66747399999997	409.62384299999997	413.60434599999996	420.143	421.323	1.0	1.0	1.0	1.0					
425.433	10.204999999999984	trials	1.0	429.845058	431.61346499999996	433.453758	433.88329899999997	428.906182	432.529542	434.313	435.638	1.0	1.0	1.0	1.0					
437.704	14.420000000000016	trials	1.0	443.36003999999997	445.291099	450.014137	450.326571	442.461754	448.866597	450.783	452.124	1.0	1.0	1.0	1.0					
456.148	18.055999999999983	trials	1.0	468.984805	470.751255	473.727965	474.20915099999996	468.10391	472.230781			1.0	1.0	0.0	3.0					
477.053	7.579999999999984	trials	1.0	480.82007999999996	481.871497			479.81868399999996	482.49003899999997			2.0		1.0	1.0					
488.173	13.925000000000011	trials	1.0	497.56503599999996	499.548124	502.008801	502.35961499999996	496.654746	500.882727			1.0	2.0	0.0	3.0					
506.444	473.41900000000004	BlockDesign														1.0	28.0	54.0	90.0	50.0
506.444	8.53899999999993	trials	2.0	508.225805	510.11168699999996	512.615994	513.009139	507.429658	511.69063900000003	513.398	514.983	1.0	1.0	1.0	1.0					
517.003	12.865000000000009	trials	2.0	523.114845	524.270779	527.267293	527.62157	522.173325	526.360183	528.039	529.868	1.0	1.0	1.0	1.0					
532.583	8.995999999999981	trials	2.0	537.3688989999999	538.687063			536.485821	539.214222			2.0		1.0	1.0					
544.108	14.38000000000011	trials	2.0	551.190998	553.2365169999999	556.659805	556.973018	550.526021	555.821511	557.348	558.488	1.0	1.0	1.0	1.0					
561.558	20.254999999999995	trials	2.0	576.29705	577.500324	579.536372	579.951667	575.541669	578.651521	580.333	581.813	1.0	1.0	1.0	1.0					
584.884	13.740000000000009	trials	2.0	590.485243	592.312377	596.353238	596.610679	589.797888	593.92894	596.999	598.624	1.0	1.0	1.0	1.0					
602.258	19.414999999999964	trials	2.0	615.260989	617.112174	619.622002	619.83409	614.678887	618.5389739999999	620.353	621.673	1.0	1.0	1.0	1.0					
623.693	11.529999999999973	trials	2.0	629.086985	630.786766	633.102202	633.345193	628.211536	632.120044	633.758	635.223	1.0	1.0	1.0	1.0					
637.238	13.114999999999895	trials	2.0	644.7355709999999	646.202088	648.431196	648.733887	643.919347	647.340157	649.193	650.353	1.0	1.0	1.0	1.0					
653.418	16.28099999999995	trials	2.0	659.587391	661.38379	669.348962	669.704368	658.87067	668.04853			1.0	1.0	0.0	3.0					
673.689	6.600000000000023	trials	2.0	676.750489	678.2882529999999			676.126273	678.279073			2.0		0.0	2.0					
683.294	46.749000000000024	trials	2.0	716.981086	718.952973	728.144598	728.589922	716.13168	719.290016	728.968	730.043	1.0	1.0	1.0	1.0					
734.109	13.108999999999924	trials	2.0	741.102462	742.8972689999999	745.1615879999999	745.597464	740.557974	744.013153	745.928	747.218	1.0	1.0	1.0	1.0					
751.258	12.30499999999995	trials	2.0	759.52122	761.002117			758.632081	761.4495479999999			2.0		1.0	1.0					
766.044	23.245000000000005	trials	2.0	773.79796	775.6234029999999	787.117435	787.388691	772.920679	776.218513	787.813	789.289	1.0	1.0	1.0	1.0					
792.397	15.315999999999917	trials	2.0	798.356409	800.17369	805.425691	805.814587	797.6771249999999	800.4447299999999	806.093	807.713	1.0	1.0	1.0	1.0					
811.78	9.02800000000002	trials	2.0	814.416117	815.553672	818.4246909999999	818.719097	813.87868	817.462329	819.063	820.808	1.0	1.0	1.0	1.0					
822.908	10.574999999999932	trials	2.0	828.196201	829.489828	831.453502	831.739628	827.6251149999999	830.422077	832.193	833.483	1.0	1.0	1.0	1.0					
836.548	9.934999999999945	trials	2.0	841.116312	843.053415	844.474926	844.760239	840.197452	843.449668	845.249	846.483	1.0	1.0	1.0	1.0					
850.588	10.800000000000068	trials	2.0	854.236533	856.197266	861.067648	861.266845	853.562373	857.036732			1.0	1.0	0.0	3.0					
865.439	5.033999999999992	trials	2.0	867.186823	868.46922			866.468806	868.460673			1.0		0.0	2.0					
872.484	16.37399999999991	trials	2.0	880.442068	882.3744399999999	886.961362	887.284963	879.863076	886.048979	887.743	888.858	1.0	1.0	1.0	1.0					
891.883	20.230000000000018	trials	2.0	907.626276	909.093466	911.488251	912.116635	906.924676	909.978003			1.0	2.0	0.0	3.0					
914.787	24.497999999999934	trials	2.0	936.25857	937.2747899999999			935.3616959999999	937.271741			2.0		0.0	2.0					
941.298	7.940000000000055	trials	2.0	944.612166	946.378816			943.695556	946.901256			2.0		1.0	1.0					
951.67	13.158999999999992	trials	2.0	961.07686	962.208307			960.568474	962.743254			2.0		1.0	1.0					
967.289	12.57400000000007	trials	2.0	972.0671619999999	973.356414	977.870575	978.165363	971.072421	974.68393	978.528	979.863	1.0	1.0	1.0	1.0					
981.889	2040.4789999999998	BlockDesign														1.0	55.0	183.0	10.0	50.0
981.889	10.963999999999942	trials	3.0	988.861963	990.03901			988.2058079999999	990.636489			2.0		1.0	1.0					
997.478	24.730999999999995	trials	3.0	1015.552606	1017.253545	1021.847299	1022.1901419999999	1014.947997	1018.836237			1.0	1.0	0.0	3.0					
1026.198	5.699999999999818	trials	3.0	1028.467975	1028.613954			1027.779319	1028.60249			1.0		0.0	2.0					
1032.669	9.148999999999887	trials	3.0	1037.867323	1039.314166			1037.006902	1039.592467			2.0		1.0	1.0					
1044.384	7.588999999999942	trials	3.0	1047.798945	1049.649072			1046.973541	1049.884278			2.0		1.0	1.0					
1055.423	13.260999999999967	trials	3.0	1060.367371	1061.829031	1068.187459	1068.3861239999999	1059.394378	1064.428114			1.0	1.0	0.0	3.0					
1072.533	10.495000000000118	trials	3.0	1077.227782	1078.516678	1082.317504	1083.036267	1076.635483	1081.000573			1.0	1.0	0.0	3.0					
1085.798	9.875	trials	3.0	1088.447338	1089.604317	1093.8314579999999	1094.111962	1087.921906	1092.855772	1094.653	1095.673	1.0	1.0	1.0	1.0					
1099.738	19.794999999999845	trials	3.0	1113.8128629999999	1115.59494			1113.176497	1115.587272			2.0		0.0	2.0					
1120.654	4.703999999999951	trials	3.0	1122.502633	1123.70113	1125.03255	1125.252765	1119.538504	1124.047171			1.0	1.0	0.0	3.0					
1129.373	10.080999999999904	trials	3.0	1131.3314129999999	1133.050221	1136.579154	1136.813751	1130.667152	1135.532316			1.0	1.0	0.0	3.0					
1140.216	5.847000000000207	trials	3.0	1141.983268	1143.704262			1139.459503	1143.735166			2.0		1.0	1.0					
1148.558	11.75	trials	3.0	1152.992629	1154.070315	1158.257296	1158.705516	1152.314692	1156.538776	1159.063	1160.308	1.0	1.0	1.0	1.0					
1163.374	8.733999999999924	trials	3.0	1167.787656	1169.29428			1167.041072	1169.882109			2.0		1.0	1.0					
1175.615	24.567999999999984	trials	3.0	1194.424473	1196.294453	1198.142325	1198.574319	1193.426457	1196.81188			1.0	1.0	0.0	3.0					
1200.528	6.529999999999973	trials	3.0	1202.174701	1203.969939	1206.73869	1206.935541	1200.191497	1204.361821			1.0	1.0	0.0	3.0					
1211.068	17.735000000000127	trials	3.0	1221.283141	1222.933008	1228.466896	1228.558585	1220.685051	1227.02383			1.0	1.0	0.0	3.0					
1231.818	7.904999999999973	trials	3.0	1234.988047	1236.605067	1239.063777	1239.341518	1234.1214459999999	1237.378638			1.0	2.0	0.0	3.0					
1241.393	38.33999999999992	trials	3.0	1275.068596	1276.4099879999999	1279.318768	1279.742424	1274.342136	1277.630781			1.0	2.0	0.0	3.0					
1282.645	5.930000000000064	trials	3.0	1284.818613	1286.284586	1288.234152	1288.267818	1283.83123	1287.380103			1.0	1.0	0.0	3.0					
1290.57	4.893000000000029	trials	3.0	1292.443575	1293.835761	1295.061964	1295.35183	1291.872837	1294.238949			1.0	2.0	0.0	3.0					
1297.393	22.74000000000001	trials	3.0	1313.073601	1314.365854	1318.32449	1318.55629	1312.378365	1315.016722	1319.068	1320.133	1.0	2.0	1.0	1.0					
1324.158	17.40000000000009	trials	3.0	1334.3850419999999	1336.108536	1337.501143	1338.062334	1333.718586	1336.685325			1.0	1.0	0.0	3.0					
1341.838	3.951000000000022	trials	3.0	1343.418648	1343.78988			1341.565257	1343.779605			1.0		0.0	2.0					
1347.838	31.710000000000036	trials	3.0	1369.3191219999999	1371.026088	1377.58221	1378.081302	1368.619974	1372.904394	1378.383	1379.548	1.0	2.0	1.0	1.0					
1382.613	14.79099999999994	trials	3.0	1391.823664	1393.806138	1395.406165	1395.66457	1391.109327	1394.504889	1396.093	1397.404	1.0	2.0	1.0	1.0					
1399.419	23.68399999999997	trials	3.0	1416.815664	1418.105563	1422.699257	1423.109857	1416.085977	1421.2771			1.0	1.0	0.0	3.0					
1426.079	8.804000000000087	trials	3.0	1431.064188	1432.330384			1430.47254	1432.680885			2.0		1.0	1.0					
1439.423	8.36999999999989	trials	3.0	1443.590479	1445.646151	1447.425591	1447.799685	1443.039285	1446.356107			1.0	1.0	0.0	3.0					
1451.784	10.348999999999933	trials	3.0	1456.254091	1458.003804	1459.632752	1460.370735	1455.357	1458.619317	1460.374	1462.133	1.0	2.0	1.0	1.0					
1465.173	11.539999999999964	trials	3.0	1470.239518	1472.005027	1476.234459	1476.584926	1469.691734	1474.086184			1.0	1.0	0.0	3.0					
1478.563	11.890999999999849	trials	3.0	1484.524528	1485.776988	1488.402618	1488.884253	1483.880863	1487.550103	1489.173	1490.454	1.0	2.0	1.0	1.0					
1494.478	8.079999999999927	trials	3.0	1498.559463	1500.246055			1497.894667	1500.468874			2.0		1.0	1.0					
1506.033	16.055000000000064	trials	3.0	1512.340774	1514.415798	1520.355824	1520.584605	1511.422857	1515.593062			1.0	1.0	0.0	3.0					
1522.703	8.787000000000035	trials	3.0	1524.504027	1526.498505	1531.122118	1531.339144	1522.098042	1526.531094			1.0	1.0	0.0	3.0					
1533.503	6.310000000000173	trials	3.0	1536.149785	1537.880961	1539.493655	1539.688128	1535.529345	1538.420319			1.0	2.0	0.0	3.0					
1542.823	12.74499999999989	trials	3.0	1551.345159	1553.202243	1555.245472	1555.491081	1550.644398	1554.36898			1.0	2.0	0.0	3.0					
1558.579	8.25	trials	3.0	1563.054993	1564.826575			1562.527708	1564.823907			2.0		0.0	2.0					
1569.834	33.55899999999997	trials	3.0	1598.555188	1599.8874759999999	1601.536869	1601.949264	1597.629381	1600.748962	1602.213	1603.393	1.0	2.0	1.0	1.0					
1605.46	11.143000000000029	trials	3.0	1611.49476	1612.876678	1614.537603	1614.576718	1610.808145	1613.862128			2.0		0.0	4.0					
1619.613	9.779999999999973	trials	3.0	1622.360362	1624.25127	1629.018213	1629.40291	1621.846516	1625.984307			1.0	1.0	0.0	3.0					
1632.348	6.884999999999991	trials	3.0	1634.409705	1634.747178			1633.592145	1634.733472			1.0		0.0	2.0					
1640.753	15.384999999999991	trials	3.0	1642.959633	1644.790248	1654.023355	1654.593628	1642.0783059999999	1645.178662			1.0	1.0	0.0	3.0					
1656.4	6.657999999999902	trials	3.0	1658.025189	1659.9963539999999	1661.195934	1661.40877	1656.146472	1660.338027	1661.993	1663.058	1.0	2.0	1.0	1.0					
1665.166	14.322000000000116	trials	3.0	1674.51162	1676.15277	1677.63563	1677.772392	1673.745112	1676.847687	1678.414	1679.488	1.0	2.0	1.0	1.0					
1681.51	17.42800000000011	trials	3.0	1687.01179	1688.107137	1698.628876	1698.821926	1686.364123	1696.237758			1.0	1.0	0.0	3.0					
1702.948	17.569999999999936	trials	3.0	1716.705276	1718.312594			1715.702193	1718.309914			1.0		0.0	2.0					
1722.393	41.52999999999997	trials	3.0	1759.875466	1761.617008			1759.013015	1761.862774			2.0		1.0	1.0					
1767.489	16.79600000000005	trials	3.0	1776.940755	1778.379015	1779.743944	1780.1511639999999	1776.007321	1778.673417			2.0		0.0	4.0					
1785.818	5.360000000000127	trials	3.0	1787.427201	1788.393079	1790.991761	1791.18723	1784.29594	1788.388356			1.0		0.0	2.0					
1794.403	6.964999999999918	trials	3.0	1796.165509	1797.4569	1800.395923	1800.423507	1795.347849	1799.669274			1.0	2.0	0.0	3.0					
1804.743	11.763000000000147	trials	3.0	1811.351179	1812.408411	1815.769617	1816.518123	1810.538861	1814.900854			1.0	1.0	0.0	3.0					
1819.093	7.9909999999999854	trials	3.0	1820.665806	1821.912699	1824.047836	1824.734079	1820.076721	1822.639785			1.0	1.0	0.0	3.0					
1827.413	37.450000000000045	trials	3.0	1858.154394	1859.232759	1863.088909	1863.462031	1857.548931	1862.294631	1863.713	1864.863	1.0	2.0	1.0	1.0					
1867.886	9.882000000000062	trials	3.0	1871.842615	1873.8374019999999	1876.187508	1876.455163	1871.112	1875.208653	1876.993	1877.768	1.0	2.0	1.0	1.0					
1879.838	12.150000000000091	trials	3.0	1884.217477	1885.8163749999999	1889.516665	1889.8316829999999	1883.579103	1888.686478	1890.338	1891.988	1.0	2.0	1.0	1.0					
1895.051	13.317000000000007	trials	3.0	1905.32305	1906.712802	1908.058161	1908.273604	1904.416674	1907.271049			1.0	2.0	0.0	3.0					
1912.384	9.240000000000009	trials	3.0	1915.120907	1916.223427	1921.210552	1921.632937	1914.548647	1919.331444			1.0	1.0	0.0	3.0					
1924.539	5.25	trials	3.0	1927.026402	1927.791682			1926.104397	1927.785231			1.0		0.0	2.0					
1931.823	14.454999999999927	trials	3.0	1938.781641	1940.594677	1944.4421829999999	1944.5195429999999	1937.968452	1943.717209	1945.223	1946.278	1.0	2.0	1.0	1.0					
1949.303	9.436999999999898	trials	3.0	1952.726948	1954.029013	1956.692668	1957.049566	1952.146798	1955.710293			2.0		0.0	4.0					
1961.774	8.819000000000187	trials	3.0	1966.196638	1967.775126			1965.37275	1968.48709			2.0		1.0	1.0					
1974.063	15.839999999999918	trials	3.0	1983.986797	1985.283384	1988.066383	1988.271105	1983.0806049999999	1987.265508	1988.783	1989.903	1.0	2.0	1.0	1.0					
1991.923	8.569999999999936	trials	3.0	1995.831381	1997.734587			1994.976844	1997.95486	1999.678	2000.493	2.0		1.0	1.0					
2002.555	9.992999999999938	trials	3.0	2007.156955	2009.002938			2006.636398	2009.723438	2011.499	2012.548	2.0		1.0	1.0					
2016.633	27.409999999999854	trials	3.0	2019.001791	2020.6135	2042.065258	2042.288752	2018.388912	2021.829561	2042.749	2044.043	1.0	2.0	1.0	1.0					
2047.158	9.131000000000313	trials	3.0	2050.647346	2052.2270270000004			2049.6807040000003	2054.0309890000003			2.0		1.0	1.0					
2058.859	12.738000000000284	trials	3.0	2067.9723040000003	2069.423334	2071.2752280000004	2071.3840520000003	2066.9650490000004	2070.426601			1.0	2.0	0.0	3.0					
2073.599	14.53399999999965	trials	3.0	2083.4617240000002	2085.4182210000004	2087.1980970000004	2088.144858	2082.5155550000004	2086.089546			1.0	2.0	0.0	3.0					
2091.518	10.170000000000073	trials	3.0	2095.8438990000004	2097.008443	2101.304752	2101.6978980000004	2095.1427930000004	2100.2616890000004			1.0	1.0	0.0	3.0					
2103.673	7.610000000000127	trials	3.0	2106.983244	2108.378673	2109.636883	2109.704881	2106.018187	2108.862582	2110.323	2111.283	1.0	2.0	1.0	1.0					
2115.303	5.925000000000182	trials	3.0	2117.178808	2119.1358520000003	2120.7594190000004	2120.8115180000004	2116.5346480000003	2119.850064			1.0	2.0	0.0	3.0					
2123.093	16.829999999999927	trials	3.0	2126.90749	2128.6220700000003	2139.3693380000004	2139.397825	2126.2615050000004	2131.826292			1.0	1.0	0.0	3.0					
2143.733	36.25999999999976	trials	3.0	2176.002253	2177.687049			2175.1037170000004	2177.926393			2.0		1.0	1.0					
2182.475	12.653000000000247	trials	3.0	2187.10303	2188.9688380000002	2193.8184520000004	2194.0561460000004	2186.513049	2191.2343690000002			1.0	1.0	0.0	3.0					
2198.183	6.309999999999945	trials	3.0	2201.2873470000004	2201.614578	2204.4423070000003	2204.5036710000004	2200.588861	2201.6093800000003			1.0		0.0	2.0					
2207.675	9.712999999999738	trials	3.0	2210.273215	2211.2942500000004	2215.542303	2216.1992910000004	2209.7204650000003	2214.7648390000004			1.0	1.0	0.0	3.0					
2219.858	22.46499999999969	trials	3.0	2235.7679730000004	2237.580754	2241.7401120000004	2242.33444	2234.965548	2239.9316860000004			1.0	2.0	0.0	3.0					
2245.113	15.014000000000124	trials	3.0	2252.3377280000004	2253.7043110000004	2258.128897	2258.553111	2251.3337570000003	2256.4488880000004	2246.906	2260.127	1.0	1.0	1.0	1.0					
2263.174	16.108999999999924	trials	3.0	2267.422531	2268.5898700000002	2278.878298	2279.294222	2266.8800990000004	2270.6501770000004			1.0	1.0	0.0	3.0					
2281.228	11.194999999999709	trials	3.0	2285.167792	2286.474169	2290.5404620000004	2290.973625	2284.353787	2289.7227070000004	2291.218	2292.423	1.0	2.0	1.0	1.0					
2294.448	10.09100000000035	trials	3.0	2298.243159	2300.069911	2304.23385	2304.2917490000004	2297.624185	2303.3899760000004			1.0	2.0	0.0	3.0					
2306.553	18.184999999999945	trials	3.0	2310.028654	2311.84369	2322.774033	2323.27603	2309.5228140000004	2317.660072			1.0	1.0	0.0	3.0					
2325.103	7.549999999999727	trials	3.0	2326.79806	2328.7348	2330.6458810000004	2330.922793	2324.747734	2329.806058	2331.329	2332.653	1.0	2.0	1.0	1.0					
2335.719	10.458999999999833	trials	3.0	2340.023763	2341.865928	2343.945478	2344.2454070000003	2339.2385740000004	2342.9382250000003			1.0	1.0	0.0	3.0					
2346.308	4.505000000000109	trials	3.0	2348.10006	2348.815278			2346.1921380000003	2348.7977260000002			2.0		0.0	2.0					
2352.854	9.03500000000031	trials	3.0	2357.1986500000003	2358.6359230000003			2356.5856270000004	2359.7400030000003			2.0		1.0	1.0					
2364.418	9.330999999999676	trials	3.0	2367.908269	2369.339491	2373.3300310000004	2373.710802	2367.103125	2372.5312110000004			1.0	2.0	0.0	3.0					
2377.798	9.38000000000011	trials	3.0	2380.5334150000003	2382.016312	2386.778139	2387.1801640000003	2379.764635	2385.1830670000004			1.0	1.0	0.0	3.0					
2391.188	9.4699999999998	trials	3.0	2394.2290460000004	2395.689784	2398.92826	2399.0056430000004	2393.511363	2397.805776	2399.624	2400.658	1.0	2.0	1.0	1.0					
2404.723	7.90099999999984	trials	3.0	2406.719856	2408.6750880000004	2410.378203	2410.504461	2406.1527210000004	2409.496537	2410.973	2412.624	1.0	2.0	1.0	1.0					
2415.208	18.670000000000073	trials	3.0	2426.8834030000003	2428.1345260000003	2433.5654680000002	2433.7886150000004	2425.941718	2429.61142			1.0	1.0	0.0	3.0					
2436.888	9.485999999999876	trials	3.0	2439.0553210000003	2440.984941	2444.559217	2444.8151540000003	2438.1757900000002	2442.890472	2445.318	2446.374	1.0	2.0	1.0	1.0					
2450.435	5.568000000000211	trials	3.0	2452.3940500000003	2453.688333			2451.1418190000004	2453.9296860000004			2.0		1.0	1.0					
2460.503	21.3449999999998	trials	3.0	2477.9840470000004	2479.925091	2481.5352850000004	2481.8509240000003	2477.378188	2480.4033130000003			1.0	1.0	0.0	3.0					
2484.858	6.629999999999654	trials	3.0	2487.180703	2488.9203820000002			2486.659811	2489.209315			2.0		1.0	1.0					
2494.938	9.0949999999998	trials	3.0	2497.47496	2498.9059	2500.9176700000003	2501.140326	2496.945747	2499.9138110000004			1.0	1.0	0.0	3.0					
2505.241	4.588000000000193	trials	3.0	2507.194121	2507.7671090000003	2509.052337	2509.1406650000004	2504.0457290000004	2507.7584610000004			1.0		0.0	2.0					
2512.838	13.125	trials	3.0	2516.1940990000003	2518.080832	2523.960802	2524.6307380000003	2515.3460670000004	2522.4532120000003			1.0	1.0	0.0	3.0					
2526.288	8.175000000000182	trials	3.0	2530.828812	2531.575909	2534.065372	2534.1257440000004	2529.860301	2531.5669150000003			1.0		0.0	2.0					
2537.579	27.134000000000015	trials	3.0	2560.923681	2562.0768030000004	2564.401522	2564.564832	2560.125027	2563.655227			1.0	2.0	0.0	3.0					
2567.768	9.480999999999767	trials	3.0	2570.814874	2572.69423	2575.5018830000004	2575.553053	2569.881308	2573.611636	2576.323	2577.249	1.0	2.0	1.0	1.0					
2579.272	9.546000000000276	trials	3.0	2584.379151	2585.764939			2583.653898	2586.570772			2.0		1.0	1.0					
2593.347	20.478999999999814	trials	3.0	2610.279489	2611.326415			2609.5304520000004	2611.758972			2.0		1.0	1.0					
2616.374	11.09900000000016	trials	3.0	2620.2847420000003	2621.5956800000004	2627.123442	2627.4870010000004	2619.4605840000004	2625.7478260000003			1.0	2.0	0.0	3.0					
2630.454	10.868999999999687	trials	3.0	2635.1553540000004	2637.141517	2639.4354040000003	2639.700691	2634.5731640000004	2638.519678	2640.098	2641.323	1.0	2.0	1.0	1.0					
2644.339	21.740000000000236	trials	3.0	2662.020109	2663.5177620000004			2661.065458	2663.784337			2.0		1.0	1.0					
2670.593	5.530999999999949	trials	3.0	2672.7845110000003	2674.06743			2672.049022	2674.0579340000004			2.0		0.0	2.0					
2678.135	6.488999999999578	trials	3.0	2680.610074	2681.9614250000004	2684.3155840000004	2684.4380130000004	2679.7049410000004	2683.542123			1.0	2.0	0.0	3.0					
2687.633	17.375	trials	3.0	2698.66467	2700.3010980000004			2698.0876770000004	2701.108717	2703.053	2705.008	2.0		1.0	1.0					
2707.031	11.746999999999844	trials	3.0	2714.485098	2716.224309	2718.4589920000003	2718.7689750000004	2713.5948070000004	2717.4804080000004			1.0	1.0	0.0	3.0					
2720.808	18.534999999999854	trials	3.0	2734.8610580000004	2736.791455			2734.208548	2737.078632			2.0		1.0	1.0					
2741.878	10.31399999999985	trials	3.0	2746.1699320000002	2747.942148	2751.8221190000004	2752.187593	2745.6127600000004	2750.86362			1.0	1.0	0.0	3.0					
2754.162	8.346000000000004	trials	3.0	2757.8652970000003	2758.952013	2760.5611270000004	2761.0091140000004	2757.0937780000004	2759.74595	2761.368	2762.508	1.0	2.0	1.0	1.0					
2764.525	6.889000000000124	trials	3.0	2768.2253910000004	2769.8809	2771.093718	2771.16078	2767.50397	2770.2476210000004			1.0	2.0	0.0	3.0					
2775.431	39.483000000000175	trials	3.0	2791.275474	2792.367537	2814.6051310000003	2814.801813	2790.655381	2803.2571000000003			1.0	1.0	0.0	3.0					
2816.924	24.148999999999887	trials	3.0	2830.9720450000004	2832.112192	2838.3676400000004	2838.6359020000004	2830.091643	2833.217959			1.0	1.0	0.0	3.0					
2842.683	4.7710000000001855	trials	3.0	2844.335368	2845.457883	2846.648532	2846.8158460000004	2841.0862660000003	2845.4467040000004			1.0		0.0	2.0					
2851.509	7.219000000000051	trials	3.0	2853.37042	2854.871047	2856.933066	2857.20195	2852.007916	2856.097267	2857.658	2858.728	1.0	2.0	1.0	1.0					
2862.749	9.47400000000016	trials	3.0	2867.745745	2869.6764460000004	2871.912045	2872.034755	2867.041927	2870.6838570000004			1.0	2.0	0.0	3.0					
2875.243	36.38099999999986	trials	3.0	2905.924027	2906.942809	2909.877777	2910.2544820000003	2904.936103	2909.102769	2910.624	2911.624	1.0	2.0	1.0	1.0					
2914.648	11.424999999999727	trials	3.0	2919.8809250000004	2921.118109	2924.1812950000003	2924.265042	2919.343855	2923.252252	2924.943	2926.073	1.0	2.0	1.0	1.0					
2929.098	11.164999999999964	trials	3.0	2934.025986	2935.8983230000003	2938.3257460000004	2938.533241	2933.2253910000004	2937.402672	2938.968	2940.263	1.0	2.0	1.0	1.0					
2943.283	7.700000000000273	trials	3.0	2946.880548	2948.427712			2945.934091	2948.8696090000003			2.0		1.0	1.0					
2955.505	8.442999999999756	trials	3.0	2958.526573	2960.315661	2961.8495930000004	2962.1248750000004	2957.596825	2960.983384	2962.514	2963.948	1.0	2.0	1.0	1.0					
2967.758	22.301000000000386	trials	3.0	2970.165985	2972.1323620000003	2989.7500160000004	2989.909721	2969.3011760000004	2973.3341010000004			1.0	2.0	0.0	3.0					
2993.112	7.467000000000098	trials	3.0	2996.799534	2998.5831430000003			2996.2304740000004	2998.5803650000003			2.0		0.0	2.0					
3002.633	8.315000000000055	trials	3.0	3004.9262400000002	3006.273387	3009.147954	3009.394819	3004.2245350000003	3007.2483850000003	3009.823	3010.948	1.0	2.0	1.0	1.0					
3013.964	8.403999999999996	trials	3.0	3018.261054	3019.733373	3022.1263360000003	3022.3039360000002	3017.475733	3020.625871			1.0	2.0	0.0	3.0					
3025.492	358.35599999999977	BlockDesign														1.0	184.0	210.0	50.0	90.0
3025.492	9.326000000000022	trials	4.0	3028.6709210000004	3030.4701320000004	3034.445055	3034.8076960000003	3028.133017	3033.3798180000003			1.0	1.0	0.0	3.0					
3037.774	9.140000000000327	trials	4.0	3042.6431060000004	3044.338071			3042.030612	3044.6087180000004			2.0		1.0	1.0					
3049.413	8.519999999999982	trials	4.0	3053.466171	3055.436391			3052.6307140000004	3055.7107250000004			2.0		1.0	1.0					
3062.503	15.454999999999927	trials	4.0	3067.862989	3069.869673	3076.0284420000003	3076.5170150000004	3067.182787	3072.0821680000004	3076.838	3077.958	1.0	2.0	1.0	1.0					
3080.023	10.009999999999764	trials	4.0	3084.648	3086.633302	3088.204165	3088.3613520000004	3083.6918520000004	3087.3200760000004	3088.983	3090.033	1.0	2.0	1.0	1.0					
3092.118	8.934999999999945	trials	4.0	3096.2874220000003	3098.037201	3099.2991010000005	3099.352972	3095.751274	3098.5328470000004	3100.093	3101.053	1.0	2.0	1.0	1.0					
3104.123	8.590000000000146	trials	4.0	3106.8676100000002	3108.6991120000002	3110.8141490000003	3111.023583	3106.003884	3109.8504960000005	3111.478	3112.713	1.0	2.0	1.0	1.0					
3116.733	15.210000000000036	trials	4.0	3125.77309	3127.425513	3130.0880050000005	3130.1466430000005	3124.781969	3129.3010030000005	3130.789	3131.943	1.0	2.0	1.0	1.0					
3136.053	6.869999999999891	trials	4.0	3138.863118	3140.1009240000003			3138.1604420000003	3140.6828990000004			2.0		1.0	1.0					
3146.388	7.519999999999982	trials	4.0	3149.9735440000004	3151.3952560000002			3149.010537	3151.7422410000004			2.0		1.0	1.0					
3156.463	11.334999999999582	trials	4.0	3158.752663	3160.7612190000004			3158.201077	3162.8274180000003	3164.698	3167.798	2.0		1.0	1.0					
3170.523	5.766000000000076	trials	4.0	3172.848468	3174.0992410000003	3175.9588830000002	3176.204313	3172.2336090000003	3175.0349050000004			1.0	2.0	0.0	3.0					
3178.298	8.451000000000022	trials	4.0	3182.14933	3183.728109	3184.910917	3185.2305210000004	3181.2217390000005	3184.0806450000005	3185.738	3186.749	1.0	2.0	1.0	1.0					
3188.823	9.079999999999927	trials	4.0	3192.4085200000004	3193.8975020000003	3196.2364840000005	3196.4265100000002	3191.7723	3194.851474	3196.963	3197.903	1.0	2.0	1.0	1.0					
3201.97	7.288000000000011	trials	4.0	3204.2079360000002	3205.4936700000003	3208.9299750000005	3209.0191740000005	3203.5597780000003	3208.0220830000003			1.0	2.0	0.0	3.0					
3213.291	13.123000000000047	trials	4.0	3221.2529580000005	3222.5090740000005	3224.558739	3224.8058710000005	3220.685327	3223.564252	3225.243	3226.414	1.0	2.0	1.0	1.0					
3229.459	18.399000000000342	trials	4.0	3232.8231830000004	3234.1136870000005	3246.049648	3246.335566	3231.995905	3235.213149	3246.903	3247.858	1.0	2.0	1.0	1.0					
3250.923	16.61600000000044	trials	4.0	3262.5647320000003	3263.845693	3265.713361	3266.1209710000003	3261.9684100000004	3264.1986910000005	3266.503	3267.539	1.0	2.0	1.0	1.0					
3270.648	11.210000000000036	trials	4.0	3277.0238870000003	3278.743452	3279.802912	3280.2315580000004	3276.2916360000004	3279.034543	3280.673	3281.858	1.0	2.0	1.0	1.0					
3283.878	9.974999999999909	trials	4.0	3288.7288380000005	3290.6345140000003	3291.800122	3291.993789	3288.1230360000004	3290.9750730000005	3292.513	3293.853	1.0	2.0	1.0	1.0					
3295.899	16.414000000000215	trials	4.0	3303.3895530000004	3305.2987270000003			3302.6442150000003	3305.5711950000004			2.0		1.0	1.0					
3312.338	6.879999999999654	trials	4.0	3313.934133	3315.6267880000005	3317.286253	3317.5928980000003	3312.318486	3316.3079850000004	3318.138	3319.218	1.0	2.0	1.0	1.0					
3321.238	8.34100000000035	trials	4.0	3324.913723	3325.55227			3324.3606580000005	3325.546432			1.0		0.0	2.0					
3330.618	8.235000000000127	trials	4.0	3333.8547860000003	3335.8759330000003	3336.829626	3337.15347	3333.2800060000004	3335.8385370000005	3337.548	3338.853	1.0	2.0	1.0	1.0					
3342.868	12.320000000000164	trials	4.0	3350.7489130000004	3352.618813	3353.5191720000003	3353.5575900000003	3349.799351	3352.8473590000003	3354.198	3355.188	1.0	2.0	1.0	1.0					
3359.253	6.929999999999836	trials	4.0	3361.3893820000003	3362.6410050000004	3364.2290620000003	3364.4520580000003	3360.8241030000004	3363.0340060000003	3364.973	3366.183	1.0	2.0	1.0	1.0					
3368.204	15.643999999999778	trials	4.0	3373.059509	3374.4810150000003	3381.98014	3382.0610340000003	3372.3337020000004	3374.6470910000003	3382.753	3383.848	1.0	2.0	1.0	1.0					
3387.914	2825.0539999999996	BlockDesign														1.0	211.0	389.0	50.0	10.0
3387.914	6.618999999999687	trials	5.0	3391.5146050000003	3392.862959	3394.2139660000003	3394.293015	3390.5551480000004	3393.3138790000003			1.0	2.0	0.0	3.0					
3396.543	12.384999999999764	trials	5.0	3400.914051	3402.9919350000005	3408.5036020000002	3408.5197390000003	3400.102933	3403.510372			1.0	2.0	0.0	3.0					
3410.853	9.085000000000036	trials	5.0	3415.8192930000005	3417.221323	3419.230746	3419.9464510000003	3414.8411600000004	3417.918958			1.0	2.0	0.0	3.0					
3422.603	66.59000000000015	trials	5.0	3485.949614	3485.9616570000003			3485.06959	3485.955522			2.0		0.0	2.0					
3491.006	6.652000000000044	trials	5.0	3494.6996620000004	3495.601911			3493.698741	3495.5971240000003			1.0		0.0	2.0					
3499.668	78.3449999999998	trials	5.0	3573.8204750000004	3574.787166	3577.9735720000003	3578.021881	3572.9636720000003	3574.779805			1.0		0.0	2.0					
3580.798	9.690000000000055	trials	5.0	3586.6247330000006	3587.9815230000004			3585.842791	3588.2853360000004			2.0		1.0	1.0					
3595.063	5.775000000000091	trials	5.0	3596.841592	3598.581007			3595.3719690000003	3598.7949100000005			2.0		1.0	1.0					
3603.348	9.760000000000218	trials	5.0	3608.301453	3610.246614	3612.7759210000004	3613.113424	3607.6754100000003	3611.5471060000004			1.0	1.0	0.0	3.0					
3617.15	6.063999999999851	trials	5.0	3619.676746	3621.2164780000003			3619.1601120000005	3621.2053240000005			1.0		0.0	2.0					
3626.225	5.097999999999956	trials	5.0	3628.5405250000003	3629.3217630000004			3626.371336	3629.312484			1.0		0.0	2.0					
3635.338	8.740999999999985	trials	5.0	3640.9148910000004	3642.0188720000006	3643.644252	3644.0890950000003	3640.2550650000003	3642.8483370000004			1.0	2.0	0.0	3.0					
3645.968	30.095000000000255	trials	5.0	3672.0608920000004	3673.9823400000005	3675.7387270000004	3675.996223	3671.455374	3674.9038060000003			1.0	2.0	0.0	3.0					
3678.12	34.169000000000324	trials	5.0	3707.370452	3708.4784980000004	3710.2812950000002	3710.3580790000005	3706.7829650000003	3709.4937360000004			1.0	2.0	0.0	3.0					
3713.608	23.154999999999745	trials	5.0	3733.88718	3734.7574080000004			3732.8823150000003	3734.754339			1.0		0.0	2.0					
3739.758	4.510000000000218	trials	5.0	3742.0755090000002	3742.207921			3739.851619	3742.1985190000005			1.0		0.0	2.0					
3747.308	22.73999999999978	trials	5.0	3765.7509080000004	3767.179152			3764.9158390000002	3767.7667030000002	3769.708	3769.971	2.0		1.0	1.0					
3772.499	20.455000000000382	trials	5.0	3789.461192	3790.957808			3788.5078000000003	3790.946377			2.0		0.0	2.0					
3794.963	7.5949999999998	trials	5.0	3797.2313630000003	3798.7523470000006	3801.8710330000004	3802.017298	3796.464925	3801.0336960000004			1.0	2.0	0.0	3.0					
3804.193	7.274999999999636	trials	5.0	3806.651126	3808.3181170000003	3811.1056110000004	3811.4766630000004	3805.969582	3810.0464850000003			1.0	1.0	0.0	3.0					
3815.42	18.29300000000012	trials	5.0	3818.5164600000003	3819.6090140000006	3831.7312440000005	3832.1201130000004	3817.5612210000004	3820.176096	3832.478	3833.713	1.0	1.0	1.0	1.0					
3836.738	9.370000000000346	trials	5.0	3841.777132	3843.832644			3841.1923800000004	3844.0598560000003			2.0		1.0	1.0					
3849.718	13.805000000000291	trials	5.0	3857.0128990000003	3858.54853	3861.4867590000003	3861.7722150000004	3856.0094560000002	3860.5071000000003	3862.233	3863.523	1.0	1.0	1.0	1.0					
3867.593	57.25500000000011	trials	5.0	3921.5718460000003	3923.4295110000003	3924.5401180000003	3924.8469020000002	3920.680017	3923.699047			1.0	2.0	0.0	3.0					
3927.858	11.21499999999969	trials	5.0	3932.2513390000004	3933.4181820000003	3937.138186	3937.57497	3931.425274	3935.5874160000003			1.0	1.0	0.0	3.0					
3941.463	13.519999999999982	trials	5.0	3949.2963660000005	3951.2932120000005	3953.243522	3953.6580630000003	3948.626005	3951.851563	3953.958	3954.983	1.0	2.0	1.0	1.0					
3957.073	16.235000000000127	trials	5.0	3964.902007	3966.1340050000003	3972.9961200000002	3973.26141	3964.0551200000004	3967.6907870000005			1.0	2.0	0.0	3.0					
3977.323	5.829999999999927	trials	5.0	3980.41885	3981.5857210000004	3982.8420160000005	3983.0280700000003	3979.455097	3982.1102410000003			1.0	2.0	0.0	3.0					
3985.208	8.9699999999998	trials	5.0	3988.5669540000004	3989.953582	3992.4292630000004	3992.7884280000003	3987.9025610000003	3991.5575020000006	3993.093	3994.178	1.0	2.0	1.0	1.0					
3996.198	13.690000000000055	trials	5.0	4005.928444	4007.043337	4009.5650880000003	4009.8551770000004	4005.087221	4008.5101810000006			1.0	2.0	0.0	3.0					
4011.898	9.884999999999764	trials	5.0	4015.7070550000003	4016.9230690000004	4019.850448	4020.196691	4015.1877430000004	4018.761159	4020.598	4021.783	1.0	1.0	1.0	1.0					
4023.803	14.704999999999927	trials	5.0	4029.818145	4031.763777	4034.542359	4034.5831300000004	4029.3006590000005	4032.7767160000003			1.0	1.0	0.0	3.0					
4038.868	6.550000000000182	trials	5.0	4040.5671460000003	4042.0241590000005	4045.1101350000004	4045.4297560000005	4038.5179110000004	4042.467783			1.0	1.0	0.0	3.0					
4049.428	5.651000000000295	trials	5.0	4051.4070130000005	4052.7792640000002			4050.415213	4052.839323			2.0		1.0	1.0					
4059.613	7.850000000000364	trials	5.0	4063.8523510000005	4064.9391090000004	4067.147577	4067.4619060000005	4063.109926	4065.8433090000003			1.0	1.0	0.0	3.0					
4070.468	6.390000000000327	trials	5.0	4073.7569710000002	4074.7990150000005			4072.778928	4074.79642			1.0		0.0	2.0					
4079.914	13.88399999999956	trials	5.0	4082.8926790000005	4084.1832090000003	4091.628748	4091.8268430000003	4082.040828	4088.9805100000003	4092.458	4093.798	1.0	1.0	1.0	1.0					
4095.818	9.25500000000011	trials	5.0	4101.223322	4102.312726			4100.41388	4102.842808			2.0		1.0	1.0					
4108.608	6.380999999999403	trials	5.0	4111.219087	4112.449518	4114.6302860000005	4114.997947	4110.543985	4113.579171			1.0	2.0	0.0	3.0					
4116.948	13.630999999999403	trials	5.0	4122.05392	4123.801822	4128.545910000001	4128.8805600000005	4121.2640790000005	4124.635309	4129.358	4130.579	1.0	1.0	1.0	1.0					
4132.598	18.8100000000004	trials	5.0	4145.182939	4147.064541	4149.256047000001	4149.714865	4144.417327	4147.4120410000005	4150.008	4151.408	1.0	1.0	1.0	1.0					
4155.431	9.347000000000662	trials	5.0	4159.8628420000005	4161.778333	4164.4582120000005	4164.754387	4158.926599	4163.220328			1.0	2.0	0.0	3.0					
4167.788	6.770000000000437	trials	5.0	4170.889288	4171.934706	4173.972144	4174.417861	4169.930244	4173.098083000001			1.0	2.0	0.0	3.0					
4177.323	20.829999999999927	trials	5.0	4191.372514000001	4192.975522000001	4195.456503	4198.164685	4190.575272	4194.653947000001			1.0	2.0	0.0	3.0					
4198.834	76.56900000000041	trials	5.0	4270.958167000001	4272.593818			4270.305722	4273.173664			2.0		1.0	1.0					
4278.863	11.729999999999563	trials	5.0	4281.853606000001	4283.581083			4280.950845	4283.856529000001			2.0		1.0	1.0					
4290.655	8.552999999999884	trials	5.0	4292.484159000001	4294.363679	4297.126508	4297.457698	4290.603325	4295.128068	4297.773	4299.208	1.0	1.0	1.0	1.0					
4303.271	9.542000000000371	trials	5.0	4307.923008	4309.1998220000005	4312.498123	4312.6761240000005	4307.28919	4310.649874000001			1.0	1.0	0.0	3.0					
4315.823	6.255999999999403	trials	5.0	4318.279564	4320.293413	4321.775442	4322.011182	4317.500895	4320.777733000001			1.0	2.0	0.0	3.0					
4326.088	5.635000000000218	trials	5.0	4328.288482	4329.696535	4331.418211	4331.702038	4327.416691	4330.473502000001			1.0	2.0	0.0	3.0					
4334.773	6.8400000000001455	trials	5.0	4337.458235	4339.084876000001			4336.7581390000005	4339.325403000001	4341.113	4341.613	2.0		1.0	1.0					
4343.662	8.021999999999935	trials	5.0	4347.628276	4349.124958			4346.663246	4349.428279			2.0		1.0	1.0					
4354.243	34.40399999999954	trials	5.0	4385.0154680000005	4386.391258000001			4384.433901	4386.519228			2.0		1.0	1.0					
4391.229	10.203999999999724	trials	5.0	4393.158556	4395.106765	4399.291387	4399.612434000001	4392.626515	4398.380607	4399.908	4401.433	1.0	1.0	1.0	1.0					
4404.468	9.015000000000327	trials	5.0	4409.353941	4410.7906140000005	4412.908456	4413.498367	4408.610938	4411.773234			1.0	2.0	0.0	3.0					
4416.228	9.164999999999964	trials	5.0	4418.970372	4420.256706	4423.369903000001	4423.7088810000005	4418.189935	4422.479004000001	4424.204	4425.393	1.0	1.0	1.0	1.0					
4429.414	8.114000000000487	trials	5.0	4432.434588	4434.109353	4435.900465000001	4435.985073	4431.468648	4434.459108	4436.648	4437.528	1.0	2.0	1.0	1.0					
4439.588	16.18000000000029	trials	5.0	4447.618995000001	4449.459804			4446.794427000001	4449.682419000001			2.0		1.0	1.0					
4456.289	6.28400000000056	trials	5.0	4457.868820000001	4459.493181	4460.393791	4460.634742	4455.782955000001	4459.426909	4461.133	4462.573	1.0	1.0	1.0	1.0					
4466.648	5.4520000000002256	trials	5.0	4468.463686	4469.670508	4471.793955	4472.084861	4467.914719	4470.808784000001			1.0	2.0	0.0	3.0					
4476.118	30.824999999999818	trials	5.0	4486.684795	4488.788764000001	4504.685138000001	4505.171391	4486.006228	4489.738639			1.0	1.0	0.0	3.0					
4507.963	5.454999999999927	trials	5.0	4509.769617	4511.304925	4513.108153	4513.288396	4506.9578010000005	4511.420223			1.0	1.0	0.0	3.0					
4517.428	11.855000000000473	trials	5.0	4524.349563	4525.500814	4528.574320000001	4528.674681	4523.618701	4527.151435			1.0	2.0	0.0	3.0					
4531.898	15.975999999999658	trials	5.0	4544.459326	4545.816837	4546.711165000001	4546.731342	4543.540776	4545.812505			1.0		0.0	2.0					
4550.888	9.5	trials	5.0	4555.134518000001	4556.310185	4558.407213	4558.654784	4554.213297	4557.487182000001	4559.164	4560.388	1.0	1.0	1.0	1.0					
4564.438	9.170000000000073	trials	5.0	4567.6545750000005	4568.936463	4571.637997	4571.885021	4566.814029	4570.4975970000005	4572.249	4573.608	1.0	1.0	1.0	1.0					
4575.633	9.820999999999913	trials	5.0	4579.884261	4581.071525	4585.046334000001	4585.286421000001	4579.337574	4584.215925			1.0	2.0	0.0	3.0					
4587.458	6.610000000000582	trials	5.0	4590.181483	4591.566759			4589.484505	4591.861315			2.0		1.0	1.0					
4597.644	7.394999999999527	trials	5.0	4599.410023	4601.28142	4602.946173	4603.210189	4598.089400000001	4601.913794	4603.914	4605.039	1.0	1.0	1.0	1.0					
4609.073	5.585000000000036	trials	5.0	4611.079468	4612.708342	4614.336819	4614.489283000001	4610.407974	4613.349655			1.0	2.0	0.0	3.0					
4617.694	17.363999999999578	trials	5.0	4626.40999	4628.2186950000005	4632.984353	4633.269489	4625.74158	4628.997724000001	4633.778	4635.058	1.0	1.0	1.0	1.0					
4638.128	12.640000000000327	trials	5.0	4640.619706	4642.305334000001	4643.913174	4644.112258	4640.06236	4642.961733	4644.558	4650.768	1.0	1.0	1.0	1.0					
4654.783	6.145999999999731	trials	5.0	4656.641496	4658.643301			4656.117550000001	4658.91208			2.0		1.0	1.0					
4663.503	11.100000000000364	trials	5.0	4665.59685	4666.787608000001	4672.753633	4672.937415	4665.018312	4669.757689	4673.579	4674.603	1.0	1.0	1.0	1.0					
4676.628	7.475000000000364	trials	5.0	4680.325234	4682.171392	4683.808449	4683.940783	4679.80306	4682.720752			1.0	2.0	0.0	3.0					
4686.133	12.340000000000146	trials	5.0	4693.95175	4695.227115000001	4698.157351	4698.425496	4693.2330010000005	4697.094352			1.0	1.0	0.0	3.0					
4700.483	6.104999999999563	trials	5.0	4702.740016	4703.836465			4702.224198	4704.556228			2.0		1.0	1.0					
4710.153	7.899999999999636	trials	5.0	4713.715186	4715.496841			4712.738062	4715.996821000001			2.0		1.0	1.0					
4722.618	5.875	trials	5.0	4724.285305	4725.903181000001			4723.040272	4726.274391000001			2.0		1.0	1.0					
4732.918	7.225000000000364	trials	5.0	4734.825471	4735.942981	4737.574518	4737.888247000001	4734.01601	4736.670497	4738.278	4740.143	1.0	1.0	1.0	1.0					
4741.993	9.295999999999367	trials	5.0	4746.520956	4747.97739	4750.775863000001	4751.301882	4745.870974	4749.530017			1.0	1.0	0.0	3.0					
4755.138	9.065999999999804	trials	5.0	4761.025887	4762.207063			4760.2257580000005	4762.197787			1.0		0.0	2.0					
4766.209	5.583999999999833	trials	5.0	4768.145772	4770.040282	4771.367295	4771.808226	4767.094204	4770.597121000001			1.0	2.0	0.0	3.0					
4774.688	10.989999999999782	trials	5.0	4780.045333	4781.091823000001	4783.824636	4784.070339	4779.054249000001	4781.867937	4784.503	4785.678	1.0	1.0	1.0	1.0					
4789.74	17.668000000000575	trials	5.0	4803.085519	4805.090985000001			4802.411958000001	4805.0975880000005			2.0		1.0	1.0					
4810.908	6.239999999999782	trials	5.0	4812.535524000001	4814.132782000001	4816.842907	4817.1402960000005	4811.810236	4815.903376			1.0	1.0	0.0	3.0					
4821.2	5.523000000000138	trials	5.0	4822.990699	4824.72799			4822.171207	4824.716401000001			2.0		0.0	2.0					
4828.778	6.604999999999563	trials	5.0	4830.590589	4832.572408			4829.512929	4833.202743			2.0		1.0	1.0					
4837.898	7.324999999999818	trials	5.0	4841.741122	4843.342131	4844.912361000001	4845.139528000001	4840.937479	4844.015442			1.0	1.0	0.0	3.0					
4847.233	9.224999999999454	trials	5.0	4852.260478	4853.910115000001			4851.7448380000005	4854.388827000001			2.0		1.0	1.0					
4859.993	6.9399999999996	trials	5.0	4861.91065	4863.042469	4864.959108	4865.36529	4860.384688	4863.202513	4865.708	4866.933	1.0	1.0	1.0	1.0					
4869.978	12.470000000000255	trials	5.0	4873.53582	4875.157548	4880.478871	4880.732127	4872.548464	4879.35138	4881.253	4882.448	1.0	1.0	1.0	1.0					
4886.506	20.70600000000013	trials	5.0	4903.826050000001	4905.172942	4906.246354000001	4906.406841	4902.957189000001	4905.165897000001			1.0		0.0	2.0					
4909.223	9.38000000000011	trials	5.0	4915.6962490000005	4916.55933			4914.780628	4916.557023			1.0		0.0	2.0					
4920.613	7.514999999999418	trials	5.0	4924.472442	4925.747745000001	4927.824594000001	4928.037046	4923.56596	4926.629178			1.0	2.0	0.0	3.0					
4932.138	12.329999999999927	trials	5.0	4939.816555	4941.204078000001	4944.1476490000005	4944.483975	4939.179754000001	4942.377205000001			1.0	1.0	0.0	3.0					
4947.493	15.680999999999585	trials	5.0	4959.441648	4960.675485			4958.6681260000005	4960.989025000001			2.0		1.0	1.0					
4966.704	7.787000000000262	trials	5.0	4970.932719	4972.565706	4974.176091	4974.504979	4970.033114	4973.275237			1.0	2.0	0.0	3.0					
4977.493	6.079999999999927	trials	5.0	4979.5265580000005	4981.339518000001	4983.211450000001	4983.588577	4978.983163000001	4982.283834			1.0	1.0	0.0	3.0					
4986.564	13.85399999999936	trials	5.0	4990.756494	4992.038889	4998.330795	4998.888555	4990.082274	4992.641244	4999.173	5000.418	1.0	1.0	1.0	1.0					
5002.438	8.680000000000291	trials	5.0	5007.292618	5008.42246	5010.814319	5011.054338	5006.712321	5009.636725			1.0	1.0	0.0	3.0					
5014.133	9.74499999999989	trials	5.0	5019.118569	5020.357009	5022.769341	5023.219557	5018.359789	5020.967436000001			1.0	2.0	1.0	1.0					
5026.329	12.34900000000016	trials	5.0	5035.316650000001	5037.197121	5038.371024	5038.548721	5034.3349800000005	5037.599289			1.0	2.0	0.0	3.0					
5042.688	6.350999999999658	trials	5.0	5045.3618050000005	5046.663243	5048.726914000001	5048.786268	5044.6371070000005	5047.291153			1.0	1.0	0.0	3.0					
5052.093	8.720000000000255	trials	5.0	5056.961464	5058.156795000001	5060.503282000001	5060.739625	5056.207314	5059.209171			1.0	1.0	0.0	3.0					
5063.838	11.195000000000618	trials	5.0	5066.06736	5067.706933			5065.412007000001	5068.550272			2.0		1.0	1.0					
5075.27	5.962999999999738	trials	5.0	5077.2868960000005	5077.649055			5075.0471290000005	5077.643164			1.0		0.0	2.0					
5081.713	12.240999999999985	trials	5.0	5090.118418	5091.737878	5093.640514000001	5093.943364000001	5089.5227620000005	5092.799742			1.0	2.0	0.0	3.0					
5097.96	6.932999999999993	trials	5.0	5100.223215	5102.108719	5104.519266	5104.910062000001	5099.324761	5103.564297000001			1.0	1.0	0.0	3.0					
5106.873	16.876000000000204	trials	5.0	5121.027027	5121.758961			5120.116954	5121.748662			1.0		0.0	2.0					
5127.758	45.914999999999964	trials	5.0	5168.832130000001	5170.198977	5173.364423000001	5173.659193	5168.169355	5170.834792			1.0	1.0	0.0	3.0					
5175.686	4.427000000000589	trials	5.0	5177.322427000001	5178.1212080000005			5176.295923	5178.114015			1.0		0.0	2.0					
5182.123	14.581000000000131	trials	5.0	5192.8490090000005	5194.710286			5191.860931	5194.70642			2.0		0.0	2.0					
5199.758	9.00500000000011	trials	5.0	5202.508221	5203.997475	5206.605112	5207.008674000001	5201.970564	5205.683718	5207.374	5208.763	1.0	1.0	1.0	1.0					
5210.818	8.104999999999563	trials	5.0	5215.028096	5216.754206	5218.614417000001	5218.813451	5214.340604000001	5217.160756			1.0	1.0	0.0	3.0					
5221.933	7.515000000000327	trials	5.0	5223.66754	5224.859786000001			5223.090862000001	5224.855525000001			2.0		0.0	2.0					
5229.908	30.549999999999272	trials	5.0	5256.992944	5258.4552300000005	5260.021735	5260.4759380000005	5256.113394	5259.365530000001			1.0	2.0	0.0	3.0					
5263.338	6.895000000000437	trials	5.0	5266.023034	5267.98354			5265.117166	5268.235862			2.0		1.0	1.0					
5272.758	7.005000000000109	trials	5.0	5276.912776	5277.935958	5279.450742000001	5279.713732	5275.985026	5278.577905			1.0	1.0	0.0	3.0					
5281.778	15.010999999999513	trials	5.0	5292.908502	5294.213451	5296.465784	5296.794868000001	5292.200803	5295.592515			1.0	2.0	0.0	3.0					
5300.8	25.45799999999963	trials	5.0	5323.188064	5324.656267	5325.867387	5325.928484	5322.474616	5325.214674000001			1.0	2.0	0.0	3.0					
5330.193	8.340000000000146	trials	5.0	5333.033017	5334.183164	5336.322759000001	5336.834815	5332.12808	5335.053907	5337.068	5338.533	1.0	1.0	1.0	1.0					
5341.603	8.694999999999709	trials	5.0	5345.512576	5347.483972	5348.686929	5348.768274	5344.99303	5347.884112	5349.414	5350.298	1.0	2.0	1.0	1.0					
5353.364	9.050000000000182	trials	5.0	5356.1329940000005	5357.9548620000005	5360.384494	5360.676649000001	5355.454852000001	5359.470378	5361.028	5362.414	1.0	1.0	1.0	1.0					
5364.433	7.449999999999818	trials	5.0	5368.258965000001	5369.389521000001			5367.291988000001	5369.735373			2.0		1.0	1.0					
5374.5	23.342999999999847	trials	5.0	5391.958081000001	5393.544719			5390.996878	5393.820479	5395.818	5397.843	2.0		1.0	1.0					
5401.897	8.516999999999825	trials	5.0	5404.903501000001	5406.317207	5408.416879	5408.702045	5403.961288	5407.21366	5409.133	5410.414	1.0	1.0	1.0	1.0					
5414.433	12.829999999999927	trials	5.0	5418.468358	5419.957984000001	5426.942311000001	5427.270057	5417.67795	5421.101028000001			1.0	1.0	0.0	3.0					
5430.303	4.9099999999998545	trials	5.0	5432.27872	5434.089645	5434.910755000001	5435.016173	5430.3250610000005	5434.186602			1.0	2.0	0.0	3.0					
5439.223	4.927999999999884	trials	5.0	5440.887889	5442.040213	5443.776970000001	5444.130943	5439.7118550000005	5442.535465000001			1.0	2.0	0.0	3.0					
5447.093	12.74499999999989	trials	5.0	5449.588471000001	5450.605528	5457.664773	5458.0094770000005	5448.881789000001	5453.375464000001	5458.403	5459.838	1.0	1.0	1.0	1.0					
5462.895	6.972999999999956	trials	5.0	5465.713392	5467.324731000001			5465.2015870000005	5467.591798			2.0		1.0	1.0					
5472.398	7.791999999999462	trials	5.0	5476.548169	5477.713855	5479.884945	5480.070718000001	5475.87025	5478.996489			1.0	1.0	0.0	3.0					
5484.204	12.67200000000048	trials	5.0	5492.928330000001	5494.39681	5496.177385000001	5496.889786	5492.287117	5495.247437			1.0	2.0	0.0	3.0					
5498.498	43.850000000000364	trials	5.0	5538.859347	5540.340387	5541.931281	5542.366084	5538.137965	5540.874058			1.0	2.0	0.0	3.0					
5546.263	9.074999999999818	trials	5.0	5551.314262	5552.838761000001			5550.571428	5553.1732950000005			2.0		1.0	1.0					
5557.908	17.469999999999345	trials	5.0	5570.520277	5571.411241			5569.797132	5571.402908			2.0		0.0	2.0					
5576.508	6.429000000000087	trials	5.0	5578.645498	5580.325831			5575.395497	5580.584407			2.0		1.0	1.0					
5585.338	10.345000000000255	trials	5.0	5588.632662	5589.743941000001	5591.457886	5591.7585500000005	5587.9025440000005	5590.458652			1.0	1.0	0.0	3.0					
5595.823	4.769999999999527	trials	5.0	5597.503816	5598.546072			5595.700657	5598.540697			1.0		0.0	2.0					
5604.644	4.604999999999563	trials	5.0	5606.409418	5607.915969	5608.902085	5609.2223730000005	5604.983038	5607.936756000001			1.0	2.0	0.0	3.0					
5612.208	9.206000000000131	trials	5.0	5617.400372	5619.496108	5621.099125000001	5621.34136	5616.7142380000005	5619.964645			1.0	2.0	0.0	3.0					
5624.428	9.320999999999913	trials	5.0	5630.145699000001	5631.712931	5633.443227	5633.6795600000005	5629.522138	5632.651659			1.0	2.0	0.0	3.0					
5636.808	8.840000000000146	trials	5.0	5640.009072000001	5640.25627			5639.159243	5640.2509900000005			1.0		0.0	2.0					
5646.298	16.845000000000255	trials	5.0	5660.504101	5661.5714530000005	5662.757085	5663.161896	5659.722735	5662.092832			1.0	2.0	0.0	3.0					
5665.108	32.349999999999454	trials	5.0	5693.544583000001	5694.773932	5695.813234	5696.2200330000005	5693.009011	5695.1519020000005	5696.648	5697.458	1.0	2.0	1.0	1.0					
5699.478	9.015000000000327	trials	5.0	5704.889496	5706.922597000001	5708.183347	5708.497399	5704.026582	5707.341067			1.0	2.0	0.0	3.0					
5710.509	6.988999999999578	trials	5.0	5713.509372	5714.8988420000005	5717.197298000001	5717.4975460000005	5712.6327440000005	5715.935788000001			1.0	1.0	0.0	3.0					
5719.539	11.817000000000007	trials	5.0	5723.820033	5725.728108	5730.965065	5731.258213	5722.991728000001	5726.395723			1.0	2.0	0.0	3.0					
5734.283	13.795999999999367	trials	5.0	5744.660034	5746.411615000001	5747.6955	5748.095164	5743.878021	5746.804882			1.0	1.0	0.0	3.0					
5751.062	7.351999999999862	trials	5.0	5755.790275	5756.911669	5757.931452000001	5758.434748	5754.967439	5757.19837			1.0	2.0	0.0	3.0					
5760.243	49.469999999999345	trials	5.0	5805.835225000001	5807.465459000001			5805.265054	5807.661148			2.0		1.0	1.0					
5814.254	7.871000000000095	trials	5.0	5816.964787000001	5818.92661	5821.821919	5822.142264	5816.437263	5821.019340000001			1.0	1.0	0.0	3.0					
5825.128	6.280000000000655	trials	5.0	5827.2853430000005	5828.863924			5826.5951270000005	5829.265394			2.0		1.0	1.0					
5835.874	23.15400000000045	trials	5.0	5838.250269	5839.876894000001	5841.9568930000005	5842.200877	5837.472847000001	5840.423631	5842.664	5859.028	1.0	1.0	1.0	1.0					
5862.868	11.644999999999527	trials	5.0	5871.640273000001	5872.8485820000005	5874.2120270000005	5874.50485	5870.998843	5873.463168			1.0	2.0	0.0	3.0					
5877.523	8.319999999999709	trials	5.0	5881.965802000001	5883.2973010000005			5881.008157	5883.759873000001			2.0		1.0	1.0					
5890.392	6.195999999999913	trials	5.0	5892.450891	5893.872607	5896.230777000001	5896.609792	5891.653066000001	5895.286531			1.0	1.0	0.0	3.0					
5898.573	11.639999999999418	trials	5.0	5905.210763000001	5906.727396	5908.228084	5908.664455	5904.656919000001	5907.557893	5908.993	5910.213	1.0	1.0	1.0	1.0					
5912.238	22.48999999999978	trials	5.0	5930.6475310000005	5932.30963	5934.422613000001	5934.740250000001	5929.939200000001	5933.412850000001			1.0	2.0	0.0	3.0					
5936.733	15.140999999999622	trials	5.0	5947.9657050000005	5949.7721440000005	5951.320678	5951.89617	5947.198438	5950.242287000001			1.0	1.0	0.0	3.0					
5955.673	4.565000000000509	trials	5.0	5957.647414000001	5958.189335000001	5959.892844	5959.985544	5955.80266	5958.183079			2.0		0.0	2.0					
5964.249	10.944000000000415	trials	5.0	5970.8616950000005	5972.442232			5969.99344	5973.1083690000005			2.0		1.0	1.0					
5978.708	12.260000000000218	trials	5.0	5986.926006	5988.621505	5990.636215	5990.988310000001	5986.20124	5989.574435			1.0	1.0	0.0	3.0					
5992.951	7.931999999999789	trials	5.0	5995.8357750000005	5996.979160000001	6000.580275	6000.869077	5994.89748	5997.661738000001			1.0	2.0	0.0	3.0					
6003.888	15.364999999999782	trials	5.0	6013.687924	6014.992825	6017.238327000001	6017.6880550000005	6012.991184	6016.237503	6018.018	6019.253	1.0	1.0	1.0	1.0					
6021.295	12.372999999999593	trials	5.0	6028.147753	6029.537644	6031.686433000001	6031.904988	6027.257403	6030.734425000001	6032.488	6033.668	1.0	1.0	1.0	1.0					
6036.69	12.093000000000757	trials	5.0	6042.121801	6043.3794720000005	6046.790077	6046.998103	6041.419527	6045.775672	6047.533	6048.783	1.0	1.0	1.0	1.0					
6051.848	17.9350000000004	trials	5.0	6056.036403	6057.435769	6067.574506000001	6067.857226	6055.382406000001	6058.048588	6068.289	6069.783	1.0	1.0	1.0	1.0					
6071.803	16.300000000000182	trials	5.0	6081.026814000001	6082.848208	6087.796781000001	6087.865786	6080.02824	6083.490788			1.0	1.0	0.0	3.0					
6091.158	6.5649999999996	trials	5.0	6094.0718400000005	6095.847837	6097.415481	6097.551612	6093.265909	6096.344535			1.0	2.0	0.0	3.0					
6101.733	7.085000000000036	trials	5.0	6103.742826	6104.9363730000005	6106.434742	6106.733731	6102.011872000001	6105.438375	6107.183	6108.818	1.0	1.0	1.0	1.0					
6110.907	9.52099999999973	trials	5.0	6115.82727	6117.843322000001			6115.228182000001	6118.167544			2.0		1.0	1.0					
6122.948	10.045000000000073	trials	5.0	6129.138368000001	6130.682074			6128.172552000001	6130.924853			2.0		1.0	1.0					
6137.463	14.201000000000022	trials	5.0	6147.493	6148.8213590000005	6151.341112000001	6151.6325990000005	6146.959328000001	6150.506639000001			1.0	1.0	0.0	3.0					
6155.674	7.373999999999796	trials	5.0	6159.063386000001	6160.394954	6162.7252960000005	6162.945555	6158.075662	6161.776798000001			1.0	1.0	0.0	3.0					
6165.058	14.569999999999709	trials	5.0	6169.558639000001	6170.718868000001	6179.188586	6179.632672000001	6168.559114000001	6172.062322000001			1.0	1.0	0.0	3.0					
6183.537	8.876999999999498	trials	5.0	6185.328556	6187.066095000001			6184.188213	6187.05367			1.0		0.0	2.0					
6193.093	19.875	trials	5.0	6208.754927000001	6210.040208	6212.900512000001	6213.231171	6207.757889	6211.994312000001			1.0	1.0	0.0	3.0					
6216.286	1231.2420000000002	BlockDesign														1.0	390.0	472.0	10.0	50.0
6216.286	5.167999999999665	trials	6.0	6218.153719000001	6220.095431000001	6221.134993000001	6221.216029000001	6216.581741000001	6220.121453000001			1.0	1.0	0.0	3.0					
6224.508	67.53999999999996	trials	6.0	6282.813975000001	6284.189845000001	6289.796365000001	6290.211326000001	6282.233236000001	6284.564111000001			1.0	1.0	0.0	3.0					
6292.138	4.4409999999998035	trials	6.0	6294.045506	6295.225726000001	6296.2387340000005	6296.537638000001	6292.049086000001	6295.471274			1.0	2.0	0.0	3.0					
6298.593	8.8100000000004	trials	6.0	6303.4606220000005	6304.648243000001	6307.019942000001	6307.4054750000005	6302.627584000001	6306.016723000001			1.0	1.0	0.0	3.0					
6309.348	6.194999999999709	trials	6.0	6311.314235000001	6313.074251000001	6315.208393000001	6315.479593000001	6309.515627000001	6314.144818000001			1.0	2.0	0.0	3.0					
6318.597	7.661000000000058	trials	6.0	6322.589456000001	6323.682243			6321.763345	6323.999951000001			2.0		1.0	1.0					
6328.728	10.274999999999636	trials	6.0	6333.850085000001	6335.473087	6337.3001300000005	6337.62038	6333.3327340000005	6336.43792	6338.079	6339.003	1.0	2.0	1.0	1.0					
6342.024	8.003999999999905	trials	6.0	6345.733991000001	6347.5125880000005	6349.605877000001	6350.033153	6344.971631	6348.606637000001			1.0	1.0	0.0	3.0					
6353.935	7.632999999999811	trials	6.0	6356.618792	6357.9090080000005	6359.665057000001	6359.757953	6355.726639	6358.8527540000005	6360.313	6361.568	1.0	2.0	1.0	1.0					
6364.634	8.289999999999964	trials	6.0	6369.049613000001	6370.411033			6368.215433	6370.834184			2.0		1.0	1.0					
6377.448	5.519999999999527	trials	6.0	6380.644340000001	6380.941649			6379.659310000001	6380.93021			1.0		0.0	2.0					
6386.958	27.71600000000035	trials	6.0	6411.374392000001	6412.665544	6413.401997000001	6413.486822000001	6410.418323000001	6412.658227000001			1.0		0.0	2.0					
6416.693	19.729999999999563	trials	6.0	6431.9345650000005	6433.006162000001	6435.9281790000005	6436.425289000001	6431.319033000001	6434.249103000001			1.0	1.0	0.0	3.0					
6438.263	7.994999999999891	trials	6.0	6441.849878000001	6443.236136	6444.395159000001	6444.819604	6440.9472670000005	6443.636206000001	6445.023	6446.258	1.0	2.0	1.0	1.0					
6450.308	7.5900000000001455	trials	6.0	6454.2110680000005	6455.637893000001			6453.475987000001	6455.842778			2.0		1.0	1.0					
6460.475	8.907999999999447	trials	6.0	6463.344847	6464.646821	6467.439909000001	6467.8376960000005	6462.405121000001	6466.1287760000005	6468.158	6469.383	1.0	1.0	1.0	1.0					
6472.408	6.324999999999818	trials	6.0	6475.269906	6477.120943000001	6478.415158000001	6478.642521000001	6474.446174000001	6477.5002810000005			1.0	2.0	0.0	3.0					
6482.749	12.09900000000016	trials	6.0	6488.550572000001	6489.802129000001	6493.11293	6493.506254000001	6487.715093000001	6489.874582	6493.848	6494.848	1.0	2.0	1.0	1.0					
6498.944	12.058999999999287	trials	6.0	6503.145160000001	6504.361543000001	6507.130354000001	6507.619286000001	6502.498988	6505.441855000001			1.0	1.0	0.0	3.0					
6511.458	4.75	trials	6.0	6513.079562000001	6514.842256000001	6515.879516000001	6515.996722000001	6511.005941	6515.045942000001			1.0	2.0	0.0	3.0					
6519.225	7.857999999999265	trials	6.0	6521.961472000001	6523.963189000001	6525.419744000001	6525.667609000001	6521.1804680000005	6524.528129	6526.108	6527.083	1.0	2.0	1.0	1.0					
6530.148	8.850999999999658	trials	6.0	6532.814897	6534.271936000001	6538.21157	6538.281400000001	6532.039736000001	6537.258079000001			1.0	1.0	0.0	3.0					
6542.588	6.341000000000349	trials	6.0	6545.050844	6546.562119			6544.462145	6546.795839			2.0		1.0	1.0					
6551.398	7.829999999999927	trials	6.0	6554.899999	6556.611422000001	6558.926438	6559.152693000001	6554.007249	6557.934936000001			1.0	1.0	0.0	3.0					
6562.283	38.44499999999971	trials	6.0	6596.465929000001	6598.403339			6595.646645000001	6598.589233000001			2.0		1.0	1.0					
6603.228	10.295000000000073	trials	6.0	6609.515579000001	6610.652249000001			6608.704987000001	6611.436566			2.0		1.0	1.0					
6617.983	11.904999999999745	trials	6.0	6622.780400000001	6624.362057	6626.425638000001	6626.712786000001	6621.991244000001	6625.438037000001			1.0	1.0	0.0	3.0					
6630.753	5.4340000000001965	trials	6.0	6632.485515	6633.621951000001			6629.892191000001	6633.884463			2.0		1.0	1.0					
6639.704	6.9890000000004875	trials	6.0	6642.855491	6644.242319000001	6646.381716000001	6646.619035000001	6642.038469000001	6644.889285000001			1.0	1.0	0.0	3.0					
6649.789	6.139000000000124	trials	6.0	6651.6409730000005	6652.7374070000005	6654.084364	6654.340245	6650.591240000001	6653.318985000001	6654.993	6655.928	1.0	2.0	1.0	1.0					
6660.019	10.05999999999949	trials	6.0	6664.321078000001	6666.1467920000005	6668.218501	6668.641538000001	6663.455478000001	6667.104046	6668.863	6670.079	1.0	2.0	1.0	1.0					
6673.142	11.815999999999804	trials	6.0	6677.507428000001	6678.647699000001	6680.955065000001	6681.2407	6676.525117000001	6680.091863000001	6681.698	6684.958	1.0	2.0	1.0	1.0					
6685.118	22.644999999999527	trials	6.0	6704.047681000001	6705.247209000001			6703.466225	6705.576503			2.0		1.0	1.0					
6711.289	5.858000000000175	trials	6.0	6713.075801000001	6714.451056000001	6716.802956	6717.012671	6712.446776000001	6715.680866000001			1.0	1.0	0.0	3.0					
6721.164	3.769000000000233	trials	6.0	6722.830489000001	6722.863482000001	6724.718312000001	6724.753372000001	6722.2712950000005	6722.851849000001			1.0		0.0	2.0					
6726.979	18.373999999999796	trials	6.0	6741.047376	6742.168019000001	6743.416967000001	6743.911382	6740.173165	6742.745051000001	6744.093	6745.353	1.0	2.0	1.0	1.0					
6748.369	6.670000000000073	trials	6.0	6751.47122	6753.214976000001	6754.701433	6754.907360000001	6750.596595000001	6753.503594000001			1.0	1.0	0.0	3.0					
6757.053	4.985999999999876	trials	6.0	6758.971267000001	6760.0326860000005			6757.620886000001	6760.018078000001			1.0		0.0	2.0					
6764.048	8.425000000000182	trials	6.0	6768.462749	6769.827626	6771.744420000001	6772.399908	6767.532605	6771.072896000001			1.0	2.0	0.0	3.0					
6775.103	20.304000000000087	trials	6.0	6791.151134000001	6792.837034			6790.500259	6793.157466000001			2.0		1.0	1.0					
6797.897	8.011000000000422	trials	6.0	6801.016778000001	6802.795379000001	6804.140195000001	6804.359146000001	6800.067647000001	6803.300452	6804.954	6805.908	1.0	2.0	1.0	1.0					
6809.928	5.945999999999913	trials	6.0	6812.176756000001	6813.269294000001			6811.5588800000005	6813.687260000001			2.0		1.0	1.0					
6818.295	6.377999999999702	trials	6.0	6820.431561	6822.403245	6824.318012000001	6824.6791840000005	6819.571075000001	6823.167133000001			1.0	1.0	0.0	3.0					
6828.688	8.599999999999454	trials	6.0	6833.53664	6834.686798000001			6832.719229	6834.708842000001	6836.738	6837.288	2.0		1.0	1.0					
6839.308	7.289999999999964	trials	6.0	6843.251230000001	6844.648475000001	6846.270401000001	6846.475418000001	6842.587957000001	6845.397065000001			1.0	2.0	0.0	3.0					
6849.608	17.659999999999854	trials	6.0	6858.3314470000005	6859.432686000001	6863.6577480000005	6863.952404000001	6857.807906000001	6860.709521000001			1.0	1.0	0.0	3.0					
6867.999	12.463999999999942	trials	6.0	6877.651643000001	6879.023365000001	6880.13846	6880.458100000001	6876.835643	6879.412152000001			1.0	2.0	0.0	3.0					
6882.506	60.1869999999999	trials	6.0	6937.6336870000005	6939.377973000001	6940.982045000001	6941.360533000001	6936.735679	6940.170620000001	6941.798	6942.693	1.0	2.0	1.0	1.0					
6944.799	8.519000000000233	trials	6.0	6948.853076	6950.533711000001	6951.503340000001	6951.6941320000005	6948.164278	6950.632662000001	6952.283	6953.318	1.0	2.0	1.0	1.0					
6956.338	8.275000000000546	trials	6.0	6961.291865000001	6963.104039000001	6964.277459000001	6964.295698000001	6960.295453000001	6963.445382000001			1.0	2.0	0.0	3.0					
6968.663	13.145000000000437	trials	6.0	6975.148470000001	6976.474499000001	6979.791743000001	6980.23264	6974.622449	6978.919484000001	6980.528	6981.808	1.0	1.0	1.0	1.0					
6984.868	8.599999999999454	trials	6.0	6988.357255000001	6989.982171000001			6987.452899000001	6990.194214000001	6992.058	6993.468	2.0		1.0	1.0					
6995.533	8.8149999999996	trials	6.0	6999.232652000001	7000.684270000001	7004.023387000001	7004.168033000001	6998.680616000001	7002.8259610000005			1.0	1.0	0.0	3.0					
7007.358	5.354999999999563	trials	6.0	7009.347707000001	7010.710241000001			7008.6571220000005	7010.698396000001			1.0		0.0	2.0					
7015.738	16.199999999999818	trials	6.0	7027.143136000001	7028.479352			7026.586108	7028.703527000001	7030.333	7031.938	2.0		1.0	1.0					
7035.704	15.314000000000306	trials	6.0	7046.652637000001	7048.582847000001			7045.946713	7048.754981000001	7050.499	7051.018	2.0		1.0	1.0					
7054.039	16.769000000000233	trials	6.0	7064.5627	7066.542313000001	7070.489660000001	7070.651711	7063.874272000001	7066.911927000001			1.0	1.0	0.0	3.0					
7072.818	11.465000000000146	trials	6.0	7081.013008000001	7082.279116000001			7080.008877	7082.264872000001			2.0		0.0	2.0					
7086.338	6.525000000000546	trials	6.0	7087.867553000001	7089.513377000001	7090.593242000001	7091.055578	7087.285138000001	7089.884851000001	7091.478	7092.863	1.0	2.0	1.0	1.0					
7095.893	16.14599999999973	trials	6.0	7101.037993000001	7102.606111000001	7110.127111000001	7110.4448170000005	7100.470244000001	7105.2010390000005	7110.813	7112.039	1.0	2.0	1.0	1.0					
7114.058	7.020999999999731	trials	6.0	7117.498192000001	7119.015646000001			7116.509612000001	7119.003380000001			1.0		0.0	2.0					
7125.088	13.238000000000284	trials	6.0	7134.702895	7135.815629000001			7133.794081000001	7136.116522			2.0		1.0	1.0					
7141.878	8.621000000000095	trials	6.0	7146.683095	7148.189738000001			7145.818993000001	7148.450881000001			2.0		1.0	1.0					
7155.018	12.0	trials	6.0	7162.884541	7164.600121	7166.305654000001	7167.023551	7162.152092	7165.007189000001			1.0	2.0	0.0	3.0					
7169.67	13.21100000000024	trials	6.0	7172.728336	7174.712999	7182.546406	7182.751912000001	7172.153177	7175.127266			1.0	1.0	0.0	3.0					
7184.898	7.0239999999994325	trials	6.0	7187.702782	7189.478159	7191.594370000001	7191.786970000001	7187.129618000001	7190.759771000001			1.0	2.0	0.0	3.0					
7195.948	7.018000000000029	trials	6.0	7198.00913	7199.600179000001	7202.581547000001	7202.951471	7197.161524000001	7200.791654000001			1.0	1.0	0.0	3.0					
7205.963	7.125	trials	6.0	7208.603435000001	7210.582838			7207.885341000001	7210.84129			2.0		1.0	1.0					
7215.603	12.795000000000073	trials	6.0	7218.6132640000005	7220.595711000001	7226.296989	7226.5584260000005	7218.035732	7221.080552	7227.118	7228.398	1.0	2.0	1.0	1.0					
7230.423	11.50500000000011	trials	6.0	7236.523562	7238.045561000001	7240.938958000001	7241.040760000001	7235.745569000001	7240.073971000001			1.0	2.0	0.0	3.0					
7245.289	11.465000000000146	trials	6.0	7253.753201	7254.700390000001	7256.461912000001	7256.509975000001	7252.815652000001	7254.6963590000005			1.0		0.0	2.0					
7259.808	7.319999999999709	trials	6.0	7264.543303	7265.716862000001	7266.784403000001	7267.135695000001	7263.680032	7266.030833000001			1.0	2.0	0.0	3.0					
7269.123	25.405000000000655	trials	6.0	7289.674972000001	7290.329261000001	7293.882416	7294.218774000001	7288.815028000001	7290.321563			1.0		0.0	2.0					
7296.343	9.635000000000218	trials	6.0	7301.273968	7303.155308	7304.61542	7304.685419	7300.268498	7303.803371000001			1.0	2.0	0.0	3.0					
7308.954	32.875	trials	6.0	7337.748385000001	7339.036229000001	7341.381706	7341.599767000001	7337.199324000001	7339.877225			1.0	2.0	0.0	3.0					
7343.713	8.289999999999964	trials	6.0	7348.368794000001	7350.045481000001	7351.668818	7351.9563530000005	7347.578819	7350.851213000001			1.0	2.0	0.0	3.0					
7355.013	14.590000000000146	trials	6.0	7364.644026000001	7366.556242000001	7367.612675	7368.000341000001	7363.919570000001	7366.849246000001	7368.278	7369.603	1.0	2.0	1.0	1.0					
7373.628	7.315000000000509	trials	6.0	7376.314354	7378.190573000001	7380.4567400000005	7380.728774000001	7375.766629000001	7379.365673			1.0	1.0	0.0	3.0					
7384.778	12.010999999999513	trials	6.0	7392.493925000001	7394.064706000001	7394.980957000001	7395.052448	7391.64691	7394.337421	7395.768	7396.789	1.0	2.0	1.0	1.0					
7399.804	6.109999999999673	trials	6.0	7402.719604000001	7404.758243	7405.60072	7405.655926	7401.736420000001	7404.748706			1.0	2.0	0.0	3.0					
7409.963	9.092999999999847	trials	6.0	7411.879049000001	7413.910720000001	7416.714794	7416.901432000001	7411.036410000001	7415.540009	7417.454	7419.056	1.0	2.0	1.0	1.0					
7423.118	10.069999999999709	trials	6.0	7429.989638000001	7431.387655	7432.864166	7433.016920000001	7429.126120000001	7432.120447000001			1.0	2.0	0.0	3.0					
7436.198	11.329999999999927	trials	6.0	7443.566110000001	7444.895875	7447.334669000001	7447.534726000001	7442.856742000001	7446.456586			1.0	2.0	0.0	3.0					
7449.663	3781.2200000000003	BlockDesign														1.0	473.0	720.0	50.0	90.0
7449.663	18.050000000000182	trials	7.0	7459.909265	7461.289239000001	7465.664635000001	7466.045866	7459.402854000001	7463.978907000001	7466.313	7467.713	1.0	1.0	1.0	1.0					
7469.733	8.204999999999927	trials	7.0	7473.114739000001	7474.505762000001	7475.884699	7476.321425	7472.550546	7475.036755000001	7476.533	7477.938	1.0	2.0	1.0	1.0					
7480.999	11.503999999999905	trials	7.0	7484.8499090000005	7486.008752000001	7490.124719	7490.189678000001	7483.911680000001	7487.912024000001	7490.753	7492.503	1.0	1.0	1.0	1.0					
7494.088	10.381000000000313	trials	7.0	7500.364730000001	7502.2094480000005			7499.573851000001	7502.425777			2.0		1.0	1.0					
7507.999	10.264000000000124	trials	7.0	7512.230068000001	7513.981327	7516.1467760000005	7516.203898000001	7511.601536	7514.5218970000005	7516.789	7518.263	1.0	1.0	1.0	1.0					
7521.33	9.052999999999884	trials	7.0	7525.494767	7527.286319000001	7530.065404000001	7530.290300000001	7524.711142	7527.955517			1.0	1.0	0.0	3.0					
7534.39	9.347999999999956	trials	7.0	7537.591415000001	7539.322563000001	7541.69591	7541.853733000001	7536.892058	7540.469464000001	7542.329	7543.738	1.0	2.0	1.0	1.0					
7547.76	7.037999999999556	trials	7.0	7550.015063000001	7551.250775	7554.484276000001	7554.773513	7549.498909000001	7552.284761000001			1.0	1.0	0.0	3.0					
7558.851	5.282000000000153	trials	7.0	7560.495197	7562.131394000001			7559.655350000001	7562.123179			2.0		0.0	2.0					
7568.143	16.090000000000146	trials	7.0	7580.605103000001	7581.733767000001			7579.936652	7582.132988			2.0		1.0	1.0					
7587.789	7.929000000000087	trials	7.0	7589.770214	7591.732765000001	7593.568151	7594.047218000001	7589.1445	7592.760449	7594.113	7595.718	1.0	2.0	1.0	1.0					
7598.781	6.261999999999716	trials	7.0	7601.401021000001	7602.557275000001			7600.674961000001	7602.783746000001	7604.638	7605.043	2.0		1.0	1.0					
7607.063	7.810999999999694	trials	7.0	7610.051395	7611.30629	7614.409979000001	7614.436757	7609.534934000001	7613.407019			1.0	1.0	0.0	3.0					
7616.738	6.9099999999998545	trials	7.0	7620.940447000001	7621.651603			7620.159167000001	7621.640759000001			1.0		0.0	2.0					
7626.699	11.09900000000016	trials	7.0	7629.310933000001	7630.892218000001	7633.724712000001	7634.084791000001	7628.569892	7632.578708000001			1.0	1.0	0.0	3.0					
7638.091	4.346999999999753	trials	7.0	7639.892329	7641.137051000001	7642.121308000001	7642.412480000001	7637.809775000001	7641.185249			1.0	1.0	0.0	3.0					
7644.448	12.679999999999382	trials	7.0	7652.310584000001	7653.8971010000005	7655.129870000001	7655.428970000001	7651.779577000001	7654.437972000001	7655.813	7657.128	1.0	2.0	1.0	1.0					
7660.148	9.885000000000218	trials	7.0	7665.325318000001	7666.8161390000005	7668.098686000001	7668.288775000001	7664.650978000001	7667.314745000001	7668.853	7670.033	1.0	2.0	1.0	1.0					
7672.131	10.081999999999425	trials	7.0	7678.302013	7680.211586			7677.499802	7680.202607000001			2.0		0.0	2.0					
7685.228	7.1899999999996	trials	7.0	7687.1858600000005	7689.106546000001	7690.337916	7690.506652000001	7685.453530000001	7689.549952	7691.023	7692.418	1.0	2.0	1.0	1.0					
7694.488	20.399999999999636	trials	7.0	7701.575258000001	7703.145779	7712.696890000001	7713.016678000001	7700.671340000001	7703.620729	7713.368	7714.888	1.0	1.0	1.0	1.0					
7717.908	8.289999999999964	trials	7.0	7722.000304000001	7723.1923910000005	7724.258690000001	7724.581798000001	7721.023839	7723.389747000001	7724.968	7726.198	1.0	2.0	1.0	1.0					
7730.221	13.887000000000626	trials	7.0	7733.875585000001	7735.454918	7741.615108000001	7741.779398000001	7733.274094	7737.202129000001			1.0	1.0	0.0	3.0					
7745.923	20.490999999999985	trials	7.0	7753.375616000001	7754.917331000001	7764.072986000001	7764.110530000001	7752.630647000001	7757.191639000001	7764.848	7766.414	1.0	1.0	1.0	1.0					
7770.482	8.850999999999658	trials	7.0	7774.745518000001	7776.441596000001	7777.401194000001	7777.839043000001	7774.008403000001	7776.739247	7778.118	7779.333	1.0	2.0	1.0	1.0					
7781.353	10.320999999999913	trials	7.0	7787.535830000001	7789.16603			7786.593481000001	7789.534273000001	7791.363	7791.648	2.0		1.0	1.0					
7794.204	14.494000000000597	trials	7.0	7802.030803000001	7803.312958			7801.414924000001	7805.025131	7806.789	7808.698	2.0		1.0	1.0					
7810.765	11.052999999999884	trials	7.0	7815.610946000001	7817.5942190000005	7819.686514000001	7819.705075000001	7814.654247	7818.119695	7820.358	7821.818	1.0	1.0	1.0	1.0					
7825.934	9.479999999999563	trials	7.0	7830.291380000001	7831.462877000001	7833.040141	7833.213868000001	7829.772076000001	7832.206346000001	7833.833	7835.414	1.0	2.0	1.0	1.0					
7838.213	12.506000000000313	trials	7.0	7847.326343000001	7848.461398			7846.60324	7848.679637000001			2.0		1.0	1.0					
7855.274	11.634000000000015	trials	7.0	7858.651651	7860.2231600000005	7866.537478	7866.768592	7857.687451000001	7861.231063000001			1.0	1.0	0.0	3.0					
7870.863	7.2609999999995125	trials	7.0	7874.561411000001	7875.764686			7873.60997	7875.991811000001			2.0		1.0	1.0					
7880.533	8.239999999999782	trials	7.0	7884.7665400000005	7886.3452480000005	7888.297249000001	7888.5754640000005	7883.926466000001	7886.8378840000005			1.0	2.0	0.0	3.0					
7891.661	7.652000000000044	trials	7.0	7894.616522	7895.810915000001	7897.421980000001	7897.788530000001	7893.766517000001	7896.782795000001	7898.153	7899.313	1.0	2.0	1.0	1.0					
7902.423	7.4350000000004	trials	7.0	7906.196461	7907.554504000001			7905.276298000001	7907.829925000001			2.0		1.0	1.0					
7912.405	5.7830000000003565	trials	7.0	7914.811670000001	7916.13299			7914.113335000001	7916.125807			2.0		0.0	2.0					
7922.198	5.380999999999403	trials	7.0	7924.597363000001	7924.809779000001	7926.895631	7926.998530000001	7923.83251	7924.801055000001			1.0		0.0	2.0					
7929.858	60.33100000000013	trials	7.0	7987.638348	7988.144458000001	7989.817549	7989.858263	7986.743525000001	7988.141007			1.0		0.0	2.0					
7992.228	28.259000000000015	trials	7.0	8014.1573450000005	8015.302465000001	8017.129306000001	8017.476103000001	8013.342515	8016.059003	8017.853	8020.487	1.0	1.0	1.0	1.0					
8023.928	5.4099999999998545	trials	7.0	8026.961881000001	8027.337803			8026.020002000001	8027.323243000001			1.0		0.0	2.0					
8033.393	15.185999999999694	trials	7.0	8045.006596000001	8046.588227	8047.305254000001	8047.411318	8044.416676000001	8046.575830000001			1.0		0.0	2.0					
8052.59	37.63799999999992	trials	7.0	8087.027386000001	8088.233939000001			8086.202987000001	8088.225536000001			1.0		0.0	2.0					
8093.259	5.989999999999782	trials	7.0	8097.172282	8097.249284			8096.589661000001	8097.243898000001			1.0		0.0	2.0					
8101.304	10.594000000000051	trials	7.0	8109.443398	8109.834095	8110.490054000001	8110.532660000001	8108.473417000001	8109.828415000001			1.0		0.0	2.0					
8114.944	43.54899999999998	trials	7.0	8153.344216	8155.024927	8156.4773780000005	8156.840792000001	8152.634852000001	8155.710523000001	8157.178	8158.493	1.0	2.0	1.0	1.0					
8160.609	10.898999999999432	trials	7.0	8165.7478550000005	8167.119573000001	8169.529037	8169.577746000001	8164.776548000001	8167.703709000001			1.0	1.0	0.0	3.0					
8171.894	30.78900000000067	trials	7.0	8197.933117	8199.890221000001	8200.881463000002	8201.05084	8197.064785	8200.226204	8201.438	8202.683	1.0	2.0	1.0	1.0					
8204.713	9.340000000000146	trials	7.0	8209.027772000001	8210.677267000001	8211.893686000001	8212.208744	8208.26984	8211.219938	8212.573	8214.053	1.0	2.0	1.0	1.0					
8217.068	8.950000000000728	trials	7.0	8221.172641000001	8222.354863	8224.193783	8224.515476	8220.491320000001	8223.451987	8224.843	8226.018	1.0	2.0	1.0	1.0					
8230.09	6.1229999999995925	trials	7.0	8231.882743	8233.024877	8234.134895000001	8234.224496	8230.670944000001	8233.359328	8234.908	8236.213	1.0	2.0	1.0	1.0					
8239.243	7.5	trials	7.0	8242.877654	8244.496082000001			8242.07964	8244.695960000001			2.0		1.0	1.0					
8250.313	6.2450000000008	trials	7.0	8251.898241	8253.404684000001	8254.666658	8254.753763	8250.452756	8253.827942	8255.293	8256.558	1.0	2.0	1.0	1.0					
8258.664	8.778999999998632	trials	7.0	8262.738503	8264.302327000001	8265.440716000001	8265.532984000001	8262.011443000001	8264.711416			2.0		0.0	4.0					
8271.448	7.489999999999782	trials	7.0	8275.408244	8276.941541			8274.683522000001	8276.936645000002			2.0		0.0	2.0					
8280.948	4.375	trials	7.0	8282.763554000001	8283.330832			8281.064681	8283.318466			1.0		0.0	2.0					
8289.377	28.60099999999875	trials	7.0	8314.733674000001	8315.92076	8316.980529	8316.995935	8313.776461000001	8315.907847			2.0		0.0	2.0					
8319.988	8.5	trials	7.0	8322.868114	8324.511678	8326.678715	8326.963169	8321.929526	8325.005591000001	8327.588	8328.488	1.0	1.0	1.0	1.0					
8331.551	7.533000000001266	trials	7.0	8334.430152	8336.109814000001	8337.103966	8337.290543000001	8333.823446	8336.391508	8337.713	8339.084	1.0	2.0	1.0	1.0					
8343.104	10.129000000000815	trials	7.0	8346.753261000002	8347.838827	8350.601305	8351.022265	8345.890767	8348.48717	8351.204	8353.233	1.0	1.0	1.0	1.0					
8356.253	13.911000000000058	trials	7.0	8362.362933	8364.350748	8368.218657000001	8368.519465000001	8361.624545	8365.072868000001	8368.938	8370.164	1.0	1.0	1.0	1.0					
8374.183	8.139999999999418	trials	7.0	8376.458295	8377.509625	8379.340970000001	8379.520558	8375.734341000001	8378.142812	8379.988	8382.323	1.0	2.0	1.0	1.0					
8386.159	6.334000000000742	trials	7.0	8389.163517	8390.374692000001	8392.172417000002	8392.34879	8388.206402	8391.29585			1.0	2.0	0.0	3.0					
8396.503	19.674999999999272	trials	7.0	8410.538669000001	8411.928785	8413.967384	8414.478819	8409.931299	8413.035373	8414.688	8416.178	1.0	2.0	1.0	1.0					
8419.228	10.051000000001295	trials	7.0	8425.279396000002	8426.716585			8424.350838	8427.133121			2.0		1.0	1.0					
8431.753	8.545000000000073	trials	7.0	8434.708859	8435.984900000001	8438.145635	8438.474569	8433.778087	8436.800941000001	8438.753	8440.298	1.0	1.0	1.0	1.0					
8442.318	8.704999999999927	trials	7.0	8445.533728	8447.26669	8448.647492	8448.730988000001	8444.980442	8447.761460000002	8449.374	8451.023	1.0	2.0	1.0	1.0					
8454.673	12.950999999999112	trials	7.0	8457.274004	8459.297948000001	8467.316347	8467.511057	8456.682242	8459.687914			1.0	1.0	0.0	3.0					
8471.633	10.924000000000888	trials	7.0	8478.34592	8480.212852			8477.487268	8480.438521			2.0		1.0	1.0					
8485.039	6.808999999999287	trials	7.0	8488.64917	8490.111107	8491.47049	8491.818817000001	8487.841207000001	8490.558013000002			1.0	1.0	0.0	3.0					
8494.823	18.704999999999927	trials	7.0	8508.034291	8509.29673	8511.13312	8511.559127	8507.466305000002	8510.443469000002	8511.898	8513.528	1.0	2.0	1.0	1.0					
8516.593	18.659999999999854	trials	7.0	8530.869200000001	8532.504367000001	8533.495626	8533.638050000001	8530.199188	8532.823375	8534.283	8535.253	1.0	2.0	1.0	1.0					
8538.298	10.459999999999127	trials	7.0	8544.970756	8546.706135	8547.520302	8547.588946	8543.970402	8546.700833			1.0		0.0	2.0					
8551.768	9.965000000000146	trials	7.0	8556.555896000002	8557.821374000001	8559.808165	8560.20622	8555.820167000002	8557.997365000001	8560.503	8561.733	1.0	1.0	1.0	1.0					
8563.796	10.096999999999753	trials	7.0	8569.290751	8571.135679			8568.439833	8571.686909			2.0		1.0	1.0					
8577.468	8.469999999999345	trials	7.0	8580.364754	8582.121739	8583.879526	8584.188976000001	8579.488274000001	8582.657678	8584.579	8585.938	1.0	1.0	1.0	1.0					
8587.956	8.641999999999825	trials	7.0	8593.049196	8594.602103000001			8592.092514	8594.585647			1.0		0.0	2.0					
8599.616	28.29199999999946	trials	7.0	8624.329631	8625.911507	8626.962493	8627.191844	8623.375621000001	8625.899581000001			1.0		0.0	2.0					
8629.962	6.447000000000116	trials	7.0	8633.91466	8634.31696			8632.939460000001	8634.311852			1.0		0.0	2.0					
8639.418	21.920000000000073	trials	7.0	8657.079824	8658.246482	8659.431133	8659.597358	8656.571376	8658.693406	8660.093	8661.338	1.0	2.0	1.0	1.0					
8665.414	15.34900000000016	trials	7.0	8675.914985000001	8677.514882000001	8678.854211000002	8678.965843	8674.926767	8678.025546	8679.608	8680.763	1.0	2.0	1.0	1.0					
8682.827	9.77599999999984	trials	7.0	8687.480276	8688.840274	8690.606318	8691.019534000001	8686.757913000001	8689.742441	8691.313	8692.603	1.0	2.0	1.0	1.0					
8696.673	10.949999999998909	trials	7.0	8701.739978000001	8703.671654000002	8705.548700000001	8706.004778	8700.761464000001	8704.449442000001	8706.393	8707.623	1.0	1.0	1.0	1.0					
8710.694	12.03900000000067	trials	7.0	8718.650414	8720.21191			8717.757553000001	8720.611169	8722.398	8722.733	2.0		1.0	1.0					
8726.753	16.954999999999927	trials	7.0	8739.915208	8741.142679			8739.120403	8741.460398000001	8743.363	8743.603	2.0		1.0	1.0					
8746.219	6.049000000000888	trials	7.0	8749.315384000001	8751.112841	8751.958812	8751.985415000001	8748.503674	8751.187382			1.0	2.0	0.0	3.0					
8756.319	6.668999999999869	trials	7.0	8757.880031	8759.844485000001	8760.908775	8761.387201000001	8757.234352000001	8760.159251000001	8761.583	8762.988	1.0	2.0	1.0	1.0					
8767.053	16.784999999999854	trials	7.0	8771.165245	8772.496246	8781.047983	8781.756863	8770.557026	8772.831979	8781.753	8783.838	1.0	2.0	1.0	1.0					
8785.903	8.180000000000291	trials	7.0	8790.266717	8791.995466	8793.729010000001	8794.062218000001	8789.414270000001	8792.379098000001			1.0	1.0	0.0	3.0					
8797.088	7.530000000000655	trials	7.0	8800.450629	8802.066117			8799.742675000001	8802.368555000001			2.0		1.0	1.0					
8808.187	7.300999999999476	trials	7.0	8810.063402	8811.552220000001	8813.542667000002	8813.753977	8808.942689	8812.664323	8814.249	8815.488	1.0	1.0	1.0	1.0					
8817.533	7.355000000001382	trials	7.0	8820.700574	8822.032133	8823.012565	8823.290174000002	8820.116719000001	8822.223368	8823.778	8824.888	1.0	2.0	1.0	1.0					
8827.908	6.675000000001091	trials	7.0	8830.870896	8831.985614000001			8830.12637	8832.428125	8834.124	8834.583	2.0		1.0	1.0					
8836.603	40.66500000000087	trials	7.0	8872.807363	8874.727639	8876.830442	8877.282699000001	8871.800141	8875.117076			1.0	1.0	0.0	3.0					
8880.193	10.480000000001382	trials	7.0	8888.085811	8889.1841	8890.373962000001	8890.56218	8887.245886	8889.446162			1.0	1.0	0.0	3.0					
8894.693	39.42000000000007	trials	7.0	8928.836063	8930.648612	8932.02014	8932.492157	8928.171683	8931.265395	8932.818	8934.113	1.0	2.0	1.0	1.0					
8936.138	8.709999999999127	trials	7.0	8940.755831	8942.386388	8944.463725000001	8944.864691	8939.960485	8942.890213			1.0	1.0	0.0	3.0					
8946.829	19.585000000000946	trials	7.0	8962.250897000002	8964.017411			8961.474877	8964.228614	8965.968	8966.414	2.0		1.0	1.0					
8969.433	7.489999999999782	trials	7.0	8972.441596	8973.733265	8974.973194	8975.143385000001	8971.857752	8974.250785	8975.633	8976.923	1.0	2.0	1.0	1.0					
8979.993	6.264999999999418	trials	7.0	8982.666326	8984.648368	8985.946153	8986.157771	8982.087717	8984.96761			1.0	1.0	0.0	3.0					
8988.268	12.229999999999563	trials	7.0	8997.341221	8998.494949	8999.313017	8999.376176000002	8996.409675	8998.487084			1.0		0.0	2.0					
9004.506	9.36200000000099	trials	7.0	9009.271712000002	9010.559613000001	9011.846974	9012.312686000001	9008.512889000001	9011.086226000001	9012.548	9013.868	1.0	2.0	1.0	1.0					
9017.893	7.722999999999956	trials	7.0	9021.906362000002	9023.698043	9025.285412000001	9025.620696	9021.341564	9024.296618			1.0	1.0	0.0	3.0					
9027.643	7.195999999999913	trials	7.0	9031.571774	9032.847883			9030.757737	9032.837341			1.0		0.0	2.0					
9037.853	24.8700000000008	trials	7.0	9059.117683	9060.406097000001			9058.12727	9060.604757000001			2.0		1.0	1.0					
9066.223	7.569999999999709	trials	7.0	9068.041988	9069.853741	9071.534003	9071.742271000001	9067.307639	9070.535074000001	9072.249	9073.793	1.0	1.0	1.0	1.0					
9075.883	8.010000000000218	trials	7.0	9080.105407000001	9081.344269000001			9079.346529	9081.656201000002			2.0		1.0	1.0					
9087.473	6.420000000000073	trials	7.0	9089.308243000001	9090.539389000001	9092.013598000001	9092.183411	9088.001627000001	9090.931226	9092.723	9093.893	1.0	1.0	1.0	1.0					
9097.914	5.875	trials	7.0	9100.491947	9101.734004000002			9099.65495	9101.729614			1.0		0.0	2.0					
9105.798	12.024999999999636	trials	7.0	9113.80844	9115.510858000001			9113.118005	9115.718078000002			2.0		1.0	1.0					
9121.343	8.039999999999054	trials	7.0	9124.301696	9125.787566	9127.034692000001	9127.477601	9123.400691	9126.190905000001	9127.768	9129.383	1.0	2.0	1.0	1.0					
9133.454	10.828999999999724	trials	7.0	9138.648288	9140.680049	9142.475825000001	9142.581193	9138.104678	9141.344585	9143.103	9144.283	1.0	2.0	1.0	1.0					
9146.32	10.903000000000247	trials	7.0	9150.362221000001	9151.791964	9155.089748	9155.322746000002	9149.513908	9152.716059	9155.803	9157.223	1.0	1.0	1.0	1.0					
9161.243	8.514999999999418	trials	7.0	9165.852608000001	9167.266894			9165.177670000001	9167.6482			2.0		1.0	1.0					
9174.338	12.115999999999985	trials	7.0	9180.984285	9182.627992	9184.532398	9184.725219	9180.417399	9183.46494	9185.208	9186.454	1.0	1.0	1.0	1.0					
9188.475	8.547999999998865	trials	7.0	9193.124	9195.015846	9196.710254	9196.938270999999	9192.508665	9195.49179			1.0	1.0	0.0	3.0					
9201.058	8.659999999999854	trials	7.0	9205.224743	9206.515661	9207.635553	9207.719733	9204.558189	9206.958363	9208.418	9209.718	1.0	2.0	1.0	1.0					
9212.738	15.7450000000008	trials	7.0	9223.069304999999	9224.52197	9226.346178	9226.387823	9222.417236	9225.471037	9227.098	9228.483	1.0	2.0	1.0	1.0					
9232.548	5.994999999998981	trials	7.0	9234.189537	9235.279967	9237.421218	9237.658793999999	9233.512001	9235.669074			1.0	2.0	1.0	1.0					
9243.008	10.990999999999985	trials	7.0	9249.714767	9251.427			9249.054822	9251.744747			2.0		1.0	1.0					
9257.475	8.472999999999956	trials	7.0	9260.824203	9262.622228	9263.691569999999	9264.005198	9260.213045	9262.95831	9264.463	9265.948	1.0	2.0	1.0	1.0					
9268.648	12.9900000000016	trials	7.0	9272.499158	9273.575646	9279.466581	9279.775016	9271.697421	9274.278309	9280.198	9281.638	1.0	1.0	1.0	1.0					
9283.748	8.734000000000378	trials	7.0	9288.864809	9290.416461			9287.927246	9290.41347			1.0		0.0	2.0					
9294.538	6.295000000000073	trials	7.0	9296.610003	9297.806978	9298.933701	9299.088924	9296.056194	9298.117155	9299.608	9300.833	1.0	2.0	1.0	1.0					
9302.858	7.350000000000364	trials	7.0	9306.631584	9308.206448	9309.066741	9309.135498	9305.881193	9308.19818			1.0		0.0	2.0					
9312.218	22.69999999999891	trials	7.0	9329.760801	9331.691178	9332.930616	9333.101732	9328.977123	9332.182143	9333.738	9334.918	1.0	2.0	1.0	1.0					
9337.939	13.514999999999418	trials	7.0	9342.49	9343.766969	9351.131569	9351.315414	9341.61767	9344.198442			1.0	1.0	0.0	3.0					
9353.503	8.269000000000233	trials	7.0	9358.44977	9359.706761			9357.624423	9359.703624			1.0		0.0	2.0					
9364.779	7.568999999999505	trials	7.0	9368.095523	9369.784301			9367.202013	9370.069146			2.0		1.0	1.0					
9376.868	7.074999999998909	trials	7.0	9378.735122	9379.928303	9381.637506	9381.783363	9377.022066	9380.763865	9382.353	9383.943	1.0	2.0	1.0	1.0					
9387.006	10.721999999999753	trials	7.0	9391.461799	9393.201855	9396.043001	9396.217935	9390.498986	9394.891473	9396.793	9397.728	2.0		1.0	1.0					
9400.826	6.622000000001208	trials	7.0	9402.796859	9404.430768			9402.123273	9405.19806			2.0		1.0	1.0					
9411.988	5.261000000000422	trials	7.0	9413.945128	9415.366059	9416.925744	9417.131774	9412.431375	9415.590068			1.0	1.0	0.0	3.0					
9420.298	26.700999999999112	trials	7.0	9442.815411	9444.743858			9442.246723	9444.979408			2.0		1.0	1.0					
9451.568	12.295000000000073	trials	7.0	9455.785314	9457.452168	9461.805261	9461.998287	9455.209451	9458.973507	9462.533	9463.863	1.0	1.0	1.0	1.0					
9466.883	10.399999999999636	trials	7.0	9473.010989	9474.713851			9472.287834	9475.033052			2.0		1.0	1.0					
9480.833	6.040999999999258	trials	7.0	9483.466772	9485.217793	9486.563921	9486.6964	9482.879822	9485.572493			1.0	1.0	0.0	3.0					
9488.883	8.665000000000873	trials	7.0	9492.756967	9494.171376	9495.664796	9495.954837	9492.104084	9494.89579	9496.363	9497.548	1.0	2.0	1.0	1.0					
9500.573	7.242000000000189	trials	7.0	9503.841077	9505.107945	9507.485723	9507.6743	9502.959783	9505.706856			1.0	1.0	0.0	3.0					
9511.871	6.722000000001572	trials	7.0	9514.160798	9515.604231	9516.854981	9517.023038	9513.537672	9516.118656	9517.763	9518.593	1.0	2.0	1.0	1.0					
9522.658	9.296000000000276	trials	7.0	9526.553389	9528.562676	9529.899489	9530.054942	9525.988155	9528.901655	9530.753	9531.954	1.0	2.0	1.0	1.0					
9534.016	10.077000000001135	trials	7.0	9539.955665	9541.586869			9539.213655	9541.846213			2.0		1.0	1.0					
9548.618	5.074999999998909	trials	7.0	9550.922197	9551.634044			9550.035828	9551.625666			1.0		0.0	2.0					
9556.748	9.360000000000582	trials	7.0	9561.190749	9563.227671	9564.278543	9564.412808	9560.387069	9563.39754	9564.958	9566.108	1.0	2.0	1.0	1.0					
9568.133	10.615999999999985	trials	7.0	9574.825813	9576.153641			9574.101783	9576.501324			2.0		1.0	1.0					
9582.232	10.641999999999825	trials	7.0	9587.486175	9589.647338	9590.825694	9591.222939	9586.928649	9590.012853	9591.588	9592.874	1.0	2.0	1.0	1.0					
9594.893	8.104999999999563	trials	7.0	9598.93179	9600.429178			9598.335794	9600.708056			2.0		1.0	1.0					
9606.458	11.734999999998763	trials	7.0	9613.837588	9615.139676	9616.19646	9616.523822	9613.095718	9615.405816	9616.933	9618.193	1.0	2.0	1.0	1.0					
9620.225	8.743000000000393	trials	7.0	9624.035792	9625.948064	9627.031152	9627.175851	9623.284522	9626.292696	9627.738	9628.968	1.0	2.0	1.0	1.0					
9630.988	17.301000000001295	trials	7.0	9643.896736	9645.215862	9645.91595	9646.219233	9642.894087	9645.171981	9646.713	9648.289	1.0	2.0	1.0	1.0					
9649.906	16.547999999998865	trials	7.0	9663.781062	9664.456407			9662.97512	9664.443753			1.0		0.0	2.0					
9668.464	5.183999999999287	trials	7.0	9670.701323	9671.783262	9673.036385	9673.652942	9670.114107	9672.343131			1.0	2.0	0.0	3.0					
9677.407	10.621000000001004	trials	7.0	9685.141878	9685.973495			9684.53823	9685.970856			1.0		0.0	2.0					
9692.058	12.639999999999418	trials	7.0	9700.751355	9702.694241			9699.959643	9702.682394			1.0		0.0	2.0					
9708.708	25.834999999999127	trials	7.0	9729.911729	9731.499939	9732.651459	9733.120998	9729.309557	9731.922211	9733.338	9734.543	1.0	2.0	1.0	1.0					
9736.613	12.320000000001528	trials	7.0	9744.311905999999	9745.413497	9746.837703	9747.139938	9743.445470999999	9745.511741	9747.523	9748.933	1.0	1.0	1.0	1.0					
9751.954	7.684000000001106	trials	7.0	9754.871312	9756.474024	9757.595393	9757.709795	9753.995699	9756.780087	9758.303	9759.638	1.0	2.0	1.0	1.0					
9762.699	7.218999999999141	trials	7.0	9765.06327	9766.219255	9767.70787	9767.964886	9764.39711	9766.705359	9768.303	9769.918	1.0	2.0	1.0	1.0					
9772.938	7.802999999999884	trials	7.0	9776.883315	9778.723903	9780.39651	9780.727582	9776.263343999999	9779.369757			1.0	1.0	0.0	3.0					
9782.756	35.4369999999999	trials	7.0	9813.416676	9814.925163	9816.303523999999	9816.700913	9812.610725	9815.416023	9816.999	9818.193	1.0	2.0	1.0	1.0					
9822.218	6.454999999999927	trials	7.0	9824.982036	9826.159071			9824.019228	9826.630982			2.0		1.0	1.0					
9831.294	16.71900000000096	trials	7.0	9842.10709	9843.219681	9844.87182	9845.183332	9841.4862	9843.783714	9845.668	9848.013	1.0	2.0	1.0	1.0					
9852.074	6.698999999998705	trials	7.0	9854.392278	9856.009349	9857.0507	9857.190124	9853.622256	9856.36235	9857.818	9858.773	1.0	2.0	1.0	1.0					
9860.808	6.9099999999998545	trials	7.0	9863.767738999999	9865.147995			9862.972455	9865.465189999999			2.0		1.0	1.0					
9871.183	8.284999999999854	trials	7.0	9872.942371	9874.063644	9877.06587	9877.35987	9872.050022	9875.804772	9877.733	9879.468	1.0	1.0	1.0	1.0					
9882.489	7.97400000000016	trials	7.0	9886.876796	9888.399711	9889.308729	9889.362638999999	9885.955898	9888.388589			1.0		0.0	2.0					
9892.523	13.630000000001019	trials	7.0	9901.263401	9903.147137	9904.131647	9904.381177	9900.619412	9903.189098	9904.838	9906.153	1.0	1.0	1.0	1.0					
9909.258	10.094999999999345	trials	7.0	9915.90755	9917.350017			9915.051452	9917.345917999999			1.0		0.0	2.0					
9923.368	5.835999999999331	trials	7.0	9926.652332	9927.154842	9928.066913	9928.133679	9925.673726	9927.144681			1.0		0.0	2.0					
9931.254	17.16899999999987	trials	7.0	9944.522694	9946.301133	9948.105047	9948.429189	9943.630115	9946.297452			1.0		0.0	2.0					
9951.405	10.009000000000015	trials	7.0	9956.817521	9958.5872	9959.557572	9959.908298	9956.223731	9958.911362	9960.283	9961.414	1.0	2.0	1.0	1.0					
9963.524	12.265000000001237	trials	7.0	9969.049268	9970.2795			9968.468505	9971.278283	9973.483	9975.789	2.0		1.0	1.0					
9979.883	6.850000000000364	trials	7.0	9981.772781	9983.399898	9984.689559	9984.731442	9981.210066	9983.746636	9985.393	9986.733	1.0	1.0	1.0	1.0					
9990.789	5.983999999998559	trials	7.0	9993.112601	9994.264695			9992.316867	9994.696968			2.0		1.0	1.0					
10000.313	6.524999999999636	trials	7.0	10002.674586	10004.030487	10006.493988	10006.844732	10002.003972	10005.225504			1.0	1.0	0.0	3.0					
10010.828	13.515000000001237	trials	7.0	10012.553373	10014.171369	10024.012926	10024.306293	10010.952809	10014.484924			1.0	1.0	0.0	3.0					
10027.398	10.610000000000582	trials	7.0	10034.148953	10036.004779	10037.361132	10037.419602	10033.355627	10035.998529			1.0		0.0	2.0					
10042.018	9.239999999999782	trials	7.0	10046.577948	10048.157951	10049.354216	10049.791683	10045.966671	10048.180914	10050.164	10051.258	1.0	2.0	1.0	1.0					
10054.293	6.569999999999709	trials	7.0	10057.568306	10058.859655			10056.906981	10058.850077			1.0		0.0	2.0					
10062.914	16.648999999999432	trials	7.0	10075.568465	10077.217893			10074.798618	10077.203541			2.0		1.0	1.0					
10084.059	8.869000000000597	trials	7.0	10089.049661	10090.892232	10092.076136	10092.254508	10088.343853	10090.880118			1.0		0.0	2.0					
10094.979	10.134000000000015	trials	7.0	10097.098596	10098.512291	10104.482957	10105.120956	10096.307286	10098.986679			1.0	1.0	0.0	3.0					
10106.803	6.045000000000073	trials	7.0	10108.638747	10109.841486			10107.422013	10110.724502			2.0		1.0	1.0					
10115.448	8.800999999999476	trials	7.0	10119.858918	10121.660192			10119.007035	10121.9292	10123.874	10124.249	2.0		1.0	1.0					
10127.268	6.329999999999927	trials	7.0	10130.178747	10131.932385	10133.29071	10133.518217	10129.634249	10132.416867			1.0	2.0	0.0	3.0					
10137.61	12.372999999999593	trials	7.0	10145.90858	10147.324955	10149.50381	10149.991245	10145.097316	10147.782183			1.0	1.0	0.0	3.0					
10152.838	13.610000000000582	trials	7.0	10161.503208	10163.012883	10164.288915	10164.740193	10160.936907	10163.598639	10165.048	10166.448	1.0	2.0	1.0	1.0					
10168.473	15.284999999999854	trials	7.0	10174.578758	10176.294942	10181.750577	10182.113394	10173.844176	10176.815709	10182.548	10183.758	1.0	2.0	1.0	1.0					
10185.778	18.72099999999955	trials	7.0	10200.583595	10202.496476			10200.05943	10202.48558			2.0		0.0	2.0					
10206.524	5.864000000001397	trials	7.0	10208.554341	10210.07439			10207.130445	10210.294496999999			2.0		1.0	1.0					
10216.849	6.054000000000087	trials	7.0	10218.703832	10220.335347			10216.923923	10220.653878			2.0		1.0	1.0					
10226.495	8.427999999999884	trials	7.0	10231.514076	10232.920548			10230.826979	10232.913228			1.0		0.0	2.0					
10237.979	22.28400000000147	trials	7.0	10255.659137	10257.415518	10258.460258	10258.780646	10254.668162	10257.409251000001	10259.283	10260.263	1.0	2.0	1.0	1.0					
10262.293	7.706000000000131	trials	7.0	10265.840946	10267.110542	10268.21628	10268.319663	10264.967743	10267.244778	10268.858	10269.999	1.0	2.0	1.0	1.0					
10274.023	11.045000000000073	trials	7.0	10280.543888	10282.250652	10283.273811	10283.488422	10280.013949	10282.597742	10283.933	10285.068	1.0	2.0	1.0	1.0					
10289.088	15.286000000000058	trials	7.0	10301.277979999999	10302.312107			10300.468872	10302.304037			1.0		0.0	2.0					
10307.418	31.140000000001237	trials	7.0	10333.304973	10335.137462	10336.329816	10336.622729	10332.769632	10335.534435	10337.173	10338.558	1.0	1.0	1.0	1.0					
10341.618	8.389999999999418	trials	7.0	10345.135734	10346.599167	10348.218204	10348.50446	10344.562485	10347.121749	10348.938	10350.008	1.0	2.0	1.0	1.0					
10352.068	9.81000000000131	trials	7.0	10357.084236	10358.156300999999	10361.787534	10361.887073	10356.293597	10358.146601			1.0		0.0	2.0					
10363.168	28.69000000000051	trials	7.0	10387.734804	10388.999222	10389.975252	10390.42326	10387.093388	10389.391271	10378.558	10391.858	1.0	2.0	1.0	1.0					
10395.908	26.381000000001222	trials	7.0	10419.055343	10420.218370999999			10418.106629	10420.214108			1.0		0.0	2.0					
10424.338	9.770000000000437	trials	7.0	10428.676488	10430.129636	10432.047279	10432.349753999999	10427.901482	10431.121401	10432.693	10434.108	1.0	1.0	1.0	1.0					
10436.126	16.48699999999917	trials	7.0	10449.164658	10450.55713	10451.479103	10451.558376	10448.303322	10450.55394			1.0		0.0	2.0					
10456.669	39.29399999999987	trials	7.0	10490.960114	10492.750014	10493.689002	10494.031816	10490.241812	10492.756328	10494.348	10495.963	1.0	1.0	1.0	1.0					
10498.023	13.93500000000131	trials	7.0	10508.41505	10509.697058			10507.657328	10509.743169			2.0		1.0	1.0					
10515.528	6.530000000000655	trials	7.0	10517.79539	10519.706709			10516.964323	10519.942223			2.0		1.0	1.0					
10526.594	6.669000000001688	trials	7.0	10528.58547	10530.117138	10531.345992	10531.370106	10527.51608	10530.515505	10532.039	10533.263	1.0	1.0	1.0	1.0					
10537.283	12.540000000000873	trials	7.0	10545.825311	10546.981082	10549.513184	10549.69203	10544.854443	10547.297106			1.0	1.0	0.0	3.0					
10552.868	47.67100000000028	trials	7.0	10593.855864	10595.023218	10597.797275	10598.229068	10593.320438	10596.835611	10598.478	10600.539	1.0	2.0	1.0	1.0					
10603.133	10.469999999999345	trials	7.0	10609.275942	10610.743803	10611.896759	10612.045944	10608.411849	10611.171606	10612.608	10613.603	1.0	2.0	1.0	1.0					
10615.624	6.917999999999665	trials	7.0	10619.795214	10621.117989	10622.166983	10622.516516	10618.831737	10621.242205999999			1.0	1.0	0.0	3.0					
10625.499	9.85399999999936	trials	7.0	10632.17751	10633.297469			10631.253156	10633.292201			1.0		0.0	2.0					
10639.368	6.594999999999345	trials	7.0	10641.900966	10643.207346			10641.259556	10643.852597			2.0		1.0	1.0					
10648.506	8.04700000000048	trials	7.0	10651.041033	10652.242608	10653.600464	10653.761475	10650.514514	10652.778785	10654.298	10656.553	1.0	2.0	1.0	1.0					
10659.615	12.708000000000538	trials	7.0	10668.42054	10669.819558			10667.89478	10670.079678			2.0		1.0	1.0					
10675.848	7.594999999999345	trials	7.0	10677.62574	10678.974246	10681.472926	10681.802997	10676.745464	10679.242899	10682.323	10683.443	1.0	1.0	1.0	1.0					
10686.463	8.639999999999418	trials	7.0	10689.851798	10691.89854	10693.089692	10693.466967	10688.996361	10692.195714	10693.763	10695.103	1.0	2.0	1.0	1.0					
10699.149	7.119000000000597	trials	7.0	10700.842647	10702.82283	10704.370386	10704.703538	10699.897071	10703.024183	10705.053	10706.268	1.0	2.0	1.0	1.0					
10709.288	8.180000000000291	trials	7.0	10713.526166	10714.712538			10712.60267	10715.286461			2.0		1.0	1.0					
10722.024	14.713999999999942	trials	7.0	10732.831424	10734.138149			10732.22991	10734.567201			2.0		1.0	1.0					
10739.194	7.095000000001164	trials	7.0	10741.156475	10742.79779	10744.356957	10744.646323	10740.478467	10743.454357999999	10745.148	10746.289	1.0	2.0	1.0	1.0					
10748.358	6.954999999999927	trials	7.0	10751.786178	10753.812743999999	10755.003219	10755.105942	10751.041419	10754.221667			1.0	2.0	0.0	3.0					
10759.323	17.556000000000495	trials	7.0	10771.954827	10773.778604	10775.000279	10775.161403	10771.39619	10774.211712	10761.613	10776.879	1.0	2.0	1.0	1.0					
10778.895	8.472999999999956	trials	7.0	10782.951606	10784.501304	10785.383697	10785.674117	10782.141246	10784.614461	10786.063	10787.368	1.0	2.0	1.0	1.0					
10789.431	13.197000000000116	trials	7.0	10798.491717	10799.548167	10800.723163999999	10801.021185	10797.687359	10799.968733	10801.423	10802.628	1.0	2.0	1.0	1.0					
10805.718	9.375	trials	7.0	10810.581665	10812.338104			10809.600671	10812.974123			2.0		1.0	1.0					
10817.659	5.4650000000001455	trials	7.0	10819.186883	10820.334092	10821.357039	10821.530124	10818.61151	10820.639979	10822.158	10823.124	1.0	2.0	1.0	1.0					
10825.188	12.549999999999272	trials	7.0	10833.781875	10834.893768			10833.182051	10835.422241			2.0		1.0	1.0					
10841.243	4.444999999999709	trials	7.0	10843.121766	10843.690088			10841.719428	10843.682046			1.0		0.0	2.0					
10849.728	6.700000000000728	trials	7.0	10853.7276	10854.430524			10853.200688	10854.426546			1.0		0.0	2.0					
10860.478	40.9950000000008	trials	7.0	10883.872047	10885.104249	10901.164164	10901.37126	10883.177475	10886.672502			1.0	1.0	0.0	3.0					
10903.483	4.545000000000073	trials	7.0	10905.122187	10906.541154	10907.713217	10907.925489	10904.532968	10906.784082			1.0	2.0	0.0	3.0					
10911.08	17.657999999999447	trials	7.0	10921.902249	10923.644444	10926.565218	10926.876975	10921.353617	10924.231266	10927.289	10928.738	1.0	1.0	1.0	1.0					
10932.805	5.818999999999505	trials	7.0	10934.917097	10936.624266			10934.334416	10936.617315			1.0		0.0	2.0					
10942.633	16.03100000000086	trials	7.0	10955.55401	10956.663332			10954.993116	10956.653706			1.0		0.0	2.0					
10961.723	53.01499999999942	trials	7.0	11008.952486	11010.193788	11012.80202	11013.188538	11008.212026	11010.83655	11013.503	11014.738	1.0	2.0	1.0	1.0					
11018.758	9.524999999999636	trials	7.0	11021.813424	11023.309889	11025.402471	11025.762062	11020.879898	11023.619844			1.0	1.0	0.0	3.0					
11029.733	13.045000000000073	trials	7.0	11038.984275	11040.714921	11041.676952	11041.726569	11038.112766	11040.707046			1.0		0.0	2.0					
11046.823	13.93499999999949	trials	7.0	11057.094716	11058.451853999999			11056.555266	11058.69959			2.0		1.0	1.0					
11063.228	7.7150000000001455	trials	7.0	11066.531835	11068.06445	11069.064158	11069.253722	11065.819187	11068.353213	11069.793	11070.943	1.0	2.0	1.0	1.0					
11074.004	7.438999999998487	trials	7.0	11076.848534	11078.584593	11079.772703	11079.975731	11076.330571999999	11078.926047	11080.573	11081.443	1.0	2.0	1.0	1.0					
11084.543	10.020000000000437	trials	7.0	11089.973775	11091.332912	11094.244026	11094.369053	11089.027278	11093.056371			1.0	2.0	0.0	3.0					
11098.573	35.59100000000035	trials	7.0	11111.223516	11112.995257999999	11132.38767	11132.644902	11110.516346	11113.273129	11133.083	11134.164	1.0	1.0	1.0	1.0					
11136.273	18.720000000001164	trials	7.0	11151.699194	11152.999569			11151.076337	11152.99145			1.0		0.0	2.0					
11157.003	9.870999999999185	trials	7.0	11163.858894	11164.820921999999			11163.342285	11164.810968			2.0		0.0	2.0					
11170.884	5.968999999999141	trials	7.0	11173.018904	11174.24999			11172.129092	11174.668124			2.0		1.0	1.0					
11180.423	6.902999999998428	trials	7.0	11182.79342	11184.077919	11185.479933	11185.842878	11182.10426	11184.401163	11186.249	11187.326	1.0	2.0	1.0	1.0					
11189.433	10.859999999998763	trials	7.0	11194.858979	11196.155106	11197.219616	11197.327401	11193.998528	11196.517386	11197.923	11200.293	1.0	2.0	1.0	1.0					
11202.363	28.520000000000437	trials	7.0	11226.814437	11227.905705	11229.015302	11229.107766000001	11225.968754	11228.293977	11229.803	11230.883	1.0	2.0	1.0	1.0					
11235.039	4109.358999999999	BlockDesign														1.0	721.0	967.0	90.0	50.0
11235.039	6.783999999999651	trials	8.0	11237.970222	11239.259997000001			11237.213658	11239.512273			2.0		1.0	1.0					
11244.326	7.227000000000771	trials	8.0	11246.939027	11248.374091	11249.861001	11250.023766	11246.344520999999	11248.849904	11250.523	11251.553	1.0	2.0	1.0	1.0					
11254.633	11.175000000001091	trials	8.0	11257.369305	11259.230938			11256.862207	11259.332634			2.0		1.0	1.0					
11266.053	4.2150000000001455	trials	8.0	11268.048845	11268.271907999999			11265.821529	11268.266889			1.0		0.0	2.0					
11273.329	7.024999999999636	trials	8.0	11278.089584	11278.356927			11277.211909	11278.345807			1.0		0.0	2.0					
11283.363	84.20000000000073	trials	8.0	11362.819856	11364.056315	11365.334780000001	11365.69206	11362.067815999999	11364.671314	11365.954	11367.563	1.0	2.0	1.0	1.0					
11371.63	15.628000000000611	trials	8.0	11384.159855	11385.265526	11386.053546	11386.230087	11383.201992	11385.2573			1.0		0.0	2.0					
11389.263	27.67899999999827	trials	8.0	11413.040004	11414.686805			11412.514602	11414.923748			2.0		1.0	1.0					
11419.463	6.165000000000873	trials	8.0	11421.174883	11422.506138	11423.902719	11424.16889	11420.495918	11423.02651	11424.543	11425.628	1.0	2.0	1.0	1.0					
11429.648	4.720000000001164	trials	8.0	11431.6649	11432.372667	11433.062804000001	11433.169821	11430.645881	11432.363815			1.0		0.0	2.0					
11436.378	28.93499999999949	trials	8.0	11461.540017	11463.262014			11460.867363	11463.255147			1.0		0.0	2.0					
11468.334	26.79399999999987	trials	8.0	11490.306816	11492.12858	11493.425775	11493.883685	11489.667006	11492.657885	11494.178	11495.128	1.0	2.0	1.0	1.0					
11497.195	7.282999999999447	trials	8.0	11501.839863000001	11503.027766	11504.117162999999	11504.489922	11501.068179	11503.495117999999			1.0	2.0	0.0	3.0					
11508.433	4.559999999999491	trials	8.0	11510.516696	11511.632904	11512.675938	11512.735397	11509.909101	11512.091999			1.0	2.0	0.0	3.0					
11517.053	34.534999999999854	trials	8.0	11545.945457	11547.476351	11549.801438999999	11550.117541	11545.299703	11548.906782	11550.454	11551.588	1.0	1.0	1.0	1.0					
11555.704	6.253000000000611	trials	8.0	11558.830517999999	11559.913779	11560.955603	11561.303898	11557.89183	11559.907071			1.0		0.0	2.0					
11564.964	9.534999999999854	trials	8.0	11570.295622	11571.991205			11569.435347	11572.293980999999			2.0		1.0	1.0					
11577.033	18.25	trials	8.0	11592.000431	11593.237932			11591.038934	11593.22845			1.0		0.0	2.0					
11598.343	11.1349999999984	trials	8.0	11605.375531	11606.973452			11604.401736	11607.230699			2.0		1.0	1.0					
11612.991	7.652000000000044	trials	8.0	11617.215350999999	11619.123591	11620.210929	11620.655832	11616.567669	11619.503115			1.0	2.0	0.0	3.0					
11624.576	10.48200000000179	trials	8.0	11630.416089999999	11632.058064			11629.506959999999	11632.914126			2.0		1.0	1.0					
11637.624	9.259000000000015	trials	8.0	11641.465691	11643.266057	11644.816166	11645.070509000001	11640.79416	11643.769046	11645.568	11646.883	1.0	1.0	1.0	1.0					
11649.903	7.4650000000001455	trials	8.0	11654.142874000001	11655.489462	11656.859242999999	11657.380229999999	11653.14694	11656.081882999999			1.0	2.0	0.0	3.0					
11659.166	12.302000000001499	trials	8.0	11666.991054	11668.309266	11669.594651	11669.799302	11666.233418	11668.896813	11670.398	11671.468	1.0	2.0	1.0	1.0					
11673.493	11.414999999999054	trials	8.0	11679.250995	11680.58892	11682.930305	11683.166998	11678.276331000001	11681.030928	11683.773	11684.908	1.0	1.0	1.0	1.0					
11687.983	8.575000000000728	trials	8.0	11690.254851	11691.358102	11693.455832	11693.655579	11689.47357	11692.342688	11694.308	11696.558	1.0	1.0	1.0	1.0					
11699.523	8.14100000000144	trials	8.0	11702.557901	11703.672723	11705.68517	11705.936174	11701.615248	11704.481222999999	11706.573	11707.664	1.0	1.0	1.0	1.0					
11709.689	8.193999999999505	trials	8.0	11714.612043000001	11716.407965999999	11717.580319	11717.666173	11713.82043	11716.73964			1.0	2.0	0.0	3.0					
11721.89	14.493000000000393	trials	8.0	11732.255952	11734.136054			11731.449389	11734.150338			2.0		1.0	1.0					
11739.903	8.454999999999927	trials	8.0	11742.965966	11744.510271	11745.89081	11746.188065999999	11742.169847000001	11744.973046	11746.488	11748.358	1.0	1.0	1.0	1.0					
11750.378	9.1299999999992	trials	8.0	11756.301513	11757.702528	11759.194986	11759.515032	11755.683257	11758.17291			1.0	2.0	0.0	3.0					
11762.513	17.295000000000073	trials	8.0	11774.75645	11776.301515	11777.541083	11777.872004	11773.768745	11776.739277	11778.178	11779.808	1.0	1.0	1.0	1.0					
11782.871	9.657000000001062	trials	8.0	11788.576575	11790.544122	11792.222631	11792.464946	11787.576674	11790.492758			1.0	1.0	0.0	3.0					
11796.573	51.30999999999949	trials	8.0	11844.532035	11846.198618999999	11847.578695	11847.864085000001	11843.976618	11846.611526			1.0	2.0	0.0	3.0					
11849.888	11.904999999998836	trials	8.0	11857.656897	11859.289656			11856.716553	11859.569183			2.0		1.0	1.0					
11865.363	9.84100000000035	trials	8.0	11870.223651	11871.516483	11872.84992	11873.424624	11869.586546999999	11872.126393999999	11873.493	11875.204	1.0	2.0	1.0	1.0					
11876.908	8.335000000000946	trials	8.0	11880.407315	11881.423515	11883.187753	11883.476	11879.42628	11882.221125	11883.993	11885.243	1.0	1.0	1.0	1.0					
11889.272	15.320999999999913	trials	8.0	11896.857329999999	11898.510329			11895.960097	11898.910772			2.0		1.0	1.0					
11905.523	34.23000000000138	trials	8.0	11934.973904999999	11936.574164	11937.790719	11937.958707	11934.466266	11936.664171	11938.563	11939.753	1.0	1.0	1.0	1.0					
11941.773	9.090000000000146	trials	8.0	11947.937879000001	11948.869815	11949.966178	11950.016111	11946.975898	11948.861637			1.0		0.0	2.0					
11953.903	8.600000000000364	trials	8.0	11958.193127999999	11959.582403	11960.649531	11960.749541000001	11957.68267	11959.845089	11961.428	11962.503	1.0	2.0	1.0	1.0					
11964.563	7.625	trials	8.0	11968.207871	11969.387937			11967.411582	11969.837283	11971.624	11972.188	2.0		1.0	1.0					
11975.248	9.729999999999563	trials	8.0	11978.723882	11979.985097	11982.299211	11982.736628	11977.9284	11981.301848	11982.973	11984.978	1.0	1.0	1.0	1.0					
11987.693	8.329999999999927	trials	8.0	11991.712234	11993.714354			11990.908429	11993.798083			2.0		1.0	1.0					
12000.538	5.135000000000218	trials	8.0	12002.417367	12003.629425			12001.7439	12003.62612			1.0		0.0	2.0					
12009.693	7.704999999999927	trials	8.0	12012.599403	12014.593348999999			12012.039057	12015.173698999999			2.0		1.0	1.0					
12019.913	10.395000000000437	trials	8.0	12025.522973	12027.110213	12028.172156	12028.286477	12024.718316999999	12027.102968	12028.843	12030.308	1.0	1.0	1.0	1.0					
12034.329	7.049000000000888	trials	8.0	12036.537821	12037.981773	12039.066859999999	12039.134046	12035.906038000001	12038.181702	12039.898	12041.378	1.0	2.0	1.0	1.0					
12043.443	10.605000000001382	trials	8.0	12051.148043000001	12052.005003			12050.492241	12051.997097			1.0		0.0	2.0					
12056.088	8.615999999999985	trials	8.0	12059.038015	12060.459708	12061.618245	12061.995014	12058.357217	12060.813615	12062.454	12064.704	1.0	2.0	1.0	1.0					
12067.723	8.02599999999984	trials	8.0	12073.073788	12074.299484	12075.435781	12075.745323	12072.414147	12074.69801			1.0	2.0	0.0	3.0					
12078.759	60.23999999999978	trials	8.0	12133.708436	12135.38594	12137.017608	12137.126553	12133.026995	12136.163731	12137.698	12138.999	1.0	2.0	1.0	1.0					
12141.018	12.560999999999694	trials	8.0	12147.858693	12149.615238	12151.167806	12151.369427	12147.014172	12149.932251	12151.963	12153.579	1.0	1.0	1.0	1.0					
12156.643	6.0049999999992	trials	8.0	12159.809748	12160.656061			12159.02691	12160.644758			1.0		0.0	2.0					
12166.658	9.784999999999854	trials	8.0	12172.573713	12174.389589			12171.959883	12174.377840000001			2.0		0.0	2.0					
12180.454	9.509000000000015	trials	8.0	12186.23912	12187.408334			12185.284652999999	12187.728469			2.0		1.0	1.0					
12192.493	5.734999999998763	trials	8.0	12194.408886	12195.430084			12193.431057	12195.998747			2.0		1.0	1.0					
12200.768	5.89600000000064	trials	8.0	12203.673915	12205.30826	12206.356474	12206.490836	12202.90288	12205.648914			1.0	2.0	0.0	3.0					
12210.698	11.489999999999782	trials	8.0	12218.539041	12220.196018	12221.498217	12221.670693	12217.662665	12220.19175			1.0		0.0	2.0					
12224.198	58.61000000000058	trials	8.0	12279.565	12280.803675	12282.465111	12282.520536	12278.768454	12280.797614			1.0		0.0	2.0					
12285.861	8.68199999999888	trials	8.0	12289.654896	12291.511953	12292.696713	12292.79477	12288.769542	12291.980763	12293.378	12294.543	1.0	2.0	1.0	1.0					
12297.632	159.996000000001	trials	8.0	12454.462391	12455.712185999999	12457.096341	12457.631835	12453.642732	12456.346488			1.0	2.0	0.0	3.0					
12459.433	13.139999999999418	trials	8.0	12467.155889	12468.452584999999	12470.475873	12470.817839	12466.522151	12469.471343	12471.198	12472.573	1.0	1.0	1.0	1.0					
12475.639	12.480000000001382	trials	8.0	12484.672191	12486.612691	12487.747565	12488.069454	12484.057358	12486.963824999999			1.0	2.0	0.0	3.0					
12492.103	14.375	trials	8.0	12501.230872	12503.104114	12504.28675	12504.676701999999	12500.499822	12503.146439	12505.023	12506.478	1.0	1.0	1.0	1.0					
12510.506	11.702000000001135	trials	8.0	12515.525529	12518.058457	12520.290646	12520.556421	12514.585658	12519.31256	12521.073	12522.208	1.0	1.0	1.0	1.0					
12525.233	22.86499999999978	trials	8.0	12544.766585	12546.08286			12544.183434	12546.079458			2.0		0.0	2.0					
12552.158	9.921000000000276	trials	8.0	12557.852643	12559.04714	12560.268098999999	12560.586465999999	12556.989035999999	12559.037293			1.0		0.0	2.0					
12563.103	31.860000000000582	trials	8.0	12590.051988	12592.016882	12593.029004	12593.331048	12589.081544	12592.336209	12593.823	12594.963	1.0	1.0	1.0	1.0					
12598.023	6.970000000001164	trials	8.0	12601.902306	12602.988087			12601.103067	12602.980062999999			1.0		0.0	2.0					
12608.039	9.613999999999578	trials	8.0	12613.831521	12615.077906			12613.154043	12615.454067			2.0		1.0	1.0					
12621.204	7.193999999999505	trials	8.0	12624.927829	12626.328268	12628.257747	12628.327529	12624.071562	12626.322986			1.0		0.0	2.0					
12632.449	5.903999999998632	trials	8.0	12636.021848999999	12636.349248			12635.081483	12636.3398			1.0		0.0	2.0					
12640.366	10.951999999999316	trials	8.0	12648.111777	12649.158535999999	12650.414642	12651.322139	12647.51526	12649.779657			1.0	2.0	0.0	3.0					
12652.734	35.54899999999907	trials	8.0	12683.906586	12685.76952			12683.259761	12686.077895999999			2.0		1.0	1.0					
12692.823	4.667999999999665	trials	8.0	12694.366713	12695.43932	12696.930552	12696.972482	12693.465667999999	12695.434845			1.0		0.0	2.0					
12700.541	12.157000000001062	trials	8.0	12708.001602	12709.428904999999	12710.674461	12711.107025	12707.042382	12709.870165	12711.363	12712.698	1.0	2.0	1.0	1.0					
12714.787	10.46600000000035	trials	8.0	12721.911648	12723.252488			12720.95167	12723.242595			1.0		0.0	2.0					
12729.307	6.7150000000001455	trials	8.0	12732.407345	12733.514435			12731.628348	12733.983138			2.0		1.0	1.0					
12740.586	6.413000000000466	trials	8.0	12742.423451999999	12743.780145	12744.999569	12745.168708	12741.013235	12744.150596	12745.793	12746.999	1.0	1.0	1.0	1.0					
12750.103	5.585000000000946	trials	8.0	12752.526249	12754.113551	12755.298746	12755.403472	12751.916244	12754.4604			1.0	2.0	0.0	3.0					
12758.628	8.944999999999709	trials	8.0	12762.847806	12764.764249	12767.236202	12767.575458	12762.085911	12765.488628			1.0	1.0	0.0	3.0					
12771.568	24.19000000000051	trials	8.0	12791.468121	12792.695516			12790.902334999999	12793.495502			2.0		1.0	1.0					
12799.308	11.794999999998254	trials	8.0	12804.447648	12806.617939	12807.994326	12808.370124	12803.628944	12806.918674999999	12808.698	12811.103	1.0	2.0	1.0	1.0					
12813.133	13.670000000000073	trials	8.0	12821.964444	12823.622066	12824.893548	12824.960406	12821.137607	12823.92783	12825.683	12826.803	1.0	1.0	1.0	1.0					
12829.829	10.429000000000087	trials	8.0	12836.16225	12837.513481			12835.523151	12837.941498	12839.683	12840.258	2.0		1.0	1.0					
12843.278	8.274999999999636	trials	8.0	12846.372465	12847.579107	12849.481893	12849.747293	12845.759438	12848.428558	12850.278	12851.553	1.0	1.0	1.0	1.0					
12855.6	9.643000000000029	trials	8.0	12859.542400999999	12860.579108			12858.920162999999	12861.266629	12863.128	12865.243	2.0		1.0	1.0					
12868.343	39.62799999999879	trials	8.0	12878.487848	12879.934851	12905.92621	12906.173834	12877.900805	12880.436613	12906.763	12907.971	1.0	1.0	1.0	1.0					
12912.032	12.526000000001659	trials	8.0	12920.567868	12922.47473	12923.49458	12923.70257	12919.623567	12922.6653			1.0	2.0	1.0	1.0					
12927.074	19.738999999999578	trials	8.0	12939.252632	12940.867508	12944.783174	12945.03891	12938.683959	12941.25489	12945.528	12946.813	1.0	1.0	1.0	1.0					
12948.853	8.195000000001528	trials	8.0	12952.70276	12953.725391	12955.215705999999	12955.393016	12952.112946	12954.051395999999	12955.888	12957.048	1.0	2.0	1.0	1.0					
12959.143	15.600000000000364	trials	8.0	12967.1233	12968.663016999999	12972.653629999999	12972.813716	12966.202999	12968.9297	12973.348	12974.743	1.0	1.0	1.0	1.0					
12977.763	5.4099999999998545	trials	8.0	12980.608941	12981.173972			12979.665759	12981.163375			1.0		0.0	2.0					
12985.228	5.970000000001164	trials	8.0	12988.228716	12989.195918			12987.323217	12989.183543			1.0		0.0	2.0					
12995.258	12.44000000000051	trials	8.0	12998.46543	13000.328126999999	13005.554381	13005.852327	12997.928219	13000.696044	13006.164	13007.698	1.0	1.0	1.0	1.0					
13011.718	5.054999999998472	trials	8.0	13013.473727999999	13014.775054			13012.115738999999	13014.764933999999			1.0		0.0	2.0					
13018.827	8.161000000000058	trials	8.0	13023.078293	13024.375962			13022.397492	13024.697635999999			2.0		1.0	1.0					
13030.438	6.055000000000291	trials	8.0	13033.563589	13034.926717999999	13036.178048	13036.351493	13032.775002999999	13035.237723			1.0	2.0	0.0	3.0					
13040.549	8.248999999999796	trials	8.0	13042.283562	13044.002720999999	13046.391857999999	13046.751726	13040.910908	13045.504409	13047.103	13048.798	1.0	1.0	1.0	1.0					
13051.853	25.111000000000786	trials	8.0	13073.5314	13074.910989			13072.664827999999	13074.899534			1.0		0.0	2.0					
13079.018	10.659999999999854	trials	8.0	13080.998381	13083.02095	13087.690074	13087.985811	13080.082352	13083.375575	13088.488	13089.678	1.0	1.0	1.0	1.0					
13091.742	7.470999999999549	trials	8.0	13095.489645	13096.810926	13098.722757	13098.991503	13094.980058	13097.55499			1.0	1.0	0.0	3.0					
13101.086	9.649000000001251	trials	8.0	13106.308971	13108.380874999999			13105.380878	13108.587441			2.0		1.0	1.0					
13114.293	8.181000000000495	trials	8.0	13117.224366	13119.190961	13120.521867	13120.735617	13116.333732	13119.594562999999	13121.204	13122.474	1.0	1.0	1.0	1.0					
13124.55	8.248000000001412	trials	8.0	13128.578599999999	13129.731176			13127.960057	13130.492231			2.0		1.0	1.0					
13136.272	6.745999999999185	trials	8.0	13138.914032	13140.715893			13138.240848	13140.691287			2.0		1.0	1.0					
13145.539	47.46899999999914	trials	8.0	13190.118937	13190.955935	13191.984258	13192.032460999999	13189.276488	13190.949934			1.0		0.0	2.0					
13197.018	7.540000000000873	trials	8.0	13199.934405	13201.637375999999	13202.660902	13202.979089999999	13199.319332	13201.66023	13203.493	13204.558	1.0	2.0	1.0	1.0					
13206.668	8.336999999999534	trials	8.0	13210.989669	13212.441284999999			13210.003652	13212.795155			2.0		1.0	1.0					
13218.488	4.900000000001455	trials	8.0	13220.025579	13221.337234	13222.310672	13222.500775	13219.395353	13221.333229			1.0		0.0	2.0					
13226.433	7.645999999998821	trials	8.0	13228.784502	13230.040405	13231.835786	13231.892789	13228.234156	13230.805919	13232.573	13234.079	1.0	2.0	1.0	1.0					
13238.009	6.394000000000233	trials	8.0	13240.169129	13241.43642	13242.586460999999	13242.862125	13239.194258	13241.848152	13243.263	13244.403	1.0	2.0	1.0	1.0					
13248.468	7.599999999998545	trials	8.0	13252.489536	13254.013136			13251.501462	13254.002687			1.0		0.0	2.0					
13258.103	10.835000000000946	trials	8.0	13264.716212	13266.455721999999	13267.873952	13268.035482	13263.911273	13266.931829			1.0	2.0	1.0	1.0					
13271.454	21.074000000000524	trials	8.0	13289.044511	13290.528504			13288.471008	13290.518751			1.0		0.0	2.0					
13296.579	6.170000000000073	trials	8.0	13299.810495	13300.691867			13299.008085	13300.687958			1.0		0.0	2.0					
13304.803	45.125	trials	8.0	13341.914648	13343.307259	13344.917478	13345.116447	13340.931674	13343.822129			2.0		0.0	4.0					
13350.993	4.764999999999418	trials	8.0	13352.980274	13353.760913			13349.93885	13353.753924			1.0		0.0	2.0					
13359.808	16.804999999998472	trials	8.0	13366.680484999999	13368.128682	13375.801161	13376.622168	13366.033777999999	13368.823328999999			1.0	1.0	0.0	3.0					
13380.169	8.058999999999287	trials	8.0	13383.745026999999	13385.631497			13382.764635	13385.991202			2.0		1.0	1.0					
13390.688	12.296000000000276	trials	8.0	13399.115286	13400.93168	13402.631298	13402.930488	13398.318572	13401.737847			1.0	2.0	0.0	3.0					
13405.993	25.69999999999891	trials	8.0	13427.470916	13428.888703999999			13426.70383	13429.410516			2.0		1.0	1.0					
13434.258	10.490999999999985	trials	8.0	13439.136717	13440.82347	13442.161643	13442.381562999999	13438.516813999999	13441.115384	13442.988	13444.749	1.0	1.0	1.0	1.0					
13446.363	9.46600000000035	trials	8.0	13452.352426	13453.827338			13451.635604	13453.817394			1.0		0.0	2.0					
13459.838	28.55999999999949	trials	8.0	13486.195959	13486.402377			13485.230163	13486.391316			1.0		0.0	2.0					
13491.404	23.174999999999272	trials	8.0	13509.785808	13510.919772	13512.555392	13512.858639	13508.870724	13511.284784	13513.263	13514.579	1.0	1.0	1.0	1.0					
13517.648	9.3700000000008	trials	8.0	13522.286922	13523.567707	13525.141694	13525.25211	13521.613944	13524.003897999999	13525.874	13527.018	1.0	2.0	1.0	1.0					
13530.034	11.505000000001019	trials	8.0	13536.099165	13537.532957	13539.466112	13539.798152	13535.243612999999	13538.176274	13540.204	13541.539	1.0	1.0	1.0	1.0					
13544.608	8.735000000000582	trials	8.0	13548.191046	13549.517886	13551.124469	13551.387314	13547.415285	13549.979372	13551.908	13553.343	1.0	1.0	1.0	1.0					
13555.273	16.67500000000109	trials	8.0	13561.500797	13563.220331999999	13569.58872	13569.738181	13560.967660999999	13563.791441	13570.283	13571.948	1.0	1.0	1.0	1.0					
13574.974	5.979999999999563	trials	8.0	13576.986036	13578.994959	13580.641478	13580.783085	13576.316536999999	13579.507692			1.0	1.0	0.0	3.0					
13585.009	6.2039999999997235	trials	8.0	13587.387975	13589.163582			13586.608229	13589.10497	13590.963	13591.213	2.0		1.0	1.0					
13594.287	6.610999999998967	trials	8.0	13597.137797	13598.889657			13596.252545	13598.881030999999			2.0		0.0	2.0					
13602.955	10.657999999999447	trials	8.0	13610.346613	13612.10732	13613.169356	13613.286659	13609.454081	13612.427613			1.0	2.0	0.0	3.0					
13615.533	12.907000000001062	trials	8.0	13624.881131	13626.393557	13627.504367	13627.661597999999	13624.075334	13626.381013			1.0		0.0	2.0					
13632.45	6.548999999999069	trials	8.0	13634.956145	13636.132679	13637.268563	13637.503679	13634.103147	13636.569788	13637.954	13638.999	1.0	2.0	1.0	1.0					
13642.023	9.051000000001295	trials	8.0	13645.876215	13647.139508	13648.774944	13648.991309	13644.99354	13647.588690999999	13649.428	13651.074	1.0	1.0	1.0	1.0					
13654.143	7.7849999999998545	trials	8.0	13657.581417	13658.867417			13656.707479	13659.789098			2.0		1.0	1.0					
13666.463	7.326000000000931	trials	8.0	13668.631322	13670.171318	13671.841597999999	13672.059122999999	13667.600045	13670.796798	13672.658	13673.789	1.0	1.0	1.0	1.0					
13676.808	11.568999999999505	trials	8.0	13685.031386999999	13686.293187			13684.043193	13686.290669			1.0		0.0	2.0					
13691.388	12.069999999999709	trials	8.0	13698.763148	13700.417639	13702.635812	13702.829918	13697.956208	13701.808514			1.0	2.0	0.0	3.0					
13706.958	11.715000000000146	trials	8.0	13714.396772	13715.604125			13713.51413	13716.361857			2.0		1.0	1.0					
13723.204	7.064000000000306	trials	8.0	13726.277979	13727.717025			13725.563884	13728.012029			2.0		1.0	1.0					
13734.778	8.319999999999709	trials	8.0	13738.022798	13739.148411	13740.842172	13741.094042	13737.171267	13739.84039	13741.514	13743.098	1.0	1.0	1.0	1.0					
13744.713	13.204999999999927	trials	8.0	13752.822113999999	13754.608705999999	13755.830166	13755.875356999999	13752.266465	13754.991920999999	13756.708	13757.918	1.0	2.0	1.0	1.0					
13759.978	10.330000000001746	trials	8.0	13765.307391999999	13766.743566	13768.289492	13768.329393	13764.306153	13767.178037	13769.124	13770.308	1.0	2.0	1.0	1.0					
13774.323	5.175999999999476	trials	8.0	13776.006733	13777.673361	13779.186647999999	13779.371062	13775.306747999999	13778.130218999999			1.0	1.0	0.0	3.0					
13781.554	12.334000000000742	trials	8.0	13789.171884	13790.693355	13791.940997	13792.05854	13788.62042	13791.163781	13792.638	13793.888	1.0	2.0	1.0	1.0					
13795.956	9.021999999999025	trials	8.0	13799.241958999999	13800.640455	13803.030905	13803.266973	13798.734682999999	13801.686371	13803.808	13804.978	1.0	1.0	1.0	1.0					
13808.028	13.761000000000422	trials	8.0	13816.447213	13818.451369999999	13819.890008	13820.051019	13815.65525	13819.114872	13820.653	13821.789	1.0	2.0	1.0	1.0					
13825.85	8.042999999999665	trials	8.0	13828.397669	13829.74462	13831.627140999999	13831.832252	13827.830337	13830.615677	13832.293	13833.893	1.0	1.0	1.0	1.0					
13836.914	7.4539999999997235	trials	8.0	13840.638905	13842.319478			13839.90195	13842.313876			1.0		0.0	2.0					
13847.388	18.490999999999985	trials	8.0	13858.272762	13859.489180999999	13863.917446	13864.095387	13857.767045	13860.020634	13864.563	13865.879	1.0	1.0	1.0	1.0					
13867.914	9.60399999999936	trials	8.0	13873.617203	13874.926796			13872.615728	13875.283319			2.0		1.0	1.0					
13879.975	7.052999999999884	trials	8.0	13883.594292	13885.34691	13886.708544	13886.825718	13882.99584	13885.771698			1.0	2.0	0.0	3.0					
13891.058	6.099999999998545	trials	8.0	13893.929069	13895.18477	13896.834281	13897.152467	13893.037688	13895.895456			1.0	1.0	0.0	3.0					
13901.205	9.817999999999302	trials	8.0	13907.469249	13909.502053	13910.497067	13910.724162	13906.801076	13909.820279			1.0	2.0	0.0	3.0					
13914.804	12.213999999999942	trials	8.0	13922.0543	13923.567378	13924.763036	13925.251918	13921.145109	13924.047053999999	13925.548	13927.018	1.0	1.0	1.0	1.0					
13930.081	7.737999999999374	trials	8.0	13933.934702	13935.814307			13933.348503	13935.800857999999			1.0		0.0	2.0					
13941.873	8.055000000000291	trials	8.0	13946.808401	13948.525904	13949.614418	13949.803142	13945.844729	13948.75676			1.0	2.0	0.0	3.0					
13952.977	6.46599999999853	trials	8.0	13954.895244	13956.891281			13954.331154	13957.185225			2.0		1.0	1.0					
13963.978	8.840000000000146	trials	8.0	13966.988054	13968.738225	13970.815358	13971.054078	13966.429617	13969.936082	13971.579	13972.818	1.0	1.0	1.0	1.0					
13975.853	10.0	trials	8.0	13980.103434	13981.685252	13983.69299	13984.078916999999	13979.476884	13982.359461	13984.438	13985.853	1.0	1.0	1.0	1.0					
13987.915	11.807999999999083	trials	8.0	13992.558866	13994.398713999999	13997.28089	13997.514576	13991.601372	13994.561681	13997.938	13999.723	1.0	1.0	1.0	1.0					
14003.384	8.78900000000067	trials	8.0	14006.463013999999	14008.472634	14009.868711	14010.108321	14005.669883999999	14008.839519	14010.688	14012.173	1.0	1.0	1.0	1.0					
14015.256	15.441000000000713	trials	8.0	14026.547876	14027.895279			14025.61848	14028.636858			2.0		1.0	1.0					
14033.31	20.108000000000175	trials	8.0	14047.398654	14048.919974	14051.454512	14051.770475	14046.514014	14050.424001	14052.173	14053.418	1.0	1.0	1.0	1.0					
14056.438	12.735000000000582	trials	8.0	14064.223988	14066.120342999999			14063.63213	14067.093153			2.0		1.0	1.0					
14071.679	7.558999999999287	trials	8.0	14073.778409999999	14075.207226	14077.171503	14077.385968999999	14073.148302	14075.874005	14077.914	14079.238	1.0	1.0	1.0	1.0					
14081.258	9.770000000000437	trials	8.0	14085.663575999999	14087.30643	14088.756264	14089.046853	14085.101321	14087.854082	14089.618	14091.028	1.0	2.0	1.0	1.0					
14094.743	7.829999999999927	trials	8.0	14097.609618	14098.995375	14100.610125	14100.899808	14096.924663	14099.31806	14101.279	14102.573	2.0		1.0	1.0					
14104.653	12.145000000000437	trials	8.0	14111.514821	14112.976761	14114.672766	14114.834424	14110.518213	14113.506913	14115.414	14116.798	1.0	1.0	1.0	1.0					
14118.818	12.900000000001455	trials	8.0	14126.24375	14127.460497	14129.753993	14129.956565	14125.344029	14127.961997	14130.608	14131.718	1.0	1.0	1.0	1.0					
14133.738	24.81000000000131	trials	8.0	14140.695835999999	14142.495197	14157.872435	14158.560019999999	14140.162402	14142.895455			1.0	2.0	0.0	3.0					
14160.243	10.899999999999636	trials	8.0	14165.733998	14167.060926	14168.966811	14169.23702	14165.216296999999	14167.951235999999	14169.874	14171.143	1.0	1.0	1.0	1.0					
14173.218	9.880999999999403	trials	8.0	14178.289889	14180.077395	14181.218085	14181.388197	14177.478191	14180.197785	14182.003	14183.099	1.0	1.0	1.0	1.0					
14186.149	6.850000000000364	trials	8.0	14188.765784	14190.631754			14188.170474	14190.819495			2.0		1.0	1.0					
14196.443	7.985000000000582	trials	8.0	14198.988856	14200.356639	14202.245026999999	14202.437495	14198.471881	14200.939016	14203.008	14204.428	1.0	1.0	1.0	1.0					
14207.493	8.484999999998763	trials	8.0	14212.059353999999	14213.932298			14211.388652	14213.924948			1.0		0.0	2.0					
14219.024	11.319000000001324	trials	8.0	14222.00895	14223.735305			14221.478447	14223.981706999999			2.0		1.0	1.0					
14230.553	5.184999999999491	trials	8.0	14232.349570999999	14233.746202999999	14235.00447	14235.065324	14230.357211	14233.734715999999			1.0		0.0	2.0					
14237.749	8.790000000000873	trials	8.0	14241.203954999999	14242.936268	14244.767456	14244.964555999999	14240.666369	14243.987403	14245.443	14246.539	1.0	2.0	1.0	1.0					
14249.557	5.760999999998603	trials	8.0	14252.604324	14253.646482	14255.018676	14255.076861	14251.728227	14254.168733			1.0	2.0	0.0	3.0					
14257.329	13.949000000000524	trials	8.0	14265.583892999999	14266.807917	14269.104465	14269.512319	14264.625266	14267.677509	14269.803	14271.278	1.0	1.0	1.0	1.0					
14273.323	10.050999999999476	trials	8.0	14279.694473	14280.821034999999			14278.741861999999	14281.153035			2.0		1.0	1.0					
14287.951	13.347000000001572	trials	8.0	14296.044151999999	14297.226573	14298.966408	14299.268811	14295.533664999999	14297.95701	14299.753	14301.298	1.0	1.0	1.0	1.0					
14303.369	8.323999999998705	trials	8.0	14308.204139	14309.687331			14307.522909	14309.677905			1.0		0.0	2.0					
14315.748	8.425000000001091	trials	8.0	14321.035023	14322.726708	14323.847386	14323.907492999999	14320.478151	14323.045671			1.0	2.0	0.0	3.0					
14328.232	6.880999999999403	trials	8.0	14330.164249	14331.70925	14332.991811	14333.261353	14328.610947	14332.020477	14333.683	14335.113	1.0	2.0	1.0	1.0					
14338.238	9.909999999999854	trials	8.0	14343.204507	14344.847756	14346.316489	14346.376175	14342.670983	14345.398302	14347.043	14348.148	1.0	1.0	1.0	1.0					
14350.166	7.106999999999971	trials	8.0	14353.574720999999	14355.231602	14356.973216999999	14357.150499	14352.740011	14355.896631			1.0	1.0	0.0	3.0					
14360.289	12.65899999999965	trials	8.0	14366.570724	14367.909806	14369.888001	14370.130038	14366.049535999999	14368.933965	14370.533	14372.948	1.0	1.0	1.0	1.0					
14374.664	22.959999999999127	trials	8.0	14392.851112	14393.926204	14395.534943999999	14395.861383	14392.339364	14394.520223	14396.363	14397.624	1.0	1.0	1.0	1.0					
14401.643	10.055000000000291	trials	8.0	14407.374523999999	14409.196378999999			14406.493397999999	14409.652208	14411.414	14411.563	2.0		1.0	1.0					
14415.278	6.834999999999127	trials	8.0	14417.539613	14419.522062			14416.702901999999	14419.856711			2.0		1.0	1.0					
14424.623	36.460000000000946	trials	8.0	14458.965135	14459.086608			14458.253886999999	14459.075755			1.0		0.0	2.0					
14464.093	18.599999999998545	trials	8.0	14476.281305	14477.398108	14481.569903	14481.977883	14475.546860999999	14477.392671			2.0		0.0	2.0					
14483.403	4.489999999999782	trials	8.0	14485.050284	14485.899758			14482.707489	14485.890162			1.0		0.0	2.0					
14490.918	18.88500000000022	trials	8.0	14505.580145	14507.505401			14504.726855	14507.698499			2.0		1.0	1.0					
14512.323	16.255999999999403	trials	8.0	14525.785464	14526.527435	14527.578429	14527.623285	14525.073054	14526.524334			1.0		0.0	2.0					
14531.588	63.850000000000364	trials	8.0	14586.620466	14588.247502999999	14593.502514	14593.880532	14585.93141	14588.46902	14594.289	14595.438	1.0	1.0	1.0	1.0					
14599.498	8.706000000000131	trials	8.0	14604.847316	14606.407313	14607.606404999999	14608.220742	14604.195848	14606.784738			1.0	2.0	0.0	3.0					
14611.979	8.929000000000087	trials	8.0	14615.915766	14617.019058	14618.886623	14619.210543	14615.196926	14617.806234	14619.638	14620.908	1.0	1.0	1.0	1.0					
14624.933	8.014999999999418	trials	8.0	14627.675742	14629.39502			14626.985775	14630.713811			2.0		1.0	1.0					
14635.488	7.930000000000291	trials	8.0	14637.735959	14639.489307	14641.228868999999	14641.482887999999	14637.135703	14640.284873	14642.013	14643.418	1.0	1.0	1.0	1.0					
14646.488	10.220000000001164	trials	8.0	14651.481287999999	14653.468820999999	14654.907444	14655.079081	14650.485722	14653.822247	14655.563	14656.708	1.0	2.0	1.0	1.0					
14659.789	24.328999999999724	trials	8.0	14679.085793999999	14681.005745999999	14682.006299	14682.336218	14678.149073	14681.067473	14682.713	14684.118	1.0	1.0	1.0	1.0					
14687.179	6.049999999999272	trials	8.0	14689.465962	14691.237483	14692.266291	14692.479915	14688.89499	14691.228254			1.0		0.0	2.0					
14695.288	7.649999999999636	trials	8.0	14699.231412	14700.944672			14698.715838	14700.941121			1.0		0.0	2.0					
14704.948	20.334999999999127	trials	8.0	14722.591167999999	14723.84861	14724.982039999999	14725.248609	14721.678172	14724.051132			1.0	1.0	0.0	3.0					
14729.338	9.130000000001019	trials	8.0	14733.951591	14735.269502	14736.428258	14736.680061	14733.105642999999	14735.280765	14737.033	14738.468	1.0	1.0	1.0	1.0					
14742.534	5.113999999999578	trials	8.0	14744.401982	14745.65798			14743.080710999999	14745.648822			1.0		0.0	2.0					
14749.704	9.259000000000015	trials	8.0	14754.267974999999	14755.403363	14757.201691999999	14757.438576	14753.620427	14756.273756999999	14757.948	14758.963	1.0	2.0	1.0	1.0					
14761.008	8.460000000000946	trials	8.0	14766.397308	14767.678959	14768.969211	14769.24534	14765.744166	14767.994926			1.0	2.0	0.0	3.0					
14773.283	39.67100000000028	trials	8.0	14808.297311999999	14809.404126	14810.747792999999	14811.183813	14807.358175	14810.0018	14811.433	14812.954	1.0	1.0	1.0	1.0					
14815.058	12.440999999998894	trials	8.0	14822.051382	14823.313716			14821.382385	14824.030056	14825.789	14827.499	2.0		1.0	1.0					
14831.561	4.79700000000048	trials	8.0	14833.357152	14834.123813999999	14835.949829	14836.108576999999	14832.247358	14834.118016			1.0		0.0	2.0					
14839.169	9.954999999999927	trials	8.0	14844.018186	14845.928394999999	14847.077056999999	14847.259407	14843.113613	14846.237397	14847.813	14849.124	1.0	2.0	1.0	1.0					
14851.143	8.549999999999272	trials	8.0	14855.20206	14857.131851			14854.505231	14857.568011			2.0		1.0	1.0					
14864.149	6.959000000000742	trials	8.0	14865.951810999999	14867.942898	14869.272304999999	14869.438899	14865.147422	14868.441515999999	14870.018	14871.108	1.0	1.0	1.0	1.0					
14873.172	20.74200000000019	trials	8.0	14888.386467	14890.136887999999	14891.792356	14892.041308	14887.463756	14890.433767999999	14892.468	14893.914	1.0	1.0	1.0	1.0					
14896.972	8.206000000000131	trials	8.0	14900.157036	14901.725981	14903.067134	14903.11624	14899.330392	14901.962484	14903.789	14905.178	1.0	1.0	1.0	1.0					
14907.228	8.84100000000035	trials	8.0	14912.33316	14913.81141	14915.741584	14916.070386	14911.49339	14914.706106			1.0	1.0	0.0	3.0					
14919.093	7.060999999999694	trials	8.0	14921.688290999999	14923.597659			14921.081598	14923.946823			2.0		1.0	1.0					
14929.628	8.05999999999949	trials	8.0	14934.886794	14935.646217			14933.904164	14935.632651			1.0		0.0	2.0					
14940.744	15.153999999998632	trials	8.0	14948.977681	14950.205504	14953.836048	14954.120196	14948.244621	14952.971286	14954.648	14955.898	1.0	1.0	1.0	1.0					
14960.008	6.094999999999345	trials	8.0	14962.272767999999	14963.555943			14961.310059	14963.894127			2.0		1.0	1.0					
14969.628	7.729999999999563	trials	8.0	14971.187856	14972.498968	14974.614815	14974.834149	14970.212903	14973.545814	14975.414	14977.358	1.0	1.0	1.0	1.0					
14981.393	67.9359999999997	trials	8.0	15046.41286	15047.529208	15049.013862	15049.285461	15045.604348	15048.165857			1.0	2.0	0.0	3.0					
15052.378	7.795000000000073	trials	8.0	15055.742997	15057.619685			15054.745125	15057.89947			2.0		1.0	1.0					
15064.693	6.225000000000364	trials	8.0	15066.309121999999	15068.127774			15065.360376	15068.73086			2.0		1.0	1.0					
15074.478	31.345000000001164	trials	8.0	15103.092716	15103.764432			15102.497530999999	15103.758534999999			1.0		0.0	2.0					
15107.853	8.601000000000568	trials	8.0	15113.019293	15114.749178	15115.706424	15115.737726	15112.127127	15115.016025			1.0	2.0	0.0	3.0					
15120.019	15.013999999999214	trials	8.0	15130.103652	15131.349061	15133.239599	15133.548124	15129.346889	15132.407534	15134.008	15135.033	1.0	1.0	1.0	1.0					
15138.048	8.484999999998763	trials	8.0	15141.628144999999	15142.900399999999	15144.697068	15144.92166	15140.890943	15143.520104	15145.523	15146.533	1.0	1.0	1.0	1.0					
15150.553	29.127000000000407	trials	8.0	15158.974569	15160.422729	15177.788054	15177.964956	15158.456818999999	15160.829384	15178.508	15179.68	1.0	1.0	1.0	1.0					
15183.704	6.088999999999942	trials	8.0	15185.293049	15186.943329	15189.197745	15189.384906	15184.548805	15187.36794			1.0	1.0	0.0	3.0					
15191.557	7.856999999999971	trials	8.0	15195.083365999999	15196.905144			15194.112677	15196.888335	15198.673	15199.414	2.0		1.0	1.0					
15203.484	28.023999999999432	trials	8.0	15227.060392	15228.400721	15229.692704	15229.862367	15226.401806	15228.846177	15230.388	15231.508	1.0	1.0	1.0	1.0					
15233.558	8.375	trials	8.0	15236.435521	15237.565683	15240.034682	15240.275064	15235.771437	15238.979441	15240.728	15241.933	1.0	1.0	1.0	1.0					
15244.003	8.649999999999636	trials	8.0	15248.408727	15250.107033			15247.674885	15250.367684			2.0		1.0	1.0					
15257.219	14.820000000001528	trials	8.0	15261.588312	15263.062929	15270.163058999999	15270.372256999999	15260.608655	15263.095217	15270.738	15272.039	1.0	1.0	1.0	1.0					
15274.113	6.9210000000002765	trials	8.0	15278.038854	15279.368637	15280.654429999999	15280.892533999999	15277.217810999999	15279.740253			1.0	2.0	0.0	3.0					
15282.978	39.840000000000146	trials	8.0	15318.858	15320.25759	15322.498975999999	15322.801191999999	15318.085299999999	15321.142966			1.0	1.0	0.0	3.0					
15325.829	8.059000000001106	trials	8.0	15329.508792999999	15331.317568999999			15328.660296999999	15331.708515999999			2.0		1.0	1.0					
15337.408	6.989999999999782	trials	8.0	15339.178563	15340.494633999999	15341.778429999998	15342.058031999999	15338.298471	15340.588815	15342.493	15344.398	1.0	1.0	1.0	1.0					
