onset	duration	nwb_table	block	tone_on_time	tone_off_time	action_on_time	action_off_time	pokeC_on_time	pokeC_off_time	reward_on_time	reward_off_time	state	action	reward	result	FinishedBlock	FirstTrial	LastTrial	RewardRule_L	RewardRule_R
2.369	697.23	BlockDesign														1.0	1.0	42.0	10.0	50.0
2.369	57.660000000000004	trials	1.0	56.614121000000004	58.51924	59.629169000000005	60.030266000000005	55.869	58.903118000000006			1.0	2.0	0.0	3.0					
63.994	5.510999999999996	trials	1.0	67.048554	68.254404	69.146592	69.50600800000001	66.04592	68.68845300000001			1.0	1.0	0.0	3.0					
71.474	15.704999999999998	trials	1.0	79.609365	80.96054900000001			78.63231300000001	81.289413			2.0		1.0	1.0					
88.049	4.884999999999991	trials	1.0	89.94894	90.88045500000001			87.18129400000001	90.87431699999999			1.0		0.0	2.0					
94.944	19.855999999999995	trials	1.0	111.32898600000001	112.78630799999999			110.59183200000001	112.785639	108.429	109.209	2.0		1.0	1.0					
117.359	19.206000000000003	trials	1.0	120.154191	121.90652299999999	136.153298	136.564368	119.196278	122.39150599999999			1.0	1.0	0.0	3.0					
139.474	14.105000000000018	trials	1.0	151.51946900000002	151.56152600000001			150.635309	151.55607600000002			1.0		0.0	2.0					
156.586	14.427999999999997	trials	1.0	168.27942900000002	169.579088	170.70775500000002	170.98551600000002	167.36723600000002	170.058267			1.0	2.0	0.0	3.0					
175.071	16.058999999999997	trials	1.0	187.10968100000002	188.566356			186.26723900000002	188.85304100000002			2.0		1.0	1.0					
194.609	8.629999999999995	trials	1.0	198.999908	200.686922			198.209866	200.986092			2.0		1.0	1.0					
207.75	4.938999999999993	trials	1.0	209.511156	210.91139	212.18404800000002	212.69363900000002	208.10913200000002	211.48046000000002			1.0	2.0	0.0	3.0					
216.514	19.369999999999976	trials	1.0	232.629816	234.086061	235.50330000000002	235.886142	231.75594600000002	234.94630800000002			1.0	1.0	0.0	3.0					
238.868	22.586000000000013	trials	1.0	257.3902	258.864961			256.42688400000003	259.142269			2.0		1.0	1.0					
263.939	6.275999999999954	trials	1.0	267.185433	268.42579	269.867661	270.21914000000004	266.289371	269.32074			1.0	1.0	0.0	3.0					
272.234	24.875	trials	1.0	292.91972300000003	294.175878	295.572785	295.850055	292.007452	294.91451	296.439	297.109	1.0	2.0	1.0	1.0					
301.175	6.079999999999984	trials	1.0	302.704947	304.501493	305.63216700000004	305.929161	301.81959	305.041137	306.324	307.255	1.0	2.0	1.0	1.0					
310.325	19.174000000000035	trials	1.0	325.00124900000003	326.656872	327.771012	328.072013	324.367703	327.224559	328.59	329.499	1.0	2.0	1.0	1.0					
332.36	7.748999999999967	trials	1.0	335.82543200000003	337.36233	338.529543	338.812874	335.110631	337.909443	339.294	340.109	1.0	2.0	1.0	1.0					
343.154	8.910000000000025	trials	1.0	347.740539	349.556936			347.00552700000003	349.942991			2.0		1.0	1.0					
354.59	7.125	trials	1.0	356.975496	358.732012	360.041404	360.306824	356.094329	359.446731			1.0	2.0	0.0	3.0					
364.394	15.879999999999995	trials	1.0	375.49521	377.291424	378.182034	378.53826000000004	374.774832	377.648228			1.0	1.0	0.0	3.0					
380.494	19.470999999999947	trials	1.0	396.15168900000003	397.563858	399.530906	399.96639500000003	395.512511	399.014406			1.0	1.0	0.0	3.0					
403.859	25.515000000000043	trials	1.0	422.420258	424.301936	428.89542	429.376597	421.71401000000003	424.827777			1.0	1.0	0.0	3.0					
432.204	9.480000000000018	trials	1.0	438.637412	439.917542	441.380898	441.6486	437.913641	440.83241300000003			1.0	2.0	0.0	3.0					
444.715	16.809000000000026	trials	1.0	456.450744	458.331547	460.028057	460.285233	455.892315	459.311258	460.574	461.524	1.0	2.0	1.0	1.0					
463.541	7.512999999999977	trials	1.0	466.995557	468.456885	470.137602	470.27464200000003	466.050921	469.601248			1.0	2.0	0.0	3.0					
473.461	20.66300000000001	trials	1.0	490.512583	492.470319	493.65522500000003	494.126463	489.720294	492.871145			1.0	2.0	0.0	3.0					
496.999	22.059999999999945	trials	1.0	514.406036	516.271262	517.3230580000001	517.716855	513.540698	516.544083	517.989	519.059	1.0	2.0	1.0	1.0					
523.109	6.789999999999964	trials	1.0	525.0125820000001	526.604457	528.2009850000001	528.648633	524.386825	527.430827	528.899	529.899	1.0	2.0	1.0	1.0					
531.919	9.925000000000068	trials	1.0	536.821568	538.6842320000001	540.221061	540.485739	536.146541	539.494029	540.874	541.844	1.0	2.0	1.0	1.0					
545.869	9.105000000000018	trials	1.0	551.6972910000001	552.962901	553.716349	554.072163	550.702757	552.9577840000001			1.0		0.0	2.0					
556.984	9.120000000000005	trials	1.0	563.061698	564.89873	565.6634750000001	566.109471	562.317492	565.1547380000001			1.0	1.0	0.0	3.0					
569.019	15.030999999999949	trials	1.0	579.746216	581.0096	582.462096	582.736989	578.903742	581.726138	583.364	584.05	1.0	2.0	1.0	1.0					
588.064	7.941000000000031	trials	1.0	591.641837	593.453993			590.954651	593.813351			2.0		1.0	1.0					
599.58	12.003999999999905	trials	1.0	607.336308	608.996271			606.344486	609.298705			2.0		1.0	1.0					
615.052	6.606999999999971	trials	1.0	617.541533	619.1069630000001			616.804637	619.5527500000001			2.0		1.0	1.0					
625.184	7.389999999999986	trials	1.0	629.466627	630.592532	631.8516520000001	632.1226800000001	628.524821	631.278324			1.0	2.0	0.0	3.0					
634.175	18.13900000000001	trials	1.0	647.951867	649.123059	650.847742	651.1261030000001	647.429793	649.900503	651.639	652.314	1.0	2.0	1.0	1.0					
656.37	7.6889999999999645	trials	1.0	660.437097	661.502757			659.83127	661.931643			2.0		1.0	1.0					
668.574	10.585000000000036	trials	1.0	670.574261	672.003954			669.216948	672.985347			2.0		1.0	1.0					
679.559	5.1299999999999955	trials	1.0	681.402107	682.633649	683.358891	683.525726	679.162974	682.6270010000001			1.0		0.0	2.0					
687.704	11.895000000000095	trials	1.0	696.652247	697.935474	699.525132	699.920261	695.899746	698.908088			1.0	2.0	0.0	3.0					
701.925	1744.6650000000002	BlockDesign														1.0	43.0	140.0	50.0	10.0
701.925	29.19900000000007	trials	2.0	728.2165650000001	729.84578	730.801575	731.005358	727.265007	730.275351			1.0	2.0	0.0	3.0					
735.134	11.044999999999959	trials	2.0	741.848841	743.328699			741.084173	743.954892			2.0		1.0	1.0					
749.744	4.794999999999959	trials	2.0	751.711959	753.1795510000001	754.227444	754.395884	750.808926	753.647343			1.0	2.0	0.0	3.0					
758.559	15.889999999999986	trials	2.0	769.952589	771.938909			769.06969	772.226973			2.0		1.0	1.0					
777.969	5.995999999999981	trials	2.0	780.388917	781.410038			779.395412	781.877805			2.0		1.0	1.0					
786.471	6.638000000000034	trials	2.0	789.042591	790.2651060000001	791.442585	791.736953	788.198968	790.7862	792.234	793.109	1.0	2.0	1.0	1.0					
796.024	8.340000000000032	trials	2.0	800.797095	802.3653850000001	803.09993	803.211442	800.2069280000001	802.352891			1.0		0.0	2.0					
808.419	15.600000000000023	trials	2.0	820.697459	822.525165	823.70473	823.981908	820.1513160000001	822.967659			1.0	2.0	0.0	3.0					
826.033	12.081000000000017	trials	2.0	834.777795	836.638155	837.768047	838.118639	833.880972	837.248544			1.0	1.0	0.0	3.0					
840.094	14.379999999999995	trials	2.0	851.108019	853.084023	854.075333	854.482139	850.2589380000001	853.524024			1.0	2.0	0.0	3.0					
856.429	13.19500000000005	trials	2.0	865.603563	867.030092			865.067675	867.394223			2.0		1.0	1.0					
872.109	6.954999999999927	trials	2.0	874.349736	876.302607	877.3291380000001	877.747417	873.768558	876.775437	878.029	879.064	1.0	1.0	1.0	1.0					
882.13	33.835000000000036	trials	2.0	912.75263	914.528076	915.547055	915.973434	911.896944	914.981241			1.0	2.0	0.0	3.0					
919.909	13.085000000000036	trials	2.0	928.927548	930.489864			928.351176	930.9189690000001			2.0		1.0	1.0					
936.52	9.994000000000028	trials	2.0	938.218107	940.088028			937.09963	940.52282			2.0		1.0	1.0					
947.255	5.460000000000036	trials	2.0	948.889776	950.195891	950.905941	951.3013540000001	946.520589	950.287662	951.794	952.715	1.0	1.0	1.0	1.0					
955.784	9.210000000000036	trials	2.0	960.533471	962.226612	963.106304	963.524344	959.9826390000001	962.553398	963.814	964.994	1.0	1.0	1.0	1.0					
969.019	8.590000000000032	trials	2.0	974.1936900000001	975.551687	977.191014	977.614598	973.570874	976.5776520000001			1.0	1.0	0.0	3.0					
979.514	18.677999999999997	trials	2.0	994.5530200000001	995.894222	997.671777	998.196434	994.046856	997.0393770000001			1.0	2.0	0.0	3.0					
1002.029	9.268000000000029	trials	2.0	1008.373452	1009.63778	1010.937581	1011.258068	1007.376216	1010.193551			1.0	2.0	0.0	3.0					
1014.252	18.999000000000024	trials	2.0	1030.649048	1032.144861	1032.92396	1033.260387	1029.651087	1032.468773			1.0	1.0	0.0	3.0					
1035.239	28.115999999999985	trials	2.0	1057.51539	1058.607706	1061.027937	1061.442927	1056.918918	1060.4828			1.0	1.0	0.0	3.0					
1065.34	21.291000000000167	trials	2.0	1083.019245	1085.069243	1086.265334	1086.6141930000001	1082.263587	1085.55914			1.0	2.0	0.0	3.0					
1089.63	31.419999999999845	trials	2.0	1116.319247	1118.365641	1119.619328	1119.8826510000001	1115.691536	1118.853638	1120.255	1121.05	1.0	2.0	1.0	1.0					
1123.066	8.923000000000002	trials	2.0	1129.199486	1130.606438	1131.678708	1131.966656	1128.3798	1130.977874			1.0	2.0	0.0	3.0					
1134.999	14.340999999999894	trials	2.0	1146.530612	1148.066357	1149.0202590000001	1149.333678	1145.612694	1148.46888			1.0	1.0	0.0	3.0					
1152.386	26.42800000000011	trials	2.0	1175.074559	1176.77168	1178.509338	1178.759108	1174.095117	1177.672797			1.0	2.0	0.0	3.0					
1180.824	16.50999999999999	trials	2.0	1193.294454	1194.681087	1196.079173	1196.614853	1192.471487	1195.419642			1.0	1.0	0.0	3.0					
1198.44	38.09899999999993	trials	2.0	1232.289423	1233.986709			1231.531647	1234.429865			2.0		1.0	1.0					
1241.019	5.210000000000036	trials	2.0	1243.105206	1244.241552	1245.864151	1246.234817	1242.334049	1245.103832			1.0	1.0	0.0	3.0					
1250.175	19.289999999999964	trials	2.0	1265.879661	1266.911646			1264.956045	1267.361443			2.0		1.0	1.0					
1273.975	6.5300000000002	trials	2.0	1275.985242	1277.906741			1275.05557	1278.303035			2.0		1.0	1.0					
1283.015	7.043999999999869	trials	2.0	1286.429418	1287.551072			1285.577243	1287.9373170000001			2.0		1.0	1.0					
1294.575	10.198999999999842	trials	2.0	1301.344593	1303.072858	1304.454945	1304.724735	1300.826405	1303.703498			1.0	2.0	0.0	3.0					
1307.784	8.386999999999944	trials	2.0	1312.976535	1314.516024	1315.815884	1316.132138	1312.203764	1315.112868			1.0	2.0	0.0	3.0					
1319.126	13.972999999999956	trials	2.0	1330.259636	1331.370782	1332.652313	1333.105512	1329.744258	1331.934278			1.0	2.0	0.0	3.0					
1336.0	38.32400000000007	trials	2.0	1363.930317	1365.000869	1369.108283	1369.668459	1363.375032	1365.710513	1369.804	1370.974	1.0	1.0	1.0	1.0					
1374.914	4.535000000000082	trials	2.0	1376.860461	1377.407868	1378.105241	1378.219757	1374.332673	1377.395561			1.0		0.0	2.0					
1381.459	13.889999999999873	trials	2.0	1392.44594	1393.572288	1395.048942	1395.328959	1391.695741	1394.112928			1.0	2.0	0.0	3.0					
1397.359	15.600000000000136	trials	2.0	1408.485785	1410.22869	1411.265135	1411.620158	1407.52896	1410.7484	1411.984	1412.959	1.0	1.0	1.0	1.0					
1415.024	16.735000000000127	trials	2.0	1428.155838	1429.757063			1427.431623	1429.7499540000001			1.0		0.0	2.0					
1435.769	7.770999999999958	trials	2.0	1440.437172	1441.76889	1443.233772	1443.473753	1439.534286	1442.680334			1.0	1.0	0.0	3.0					
1446.575	18.278999999999996	trials	2.0	1457.485864	1458.998529	1463.043651	1463.532333	1456.702301	1459.487541	1463.854	1464.854	1.0	1.0	1.0	1.0					
1468.874	6.625	trials	2.0	1472.102744	1473.584993	1475.070069	1475.509013	1471.502826	1474.342323			1.0	2.0	0.0	3.0					
1477.389	15.475000000000136	trials	2.0	1489.767702	1491.183201	1492.557662	1492.83282	1488.931562	1491.983028			1.0	2.0	0.0	3.0					
1495.874	15.45399999999995	trials	2.0	1507.437528	1508.778521			1506.534593	1509.085782			2.0		1.0	1.0					
1513.834	7.054999999999836	trials	2.0	1516.161221	1517.566043	1518.932317	1519.452518	1515.37239	1518.327708	1519.649	1520.889	1.0	1.0	1.0	1.0					
1524.907	5.467000000000098	trials	2.0	1527.651821	1529.005877	1530.01203	1530.383184	1526.982774	1529.439188			1.0	2.0	0.0	3.0					
1533.329	12.375	trials	2.0	1541.201559	1543.197932			1540.32039	1543.485168			2.0		1.0	1.0					
1548.269	8.236000000000104	trials	2.0	1552.796072	1554.502415			1551.85284	1554.494598			1.0		0.0	2.0					
1559.529	23.11500000000001	trials	2.0	1577.541353	1579.198167	1580.840288	1580.913495	1576.79223	1580.045028	1581.449	1582.644	1.0	2.0	1.0	1.0					
1585.431	5.449000000000069	trials	2.0	1587.411792	1588.878452			1586.736639	1588.872671			1.0		0.0	2.0					
1592.889	18.735000000000127	trials	2.0	1603.906757	1605.915761	1609.870793	1610.279118	1603.329671	1606.274016	1610.619	1611.624	1.0	1.0	1.0	1.0					
1613.644	8.019999999999982	trials	2.0	1618.563152	1619.778675	1621.21878	1621.675445	1617.917637	1620.665571			1.0	1.0	0.0	3.0					
1624.579	20.65000000000009	trials	2.0	1641.482276	1643.521463	1644.748038	1645.240442	1640.484494	1644.036234			1.0	2.0	0.0	3.0					
1647.069	16.36200000000008	trials	2.0	1660.207035	1661.82368	1663.134906	1663.4407860000001	1659.465666	1662.680234			1.0	1.0	0.0	3.0					
1666.439	33.00999999999999	trials	2.0	1694.536895	1696.081314	1697.703297	1698.119559	1693.813239	1697.230029	1698.479	1699.449	1.0	1.0	1.0	1.0					
1703.479	8.667999999999893	trials	2.0	1707.046946	1708.371695	1710.133839	1710.675365	1706.262923	1709.567793	1710.796	1712.147	1.0	1.0	1.0	1.0					
1715.165	9.514000000000124	trials	2.0	1719.622263	1721.123318	1722.776771	1723.103453	1718.926791	1721.91452	1723.539	1724.679	1.0	1.0	1.0	1.0					
1727.696	11.442999999999984	trials	2.0	1734.372632	1735.877238	1737.04817	1737.479277	1733.836797	1736.384084	1737.819	1739.139	1.0	1.0	1.0	1.0					
1740.944	20.44600000000014	trials	2.0	1757.732601	1759.344294	1761.09629	1761.312734	1756.980572	1759.336382			1.0		0.0	2.0					
1764.404	11.101000000000113	trials	2.0	1772.369796	1774.067799	1775.122697	1775.51372	1771.447007	1774.602561			1.0	1.0	0.0	3.0					
1777.434	24.5	trials	2.0	1797.427611	1799.388783			1796.550728	1799.658353			2.0		1.0	1.0					
1805.484	5.380000000000109	trials	2.0	1807.307291	1808.864115	1809.703154	1809.793794	1805.706956	1808.855688			1.0		0.0	2.0					
1812.88	20.603999999999814	trials	2.0	1827.272937	1829.259339	1830.842031	1831.248731	1826.607301	1830.139896			1.0	1.0	0.0	3.0					
1835.19	25.259000000000015	trials	2.0	1856.611452	1857.945497			1855.917392	1858.444983			2.0		1.0	1.0					
1864.969	6.629999999999882	trials	2.0	1866.877799	1868.887707	1869.813866	1870.2808890000001	1866.010254	1869.373383	1870.479	1871.599	1.0	1.0	1.0	1.0					
1875.664	27.440000000000055	trials	2.0	1900.052691	1901.564987	1902.685344	1903.115321	1899.109854	1901.95188			1.0	2.0	0.0	3.0					
1905.038	12.836000000000013	trials	2.0	1913.118386	1915.120382	1915.818249	1916.223416	1912.194942	1915.150161	1916.599	1917.874	1.0	1.0	1.0	1.0					
1921.902	25.14799999999991	trials	2.0	1943.217891	1945.009967			1942.443164	1944.995244			2.0		0.0	2.0					
1949.056	5.557999999999993	trials	2.0	1950.823479	1952.080038	1953.309156	1953.483015	1950.0712350000001	1952.705478	1954.009	1954.614	1.0	2.0	1.0	1.0					
1957.669	37.774999999999864	trials	2.0	1987.913423	1989.148116			1987.23099	1989.585849			2.0		1.0	1.0					
1996.215	4.369000000000142	trials	2.0	1997.823839	1998.550241	2000.178461	2000.425257	1995.455715	1998.545879			2.0		0.0	2.0					
2004.639	7.945000000000164	trials	2.0	2007.823946	2009.570573			2007.202026	2010.328902			2.0		1.0	1.0					
2015.094	6.694999999999936	trials	2.0	2018.828642	2020.369194	2021.444307	2021.799348	2018.237084	2020.84284			1.0	1.0	0.0	3.0					
2024.761	9.463999999999942	trials	2.0	2031.565361	2033.315522	2033.905502	2034.237996	2030.755577	2033.272046			1.0	2.0	0.0	3.0					
2038.219	7.8599999999999	trials	2.0	2042.548601	2043.709548	2045.780111	2046.073515	2041.800302	2045.019468			1.0	2.0	0.0	3.0					
2049.09	10.453999999999724	trials	2.0	2056.409079	2058.205505	2059.252018	2059.547843	2055.491802	2058.7881820000002			1.0	1.0	0.0	3.0					
2062.575	22.964000000000397	trials	2.0	2080.334042	2082.37925	2083.681373	2084.096889	2079.715321	2083.168137	2084.374	2085.539	1.0	1.0	1.0	1.0					
2089.559	5.5949999999998	trials	2.0	2092.23501	2093.626037	2094.666544	2095.167242	2091.236357	2094.11804			1.0	2.0	0.0	3.0					
2098.99	24.350000000000364	trials	2.0	2119.764339	2121.713382	2122.984459	2123.348463	2118.769024	2122.378184			1.0	1.0	0.0	3.0					
2125.309	24.1899999999996	trials	2.0	2145.039368	2146.927328			2144.498694	2147.257361			2.0		1.0	1.0					
2151.989	7.016000000000076	trials	2.0	2154.360072	2156.010753	2157.087378	2157.572082	2153.433849	2156.52983	2157.749	2159.005	1.0	1.0	1.0	1.0					
2162.024	29.954999999999927	trials	2.0	2187.941157	2189.186295			2187.155504	2189.714194			2.0		1.0	1.0					
2195.484	9.050000000000182	trials	2.0	2200.271259	2201.651815	2202.855593	2203.162254	2199.656046	2202.243764	2203.634	2204.534	1.0	1.0	1.0	1.0					
2208.6	9.034000000000106	trials	2.0	2212.71959	2214.546785	2215.716441	2216.084985	2211.761466	2214.613701	2216.404	2217.634	1.0	1.0	1.0	1.0					
2220.684	13.579999999999927	trials	2.0	2230.990028	2232.288116	2233.972065	2234.218097	2230.210557	2232.684755			1.0	2.0	0.0	3.0					
2238.314	9.276000000000295	trials	2.0	2244.514361	2245.827036	2247.088491	2247.601356	2243.980563	2246.584079			1.0	1.0	0.0	3.0					
2250.394	15.495000000000346	trials	2.0	2262.598365	2264.241762	2265.552062	2265.902558	2262.072863	2265.010985			1.0	1.0	0.0	3.0					
2269.874	32.99400000000014	trials	2.0	2299.205358	2300.362226			2298.374643	2300.784603			2.0		1.0	1.0					
2305.394	6.830000000000382	trials	2.0	2309.390025	2310.566699	2311.93332	2312.230704	2308.565744	2311.336067			1.0	1.0	0.0	3.0					
2314.233	21.942000000000007	trials	2.0	2332.850346	2334.787422	2335.779924	2336.18624	2332.038165	2335.224892			1.0	1.0	0.0	3.0					
2338.109	17.19100000000026	trials	2.0	2349.740589	2350.782471	2353.409466	2353.957368	2349.185526	2352.951409	2354.064	2355.3	1.0	1.0	1.0	1.0					
2357.334	9.59100000000035	trials	2.0	2361.870655	2363.152563	2364.75217	2365.128377	2361.352175	2364.093572	2365.484	2366.925	1.0	1.0	1.0	1.0					
2369.984	27.97499999999991	trials	2.0	2393.975406	2395.95876			2393.313569	2395.953443			2.0		0.0	2.0					
2399.969	6.786000000000058	trials	2.0	2401.861115	2403.537771	2404.612383	2405.096496	2400.942443	2404.07813	2405.329	2406.755	1.0	1.0	1.0	1.0					
2409.784	25.38000000000011	trials	2.0	2426.640468	2427.845936	2433.731567	2434.1688130000002	2425.81095	2429.848391			1.0	1.0	0.0	3.0					
2436.086	10.50400000000036	trials	2.0	2437.942656	2439.656663	2444.533902	2444.907776	2435.179285	2440.1069430000002	2445.139	2446.59	1.0	1.0	1.0	1.0					
2448.7	2610.174	BlockDesign														1.0	141.0	278.0	50.0	90.0
2448.7	14.214000000000397	trials	3.0	2458.546035	2460.153176	2461.295066	2461.569667	2458.043429	2460.845078	2462.124	2462.914	1.0	1.0	1.0	1.0					
2466.965	7.824000000000069	trials	3.0	2470.3264560000002	2471.984484			2469.510593	2472.508571			2.0		1.0	1.0					
2479.289	22.215999999999894	trials	3.0	2497.55093	2498.892366	2499.81001	2500.149557	2496.86405	2499.258407	2500.429	2501.505	1.0	2.0	1.0	1.0					
2503.575	8.60400000000027	trials	3.0	2507.567691	2509.365662	2510.53907	2510.781216	2506.758191	2509.894668	2511.195	2512.179	1.0	2.0	1.0	1.0					
2514.199	8.871000000000095	trials	3.0	2519.29149	2521.033527			2518.309011	2521.029548			1.0		0.0	2.0					
2527.079	49.221000000000004	trials	3.0	2572.176524	2573.298383			2571.274809	2574.081554			2.0		1.0	1.0					
2579.884	5.730000000000018	trials	3.0	2581.466922	2582.978003	2584.043913	2584.411416	2580.299057	2583.402411	2584.734	2585.614	1.0	2.0	1.0	1.0					
2587.66	6.8840000000000146	trials	3.0	2591.287101	2593.260719	2594.105316	2594.560016	2590.511037	2593.576046			1.0	2.0	0.0	3.0					
2597.455	60.94900000000007	trials	3.0	2654.162175	2655.437534	2656.651053	2656.985997	2653.163274	2656.081463	2657.414	2658.404	1.0	2.0	1.0	1.0					
2661.284	5.940000000000055	trials	3.0	2663.4174590000002	2665.044677	2666.584986	2667.239633	2662.827879	2665.921827			1.0	2.0	0.0	3.0					
2670.904	44.00500000000011	trials	3.0	2711.50245	2712.753184	2713.370241	2713.677531	2710.875522	2712.862533	2713.969	2714.909	1.0	2.0	1.0	1.0					
2717.935	7.469000000000051	trials	3.0	2721.472335	2722.7812910000002	2723.56097	2724.153503	2720.553818	2722.816119	2724.184	2725.404	1.0	2.0	1.0	1.0					
2728.429	7.817999999999756	trials	3.0	2733.537531	2734.254487			2732.7315360000002	2734.247177			1.0		0.0	2.0					
2740.279	6.494999999999891	trials	3.0	2741.922752	2743.368348	2745.120815	2745.22265	2741.043417	2744.557149	2745.819	2746.774	1.0	2.0	1.0	1.0					
2748.715	30.018999999999778	trials	3.0	2774.597684	2776.144085			2773.936596	2776.628562			2.0		1.0	1.0					
2783.184	16.919999999999618	trials	3.0	2796.097692	2797.411047	2798.377422	2798.7264	2795.538447	2797.882884	2799.164	2800.104	1.0	2.0	1.0	1.0					
2802.169	7.8400000000001455	trials	3.0	2806.088239	2807.455179	2808.312453	2808.617159	2805.516092	2807.822022	2809.059	2810.009	1.0	2.0	1.0	1.0					
2812.88	7.335000000000036	trials	3.0	2816.262639	2817.414644	2818.616571	2818.90736	2815.578331	2818.046571	2819.249	2820.215	1.0	2.0	1.0	1.0					
2822.28	36.748999999999796	trials	3.0	2850.643074	2852.134314			2849.91498	2852.529063			2.0		1.0	1.0					
2859.204	3.87099999999964	trials	3.0	2860.984688	2861.080503	2861.700459	2862.225604	2859.043448	2861.076116			1.0		0.0	2.0					
2866.088	14.795999999999822	trials	3.0	2876.320068	2878.234045	2879.110257	2879.573915	2875.502126	2878.584617	2879.724	2880.884	1.0	1.0	1.0	1.0					
2884.904	6.264999999999873	trials	3.0	2887.463502	2888.604678	2889.671631	2889.964338	2886.687244	2889.097164	2890.38	2891.169	1.0	2.0	1.0	1.0					
2894.189	9.295000000000073	trials	3.0	2899.383152	2900.912489			2898.43908	2901.216027			2.0		1.0	1.0					
2906.995	6.789000000000215	trials	3.0	2910.609858	2911.79514	2912.375024	2912.696244	2909.665364	2911.782936			1.0		0.0	2.0					
2915.814	20.48600000000033	trials	3.0	2931.848337	2933.769994	2934.68907	2934.993282	2931.086832	2934.176608	2935.369	2936.3	1.0	2.0	1.0	1.0					
2938.323	8.96600000000035	trials	3.0	2942.994003	2944.458072			2942.232032	2945.128362			2.0		1.0	1.0					
2950.825	6.423999999999978	trials	3.0	2952.8237990000002	2954.181927	2955.243641	2955.689494	2951.763462	2954.587313	2955.889	2957.249	1.0	1.0	1.0	1.0					
2959.269	10.025000000000091	trials	3.0	2964.40067	2965.91858	2967.332733	2967.635531	2963.468462	2966.788785	2968.209	2969.294	1.0	1.0	1.0	1.0					
2973.358	9.655999999999949	trials	3.0	2979.133683	2980.250695			2978.321292	2980.94159			2.0		1.0	1.0					
2985.544	14.434999999999945	trials	3.0	2996.094046	2997.665671	2998.358242	2998.696697	2995.243911	2997.668076	2999.064	2999.979	1.0	2.0	1.0	1.0					
3002.014	9.795000000000073	trials	3.0	3006.735215	3007.98026	3009.334107	3009.752151	3006.223083	3008.741143	3010.109	3011.809	1.0	1.0	1.0	1.0					
3014.88	10.614000000000033	trials	3.0	3022.070601	3023.461552	3024.210611	3024.546799	3021.138608	3023.449533			1.0		0.0	2.0					
3027.544	16.33600000000024	trials	3.0	3040.906467	3042.545994	3043.578582	3043.883954	3039.955757	3043.043731			1.0	1.0	0.0	3.0					
3046.884	24.144999999999982	trials	3.0	3066.451445	3068.1927790000004	3069.3568310000005	3069.7281340000004	3065.7078890000003	3068.8293310000004	3070.094	3071.029	1.0	2.0	1.0	1.0					
3074.045	6.536999999999807	trials	3.0	3076.0082030000003	3077.6484290000003	3078.9887390000004	3079.2674200000006	3075.4380850000002	3078.4287230000004	3079.675	3080.582	1.0	2.0	1.0	1.0					
3082.6	8.090000000000146	trials	3.0	3086.9568340000005	3088.1713330000002			3086.414	3088.5830170000004			2.0		1.0	1.0					
3093.253	8.297000000000025	trials	3.0	3097.2118090000004	3099.2507590000005			3096.4458320000003	3099.3189410000005			2.0		1.0	1.0					
3105.069	10.409999999999854	trials	3.0	3111.9021050000006	3113.4709270000003	3114.4669390000004	3115.1847720000005	3110.9464570000005	3113.458136			1.0		0.0	2.0					
3119.499	10.365000000000236	trials	3.0	3125.5016000000005	3126.852232	3128.2287670000005	3128.5294750000003	3124.9016730000003	3127.594954	3128.944	3129.864	1.0	2.0	1.0	1.0					
3133.881	6.459000000000287	trials	3.0	3136.9321390000005	3138.293512	3139.0222040000003	3139.3869250000002	3136.3814380000003	3138.2880170000003			1.0		0.0	2.0					
3142.374	18.176000000000386	trials	3.0	3156.586799	3157.998981			3155.6526140000005	3158.3139080000005			2.0		1.0	1.0					
3163.11	6.373999999999796	trials	3.0	3166.3221920000005	3167.4428600000006	3169.0414570000003	3169.4856640000003	3165.679856	3168.4761080000003			1.0	1.0	0.0	3.0					
3172.364	19.929999999999836	trials	3.0	3188.8078330000003	3190.1588800000004	3191.878199	3192.2959840000003	3187.9680890000004	3191.3384560000004			1.0	1.0	0.0	3.0					
3196.259	16.846000000000004	trials	3.0	3208.7476490000004	3210.338877			3208.039231	3210.8483000000006			2.0		1.0	1.0					
3216.654	7.010000000000218	trials	3.0	3219.037263	3220.4507650000005	3221.8321900000005	3222.2581600000003	3218.15824	3221.1423150000005	3222.544	3223.664	1.0	2.0	1.0	1.0					
3227.715	10.798999999999978	trials	3.0	3233.9778250000004	3235.9991080000004			3233.4512030000005	3236.315656			2.0		1.0	1.0					
3241.05	9.293999999999869	trials	3.0	3246.5872750000003	3247.9730540000005	3249.6320370000003	3250.3468070000004	3246.027911	3248.7941840000003			1.0	2.0	0.0	3.0					
3253.954	19.164999999999964	trials	3.0	3268.9123690000006	3270.1424020000004	3271.4430950000005	3271.7103770000003	3267.9193910000004	3270.7338110000005	3272.159	3273.119	1.0	2.0	1.0	1.0					
3276.92	9.82400000000007	trials	3.0	3282.1279150000005	3283.747862	3285.2293580000005	3285.495905	3281.2736300000006	3284.4561040000003	3285.925	3286.744	1.0	2.0	1.0	1.0					
3289.769	19.700000000000273	trials	3.0	3305.5095800000004	3307.0143820000003	3307.766954	3308.0941610000004	3304.9558010000005	3307.1561030000003	3308.494	3309.469	1.0	2.0	1.0	1.0					
3312.534	10.565000000000055	trials	3.0	3319.5703250000006	3321.049757	3321.7857070000005	3322.0777560000006	3318.6508250000006	3321.0461330000003			1.0		0.0	2.0					
3327.109	12.345000000000255	trials	3.0	3334.9083500000006	3336.2321020000004	3337.7071840000003	3338.1005500000006	3334.2633620000006	3337.0559290000006	3338.564	3339.454	1.0	1.0	1.0	1.0					
3343.474	10.817999999999756	trials	3.0	3350.0547610000003	3351.7277840000006			3349.4213540000005	3352.2164890000004			2.0		1.0	1.0					
3356.76	10.113999999999578	trials	3.0	3362.667745	3364.5334900000003	3366.1856330000005	3366.8741000000005	3362.0418350000004	3365.5254620000005			1.0	1.0	0.0	3.0					
3369.505	19.253999999999905	trials	3.0	3385.4739230000005	3386.7501500000003	3387.3658940000005	3387.6265460000004	3384.5650990000004	3386.7444060000003			1.0		0.0	2.0					
3391.769	16.65000000000009	trials	3.0	3403.408373	3405.1940010000003	3406.4565140000004	3406.6154990000005	3402.7170330000004	3405.8707790000003	3407.169	3408.419	1.0	1.0	1.0	1.0					
3412.219	8.871000000000095	trials	3.0	3416.970067	3418.5277360000005			3416.0737220000005	3418.9368860000004			2.0		1.0	1.0					
3424.604	8.550000000000182	trials	3.0	3428.4359890000005	3430.0703020000005	3431.5723180000005	3431.8695500000003	3427.7994670000003	3430.8846300000005	3432.344	3433.154	1.0	2.0	1.0	1.0					
3436.219	10.699999999999818	trials	3.0	3442.4035330000006	3444.3511310000004	3445.127213	3445.5044930000004	3441.7393340000003	3444.3755000000006	3445.829	3446.919	1.0	2.0	1.0	1.0					
3448.989	9.565999999999804	trials	3.0	3454.458449	3455.8574100000005	3456.879604	3457.10386	3453.7361240000005	3456.2963700000005	3457.63	3458.555	1.0	2.0	1.0	1.0					
3462.45	9.864000000000033	trials	3.0	3468.1587680000002	3469.6844240000005	3470.7141480000005	3471.0429590000003	3467.5538960000003	3470.06026	3471.434	3472.314	1.0	2.0	1.0	1.0					
3476.334	7.370000000000346	trials	3.0	3479.7489890000006	3481.1724650000006	3481.9457870000006	3482.3808530000006	3478.8447940000005	3481.1808750000005	3482.594	3483.704	1.0	2.0	1.0	1.0					
3487.736	12.288000000000011	trials	3.0	3495.8396860000003	3496.8805270000003	3498.3624610000006	3498.6384370000005	3495.3294940000005	3497.7727270000005	3499.054	3500.024	1.0	2.0	1.0	1.0					
3502.099	12.579999999999927	trials	3.0	3510.7655730000006	3512.2437280000004	3513.0961570000004	3513.376313	3509.990353	3512.5498640000005	3513.764	3514.679	1.0	2.0	1.0	1.0					
3516.699	15.641000000000076	trials	3.0	3523.8455540000004	3525.570743			3523.2106960000006	3525.683135			2.0		1.0	1.0					
3532.364	21.5949999999998	trials	3.0	3548.8740610000004	3550.1112940000003	3552.229537	3552.5836730000005	3548.2421930000005	3551.5898330000005	3553.019	3553.959	1.0	1.0	1.0	1.0					
3556.974	7.514999999999873	trials	3.0	3561.0106610000003	3562.4810290000005	3563.1306280000003	3563.7075540000005	3560.4545660000003	3562.4674120000004			1.0		0.0	2.0					
3566.495	19.494000000000142	trials	3.0	3582.1543100000004	3583.4758100000004			3581.5647620000004	3583.920312			2.0		1.0	1.0					
3590.516	5.462999999999738	trials	3.0	3592.2211640000005	3593.9210780000003			3590.7020600000005	3593.9157620000005			2.0		0.0	2.0					
3597.987	8.177000000000135	trials	3.0	3602.4141700000005	3604.1565520000004	3604.8465860000006	3605.2128940000002	3601.4853780000003	3604.1499440000002			1.0		0.0	2.0					
3608.175	30.989000000000033	trials	3.0	3634.6247490000005	3635.7267840000004	3637.7239470000004	3637.9730240000004	3633.6850890000005	3636.6928260000004	3621.184	3639.164	2.0		1.0	1.0					
3642.185	7.503999999999905	trials	3.0	3644.9900830000006	3646.2792590000004	3647.9994970000002	3648.2575090000005	3644.4232250000005	3647.4114960000006	3648.679	3649.689	1.0	2.0	1.0	1.0					
3653.709	8.120000000000346	trials	3.0	3658.4193290000003	3659.4921220000006	3661.4213990000003	3661.8335510000006	3657.7690850000004	3660.679942			1.0	1.0	0.0	3.0					
3663.776	78.23800000000028	trials	3.0	3738.5053540000004	3740.07225	3741.6102500000006	3742.0171160000004	3737.793458	3741.0000790000004			1.0	1.0	0.0	3.0					
3743.934	28.53099999999995	trials	3.0	3767.8956260000004	3769.8078740000005	3770.8864810000005	3771.1588120000006	3766.8991100000003	3770.3299760000004	3771.559	3772.465	1.0	2.0	1.0	1.0					
3775.484	7.559999999999945	trials	3.0	3778.5500420000003	3779.9416250000004	3781.411973	3781.6890590000003	3777.7831610000003	3780.8349390000003	3782.159	3783.044	1.0	2.0	1.0	1.0					
3786.066	5.618000000000393	trials	3.0	3789.2103000000006	3789.6389230000004			3788.2870610000004	3789.6322850000006			1.0		0.0	2.0					
3794.694	21.420000000000073	trials	3.0	3812.1606840000004	3814.1081560000002	3814.7705260000002	3814.9646960000005	3811.6190330000004	3814.1045080000004			1.0		0.0	2.0					
3820.169	55.70499999999993	trials	3.0	3869.2156840000002	3871.056605	3872.318497	3872.3741690000006	3868.2842960000003	3871.7124040000003	3872.914	3875.874	1.0	1.0	1.0	1.0					
3879.932	44.48700000000008	trials	3.0	3919.476775	3921.0575980000003	3922.581575	3923.016442	3918.7358500000005	3921.95438	3923.429	3924.419	1.0	1.0	1.0	1.0					
3926.439	23.55500000000029	trials	3.0	3946.5718830000005	3947.7911420000005	3949.2578490000005	3950.0002430000004	3946.0068650000003	3948.7180130000006			1.0	1.0	0.0	3.0					
3953.63	20.66399999999976	trials	3.0	3967.2630430000004	3968.8855900000003	3970.5754300000003	3970.9984280000003	3966.6846830000004	3969.96561			1.0	1.0	0.0	3.0					
3974.886	38.8130000000001	trials	3.0	4009.6217480000005	4011.1521950000006			4008.8798950000005	4011.5767540000006			2.0		1.0	1.0					
4016.244	7.614999999999782	trials	3.0	4018.8522580000003	4020.8448030000004	4022.4117710000005	4022.6468090000003	4018.0261310000005	4021.6935280000002	4023.005	4023.859	1.0	2.0	1.0	1.0					
4025.88	8.284000000000106	trials	3.0	4030.0171510000005	4031.5285190000004	4032.4767260000003	4032.8861260000003	4029.0168430000003	4031.92356	4033.209	4034.164	1.0	2.0	1.0	1.0					
4037.224	8.379999999999654	trials	3.0	4041.1269170000005	4042.33028	4043.5108510000005	4043.8547620000004	4040.3301950000005	4042.9062170000007	4044.249	4045.604	1.0	2.0	1.0	1.0					
4048.394	8.800000000000182	trials	3.0	4053.4568560000002	4055.1441910000003	4055.8711240000002	4056.2220590000006	4052.7718310000005	4055.1390980000006			1.0		0.0	2.0					
4060.199	15.351000000000113	trials	3.0	4072.6980310000004	4074.1180060000006	4075.242239	4075.5147620000002	4072.1525300000003	4074.6319240000003			1.0	1.0	0.0	3.0					
4079.559	11.490999999999985	trials	3.0	4086.38878	4088.2843110000003	4089.268382	4089.6718250000004	4085.8427360000005	4088.7350570000003	4090.034	4091.05	1.0	1.0	1.0	1.0					
4095.114	7.580000000000382	trials	3.0	4097.912048	4099.511147	4100.811790000001	4101.101076000001	4097.264024	4100.10815	4101.565	4102.694	1.0	1.0	1.0	1.0					
4105.809	10.280999999999949	trials	3.0	4111.1029	4112.853929000001	4114.108057	4114.524199	4110.17381	4113.530140000001	4114.824	4116.09	1.0	1.0	1.0	1.0					
4118.079	10.176000000000386	trials	3.0	4124.367391000001	4125.498974			4123.514972000001	4126.059300000001			2.0		1.0	1.0					
4132.809	5.956000000000131	trials	3.0	4134.809002	4136.417460000001	4137.1208320000005	4137.395408	4133.642977	4136.480726000001	4137.869	4138.765	1.0	2.0	1.0	1.0					
4142.824	6.166000000000167	trials	3.0	4146.060302	4146.944669			4145.182364	4146.9399490000005			2.0		0.0	2.0					
4152.026	8.76299999999992	trials	3.0	4156.042247	4157.943953	4159.292638000001	4159.511005	4155.147301000001	4158.672773	4159.954	4160.789	1.0	2.0	1.0	1.0					
4162.849	9.920000000000073	trials	3.0	4168.652803000001	4170.21002			4167.690101	4170.680747			2.0		1.0	1.0					
4176.276	8.033000000000357	trials	3.0	4179.127213000001	4180.954417000001	4182.7662470000005	4182.990496	4178.520748000001	4182.198268	4183.499	4184.309	1.0	2.0	1.0	1.0					
4186.239	8.016000000000531	trials	3.0	4191.277997	4192.245019	4193.049419000001	4193.09911	4190.404118	4192.240487000001			1.0		0.0	2.0					
4197.26	17.60399999999936	trials	3.0	4210.233198	4211.454782000001	4212.999318	4213.335179000001	4209.252358000001	4212.420526	4213.794	4214.864	1.0	1.0	1.0	1.0					
4216.963	9.123000000000502	trials	3.0	4221.592696000001	4223.069621000001			4220.953153	4223.952505			2.0		1.0	1.0					
4228.624	9.555000000000291	trials	3.0	4234.132457000001	4235.366356			4233.60523	4235.9558050000005			2.0		1.0	1.0					
4240.684	13.4399999999996	trials	3.0	4246.059423000001	4247.999831	4253.173328000001	4254.132053	4245.082279	4248.449999			1.0	1.0	0.0	3.0					
4256.484	33.48099999999977	trials	3.0	4285.967638	4287.064574	4288.266917000001	4288.518506	4285.347262	4287.675821000001	4288.914	4289.965	1.0	2.0	1.0	1.0					
4293.029	6.369999999999891	trials	3.0	4295.378171	4296.479681000001	4297.676711	4298.0805230000005	4294.862173	4297.123547	4298.479	4299.399	1.0	2.0	1.0	1.0					
4303.419	7.841000000000349	trials	3.0	4308.208381	4309.903091	4310.967359	4311.184996	4307.474639	4310.332798			1.0	1.0	0.0	3.0					
4314.274	18.67999999999938	trials	3.0	4328.873617	4330.617728			4327.939877000001	4330.752476000001			2.0		1.0	1.0					
4336.465	8.563000000000102	trials	3.0	4340.949589	4342.429717000001			4340.1299180000005	4342.839224			2.0		1.0	1.0					
4347.499	16.84100000000035	trials	3.0	4359.58844	4361.331556	4362.654482	4363.110322	4358.9990530000005	4361.907869000001	4363.469	4364.34	1.0	2.0	1.0	1.0					
4368.404	8.944999999999709	trials	3.0	4373.13353	4374.655777	4375.399529	4375.829918	4372.180384	4374.767744000001	4376.134	4377.349	1.0	2.0	1.0	1.0					
4379.191	24.32300000000032	trials	3.0	4400.378396	4401.514552000001	4402.598597	4402.7444590000005	4399.376028000001	4401.505405			1.0		0.0	2.0					
4405.559	34.615999999999985	trials	3.0	4436.9442	4438.165828	4438.756766	4439.073247	4435.96086	4438.163195			1.0		0.0	2.0					
4443.229	17.454999999999927	trials	3.0	4455.909199000001	4457.900942	4458.76411	4459.130785	4455.378851	4458.272360000001	4459.404	4460.684	1.0	1.0	1.0	1.0					
4464.515	13.588999999999942	trials	3.0	4474.469225000001	4475.550716000001			4473.590717	4476.001415000001			2.0		1.0	1.0					
4482.614	32.32600000000002	trials	3.0	4510.4594210000005	4512.435301			4509.859497	4512.69744			2.0		1.0	1.0					
4519.529	10.264999999999418	trials	3.0	4525.744946000001	4527.268034000001			4524.820675000001	4527.594448			2.0		1.0	1.0					
4532.338	8.411000000000058	trials	3.0	4536.40009	4537.961165000001	4538.966888000001	4539.372814	4535.7772700000005	4538.302753	4539.759	4540.749	1.0	2.0	1.0	1.0					
4542.77	13.438999999999396	trials	3.0	4552.025275	4553.701466			4551.242795	4554.048760000001			2.0		1.0	1.0					
4558.769	102.41499999999996	trials	3.0	4657.050288	4658.178433	4659.291244	4659.753074	4656.503004	4658.7577790000005	4660.044	4661.184	1.0	2.0	1.0	1.0					
4664.21	16.220000000000255	trials	3.0	4677.130534	4678.427645000001			4676.136311	4678.416857			1.0		0.0	2.0					
4683.484	14.349999999999454	trials	3.0	4694.715556	4695.832825	4696.3383890000005	4696.662768	4693.817360000001	4695.821947			1.0		0.0	2.0					
4700.844	12.769999999999527	trials	3.0	4709.430305	4710.7922530000005	4711.8701120000005	4712.217361000001	4708.896668	4711.320544	4712.484	4713.614	1.0	2.0	1.0	1.0					
4715.664	9.25	trials	3.0	4720.3754690000005	4722.08477	4722.957313000001	4723.3920020000005	4719.470099	4722.154513	4723.675	4724.914	1.0	1.0	1.0	1.0					
4727.934	29.914999999999964	trials	3.0	4753.465648	4755.063766	4756.16402	4756.488563000001	4752.477992	4755.608120000001	4756.844	4757.849	1.0	2.0	1.0	1.0					
4759.914	6.890000000000327	trials	3.0	4762.546489	4764.236486000001	4765.210594	4765.4173820000005	4761.7882070000005	4764.654784	4765.944	4766.804	1.0	2.0	1.0	1.0					
4770.866	27.20300000000043	trials	3.0	4794.4612990000005	4795.787631	4796.337887000001	4796.624156	4793.486246	4795.8024430000005	4797.039	4798.069	1.0	2.0	1.0	1.0					
4802.089	5.149999999999636	trials	3.0	4803.826089	4805.238308			4803.208862	4805.233742			1.0		0.0	2.0					
4810.249	17.835000000000036	trials	3.0	4824.4310000000005	4826.087523	4826.878879	4827.139391000001	4823.613395	4826.076994000001			1.0		0.0	2.0					
4830.094	10.420000000000073	trials	3.0	4836.526313	4837.964626000001	4839.033991	4839.262192	4835.853115	4838.537029	4839.84	4840.514	1.0	2.0	1.0	1.0					
4843.53	6.564000000000306	trials	3.0	4846.006123	4847.342683000001	4848.693293	4848.908842000001	4845.249041	4848.089963	4849.359	4850.094	1.0	2.0	1.0	1.0					
4854.114	7.005000000000109	trials	3.0	4856.880931000001	4858.734211000001	4859.613365	4859.826664	4856.104348000001	4859.055385000001	4860.309	4861.119	1.0	2.0	1.0	1.0					
4863.219	36.14499999999953	trials	3.0	4895.666870000001	4897.363886	4897.933909	4898.1902230000005	4894.714150000001	4897.347134000001			1.0		0.0	2.0					
4901.414	8.615000000000691	trials	3.0	4906.151881000001	4907.52353			4905.461699	4907.932598			2.0		1.0	1.0					
4912.574	22.480000000000473	trials	3.0	4930.967066	4932.479722			4930.370794	4932.888881000001			2.0		1.0	1.0					
4939.529	5.270999999999731	trials	3.0	4941.268601000001	4942.439954	4943.144411	4943.370641	4939.540489000001	4942.584724	4943.914	4944.8	1.0	2.0	1.0	1.0					
4947.62	12.719000000000051	trials	3.0	4957.228217	4958.338957			4956.324359	4958.335787			1.0		0.0	2.0					
4964.359	37.464999999999236	trials	3.0	4998.737492	4999.824139	5000.527018000001	5000.579245000001	4997.768059	4999.8112790000005			1.0		0.0	2.0					
5004.874	23.68000000000029	trials	3.0	5024.877340000001	5026.329239000001	5027.102584	5027.329720000001	5024.027815	5026.518644000001	5027.744	5028.554	1.0	2.0	1.0	1.0					
5032.574	26.300000000000182	trials	3.0	5054.788235	5056.337542	5057.2073740000005	5057.553755000001	5054.246089	5056.6690100000005	5058.044	5058.874	1.0	2.0	1.0	1.0					
5062.965	6920.834999999999	BlockDesign														1.0	279.0	602.0	90.0	50.0
5062.965	13.25	trials	4.0	5071.743389	5073.715594			5071.124147	5074.167952000001			2.0		1.0	1.0					
5078.764	9.75500000000011	trials	4.0	5084.4175940000005	5085.973927000001			5083.562765000001	5086.437197			2.0		1.0	1.0					
5093.09	6.414999999999964	trials	4.0	5095.148707	5097.201266			5094.529045	5097.256907000001			2.0		1.0	1.0					
5103.024	11.5	trials	4.0	5110.488154000001	5111.738615	5112.782811000001	5113.07942	5109.951533	5112.162212	5113.489	5114.524	1.0	2.0	1.0	1.0					
5117.581	8.603000000000065	trials	4.0	5121.144245	5123.115032	5124.15423	5124.50597	5120.542958	5123.497111000001	5124.904	5126.184	1.0	2.0	1.0	1.0					
5130.09	25.769000000000233	trials	4.0	5151.502855000001	5153.187191000001	5153.772962000001	5154.086405	5150.954689	5153.2311500000005	5154.499	5155.859	1.0	2.0	1.0	1.0					
5159.523	7.05199999999968	trials	4.0	5163.12827	5164.481395000001	5165.092215000001	5165.459317000001	5162.56286	5164.47553			1.0		0.0	2.0					
5168.596	13.488000000000284	trials	4.0	5176.283054	5178.110516000001	5180.2503050000005	5180.555752	5175.462844000001	5179.702478	5180.944	5182.084	1.0	1.0	1.0	1.0					
5186.067	15.832000000000335	trials	4.0	5197.4180320000005	5199.098690000001	5200.101638	5200.355477000001	5196.7038680000005	5199.5759290000005	5200.819	5201.899	1.0	1.0	1.0	1.0					
5203.824	10.851000000000568	trials	4.0	5210.458502	5211.958458000001	5212.652705	5212.948265000001	5209.883704	5211.949767	5213.409	5214.675	1.0	1.0	1.0	1.0					
5216.694	11.1299999999992	trials	4.0	5223.457313000001	5224.985581000001			5222.805123	5225.510893000001			2.0		1.0	1.0					
5230.314	8.509999999999309	trials	4.0	5235.473392	5237.1204800000005	5238.376754000001	5238.83287	5234.8647900000005	5237.7722730000005			1.0	2.0	0.0	3.0					
5241.709	24.291000000000167	trials	4.0	5261.878601	5263.450333000001			5261.1497770000005	5263.841813000001			2.0		1.0	1.0					
5268.604	9.704999999999927	trials	4.0	5274.023923000001	5275.265396000001	5276.537424	5276.77202	5273.3438590000005	5275.8896620000005	5277.319	5278.309	1.0	2.0	1.0	1.0					
5282.284	6.825000000000728	trials	4.0	5284.548466	5286.150697000001	5287.578803	5287.804168000001	5283.818018	5286.947427000001	5288.189	5289.109	1.0	2.0	1.0	1.0					
5292.154	10.484999999999673	trials	4.0	5297.888444	5299.693786	5300.800056	5301.12323	5297.09903	5299.654268	5301.439	5302.639	1.0	1.0	1.0	1.0					
5306.579	8.94000000000051	trials	4.0	5311.944668	5313.52253	5314.3731530000005	5314.67276	5311.409258000001	5313.51526			1.0		0.0	2.0					
5318.529	18.094999999999345	trials	4.0	5331.659240000001	5333.461478	5334.836432	5335.190716000001	5330.9929170000005	5333.996425	5335.544	5336.624	1.0	1.0	1.0	1.0					
5340.644	9.304999999999382	trials	4.0	5345.654057	5347.539958	5348.387872	5348.66312	5344.883803000001	5347.830845	5349.094	5349.949	1.0	2.0	1.0	1.0					
5352.014	10.30199999999968	trials	4.0	5358.569381	5360.225567			5357.591534000001	5360.219515000001			1.0		0.0	2.0					
5365.369	15.835000000000036	trials	4.0	5376.969269	5378.700416000001			5376.172485000001	5379.045966000001			2.0		1.0	1.0					
5384.756	5.188000000000102	trials	4.0	5386.371946	5387.94725	5388.745127	5389.054045000001	5385.630743	5387.936957			1.0		0.0	2.0					
5393.0	12.425000000000182	trials	4.0	5400.963967000001	5402.022628000001	5403.739093	5403.982378000001	5400.397457000001	5403.2048970000005	5404.425	5405.425	1.0	1.0	1.0	1.0					
5408.357	9.582000000000335	trials	4.0	5414.175542000001	5415.590692	5417.589206000001	5417.952020000001	5413.6178230000005	5417.03731			1.0	1.0	0.0	3.0					
5419.914	110.19999999999982	trials	4.0	5519.184301	5520.705448000001	5521.8116230000005	5522.250205	5518.5124860000005	5521.284406000001	5522.566	5530.114	1.0	2.0	1.0	1.0					
5532.174	11.49499999999989	trials	4.0	5541.00007	5541.6764840000005			5540.028242	5541.665983000001			1.0		0.0	2.0					
5547.729	9.30999999999949	trials	4.0	5552.375186	5553.4315670000005	5555.102743	5555.672132	5551.5697820000005	5554.563599000001	5555.814	5557.039	1.0	1.0	1.0	1.0					
5560.109	8.964999999999236	trials	4.0	5565.724904000001	5567.082284			5565.157869000001	5567.073663000001			1.0		0.0	2.0					
5572.129	9.436999999999898	trials	4.0	5578.5003830000005	5579.875318	5581.115555	5581.579181000001	5577.886052	5580.602299			1.0	2.0	0.0	3.0					
5585.448	9.52099999999973	trials	4.0	5591.175562	5592.217000000001	5593.298986	5593.534147	5590.29212	5592.773092	5594.005	5594.969	1.0	1.0	1.0	1.0					
5599.035	30.632000000000517	trials	4.0	5626.610834000001	5627.622487000001			5625.72661	5627.6166410000005			1.0		0.0	2.0					
5632.679	11.835000000000036	trials	4.0	5641.335557	5642.477293			5640.707291000001	5642.4707			1.0		0.0	2.0					
5647.564	30.594999999999345	trials	4.0	5673.7723000000005	5675.32765			5673.240946	5675.940404000001			2.0		1.0	1.0					
5680.694	30.685999999999694	trials	4.0	5707.140677	5708.840006			5706.239153	5709.123112			2.0		1.0	1.0					
5713.874	6.9450000000006185	trials	4.0	5716.340692	5718.271657	5719.334929000001	5719.5124860000005	5715.817911	5718.766309000001	5719.944	5720.819	1.0	2.0	1.0	1.0					
5724.872	32.706999999999425	trials	4.0	5753.141467	5754.387626	5755.724683	5756.122839000001	5752.160927000001	5755.228745	5756.514	5757.579	1.0	2.0	1.0	1.0					
5759.459	8.574999999999818	trials	4.0	5764.171177	5766.0388410000005	5766.9006070000005	5767.125854	5763.413050000001	5766.032741000001			1.0		0.0	2.0					
5772.075	12.128999999999905	trials	4.0	5780.671569	5782.280249	5783.570740000001	5784.2199390000005	5779.8340100000005	5783.003427000001			1.0	1.0	0.0	3.0					
5786.879	495.39500000000044	trials	4.0	6278.6741520000005	6279.761005			6277.715	6280.244269000001			2.0		1.0	1.0					
6284.804	42.871000000000095	trials	4.0	6321.789641	6323.633048000001	6325.524853	6325.922675000001	6321.0127760000005	6324.883817	6326.124	6327.675	1.0	1.0	1.0	1.0					
6330.744	9.905000000000655	trials	4.0	6334.886447	6335.943559	6338.57984	6338.9929	6334.151641	6337.891697	6339.274	6340.649	1.0	1.0	1.0	1.0					
6344.684	9.960000000000036	trials	4.0	6349.065026	6350.755840000001	6352.6017790000005	6352.9466	6348.107557	6351.677801	6353.239	6354.644	1.0	2.0	1.0	1.0					
6356.715	13.923999999999978	trials	4.0	6366.739499	6367.823986			6365.99578	6368.448659000001			2.0		1.0	1.0					
6373.159	8.6850000000004	trials	4.0	6378.405129000001	6380.005544000001	6381.480827	6381.848282	6377.501024	6380.642006			1.0	2.0	0.0	3.0					
6384.854	7.559999999999491	trials	4.0	6387.964534000001	6389.436944	6390.329788	6390.5745560000005	6387.4089220000005	6389.483896000001	6390.974	6392.414	1.0	1.0	1.0	1.0					
6396.434	10.954999999999927	trials	4.0	6404.159759	6405.381688			6403.201256	6405.379038			1.0		0.0	2.0					
6409.399	84.33999999999924	trials	4.0	6489.660232	6491.157026			6488.684241	6491.547108000001			2.0		1.0	1.0					
6496.229	12.27599999999984	trials	4.0	6503.629937000001	6504.861442	6506.18216	6506.582633	6502.797735	6505.505812	6506.864	6508.505	1.0	1.0	1.0	1.0					
6510.284	10.25500000000011	trials	4.0	6516.475886	6517.9334690000005	6520.076396	6520.543492000001	6515.916358	6519.314789			1.0	2.0	0.0	3.0					
6523.409	17.32000000000062	trials	4.0	6536.040486	6537.157379	6538.694683000001	6538.940002	6535.240565	6538.000216	6539.34	6540.729	1.0	1.0	1.0	1.0					
6544.834	8.375	trials	4.0	6548.481355	6550.452395			6547.488310000001	6550.971361			2.0		1.0	1.0					
6556.764	10.974999999999454	trials	4.0	6562.7358	6564.017827000001	6565.728637	6565.924544	6561.811584	6564.957697	6566.474	6567.739	1.0	1.0	1.0	1.0					
6570.794	14.671000000000276	trials	4.0	6580.175668	6581.708215000001	6583.661906	6583.894454	6579.172337	6582.915356	6584.389	6585.465	1.0	1.0	1.0	1.0					
6588.529	14.924999999999272	trials	4.0	6599.625541	6601.658161	6602.820463	6603.459055	6599.1049760000005	6602.126974000001			1.0	2.0	0.0	3.0					
6607.181	18.69300000000021	trials	4.0	6621.152135	6622.3277450000005	6624.076327000001	6624.355305	6620.270210000001	6623.40791	6624.844	6625.874	1.0	1.0	1.0	1.0					
6629.894	7.8159999999998035	trials	4.0	6634.421279	6635.967683000001	6637.345238	6637.71544	6633.602534000001	6636.726242000001			1.0	1.0	0.0	3.0					
6640.684	75.25500000000011	trials	4.0	6712.006153	6713.14364			6711.038791	6713.693563000001			2.0		1.0	1.0					
6720.465	6.0090000000000146	trials	4.0	6722.206405	6723.6656570000005	6724.97048	6725.215200000001	6720.934646000001	6724.1196310000005	6725.724	6726.474	1.0	2.0	1.0	1.0					
6728.545	10.798999999999978	trials	4.0	6735.9165410000005	6737.353816000001	6738.9511250000005	6739.350683000001	6735.213896	6738.248475			1.0	2.0	0.0	3.0					
6741.304	26.579999999999927	trials	4.0	6763.763086	6765.083374			6763.108223	6765.763939			2.0		1.0	1.0					
6770.452	8.086999999999534	trials	4.0	6774.107345	6776.030903000001			6773.127832	6776.461384			2.0		1.0	1.0					
6781.058	5.867000000000189	trials	4.0	6783.776999000001	6785.318381	6786.533171	6786.9262690000005	6783.052627	6785.752170000001			1.0	2.0	0.0	3.0					
6789.844	19.373999999999796	trials	4.0	6803.911918	6805.507659000001	6807.184949	6807.6873350000005	6803.300754	6806.525708	6807.88	6809.218	1.0	1.0	1.0	1.0					
6811.274	53.464999999999236	trials	4.0	6861.55192	6863.354579000001	6864.431492000001	6864.643411	6860.7284230000005	6863.901668			1.0	2.0	0.0	3.0					
6866.749	13.222999999999956	trials	4.0	6872.296935	6873.702625	6876.064445	6876.449487	6871.542145	6875.467087			2.0		0.0	4.0					
6882.17	35.65899999999965	trials	4.0	6912.562685000001	6914.531006	6915.935851	6916.434806	6912.030617	6915.348441	6916.675	6917.829	1.0	1.0	1.0	1.0					
6919.859	9.174999999999272	trials	4.0	6924.617622000001	6926.560678	6928.3990140000005	6929.039111	6923.6390360000005	6927.563675			1.0	2.0	0.0	3.0					
6931.709	18.36999999999989	trials	4.0	6945.362795	6947.059118	6948.267038	6948.634474	6944.390465	6947.713673	6948.949	6950.079	1.0	1.0	1.0	1.0					
6953.144	12.585000000000036	trials	4.0	6959.974322	6961.509105	6963.833351	6964.114397	6959.098787	6963.229897	6964.529	6965.729	1.0	1.0	1.0	1.0					
6968.799	11.024999999999636	trials	4.0	6974.912558	6976.942352	6977.860628	6978.131155	6974.134346000001	6977.236937000001	6978.769	6979.824	1.0	1.0	1.0	1.0					
6981.862	11.813000000000102	trials	4.0	6989.132827	6990.779741	6993.247771	6993.470697000001	6988.554815	6992.570407			1.0	1.0	0.0	3.0					
6997.615	16.600000000000364	trials	4.0	7008.967457000001	7010.895085	7012.350780000001	7012.779316	7007.963534	7011.692314	7013.204	7014.215	1.0	2.0	1.0	1.0					
7018.279	10.77099999999973	trials	4.0	7024.252921	7025.969369	7027.390043	7027.62751	7023.4311800000005	7026.752985	7028.164	7029.05	1.0	2.0	1.0	1.0					
7031.97	17.805999999999585	trials	4.0	7045.2335760000005	7047.089703000001	7047.811425	7048.089742	7044.45514	7047.155102000001	7048.449	7049.776	1.0	2.0	1.0	1.0					
7053.59	10.335000000000036	trials	4.0	7060.133459000001	7061.165189			7059.43418	7061.833970000001			2.0		1.0	1.0					
7068.444	7.454999999999927	trials	4.0	7071.733588	7073.344318			7070.879874	7073.695475			2.0		1.0	1.0					
7079.415	29.628999999999905	trials	4.0	7081.729063000001	7082.791697000001	7107.4559500000005	7107.724175	7081.157575	7083.216344	7108.319	7109.044	1.0	2.0	1.0	1.0					
7111.06	12.384000000000015	trials	4.0	7119.649249	7120.772702	7121.796001000001	7122.021607000001	7119.039151	7121.330482	7122.505	7123.444	1.0	2.0	1.0	1.0					
7127.389	6.701000000000022	trials	4.0	7130.668664000001	7132.040618			7129.677988	7132.0365790000005			2.0		0.0	2.0					
7138.1	7.699999999999818	trials	4.0	7141.548602000001	7142.648836	7143.913082	7144.148066000001	7140.578938000001	7143.3622940000005	7144.509	7145.8	1.0	1.0	1.0	1.0					
7147.864	14.340000000000146	trials	4.0	7157.573884	7158.672596	7160.525323	7160.775373	7156.85807	7159.857968	7161.224	7162.204	1.0	1.0	1.0	1.0					
7166.269	6.274999999999636	trials	4.0	7169.628691	7171.000541	7172.232586	7172.463275	7168.951103	7171.625948000001			1.0	1.0	0.0	3.0					
7175.599	15.925000000000182	trials	4.0	7187.149333	7188.892195	7190.005217	7190.232845	7186.466675000001	7189.520194000001	7190.739	7191.524	1.0	2.0	1.0	1.0					
7194.589	6.494999999999891	trials	4.0	7198.048904	7199.081258	7200.035672	7200.287947000001	7197.076895	7199.073695			1.0		0.0	2.0					
7203.139	18.675000000000182	trials	4.0	7217.119618000001	7219.070935	7219.914155	7220.168786	7216.588141	7219.230557000001	7220.659	7221.814	1.0	1.0	1.0	1.0					
7225.88	9.993999999999687	trials	4.0	7231.274717	7232.912951	7233.621974000001	7234.044229	7230.692494000001	7232.998534	7234.34	7235.874	1.0	1.0	1.0	1.0					
7239.917	12.317000000000007	trials	4.0	7246.989422000001	7249.0008800000005	7250.153104	7250.613857	7246.466053	7249.529918	7250.834	7252.234	1.0	1.0	1.0	1.0					
7255.295	25.743999999999687	trials	4.0	7277.22596	7278.389891000001	7279.357178	7279.563994	7276.417918	7278.831621	7280.124	7281.039	1.0	2.0	1.0	1.0					
7284.974	6.6899999999996	trials	4.0	7286.95928	7287.996263	7289.613169	7290.185692	7286.175602	7288.857128000001			2.0		0.0	4.0					
7294.684	9.88000000000011	trials	4.0	7300.534463	7301.838737	7302.889478	7303.02137	7299.848893	7302.3827630000005	7303.574	7304.564	1.0	2.0	1.0	1.0					
7307.451	9.243000000000393	trials	4.0	7311.429233000001	7312.998938000001	7314.455218	7314.758393	7310.515196	7313.920546	7315.215	7316.694	1.0	1.0	1.0	1.0					
7318.809	9.859999999999673	trials	4.0	7325.129534000001	7326.6668580000005			7324.1544460000005	7326.656327000001			1.0		0.0	2.0					
7330.677	17.48199999999997	trials	4.0	7343.960077	7345.652827			7343.2123520000005	7346.049268000001			2.0		1.0	1.0					
7350.731	8.24499999999989	trials	4.0	7356.244629000001	7357.287217	7358.5962930000005	7358.981095	7355.389595000001	7358.007836000001			1.0	2.0	0.0	3.0					
7360.909	30.900000000000546	trials	4.0	7389.799957	7389.810251000001			7389.034	7389.795			1.0		0.0	2.0					
7393.819	15.289999999999964	trials	4.0	7405.219559	7406.604791			7404.427668	7406.907560000001			2.0		1.0	1.0					
7413.694	5.710000000000036	trials	4.0	7415.995267	7417.402268	7418.841863000001	7419.012541	7415.00893	7417.39145			1.0		0.0	2.0					
7421.454	18.34600000000046	trials	4.0	7435.245587	7437.177017	7437.9066330000005	7438.365178	7434.695194	7437.28658	7438.564	7439.8	1.0	1.0	1.0	1.0					
7442.84	8.903000000000247	trials	4.0	7447.780619	7449.237292			7447.236665	7449.676069			2.0		1.0	1.0					
7454.269	12.204999999999927	trials	4.0	7460.696045000001	7462.730636	7466.008892	7466.231933	7460.0430160000005	7463.272604			1.0	2.0	0.0	3.0					
7469.514	21.76000000000022	trials	4.0	7487.00068	7488.97195			7486.246682	7489.02478			2.0		1.0	1.0					
7494.744	8.25500000000011	trials	4.0	7498.510247	7500.0470000000005	7501.415039	7501.663882000001	7497.936509	7500.661306	7502.289	7502.999	1.0	2.0	1.0	1.0					
7506.064	49.87199999999939	trials	4.0	7553.210743000001	7554.782156	7555.570409	7555.943147	7552.543553	7554.942843000001			1.0	2.0	0.0	3.0					
7559.889	14.404999999999745	trials	4.0	7569.120812	7570.769362	7572.283486	7572.773304	7568.368076000001	7571.607484	7573.074	7574.294	1.0	1.0	1.0	1.0					
7576.359	11.105999999999767	trials	4.0	7582.786726	7584.2074	7585.417291	7585.804039000001	7581.817451000001	7584.788776	7586.164	7587.465	1.0	1.0	1.0	1.0					
7590.35	9.193999999999505	trials	4.0	7595.094916	7597.02851	7597.9287460000005	7598.211826000001	7594.166231	7597.396358	7598.675	7599.544	1.0	2.0	1.0	1.0					
7602.57	11.199000000000524	trials	4.0	7609.401788	7611.2223810000005			7608.583267	7611.5839000000005			2.0		1.0	1.0					
7616.34	10.469000000000051	trials	4.0	7623.071752	7624.44854	7625.361499000001	7625.558186	7622.070121000001	7624.787816	7626.005	7626.809	1.0	2.0	1.0	1.0					
7628.874	7.289999999999964	trials	4.0	7633.4463160000005	7634.58356	7635.705886	7636.174499000001	7632.708601	7635.004685			1.0	2.0	0.0	3.0					
7640.045	18.769000000000233	trials	4.0	7654.6218770000005	7655.798147	7657.093396	7657.397125	7653.758335	7656.53924	7652.609	7658.814	1.0	1.0	1.0	1.0					
7660.894	92.13999999999942	trials	4.0	7748.8532350000005	7749.915605	7751.191982	7751.637763000001	7748.0987700000005	7750.653281000001	7752.039	7753.034	1.0	1.0	1.0	1.0					
7756.064	7.1599999999998545	trials	4.0	7759.2282700000005	7760.331203	7761.654736	7761.942752000001	7758.618883	7761.02069	7762.354	7763.224	1.0	2.0	1.0	1.0					
7767.244	7.545000000000073	trials	4.0	7770.68879	7771.99487			7770.125914	7772.636759			2.0		1.0	1.0					
7777.274	5.964999999999236	trials	4.0	7779.8067550000005	7781.365763	7782.665819	7783.249696000001	7779.038089000001	7782.119315			1.0	2.0	0.0	3.0					
7786.014	34.039999999999964	trials	4.0	7815.857806	7817.168287	7818.300527	7818.544799	7815.124898	7817.77024	7818.969	7820.054	1.0	1.0	1.0	1.0					
7822.12	10.583999999999833	trials	4.0	7828.92683	7830.038734	7830.927592	7831.189184000001	7828.008344	7830.305363	7831.624	7832.704	1.0	1.0	1.0	1.0					
7835.769	14.729999999999563	trials	4.0	7845.6440410000005	7847.515856	7848.592373	7848.856940000001	7845.052109	7848.080288	7849.34	7850.499	1.0	1.0	1.0	1.0					
7853.574	12.025000000000546	trials	4.0	7861.152854	7862.368625	7863.5863070000005	7864.006231	7860.3385180000005	7862.9583760000005	7864.334	7865.599	1.0	1.0	1.0	1.0					
7867.667	65.19200000000001	trials	4.0	7928.0782	7929.809663	7930.890598	7931.270792	7927.520743	7930.319777000001	7931.624	7932.859	1.0	2.0	1.0	1.0					
7936.923	7.881000000000313	trials	4.0	7940.570986000001	7941.780605	7942.84493	7943.168444000001	7939.774832	7942.2370120000005	7943.564	7944.804	1.0	2.0	1.0	1.0					
7947.699	10.375	trials	4.0	7955.5681460000005	7956.0350180000005			7954.717250000001	7956.028072			1.0		0.0	2.0					
7962.084	50.27000000000044	trials	4.0	8009.557898	8010.974504	8012.045254000001	8012.261303	8009.008408000001	8011.489787			1.0	2.0	0.0	3.0					
8016.364	5.061000000000604	trials	4.0	8018.023693	8019.426571			8016.697205	8019.390718000001			2.0		1.0	1.0					
8024.033	7.871000000000095	trials	4.0	8027.883605	8029.347053			8027.180312	8029.700666000001			2.0		1.0	1.0					
8036.389	10.585000000000036	trials	4.0	8040.64868	8042.301904	8044.107181	8044.375158000001	8039.79472	8043.605854	8044.969	8046.974	1.0	1.0	1.0	1.0					
8048.939	10.728000000000065	trials	4.0	8055.645029	8056.915621			8054.671892	8057.5096490000005			2.0		1.0	1.0					
8062.249	9.19000000000051	trials	4.0	8067.323702000001	8068.938607			8066.504641	8069.308691			2.0		1.0	1.0					
8075.005	95.4340000000002	trials	4.0	8167.164514	8168.865424	8170.017857000001	8170.453743	8166.16454	8169.321164000001			1.0	2.0	0.0	3.0					
8174.329	24.350000000000364	trials	4.0	8194.30904	8195.492255000001	8196.614432	8197.125404	8193.355822000001	8196.059531	8197.454	8198.679	1.0	1.0	1.0	1.0					
8202.764	35.840000000000146	trials	4.0	8232.62473	8234.115551	8238.302917	8238.616868000001	8232.106567	8235.362284			1.0	2.0	0.0	3.0					
8241.604	14.784999999999854	trials	4.0	8251.244721000001	8252.57173	8254.233908	8254.786689	8250.259448	8253.670110000001	8254.939	8256.389	1.0	1.0	1.0	1.0					
8259.25	10.054000000000087	trials	4.0	8266.554599000001	8267.266511			8265.818567	8267.262289			2.0		0.0	2.0					
8271.349	9.034999999999854	trials	4.0	8275.405127	8277.33367	8278.119283	8278.738398000001	8274.565853	8277.425514	8278.834	8280.384	1.0	1.0	1.0	1.0					
8283.449	10.135000000000218	trials	4.0	8288.434618	8289.822221	8291.250988	8291.590072	8287.726973	8290.660259	8292.034	8293.584	1.0	1.0	1.0	1.0					
8296.689	16.86999999999898	trials	4.0	8309.28499	8310.991786			8308.522913	8311.358725			2.0		1.0	1.0					
8316.074	11.319999999999709	trials	4.0	8323.934878	8325.60268	8327.095043000001	8327.293442	8323.274566	8326.48838			1.0	1.0	0.0	3.0					
8329.434	28.700000000000728	trials	4.0	8352.610868	8354.589125	8356.388311	8356.71434	8351.837376	8355.800369	8357.059	8358.134	1.0	2.0	1.0	1.0					
8362.154	9.373999999999796	trials	4.0	8367.021932	8368.951356000001			8366.226953000001	8369.383722			2.0		1.0	1.0					
8374.989	12.319999999999709	trials	4.0	8383.415868	8384.519182			8382.584146000001	8385.110858			2.0		1.0	1.0					
8389.824	11.191999999999098	trials	4.0	8397.621733	8399.551049	8400.714244	8401.029655	8397.023293	8399.912973			1.0	2.0	0.0	3.0					
8403.054	24.26000000000022	trials	4.0	8423.166002	8424.739504000001			8422.382137	8425.186571			2.0		1.0	1.0					
8431.776	15.893000000000029	trials	4.0	8442.585722	8444.212613	8445.894317	8446.15378	8441.997202	8445.058961	8446.644	8447.669	1.0	2.0	1.0	1.0					
8451.694	8.310999999999694	trials	4.0	8455.792025	8456.944442			8455.277838	8457.772716			2.0		1.0	1.0					
8463.519	9.1299999999992	trials	4.0	8468.765671000001	8470.786619	8472.267295	8472.664939	8468.177987000001	8471.530252			1.0	2.0	0.0	3.0					
8475.594	8.970000000001164	trials	4.0	8480.955836000001	8482.333688	8483.475071	8483.710883	8480.153908	8482.838479			1.0	1.0	1.0	1.0					
8487.044	29.965000000000146	trials	4.0	8511.536497000001	8513.427745	8514.54018	8515.00805	8510.633558000001	8513.997586000001	8515.304	8517.009	1.0	1.0	1.0	1.0					
8520.899	11.68500000000131	trials	4.0	8525.732947	8527.500180000001	8528.777261	8529.236389	8524.886011	8528.180147000001	8529.459	8532.584	1.0	1.0	1.0	1.0					
8536.499	19.4950000000008	trials	4.0	8551.857608	8553.056366	8555.700098000001	8555.931110000001	8550.847168	8554.911917000001			1.0	2.0	0.0	3.0					
8560.052	5.197000000000116	trials	4.0	8562.015891000001	8563.204135			8561.123722	8563.192855000001			1.0		0.0	2.0					
8568.307	55.3229999999985	trials	4.0	8619.341849	8620.798496	8621.99393	8622.327916	8618.669922000001	8621.428142	8622.669	8623.63	1.0	2.0	1.0	1.0					
8625.704	7.239999999999782	trials	4.0	8628.782548	8630.687496	8631.902081	8632.120089	8628.04049	8631.33638			1.0	1.0	1.0	1.0					
8637.519	7.110999999998967	trials	4.0	8641.701935000001	8642.828696	8644.272331	8644.643546	8641.053239	8643.542608			1.0	2.0	0.0	3.0					
8647.57	16.97400000000016	trials	4.0	8659.902425	8661.603409	8662.744616	8663.000653	8659.354912	8662.20966	8663.564	8664.544	1.0	1.0	1.0	1.0					
8668.564	10.002000000000407	trials	4.0	8673.742389000001	8675.267897	8676.614192000001	8677.02368	8672.862097000001	8675.967613	8677.429	8678.566	1.0	1.0	1.0	1.0					
8680.625	32.46899999999914	trials	4.0	8708.792465	8710.119751	8711.540651	8711.770113	8707.840745000001	8710.940753	8712.215	8713.094	1.0	2.0	1.0	1.0					
8715.114	10.079999999999927	trials	4.0	8720.32301	8722.118549	8723.248789000001	8723.484645	8719.569182	8722.587194	8723.939	8725.194	1.0	2.0	1.0	1.0					
8727.934	9.040000000000873	trials	4.0	8733.062323	8734.4302			8732.072114	8734.917531			2.0		1.0	1.0					
8740.46	12.135000000000218	trials	4.0	8749.472162	8750.96603	8752.237199	8752.596599	8748.472373	8751.505807000001			1.0	2.0	0.0	3.0					
8755.56	19.780000000000655	trials	4.0	8770.267406	8771.765657	8773.421047	8773.911756000001	8769.763685	8772.776973	8774.159	8775.34	1.0	1.0	1.0	1.0					
8777.374	9.360000000000582	trials	4.0	8783.057584	8784.696119	8785.695976	8785.866002	8782.148585	8784.692218			1.0		0.0	2.0					
8789.744	42.11999999999898	trials	4.0	8826.569159	8828.030333	8829.91964	8830.342298	8825.799246	8829.358951	8830.614	8831.864	1.0	1.0	1.0	1.0					
8835.884	9.139999999999418	trials	4.0	8839.539264000001	8841.297332	8842.911043	8843.270184	8838.949241	8842.336175	8843.595	8845.024	1.0	1.0	1.0	1.0					
8848.086	11.058000000000902	trials	4.0	8854.403924	8855.954450000001	8857.39609	8857.762912	8853.739243	8856.522823	8858.175	8859.144	1.0	2.0	1.0	1.0					
8863.169	33.274999999999636	trials	4.0	8892.664046	8893.908299			8891.954813	8894.310927			2.0		1.0	1.0					
8899.026	8.47899999999936	trials	4.0	8903.288782	8904.369944	8905.741796	8906.023592000001	8902.36154	8904.992674000001	8906.479	8907.505	1.0	2.0	1.0	1.0					
8911.369	7.394999999998618	trials	4.0	8914.158589	8915.257613	8916.817456	8917.234859	8913.475629	8916.182141000001	8917.609	8918.764	1.0	1.0	1.0	1.0					
8920.799	10.524999999999636	trials	4.0	8927.013336	8928.825634			8926.196018	8929.237138			2.0		1.0	1.0					
8933.84	9.949000000000524	trials	4.0	8940.008585	8941.290682			8939.036785	8941.685812			2.0		1.0	1.0					
8948.379	10.414999999999054	trials	4.0	8953.458929	8955.531481	8958.692027000001	8958.811043	8952.8951	8955.52192			1.0		0.0	2.0					
8961.534	19.76599999999962	trials	4.0	8973.638735	8974.838117	8979.4028	8979.735817	8972.784013	8975.873375	8980.134	8981.3	1.0	2.0	1.0	1.0					
8985.104	5.90099999999984	trials	4.0	8987.619086	8989.662124	8990.699875	8990.955436	8986.769059	8990.147389			1.0	1.0	0.0	3.0					
8994.059	18.6200000000008	trials	4.0	9008.445269	9010.101631000001	9010.958083000001	9011.372725000001	9007.509143	9010.495622	9011.755	9012.679	1.0	2.0	1.0	1.0					
9015.744	7.609999999998763	trials	4.0	9019.053917000001	9020.080958	9021.629057	9021.96081	9018.267737	9021.082532	9022.394	9023.354	1.0	1.0	1.0	1.0					
9025.389	15.725000000000364	trials	4.0	9037.749463	9039.595924000001	9040.773009	9041.130224	9036.946415	9040.09046			1.0	2.0	0.0	3.0					
9043.084	43.61499999999978	trials	4.0	9077.73997	9079.421647	9084.931816	9085.208521	9077.152466	9079.987278	9085.675	9086.699	1.0	1.0	1.0	1.0					
9090.749	10.155000000000655	trials	4.0	9096.985913	9098.210381	9099.397039	9099.642554	9096.017296	9098.752244	9100.084	9100.904	1.0	2.0	1.0	1.0					
9102.965	24.773999999999432	trials	4.0	9123.804523	9125.241316			9123.131292	9125.663524			2.0		1.0	1.0					
9130.339	4.954999999999927	trials	4.0	9133.236257	9133.266401			9132.314375	9133.260919			1.0		0.0	2.0					
9137.304	31.30500000000029	trials	4.0	9164.434411	9166.271526	9166.865728	9167.178272000001	9163.911595000001	9166.280436000001	9167.59	9168.609	1.0	1.0	1.0	1.0					
9171.669	9.735000000000582	trials	4.0	9178.465093	9179.411599000001	9180.218516	9180.472538	9177.769525	9179.404613			1.0		0.0	2.0					
9185.414	7.25	trials	4.0	9188.308450999999	9190.112291			9187.758824	9190.421225			2.0		1.0	1.0					
9196.17	5.8799999999992	trials	4.0	9199.282691	9200.753881999999	9201.699664	9201.925138	9198.563306	9201.138343			1.0	1.0	0.0	3.0					
9205.104	13.340000000000146	trials	4.0	9213.837491	9215.65019	9216.559175	9216.845804999999	9212.989	9215.997268	9217.249	9218.444	1.0	1.0	1.0	1.0					
9220.409	10.720999999999549	trials	4.0	9226.094915	9227.194516	9229.172666	9229.487584	9225.484382	9228.653758	9229.84	9231.13	1.0	1.0	1.0	1.0					
9235.189	8.581000000000131	trials	4.0	9239.703266	9241.209845			9238.833754	9241.639003			2.0		1.0	1.0					
9246.349	8.549999999999272	trials	4.0	9250.853721	9252.294457			9250.005826	9252.726158			2.0		1.0	1.0					
9257.374	10.46600000000035	trials	4.0	9263.32354	9265.329932			9262.324255	9265.711804999999			2.0		1.0	1.0					
9272.359	9.760000000000218	trials	4.0	9277.368331	9279.181136	9280.385371999999	9280.667717999999	9276.639611	9279.634961	9281.084	9282.119	1.0	2.0	1.0	1.0					
9284.139	12.850000000000364	trials	4.0	9293.273726	9294.980708	9295.736216	9296.032852	9292.588891	9294.971896			1.0		0.0	2.0					
9298.999	11.450000000000728	trials	4.0	9307.59953	9308.445448999999	9309.188587999999	9309.533414	9306.611746999999	9308.437829			1.0		0.0	2.0					
9313.484	9.5	trials	4.0	9318.798632	9320.590071999999	9321.293441	9321.539447	9317.954479	9320.72519	9322.074	9322.984	1.0	1.0	1.0	1.0					
9325.969	63.88500000000022	trials	4.0	9385.760723	9387.263855	9388.105963	9388.392851	9385.242494	9387.397488999999	9388.88	9389.854	1.0	2.0	1.0	1.0					
9391.959	9.644999999998618	trials	4.0	9397.024276	9399.14474	9399.758509	9400.014552999999	9396.495734	9399.189199999999	9400.474	9401.604	1.0	1.0	1.0	1.0					
9403.715	7.609000000000378	trials	4.0	9407.019468999999	9408.057348999999	9409.346005	9409.594600999999	9406.421242999999	9408.857246	9410.024	9411.324	1.0	1.0	1.0	1.0					
9414.384	23.284999999999854	trials	4.0	9434.173977999999	9435.666271	9436.537088	9436.584245	9433.315403999999	9435.65671			1.0		0.0	2.0					
9439.729	19.4950000000008	trials	4.0	9454.923880999999	9456.670861	9457.657997	9457.832855	9454.341631	9457.168049	9458.399	9459.224	1.0	2.0	1.0	1.0					
9463.324	12.324999999998909	trials	4.0	9466.814457999999	9468.412679	9475.042886	9475.654057	9465.885568	9468.520715999999			1.0	2.0	0.0	3.0					
9478.361	8.292999999999665	trials	4.0	9482.914377	9484.106731			9482.307303	9484.591079			2.0		1.0	1.0					
9489.231	9.938000000000102	trials	4.0	9494.964053	9496.166752	9497.305762	9497.530832	9494.107619	9496.700964	9498.029	9499.169	1.0	1.0	1.0	1.0					
9502.189	11.40099999999984	trials	4.0	9509.680998	9511.093251999999	9511.823198	9512.062472	9508.986153	9511.199042	9512.494	9513.59	1.0	1.0	1.0	1.0					
9516.655	12.128999999998996	trials	4.0	9525.954485	9526.778471			9525.092795	9526.766137			1.0		0.0	2.0					
9532.839	25.090000000000146	trials	4.0	9553.879895	9555.416758	9556.104532	9556.41916	9553.085168	9555.569387	9556.854	9557.929	1.0	1.0	1.0	1.0					
9561.949	5.265999999999622	trials	4.0	9564.350626	9565.522063999999	9566.761411	9567.216702	9563.448526	9566.123711			1.0	2.0	0.0	3.0					
9570.079	18.659999999999854	trials	4.0	9584.919656	9586.189991			9584.194823	9586.556183			2.0		1.0	1.0					
9593.269	7.344999999999345	trials	4.0	9596.096685999999	9597.577099	9598.819453	9599.035633	9595.553914	9598.191223	9599.409	9600.614	1.0	1.0	1.0	1.0					
9603.715	16.539999999999054	trials	4.0	9612.780455	9614.413528	9620.167945	9620.260237999999	9612.154975	9614.405304			1.0		0.0	2.0					
9620.471	13.119000000000597	trials	4.0	9629.120461999999	9631.037162			9628.575667	9631.401863			2.0		1.0	1.0					
9638.124	7.434999999999491	trials	4.0	9640.405691	9642.373314	9643.359484999999	9643.882762	9639.526867	9642.84865	9644.034	9645.559	1.0	1.0	1.0	1.0					
9649.655	34.99399999999878	trials	4.0	9681.730658	9683.266259	9684.348431	9684.610486	9680.78011	9683.778553			1.0	1.0	0.0	3.0					
9686.699	17.19499999999971	trials	4.0	9699.586208	9700.832734	9702.318828	9702.593033	9698.685467	9701.724844999999	9702.959	9703.894	1.0	2.0	1.0	1.0					
9705.941	6.987999999999374	trials	4.0	9710.285855	9711.36264	9712.61893	9712.922255	9709.502051	9711.987905			1.0	2.0	0.0	3.0					
9715.965	53.77900000000045	trials	4.0	9766.611158	9768.049383	9769.314602999999	9769.748158999999	9765.97588	9768.495766			1.0	2.0	0.0	3.0					
9772.63	19.02400000000125	trials	4.0	9787.646499999999	9789.063837	9790.027789	9790.307098	9786.850806	9789.444594	9790.715	9791.654	1.0	2.0	1.0	1.0					
9794.715	8.25	trials	4.0	9799.61621	9800.923198	9801.901367999999	9802.248897	9798.682568	9800.915581			1.0		0.0	2.0					
9805.974	32.26499999999942	trials	4.0	9833.848037	9835.460245999999	9836.461729999999	9836.784442	9833.064722	9835.834413	9837.144	9838.239	1.0	2.0	1.0	1.0					
9840.304	9.930000000000291	trials	4.0	9847.541533	9848.583088	9849.909910999999	9850.228496	9846.873042	9849.232551			1.0	2.0	0.0	3.0					
9854.229	9.43500000000131	trials	4.0	9859.598315	9860.86333			9858.925201	9861.529296			2.0		1.0	1.0					
9868.235	7.583999999998923	trials	4.0	9871.956823999999	9873.814672999999			9871.053184	9873.801476			1.0		0.0	2.0					
9877.866	31.26800000000003	trials	4.0	9905.102291	9906.568373			9904.545107	9906.865929			2.0		1.0	1.0					
9912.624	10.710000000000946	trials	4.0	9919.557326	9921.42829	9923.022778	9923.239456	9918.713131999999	9922.192025			1.0	2.0	0.0	3.0					
9925.359	14.690999999998894	trials	4.0	9936.90296	9938.432729	9939.511242	9940.054132	9936.236198999999	9938.895290999999			1.0	2.0	0.0	3.0					
9943.864	99.46800000000076	trials	4.0	10038.907787	10040.343973	10041.391274	10041.808734999999	10038.275039	10040.815822999999	10042.124	10043.332	1.0	1.0	1.0	1.0					
10046.349	9.485000000000582	trials	4.0	10050.603652	10052.16433	10053.603802	10053.991855	10049.776936999999	10053.025762	10054.224	10055.834	1.0	1.0	1.0	1.0					
10057.729	12.56000000000131	trials	4.0	10066.032793	10067.879096	10068.542027	10068.742078	10065.097574	10067.969917	10069.259	10070.289	1.0	1.0	1.0	1.0					
10072.374	12.610000000000582	trials	4.0	10080.264379	10082.091366999999	10083.223508	10083.458132	10079.660235	10082.73905	10083.841	10084.984	1.0	1.0	1.0	1.0					
10088.069	10.944999999999709	trials	4.0	10094.4931	10095.924314	10097.305252	10097.562636999999	10093.953132999999	10096.488895	10098.134	10099.014	1.0	2.0	1.0	1.0					
10103.074	7.430999999998676	trials	4.0	10107.302404	10108.676938999999	10110.186013	10110.422434	10106.635487	10109.325112999999			1.0	2.0	0.0	3.0					
10114.563	10.300999999999476	trials	4.0	10119.678165	10121.094745999999	10123.06007	10123.281928	10119.162508	10122.513262999999	10123.854	10124.864	1.0	1.0	1.0	1.0					
10128.924	9.43499999999949	trials	4.0	10134.923114	10136.355559			10134.111035	10136.350198			1.0		0.0	2.0					
10140.369	13.970999999999549	trials	4.0	10150.559583999999	10152.335352			10149.704023999999	10152.329029999999			2.0		0.0	2.0					
10157.349	55.850000000000364	trials	4.0	10209.333757	10210.643281999999			10208.660033	10211.12816			2.0		1.0	1.0					
10216.729	5.68500000000131	trials	4.0	10218.479054	10220.375479999999			10217.384098999999	10220.371474			1.0		0.0	2.0					
10224.425	15.644000000000233	trials	4.0	10235.744131	10237.267039999999			10235.173456999999	10237.802368			2.0		1.0	1.0					
10244.64	5.894000000000233	trials	4.0	10246.390159999999	10247.97751			10244.768028999999	10248.357571999999			2.0		1.0	1.0					
10255.054	7.4650000000001455	trials	4.0	10258.448897999999	10259.686996999999			10257.659461	10260.273437			2.0		1.0	1.0					
10264.995	10.793999999999869	trials	4.0	10270.494021999999	10271.725279999999	10273.981716999999	10274.408945	10269.961612	10272.518476	10274.749	10275.789	1.0	1.0	1.0	1.0					
10278.809	7.975000000000364	trials	4.0	10283.354435	10284.777141999999	10285.6769	10285.744714	10282.746917	10284.774314			1.0		0.0	2.0					
10289.794	13.950000000000728	trials	4.0	10300.104308	10301.485951999999	10302.205934	10302.47243	10299.195271	10301.583449	10303.005	10303.744	1.0	2.0	1.0	1.0					
10305.774	11.480999999999767	trials	4.0	10312.798972999999	10314.175546999999	10315.344589	10315.527074	10311.82699	10314.767686	10316.099	10317.255	1.0	1.0	1.0	1.0					
10320.274	9.27599999999984	trials	4.0	10324.984244	10326.086216	10327.477230999999	10327.935824	10324.156421	10326.864502	10328.234	10329.55	1.0	2.0	1.0	1.0					
10331.611	8.88799999999901	trials	4.0	10336.771519	10338.456043999999			10335.977352	10338.450090999999			2.0		0.0	2.0					
10343.505	9.15900000000147	trials	4.0	10347.619673	10349.460809	10350.915497	10351.200257	10346.888643999999	10350.321582999999	10351.564	10352.664	1.0	1.0	1.0	1.0					
10354.679	12.8799999999992	trials	4.0	10364.674176999999	10365.517984	10366.388321	10366.659698	10363.964668	10365.511268			1.0		0.0	2.0					
10371.614	11.130000000001019	trials	4.0	10378.311055	10379.731437999999	10380.661447999999	10380.8791	10377.708653	10380.148322	10381.309	10382.744	1.0	1.0	1.0	1.0					
10384.358	17.790999999999258	trials	4.0	10396.250017	10398.236493	10400.644615	10400.883575	10395.362108	10399.904892999999	10401.384	10402.149	1.0	2.0	1.0	1.0					
10404.169	7.604999999999563	trials	4.0	10407.489776	10408.786447999999	10409.905037999999	10410.194081	10406.64994	10409.36506	10410.679	10411.774	1.0	1.0	1.0	1.0					
10413.716	8.802999999999884	trials	4.0	10419.203656	10420.518297999999			10418.448695	10420.510411			1.0		0.0	2.0					
10425.525	13.744000000000597	trials	4.0	10435.615823	10436.709047			10434.666061	10437.166680999999			2.0		1.0	1.0					
10443.724	7.588999999999942	trials	4.0	10447.730351	10449.268543	10450.378678	10450.871839	10447.078832	10449.265384999999			1.0		0.0	2.0					
10454.324	13.454999999999927	trials	4.0	10463.299835	10464.732813999999			10462.593442	10465.675682			2.0		1.0	1.0					
10471.369	7.914999999999054	trials	4.0	10474.695452	10476.225892999999			10474.131127	10476.989447			2.0		1.0	1.0					
10482.744	12.06499999999869	trials	4.0	10489.820282	10490.951755	10492.814927	10493.130364999999	10489.304989	10492.196049999999	10493.479	10494.809	1.0	1.0	1.0	1.0					
10498.826	10.983000000000175	trials	4.0	10505.910425	10507.772423	10508.572925	10508.845088	10504.981613	10507.766443			1.0		0.0	2.0					
10513.829	9.360000000000582	trials	4.0	10520.67529	10522.188458	10522.885443	10523.155235	10520.100215	10522.259406			1.0	1.0	0.0	3.0					
10527.199	35.03099999999904	trials	4.0	10553.665707	10555.649422999999			10552.913582	10555.969810999999			2.0		1.0	1.0					
10562.684	5.210000000000946	trials	4.0	10564.517174	10565.847376			10562.23991	10565.844519999999			1.0		0.0	2.0					
10569.904	16.484999999998763	trials	4.0	10581.517534999999	10582.724735	10584.506847	10584.769825	10580.97706	10584.049658	10585.239	10586.389	1.0	1.0	1.0	1.0					
10588.224	8.15599999999904	trials	4.0	10592.585732	10594.233878	10594.909231	10595.171731999999	10591.808105	10594.225808	10595.574	10596.38	1.0	2.0	1.0	1.0					
10600.442	4.5680000000011205	trials	4.0	10602.775999	10603.938806	10604.644193	10604.975084	10602.066872	10603.986928999999			1.0	2.0	0.0	3.0					
10607.968	11.770999999998821	trials	4.0	10615.630618	10616.98414	10618.024795	10618.307359999999	10615.015489	10617.505931	10618.715	10619.739	1.0	1.0	1.0	1.0					
10622.809	29.18500000000131	trials	4.0	10647.706084	10649.087577999999	10650.045656	10650.471363	10646.897036	10649.551390999999	10650.809	10651.994	1.0	1.0	1.0	1.0					
10655.029	9.199999999998909	trials	4.0	10660.785871	10662.229661	10662.887826999999	10663.199647	10659.846346999999	10662.219965			1.0		0.0	2.0					
10666.284	37.13000000000102	trials	4.0	10699.951297	10701.412779999999	10702.043839	10702.226456	10699.033542	10701.403246			1.0		0.0	2.0					
10706.425	9.509000000000015	trials	4.0	10712.736494	10714.533485	10715.633489	10715.891314	10712.091468999999	10714.993384			1.0	2.0	0.0	3.0					
10717.985	10.019999999998618	trials	4.0	10723.541326999999	10725.297757	10726.172422	10726.493897	10722.640825999999	10725.691681	10726.824	10728.005	1.0	1.0	1.0	1.0					
10731.021	190.95799999999872	trials	4.0	10918.378009	10920.083983	10920.961972	10921.41539	10917.816943	10920.513804999999			1.0	1.0	1.0	1.0					
10926.533	8.236000000000786	trials	4.0	10930.877155	10931.95922			10930.116528999999	10932.469355			2.0		1.0	1.0					
10939.234	5.920000000000073	trials	4.0	10940.927059	10942.582816	10944.799216	10945.166437	10940.338907	10944.213337			1.0	1.0	0.0	3.0					
10949.139	15.56000000000131	trials	4.0	10961.79741	10962.659759			10961.208544	10962.657025			1.0		0.0	2.0					
10966.709	11.68999999999869	trials	4.0	10970.507437	10971.883936999999	10972.681336	10973.043737	10969.865872	10972.072403	10973.314	10974.38	1.0	2.0	1.0	1.0					
10978.489	5.90099999999984	trials	4.0	10980.287801	10982.131451			10978.41157	10982.198551			2.0		1.0	1.0					
10988.98	7.799000000000888	trials	4.0	10992.604361	10994.265056			10991.734073	10994.746783999999			2.0		1.0	1.0					
11000.329	8.604999999999563	trials	4.0	11003.218069999999	11004.691813	11005.756684	11005.999319999999	11002.585712	11005.274954	11006.514	11008.934	1.0	1.0	1.0	1.0					
11012.997	7.3620000000009895	trials	4.0	11016.342626	11018.067041999999			11015.394418	11018.091539			2.0		1.0	1.0					
11022.932	8.261999999998807	trials	4.0	11027.903504	11029.011116	11030.776075	11031.204775	11027.18258	11030.10349			1.0	2.0	0.0	3.0					
11033.084	31.774999999999636	trials	4.0	11060.524072	11062.402555	11063.205596	11063.540207	11059.863083	11062.752787	11063.944	11064.859	1.0	1.0	1.0	1.0					
11068.95	12.088999999999942	trials	4.0	11076.833494	11078.360453	11079.044288	11079.433405	11076.301045	11078.449055	11079.654	11081.039	1.0	1.0	1.0	1.0					
11083.09	7.824000000000524	trials	4.0	11087.378326	11088.874679			11086.441325	11088.869195			1.0		0.0	2.0					
11093.925	50.879000000000815	trials	4.0	11138.28401	11139.351019	11142.878488999999	11143.194239	11137.399577	11139.792202999999	11143.659	11144.804	1.0	1.0	1.0	1.0					
11148.654	5.904999999998836	trials	4.0	11150.803553	11152.522271			11150.033452	11152.510643			1.0		0.0	2.0					
11156.569	11.050000000001091	trials	4.0	11163.329991999999	11165.070469999999			11162.532068	11165.476939			2.0		1.0	1.0					
11171.18	7.2590000000000146	trials	4.0	11173.959023	11175.640985	11176.752274	11177.095084	11173.173728	11176.197635	11177.524	11178.439	1.0	1.0	1.0	1.0					
11181.505	12.769000000000233	trials	4.0	11185.664249	11187.119236999999	11192.453578	11192.750011	11185.050196	11188.436152	11193.165	11194.274	1.0	1.0	1.0	1.0					
11196.34	31.10399999999936	trials	4.0	11224.154741	11225.44772			11223.199256	11225.438977			1.0		0.0	2.0					
11230.454	16.886000000000422	trials	4.0	11242.619138	11244.465485			11241.844597	11245.054895			2.0		1.0	1.0					
11249.814	5.218999999999141	trials	4.0	11252.149728	11253.642651999999	11254.668867	11255.027317	11251.239914	11254.055008			1.0	2.0	0.0	3.0					
11257.027	16.027000000000044	trials	4.0	11267.888884	11269.746079	11271.642817	11271.866356999999	11267.159757	11270.454365	11272.384	11273.054	1.0	2.0	1.0	1.0					
11276.112	6.768000000000029	trials	4.0	11279.349258999999	11280.876489999999	11281.688932	11282.005748	11278.432272999999	11280.873610999999			1.0		0.0	2.0					
11285.885	24.189000000000306	trials	4.0	11306.396338999999	11307.560754999999			11305.469491	11307.995759			2.0		1.0	1.0					
11313.59	6.257999999999811	trials	4.0	11316.509422	11318.081316	11319.488593	11319.861660999999	11315.911666	11318.641435			1.0	2.0	0.0	3.0					
11323.809	7.906000000000859	trials	4.0	11327.359849	11329.171156			11326.850471	11329.635348			2.0		1.0	1.0					
11334.213	7.911000000000058	trials	4.0	11338.146101	11339.541308			11337.554585	11339.879732			2.0		1.0	1.0					
11344.684	11.755000000001019	trials	4.0	11352.270964	11353.477814	11354.771606	11354.999673	11351.65942	11354.278602	11355.524	11356.439	1.0	1.0	1.0	1.0					
11359.459	14.529999999998836	trials	4.0	11370.119696	11371.988534			11369.596555	11371.980074			1.0		0.0	2.0					
11378.01	21.27900000000045	trials	4.0	11396.610018	11397.297623999999			11395.968754	11397.284415999999			1.0		0.0	2.0					
11402.295	9.703999999999724	trials	4.0	11408.981557	11410.545546	11411.703944	11411.978455	11408.299084999999	11411.10308			1.0	2.0	0.0	3.0					
11414.044	9.280000000000655	trials	4.0	11419.540229	11420.593746999999	11421.672450999999	11421.972343	11418.607745	11421.209338999999	11422.364	11423.324	1.0	1.0	1.0	1.0					
11425.37	16.219999999999345	trials	4.0	11437.365332	11439.338281			11436.761268999999	11439.378714999999			2.0		1.0	1.0					
11445.124	7.005999999999403	trials	4.0	11447.9419	11449.185603	11450.254552999999	11450.566919	11447.086254	11449.783809999999	11451.059	11452.13	1.0	1.0	1.0	1.0					
11456.088	6.77100000000064	trials	4.0	11459.786503	11460.812001	11462.57476	11462.641789	11458.910143	11460.806957			1.0		0.0	2.0					
11466.914	7.1599999999998545	trials	4.0	11470.161511999999	11471.781713	11472.422769	11472.717385	11469.505078999999	11471.743895	11473.164	11474.074	1.0	1.0	1.0	1.0					
11476.184	40.23500000000058	trials	4.0	11511.985765	11513.747233999999	11514.657511	11514.88129	11511.255943	11514.14501	11493.409	11516.419	1.0	1.0	1.0	1.0					
11519.439	10.209999999999127	trials	4.0	11525.475149	11527.156133			11524.945286	11527.548383			2.0		1.0	1.0					
11532.224	8.825999999999112	trials	4.0	11536.915981999999	11538.552061999999			11535.9713	11538.906909			2.0		1.0	1.0					
11545.614	6.335000000000946	trials	4.0	11547.442412	11548.792403	11550.214941999999	11550.427523	11546.335812	11549.658494	11550.904	11551.949	1.0	1.0	1.0	1.0					
11553.999	35.30500000000029	trials	4.0	11584.790684	11586.443749	11587.586915	11587.864615999999	11583.973535	11587.062155	11588.3	11589.304	1.0	1.0	1.0	1.0					
11591.324	12.154999999998836	trials	4.0	11598.451272	11599.804651999999	11601.434726	11601.816163	11597.816294	11600.883758	11602.194	11603.479	1.0	1.0	1.0	1.0					
11606.539	14.739999999999782	trials	4.0	11613.20124	11614.747954999999	11619.575926	11619.936087999999	11612.582945	11615.30279	11620.209	11621.279	1.0	1.0	1.0	1.0					
11625.34	14.60399999999936	trials	4.0	11635.45657	11636.962717999999	11638.330009	11638.613213	11634.83212	11637.760839999999	11638.994	11639.944	1.0	2.0	1.0	1.0					
11643.989	8.935999999999694	trials	4.0	11648.36657	11650.424168	11651.252435	11651.477797	11647.387821	11650.776888	11651.934	11652.925	1.0	1.0	1.0	1.0					
11656.949	24.86999999999898	trials	4.0	11679.20635	11680.418107	11681.422063	11681.834507	11678.229129	11680.866887			1.0	2.0	0.0	3.0					
11684.734	8.699000000000524	trials	4.0	11689.522719999999	11691.117763999999	11691.641387	11692.078258	11688.728906	11691.128731	11692.41	11693.433	1.0	1.0	1.0	1.0					
11696.374	23.889999999999418	trials	4.0	11716.692764	11718.227605			11715.771793	11718.215489			1.0		0.0	2.0					
11724.274	92.94100000000071	trials	4.0	11812.872035	11814.675608			11812.272727	11815.069913			2.0		1.0	1.0					
11819.729	7.2849999999998545	trials	4.0	11822.818653	11824.664143	11825.409077	11825.673106999999	11822.063591	11824.682203	11826.154	11827.014	1.0	2.0	1.0	1.0					
11829.039	8.779999999998836	trials	4.0	11834.697353	11835.904516999999	11837.325383	11837.835581	11834.072054	11836.700804			1.0	2.0	0.0	3.0					
11840.7	11.623999999999796	trials	4.0	11848.082102	11849.430853	11850.477155	11850.768111	11847.435728	11849.495384	11851.215	11852.324	1.0	1.0	1.0	1.0					
11855.384	12.985000000000582	trials	4.0	11863.687159	11864.791138	11866.610145999999	11866.793092	11863.177031	11866.005261999999	11867.454	11868.369	1.0	1.0	1.0	1.0					
11870.439	11.90099999999984	trials	4.0	11878.09229	11879.970304999999	11880.501289	11880.765416	11877.208650999999	11879.957038	11881.3	11882.34	1.0	1.0	1.0	1.0					
11886.259	10.145000000000437	trials	4.0	11892.922545	11894.354108			11892.060259	11894.350439			1.0		0.0	2.0					
11900.42	20.91400000000067	trials	4.0	11917.127477	11918.300471999999	11919.515957	11919.741416	11916.240674	11918.962352999999	11920.244	11921.334	1.0	1.0	1.0	1.0					
11925.354	8.1200000000008	trials	4.0	11929.287964	11930.468988999999	11931.729315999999	11931.847937999999	11928.481151	11931.192948	11932.444	11933.474	1.0	1.0	1.0	1.0					
11937.538	13.320999999999913	trials	4.0	11947.149271999999	11948.829829999999			11946.611264	11948.825072			1.0		0.0	2.0					
11953.909	29.89099999999962	trials	4.0	11979.248032	11980.664670999999	11981.953268	11982.206696	11978.426614	11981.344325	11982.544	11983.8	1.0	1.0	1.0	1.0					
11986.825	831.3939999999984	BlockDesign														1.0	603.0	630.0	50.0	10.0
11986.825	8.393999999998414	trials	5.0	11990.713011	11992.200044	11993.333201	11993.613680999999	11990.036165	11992.787295999999	11993.965	11995.219	1.0	1.0	1.0	1.0					
11997.244	9.269999999998618	trials	5.0	12004.097633	12004.522825			12003.101993	12004.51478			1.0		0.0	2.0					
12008.569	28.27100000000064	trials	5.0	12032.717922	12034.295331			12031.90144	12034.67325			2.0		1.0	1.0					
12041.323	8.610999999998967	trials	5.0	12045.807925	12047.38573			12045.18212	12047.865233			2.0		1.0	1.0					
12053.494	7.430999999998676	trials	5.0	12055.727926	12057.68965	12058.592228	12058.873204	12055.132808	12058.086071	12059.229	12060.925	1.0	1.0	1.0	1.0					
12063.991	13.798000000000684	trials	5.0	12072.98519	12074.903565999999	12076.190158	12076.387902999999	12072.175296	12075.615751	12076.984	12077.789	1.0	1.0	1.0	1.0					
12080.855	12.654000000000451	trials	5.0	12089.744081	12091.118934999999	12091.710239	12091.984946	12088.834136	12091.108612	12092.524	12093.509	1.0	1.0	1.0	1.0					
12097.582	34.99699999999939	trials	5.0	12128.838434	12130.587797			12127.894837	12130.583346			1.0		0.0	2.0					
12136.59	16.15400000000045	trials	5.0	12150.029085999999	12151.415950999999	12152.454700999999	12152.696132	12149.388911	12152.004547			1.0	1.0	0.0	3.0					
12154.755	19.25	trials	5.0	12171.083908	12172.892017	12173.701601	12173.986849	12170.229589999999	12173.221471			1.0	1.0	0.0	3.0					
12176.017	120.3119999999999	trials	5.0	12293.757619	12294.782753000001	12296.008669	12296.283149	12293.134	12295.550191			1.0	1.0	0.0	3.0					
12298.384	11.295000000000073	trials	5.0	12305.266505	12306.597077	12307.84251	12308.312166	12304.671202	12307.271603000001	12308.624	12309.679	1.0	1.0	1.0	1.0					
12312.734	7.0349999999998545	trials	5.0	12315.516647	12316.813069	12317.899337	12318.193648	12314.718388000001	12317.33846	12318.704	12319.769	1.0	1.0	1.0	1.0					
12323.789	6.75	trials	5.0	12327.370990000001	12329.215602	12330.217625000001	12330.444583	12326.847660000001	12329.689354			1.0	1.0	0.0	3.0					
12333.551	8.00799999999981	trials	5.0	12338.092764	12339.560549	12341.254993	12341.480189	12337.566436000001	12340.414748000001			1.0	1.0	0.0	3.0					
12343.569	276.72500000000036	trials	5.0	12617.997924000001	12619.359746	12619.988876000001	12620.225184	12616.999538	12619.371745			1.0	1.0	0.0	3.0					
12622.304	12.114999999999782	trials	5.0	12631.462263000001	12632.681062	12634.007905	12634.421873000001	12630.492739000001	12633.404445			1.0	2.0	0.0	3.0					
12636.374	33.5059999999994	trials	5.0	12665.952851	12667.366931			12665.323055	12667.827423			2.0		1.0	1.0					
12673.414	9.594999999999345	trials	5.0	12677.622656	12679.621516000001	12680.671537	12680.817204	12677.038544000001	12680.140580000001	12681.429	12683.009	1.0	1.0	1.0	1.0					
12686.034	7.765999999999622	trials	5.0	12690.448453	12692.05348	12693.39208	12693.797837	12689.725555	12692.525309			1.0	2.0	0.0	3.0					
12697.749	9.621000000001004	trials	5.0	12703.163995	12704.765238			12702.653213	12705.167534			2.0		1.0	1.0					
12709.823	7.435999999999694	trials	5.0	12713.555133	12715.149314	12716.671753	12716.755210000001	12712.840204	12715.849554			1.0	2.0	0.0	3.0					
12720.989	23.274999999999636	trials	5.0	12741.297946	12742.755254	12743.950013	12744.149204000001	12740.510951	12743.238145000001			1.0	2.0	0.0	3.0					
12747.274	23.215000000000146	trials	5.0	12766.028624	12768.227756			12765.0861	12768.282383			2.0		1.0	1.0					
12775.014	6.4909999999999854	trials	5.0	12777.023817000001	12778.559728	12779.632582	12780.030533000001	12775.67222	12779.06414	12780.399	12781.505	1.0	1.0	1.0	1.0					
12785.568	9.572000000000116	trials	5.0	12790.948786	12792.625176000001			12790.000978	12792.899807			2.0		1.0	1.0					
12797.657	6.507000000001426	trials	5.0	12801.249038	12802.488193000001	12803.851471	12804.165281	12800.322250000001	12803.275491			1.0	1.0	0.0	3.0					
12808.175	10.043999999999869	trials	5.0	12815.458408	12816.833486	12818.143875	12818.539885	12814.490274	12817.512426000001			1.0	1.0	0.0	3.0					
12822.47	3684.995000000001	BlockDesign														1.0	631.0	725.0	10.0	50.0
12822.47	25.52400000000125	trials	6.0	12844.168982000001	12845.485673000001			12843.401098	12845.92784			2.0		1.0	1.0					
12850.58	6.719999999999345	trials	6.0	12854.288918	12855.776584000001	12856.934732	12857.301932	12853.348426	12856.255108000001			1.0	1.0	0.0	3.0					
12859.255	47.45400000000154	trials	6.0	12901.913951	12903.777063000001	12905.017588	12905.252015	12901.3161	12904.35438	12905.739	12906.709	1.0	2.0	1.0	1.0					
12908.779	27.86499999999978	trials	6.0	12919.140031	12920.694629	12935.37421	12935.646595	12918.439394	12921.384506			1.0	1.0	0.0	3.0					
12937.734	12.269000000000233	trials	6.0	12946.325048	12947.435015000001			12945.811706	12947.933448			2.0		1.0	1.0					
12953.59	8.668999999999869	trials	6.0	12959.020153000001	12961.044362	12961.938761000001	12962.226865	12958.256329	12961.129047			1.0	1.0	0.0	3.0					
12965.267	11.82799999999952	trials	6.0	12974.030021	12975.531342	12976.786743	12977.081141	12973.40423	12976.124774			1.0	1.0	0.0	3.0					
12981.154	17.15599999999904	trials	6.0	12993.945017	12995.796284			12993.025859000001	12996.151055			2.0		1.0	1.0					
13001.867	8.63799999999901	trials	6.0	13006.794737	13007.991635			13005.894376	13008.335131			2.0		1.0	1.0					
13013.019	8.469999999999345	trials	6.0	13017.846581	13019.481619	13020.477524	13020.770284	13017.029108	13019.474813			1.0		0.0	2.0					
13025.499	8.204999999999927	trials	6.0	13029.839876	13031.192915			13029.219629000001	13031.557159			2.0		1.0	1.0					
13036.224	9.68499999999949	trials	6.0	13042.464755	13043.821333	13045.579642	13045.910539	13041.945384	13044.734401			1.0	1.0	0.0	3.0					
13048.919	13.454999999999927	trials	6.0	13059.360588	13060.807034000001	13062.06946	13062.289671	13058.611919	13060.926982			1.0	1.0	0.0	3.0					
13066.389	8.661000000000058	trials	6.0	13071.839915	13073.83457	13074.743222000001	13074.993818	13070.847733	13074.087829			1.0	1.0	0.0	3.0					
13078.064	24.975000000000364	trials	6.0	13093.615805000001	13095.104881000001	13102.007458	13102.243754000001	13093.085254	13095.892414			1.0	1.0	0.0	3.0					
13106.325	26.643999999998414	trials	6.0	13129.425643	13131.184408000001	13132.649302	13132.915116	13128.626413	13132.135356			1.0	1.0	0.0	3.0					
13134.979	141.5500000000011	trials	6.0	13272.781483	13274.528042			13272.049634	13274.520764			1.0		0.0	2.0					
13279.586	8.063000000000102	trials	6.0	13284.300905	13285.60859			13283.622481	13285.601823			1.0		0.0	2.0					
13289.698	8.726999999998952	trials	6.0	13293.961307000001	13295.488319	13296.741301	13297.331435	13293.261718	13296.247466			1.0	1.0	0.0	3.0					
13299.069	11.265000000001237	trials	6.0	13306.446812	13307.572322			13305.772896	13308.151159000001			2.0		1.0	1.0					
13313.899	8.130000000001019	trials	6.0	13318.416653	13320.330023	13321.637453000001	13322.033344	13317.832448000001	13320.907484000001			1.0	1.0	0.0	3.0					
13324.949	27.24499999999898	trials	6.0	13349.161667	13350.566762	13351.876508000001	13352.186801	13348.173769	13351.302481			1.0	2.0	0.0	3.0					
13356.199	7.454999999999927	trials	6.0	13360.268159000001	13361.913788	13363.332212000001	13363.569205	13359.298785	13362.754313000001			1.0	1.0	0.0	3.0					
13367.664	34.899999999999636	trials	6.0	13398.683854	13400.208659	13402.178735000001	13402.569377	13398.137459000001	13401.540379			1.0	2.0	0.0	3.0					
13405.535	40.469999999999345	trials	6.0	13440.987902	13442.642731	13444.422104000001	13444.633093	13440.459647	13443.686914	13445.184	13446.005	1.0	2.0	1.0	1.0					
13449.879	7.594999999999345	trials	6.0	13453.707754000001	13455.551251	13457.055897	13457.480308	13453.148384	13456.292536			1.0	2.0	0.0	3.0					
13459.364	24.560999999999694	trials	6.0	13480.058929	13481.131447			13479.110969000001	13481.673631			2.0		1.0	1.0					
13486.484	12.895999999998821	trials	6.0	13495.087354000001	13496.820634			13494.252905000001	13497.15195			2.0		1.0	1.0					
13501.894	10.209999999999127	trials	6.0	13507.777994	13509.074453000001			13507.104418	13509.959531			2.0		1.0	1.0					
13514.615	20.93499999999949	trials	6.0	13532.309468	13533.772135000001	13535.167111	13535.553248	13531.656264000001	13534.477505			1.0	2.0	0.0	3.0					
13539.479	14.445999999999913	trials	6.0	13550.283194	13552.2764	13553.614094	13553.933494	13549.399396	13553.064903			1.0	1.0	0.0	3.0					
13557.936	25.45800000000054	trials	6.0	13579.775013	13581.561482000001	13582.859141	13583.399066	13579.130921	13582.343501000001			1.0	1.0	0.0	3.0					
13586.184	11.730000000001382	trials	6.0	13594.203802	13595.254852	13597.606036000001	13597.904005	13593.384307	13597.079095000001			1.0	2.0	0.0	3.0					
13601.932	12.697999999998501	trials	6.0	13612.008058	13613.57518	13614.364582	13614.636931000001	13611.171022	13613.8624			1.0	1.0	0.0	3.0					
13617.642	14.557000000000698	trials	6.0	13629.103801000001	13630.551818	13631.825953	13632.20768	13628.393992000001	13631.207947			1.0	1.0	0.0	3.0					
13634.179	12.325999999999112	trials	6.0	13642.354355	13644.205985			13641.539711000001	13644.455858000001			2.0		1.0	1.0					
13649.019	108.51000000000022	trials	6.0	13754.189731	13755.386702	13757.223581	13757.401988000001	13753.423239	13756.471914			1.0	2.0	0.0	3.0					
13761.539	57.039999999999054	trials	6.0	13814.129579	13815.525442			13813.30897	13816.293901000001			2.0		1.0	1.0					
13823.13	7.049000000000888	trials	6.0	13825.226314	13826.763451	13828.181846	13828.703605	13824.508163	13827.578975	13828.989	13830.179	1.0	1.0	1.0	1.0					
13832.255	11.135000000000218	trials	6.0	13838.47621	13839.983813	13841.713127	13842.036793000001	13837.723975	13840.948095	13842.474	13843.39	1.0	2.0	1.0	1.0					
13847.409	5.629000000000815	trials	6.0	13849.18654	13850.438012			13848.541091000001	13850.882299			2.0		1.0	1.0					
13856.544	7.272999999999229	trials	6.0	13860.254759	13861.42645	13863.174164	13863.826184000001	13859.311598	13862.621929			1.0	1.0	0.0	3.0					
13865.559	10.779000000000451	trials	6.0	13872.965696000001	13874.544473	13876.012348	13876.236175	13872.212711	13875.301319			1.0	1.0	0.0	3.0					
13880.349	24.100000000000364	trials	6.0	13900.745408	13901.814973	13904.118674000001	13904.458369	13900.053015000001	13903.452728			1.0	1.0	0.0	3.0					
13907.474	36.28099999999904	trials	6.0	13940.726669	13941.752353			13940.044331000001	13941.749662			1.0		0.0	2.0					
13946.769	27.55999999999949	trials	6.0	13971.150851	13972.552087	13974.022945	13974.315745	13970.392564	13973.386092			1.0	1.0	0.0	3.0					
13976.34	239.03199999999924	trials	6.0	14211.662296	14212.860311	14215.069366	14215.277896	14210.988658	14214.526337000001			1.0	2.0	0.0	3.0					
14218.404	49.06499999999869	trials	6.0	14262.806602	14264.364202	14265.973844	14266.22833	14262.195343	14265.333857	14266.649	14267.469	1.0	2.0	1.0	1.0					
14270.564	8.180000000000291	trials	6.0	14273.897819	14275.75397	14278.030888000001	14278.756187	14272.961752000001	14277.358342			1.0	1.0	0.0	3.0					
14281.359	55.100000000000364	trials	6.0	14329.063802	14330.619732000001	14332.407074	14332.811645	14328.28945	14331.800707			1.0	1.0	0.0	3.0					
14336.709	15.769999999998618	trials	6.0	14348.15782	14349.864512	14352.159168	14352.490654000001	14347.392941	14351.563292			1.0	1.0	0.0	3.0					
14355.519	1116.405999999999	trials	6.0	15466.404559999999	15468.022701999998	15469.694966	15470.115522999999	15465.679	15468.790099999998	15470.474	15471.925	1.0	2.0	1.0	1.0					
15473.76	13.144000000000233	trials	6.0	15482.434433999999	15483.556501			15481.800506	15484.571898999999	15486.59	15486.884	2.0		1.0	1.0					
15490.42	9.359000000000378	trials	6.0	15495.591387999999	15497.758091			15494.748948999999	15497.748974			2.0		0.0	2.0					
15501.786	5.612999999999374	trials	6.0	15503.635676	15505.231586	15506.843459	15507.397163	15503.086459	15506.033812			1.0	2.0	0.0	3.0					
15511.169	5.290000000000873	trials	6.0	15513.449628999999	15514.951022	15516.122021	15516.455086999998	15512.488043	15515.561565999998			1.0	1.0	0.0	3.0					
15518.444	16.51000000000022	trials	6.0	15530.014878	15531.247538	15532.800883999998	15533.051142999999	15529.458478999999	15532.144015999998	15533.599	15534.954	1.0	2.0	1.0	1.0					
15538.438	7.661000000000058	trials	6.0	15541.664562999998	15543.583498			15540.708406	15543.996685999999			2.0		1.0	1.0					
15550.687	15.987999999999374	trials	6.0	15555.551319999999	15556.957582	15564.070447999999	15564.402178999999	15554.821648	15558.109079			1.0	1.0	0.0	3.0					
15567.449	25.715000000000146	trials	6.0	15587.346094999999	15588.868964	15591.22467	15591.720487999999	15586.765093999998	15590.566799999999	15591.974	15593.164	1.0	1.0	1.0	1.0					
15595.184	27.355000000001382	trials	6.0	15619.216783	15620.270641	15622.071892999998	15622.537021999999	15618.29258	15621.49042			1.0	1.0	0.0	3.0					
15624.444	15.810999999999694	trials	6.0	15635.46667	15636.753518	15638.533333	15638.813854	15634.666237	15638.082551	15639.249	15640.255	1.0	1.0	1.0	1.0					
15642.295	8.459999999999127	trials	6.0	15648.006562999999	15649.133799	15650.439454	15650.625977	15647.169904999999	15649.877574999999			1.0	1.0	0.0	3.0					
15653.769	14.494999999998981	trials	6.0	15662.955199999999	15664.456739	15665.628445999999	15666.045537999998	15662.122823	15665.069065			1.0	1.0	0.0	3.0					
15668.969	16.020000000000437	trials	6.0	15681.101195	15682.383706999999			15680.127287	15682.828132999999			2.0		1.0	1.0					
15688.465	7.875	trials	6.0	15692.591940999999	15694.260258999999	15696.00441	15696.339412	15692.035707	15695.501682999999			1.0	1.0	0.0	3.0					
15699.32	12.764000000001033	trials	6.0	15708.405776	15710.311661	15711.775877	15712.034937999999	15707.532369999999	15711.073934999999			1.0	1.0	0.0	3.0					
15715.13	22.99200000000019	trials	6.0	15732.495533	15734.04695	15736.601062	15736.834456999999	15731.682181999999	15735.956761	15737.349	15738.122	1.0	2.0	1.0	1.0					
15742.144	5.799999999999272	trials	6.0	15745.125183999999	15746.297279999999	15747.588097999998	15747.94427	15744.149974	15746.983406			1.0	2.0	0.0	3.0					
15749.949	11.011999999998807	trials	6.0	15757.558540999999	15759.353936	15760.604905999999	15760.945093999999	15756.55826	15760.004942			1.0	1.0	0.0	3.0					
15763.919	57.88999999999942	trials	6.0	15817.552501999999	15819.213934	15820.167942	15820.547158	15816.766447999998	15819.686048	15821.05	15821.809	1.0	2.0	1.0	1.0					
15825.83	17.14799999999923	trials	6.0	15839.897067999998	15841.12395	15842.654239	15842.9738	15839.27465	15842.014513999999			1.0	2.0	0.0	3.0					
15846.974	15.475000000000364	trials	6.0	15858.217846	15860.082696	15862.048440999999	15862.447293	15857.523928999999	15861.415305999999			1.0	2.0	0.0	3.0					
15864.419	93.60499999999956	trials	6.0	15953.237215	15955.079321	15956.232031	15956.642829999999	15952.574822999999	15955.593313	15956.944	15958.024	1.0	2.0	1.0	1.0					
15961.946	8.022999999999229	trials	6.0	15966.496489	15968.309959999999	15969.610492	15969.968443999998	15965.841386	15968.885361999999			1.0	2.0	0.0	3.0					
15973.969	119.29000000000087	trials	6.0	16088.832102999999	16090.281030999999	16091.595827	16091.799853999999	16088.281382	16090.945066999999	16092.234	16093.259	1.0	2.0	1.0	1.0					
16096.279	11.859999999998763	trials	6.0	16104.472978999998	16105.510726999999			16103.498669999999	16105.884774999999			2.0		1.0	1.0					
16110.666	12.783000000001266	trials	6.0	16115.022903	16116.838982			16114.305369	16117.183762999999			2.0		1.0	1.0					
16123.914	4.694999999999709	trials	6.0	16125.693727999998	16126.600294999998			16123.449177999999	16126.588807			2.0		0.0	2.0					
16131.655	7.708999999998923	trials	6.0	16135.162373	16137.144859999999	16137.810184999998	16137.984551	16134.389030999999	16137.13943	16138.55	16139.364	1.0	2.0	1.0	1.0					
16142.384	7.0049999999992	trials	6.0	16145.594739999999	16147.334297	16148.025617	16148.36234	16144.98352	16147.327453			1.0		0.0	2.0					
16152.417	10.832000000000335	trials	6.0	16159.937827999998	16161.281250999999	16162.888293999998	16163.222538999999	16159.293064	16162.248892			1.0	1.0	0.0	3.0					
16165.245	17.903999999998632	trials	6.0	16178.348359	16180.385574999998			16177.575761999999	16180.93594			2.0		1.0	1.0					
16185.664	6.90599999999904	trials	6.0	16189.067962	16190.569832	16192.124214	16192.573321999998	16188.340161999999	16191.544097			1.0	1.0	0.0	3.0					
16195.465	68.875	trials	6.0	16260.138647	16262.015490999998	16262.690756	16262.969377	16259.37399	16262.136505999999	16263.425	16264.34	1.0	2.0	1.0	1.0					
16268.414	7.684999999999491	trials	6.0	16271.28355	16272.937789	16274.315709999999	16274.693357	16270.694834	16273.718077	16275.014	16276.099	1.0	2.0	1.0	1.0					
16279.024	21.76000000000022	trials	6.0	16296.588151999998	16298.178682	16299.16484	16299.438280999999	16295.720126999999	16298.653879	16299.944	16300.784	1.0	2.0	1.0	1.0					
16302.807	54.384000000000015	trials	6.0	16353.833643999998	16355.182525			16353.002872	16355.179687			1.0		0.0	2.0					
16359.249	47.39500000000044	trials	6.0	16402.673545999998	16404.061048	16405.176455	16405.437275	16401.702991	16404.593237	16405.849	16406.644	1.0	2.0	1.0	1.0					
16408.709	12.2400000000016	trials	6.0	16417.649189	16418.89139	16419.542595	16419.894686	16416.741375999998	16418.888572			1.0		0.0	2.0					
16424.959	29.284999999999854	trials	6.0	16450.165356999998	16451.865212	16452.479099	16452.878206999998	16449.4619	16451.971145	16453.284	16454.244	1.0	2.0	1.0	1.0					
16458.269	6.165000000000873	trials	6.0	16461.149435	16462.502396	16464.054566	16464.435467	16460.365814999997	16463.448437			1.0	2.0	0.0	3.0					
16468.38	13.763999999999214	trials	6.0	16477.374547	16479.146432999998			16476.535031	16479.88064	16481.654	16482.144	2.0		1.0	1.0					
16485.179	6.130000000001019	trials	6.0	16487.378968	16489.263411	16490.229418	16490.672943999998	16486.798224	16489.251124			1.0		0.0	2.0					
16493.319	14.14600000000064	trials	6.0	16504.471145	16505.928862	16507.178672	16507.468749	16503.742705	16506.618868999998			1.0	2.0	0.0	3.0					
16509.496	872.6579999999994	BlockDesign														1.0	726.0	772.0	90.0	50.0
16509.496	20.34400000000096	trials	7.0	16522.931528	16524.496409			16521.964443999997	16524.823732999997	16528.059	16529.84	2.0		1.0	1.0					
16531.584	9.270000000000437	trials	7.0	16536.374744	16538.381465	16539.075946999998	16539.333364	16535.424902	16538.470106	16539.909	16540.854	1.0	1.0	1.0	1.0					
16544.889	9.451000000000931	trials	7.0	16551.289622	16552.5203	16553.949338	16554.343348	16550.660597	16553.344766			1.0	2.0	0.0	3.0					
16557.276	14.398999999997613	trials	7.0	16567.279982	16569.331951			16566.482795	16569.583475			2.0		1.0	1.0					
16575.167	7.021999999997206	trials	7.0	16577.886805	16579.716329	16581.150212	16581.393433999998	16576.936895	16580.585809			1.0	1.0	1.0	1.0					
16586.709	21.108000000000175	trials	7.0	16604.080363	16605.763801			16603.334577999998	16605.759059			1.0		0.0	2.0					
16611.829	22.784999999999854	trials	7.0	16630.115718999998	16631.626977	16632.956256999998	16633.271104	16629.503251	16632.396237999998	16633.675	16634.614	1.0	1.0	1.0	1.0					
16637.655	57.88400000000183	trials	7.0	16691.040109999998	16692.793016	16693.741244	16694.019175999998	16690.161484	16692.732377	16694.544	16695.539	1.0	1.0	1.0	1.0					
16698.374	7.390999999999622	trials	7.0	16702.905647	16704.106165999998	16705.446149	16705.720471	16701.999205	16704.984465999998			1.0	1.0	0.0	3.0					
16709.776	27.617999999998574	trials	7.0	16733.340409	16734.932257	16735.779125999998	16736.05258	16732.649531	16735.223170999998	16736.519	16737.394	1.0	2.0	1.0	1.0					
16739.479	8.276000000001659	trials	7.0	16743.097346	16744.948226	16745.982038	16746.360445	16742.432372	16745.4034	16746.669	16747.755	1.0	2.0	1.0	1.0					
16751.779	7.319999999999709	trials	7.0	16755.669096999998	16757.053124			16755.122531	16757.041417			1.0		0.0	2.0					
16761.155	37.314000000002125	trials	7.0	16795.762458999998	16796.968652	16798.015094	16798.474276999998	16795.192949	16797.507934999998			1.0	2.0	0.0	3.0					
16800.334	22.520000000000437	trials	7.0	16819.411261999998	16821.227369	16822.310085999998	16822.860624999998	16818.816334	16821.77042			1.0	1.0	0.0	3.0					
16826.619	39.97999999999956	trials	7.0	16863.183092	16865.046467	16866.175533999998	16866.603619999998	16862.267519	16865.471811			1.0	2.0	0.0	3.0					
16868.49	14.613999999997759	trials	7.0	16878.107152	16879.98119	16881.337685	16881.753991999998	16877.495931999998	16880.780726	16882.079	16883.104	1.0	1.0	1.0	1.0					
16885.154	58.640000000003056	trials	7.0	16940.307998	16941.508132			16939.491614	16941.545772999998			2.0		1.0	1.0					
16946.34	8.399000000001251	trials	7.0	16950.856972999998	16951.938717999998	16953.175671999998	16953.430614999997	16949.85778	16952.494341999998	16953.979	16954.739	1.0	2.0	1.0	1.0					
16957.769	7.820999999999913	trials	7.0	16961.642264	16963.277341			16960.793812	16963.521178			2.0		1.0	1.0					
16969.064	7.105000000003201	trials	7.0	16971.916756	16973.553178	16974.411439	16974.772175	16971.24373	16973.78209	16975.119	16976.169	1.0	2.0	1.0	1.0					
16979.227	13.266999999999825	trials	7.0	16986.15298	16987.29064	16990.722844	16991.034302	16985.599768	16987.945742	16991.604	16992.494	1.0	1.0	1.0	1.0					
16995.514	11.130000000001019	trials	7.0	17003.987365	17005.394131999998	17006.263472	17006.649854	17003.088319	17005.744791999998			1.0	2.0	0.0	3.0					
17008.604	24.43500000000131	trials	7.0	17029.412332	17030.479348			17028.573814	17030.779361			2.0		1.0	1.0					
17036.529	5.775000000001455	trials	7.0	17038.477573	17040.265571	17040.955334	17041.241522	17037.793229	17040.261673999998			1.0		0.0	2.0					
17044.338	10.54200000000128	trials	7.0	17050.312633999998	17051.715466999998	17053.178462	17053.466912	17049.451709	17052.695431	17054.024	17054.88	1.0	1.0	1.0	1.0					
17058.944	9.465000000000146	trials	7.0	17064.442643	17065.899443			17063.842876	17066.238865			2.0		1.0	1.0					
17070.934	8.395000000000437	trials	7.0	17075.507289	17076.746549			17074.654001	17077.058539999998			2.0		1.0	1.0					
17081.814	9.0	trials	7.0	17086.04245	17087.967549999998			17085.3527	17088.504085			2.0		1.0	1.0					
17093.319	8.385000000002037	trials	7.0	17098.007451999998	17099.486393	17100.651839	17100.87314	17097.440983	17100.069196			1.0	1.0	1.0	1.0					
17104.264	13.985000000000582	trials	7.0	17115.72394	17117.211382999998	17117.946427	17118.217499	17114.938158999998	17117.41385			1.0	1.0	0.0	3.0					
17121.299	11.376000000000204	trials	7.0	17128.29283	17129.721043999998	17130.934494999998	17131.382892999998	17127.660776	17130.35848	17131.904	17132.675	1.0	1.0	1.0	1.0					
17135.764	22.741000000001804	trials	7.0	17154.952006	17156.469565	17157.231241999998	17157.574268	17153.9893	17156.466739			1.0		0.0	2.0					
17162.559	17.414999999997235	trials	7.0	17175.809473999998	17177.049884	17178.043702	17178.371143	17175.21689	17177.510394	17178.769	17179.974	1.0	1.0	1.0	1.0					
17182.039	11.165000000000873	trials	7.0	17189.123077	17190.550531	17191.480729	17191.721539	17188.288381	17190.992137	17192.264	17193.204	1.0	1.0	1.0	1.0					
17197.225	7.21900000000096	trials	7.0	17200.033002	17201.525152	17202.249785	17202.591548	17199.421268	17201.706302	17202.944	17204.444	1.0	1.0	1.0	1.0					
17207.13	10.919999999998254	trials	7.0	17213.688497	17215.552906	17216.207148999998	17216.517315999998	17213.064682	17215.651466	17216.854	17218.05	1.0	1.0	1.0	1.0					
17222.069	10.465000000000146	trials	7.0	17228.878442	17230.53188	17231.149266	17231.373229	17228.281954	17230.526644999998			1.0		0.0	2.0					
17236.544	13.954999999998108	trials	7.0	17245.764977	17247.641764	17248.737903999998	17248.988801	17245.174855999998	17248.238372	17249.449	17250.499	1.0	1.0	1.0	1.0					
17254.519	7.81499999999869	trials	7.0	17258.538071	17259.779915			17257.767014999998	17260.21111			2.0		1.0	1.0					
17265.819	5.936000000001513	trials	7.0	17267.883137	17269.205170999998			17267.368952	17269.659299			2.0		1.0	1.0					
17274.274	7.020000000000437	trials	7.0	17277.753538	17278.897982	17279.673684999998	17279.948159	17276.773427	17279.048672	17280.419	17281.294	1.0	1.0	1.0	1.0					
17284.338	25.16700000000128	trials	7.0	17305.503466	17307.500755999998			17304.756792	17307.492422			2.0		0.0	2.0					
17312.514	5.826000000000931	trials	7.0	17314.589464999997	17316.007836999997	17316.512212999998	17316.850909	17312.694515	17316.005995	17317.439	17318.34	1.0	1.0	1.0	1.0					
17322.389	7.885000000002037	trials	7.0	17325.748509999998	17327.180432	17328.286736	17328.463213	17325.104185	17327.788276	17328.934	17330.274	1.0	1.0	1.0	1.0					
17333.189	8.17500000000291	trials	7.0	17336.729111	17338.783195			17336.121452	17339.115803			2.0		1.0	1.0					
17345.909	20.799999999999272	trials	7.0	17363.819137	17364.705959	17365.332077	17365.583953	17363.218137	17364.702699999998			1.0		0.0	2.0					
17368.719	13.434999999997672	trials	7.0	17377.733996	17379.752871999997	17380.428456999998	17380.654983	17377.195754	17379.87473	17381.184	17382.154	1.0	1.0	1.0	1.0					
17384.2	4433.578999999998	BlockDesign														1.0	773.0	879.0	50.0	90.0
17384.2	6.574000000000524	trials	8.0	17388.04402	17389.785092	17390.456915	17390.774497	17387.390245	17389.944746			1.0	1.0	0.0	3.0					
17393.779	12.760000000002037	trials	8.0	17401.726034	17403.731251999998			17401.190545999998	17404.263565999998	17396.624	17396.759	2.0		1.0	1.0					
17410.009	8.305000000000291	trials	8.0	17414.928727	17416.127742999997	17416.669654999998	17416.88714	17413.999039	17416.190704	17417.344	17418.314	1.0	1.0	1.0	1.0					
17420.35	17.950000000000728	trials	8.0	17434.304149	17435.959763	17436.485698	17436.871729	17433.645048	17435.954451999998	17437.284	17438.3	1.0	1.0	1.0	1.0					
17442.34	14.778999999998632	trials	8.0	17453.359402	17455.121686	17455.715601	17455.951645	17452.472136	17455.113336			1.0		0.0	2.0					
17460.125	16.929000000000087	trials	8.0	17472.539581999998	17473.892794	17474.994812999998	17475.189481	17471.665253	17474.539166	17475.684	17476.63	1.0	1.0	1.0	1.0					
17480.654	21.395000000000437	trials	8.0	17498.944981	17499.998056	17500.670423	17500.900072	17497.981292	17499.986227			1.0		0.0	2.0					
17504.109	15.989999999997963	trials	8.0	17516.469527	17517.536522	17518.666901	17518.876916	17515.496603	17518.157367	17519.404	17520.099	1.0	2.0	1.0	1.0					
17522.184	6.584999999999127	trials	8.0	17524.851451	17526.180661	17527.170497	17527.4927	17524.051163	17526.623667	17527.844	17528.769	1.0	2.0	1.0	1.0					
17532.794	15.755999999997584	trials	8.0	17545.905929	17547.166024	17548.253197	17548.4951	17545.337322	17547.745468999998			1.0	1.0	0.0	3.0					
17551.603	11.245999999999185	trials	8.0	17559.076274	17560.845727	17561.59697	17561.943293	17558.211359	17560.836143			1.0		0.0	2.0					
17566.889	11.8650000000016	trials	8.0	17574.620468	17576.672647			17573.943707	17576.651203			2.0		1.0	1.0					
17581.217	8.066999999999098	trials	8.0	17584.936238	17586.348767	17587.465601	17587.733368999998	17584.216793	17586.972766	17588.244	17589.284	1.0	1.0	1.0	1.0					
17593.34	20.138999999999214	trials	8.0	17609.641483	17610.932543			17608.740013	17611.204031			2.0		1.0	1.0					
17617.009	7.690000000002328	trials	8.0	17620.285334	17621.633479	17623.118704	17623.378976	17619.661194	17622.151745	17623.874	17624.699	1.0	2.0	1.0	1.0					
17626.764	7.985000000000582	trials	8.0	17630.84135	17632.242238			17630.264404999998	17632.724973			2.0		1.0	1.0					
17639.294	6.0349999999998545	trials	8.0	17640.960483	17642.729062	17643.816215	17643.92287	17640.270646999998	17643.193848	17644.774	17645.329	1.0	2.0	1.0	1.0					
17648.279	6.55000000000291	trials	8.0	17651.36549	17652.826919	17653.561091	17653.68279	17650.436629	17652.812843			1.0		0.0	2.0					
17658.88	9.22899999999936	trials	8.0	17664.020861999998	17665.747625	17667.968698999997	17668.117645	17663.048895	17665.736072			1.0		0.0	2.0					
17669.825	19.993999999998778	trials	8.0	17685.970246999997	17687.124808	17688.211687	17688.45698	17685.302732	17687.755139	17688.809	17689.819	1.0	1.0	1.0	1.0					
17693.836	8.393000000000029	trials	8.0	17696.875847	17698.579969	17700.749092	17700.994895	17696.105281	17699.617175	17701.444	17702.229	1.0	2.0	1.0	1.0					
17705.246	16.713999999999942	trials	8.0	17718.320856	17720.238046	17721.475620999998	17721.970387	17717.696468	17720.927066			1.0	2.0	0.0	3.0					
17723.809	17.93000000000029	trials	8.0	17737.920487	17739.693011	17740.270736	17740.484962	17737.249853	17739.694892	17740.894	17741.739	1.0	2.0	1.0	1.0					
17744.779	6.694999999999709	trials	8.0	17747.781607	17748.967424			17746.812415	17749.357195999997			2.0		1.0	1.0					
17754.985	7.929000000000087	trials	8.0	17758.465795	17760.422565	17761.478544999998	17761.669325	17757.63307	17760.913467	17762.139	17762.914	1.0	2.0	1.0	1.0					
17764.974	9.400000000001455	trials	8.0	17770.470813	17771.868201999998			17769.713305999998	17772.245561			2.0		1.0	1.0					
17777.904	8.3650000000016	trials	8.0	17782.861548	17784.223046	17784.749917	17785.126105	17781.862079	17784.219062			1.0		0.0	2.0					
17790.295	89.38000000000102	trials	8.0	17875.443823999998	17876.984808999998	17877.956542	17878.304004999998	17874.505106	17877.269777999998	17878.729	17879.675	1.0	2.0	1.0	1.0					
17881.694	7.980999999999767	trials	8.0	17885.921812	17887.638443			17884.976012	17887.633366			1.0		0.0	2.0					
17891.725	8.4900000000016	trials	8.0	17895.261692	17896.533097	17898.460481	17898.764500999998	17894.285746999998	17897.889962	17899.199	17900.215	1.0	2.0	1.0	1.0					
17903.235	7.8289999999979045	trials	8.0	17906.827004	17908.307348			17906.162722	17908.827199			2.0		1.0	1.0					
17913.624	8.244999999998981	trials	8.0	17916.692003	17918.27276	17919.976154	17920.484901	17916.123278	17919.401418999998	17920.744	17921.869	1.0	1.0	1.0	1.0					
17924.935	8.448999999996886	trials	8.0	17928.984196999998	17930.520238999998	17931.733408	17931.959383999998	17928.236783	17931.174059999998	17932.55	17933.384	1.0	2.0	1.0	1.0					
17937.404	7.415000000000873	trials	8.0	17941.256632999997	17942.818995999998			17940.27895	17942.808742999998			1.0		0.0	2.0					
17947.829	248.375	trials	8.0	18191.553243	18193.125071	18194.674360999998	18194.906912	18190.804382	18194.076613999998	18195.3	18196.204	1.0	2.0	1.0	1.0					
18199.264	9.951000000000931	trials	8.0	18204.190329999998	18206.13307	18207.590747	18207.858067999998	18203.350524999998	18206.907187999997	18208.34	18209.215	1.0	2.0	1.0	1.0					
18213.275	7.774999999997817	trials	8.0	18215.815197	18217.7201	18219.420701	18219.706717999998	18215.081760999998	18218.764220999998	18220.239	18221.05	1.0	2.0	1.0	1.0					
18223.069	9.875	trials	8.0	18228.683496999998	18229.803031	18231.113405	18231.363029	18227.922405999998	18230.548432	18231.755	18232.944	1.0	1.0	1.0	1.0					
18236.894	37.28099999999904	trials	8.0	18270.249233	18271.636811			18269.327201	18271.987591999998			2.0		1.0	1.0					
18276.749	5.279999999998836	trials	8.0	18279.079741999998	18280.260623	18281.511222999998	18282.039254	18278.518337999998	18280.989479			1.0	1.0	0.0	3.0					
18283.854	50.111000000000786	trials	8.0	18329.981062	18331.643809	18332.494963999998	18332.711473	18329.436751999998	18331.994077	18333.179	18333.965	1.0	2.0	1.0	1.0					
18336.029	8.625	trials	8.0	18340.440910999998	18342.113853			18339.723395	18342.559558			2.0		1.0	1.0					
18348.189	7.7150000000001455	trials	8.0	18352.074585	18353.409857			18351.547544	18353.75002			2.0		1.0	1.0					
18359.499	6.2849999999998545	trials	8.0	18363.678898	18363.776087			18351.547544	18363.766794			2.0		0.0	2.0					
18367.834	14.405000000002474	trials	8.0	18378.630682	18379.723547999998			18377.640594999997	18380.107883999997			2.0		1.0	1.0					
18384.755	6.683999999997468	trials	8.0	18386.934691	18388.138858	18389.819334999996	18390.118824999998	18386.139	18388.909334999997	18390.555	18391.439	1.0	2.0	1.0	1.0					
18395.499	7.385999999998603	trials	8.0	18399.659109999997	18401.174819999997	18402.512186999997	18402.760457999997	18399.083627999997	18401.953266999997			1.0	1.0	0.0	3.0					
18405.904	10.930000000000291	trials	8.0	18411.435170999997	18412.53616	18414.378518999998	18414.747252999998	18410.882313	18413.829569999998			1.0	1.0	0.0	3.0					
18418.694	67.9900000000016	trials	8.0	18482.506695	18484.277780999997	18485.108761	18485.356896999998	18481.515573999997	18484.616984999997	18485.779	18486.684	1.0	2.0	1.0	1.0					
18489.634	8.17500000000291	trials	8.0	18492.994849	18494.080951	18496.023041999997	18496.458412	18492.338355999997	18495.557544	18496.804	18497.809	1.0	1.0	1.0	1.0					
18501.831	22.174000000002707	trials	8.0	18519.539934999997	18520.905235	18522.163569999997	18522.595494999998	18518.595293	18521.631470999997	18522.979	18524.005	1.0	1.0	1.0	1.0					
18528.045	49.874000000003434	trials	8.0	18574.75036	18575.912753999997	18576.504502999996	18576.888378	18573.993924	18575.902774			1.0		0.0	2.0					
18579.974	7.268000000000029	trials	8.0	18583.026142	18584.68482			18582.272016	18585.071124			2.0		1.0	1.0					
18591.76	4.370000000002619	trials	8.0	18593.485599	18594.589389999997	18595.730075	18596.13135	18592.873250999997	18595.259439999998			1.0	1.0	0.0	3.0					
18599.09	48.86899999999878	trials	8.0	18643.731258	18644.992582	18646.326876	18646.720257999998	18643.196699999997	18645.828217	18647.069	18647.959	1.0	2.0	1.0	1.0					
18650.979	8.111000000000786	trials	8.0	18654.886273	18656.487673	18657.529066	18657.814539	18654.384255999998	18656.978498999997	18658.13	18659.09	1.0	2.0	1.0	1.0					
18663.149	54.98099999999977	trials	8.0	18714.476724999997	18715.570734999998	18716.633532	18716.885559	18713.554010999997	18716.145881999997	18717.354	18718.13	1.0	2.0	1.0	1.0					
18720.183	8.665999999997439	trials	8.0	18725.43685	18726.818520999997	18728.298195	18728.849169999998	18724.64116	18727.823267			1.0	1.0	0.0	3.0					
18730.714	9.580000000001746	trials	8.0	18736.526787	18737.782647999997			18736.015305999998	18738.178759			2.0		1.0	1.0					
18742.854	7.385000000002037	trials	8.0	18745.751228999998	18746.962736999998	18748.24675	18748.499357999997	18744.971723	18747.77262	18749.005	18750.239	1.0	1.0	1.0	1.0					
18752.889	83.49499999999898	trials	8.0	18833.421435999997	18834.324543	18834.901927	18834.968031999997	18832.608570999997	18834.312512999997			1.0		0.0	2.0					
18839.417	41.63199999999779	trials	8.0	18878.360149	18879.496353	18880.686259	18881.017576	18877.727654	18880.170717999998			1.0	2.0	0.0	3.0					
18884.044	9.829999999998108	trials	8.0	18889.286988999997	18890.859507999998	18892.348071999997	18892.563195	18888.484856	18891.584468999998	18893.175	18893.874	1.0	2.0	1.0	1.0					
18896.964	7.770000000000437	trials	8.0	18900.343847999997	18901.920335			18899.751861999997	18902.442092999998			2.0		1.0	1.0					
18907.278	5.647000000000844	trials	8.0	18910.377059	18911.995657	18912.607764999997	18912.906193	18909.540541	18912.113802999997			1.0	1.0	0.0	3.0					
18914.931	30.074000000000524	trials	8.0	18941.523934999997	18942.952104999997	18944.656224	18945.004992	18940.591574	18944.187231			1.0	1.0	0.0	3.0					
18946.974	32.78100000000268	trials	8.0	18975.889658	18976.964208999998	18977.997355	18978.349701	18975.010165	18977.048598999998	18978.804	18979.755	1.0	2.0	1.0	1.0					
18982.819	64.63999999999942	trials	8.0	19043.688659	19044.846651999997			19042.735093	19045.270305			2.0		1.0	1.0					
19051.973	5.74199999999837	trials	8.0	19053.773896	19055.579777	19056.293415999997	19056.469044999998	19053.214703999998	19055.762609999998	19056.974	19057.715	1.0	2.0	1.0	1.0					
19061.804	22.465000000000146	trials	8.0	19080.913298	19082.262111999997			19080.090107999997	19082.258647			1.0		0.0	2.0					
19088.276	13.117999999998574	trials	8.0	19098.378266	19099.742897999997	19101.006372	19101.394921	19097.727165999997	19100.460118			1.0	1.0	0.0	3.0					
19103.325	207.75400000000081	trials	8.0	19306.855356999997	19308.492593	19309.571820999998	19309.680964	19305.915532	19309.009812999997	19310.304	19311.079	1.0	2.0	1.0	1.0					
19313.17	9.349000000001979	trials	8.0	19318.26502	19319.96619			19317.356892	19320.294558999998			2.0		1.0	1.0					
19326.029	5.390000000003056	trials	8.0	19327.581352999998	19329.367458999997	19330.093805999997	19330.156845999998	19326.958275999998	19329.361073			1.0		0.0	2.0					
19335.429	11.748999999999796	trials	8.0	19343.669572	19345.126755999998	19345.780752	19346.016609	19342.684306	19345.121916999997			1.0		0.0	2.0					
19351.189	9.135000000002037	trials	8.0	19356.971454	19358.276984999997	19358.945967	19359.322580999997	19356.295939	19358.273040999997			1.0		0.0	2.0					
19364.334	258.7960000000021	trials	8.0	19617.701441999998	19618.628284			19616.729754999997	19618.622836			2.0		0.0	2.0					
19623.682	4.282999999999447	trials	8.0	19625.541559999998	19625.963869	19627.462869	19627.652874	19623.136551	19625.958154			1.0		0.0	2.0					
19632.016	7.268000000000029	trials	8.0	19635.06684	19636.705418999998			19634.369934	19637.060247999998			2.0		1.0	1.0					
19641.794	7.789999999997235	trials	8.0	19645.062873	19647.076859999997			19644.451119999998	19647.458326			2.0		1.0	1.0					
19652.104	8.555000000000291	trials	8.0	19655.477166999997	19657.109856	19658.871046	19659.233995	19654.5867	19658.209779999997	19659.519	19660.659	1.0	2.0	1.0	1.0					
19664.714	6.400000000001455	trials	8.0	19667.236784999997	19668.309749999997	19669.229481	19669.598992	19666.672401999997	19668.425485	19669.969	19671.114	1.0	1.0	1.0	1.0					
19673.174	23.780000000002474	trials	8.0	19693.961373	19694.909281	19695.495579	19695.715665	19693.423349999997	19694.90038			1.0		0.0	2.0					
19700.964	50.65399999999863	trials	8.0	19747.61697	19749.305307			19746.877002999998	19749.333060999998			2.0		1.0	1.0					
19755.094	5.860000000000582	trials	8.0	19757.227656	19758.344891999997	19759.404724999997	19759.605392999998	19756.324198	19758.798259	19760.219	19760.954	1.0	2.0	1.0	1.0					
19763.019	9.650000000001455	trials	8.0	19768.598514999998	19770.05359	19771.0363	19771.271474999998	19767.900421	19770.534240999998	19771.864	19772.669	1.0	2.0	1.0	1.0					
19776.489	5.329999999998108	trials	8.0	19779.117266999998	19779.814368	19781.010284999997	19781.081063999998	19778.575767	19779.802467999998			1.0		0.0	2.0					
19783.825	21.278999999998632	trials	8.0	19801.242254999997	19802.558151999998			19800.583054	19802.927019			2.0		1.0	1.0					
19809.659	5.68500000000131	trials	8.0	19811.757238	19812.789038			19811.090412999998	19813.191267			2.0		1.0	1.0					
19817.814	10.860000000000582	trials	8.0	19824.867693	19826.624700999997			19824.309773999998	19826.617577999998			1.0		0.0	2.0					
19831.704	85.27999999999884	trials	8.0	19913.488293	19914.83497	19915.410963	19915.704886	19912.628943	19914.855922	19916.074	19916.984	1.0	2.0	1.0	1.0					
19920.014	5.885000000002037	trials	8.0	19922.382918	19923.811497			19921.858032999997	19923.804926999997			1.0		0.0	2.0					
19928.949	1713.505000000001	trials	8.0	0.0	0.0	59.629169000000005	60.030266000000005	21638.175	21640.439			1.0		0.0	2.0					
21644.496	8.618000000002212	trials	8.0	21648.348451	21650.039701	21651.458908	21651.885762	21647.589403	21650.870214	21652.234	21653.114	1.0	2.0	1.0	1.0					
21657.179	7.31000000000131	trials	8.0	21659.615068	21661.187862	21662.833393	21663.121369	21658.826952	21662.160763	21663.524	21664.489	1.0	2.0	1.0	1.0					
21667.507	7.281999999999243	trials	8.0	21671.608542	21673.105614	21674.470821	21674.788943	21670.808386	21673.890082			1.0	1.0	0.0	3.0					
21677.8	17.53399999999965	trials	8.0	21690.978784	21692.580111	21693.774352	21694.062028	21690.400809	21693.227935	21694.484	21695.334	1.0	2.0	1.0	1.0					
21699.396	7.503000000000611	trials	8.0	21702.278474	21703.936867	21705.167506	21705.401224	21701.539857	21704.530239	21705.925	21706.899	1.0	2.0	1.0	1.0					
21708.934	9.684999999997672	trials	8.0	21713.82838	21715.861603	21716.927662000002	21717.015686	21712.918239	21716.313139	21717.604	21718.619	1.0	2.0	1.0	1.0					
21721.678	8.725999999998749	trials	8.0	21726.213274	21727.685704	21728.838279	21729.099454	21725.645437	21728.254104	21729.574	21730.404	1.0	2.0	1.0	1.0					
21732.425	12.114000000001397	trials	8.0	21740.703948	21741.771084			21739.759152	21742.342036000002			2.0		1.0	1.0					
21748.089	4.479999999999563	trials	8.0	21749.88893	21750.977023	21751.963744	21752.569623	21748.971792	21751.448554			1.0	2.0	0.0	3.0					
21755.294	8.899999999997817	trials	8.0	21759.373503	21760.836973	21762.157311	21762.623005	21758.850819	21761.441323	21762.824	21764.194	1.0	1.0	1.0	1.0					
21768.269	10.974999999998545	trials	8.0	21775.93396	21777.239311			21774.996845	21777.23434			1.0		0.0	2.0					
21782.294	8.524999999997817	trials	8.0	21786.649098	21788.206642	21789.494109	21789.715902	21786.022434	21788.798751	21790.179	21790.819	1.0	2.0	1.0	1.0					
21794.841	8.706999999998516	trials	8.0	21799.935046	21801.455729			21799.154022	21801.450757			2.0		0.0	2.0					
21806.604	11.174999999999272	trials	8.0	21814.320132	21815.428842	21816.445231	21816.648592	21813.537031	21815.904685	21817.3	21817.779	1.0	2.0	1.0	1.0					
21819.884	131.09500000000116	BlockDesign														0.0	880.0	886.0	10.0	50.0
21819.884	9.260000000002037	trials	9.0	21825.204404	21827.016939	21828.89407	21829.144962	21824.213685	21827.008384			1.0		0.0	2.0					
21831.08	22.773999999997613	trials	9.0	21849.659367	21851.294098			21848.970622	21851.718293			2.0		1.0	1.0					
21856.362	5.8439999999973224	trials	9.0	21859.305445	21861.124986	21861.883419	21862.205764	21858.427867	21861.318444			1.0	2.0	0.0	3.0					
21864.208	16.52600000000166	trials	9.0	21878.029449	21879.152133	21880.420981	21880.665862	21877.400283	21879.907774			1.0	2.0	0.0	3.0					
21884.748	6.342000000000553	trials	9.0	21888.029803	21889.394643	21890.786446000002	21891.094972	21887.157864	21890.236122			1.0	1.0	0.0	3.0					
21894.1	46.76400000000285	trials	9.0	21936.529477	21938.058496	21939.368354	21939.664365	21935.885825	21938.849329	21940.175	21940.864	1.0	2.0	1.0	1.0					
21944.934	6.044999999998254	trials	9.0	21947.464174	21949.080259	21950.674032	21950.979597	21946.694973	21950.09032			1.0	2.0	0.0	3.0					
