onset	duration	nwb_table	block	tone_on_time	tone_off_time	action_on_time	action_off_time	pokeC_on_time	pokeC_off_time	reward_on_time	reward_off_time	state	action	reward	result	FinishedBlock	FirstTrial	LastTrial	RewardRule_L	RewardRule_R
3.461	1000.5	BlockDesign														1.0	1.0	68.0	50.0	10.0
3.461	68.535	trials	1.0	69.823432	69.92959499999999	70.377247	70.473846	68.901304	69.920762			1.0		0.0	2.0					
74.006	22.715000000000003	trials	1.0	89.722781	90.816436	95.777423	96.11711299999999	89.006301	90.814201			1.0		0.0	2.0					
96.846	9.024999999999991	trials	1.0	98.78333599999999	100.45369099999999			96.718251	100.439933			1.0		0.0	2.0					
106.517	16.019000000000005	trials	1.0	118.27857399999999	120.10695199999999	120.71646199999999	121.071812	117.66467499999999	120.100313	121.491	122.536	1.0	1.0	1.0	1.0					
124.556	12.475000000000009	trials	1.0	134.57876	135.98414200000002	136.70589999999999	136.91814499999998	133.601512	136.23251			1.0	1.0	0.0	3.0					
140.066	20.564999999999998	trials	1.0	156.72994899999998	158.664968	160.299261	160.49629399999998	155.907358	158.622301			1.0	2.0	0.0	3.0					
162.641	42.32000000000002	trials	1.0	198.55841199999998	199.824704	204.509342	204.96029299999998	197.558722	200.36773699999998			1.0	2.0	0.0	3.0					
207.861	29.225000000000023	trials	1.0	233.065475	234.28579000000002	234.955441	235.32212499999997	232.115005	234.36967299999998			1.0	1.0	0.0	3.0					
239.296	11.784999999999997	trials	1.0	246.41411	248.16150799999997	248.680588	248.820269	245.796812	248.152577			1.0		0.0	2.0					
254.241	20.30499999999998	trials	1.0	271.344173	272.536499	273.02270300000004	273.332531	270.34204900000003	272.532683			1.0		0.0	2.0					
278.556	22.966000000000008	trials	1.0	297.724138	299.211446	301.194344	301.38433000000003	297.110393	299.323165			1.0	2.0	0.0	3.0					
303.581	5.190999999999974	trials	1.0	305.684017	306.76993300000004			304.97686300000004	306.76288600000004			1.0		0.0	2.0					
310.816	10.730000000000018	trials	1.0	316.62471700000003	317.951252			315.73924900000003	318.62972	320.431	321.546	2.0		1.0	1.0					
323.566	24.914000000000044	trials	1.0	344.74012600000003	345.828728	348.061753	348.476342	344.109538	346.91665			1.0	1.0	0.0	3.0					
350.456	11.029999999999973	trials	1.0	353.356248	355.226105	359.366585	359.910833	352.657396	355.752421	360.086	361.486	1.0	1.0	1.0	1.0					
364.551	6.675999999999988	trials	1.0	367.066564	368.300564	369.4638	369.566465	366.21830900000003	368.926439	370.251	371.227	1.0	2.0	1.0	1.0					
375.296	7.40500000000003	trials	1.0	377.276388	378.962087			376.599721	378.951878			2.0		0.0	2.0					
384.022	6.944000000000017	trials	1.0	386.19129100000004	386.251693			382.699831	386.245538			1.0		0.0	2.0					
391.336	4.225999999999999	trials	1.0	393.139852	393.555739	394.928945	395.467663	390.96655400000003	393.54627			1.0		0.0	2.0					
399.616	12.930000000000007	trials	1.0	408.540103	410.432293	411.38061700000003	411.61046	407.930915	410.839547			1.0	2.0	0.0	3.0					
414.75	15.430999999999983	trials	1.0	425.394985	426.436535			424.56106900000003	427.301694	429.147	430.181	2.0		1.0	1.0					
434.201	5.839999999999975	trials	1.0	435.98172	437.211923			434.921462	437.889956			2.0		1.0	1.0					
443.506	8.275000000000034	trials	1.0	445.195671	446.499929			444.64087	446.964625	448.736	451.781	2.0		1.0	1.0					
453.847	7.27800000000002	trials	1.0	457.700738	459.594332	460.761995	460.932463	456.698281	459.994714			1.0	2.0	0.0	3.0					
463.136	7.889999999999986	trials	1.0	465.98555	467.051669			465.382916	468.08626100000004	469.996	471.026	2.0		1.0	1.0					
474.057	13.993999999999971	trials	1.0	479.34020300000003	480.99201500000004	485.76878600000003	486.10369000000003	478.75253200000003	481.40164400000003	486.416	488.051	1.0	1.0	1.0	1.0					
491.067	6.649000000000001	trials	1.0	493.070938	494.591561	495.84675200000004	496.150937	492.514108	495.240745	496.581	497.716	1.0	1.0	1.0	1.0					
499.736	11.451000000000022	trials	1.0	507.732203	509.419172	510.72687099999996	511.185736	507.17987	509.99700500000006			1.0	1.0	0.0	3.0					
515.096	9.638000000000034	trials	1.0	518.755386	520.692725	521.524675	521.815105	517.951035	520.678144			1.0		0.0	2.0					
526.746	10.401000000000067	trials	1.0	531.406021	533.124698	535.124954	535.558763	530.884145	533.976103	535.796	537.147	1.0	1.0	1.0	1.0					
541.211	11.399999999999977	trials	1.0	543.180562	544.359106	550.501689	551.9499500000001	542.177363	545.678137			1.0	1.0	0.0	3.0					
552.886	5.75	trials	1.0	554.474383	555.86301	557.083377	557.371637	552.61235	556.520858			1.0	2.0	0.0	3.0					
561.371	19.370000000000005	trials	1.0	566.48911	568.194712	577.215767	577.640957	565.619659	569.226699			1.0	2.0	0.0	3.0					
581.609	13.226999999999975	trials	1.0	590.83115	592.542515	594.325049	594.838385	589.83599	593.731328			1.0	2.0	0.0	3.0					
597.687	7.729000000000042	trials	1.0	603.180881	603.3527750000001			602.246852	603.349706			1.0		0.0	2.0					
607.471	13.184999999999945	trials	1.0	613.546415	615.303386			612.801607	615.9136100000001	617.716	620.656	2.0		1.0	1.0					
623.671	10.875	trials	1.0	631.471183	632.952862	634.053653	634.549065	630.91144	633.460072			1.0	1.0	0.0	3.0					
637.441	7.089999999999918	trials	1.0	640.406768	641.709617			639.640238	642.388178	644.187	644.493	2.0		1.0	1.0					
647.998	10.524000000000001	trials	1.0	649.991474	651.399927			648.658495	652.0169500000001			2.0		1.0	1.0					
658.781	5.035000000000082	trials	1.0	660.361832	662.319101	663.391219	663.818801	658.524704	662.704844			1.0	2.0	0.0	3.0					
665.737	4.2560000000000855	trials	1.0	667.608245	667.985017			666.587435	667.981685			1.0		0.0	2.0					
672.051	10.764999999999986	trials	1.0	678.551435	679.794101			677.563322	680.583195			2.0		1.0	1.0					
686.352	5.710000000000036	trials	1.0	687.891407	689.801756	691.148628	692.063551	686.669575	690.447795			1.0	1.0	0.0	3.0					
695.531	9.270000000000095	trials	1.0	701.38664	702.793838	703.2950930000001	703.446119	700.444463	702.784439			1.0		0.0	2.0					
706.831	7.259999999999991	trials	1.0	709.97681	711.333385			709.048997	711.864758			2.0		1.0	1.0					
716.671	9.019999999999982	trials	1.0	721.306358	722.870309			720.347795	723.609055			2.0		1.0	1.0					
728.176	6.7549999999999955	trials	1.0	731.091644	732.224251	734.544114	734.709293	730.177151	733.952969			1.0	2.0	0.0	3.0					
736.881	11.5	trials	1.0	745.046971	746.899163	747.83782	748.382438	744.534387	747.27203			1.0	2.0	0.0	3.0					
752.176	7.490000000000009	trials	1.0	756.461937	757.718581	759.129583	759.669926	755.541977	758.523084			1.0	1.0	0.0	3.0					
762.506	34.860000000000014	trials	1.0	789.077596	790.749202	796.815335	797.371166	788.299518	791.80586			1.0	2.0	0.0	3.0					
800.141	7.540000000000077	trials	1.0	802.407559	802.873574	807.556634	807.682226	801.665812	802.8622790000001			1.0		0.0	2.0					
807.891	15.930000000000064	trials	1.0	819.7160250000001	821.388329	823.070074	823.8243180000001	818.714315	821.688943			1.0	1.0	0.0	3.0					
826.397	5.058999999999969	trials	1.0	828.392155	829.964374	830.886788	831.458508	826.515243	830.182844			1.0	2.0	0.0	3.0					
834.231	10.345000000000027	trials	1.0	837.6225000000001	839.063981	840.6797290000001	841.2946880000001	836.797024	839.640263	841.361	844.576	1.0	1.0	1.0	1.0					
846.791	10.310999999999922	trials	1.0	852.323993	854.341546			851.78179	854.884829			2.0		1.0	1.0					
860.691	10.149999999999977	trials	1.0	862.377635	863.973938	869.714296	870.261397	861.160568	865.690166			1.0	1.0	1.0	1.0					
875.245	11.66599999999994	trials	1.0	883.288013	885.070907	886.4939	886.915072	882.73072	885.920566			1.0	1.0	0.0	3.0					
889.872	14.025000000000091	trials	1.0	898.859381	900.832113	901.799272	902.239478	898.074482	900.9731380000001	902.496	903.897	1.0	1.0	1.0	1.0					
906.963	7.423000000000002	trials	1.0	909.738173	911.028964	912.36367	912.61692	908.75358	911.7917170000001	913.062	914.386	1.0	1.0	1.0	1.0					
917.406	5.5750000000000455	trials	1.0	920.114158	921.550981	922.513805	922.984943	919.171316	922.037605			1.0	1.0	0.0	3.0					
924.852	7.840000000000032	trials	1.0	926.852569	928.365187	930.462702	930.811336	925.9466150000001	929.853996	931.261	932.692	1.0	1.0	1.0	1.0					
936.737	7.3390000000000555	trials	1.0	938.552953	940.613824	941.692111	941.941651	937.68859	941.159462	942.481	944.076	1.0	1.0	1.0	1.0					
948.102	4.869000000000028	trials	1.0	950.052891	951.975959	952.519864	952.9762470000001	948.810787	952.026208			1.0	1.0	0.0	3.0					
954.856	9.269999999999982	trials	1.0	959.80346	961.605458	962.135492	962.32878	959.179186	961.630102	962.801	964.126	1.0	1.0	1.0	1.0					
968.149	7.567000000000007	trials	1.0	971.678339	972.961513			971.147763	973.511395			2.0		1.0	1.0					
978.301	7.099999999999909	trials	1.0	980.478223	981.806878	983.354923	983.633479	979.896329	982.773284	984.166	985.401	1.0	1.0	1.0	1.0					
987.426	7.644999999999982	trials	1.0	990.944701	992.821412	993.650948	994.114544	990.13901	993.225785			1.0	1.0	0.0	3.0					
995.981	7.980000000000018	trials	1.0	999.2728940000001	1000.689776	1002.0383420000001	1002.366397	998.676328	1001.390656	1002.756	1003.961	1.0	1.0	1.0	1.0					
1007.048	803.6389999999999	BlockDesign														1.0	69.0	126.0	90.0	50.0
1007.048	6.487999999999943	trials	2.0	1008.70069	1010.130458	1011.1609	1011.657782	1008.116758	1010.666071	1012.022	1013.536	1.0	1.0	1.0	1.0					
1017.604	6.527000000000044	trials	2.0	1019.283856	1020.572302	1022.120624	1022.400755	1017.904129	1021.559312	1023.022	1024.131	1.0	1.0	1.0	1.0					
1026.206	10.316000000000031	trials	2.0	1031.2799389999998	1033.090366	1034.4652059999999	1034.8412959999998	1030.696413	1033.9041969999998	1035.156	1036.522	1.0	1.0	1.0	1.0					
1040.602	5.9939999999999145	trials	2.0	1042.2389569999998	1043.306392	1044.4545229999999	1044.729163	1041.354079	1043.9648719999998	1045.261	1046.596	1.0	1.0	1.0	1.0					
1049.656	10.831000000000131	trials	2.0	1053.5393609999999	1054.7821079999999	1055.439277	1055.759404	1052.6196109999998	1054.7744109999999			1.0		0.0	2.0					
1060.907	4.929000000000087	trials	2.0	1062.848534	1064.274391	1065.367982	1065.840506	1060.4943609999998	1064.791597			1.0	2.0	0.0	3.0					
1067.737	34.534999999999854	trials	2.0	1099.603925	1100.2740669999998			1098.7837399999999	1100.2639589999999			1.0		0.0	2.0					
1105.383	15.822999999999865	trials	2.0	1111.414333	1112.52373	1118.944468	1119.380999	1110.527537	1114.0018209999998	1119.539	1121.206	1.0	1.0	1.0	1.0					
1124.306	15.440000000000055	trials	2.0	1134.16926	1135.504289			1133.345907	1136.853966	1138.631	1139.746	2.0		1.0	1.0					
1143.816	8.504999999999882	trials	2.0	1148.4058699999998	1149.60511	1150.396521	1150.829497	1147.608022	1149.9299589999998	1151.102	1152.321	1.0	1.0	1.0	1.0					
1154.437	7.364000000000033	trials	2.0	1157.3298519999998	1158.427771	1159.391234	1159.8743	1156.4336509999998	1158.944779	1160.201	1161.801	1.0	1.0	1.0	1.0					
1164.846	6.660000000000082	trials	2.0	1166.93446	1168.0460799999998	1169.4076479999999	1169.9374429999998	1166.0566299999998	1168.8216579999998	1170.086	1171.506	1.0	1.0	1.0	1.0					
1173.526	7.701000000000022	trials	2.0	1176.7551259999998	1177.944118	1179.078227	1179.376114	1175.798946	1178.595071	1179.736	1181.227	1.0	1.0	1.0	1.0					
1185.296	8.0	trials	2.0	1188.8043859999998	1190.46634			1188.1580999999999	1190.9670859999999			2.0		1.0	1.0					
1195.812	7.969000000000051	trials	2.0	1200.44601	1202.431586	1203.408506	1203.787805	1199.753507	1202.7303049999998			1.0	2.0	0.0	3.0					
1206.781	20.035000000000082	trials	2.0	1221.1749559999998	1223.061409	1224.7757949999998	1225.323835	1220.268938	1223.858534	1225.531	1226.816	1.0	1.0	1.0	1.0					
1230.926	7.460000000000036	trials	2.0	1232.974487	1234.711738	1235.8664629999998	1236.1621049999999	1232.07512	1235.3770519999998	1236.581	1238.386	1.0	1.0	1.0	1.0					
1242.021	9.519999999999982	trials	2.0	1246.8903309999998	1248.740245	1249.230271	1249.7100739999998	1245.94978	1248.68023	1249.866	1251.541	1.0	1.0	1.0	1.0					
1254.602	5.829999999999927	trials	2.0	1256.5803609999998	1258.370377			1255.9046779999999	1258.349612			2.0		1.0	1.0					
1263.906	6.745000000000118	trials	2.0	1266.6744219999998	1267.883341			1265.773577	1268.634543			2.0		1.0	1.0					
1273.216	7.255000000000109	trials	2.0	1275.479776	1277.167495	1278.358262	1278.7360489999999	1274.501947	1277.855912	1279.191	1280.471	1.0	1.0	1.0	1.0					
1282.551	6.930000000000064	trials	2.0	1285.2952989999999	1286.6723659999998			1284.3838959999998	1287.18634			2.0		1.0	1.0					
1291.986	9.939999999999827	trials	2.0	1294.035625	1295.927229			1293.126284	1296.2874789999998			2.0		1.0	1.0					
1303.01	13.560999999999922	trials	2.0	1311.270124	1312.9227759999999	1314.3651499999999	1314.833242	1310.6690389999999	1313.5389639999999	1315.121	1316.571	1.0	1.0	1.0	1.0					
1318.466	6.045000000000073	trials	2.0	1321.2256399999999	1322.5133239999998	1323.0416779999998	1323.5706429999998	1320.5134549999998	1322.4998979999998			1.0		0.0	2.0					
1327.562	14.504000000000133	trials	2.0	1335.9907609999998	1337.5046049999999	1340.1382939999999	1340.377082	1335.334203	1338.513031	1340.897	1342.066	1.0	2.0	1.0	1.0					
1346.086	8.266000000000076	trials	2.0	1347.880669	1349.477035	1354.0305779999999	1354.2706269999999	1346.863091	1350.2507779999999			1.0	2.0	0.0	3.0					
1356.361	29.25499999999988	trials	2.0	1382.3625829999999	1383.488735	1385.170091	1385.623048	1381.376889	1384.547828			1.0	2.0	0.0	3.0					
1389.496	7.4699999999998	trials	2.0	1391.782415	1393.1023189999999	1394.6915199999999	1395.1258839999998	1391.0190229999998	1393.9898739999999	1395.516	1396.966	1.0	1.0	1.0	1.0					
1401.036	6.235999999999876	trials	2.0	1403.862643	1405.268187	1405.752744	1406.1435159999999	1403.3460249999998	1405.258588			1.0		0.0	2.0					
1410.281	20.375	trials	2.0	1425.9807019999998	1427.102467			1425.317656	1428.360184			2.0		1.0	1.0					
1435.272	6.69399999999996	trials	2.0	1437.8714559999999	1439.0526249999998	1440.168487	1440.4797099999998	1437.0113489999999	1439.5180369999998	1440.977	1441.966	1.0	1.0	1.0	1.0					
1445.016	6.336000000000013	trials	2.0	1447.1509299999998	1448.538251	1449.4708309999999	1449.6319939999998	1446.3532759999998	1449.016762	1450.147	1451.352	1.0	1.0	1.0	1.0					
1453.439	7.942000000000007	trials	2.0	1456.9715569999998	1458.614803	1459.1860609999999	1459.646386	1456.214882	1458.60359	1459.966	1461.381	1.0	1.0	1.0	1.0					
1464.401	7.576000000000022	trials	2.0	1466.5468899999998	1467.774037	1468.585339	1468.819403	1465.384453	1467.7698919999998			1.0		0.0	2.0					
1473.781	10.535000000000082	trials	2.0	1480.58692	1482.489502	1484.0061289999999	1484.250799	1479.810203	1482.9221459999999			1.0	2.0	0.0	3.0					
1486.326	11.186999999999898	trials	2.0	1493.166751	1494.503321			1492.3025619999999	1495.2885939999999			2.0		1.0	1.0					
1501.047	6.139999999999873	trials	2.0	1502.948126	1504.067842			1502.0906929999999	1505.076233			2.0		1.0	1.0					
1510.711	7.494999999999891	trials	2.0	1512.537373	1514.3331159999998	1516.146511	1516.396315	1511.8225029999999	1515.1751379999998	1516.937	1518.206	1.0	1.0	1.0	1.0					
1520.266	7.319999999999936	trials	2.0	1523.4268459999998	1525.4161479999998	1527.2453349999998	1527.591851	1522.593038	1526.751961			1.0	1.0	0.0	3.0					
1530.564	6.136999999999944	trials	2.0	1532.891756	1534.1883739999998	1536.1509219999998	1536.706982	1532.242738	1535.462953			1.0	2.0	0.0	3.0					
1539.481	9.330999999999904	trials	2.0	1543.372113	1545.0523159999998	1546.5465459999998	1547.12864	1542.4635159999998	1545.728482	1547.166	1548.812	1.0	1.0	1.0	1.0					
1552.877	7.028999999999996	trials	2.0	1554.988441	1556.7888369999998	1557.779861	1558.194808	1554.352211	1557.357358	1558.556	1559.906	1.0	1.0	1.0	1.0					
1561.971	10.1099999999999	trials	2.0	1567.877239	1569.573995			1567.335729	1569.927182			2.0		1.0	1.0					
1575.606	6.795000000000073	trials	2.0	1578.1517649999998	1579.645738			1577.1940089999998	1580.2047819999998			2.0		1.0	1.0					
1585.987	6.365000000000009	trials	2.0	1588.2218859999998	1589.724043	1591.260979	1592.3610939999999	1587.345728	1590.6044419999998			1.0	2.0	0.0	3.0					
1595.641	5.920999999999822	trials	2.0	1597.9769359999998	1599.499286			1597.191973	1599.4961349999999			2.0		0.0	2.0					
1605.616	16.02500000000009	trials	2.0	1616.992703	1618.173523	1619.602749	1620.110123	1616.3741149999998	1618.7450979999999	1620.406	1621.641	1.0	1.0	1.0	1.0					
1623.702	8.259000000000015	trials	2.0	1627.517018	1628.833154	1629.8293999999999	1630.294175	1626.6144339999998	1629.3689869999998	1630.616	1631.961	1.0	1.0	1.0	1.0					
1633.981	11.307000000000016	trials	2.0	1637.6777889999998	1638.849689	1639.777574	1640.5634719999998	1636.8386779999998	1639.3238079999999	1640.522	1645.288	1.0	1.0	1.0	1.0					
1646.096	77.55999999999995	trials	2.0	1650.048797	1651.7047249999998	1652.719377	1654.135703	1649.458418	1652.243215	1653.481	1723.656	1.0	1.0	1.0	1.0					
1725.701	10.329999999999927	trials	2.0	1730.30774	1731.9585379999999	1734.1154239999998	1734.54407	1729.620224	1733.024009	1734.741	1736.031	1.0	1.0	1.0	1.0					
1740.089	5.461999999999989	trials	2.0	1741.788529	1743.060065			1741.2024999999999	1743.057488			1.0		0.0	2.0					
1747.096	4.194999999999936	trials	2.0	1749.0584529999999	1749.2415139999998	1750.872296	1751.101696	1745.557846	1749.2366559999998			1.0		0.0	2.0					
1754.328	23.14300000000003	trials	2.0	1773.02814	1774.7150809999998			1772.2035309999999	1775.374826			2.0		1.0	1.0					
1782.051	8.054000000000087	trials	2.0	1783.705297	1785.609577	1787.7904669999998	1788.3020319999998	1782.1942279999998	1786.859012	1788.606	1790.105	1.0	1.0	1.0	1.0					
1792.161	8.360999999999876	trials	2.0	1795.6598	1796.800211	1797.952564	1798.3768369999998	1795.087918	1797.5256829999998	1798.516	1800.522	1.0	1.0	1.0	1.0					
1803.626	7.060999999999922	trials	2.0	1805.6238819999999	1807.1637879999998	1808.345261	1808.820814	1804.9661179999998	1807.829002	1809.094	1810.687	1.0	1.0	1.0	1.0					
1812.806	7285.369999999999	BlockDesign														1.0	127.0	636.0	10.0	50.0
1812.806	7.704999999999927	trials	3.0	1816.34375	1817.6388339999999			1815.510752	1818.308668			2.0		1.0	1.0					
1823.916	5.445000000000164	trials	3.0	1825.7139439999999	1827.495839	1828.879182	1829.3702409999999	1824.113345	1828.129025			1.0	1.0	0.0	3.0					
1831.208	12.167999999999893	trials	3.0	1835.268398	1836.9047119999998	1839.0907	1839.3303079999998	1834.554488	1838.573338			1.0	1.0	0.0	3.0					
1843.416	10.375	trials	3.0	1849.8934399999998	1851.340702	1852.8908259999998	1853.798963	1849.354897	1852.3792959999998			1.0	1.0	0.0	3.0					
1856.211	32.440000000000055	trials	3.0	1883.438774	1885.1272669999998			1882.893568	1885.5338539999998	1887.511	1888.651	2.0		1.0	1.0					
1891.674	7.376999999999953	trials	3.0	1894.219244	1896.0558649999998	1898.7319989999999	1898.9751999999999	1893.3177349999999	1897.7236779999998			1.0	1.0	0.0	3.0					
1902.096	5.4849999999999	trials	3.0	1903.870183	1905.491851	1906.50173	1907.590321	1902.3325069999999	1905.8564959999999			1.0	1.0	0.0	3.0					
1910.866	8.230000000000018	trials	3.0	1913.1038589999998	1914.511636	1917.0925579999998	1917.367718	1912.367806	1915.815212			1.0	1.0	0.0	3.0					
1919.362	12.348999999999933	trials	3.0	1920.959488	1922.2867039999999	1930.263035	1931.0614329999999	1919.1044	1923.2662939999998			1.0	1.0	0.0	3.0					
1932.636	6.850000000000136	trials	3.0	1934.544443	1936.11216	1937.525281	1937.7950469999998	1931.723432	1936.8584329999999	1938.246	1939.486	1.0	2.0	1.0	1.0					
1943.551	5.029999999999973	trials	3.0	1945.35917	1947.23696	1948.191742	1948.5928689999998	1944.723722	1947.313868			1.0	1.0	0.0	3.0					
1952.511	9.2650000000001	trials	3.0	1956.991405	1958.9675599999998			1956.3330919999999	1959.532949			2.0		1.0	1.0					
1966.348	6.66800000000012	trials	3.0	1968.130903	1969.561643	1971.1668829999999	1971.493689	1966.7663149999998	1970.1759679999998	1971.977	1973.016	1.0	1.0	1.0	1.0					
1977.081	6.305000000000064	trials	3.0	1979.1609369999999	1980.780785			1978.2310029999999	1981.1691549999998			2.0		1.0	1.0					
1986.846	5.7970000000000255	trials	3.0	1989.279325	1990.9449909999998	1992.265258	1992.6563259999998	1988.405437	1991.699482			1.0	1.0	0.0	3.0					
1994.587	5.7690000000000055	trials	3.0	1997.804571	1998.9013149999998	2000.040988	2000.35673	1997.2603519999998	1999.458764			1.0	1.0	0.0	3.0					
2003.406	8.080000000000155	trials	3.0	2007.229703	2008.666802			2006.343614	2009.326187	2011.111	2011.282	2.0		1.0	1.0					
2013.937	7.3090000000001965	trials	3.0	2016.866509	2018.0014159999998	2020.546463	2021.2563579999999	2016.3070839999998	2019.4563859999998			1.0	1.0	0.0	3.0					
2022.881	11.464999999999918	trials	3.0	2031.045161	2032.326515	2033.880847	2034.358924	2030.251912	2032.700122			1.0	2.0	0.0	3.0					
2038.234	22.822000000000116	trials	3.0	2056.2868209999997	2057.912835	2059.288066	2059.618829	2055.759023	2058.76801	2060.001	2061.056	1.0	1.0	1.0	1.0					
2064.078	4.963000000000193	trials	3.0	2065.920487	2067.566643	2068.578823	2069.05093	2065.296473	2068.11949			1.0	1.0	0.0	3.0					
2071.951	7.139999999999873	trials	3.0	2073.9519649999997	2075.476789	2076.837659	2077.067048	2073.288058	2076.013742	2077.451	2079.091	1.0	2.0	1.0	1.0					
2081.711	6.910000000000309	trials	3.0	2084.6801649999998	2086.25486	2088.1230339999997	2088.631853	2084.120343	2087.4192199999998			1.0	2.0	0.0	3.0					
2090.478	6.003999999999905	trials	3.0	2092.985042	2094.432121			2092.280592	2094.428343			2.0		0.0	2.0					
2098.492	5.658999999999651	trials	3.0	2100.095467	2101.7157979999997	2102.65201	2104.164882	2098.730078	2101.917601			1.0	1.0	0.0	3.0					
2106.981	7.924999999999727	trials	3.0	2111.630936	2112.847046			2110.9118679999997	2112.831545			1.0		0.0	2.0					
2118.916	8.279999999999745	trials	3.0	2121.61715	2123.281977	2125.293278	2125.63217	2120.699393	2124.50314	2125.926	2127.196	1.0	2.0	1.0	1.0					
2129.216	6.940000000000055	trials	3.0	2132.850677	2134.488157	2135.775536	2136.168634	2131.879789	2135.290625			1.0	1.0	0.0	3.0					
2139.106	5.654999999999745	trials	3.0	2141.045749	2142.672769	2144.4525009999998	2144.595886	2139.862421	2143.1394379999997			1.0	2.0	0.0	3.0					
2147.811	32.274999999999636	trials	3.0	2175.00614	2176.933696	2178.237301	2178.546599	2174.055796	2177.588737	2179.022	2180.086	1.0	1.0	1.0	1.0					
2182.106	10.99599999999964	trials	3.0	2186.858005	2188.7220669999997	2189.8047699999997	2190.004871	2185.86242	2189.351071			1.0	1.0	0.0	3.0					
2193.192	16.268999999999778	trials	3.0	2205.3560589999997	2206.65884			2204.602885	2207.303207			2.0		1.0	1.0					
2213.036	7.855000000000018	trials	3.0	2215.5406559999997	2216.887346			2214.7808919999998	2217.455915	2219.286	2220.891	2.0		1.0	1.0					
2222.953	30.847999999999956	trials	3.0	2250.391661	2252.06294	2253.210898	2253.815666	2249.698358	2252.537334			1.0	1.0	0.0	3.0					
2255.616	13.219000000000051	trials	3.0	2264.8680799999997	2266.0728169999998			2264.0670999999998	2266.758245			2.0		1.0	1.0					
2271.371	37.2829999999999	trials	3.0	2304.681581	2305.848314			2304.08225	2306.593304			2.0		1.0	1.0					
2312.171	11.1850000000004	trials	3.0	2315.5133109999997	2316.563356			2314.657925	2317.124344			2.0		1.0	1.0					
2323.932	3.8190000000004147	trials	3.0	2325.597179	2326.718601	2327.4449059999997	2327.745665	2323.370063	2326.86641			1.0	1.0	0.0	3.0					
2331.766	5.670999999999822	trials	3.0	2333.578257	2334.9549739999998	2337.003367	2337.449716	2331.86293	2336.413967			1.0	1.0	0.0	3.0					
2340.366	5.755000000000109	trials	3.0	2342.3216119999997	2344.1582989999997	2344.853892	2346.1326559999998	2341.685292	2344.332809			1.0	1.0	0.0	3.0					
2348.171	11.945000000000164	trials	3.0	2356.226858	2358.121059			2355.617623	2358.1072599999998			1.0		0.0	2.0					
2364.131	17.495000000000346	trials	3.0	2377.110333	2378.818318			2376.1271079999997	2379.381679			2.0		1.0	1.0					
2385.187	9.009000000000015	trials	3.0	2387.14214	2388.698922	2389.944071	2390.600676	2385.350455	2389.445036			1.0	1.0	0.0	3.0					
2394.286	20.164999999999964	trials	3.0	2411.1573639999997	2412.7993539999998	2413.644197	2414.464038	2410.317025	2413.2226459999997			1.0	1.0	0.0	3.0					
2418.001	29.899999999999636	trials	3.0	2443.592875	2444.962205	2447.036301	2447.916729	2443.050091	2445.766153			1.0	1.0	0.0	3.0					
2449.346	14.204999999999927	trials	3.0	2456.414558	2458.1138029999997	2463.237642	2463.4427419999997	2455.5991249999997	2458.1435779999997			1.0	1.0	0.0	3.0					
2465.603	20.052999999999884	trials	3.0	2481.968237	2483.36429	2485.232981	2485.671896	2481.383857	2484.429039			1.0	1.0	0.0	3.0					
2487.558	37.972999999999956	trials	3.0	2515.7894929999998	2517.725584	2522.6430649999998	2523.157376	2514.813898	2517.870133			1.0	1.0	0.0	3.0					
2526.977	13.858999999999924	trials	3.0	2531.1432219999997	2532.580232	2537.952362	2538.401402	2530.3044259999997	2532.899122	2538.721	2540.836	1.0	2.0	1.0	1.0					
2542.501	21.810999999999694	trials	3.0	2559.148655	2560.784729	2563.3459359999997	2564.3282959999997	2558.627144	2561.469857			1.0	1.0	0.0	3.0					
2566.706	8.559999999999945	trials	3.0	2572.459029	2573.275169			2571.68333	2573.264623			1.0		0.0	2.0					
2579.286	14.965000000000146	trials	3.0	2589.7387129999997	2591.242919	2592.596639	2594.266151	2589.0022329999997	2592.035924			1.0	1.0	0.0	3.0					
2594.906	7.635000000000218	trials	3.0	2597.7291099999998	2599.135103			2596.887099	2600.066843	2601.977	2602.541	2.0		1.0	1.0					
2605.562	12.414999999999964	trials	3.0	2607.96162	2609.0605299999997	2615.631444	2616.1790929999997	2607.3877039999998	2610.3149719999997			1.0	1.0	0.0	3.0					
2619.946	11.215000000000146	trials	3.0	2627.749334	2629.115608	2630.027953	2630.124751	2626.847115	2629.110355			1.0		0.0	2.0					
2635.207	10.044000000000324	trials	3.0	2641.7993659999997	2643.200507			2641.149965	2643.194163			1.0		0.0	2.0					
2647.261	18.304999999999836	trials	3.0	2661.1991239999998	2662.71484			2660.575937	2663.35691			2.0		1.0	1.0					
2670.046	5.670000000000073	trials	3.0	2672.0340499999998	2673.227734	2675.055935	2675.732179	2671.1944289999997	2674.382048			1.0	1.0	0.0	3.0					
2678.371	22.52500000000009	trials	3.0	2698.2496929999998	2699.4412669999997	2700.585232	2700.756556	2697.580943	2700.067448			1.0	1.0	0.0	3.0					
2702.905	6.265999999999622	trials	3.0	2705.894399	2706.950638	2708.722721	2709.184553	2705.170742	2707.7648599999998			1.0	2.0	0.0	3.0					
2711.051	17.751000000000204	trials	3.0	2725.224635	2726.8399449999997	2728.488386	2728.70488	2724.272903	2727.9555769999997			1.0	1.0	0.0	3.0					
2731.816	12.286000000000058	trials	3.0	2735.295068	2736.81671	2742.089359	2742.439358	2734.508915	2737.4331429999997	2742.776	2744.102	1.0	2.0	1.0	1.0					
2748.121	8.61999999999989	trials	3.0	2750.0411169999998	2752.061194	2754.500294	2754.7223089999998	2749.31497	2753.8552689999997	2755.191	2756.741	1.0	2.0	1.0	1.0					
2759.805	9.260999999999967	trials	3.0	2763.975395	2765.3898759999997			2763.1618719999997	2765.9242879999997	2767.772	2769.066	2.0		1.0	1.0					
2773.126	7.869999999999891	trials	3.0	2774.956619	2776.891013	2778.716871	2779.0130799999997	2774.011907	2777.8044879999998	2779.551	2780.996	1.0	2.0	1.0	1.0					
2783.911	22.980000000000018	trials	3.0	2787.02978	2788.616389	2803.988368	2804.11561	2786.062625	2789.752437			1.0	1.0	0.0	3.0					
2808.312	3.8140000000003056	trials	3.0	2810.105174	2810.1325589999997			2806.906873	2810.127238			1.0		0.0	2.0					
2815.136	6.760999999999967	trials	3.0	2817.17575	2818.5022919999997			2816.5531269999997	2819.124899	2820.971	2821.897	2.0		1.0	1.0					
2824.916	17.0	trials	3.0	2832.815111	2834.337398	2841.157748	2841.9317109999997	2832.2314819999997	2835.051913			1.0	1.0	0.0	3.0					
2843.471	5.204999999999927	trials	3.0	2845.1016609999997	2846.432275	2848.368789	2848.692755	2843.925165	2847.632789			1.0	1.0	0.0	3.0					
2850.692	13.44900000000007	trials	3.0	2860.820269	2862.334025	2863.71864	2864.155406	2860.048394	2862.87911			1.0	2.0	0.0	3.0					
2867.031	7.815000000000055	trials	3.0	2871.025732	2872.349512			2870.034167	2872.74411			2.0		1.0	1.0					
2877.419	8.521999999999935	trials	3.0	2880.251437	2881.615197	2884.141485	2884.351256	2879.259616	2883.3021049999998	2884.866	2885.941	1.0	1.0	1.0	1.0					
2889.961	6.235000000000127	trials	3.0	2892.030639	2893.892575			2891.002544	2893.987487			2.0		1.0	1.0					
2898.716	7.380000000000109	trials	3.0	2901.570788	2903.601038	2905.5991719999997	2906.114943	2900.841587	2904.941281			1.0	1.0	0.0	3.0					
2908.911	6.684999999999945	trials	3.0	2912.82059	2914.3272549999997	2915.299958	2915.614373	2911.961195	2914.770813			1.0	1.0	0.0	3.0					
2917.576	5.7849999999998545	trials	3.0	2919.716477	2921.51114	2923.064896	2923.243981	2919.084788	2921.801441			1.0	2.0	0.0	3.0					
2927.371	14.384000000000015	trials	3.0	2938.9263619999997	2940.232649	2941.3864719999997	2941.7652909999997	2938.138946	2940.793126			1.0	1.0	0.0	3.0					
2944.706	20.809999999999945	trials	3.0	2955.86598	2957.19217	2965.198442	2965.390593	2955.121141	2958.007293			1.0	2.0	0.0	3.0					
2968.57	8.12099999999964	trials	3.0	2972.486525	2974.295724	2976.36635	2976.625809	2971.7223559999998	2974.7357389999997			1.0	1.0	0.0	3.0					
2978.719	67.39699999999993	trials	3.0	3040.42722	3041.643305			3039.562004	3042.437525	3044.346	3046.116	2.0		1.0	1.0					
3050.151	8.615000000000236	trials	3.0	3056.6615079999997	3056.7779579999997			3056.0531229999997	3056.767109			1.0		0.0	2.0					
3061.776	21.295000000000073	trials	3.0	3073.7551780000003	3075.676839	3081.0578680000003	3081.3231960000003	3072.844122	3076.2805780000003	3081.826	3083.071	1.0	2.0	1.0	1.0					
3086.102	8.220000000000255	trials	3.0	3089.125591	3090.3225740000003	3092.2123450000004	3092.354883	3088.411	3091.424758	3093.016	3094.322	1.0	2.0	1.0	1.0					
3096.391	7.299999999999727	trials	3.0	3099.670308	3100.783171	3103.3674250000004	3103.6067350000003	3099.1351320000003	3102.0695290000003			1.0	1.0	0.0	3.0					
3105.719	7.58199999999988	trials	3.0	3109.2407080000003	3110.78823			3108.342817	3111.187029			2.0		1.0	1.0					
3116.866	6.309999999999945	trials	3.0	3118.5311890000003	3120.1975970000003	3122.8614580000003	3123.0585330000004	3117.8136360000003	3121.088499			1.0	1.0	0.0	3.0					
3126.226	7.304999999999836	trials	3.0	3127.871028	3129.750544			3127.2260340000003	3130.362625	3132.227	3133.531	2.0		1.0	1.0					
3135.071	8.039999999999964	trials	3.0	3138.8960580000003	3140.778832			3138.031414	3140.777375			2.0		1.0	1.0					
3145.689	6.687000000000353	trials	3.0	3148.125738	3149.807529			3147.5522650000003	3150.239959	3151.961	3152.336	2.0		1.0	1.0					
3156.915	28.777000000000044	trials	3.0	3180.746109	3181.86481			3179.743144	3181.854502			1.0		0.0	2.0					
3185.881	35.245000000000346	trials	3.0	3205.3575610000003	3207.372945	3219.81493	3220.4700820000003	3204.41872	3207.435712			1.0	1.0	0.0	3.0					
3223.146	34.1899999999996	trials	3.0	3243.3580540000003	3245.19457	3257.0074400000003	3257.337454	3242.676859	3245.9844740000003			1.0	2.0	0.0	3.0					
3260.336	19.120000000000346	trials	3.0	3268.7215690000003	3269.838322	3275.310539	3275.765338	3268.0601450000004	3270.58257			1.0	2.0	0.0	3.0					
3279.649	6.342000000000098	trials	3.0	3281.5200750000004	3283.1862690000003	3284.16415	3284.348943	3279.456955	3283.576497	3284.931	3285.991	1.0	1.0	1.0	1.0					
3290.016	10.299999999999727	trials	3.0	3291.721849	3293.433508	3297.0629050000002	3297.7042380000003	3290.426385	3293.8583830000002			1.0	1.0	0.0	3.0					
3301.449	5.5470000000000255	trials	3.0	3303.077146	3304.668705	3306.580201	3306.998122	3300.318036	3305.688904			1.0	2.0	0.0	3.0					
3310.951	19.425000000000182	trials	3.0	3327.693462	3328.898173	3330.052191	3330.273658	3326.780263	3329.2266400000003			1.0	1.0	0.0	3.0					
3332.383	17.133000000000266	trials	3.0	3344.047344	3345.683593	3347.0220040000004	3347.392069	3343.438203	3346.319402	3347.721	3349.516	1.0	2.0	1.0	1.0					
3353.546	5.950000000000273	trials	3.0	3355.9190550000003	3357.734578	3359.120244	3359.497334	3355.188787	3358.514821			1.0	1.0	0.0	3.0					
3361.477	20.19399999999996	trials	3.0	3376.0778520000003	3377.579248	3379.623146	3379.861833	3375.3750130000003	3379.01704	3380.446	3381.671	1.0	2.0	1.0	1.0					
3385.697	6.043999999999869	trials	3.0	3387.592326	3389.428668	3390.471546	3391.2655670000004	3386.590099	3389.7819480000003			1.0	2.0	0.0	3.0					
3393.841	19.740000000000236	trials	3.0	3409.4178580000003	3410.6423130000003	3411.553105	3411.745492	3408.459506	3410.9693190000003	3412.241	3413.581	1.0	2.0	1.0	1.0					
3415.637	8.703999999999724	trials	3.0	3420.234703	3421.521172			3419.504496	3422.075298			2.0		1.0	1.0					
3427.82	6.15099999999984	trials	3.0	3430.062715	3432.07069	3433.3989490000004	3433.582813	3429.274926	3432.538059			1.0	1.0	0.0	3.0					
3436.736	4.894999999999982	trials	3.0	3438.373266	3439.899187	3440.970899	3441.632391	3437.866658	3440.451121			1.0	2.0	0.0	3.0					
3445.301	12.105000000000018	trials	3.0	3452.6827240000002	3454.112807			3452.136112	3454.660308	3456.426	3457.406	2.0		1.0	1.0					
3460.471	14.079999999999927	trials	3.0	3464.9327040000003	3466.15503	3471.6768270000002	3471.94893	3464.109304	3469.4165460000004			1.0	1.0	0.0	3.0					
3474.996	5.101000000000113	trials	3.0	3476.84776	3478.091485	3478.681528	3479.096841	3474.554142	3478.079396			1.0		0.0	2.0					
3483.109	13.577999999999975	trials	3.0	3492.6548580000003	3494.510914	3496.068361	3496.692658	3491.880877	3495.483451			1.0	1.0	0.0	3.0					
3498.411	5.304999999999836	trials	3.0	3500.843397	3501.9895770000003	3503.22879	3503.7192010000003	3500.124325	3502.67277			1.0	1.0	0.0	3.0					
3505.566	13.800000000000182	trials	3.0	3514.918447	3516.107658			3514.217067	3517.263223			2.0		1.0	1.0					
3521.914	6.786999999999807	trials	3.0	3525.048468	3526.740861	3528.177356	3528.703351	3524.270563	3527.667465			1.0	2.0	0.0	3.0					
3530.553	12.492999999999938	trials	3.0	3535.6138570000003	3537.196773			3534.6944940000003	3537.1929480000003			2.0		0.0	2.0					
3543.308	5.222999999999956	trials	3.0	3545.248642	3547.220365	3548.2023950000003	3548.429098	3543.051562	3547.6704090000003			1.0	1.0	0.0	3.0					
3552.586	4.970000000000255	trials	3.0	3554.874012	3556.0184980000004	3557.231185	3557.499115	3553.89028	3556.675305			1.0	2.0	0.0	3.0					
3560.611	9.289999999999964	trials	3.0	3563.195674	3564.434424	3566.9013320000004	3568.5189100000002	3562.4002210000003	3566.040348			1.0	1.0	0.0	3.0					
3570.231	14.2199999999998	trials	3.0	3574.5392890000003	3576.2646640000003	3583.375582	3584.456403	3573.9334	3576.5027630000004			1.0	1.0	0.0	3.0					
3587.694	5.912000000000262	trials	3.0	3589.3692490000003	3590.630544	3591.763684	3592.070624	3588.7638800000004	3591.088627	3592.431	3593.606	1.0	2.0	1.0	1.0					
3597.627	5.492999999999938	trials	3.0	3599.5041690000003	3601.0725820000002			3598.4295850000003	3601.0693420000002			2.0		0.0	2.0					
3605.131	6.545000000000073	trials	3.0	3607.104128	3608.614532	3609.4934970000004	3609.90247	3605.8982290000004	3608.958027	3610.176	3611.676	1.0	2.0	1.0	1.0					
3615.693	7.707999999999629	trials	3.0	3617.835367	3618.9033480000003	3620.3361050000003	3620.656714	3617.011063	3619.597158			1.0	2.0	0.0	3.0					
3624.676	35.820000000000164	trials	3.0	3658.184161	3658.4915340000002			3657.328534	3658.4825260000002			1.0		0.0	2.0					
3662.506	6.660000000000309	trials	3.0	3665.2362300000004	3666.4514320000003	3667.5941230000003	3667.728771	3664.578531	3666.963224	3668.352	3669.166	1.0	2.0	1.0	1.0					
3673.231	5.929999999999836	trials	3.0	3675.579862	3676.796284	3678.5611480000002	3679.169401	3674.846755	3677.924472			1.0	2.0	0.0	3.0					
3681.886	14.11999999999989	trials	3.0	3690.86128	3692.7310740000003	3694.1206650000004	3694.2636970000003	3690.2542860000003	3692.8786950000003	3694.756	3696.006	1.0	2.0	1.0	1.0					
3698.066	6.260000000000218	trials	3.0	3700.8802290000003	3702.2567830000003			3700.3053	3702.253062			2.0		0.0	2.0					
3706.335	6.476999999999862	trials	3.0	3708.301002	3709.6373670000003	3712.437464	3712.8185000000003	3706.7790560000003	3710.3816800000004			1.0	1.0	0.0	3.0					
3715.778	5.449000000000069	trials	3.0	3718.455073	3719.855241	3720.8251360000004	3721.2329170000003	3717.728872	3720.160387			1.0	2.0	0.0	3.0					
3723.172	13.159000000000106	trials	3.0	3731.2950490000003	3733.2265260000004			3730.60876	3733.988289			2.0		1.0	1.0					
3739.806	7.255999999999858	trials	3.0	3741.770085	3743.55058	3744.880525	3745.169901	3740.8716400000003	3744.0843840000002	3745.666	3747.062	1.0	2.0	1.0	1.0					
3749.127	31.22900000000027	trials	3.0	3775.6119580000004	3776.946973	3777.859213	3778.290849	3774.653032	3777.3568720000003	3778.511	3780.356	1.0	2.0	1.0	1.0					
3783.228	6.192999999999756	trials	3.0	3785.9106220000003	3787.9003810000004	3788.8903760000003	3789.426603	3785.038117	3788.362398			1.0	1.0	0.0	3.0					
3792.266	18.22699999999986	trials	3.0	3806.505956	3808.226907	3810.063576	3810.4995900000004	3805.676887	3809.012554			1.0	1.0	0.0	3.0					
3813.391	19.92099999999982	trials	3.0	3829.5201850000003	3831.248068			3828.519972	3831.238746			1.0		0.0	2.0					
3835.326	179.48000000000002	trials	3.0	4005.547845	4007.0973620000004	4013.4711190000003	4014.812285	4004.734523	4007.871724			1.0	2.0	0.0	3.0					
4015.806	17.394999999999982	trials	3.0	4024.323652	4026.2273590000004	4031.4487280000003	4032.4061220000003	4023.3264130000002	4026.634668			1.0	1.0	0.0	3.0					
4035.781	6.662000000000262	trials	3.0	4037.3784400000004	4038.404028			4033.20712	4038.3994780000003			1.0		0.0	2.0					
4042.477	5.579000000000178	trials	3.0	4045.936905	4045.999369			4045.097321	4045.990447			1.0		0.0	2.0					
4051.072	19.634999999999764	trials	3.0	4059.1225590000004	4060.847862	4068.431251	4069.0336020000004	4058.15139	4061.591275			1.0	1.0	0.0	3.0					
4072.796	10.75	trials	3.0	4079.642559	4080.7347040000004			4078.7770290000003	4081.3990510000003			2.0		1.0	1.0					
4088.112	6.878999999999905	trials	3.0	4089.667813	4090.8998840000004	4094.885283	4095.001478	4088.123985	4090.894549			1.0		0.0	2.0					
4096.916	4.83600000000024	trials	3.0	4099.511616	4099.750228	4100.507811	4101.025897	4098.657548	4099.741480000001			1.0		0.0	2.0					
4105.771	12.275000000000546	trials	3.0	4107.708331	4108.8893800000005	4115.74524	4116.098595	4106.5105	4110.0988720000005	4116.586	4118.046	1.0	2.0	1.0	1.0					
4121.111	5.786000000000058	trials	3.0	4122.82833	4124.310169			4122.260739	4124.754484	4126.482	4126.897	2.0		1.0	1.0					
4128.916	10.649999999999636	trials	3.0	4131.942533	4133.929443	4135.493964	4135.778402	4131.129088	4134.743455			1.0	1.0	0.0	3.0					
4139.831	6.1909999999998035	trials	3.0	4141.67302	4143.457792			4139.574868	4143.949140000001			2.0		1.0	1.0					
4148.636	8.8799999999992	trials	3.0	4151.6464320000005	4152.900891	4155.575215	4155.890488	4150.720099	4154.083599	4156.272	4157.516	1.0	1.0	1.0	1.0					
4159.577	7.8090000000001965	trials	3.0	4163.1479340000005	4164.976369	4166.415189	4167.392811	4162.533186000001	4165.793917			1.0	1.0	0.0	3.0					
4170.737	8.653999999999542	trials	3.0	4175.378973	4176.497563	4178.91171	4179.401485	4174.600493	4178.293131			1.0	2.0	0.0	3.0					
4182.246	9.940999999999804	trials	3.0	4184.128357	4185.694051	4191.611103	4192.1934790000005	4183.252640000001	4186.355347000001			1.0	2.0	0.0	3.0					
4193.951	8.854999999999563	trials	3.0	4198.173429	4199.532409	4201.860339	4202.292244	4197.558585000001	4201.018354			1.0	1.0	0.0	3.0					
4205.227	8.72400000000016	trials	3.0	4209.958705	4211.13727			4209.288909	4211.656331			2.0		1.0	1.0					
4217.436	5.369999999999891	trials	3.0	4219.193469	4220.800807			4218.370015	4220.768106			2.0		1.0	1.0					
4227.341	7.354999999999563	trials	3.0	4229.129587	4230.940032	4234.384445	4234.571964000001	4228.098937000001	4231.986292			1.0	1.0	0.0	3.0					
4236.771	9.08600000000024	trials	3.0	4241.563138	4242.803038			4240.688908	4243.623058			2.0		1.0	1.0					
4248.352	6.97400000000016	trials	3.0	4250.903788	4252.577055	4254.533478	4255.333675	4250.237445000001	4253.380474			1.0	1.0	0.0	3.0					
4257.861	7.664999999999964	trials	3.0	4259.499051000001	4260.760648	4263.742351	4263.890775	4258.294039	4263.0150730000005	4264.511	4265.526	1.0	2.0	1.0	1.0					
4268.587	7.53899999999976	trials	3.0	4271.928922	4273.310275			4270.95084	4273.818331			2.0		1.0	1.0					
4278.596	7.305000000000291	trials	3.0	4280.683905	4282.582753000001	4283.854785	4284.175302	4280.026314000001	4283.32395	4284.631	4285.901	1.0	1.0	1.0	1.0					
4287.926	7.75	trials	3.0	4290.629077	4291.655227			4290.107578	4292.908408	4294.641	4295.676	2.0		1.0	1.0					
4298.701	6.104999999999563	trials	3.0	4300.843986	4302.553234			4299.9111840000005	4302.610585			2.0		1.0	1.0					
4307.344	11.806999999999789	trials	3.0	4309.679025	4311.488835			4309.006101	4311.961789	4313.581	4315.206	2.0		1.0	1.0					
4319.266	6.381000000000313	trials	3.0	4322.004463	4323.646173			4321.11017	4323.642326			1.0		0.0	2.0					
4329.693	11.837999999999738	trials	3.0	4336.439248000001	4338.123162	4339.370353	4339.634392	4335.83937	4338.707652	4340.251	4341.531	1.0	2.0	1.0	1.0					
4345.125	4.8969999999999345	trials	3.0	4347.193846	4348.59346	4349.710324	4350.003616	4346.21806	4349.056929			1.0	2.0	0.0	3.0					
4354.031	13.605000000000473	trials	3.0	4364.443911	4365.581845000001	4366.176456	4366.285234	4363.660917	4365.569475			1.0		0.0	2.0					
4371.646	44.02000000000044	trials	3.0	4405.059639	4406.574684	4413.367939	4414.84035	4404.332515	4407.2393950000005			1.0	2.0	0.0	3.0					
4415.691	14.460000000000036	trials	3.0	4417.559773	4418.631861	4428.112465	4428.364099	4415.678647000001	4419.148617	4428.806	4430.151	1.0	2.0	1.0	1.0					
4433.227	7.404000000000451	trials	3.0	4437.135163	4439.07139	4440.302974	4440.50217	4436.228932	4439.80842			1.0	1.0	0.0	3.0					
4443.681	6.914999999999964	trials	3.0	4445.491782	4446.078656	4450.31784	4450.6077510000005	4444.9821360000005	4446.075358			1.0		0.0	2.0					
4451.082	6.769999999999527	trials	3.0	4454.655222	4455.857263			4453.720957	4455.848917			1.0		0.0	2.0					
4460.861	5.661000000000058	trials	3.0	4462.845156	4464.467052			4462.31667	4464.461454			1.0		0.0	2.0					
4468.536	14.77599999999984	trials	3.0	4475.710504000001	4477.472016	4479.2815200000005	4479.486906	4474.747688	4478.723388			1.0	1.0	0.0	3.0					
4483.606	5.0	trials	3.0	4485.246073	4486.271472			4483.323063	4486.26289			1.0		0.0	2.0					
4491.276	20.650000000000546	trials	3.0	4506.617098000001	4507.977421			4505.768052	4507.970574			1.0		0.0	2.0					
4512.031	6.9650000000001455	trials	3.0	4513.826854	4515.6085920000005	4516.985721	4517.1784210000005	4511.93781	4515.551167	4517.681	4518.996	1.0	2.0	1.0	1.0					
4520.901	8.6850000000004	trials	3.0	4525.6619040000005	4527.036582000001			4524.925743	4527.417742			2.0		1.0	1.0					
4532.172	11.369000000000597	trials	3.0	4534.070515	4536.05064	4540.431217	4540.95747	4533.564175	4536.139681000001			1.0	1.0	0.0	3.0					
4544.761	6.984999999999673	trials	3.0	4546.501054	4548.177082	4548.724062	4549.205386	4543.554616	4548.274183			1.0	1.0	0.0	3.0					
4552.046	5.27599999999984	trials	3.0	4553.721601	4555.327072	4555.901044	4556.583939	4551.7596300000005	4555.317691			1.0		0.0	2.0					
4561.359	36.073999999999614	trials	3.0	4593.735984	4594.932173			4592.778081	4595.411729			2.0		1.0	1.0					
4600.951	6.5600000000004	trials	3.0	4602.956700000001	4604.286561			4601.144215	4604.27984			1.0		0.0	2.0					
4608.293	6.293000000000575	trials	3.0	4610.020911	4611.16843	4612.822857	4613.125158	4609.230912	4612.059265	4613.431	4614.586	1.0	1.0	1.0	1.0					
4618.631	6.670000000000073	trials	3.0	4620.735931	4622.407386	4623.27985	4623.484231	4619.739772	4622.639406	4623.956	4625.301	1.0	2.0	1.0	1.0					
4628.321	5.641999999999825	trials	3.0	4630.577839	4631.740687	4633.647192	4633.73653	4629.592831	4632.309817			1.0	1.0	0.0	3.0					
4636.977	10.684000000000196	trials	3.0	4638.586513	4639.81777	4644.388245	4644.966775	4638.022569000001	4641.638154			1.0	1.0	0.0	3.0					
4647.729	5.407000000000153	trials	3.0	4649.611002	4651.143282	4651.764028	4652.141322	4647.672089	4651.126507			1.0		0.0	2.0					
4656.147	52.75	trials	3.0	4701.497469	4703.058834	4705.791256	4706.336065	4700.497899	4704.35457			1.0	1.0	0.0	3.0					
4709.111	4.619999999999891	trials	3.0	4710.788646	4711.009114	4712.935794	4713.746626	4708.909346	4711.004091000001			1.0		0.0	2.0					
4715.074	31.67200000000048	trials	3.0	4743.247626	4744.910553	4746.428473	4746.644653	4742.632809000001	4745.3224900000005			1.0	1.0	0.0	3.0					
4748.756	7.329999999999927	trials	3.0	4751.3921980000005	4753.099266	4754.568892	4755.046153	4750.631868	4753.942408			1.0	2.0	0.0	3.0					
4756.901	4.778000000000247	trials	3.0	4758.852037000001	4759.9088790000005	4761.369882	4765.21794	4757.721256	4760.487676000001			1.0	1.0	0.0	3.0					
4764.701	7.640000000000327	trials	3.0	4767.997872	4769.521255	4770.521413	4770.783733	4767.112647	4769.89189	4771.272	4772.341	1.0	2.0	1.0	1.0					
4774.396	7.545000000000073	trials	3.0	4778.619417	4779.669583	4781.526619	4781.955211	4777.746937	4780.556608			1.0	1.0	0.0	3.0					
4784.852	5.824000000000524	trials	3.0	4786.663723	4788.120864			4785.816189	4788.392527			2.0		1.0	1.0					
4795.181	9.580000000000837	trials	3.0	4800.057561	4801.519339	4802.467864	4802.753051	4799.269038	4801.807329	4803.216	4804.761	1.0	2.0	1.0	1.0					
4808.501	6.270999999999731	trials	3.0	4810.192489	4812.080814	4812.821392	4813.293886	4809.670455	4812.168096			1.0	2.0	0.0	3.0					
4815.187	6.306999999999789	trials	3.0	4817.289264	4818.988699			4816.637299	4819.382083			2.0		1.0	1.0					
4824.082	10.358999999999469	trials	3.0	4826.45898	4827.834517	4830.584136	4831.105786	4825.6103650000005	4829.269602			1.0	1.0	0.0	3.0					
4834.966	5.744999999999891	trials	3.0	4836.887816	4838.659539			4834.455729	4838.652414			2.0		0.0	2.0					
4844.757	6.180000000000291	trials	3.0	4846.873321	4848.19294			4846.187832	4848.764911			2.0		1.0	1.0					
4853.524	6.721999999999753	trials	3.0	4856.168355	4857.937863			4855.1681260000005	4858.126125000001			2.0		1.0	1.0					
4862.711	6.394999999999527	trials	3.0	4864.619463	4866.009918	4868.631351	4869.122181000001	4863.960586	4868.110417			1.0	2.0	0.0	3.0					
4872.956	11.80999999999949	trials	3.0	4877.15269	4878.479844			4876.379028	4878.975489	4880.741	4884.766	2.0		1.0	1.0					
4888.832	6.338999999999942	trials	3.0	4891.773199	4893.260964	4894.26882	4894.851105	4890.809361	4893.709758			1.0	2.0	0.0	3.0					
4897.596	18.390000000000327	trials	3.0	4909.789791	4911.250309	4912.481836	4912.661245	4908.850704	4911.706933			1.0	2.0	0.0	3.0					
4916.801	5.036000000000058	trials	3.0	4918.657915	4919.840682			4917.69903	4919.834639000001			1.0		0.0	2.0					
4923.861	10.395000000000437	trials	3.0	4931.109177	4932.291825	4933.701907000001	4934.271552	4930.242331	4933.054912			1.0	2.0	0.0	3.0					
4936.006	15.80999999999949	trials	3.0	4938.223452	4939.760832	4950.004132	4950.33568	4937.530014	4940.090553	4950.661	4951.816	1.0	2.0	1.0	1.0					
4954.836	6.175000000000182	trials	3.0	4956.7903590000005	4957.939708	4959.323131	4959.892921000001	4956.029098	4958.742194			1.0	2.0	0.0	3.0					
4961.641	7.6710000000002765	trials	3.0	4963.1581590000005	4964.775291			4961.027695000001	4964.770977			1.0		0.0	2.0					
4969.831	18.855999999999767	trials	3.0	4985.584293	4986.6901960000005	4987.2891660000005	4987.6649800000005	4984.618951	4986.679938			1.0		0.0	2.0					
4990.696	26.720000000000255	trials	3.0	5009.094264	5010.684523	5015.124427000001	5015.620758	5008.177847	5010.8845	5015.981	5017.416	1.0	2.0	1.0	1.0					
5020.481	4.666000000000167	trials	3.0	5022.679788	5023.156048			5022.021802	5023.151259			1.0		0.0	2.0					
5028.156	17.74499999999989	trials	3.0	5037.4891210000005	5038.902451	5044.352605	5044.973745	5036.8140060000005	5039.921167			1.0	1.0	0.0	3.0					
5048.716	5.684999999999491	trials	3.0	5050.474857	5051.603112000001			5045.919027	5052.120976			2.0		1.0	1.0					
5056.972	10.119000000000597	trials	3.0	5059.004601000001	5060.787179	5063.208588	5063.382019000001	5058.132529	5061.286599			1.0	1.0	0.0	3.0					
5067.566	5.190000000000509	trials	3.0	5069.429632	5070.761956			5067.108565	5070.759022			2.0		0.0	2.0					
5074.801	7.0049999999992	trials	3.0	5076.625011	5078.466879			5075.274265	5078.464194			1.0		0.0	2.0					
5083.516	8.006000000000313	trials	3.0	5087.890033	5089.5315900000005			5086.96546	5089.519297			2.0		0.0	2.0					
5094.57	10.286000000000058	trials	3.0	5096.520013	5098.231224			5094.570886	5098.785133	5100.446	5104.856	2.0		1.0	1.0					
5106.928	12.403000000000247	trials	3.0	5112.234906	5113.719861	5115.121888	5115.199769000001	5111.302102	5114.315925000001			1.0	1.0	0.0	3.0					
5119.441	5.635000000000218	trials	3.0	5121.170422	5122.325903			5119.349263	5123.07023			2.0		1.0	1.0					
5128.646	8.215000000000146	trials	3.0	5131.470469	5133.418071	5134.7322779999995	5135.102290000001	5130.466372000001	5133.9501390000005	5135.411	5136.861	1.0	2.0	1.0	1.0					
5140.931	5.770000000000437	trials	3.0	5143.130422	5144.443284	5146.285965	5146.717227	5142.523879	5145.5350180000005			1.0	1.0	0.0	3.0					
5149.648	6.502999999999702	trials	3.0	5151.225433	5152.625532	5154.206176	5154.442095	5149.937955	5153.437298000001	5154.861	5156.151	1.0	2.0	1.0	1.0					
5159.171	8.534999999999854	trials	3.0	5162.417024	5163.575512	5164.877653	5165.303027	5161.45918	5164.171413	5165.671	5167.706	1.0	2.0	1.0	1.0					
5171.761	7.474999999999454	trials	3.0	5173.685494	5175.376015	5176.491686	5176.95358	5172.979459	5175.939062	5177.256	5179.236	1.0	2.0	1.0	1.0					
5183.297	7.9190000000007785	trials	3.0	5185.735124000001	5187.387291			5184.823689000001	5187.3841840000005			2.0		0.0	2.0					
5193.451	5.515000000000327	trials	3.0	5195.470596	5197.063812	5198.3058089999995	5198.979898	5191.233838	5197.089337			1.0	1.0	0.0	3.0					
5200.613	5.533999999999651	trials	3.0	5202.960909	5204.137425000001	5205.6372	5206.1649990000005	5202.400295	5204.930115			1.0	2.0	0.0	3.0					
5209.956	10.30999999999949	trials	3.0	5216.977669	5218.272114			5216.33188	5218.260172			1.0		0.0	2.0					
5222.276	38.996000000000095	trials	3.0	5257.825639000001	5259.22817	5259.775947	5260.14316	5257.013422	5259.217280000001			1.0		0.0	2.0					
5265.312	10.264000000000124	trials	3.0	5267.966640000001	5269.374124			5267.10403	5269.539685			2.0		1.0	1.0					
5276.182	5.66399999999976	trials	3.0	5278.115485	5278.129432			5275.5932250000005	5278.119382000001			2.0		0.0	2.0					
5282.131	18.824999999999818	trials	3.0	5295.78556	5297.572744	5298.393853	5298.685909	5295.01332	5297.875417	5299.111	5300.956	1.0	2.0	1.0	1.0					
5302.457	8.253999999999905	trials	3.0	5306.72143	5308.6629809999995	5309.3563429999995	5310.728459	5305.868065000001	5308.751774			1.0	2.0	0.0	3.0					
5311.687	11.934000000000196	trials	3.0	5315.906143	5317.608628	5318.198289	5318.584836	5315.288031	5317.598905000001			1.0		0.0	2.0					
5323.671	9.529999999999745	trials	3.0	5330.0166389999995	5331.267994	5332.693971000001	5333.217996	5329.229829	5332.053779			1.0	2.0	0.0	3.0					
5336.006	6.989999999999782	trials	3.0	5339.44119	5341.260007000001	5342.595099	5343.013233	5338.825649	5341.982542			1.0	1.0	0.0	3.0					
5345.941	16.645000000000437	trials	3.0	5357.056524	5358.130768	5360.142207000001	5361.566442	5356.290391	5358.839671			1.0	1.0	0.0	3.0					
5363.457	84.07399999999961	trials	3.0	5441.842487	5443.006683	5444.804667	5445.904385	5440.845775	5443.887463			1.0	1.0	0.0	3.0					
5448.156	5.720000000000255	trials	3.0	5449.757905	5451.382594000001			5447.551252	5451.659767			2.0		1.0	1.0					
5456.497	7.969000000000051	trials	3.0	5460.947563	5461.993674	5463.9261750000005	5464.485019	5460.338224	5463.088418			1.0	1.0	0.0	3.0					
5466.281	7.3400000000001455	trials	3.0	5469.544121000001	5471.375846000001			5468.624314000001	5471.51194	5473.331	5473.511	2.0		1.0	1.0					
5476.177	9.989000000000487	trials	3.0	5479.692346	5481.413082	5483.311832	5484.015319	5478.772302	5482.231711			1.0	1.0	0.0	3.0					
5486.626	9.460000000000036	trials	3.0	5488.29769	5489.587424	5493.493732000001	5496.105192	5486.184946	5489.910195			1.0	1.0	0.0	3.0					
5496.803	5.722999999999956	trials	3.0	5498.827056	5500.672152	5501.828931	5502.545427	5496.935818	5501.175699			1.0	2.0	0.0	3.0					
5504.146	5.510000000000218	trials	3.0	5506.772727	5507.669287000001			5506.0094260000005	5507.661697			1.0		0.0	2.0					
5513.661	22.76000000000022	trials	3.0	5531.465455	5533.524943	5534.650804000001	5534.907781	5530.9274430000005	5533.668695	5535.316	5536.421	1.0	1.0	1.0	1.0					
5540.443	5.148000000000138	trials	3.0	5542.477885	5543.729575	5544.868431000001	5545.609012000001	5541.499445	5544.217342			1.0	2.0	0.0	3.0					
5547.227	17.0	trials	3.0	5555.988082	5557.522473	5563.203681	5564.2465680000005	5555.434903	5558.499246			1.0	1.0	0.0	3.0					
5567.522	9.684000000000196	trials	3.0	5570.933983000001	5572.255076	5574.084391	5574.761063	5570.012304	5573.206638			1.0	1.0	0.0	3.0					
5577.453	7.072999999999411	trials	3.0	5579.403432	5581.151377	5582.511382000001	5582.6939760000005	5577.226137	5581.538254	5583.141	5584.526	1.0	2.0	1.0	1.0					
5588.562	7.4340000000001965	trials	3.0	5590.343335	5592.25536	5593.526038	5594.00562	5589.403584	5592.939751	5594.352	5595.996	1.0	2.0	1.0	1.0					
5600.062	4.689000000000306	trials	3.0	5601.798645000001	5603.065447	5604.444246	5604.671557	5601.026119	5603.788561			1.0	2.0	0.0	3.0					
5607.761	29.039999999999964	trials	3.0	5631.554061000001	5633.504141	5634.6703290000005	5635.104626	5630.923546	5634.126486	5635.506	5636.801	1.0	2.0	1.0	1.0					
5638.822	8.639000000000124	trials	3.0	5643.2287479999995	5644.909135			5642.394466	5645.284434			2.0		1.0	1.0					
5650.991	7.010000000000218	trials	3.0	5654.3054919999995	5655.4950850000005			5653.678411000001	5655.922546			2.0		1.0	1.0					
5662.522	12.554000000000087	trials	3.0	5664.39892	5666.242843	5672.330525	5673.024697000001	5662.828451	5666.859216000001			1.0	1.0	0.0	3.0					
5676.641	6.155000000000655	trials	3.0	5678.394167	5679.780649	5680.762533	5681.103068	5675.097534	5680.3014729999995	5681.437	5682.796	1.0	1.0	1.0	1.0					
5685.861	5.565000000000509	trials	3.0	5688.2104770000005	5690.105727	5690.94253	5691.225196	5687.470810000001	5690.158768			1.0	1.0	0.0	3.0					
5693.256	6.914999999999964	trials	3.0	5696.500456	5698.549519	5699.620347	5699.753965	5695.917777000001	5698.9558799999995			1.0	2.0	0.0	3.0					
5701.931	49.80500000000029	trials	3.0	5747.554409	5749.240675			5746.681756	5749.658131			2.0		1.0	1.0					
5755.271	6.425000000000182	trials	3.0	5757.984217	5759.166193	5761.137544	5761.718677000001	5756.988502	5760.230955			1.0	1.0	0.0	3.0					
5763.446	5.155999999999949	trials	3.0	5765.100174	5766.891385000001	5768.034946	5768.625377	5764.155562	5767.407442			1.0	2.0	0.0	3.0					
5770.346	5.540000000000873	trials	3.0	5772.745646	5774.419309000001	5775.424869	5775.904564	5772.192301	5774.4682809999995			1.0	1.0	0.0	3.0					
5777.776	18.246000000000095	trials	3.0	5791.484419	5792.961054			5790.876913	5793.7352040000005			2.0		1.0	1.0					
5799.501	7.027000000000044	trials	3.0	5802.880314	5803.897507	5806.225116	5806.4164089999995	5801.884345	5805.055278			1.0	1.0	0.0	3.0					
5809.582	20.144999999999527	trials	3.0	5826.019919	5827.33733	5829.057794	5829.750504	5825.212843	5828.571105			1.0	1.0	0.0	3.0					
5831.368	10.742999999999483	trials	3.0	5837.020314	5838.151739000001	5839.79938	5839.965435	5836.487405	5839.009453000001	5840.506	5842.111	1.0	2.0	1.0	1.0					
5844.607	10.954999999999927	trials	3.0	5848.949845	5851.005211	5852.304352	5852.5732179999995	5848.274892	5851.632085	5855.531	5855.562	1.0	2.0	1.0	1.0					
5856.846	17.395000000000437	trials	3.0	5869.1013889999995	5870.971069	5873.75068	5874.264507	5868.145038000001	5871.540426			1.0	1.0	0.0	3.0					
5876.096	12.960000000000036	trials	3.0	5885.025409	5886.709790000001			5884.515047000001	5886.817876	5888.626	5888.791	2.0		1.0	1.0					
5892.536	8.88000000000011	trials	3.0	5894.590978	5896.071964000001	5899.640346	5899.9498810000005	5893.926511	5898.09457	5900.356	5901.416	1.0	1.0	1.0	1.0					
5905.486	10.595000000000255	trials	3.0	5908.0706040000005	5909.155158			5907.142187	5909.821972			2.0		1.0	1.0					
5916.432	5.90900000000056	trials	3.0	5918.396003	5919.550355			5916.101753000001	5920.119875			2.0		1.0	1.0					
5924.853	8.443000000000211	trials	3.0	5927.030543000001	5928.6776740000005			5926.179933	5929.144406	5930.876	5933.296	2.0		1.0	1.0					
5937.361	6.175000000000182	trials	3.0	5939.516037	5940.812569	5943.163426	5943.557956000001	5938.755155000001	5942.031366			1.0	1.0	0.0	3.0					
5946.516	13.510000000000218	trials	3.0	5948.820507	5950.745767	5957.602827000001	5958.7580849999995	5948.049721	5952.1008870000005			1.0	1.0	0.0	3.0					
5960.915	5.6710000000002765	trials	3.0	5962.481453	5964.121228	5965.917862	5966.607421000001	5960.0496760000005	5964.326101000001			1.0	2.0	0.0	3.0					
5970.275	13.452000000000226	trials	3.0	5980.155891	5982.060519000001	5983.1228439999995	5983.746289000001	5979.393598000001	5982.095735000001			1.0	1.0	0.0	3.0					
5985.428	14.563000000000102	trials	3.0	5995.58068	5997.024706	5998.188423	5998.376410000001	5995.009782	5997.506931	5998.886	5999.991	1.0	2.0	1.0	1.0					
6004.021	10.195000000000618	trials	3.0	6006.195943000001	6007.7231790000005	6010.068075	6010.731844	6005.3970389999995	6008.208759			1.0	1.0	0.0	3.0					
6014.381	13.345999999999549	trials	3.0	6021.101674	6023.006968	6027.172422	6027.748222	6020.365771000001	6023.938467			1.0	1.0	0.0	3.0					
6030.496	12.819999999999709	trials	3.0	6032.513255	6033.888509	6042.722016	6043.340056	6031.579785	6034.796464			1.0	2.0	0.0	3.0					
6047.031	7.375	trials	3.0	6049.646604	6050.757054	6052.624435	6054.431349	6049.075269	6051.652942000001			1.0	1.0	0.0	3.0					
6054.938	10.318000000000211	trials	3.0	6061.241439	6062.707074			6060.571218	6063.14212			2.0		1.0	1.0					
6068.791	5.039999999999964	trials	3.0	6070.735684	6071.847853	6073.406693000001	6073.854234	6068.900539	6072.633125			1.0	2.0	0.0	3.0					
6075.776	14.295000000000073	trials	3.0	6079.611511	6080.904591	6087.630374	6088.091218	6078.7360530000005	6082.101681	6088.331	6090.071	1.0	2.0	1.0	1.0					
6094.091	6.595999999999549	trials	3.0	6096.262398000001	6097.6495859999995			6095.667765	6098.398914			2.0		1.0	1.0					
6104.246	14.920000000000073	trials	3.0	6113.267205	6114.59064	6117.009801	6117.550051	6112.498519000001	6115.147092			1.0	1.0	0.0	3.0					
6121.316	20.94000000000051	trials	3.0	6136.639335	6138.333081	6139.94088	6140.443485	6135.756416	6139.037928	6140.606	6142.256	1.0	2.0	1.0	1.0					
6146.276	13.230000000000473	trials	3.0	6148.224468	6150.206562	6158.15717	6158.718758	6147.621	6151.113087			1.0	1.0	0.0	3.0					
6160.496	6.835000000000036	trials	3.0	6162.195332	6163.574159	6164.515761	6164.776899	6159.508047	6163.9052090000005			1.0	2.0	0.0	3.0					
6167.891	7.58600000000024	trials	3.0	6169.558652	6171.26187			6167.3305740000005	6171.257874			2.0		0.0	2.0					
6177.301	11.089999999999236	trials	3.0	6179.151882	6180.636229	6182.829032	6183.169978	6175.479861	6182.120904	6183.576	6188.391	1.0	1.0	1.0	1.0					
6188.774	9.735999999999876	trials	3.0	6195.610275	6196.693971	6198.183548	6198.326948	6195.054675	6197.765924			1.0	1.0	0.0	3.0					
6200.536	8.489999999999782	trials	3.0	6203.419923	6205.384885	6207.017815	6207.317507	6202.621945	6206.404213	6207.731	6209.026	1.0	2.0	1.0	1.0					
6211.091	8.5049999999992	trials	3.0	6214.0052780000005	6215.324702	6216.460803	6216.89263	6213.219308	6215.919471			1.0	1.0	0.0	3.0					
6219.786	5.994999999999891	trials	3.0	6221.776844	6223.212065			6219.5957880000005	6223.6069800000005			2.0		1.0	1.0					
6229.251	15.760000000000218	trials	3.0	6231.020174	6232.775274	6243.487131	6244.361478	6229.602947	6233.186643			1.0	2.0	0.0	3.0					
6245.772	5.5	trials	3.0	6247.755714	6249.298911	6250.219104	6251.274039	6245.013201	6249.393712			1.0	1.0	0.0	3.0					
6252.581	13.920000000000073	trials	3.0	6262.915698	6264.432178			6262.015062	6264.429224			1.0		0.0	2.0					
6269.507	24.399000000000342	trials	3.0	6289.145382	6290.450508			6288.573298	6290.90391	6292.641	6293.906	2.0		1.0	1.0					
6295.926	7.5	trials	3.0	6300.41093	6301.84556	6302.900533	6303.428826	6299.402847	6302.356734			1.0	2.0	0.0	3.0					
6307.271	16.699999999999818	trials	3.0	6320.710833	6321.913153	6323.351774	6323.426482	6319.902959	6321.900654			1.0		0.0	2.0					
6326.981	14.416000000000167	trials	3.0	6337.796328	6339.391175			6336.884996	6339.382195			1.0		0.0	2.0					
6344.451	16.40099999999984	trials	3.0	6352.652846	6354.4774130000005			6351.837725	6354.5596160000005			2.0		1.0	1.0					
6361.316	6.186000000000604	trials	3.0	6363.241574	6365.077805	6367.134616	6367.348097	6360.853872	6366.726213			1.0	1.0	0.0	3.0					
6369.516	8.305000000000291	trials	3.0	6373.116993	6374.613504	6375.731634	6376.045765	6372.255993	6375.101117	6376.416	6377.821	1.0	2.0	1.0	1.0					
6379.711	7.935999999999694	trials	3.0	6382.851225	6384.842973	6386.5207980000005	6386.746991	6382.080441	6385.8395900000005			1.0	2.0	0.0	3.0					
6390.897	15.85400000000027	trials	3.0	6402.377082	6404.163582			6401.451409	6404.549219			2.0		1.0	1.0					
6411.266	6.6710000000002765	trials	3.0	6412.9433260000005	6414.484683	6415.727544	6417.866072	6412.332269	6415.098206			1.0	2.0	0.0	3.0					
6419.096	6.365000000000691	trials	3.0	6421.721289	6423.397506			6420.719658	6423.383379			1.0		0.0	2.0					
6428.471	38.655000000000655	trials	3.0	6460.422021	6461.763516	6463.871326	6464.582391	6459.6399	6462.391515			1.0	1.0	0.0	3.0					
6467.202	4.4539999999997235	trials	3.0	6468.748158	6469.653462	6470.409418	6470.801885	6467.129814	6469.644104			1.0		0.0	2.0					
6475.711	5.092999999999847	trials	3.0	6477.905465	6479.335614	6480.427521	6480.779654	6477.0832740000005	6479.88984			1.0	1.0	0.0	3.0					
6483.761	19.359999999999673	trials	3.0	6499.193551	6500.305402			6498.459674	6500.984969			2.0		1.0	1.0					
6507.591	9.635999999999513	trials	3.0	6509.122299000001	6510.203479	6513.764433	6514.340354	6507.826602	6511.105773			1.0	1.0	0.0	3.0					
6518.106	15.270000000000437	trials	3.0	6519.762087	6521.008888	6522.144525	6522.360621	6517.228388	6521.001611	6522.941	6533.376	1.0	2.0	1.0	1.0					
6535.445	7.606000000000677	trials	3.0	6539.948768	6541.315644	6542.499136	6543.054429	6539.265536	6541.869642			1.0	2.0	0.0	3.0					
6544.845	7.1159999999999854	trials	3.0	6546.91922	6548.12474	6549.670516	6550.272341	6546.397372	6549.023316	6550.356	6551.961	1.0	2.0	1.0	1.0					
6553.981	9.930000000000291	trials	3.0	6560.1982610000005	6561.454745	6563.439231	6563.9166270000005	6559.591738	6562.659116			1.0	2.0	0.0	3.0					
6565.801	7.1799999999993815	trials	3.0	6568.937176	6570.409632			6568.407841	6570.720747			2.0		1.0	1.0					
6575.457	6.513999999999214	trials	3.0	6577.569312	6579.424647	6581.295926	6581.976508	6576.983606	6580.469933			1.0	1.0	0.0	3.0					
6585.627	6.213999999999942	trials	3.0	6587.628027	6589.429443	6590.34717	6591.846743	6585.7276440000005	6589.697136			1.0	2.0	0.0	3.0					
6593.721	10.295000000000073	trials	3.0	6598.503176	6600.420707	6601.5968250000005	6601.939923	6597.530261	6600.967373	6602.381	6604.016	1.0	2.0	1.0	1.0					
6607.061	9.345000000000255	trials	3.0	6610.493547	6612.242741	6613.371796	6613.88143	6609.766277	6612.788319			1.0	1.0	0.0	3.0					
6616.701	5.394999999999527	trials	3.0	6618.522573	6620.031674	6620.790818	6621.801648	6616.4088	6620.021012			1.0		0.0	2.0					
6624.111	25.3100000000004	trials	3.0	6643.6284	6644.898111	6646.313553	6646.724415000001	6642.954902	6645.5788410000005	6647.071	6649.421	1.0	2.0	1.0	1.0					
6651.486	8.819999999999709	trials	3.0	6654.628305	6655.7019660000005	6657.267042	6657.753877	6653.798095	6656.683998			1.0	1.0	0.0	3.0					
6660.636	10.159999999999854	trials	3.0	6662.485074	6664.281795			6660.308975	6664.790228			2.0		1.0	1.0					
6671.596	5.985000000000582	trials	3.0	6673.610192	6675.005427			6670.802236	6675.4585720000005			2.0		1.0	1.0					
6680.11	8.96600000000035	trials	3.0	6682.018538	6683.305885	6686.204507	6687.029587	6681.3319	6684.778253			1.0	1.0	0.0	3.0					
6690.567	6.359000000000378	trials	3.0	6692.2392740000005	6693.66551			6689.080963	6694.685552			2.0		1.0	1.0					
6700.446	11.740999999999985	trials	3.0	6701.959837	6703.934691	6710.216748	6710.699126	6701.0178510000005	6705.6593490000005			1.0	1.0	0.0	3.0					
6713.536	4.479999999999563	trials	3.0	6715.308599	6716.784619	6717.663342	6718.022007	6712.189026	6717.022429000001			1.0	2.0	0.0	3.0					
6721.996	7.204999999999927	trials	3.0	6724.968584	6726.791469	6728.557546	6729.204928	6724.352057	6727.416044			1.0	1.0	0.0	3.0					
6732.897	6.243999999999687	trials	3.0	6735.424107	6737.295308	6738.076034	6738.547331	6734.800215	6737.591483			1.0	2.0	1.0	1.0					
6743.701	6.470000000000255	trials	3.0	6746.521914	6747.808989	6749.5334	6750.176352	6745.944308	6748.942497			1.0	2.0	0.0	3.0					
6752.901	12.9350000000004	trials	3.0	6761.669775	6762.970566			6761.06934	6763.617747			2.0		1.0	1.0					
6769.352	6.984000000000378	trials	3.0	6770.8889	6772.43375	6774.057274	6774.5189900000005	6770.016006	6773.506784			1.0	2.0	0.0	3.0					
6778.381	8.034999999999854	trials	3.0	6782.695873000001	6783.381474	6785.842632	6786.423729	6782.042961	6783.369404			1.0		0.0	2.0					
6788.391	16.756000000000313	trials	3.0	6801.139453	6802.316135			6800.358027	6802.918488			2.0		1.0	1.0					
6808.587	9.863999999999578	trials	3.0	6810.389137	6811.65902			6809.389582	6812.33902	6814.091	6814.496	2.0		1.0	1.0					
6818.516	7.740000000000691	trials	3.0	6820.446261	6821.525745	6823.402715	6824.079041	6818.454689	6822.135257			1.0	1.0	0.0	3.0					
6826.821	10.109999999999673	trials	3.0	6828.379974	6830.216280000001			6826.261224	6832.920992	6834.781	6836.931	2.0		1.0	1.0					
6838.946	6.949999999999818	trials	3.0	6841.549817	6843.232213	6844.8318	6845.2548990000005	6840.948948	6844.19637			1.0	2.0	1.0	1.0					
6848.376	8.639999999999418	trials	3.0	6853.965272	6855.113936	6856.373628	6856.458629	6853.351395	6855.699402			1.0	2.0	0.0	3.0					
6860.696	13.826000000000022	trials	3.0	6862.644776	6864.119069	6872.751911	6873.412161	6861.989418	6865.850416			1.0	1.0	0.0	3.0					
6875.126	7.074999999999818	trials	3.0	6876.91053	6878.336837	6879.591023	6879.916931	6874.530591	6878.920966	6880.224	6882.201	1.0	2.0	1.0	1.0					
6883.941	7.199999999999818	trials	3.0	6886.990472	6888.317766			6886.141905	6889.017942			2.0		1.0	1.0					
6893.602	7.045000000000073	trials	3.0	6895.750386	6897.675176	6898.722408	6900.654714	6895.064877	6898.036365			1.0	2.0	0.0	3.0					
6901.061	15.795000000000073	trials	3.0	6911.21506	6912.792392	6914.191724	6914.705654	6910.608462	6913.638407			1.0	2.0	0.0	3.0					
6918.551	55.5	trials	3.0	6968.55015	6969.988658	6971.674284	6971.944718	6967.727651	6971.054513	6972.386	6974.051	1.0	2.0	1.0	1.0					
6977.152	9.488999999999578	trials	3.0	6979.635641	6980.908501	6982.514487	6982.8009870000005	6979.00983	6981.860049			1.0	2.0	0.0	3.0					
6986.891	9.325000000000728	trials	3.0	6992.635817	6994.217784			6991.836689	6994.208243			1.0		0.0	2.0					
6999.221	44.13500000000022	trials	3.0	7032.97596	7034.561757	7041.843138	7043.36484	7032.300924	7035.668049			1.0	2.0	0.0	3.0					
7044.156	5.460000000000036	trials	3.0	7046.129973	7047.999409	7049.267523	7049.6238570000005	7044.560567	7048.51259			1.0	1.0	0.0	3.0					
7052.625	9.905999999999949	trials	3.0	7058.016567000001	7059.721794			7057.44696	7060.265935			2.0		1.0	1.0					
7065.066	6.5900000000001455	trials	3.0	7066.9412090000005	7068.458793	7070.577711	7071.664739	7066.314594	7069.947386			1.0	1.0	0.0	3.0					
7072.941	23.996000000000095	trials	3.0	7091.363298	7092.828528	7094.602142	7094.774992000001	7090.847237	7093.750701	7095.466	7096.937	1.0	2.0	1.0	1.0					
7098.356	8.284999999999854	trials	3.0	7102.283381	7103.82872	7105.199504	7106.649978	7101.69284	7104.569799			1.0	2.0	0.0	3.0					
7108.536	6.145999999999731	trials	3.0	7110.181937	7111.86483			7109.627031	7112.53257			2.0		1.0	1.0					
7117.235	16.02100000000064	trials	3.0	7119.216538000001	7120.6602570000005	7132.779353	7133.261313	7118.668343	7121.6280480000005			1.0	1.0	0.0	3.0					
7135.111	20.24499999999989	trials	3.0	7146.471807	7148.4138060000005	7151.320281	7152.148667	7145.701631	7150.154501			1.0	1.0	0.0	3.0					
7155.651	4.996000000000095	trials	3.0	7157.512302	7158.588946	7159.318494	7159.702310000001	7155.363048	7158.584697			1.0		0.0	2.0					
7163.656	27.115999999999985	trials	3.0	7184.8469000000005	7186.031529	7187.4924900000005	7187.861298	7184.238551	7186.9084139999995			1.0	1.0	0.0	3.0					
7190.852	30.295000000000073	trials	3.0	7216.877423	7218.66441	7219.472127	7219.763496	7216.184402	7218.84756	7220.256	7221.147	1.0	1.0	1.0	1.0					
7223.206	6.8159999999998035	trials	3.0	7226.752886	7228.383546	7228.961383	7229.254932	7226.123462	7228.388834	7229.791	7229.801	1.0	2.0	1.0	1.0					
7232.543	8.113000000000284	trials	3.0	7236.917796	7238.213804	7238.719892	7239.258054	7236.056888	7238.206738			1.0		0.0	2.0					
7242.227	22.22900000000027	trials	3.0	7258.637654	7259.744531	7261.345749	7261.956096	7257.70601	7260.5314450000005			1.0	2.0	0.0	3.0					
7264.671	9.515999999999622	trials	3.0	7270.923632	7272.402683	7273.697793	7274.198711	7270.291286	7273.113588			1.0	2.0	0.0	3.0					
7278.031	14.070999999999913	trials	3.0	7287.2572230000005	7288.3045440000005	7290.123011	7292.113794	7286.439068	7289.645459			1.0	1.0	0.0	3.0					
7294.441	6.414999999999964	trials	3.0	7296.368981	7297.998039			7295.831736	7298.646954			2.0		1.0	1.0					
7303.281	7.4650000000001455	trials	3.0	7305.762872	7306.10618			7304.852289	7306.101594			1.0		0.0	2.0					
7312.112	3.983999999999469	trials	3.0	7314.023042	7314.095694			7310.755089	7314.090998			1.0		0.0	2.0					
7320.127	18.509000000000015	trials	3.0	7333.478361	7334.643497			7332.68343	7335.293832	7337.016	7338.636	2.0		1.0	1.0					
7342.697	6.043999999999869	trials	3.0	7344.588546	7345.630274	7348.174709	7348.749347	7343.562368	7347.284718			1.0	1.0	0.0	3.0					
7350.491	9.055000000000291	trials	3.0	7353.098443	7354.974957	7356.4816900000005	7356.994496	7352.337246	7355.838			1.0	2.0	0.0	3.0					
7359.806	9.405000000000655	trials	3.0	7363.963842	7365.656096000001	7368.891062000001	7369.075872	7363.431303	7368.115671			1.0	1.0	0.0	3.0					
7373.218	7.613000000000284	trials	3.0	7375.306646	7376.970240000001	7378.230011	7378.66621	7374.541905	7377.676461	7378.991	7380.831	1.0	2.0	1.0	1.0					
7383.926	7.3149999999996	trials	3.0	7385.998922	7388.011869	7389.287274	7389.6138040000005	7385.299436	7388.785307	7390.091	7391.241	1.0	2.0	1.0	1.0					
7393.258	8.458000000000538	trials	3.0	7395.858477	7397.580977			7394.904044	7397.568146			2.0		0.0	2.0					
7403.591	5.769999999999527	trials	3.0	7405.325369	7407.327198	7408.394697	7409.372445	7401.723225	7407.589214			1.0	1.0	0.0	3.0					
7411.772	7.3530000000000655	trials	3.0	7413.874274	7415.771697			7412.932709000001	7416.7784790000005			2.0		1.0	1.0					
7422.552	5.859000000000378	trials	3.0	7424.285187	7425.335845			7423.705902	7426.294119			2.0		1.0	1.0					
7431.866	76.43000000000029	trials	3.0	7505.524187	7506.302763			7504.799661	7506.293853			1.0		0.0	2.0					
7512.311	15.58600000000024	trials	3.0	7524.160855	7525.987763	7527.454306	7527.903962	7523.485578	7526.7573950000005			1.0	2.0	0.0	3.0					
7530.781	6.25	trials	3.0	7532.444705	7534.367822	7535.958836	7537.040766	7531.746009	7534.637427			1.0	1.0	0.0	3.0					
7538.301	31.80999999999949	trials	3.0	7566.479886	7568.482553	7569.799965	7570.11578	7565.885942	7569.197523			1.0	1.0	0.0	3.0					
7573.116	30.585000000000036	trials	3.0	7597.280205	7599.0969270000005	7599.831832	7600.317399	7596.51206	7599.2212309999995			1.0	1.0	0.0	3.0					
7604.151	6.850000000000364	trials	3.0	7607.7747340000005	7608.9317630000005			7607.112908	7608.9163			1.0		0.0	2.0					
7613.011	26.55999999999949	trials	3.0	7635.831056	7637.196597	7638.4933710000005	7639.584245	7635.145218	7637.838135			1.0	1.0	0.0	3.0					
7640.816	21.13500000000022	trials	3.0	7658.845692	7660.09842	7661.692085000001	7661.905938	7658.283	7661.060439			1.0	1.0	0.0	3.0					
7665.961	41.70899999999983	trials	3.0	7703.891009	7705.165226			7702.990949	7705.627194000001			2.0		1.0	1.0					
7712.272	8.769000000000233	trials	3.0	7716.577914	7717.852197	7719.397259	7719.589139	7716.046458	7718.848056			1.0	1.0	0.0	3.0					
7723.75	6.0219999999999345	trials	3.0	7726.03773	7727.2219079999995			7725.272435	7727.667902			2.0		1.0	1.0					
7732.293	14.243000000000393	trials	3.0	7739.8276430000005	7740.59822			7739.185314	7740.593105			2.0		0.0	2.0					
7746.606	6.864999999999782	trials	3.0	7749.806276	7751.479353000001	7753.164869	7753.406441	7749.069933	7752.489689			1.0	2.0	0.0	3.0					
7756.526	7.911000000000058	trials	3.0	7761.081824	7762.444916			7760.169503	7762.437033			1.0		0.0	2.0					
7766.486	7.704999999999927	trials	3.0	7769.757585	7771.3904600000005			7768.856195	7771.939214			2.0		1.0	1.0					
7777.751	10.414999999999964	trials	3.0	7779.877257	7781.494802			7779.033372	7782.033597			2.0		1.0	1.0					
7788.821	5.322000000000116	trials	3.0	7790.496906	7791.704462	7793.701284	7794.15586	7788.177438000001	7792.537616			1.0	1.0	0.0	3.0					
7797.063	9.502999999999702	trials	3.0	7799.291943	7800.7203850000005			7798.657139	7801.258439	7803.126	7806.566	2.0		1.0	1.0					
7809.632	10.809000000000196	trials	3.0	7814.897283	7816.579779	7817.868728	7818.16202	7814.364695	7817.180814	7818.536	7820.441	1.0	2.0	1.0	1.0					
7821.911	6.864999999999782	trials	3.0	7825.122336	7827.149295	7828.420193	7828.781645	7824.557439	7827.726842			1.0	1.0	0.0	3.0					
7831.779	5.206999999999425	trials	3.0	7833.372966	7834.806413	7836.058481	7836.294618	7832.373218000001	7835.328468			1.0	2.0	0.0	3.0					
7840.383	5.273000000000138	trials	3.0	7842.156314	7843.736216	7844.842058	7845.446784	7841.231641	7844.189841			1.0	2.0	0.0	3.0					
7847.161	11.894999999999527	trials	3.0	7854.516977	7856.098652000001	7857.206118	7857.395609	7853.615339	7856.438396	7857.966	7859.056	1.0	2.0	1.0	1.0					
7861.123	7.993000000000393	trials	3.0	7863.946823	7865.3774	7866.894216000001	7867.098909	7863.374028	7866.228561	7867.671	7869.116	1.0	2.0	1.0	1.0					
7871.181	9.895000000000437	trials	3.0	7874.611719	7876.234007	7877.6102900000005	7878.121695	7873.61985	7876.222253			1.0		0.0	2.0					
7881.235	7.731000000000677	trials	3.0	7883.392637	7884.935582			7881.088481	7884.932369			1.0		0.0	2.0					
7889.951	14.52599999999984	trials	3.0	7899.356972	7901.333672	7903.836332	7904.486775	7898.75108	7902.851316			1.0	1.0	0.0	3.0					
7906.176	25.425999999999476	trials	3.0	7927.703982	7928.8031630000005			7927.059204	7929.364107			2.0		1.0	1.0					
7934.136	4.849999999999454	trials	3.0	7936.093422	7938.098016	7938.68513	7938.998168	7935.543693	7938.081744			1.0	2.0	0.0	3.0					
7942.006	6.839999999999236	trials	3.0	7945.802844	7946.754855			7944.878265	7946.7515490000005			1.0		0.0	2.0					
7950.861	15.75	trials	3.0	7963.173102	7964.3495330000005	7965.978908	7966.623363000001	7962.5126390000005	7965.371832			1.0	1.0	0.0	3.0					
7969.301	5.411000000000058	trials	3.0	7971.923445	7973.205963	7974.233445	7974.724916	7971.047477	7973.687703			1.0	2.0	0.0	3.0					
7978.591	36.25	trials	3.0	8010.388010000001	8011.6425770000005	8013.797379	8014.667076	8009.712302	8012.41011			1.0	1.0	0.0	3.0					
8016.166	14.210000000000036	trials	3.0	8024.995012	8026.532961	8028.389273	8028.6094140000005	8024.176652	8027.549174	8029.196	8030.376	1.0	2.0	1.0	1.0					
8032.396	8.976000000000568	trials	3.0	8036.094356	8037.529817000001	8039.707422	8039.888054	8035.5284360000005	8038.664853	8040.346	8041.372	1.0	1.0	1.0	1.0					
8044.397	5.914999999999964	trials	3.0	8046.718706	8048.17551	8049.288761	8049.537951	8045.764988	8048.66036			1.0	2.0	0.0	3.0					
8053.612	5.479000000000269	trials	3.0	8056.063149	8057.520192	8058.525233	8059.104264	8055.065645000001	8057.836455000001			1.0	1.0	0.0	3.0					
8061.897	17.22900000000027	trials	3.0	8067.289932	8068.457889	8077.0701420000005	8077.291263	8066.319036	8068.638921	8077.741	8079.126	1.0	2.0	1.0	1.0					
8081.876	7.454999999999927	trials	3.0	8084.745246	8086.148555	8087.351793	8087.678862	8083.843565	8086.795106	8087.971	8089.331	1.0	2.0	1.0	1.0					
8092.352	5.769000000000233	trials	3.0	8095.259024	8096.379816000001	8097.4249500000005	8098.137288	8094.543026	8096.8940999999995			1.0	2.0	0.0	3.0					
8100.746	4.694999999999709	trials	3.0	8102.674209	8103.834614	8104.755492	8105.455058	8101.264953	8104.060454			1.0	1.0	0.0	3.0					
8107.071	12.240999999999985	trials	3.0	8110.728608	8112.387267			8109.925278000001	8112.796862			2.0		1.0	1.0					
8119.431	8.320000000000618	trials	3.0	8121.268688	8122.905641	8123.591327	8127.764382	8119.326212	8122.897902000001			1.0		0.0	2.0					
8128.966	17.949999999999818	trials	3.0	8142.935085	8144.27886	8145.535667	8146.93217	8142.17085	8144.8480500000005			1.0	2.0	0.0	3.0					
8148.891	29.355000000000473	trials	3.0	8170.214355	8171.725958			8169.33103	8172.156795			2.0		1.0	1.0					
8178.741	5.579999999999927	trials	3.0	8180.465018	8182.271142			8178.261557	8182.268233000001			2.0		0.0	2.0					
8186.331	9.024999999999636	trials	3.0	8188.364808	8190.186825000001	8191.988052000001	8192.576129000001	8186.896511	8190.612519			1.0	1.0	0.0	3.0					
8196.301	6.440000000000509	trials	3.0	8198.189925	8199.28599	8200.419935	8200.767133000001	8195.373041	8199.782994000001	8201.201	8202.741	1.0	2.0	1.0	1.0					
8205.326	8.105000000001382	trials	3.0	8208.214707	8209.566006000001	8211.34271	8211.62937	8207.230145	8210.726777	8212.062	8213.431	1.0	2.0	1.0	1.0					
8217.446	6.055000000000291	trials	3.0	8219.300177000001	8221.00105			8218.556162	8221.363419000001			2.0		1.0	1.0					
8226.024	17.22700000000077	trials	3.0	8236.965486000001	8238.410769	8239.489647	8240.851221	8236.381929	8238.861671999999			1.0	2.0	0.0	3.0					
8243.844	11.807000000000698	trials	3.0	8251.264776	8253.052541000001			8250.499209	8253.50787			2.0		1.0	1.0					
8258.092	7.878999999998996	trials	3.0	8260.424988	8262.096749	8264.004697	8264.56024	8259.476021	8263.062678			1.0	1.0	0.0	3.0					
8267.36	8.58599999999933	trials	3.0	8269.095119	8270.786649			8265.984927	8270.784075			2.0		0.0	2.0					
8276.877	7.088999999999942	trials	3.0	8278.650167	8279.856671			8275.961612	8280.582215	8282.356	8283.966	2.0		1.0	1.0					
8287.031	7.467999999998938	trials	3.0	8289.440142	8291.369934	8292.38696	8292.758681	8288.598005	8291.764222	8293.136	8294.499	1.0	2.0	1.0	1.0					
8296.517	7.174000000000888	trials	3.0	8300.035065	8301.520731	8302.532651	8303.706603	8299.204098	8301.957161			1.0	2.0	0.0	3.0					
8305.852	9.795000000000073	trials	3.0	8311.68027	8313.615731	8315.340426	8317.682324	8310.969791	8314.648215000001			1.0	2.0	0.0	3.0					
8317.7	8.050999999999476	trials	3.0	8322.502352	8323.959544000001	8325.308588	8325.768231	8321.688263	8324.54052			1.0	1.0	0.0	3.0					
8327.621	6.520000000000437	trials	3.0	8330.440317	8332.142548			8329.46044	8332.139155			1.0		0.0	2.0					
8337.151	5.411000000000058	trials	3.0	8339.315471	8340.536656	8341.834164	8342.581194	8338.036022	8341.193078			1.0	2.0	0.0	3.0					
8346.161	18.395000000000437	trials	3.0	8358.600522	8360.661788	8362.687832	8362.856385	8357.684453	8361.96852	8363.386	8364.556	1.0	1.0	1.0	1.0					
8368.623	10.363000000001193	trials	3.0	8370.770815	8372.273538			8369.929208	8372.297556			2.0		1.0	1.0					
8379.141	6.1599999999998545	trials	3.0	8380.921362000001	8382.297327	8383.684506	8384.095556	8379.003725	8382.860414			1.0	2.0	0.0	3.0					
8387.046	6.334999999999127	trials	3.0	8388.841085	8389.544049			8385.317394	8389.540819			1.0		0.0	2.0					
8393.641	5.565000000000509	trials	3.0	8395.247417999999	8397.158079			8393.399672	8397.101891			2.0		1.0	1.0					
8401.766	11.875	trials	3.0	8404.950429	8406.527648			8404.001242	8407.069389			2.0		1.0	1.0					
8413.911	5.094999999999345	trials	3.0	8415.646168	8416.85852	8418.541605	8419.023687	8413.656179	8417.749917000001			1.0	1.0	0.0	3.0					
8421.852	8.677999999999884	trials	3.0	8423.53619	8425.201548000001	8426.655558	8427.269103	8422.692794999999	8425.844491			1.0	1.0	0.0	3.0					
8431.002	7.2590000000000146	trials	3.0	8432.681498	8434.144893			8430.543582	8434.558904	8436.501	8438.261	2.0		1.0	1.0					
8441.281	6.924999999999272	trials	3.0	8444.712897	8446.423322999999	8447.838852	8448.224874	8444.023977	8447.132829			1.0	2.0	0.0	3.0					
8452.151	6.805000000000291	trials	3.0	8454.736206	8456.03635	8458.641094999999	8458.844196	8453.821394	8457.791394			1.0	1.0	0.0	3.0					
8461.009	11.037000000000262	trials	3.0	8463.991193	8465.243093000001	8469.885537	8469.970153	8463.001888	8468.958609000001	8470.581	8472.046	1.0	2.0	1.0	1.0					
8474.149	7.405000000000655	trials	3.0	8477.833413	8479.874894	8481.156794	8481.573602	8477.203179	8480.493915			1.0	1.0	0.0	3.0					
8484.536	14.98699999999917	trials	3.0	8493.681927	8494.89155	8496.529330000001	8496.995161	8493.014558	8495.948322			1.0	1.0	0.0	3.0					
8500.846	4.690000000000509	trials	3.0	8502.668354	8503.493344999999	8504.457215	8504.805752	8499.542662	8503.486243			1.0		0.0	2.0					
8507.551	12.194999999999709	trials	3.0	8515.397	8516.857281	8517.877797000001	8518.137375	8514.835160999999	8517.343304	8518.721	8519.746	1.0	2.0	1.0	1.0					
8522.801	7.585000000000946	trials	3.0	8525.55745	8527.532633	8528.427219000001	8528.768381	8524.678469	8527.761330000001	8529.136	8530.386	1.0	2.0	1.0	1.0					
8532.411	6.0349999999998545	trials	3.0	8535.491743999999	8537.065013	8537.811083	8538.462462	8534.884367999999	8537.164832			1.0	2.0	0.0	3.0					
8540.111	6.619999999998981	trials	3.0	8543.427725	8544.518751	8546.312898	8546.749097	8542.437515	8545.456875			1.0	1.0	0.0	3.0					
8548.626	5.274999999999636	trials	3.0	8550.677128	8552.633934	8553.3893	8553.920717	8549.806487	8552.794451			1.0	2.0	0.0	3.0					
8556.701	23.82100000000173	trials	3.0	8577.352587	8578.771997	8579.49311	8579.937983	8576.585334	8578.943103			1.0	2.0	0.0	3.0					
8582.821	17.365999999999985	trials	3.0	8598.067311	8598.199172			8597.20746	8598.194357			1.0		0.0	2.0					
8604.197	62.67399999999907	trials	3.0	8663.202576	8664.900158	8666.546535	8666.888631	8662.545741	8665.769339			1.0	1.0	0.0	3.0					
8668.861	9.039999999999054	trials	3.0	8672.688321	8674.18497			8672.116893	8674.179648000001			1.0		0.0	2.0					
8678.236	36.21499999999833	trials	3.0	8710.478687	8711.709422			8709.97703	8712.259407			2.0		1.0	1.0					
8718.031	6.209999999999127	trials	3.0	8719.908225	8721.940977			8718.786558	8721.962696			2.0		1.0	1.0					
8727.701	5.151000000001659	trials	3.0	8729.513526	8730.610698			8728.094562	8730.678879			2.0		1.0	1.0					
8735.371	10.100000000000364	trials	3.0	8740.013881	8741.621763	8742.307956	8742.948786	8739.203469	8741.640288			1.0	2.0	0.0	3.0					
8745.671	7.315000000000509	trials	3.0	8747.428785	8749.252641	8752.681655	8753.004137	8745.490752	8749.2639			1.0	1.0	0.0	3.0					
8755.996	11.910000000001673	trials	3.0	8762.464475	8763.690479			8761.798887	8764.882346	8766.621	8767.906	2.0		1.0	1.0					
8771.926	7.145000000000437	trials	3.0	8773.634141	8775.70133	8776.760658	8777.077178	8772.704154	8776.165275	8777.571	8779.071	1.0	2.0	1.0	1.0					
8780.801	6.335000000000946	trials	3.0	8784.188597	8785.832134	8786.65437	8787.156728	8783.264964	8785.862274			1.0	2.0	0.0	3.0					
8790.966	7.845999999999549	trials	3.0	8794.953474	8796.865407000001	8798.067463	8798.430293	8794.205801	8797.353589			1.0	2.0	0.0	3.0					
8801.432	6.698999999998705	trials	3.0	8803.438721	8805.380933	8807.786667	8808.15116	8802.51806	8806.017301			1.0	1.0	0.0	3.0					
8812.106	8.110000000000582	trials	3.0	8814.625257	8816.165273999999	8817.980933	8818.287867	8813.845046	8817.320709	8818.562	8820.216	1.0	2.0	1.0	1.0					
8822.856	6.166000000001077	trials	3.0	8825.804085	8826.86058	8828.286729	8828.503065	8825.102262	8827.695854			1.0	2.0	0.0	3.0					
8830.647	13.875	trials	3.0	8837.39934	8838.90087			8836.521117	8838.894702			2.0		0.0	2.0					
8844.946	10.7450000000008	trials	3.0	8846.585753	8848.570760999999	8853.568600999999	8854.068488	8844.544185	8848.683424	8854.416	8855.691	1.0	2.0	1.0	1.0					
8857.756	10.739999999999782	trials	3.0	8861.274084	8862.536217	8866.584609	8866.759719	8860.29665	8862.521692			1.0		0.0	2.0					
8868.531	6.634999999998399	trials	3.0	8870.634818999999	8871.91567	8873.071609999999	8873.342391	8869.765619	8872.365461	8873.826	8875.166	1.0	2.0	1.0	1.0					
8879.236	5.584999999999127	trials	3.0	8880.934755	8882.830263	8883.7413	8884.020915000001	8880.330177	8882.822853			1.0		0.0	2.0					
8887.831	6.809999999999491	trials	3.0	8892.501006	8892.65546			8891.874407	8892.646982			2.0		0.0	2.0					
8896.656	8.579999999999927	trials	3.0	8898.42087	8899.481330999999	8904.558713	8905.254971	8897.176428	8899.476224			1.0		0.0	2.0					
8905.562	15.894000000000233	trials	3.0	8918.159435	8919.467048999999	8920.177253	8920.448169	8917.160405999999	8919.461031			1.0		0.0	2.0					
8923.506	10.670000000000073	trials	3.0	8928.635238	8930.561661	8932.100852	8932.294478	8928.046853	8931.490887	8932.866	8934.176	1.0	2.0	1.0	1.0					
8935.961	7.141000000001441	trials	3.0	8939.62653	8941.112810999999			8938.705943	8941.102325			1.0		0.0	2.0					
8947.15	15.02599999999984	trials	3.0	8958.10044	8959.581639	8960.391628000001	8962.198361	8957.499117	8959.57255			1.0		0.0	2.0					
8963.619	11.99200000000019	trials	3.0	8971.860179	8973.012719			8970.884397	8973.380977			2.0		1.0	1.0					
8978.096	10.5	trials	3.0	8980.979994000001	8982.115827			8980.293189	8982.658016			2.0		1.0	1.0					
8989.441	4.870999999999185	trials	3.0	8991.025244	8992.321878			8988.618075	8992.314492			1.0		0.0	2.0					
8996.346	5.860000000000582	trials	3.0	8998.390347	9000.222351			8997.263159	9000.212389			2.0		0.0	2.0					
9005.212	7.890000000001237	trials	3.0	9007.86522	9009.040148	9010.865792	9011.075746999999	9006.902906	9010.246869	9011.626	9013.102	1.0	2.0	1.0	1.0					
9016.051	6.520000000000437	trials	3.0	9018.579893	9019.981876			9017.911604	9020.313087			2.0		1.0	1.0					
9026.077	16.209000000000742	trials	3.0	9037.962263	9039.48638			9036.972107	9040.032399			2.0		1.0	1.0					
9044.841	5.7150000000001455	trials	3.0	9047.092047	9048.322041	9050.12976	9050.578162	9046.415615	9049.191599			1.0	1.0	0.0	3.0					
9054.446	5.8700000000008	trials	3.0	9055.986009	9057.473324999999	9059.740116	9060.336951000001	9054.810752	9058.107494			1.0	2.0	0.0	3.0					
9063.066	5.2150000000001455	trials	3.0	9064.986072	9066.296789			9063.088197000001	9066.287489			1.0		0.0	2.0					
9070.291	10.52100000000064	trials	3.0	9074.520989	9076.077225	9077.139652	9077.486987	9073.629348	9076.545008000001	9078.046	9080.812	1.0	2.0	1.0	1.0					
9082.991	7.718000000000757	trials	3.0	9085.290694	9086.612726	9087.576615	9087.768537	9084.6131	9087.016308	9088.352	9090.709	1.0	2.0	1.0	1.0					
9092.556	5.619999999998981	trials	3.0	9095.396289	9096.624807	9097.896951	9098.196219	9094.695355	9097.266459			1.0	2.0	0.0	3.0					
9101.236	805.9649999999983	BlockDesign														1.0	637.0	705.0	50.0	90.0
9101.236	10.549999999999272	trials	4.0	9103.176610999999	9104.252833999999	9109.846008	9110.33267	9102.292440000001	9105.800067			1.0	2.0	0.0	3.0					
9113.171	4.635000000000218	trials	4.0	9115.156034	9115.763713			9113.599238	9115.754079			1.0		0.0	2.0					
9120.816	10.029999999998836	trials	4.0	9124.481252	9126.323283			9123.708642	9126.30833			2.0		0.0	2.0					
9132.321	4.559999999999491	trials	4.0	9134.196539	9134.898258000001	9136.482441	9136.737393	9130.868832	9134.889054			1.0		0.0	2.0					
9138.891	7.4950000000008	trials	4.0	9141.241257	9143.113856	9144.293112	9144.640469	9140.512633	9143.731387	9144.977	9146.386	1.0	2.0	1.0	1.0					
9148.161	10.354999999999563	trials	4.0	9152.201669	9153.408444	9154.010452999999	9158.539872000001	9151.436692	9153.396187			1.0		0.0	2.0					
9159.454	10.057000000000698	trials	4.0	9165.686846	9166.707687			9164.976480000001	9167.375862			2.0		1.0	1.0					
9172.062	8.165000000000873	trials	4.0	9174.491393	9175.643724	9177.833406	9178.125960000001	9173.645418	9175.633796			1.0		0.0	2.0					
9180.697	6.7739999999994325	trials	4.0	9183.489139	9184.802485999999	9186.797181999998	9187.469146	9182.722972	9185.276162999999			1.0	1.0	0.0	3.0					
9191.126	6.174999999999272	trials	4.0	9193.198140999999	9194.521707	9195.545748999999	9195.781597	9192.401017	9194.987540999999	9196.291	9197.301	1.0	2.0	1.0	1.0					
9201.332	5.979999999999563	trials	4.0	9202.892554	9204.666129	9205.295522999999	9205.502481	9201.866	9204.656151	9206.036	9207.312	1.0	2.0	1.0	1.0					
9209.327	9.400000000001455	trials	4.0	9212.979866	9214.459798	9216.025318999998	9216.356818	9212.459863999999	9215.372540999999	9216.796	9218.727	1.0	2.0	1.0	1.0					
9221.799	9.24199999999837	trials	4.0	9225.278395	9226.949246	9228.093096999999	9228.514115999998	9224.502752999999	9227.382697	9228.897	9231.041	1.0	2.0	1.0	1.0					
9234.521	5.945999999999913	trials	4.0	9236.488705	9238.394881999999	9239.392063	9239.963851999999	9235.806105	9238.390189			1.0		0.0	2.0					
9242.481	10.807000000000698	trials	4.0	9248.696152999999	9250.050583	9251.054079	9251.313709	9247.869095999999	9250.423525	9251.816	9253.288	1.0	2.0	1.0	1.0					
9256.312	7.924000000000888	trials	4.0	9259.649752	9261.725191			9258.741135999999	9262.079167			2.0		1.0	1.0					
9267.816	7.049999999999272	trials	4.0	9269.783581	9271.043130999999	9272.157116999999	9272.477853999999	9268.710562	9271.396378	9272.861	9274.866	1.0	2.0	1.0	1.0					
9276.584	7.447000000000116	trials	4.0	9280.208702999998	9281.950917	9282.861198999999	9283.597109999999	9279.374242999998	9281.944179999999			1.0		0.0	2.0					
9287.971	44.960000000000946	trials	4.0	9329.874141999999	9330.921121			9329.253852	9330.914556			1.0		0.0	2.0					
9334.941	39.19499999999971	trials	4.0	9369.514098	9371.520198			9368.597334999999	9371.87853			2.0		1.0	1.0					
9376.562	6.875	trials	4.0	9379.199775	9380.366338	9381.685841999999	9381.972305	9378.327795	9381.064287	9382.431	9383.437	1.0	1.0	1.0	1.0					
9386.522	9.423999999999069	trials	4.0	9388.319652	9390.063618			9387.590107	9390.531471999999			2.0		1.0	1.0					
9396.151	6.451000000000931	trials	4.0	9397.981275999999	9399.921024	9401.08182	9402.603954	9395.947138	9400.498164999999			1.0	1.0	0.0	3.0					
9405.404	5.726999999998952	trials	4.0	9407.355947999999	9408.556437			9405.521352	9408.547800999999			1.0		0.0	2.0					
9412.67	13.766999999999825	trials	4.0	9422.66563	9424.426464			9421.695885	9424.414396			2.0		0.0	2.0					
9430.487	7.434000000001106	trials	4.0	9432.019811	9433.850539	9435.233952999999	9435.458431	9431.049438	9434.424169	9436.051	9437.921	1.0	2.0	1.0	1.0					
9441.631	9.444999999999709	trials	4.0	9443.301163999999	9445.126671			9442.725084	9445.626832999998			2.0		1.0	1.0					
9452.199	5.016999999999825	trials	4.0	9454.169688999998	9455.211948			9453.627202	9455.198445			1.0		0.0	2.0					
9459.266	5.6710000000002765	trials	4.0	9460.945312	9462.096320999999			9459.705274999998	9462.780525			2.0		1.0	1.0					
9467.446	5.987999999999374	trials	4.0	9469.401490999999	9470.62255			9468.874796999999	9471.26428			2.0		1.0	1.0					
9476.001	10.02100000000064	trials	4.0	9478.08118	9479.380561			9477.57382	9480.185343			2.0		1.0	1.0					
9486.954	7.17699999999968	trials	4.0	9488.515970999999	9490.082145999999	9491.620686999999	9491.821727999999	9486.024141999998	9490.993422	9492.446	9494.131	1.0	2.0	1.0	1.0					
9495.852	8.959999999999127	trials	4.0	9500.401608999999	9501.778513	9502.710869999999	9502.925051999999	9499.546483	9502.141246	9503.541	9504.812	1.0	2.0	1.0	1.0					
9508.831	6.494999999998981	trials	4.0	9510.554944	9511.927956	9512.928697	9515.325583	9509.495003999999	9512.334476999999			1.0	2.0	0.0	3.0					
9516.261	8.635000000000218	trials	4.0	9519.371288999999	9521.329968999999	9522.514161	9522.749602	9518.788299	9521.88208	9523.336	9524.896	1.0	1.0	1.0	1.0					
9527.555	6.65599999999904	trials	4.0	9530.345383	9531.641886			9529.675341999999	9532.093178			2.0		1.0	1.0					
9536.741	6.184999999999491	trials	4.0	9538.345765999999	9540.337314999999	9541.076329	9541.326892	9537.605547	9540.311787999999	9541.801	9542.926	1.0	1.0	1.0	1.0					
9545.964	8.951999999999316	trials	4.0	9549.607087999999	9551.319035999999	9551.950379999998	9552.321173999999	9548.780928999999	9551.311119999998			1.0		0.0	2.0					
9557.381	11.335000000000946	trials	4.0	9563.925861	9565.226356	9566.548212	9566.866831	9563.26219	9565.725419999999	9567.246	9568.716	1.0	1.0	1.0	1.0					
9572.352	7.295000000000073	trials	4.0	9574.725293	9575.850207	9576.891453	9577.223391	9573.821692	9576.287795999999	9577.661	9579.647	1.0	2.0	1.0	1.0					
9582.416	6.192000000000917	trials	4.0	9585.520365999999	9586.559766999999			9584.799025999999	9586.55137			1.0		0.0	2.0					
9590.621	10.410000000001673	trials	4.0	9596.586621999999	9597.838373999999	9598.896810999999	9599.20257	9595.661930999999	9598.32871	9599.711	9601.031	1.0	2.0	1.0	1.0					
9604.095	7.641000000001441	trials	4.0	9606.751644999998	9608.057745999999	9608.769132	9609.223132	9605.765211999998	9608.052259			1.0		0.0	2.0					
9613.066	4.614999999999782	trials	4.0	9614.725761	9615.677568	9616.256789	9616.324072	9611.738102	9615.666307			1.0		0.0	2.0					
9619.691	9.80999999999949	trials	4.0	9624.751559999999	9626.989683			9624.127158	9627.298245999998			2.0		1.0	1.0					
9633.066	6.699999999998909	trials	4.0	9635.036552	9636.222184999999	9637.420458999999	9637.644013	9634.527012999999	9636.764011	9638.236	9639.766	1.0	2.0	1.0	1.0					
9642.781	6.294999999998254	trials	4.0	9645.297713999998	9647.069923	9647.787704999999	9648.133568	9644.29698	9647.063296999999			1.0		0.0	2.0					
9652.086	14.860000000000582	trials	4.0	9654.751617999998	9656.740683	9664.823185	9664.950675999999	9653.931787	9657.161553999998	9665.721	9666.946	1.0	2.0	1.0	1.0					
9669.001	6.780000000000655	trials	4.0	9672.436125	9673.703313	9674.671221999999	9675.132900999999	9671.515587	9674.155010999999			1.0	1.0	0.0	3.0					
9677.001	8.979999999999563	trials	4.0	9681.006349	9682.086723999999	9683.483506999999	9683.613655	9680.371233999998	9682.696417	9684.141	9685.981	1.0	2.0	1.0	1.0					
9689.492	7.601999999998952	trials	4.0	9691.616780999999	9692.9394	9694.145589	9694.557842999999	9690.716685	9693.428780999999	9694.821	9697.094	1.0	2.0	1.0	1.0					
9700.526	5.354999999999563	trials	4.0	9702.701847999999	9704.137182999999	9705.316299999999	9705.567307	9702.168682	9704.718578999998			1.0	1.0	0.0	3.0					
9707.691	6.786000000000058	trials	4.0	9710.207204999999	9711.326809	9712.502362	9712.611191999998	9709.20884	9711.723015	9713.386	9714.477	1.0	2.0	1.0	1.0					
9718.493	7.207999999998719	trials	4.0	9720.612342999999	9722.289224999999	9723.870067	9724.001784999999	9719.953098	9723.088958999999	9724.566	9725.701	1.0	1.0	1.0	1.0					
9727.756	8.346000000001368	trials	4.0	9730.712282999999	9732.188311			9729.762424999999	9732.178409999999			1.0		0.0	2.0					
9736.196	13.576000000000931	trials	4.0	9745.668065999998	9746.946721			9745.080917	9747.630588			2.0		1.0	1.0					
9752.256	19.92500000000109	trials	4.0	9766.872544	9768.299044	9770.082183999999	9770.25274	9766.196892999998	9769.00894	9770.821	9772.181	1.0	2.0	1.0	1.0					
9774.201	7.460000000000946	trials	4.0	9777.57736	9778.638578999999	9779.552829999999	9780.130894	9776.684502	9779.065349999999			1.0	2.0	0.0	3.0					
9783.881	10.596000000001368	trials	4.0	9790.654063	9791.91449			9789.989768	9792.362373999998			2.0		1.0	1.0					
9798.002	10.253999999998996	trials	4.0	9800.367618	9801.737589999999			9799.554962999999	9802.240749999999			2.0		1.0	1.0					
9809.022	5.658999999999651	trials	4.0	9810.707734	9811.863338			9808.260465	9812.479728999999			2.0		1.0	1.0					
9817.172	18.514999999999418	trials	4.0	9818.712747	9820.155749	9833.602959	9833.913353	9817.740047	9821.347914	9834.356	9835.687	1.0	2.0	1.0	1.0					
9838.747	7.444000000001324	trials	4.0	9840.783882	9842.361218	9843.029266	9843.227953	9839.406454	9842.308146	9843.666	9846.191	1.0	2.0	1.0	1.0					
9849.286	8.045000000000073	trials	4.0	9851.467716	9852.789644999999	9854.536779999999	9855.148194	9850.649442999998	9853.302661			1.0	1.0	0.0	3.0					
9857.861	6.269999999998618	trials	4.0	9859.609219	9860.884683	9862.109665	9862.313268999998	9857.336614	9861.308358999999	9862.826	9864.131	1.0	2.0	1.0	1.0					
9868.151	6.805000000000291	trials	4.0	9869.848097999999	9871.02867	9872.300057999999	9872.580101	9868.673294999999	9871.655541	9873.081	9874.956	1.0	2.0	1.0	1.0					
9878.017	7.460000000000946	trials	4.0	9880.248072999999	9881.709810999999	9883.021697	9883.231333	9879.328862999999	9882.237231	9883.791	9885.477	1.0	2.0	1.0	1.0					
9887.147	7.914999999999054	trials	4.0	9889.882947	9890.974608999999	9892.664071	9893.159666	9889.194363999999	9892.046459	9893.501	9895.062	1.0	2.0	1.0	1.0					
9899.081	8.119999999998981	trials	4.0	9902.42319	9903.763174	9905.088410999999	9905.399469	9901.418323	9904.472044	9905.791	9907.201	1.0	2.0	1.0	1.0					
9911.274	4869.812	BlockDesign														1.0	706.0	821.0	50.0	10.0
9911.274	6.7370000000009895	trials	5.0	9913.223134	9914.745675999999			9911.794007999999	9914.738734999999			1.0		0.0	2.0					
9919.806	12.211999999999534	trials	5.0	9927.530181999999	9929.260332			9926.822122	9929.809475			2.0		1.0	1.0					
9934.551	8.551000000001295	trials	5.0	9936.695356	9938.467158	9940.918167	9941.160994	9935.825377	9938.962715	9941.721	9943.102	1.0	1.0	1.0	1.0					
9945.169	5.287000000000262	trials	5.0	9947.839145	9949.064966	9950.018317999999	9950.462190999999	9946.859406	9949.412064999999			1.0	2.0	0.0	3.0					
9952.417	8.194000000001324	trials	5.0	9954.999216	9956.842032999999			9954.256635	9957.364916999999	9959.326	9960.611	2.0		1.0	1.0					
9962.711	9.175000000001091	trials	5.0	9967.048836	9968.739033999998	9969.956877999999	9970.497242	9966.239053	9969.221105999999			1.0	2.0	0.0	3.0					
9972.286	8.6200000000008	trials	5.0	9974.235605999998	9975.737004999999	9977.541336999999	9977.811753999998	9972.649932999999	9975.977326			1.0	1.0	0.0	3.0					
9981.881	3.8150000000005093	trials	5.0	9983.544069	9983.590783	9984.93765	9985.124136999999	9980.908628	9983.587934			1.0		0.0	2.0					
9989.751	8.614999999999782	trials	5.0	9993.534405999999	9995.121813	9996.046068	9996.709646	9992.717241999999	9995.490559	9996.681	9998.366	1.0	1.0	1.0	1.0					
10002.386	5.774999999999636	trials	5.0	10006.049097	10007.15022	10007.841908999999	10008.109445999999	10005.183015999999	10007.223301			1.0	2.0	0.0	3.0					
10011.191	14.7549999999992	trials	5.0	10018.6338	10020.116053			10017.889501	10020.518194			2.0		1.0	1.0					
10026.231	5.835000000000946	trials	5.0	10027.860515999999	10029.305075999999			10025.950809	10029.295074			1.0		0.0	2.0					
10033.321	11.201000000000931	trials	5.0	10040.599134	10042.062006	10044.051051999999	10044.527103999999	10039.975142	10042.527508			1.0	1.0	0.0	3.0					
10048.424	18.701999999999316	trials	5.0	10055.889326999999	10057.934777999999	10065.138715	10065.486167	10054.998685999999	10058.863616999999	10065.981	10067.126	1.0	1.0	1.0	1.0					
10070.147	6.698999999998705	trials	5.0	10071.781078	10073.310919	10075.294587999999	10075.815924999999	10071.054183999999	10073.51428			1.0	2.0	0.0	3.0					
10078.631	11.541000000001077	trials	5.0	10087.874764	10088.171035	10089.126516999999	10089.361092	10086.949977999999	10088.164133999999			1.0		0.0	2.0					
10093.221	9.665000000000873	trials	5.0	10095.285039999999	10096.515929			10094.570787999999	10096.849881999999			2.0		1.0	1.0					
10103.576	5.526000000001659	trials	5.0	10105.465083	10107.101971			10102.890304999999	10107.093754			1.0		0.0	2.0					
10112.112	7.59900000000016	trials	5.0	10116.075635	10117.66219			10115.283306	10117.653181			2.0		0.0	2.0					
10121.724	6.006999999999607	trials	5.0	10123.446538	10124.48827	10127.296102	10127.736997	10122.076578	10124.483606			1.0		0.0	2.0					
10128.506	5.695999999999913	trials	5.0	10130.710195	10132.621964999998	10133.838474999999	10134.210243	10129.726185	10133.218533			1.0	1.0	0.0	3.0					
10137.157	7.814000000000306	trials	5.0	10141.045409999999	10143.056331	10143.886675	10144.976337	10140.396359999999	10143.234676999999			1.0	2.0	0.0	3.0					
10147.234	33.57799999999952	trials	5.0	10174.019951999999	10175.541984	10176.676377	10177.94098	10173.456175	10176.065193999999			1.0	2.0	0.0	3.0					
10181.016	20.895000000000437	trials	5.0	10197.385744	10199.321421999999	10200.130722999998	10200.33651	10196.85678	10199.724710999999	10200.876	10201.911	1.0	1.0	1.0	1.0					
10203.931	9.100000000000364	trials	5.0	10206.920387999999	10208.543276999999			10206.159381	10208.53083			2.0		0.0	2.0					
10214.562	10.808999999999287	trials	5.0	10222.035753999999	10223.368854999999	10224.308501	10224.455741	10221.300489	10223.352399			1.0		0.0	2.0					
10227.382	41.78399999999965	trials	5.0	10266.256194	10267.460391999999	10268.52739	10269.170607	10265.386636	10268.004573999999			1.0	2.0	0.0	3.0					
10270.861	11.075999999999112	trials	5.0	10277.322686	10279.152064	10280.871857999999	10281.944937	10276.584476999999	10279.782740999999			1.0	1.0	0.0	3.0					
10284.206	4.399999999999636	trials	5.0	10285.961194	10286.98921	10288.283467	10288.604317	10284.984895	10287.513029			1.0	2.0	0.0	3.0					
10292.656	35.53099999999904	trials	5.0	10324.011609	10325.619154			10323.505513	10326.019164			2.0		1.0	1.0					
10330.691	8.834999999999127	trials	5.0	10334.282879999999	10335.597952	10338.122026	10338.247495	10333.674008	10337.327628	10338.956	10339.526	1.0	1.0	1.0	1.0					
10341.587	11.774000000001251	trials	5.0	10346.771421	10348.552959999999	10352.688350999999	10353.367361999999	10346.16805	10348.544138			1.0		0.0	2.0					
10354.611	4.726999999998952	trials	5.0	10356.306622	10357.985745999998	10358.948683999999	10359.330436	10355.556359999999	10358.071361999999			1.0	2.0	0.0	3.0					
10361.321	2179.0200000000004	trials	5.0	10381.086865	10382.620411	10392.146823	10393.823591999999	10380.298928999999	10383.028123	10371.727	12540.341	2.0		1.0	1.0					
12544.361	480.1849999999995	trials	5.0	13022.29064	13022.4772	13023.57303	13023.846512	13021.335127	13022.471285			1.0		0.0	2.0					
13028.556	298.22500000000036	trials	5.0	13322.537684	13324.469989000001			13321.933201	13324.511944	13043.496	13326.706	2.0		1.0	1.0					
13331.251	37.185999999999694	trials	5.0	13355.348007	13357.106485	13365.338884	13365.774229	13354.485724	13357.736025			1.0	2.0	0.0	3.0					
13368.703	5.458000000000538	trials	5.0	13370.353098	13370.504974			13368.448387	13370.499561			1.0		0.0	2.0					
13376.576	6.430000000000291	trials	5.0	13379.388060000001	13381.004977			13378.535413	13380.995032			1.0		0.0	2.0					
13386.016	19.756000000001222	trials	5.0	13402.699774	13403.774694			13402.089198	13403.763508			1.0		0.0	2.0					
13408.83	14.156000000000859	trials	5.0	13419.673563	13420.990136	13421.667406	13422.160923	13418.835326	13420.977375			1.0		0.0	2.0					
13424.997	154.4240000000009	trials	5.0	13570.229131	13571.517139	13579.113835	13581.842718	13569.694573	13573.06755			1.0	2.0	0.0	3.0					
13581.441	56.41100000000006	trials	5.0	13583.58477	13585.434415	13636.783551	13637.041474	13582.901336	13585.882159			1.0	1.0	1.0	1.0					
13640.352	34.64899999999943	trials	5.0	13653.661812	13654.977612	13673.273593	13673.386651	13652.903484	13655.439330000001	13673.996	13675.001	1.0	2.0	1.0	1.0					
13677.086	24.325000000000728	trials	5.0	13683.880569	13685.072064	13700.678221	13701.423651000001	13683.070966	13685.366191000001			1.0	2.0	0.0	3.0					
13703.997	29.44000000000051	trials	5.0	13710.911449	13712.704646	13732.803066	13733.448381	13710.239149	13713.35991			1.0	1.0	0.0	3.0					
13736.167	10.980000000001382	trials	5.0	13742.925541	13744.236427	13746.891409	13747.1208	13742.293152	13745.330505			1.0	2.0	0.0	3.0					
13751.25	9.130999999999403	trials	5.0	13756.966515	13758.382328			13756.173868	13758.375127			2.0		0.0	2.0					
13763.426	17.596000000001368	trials	5.0	13771.565641000001	13773.396034	13780.707057	13784.781408	13770.988719	13774.388419			1.0	2.0	0.0	3.0					
13784.036	67.04500000000007	trials	5.0	13846.401195	13848.207381			13845.73566	13848.180859	13849.921	13851.081	2.0		1.0	1.0					
13854.106	11.719999999999345	trials	5.0	13861.861372	13863.322371			13861.276486	13863.679044			2.0		1.0	1.0					
13870.361	15.920000000000073	trials	5.0	13872.962088	13874.146286	13883.057241	13886.292784000001	13872.083919	13875.650181			1.0	1.0	0.0	3.0					
13886.501	8.560999999999694	trials	5.0	13890.756888	13892.308177			13890.010834	13892.910113			2.0		1.0	1.0					
13898.596	10.19000000000051	trials	5.0	13902.347077	13903.978206	13906.827763000001	13906.993128	13901.749579	13906.020987	13907.566	13908.786	1.0	1.0	1.0	1.0					
13912.586	5.820000000001528	trials	5.0	13914.887034	13916.413246			13914.221632	13916.40433			2.0		0.0	2.0					
13920.466	17.600000000000364	trials	5.0	13927.816657	13929.736171	13937.513499	13938.081086	13926.938157	13931.225407			1.0	2.0	0.0	3.0					
13939.833	18.76299999999901	trials	5.0	13955.047270000001	13957.118428	13958.199126	13958.6074	13954.109913	13957.483102			1.0	2.0	0.0	3.0					
13962.531	31.584999999999127	trials	5.0	13986.913639	13988.659996	13992.54219	13992.712359000001	13986.092341	13989.203404	13993.256	13994.116	1.0	1.0	1.0	1.0					
13997.136	10.050999999999476	trials	5.0	14001.977473	14003.62056	14005.083055	14005.481548	14001.06658	14004.573952	14005.961	14007.187	1.0	1.0	1.0	1.0					
14009.211	6.811000000001513	trials	5.0	14013.152125	14014.508083	14015.715604	14015.908909	14012.511472	14015.167305			1.0	1.0	0.0	3.0					
14020.074	9.671999999998661	trials	5.0	14025.47773	14027.146855			14024.66274	14027.628694			2.0		1.0	1.0					
14034.277	6.8289999999997235	trials	5.0	14037.647464	14039.117022	14040.786307	14040.894288	14036.89543	14040.208129			1.0	2.0	0.0	3.0					
14044.116	8.430000000000291	trials	5.0	14048.338348000001	14049.79966			14047.383561	14050.377475000001			2.0		1.0	1.0					
14056.114	7.652000000000044	trials	5.0	14059.053504	14060.314345	14061.440935	14061.74512	14058.218595	14060.873416	14062.131	14063.766	1.0	1.0	1.0	1.0					
14067.831	7.684999999999491	trials	5.0	14070.053881	14071.205823	14072.746201	14073.085957	14069.159062	14072.069985	14073.516	14075.516	1.0	2.0	1.0	1.0					
14077.541	7.64600000000064	trials	5.0	14080.753345000001	14081.9373	14084.200623	14085.198258	14080.183882	14083.154533			1.0	1.0	0.0	3.0					
14087.521	6.149999999999636	trials	5.0	14090.383216	14091.681793	14093.170077	14093.684121	14089.42041	14092.284636			1.0	2.0	0.0	3.0					
14096.487	5.8840000000000146	trials	5.0	14098.388482	14099.844058	14101.451541	14102.386687	14096.55502	14100.688336			1.0	1.0	0.0	3.0					
14103.786	8.717000000000553	trials	5.0	14109.528283	14110.739590000001	14112.193605	14112.30093	14108.695081	14111.363994			1.0	2.0	0.0	3.0					
14114.557	5.183999999999287	trials	5.0	14116.403217	14117.877058	14119.129504	14119.753396	14115.883345	14118.369673000001			1.0	1.0	0.0	3.0					
14121.451	22.486000000000786	trials	5.0	14137.083715	14138.872485	14140.782126	14143.807	14136.301417	14139.6091			1.0	1.0	0.0	3.0					
14144.102	7.16399999999885	trials	5.0	14147.374119	14149.200223			14146.483587	14149.196647			1.0		0.0	2.0					
14154.281	18.524999999999636	trials	5.0	14167.603818	14168.819638	14172.092133	14172.147007	14166.809659	14171.14665			1.0	2.0	0.0	3.0					
14176.407	7.53400000000147	trials	5.0	14179.504593	14180.598475	14182.11559	14182.325998	14178.534784	14181.317773	14182.801	14183.941	1.0	1.0	1.0	1.0					
14185.961	8.31500000000051	trials	5.0	14190.23398	14191.773058			14189.633542	14192.173908			2.0		1.0	1.0					
14198.841	5.829999999999927	trials	5.0	14200.53955	14202.109713			14199.687909	14202.509179			2.0		1.0	1.0					
14207.131	6.835000000000946	trials	5.0	14209.419972	14210.856622	14213.416759	14213.983162	14208.889491	14212.828528			1.0	1.0	0.0	3.0					
14217.733	6.028000000000247	trials	5.0	14220.439458	14221.535613	14223.278623	14223.77368	14219.672443	14222.719277			1.0	1.0	0.0	3.0					
14227.606	20.139999999999418	trials	5.0	14243.533695	14245.521774	14246.889388	14247.761934	14242.613458	14246.288389			1.0	2.0	0.0	3.0					
14250.216	8.739999999999782	trials	5.0	14255.456097	14256.962437			14254.675047	14256.950734			2.0		0.0	2.0					
14261.966	11.549999999999272	trials	5.0	14267.96473	14269.575625	14272.697383	14273.532802	14267.4303	14272.198137			1.0	1.0	0.0	3.0					
14275.963	14.413000000000466	trials	5.0	14283.804985	14285.449557	14289.737941	14290.393903	14283.233409	14286.174376			1.0	2.0	0.0	3.0					
14294.066	16.987999999999374	trials	5.0	14307.121648	14308.211718	14310.240471000001	14311.067794	14306.184064000001	14309.578606			1.0	2.0	0.0	3.0					
14313.606	56.67500000000109	trials	5.0	14361.260784	14363.297768	14366.210686	14366.51626	14360.466881	14365.284857999999			1.0	2.0	0.0	3.0					
14370.782	6.195000000001528	trials	5.0	14372.432589	14374.23188			14370.29845	14374.737898			2.0		1.0	1.0					
14379.499	7.731999999999971	trials	5.0	14382.534892	14383.660405	14386.6318	14387.248008	14381.940645	14385.952039			1.0	1.0	0.0	3.0					
14389.006	13.846000000001368	trials	5.0	14398.050517	14399.407147			14397.094307	14399.401666			1.0		0.0	2.0					
14403.426	9.051000000001295	trials	5.0	14408.360368	14409.926141			14407.556755	14410.410175			2.0		1.0	1.0					
14414.992	10.718999999999141	trials	5.0	14419.900579000001	14421.25749	14423.478024	14423.726116	14419.132096000001	14422.499926	14424.256	14425.711	1.0	2.0	1.0	1.0					
14428.731	7.950000000000728	trials	5.0	14432.322491	14433.631465			14431.691668	14434.555258			2.0		1.0	1.0					
14439.222	9.994000000000597	trials	5.0	14443.410614	14445.08494	14447.386387	14447.750373	14442.510147	14446.869112	14448.126	14449.216	1.0	1.0	1.0	1.0					
14451.282	11.695000000001528	trials	5.0	14456.895847	14458.602433	14460.649141	14460.843270000001	14456.268383999999	14459.638746	14461.397	14462.977	1.0	1.0	1.0	1.0					
14466.861	7.7149999999983265	trials	5.0	14469.247239	14471.138221000001	14472.635908	14472.906718	14468.578142	14472.043117000001	14473.286	14474.576	1.0	1.0	1.0	1.0					
14478.687	5.7739999999994325	trials	5.0	14481.167294	14482.282644	14483.437174	14484.477901	14480.294744	14482.926516			1.0	1.0	0.0	3.0					
14485.771	5.609999999998763	trials	5.0	14487.396186	14488.836997			14486.705795	14489.311443			2.0		1.0	1.0					
14494.956	10.024999999999636	trials	5.0	14499.686127	14501.23257	14502.759156	14503.083423	14499.081675000001	14502.227965	14503.446	14504.981	1.0	1.0	1.0	1.0					
14507.008	7.288000000000466	trials	5.0	14510.321265999999	14511.625465000001	14513.831394	14514.313033	14509.599082	14513.347048			1.0	1.0	0.0	3.0					
14517.141	11.854999999999563	trials	5.0	14525.356339	14526.921826	14528.515152	14529.014848	14524.682958000001	14527.835033			1.0	1.0	0.0	3.0					
14531.876	8.831000000000131	trials	5.0	14534.168005	14535.398253	14537.295151	14538.08203	14533.398593	14536.414351			1.0	2.0	0.0	3.0					
14541.626	4.2260000000005675	trials	5.0	14543.225907	14543.787166			14540.723934	14543.779183			1.0		0.0	2.0					
14549.896	6.684999999999491	trials	5.0	14553.771736	14554.980301	14556.271647	14556.559615	14552.971108	14555.53483			1.0	2.0	0.0	3.0					
14560.591	10.799999999999272	trials	5.0	14567.42713	14568.588094			14566.899814	14569.296889000001			2.0		1.0	1.0					
14574.861	8.179999999998472	trials	5.0	14579.576714	14581.420837	14582.727661	14583.051443	14579.050731	14582.232058			1.0	1.0	0.0	3.0					
14585.046	6.709999999999127	trials	5.0	14587.102914	14588.503851	14589.737945	14590.061428	14586.41746	14589.056128	14590.536	14591.756	1.0	1.0	1.0	1.0					
14595.826	5.720000000001164	trials	5.0	14597.742607	14599.70412	14600.891199	14601.561593	14597.094286	14600.398957000001			1.0	1.0	0.0	3.0					
14605.203	7.212999999999738	trials	5.0	14609.012365	14610.55486	14612.021152000001	14612.435005	14608.386856000001	14611.156767			1.0	2.0	0.0	3.0					
14614.376	70.53999999999905	trials	5.0	14679.972594	14681.633031000001	14682.685356	14682.882413	14679.368929	14682.102625	14683.296	14684.916	1.0	1.0	1.0	1.0					
14688.022	8.704999999999927	trials	5.0	14691.334060000001	14693.314233000001	14694.731818	14694.967246	14690.440659	14693.395879	14695.501	14696.727	1.0	1.0	1.0	1.0					
14699.751	11.399999999999636	trials	5.0	14702.90746	14704.389679	14706.874244999999	14707.469164	14702.124755	14705.835915			1.0	1.0	0.0	3.0					
14711.233	6.852999999999156	trials	5.0	14712.937877	14714.452381			14711.168685	14714.924389	14716.636	14718.086	2.0		1.0	1.0					
14722.111	6.099999999998545	trials	5.0	14724.512944	14726.119003	14727.199581	14727.557113	14723.689876	14726.697055			1.0	1.0	0.0	3.0					
14729.557	6.1299999999992	trials	5.0	14731.84315	14733.862845	14735.224239	14735.707305	14730.840832	14734.419172			1.0	2.0	0.0	3.0					
14738.586	13.445000000001528	trials	5.0	14747.782734	14749.227896			14747.166139	14749.742155			2.0		1.0	1.0					
14756.506	7.93500000000131	trials	5.0	14758.314237999999	14760.169113			14757.459373	14760.160858			2.0		0.0	2.0					
14765.204	7.8070000000006985	trials	5.0	14767.398486	14769.368294	14770.365106000001	14770.691103000001	14764.46086	14769.769123	14771.062	14773.011	1.0	1.0	1.0	1.0					
14775.036	6.049999999999272	trials	5.0	14777.982907	14779.364236000001	14781.017847	14781.558674	14777.404135	14780.402945			1.0	1.0	0.0	3.0					
14784.347	2509.979000000001	BlockDesign														1.0	822.0	992.0	10.0	50.0
14784.347	5.238999999999578	trials	6.0	14786.058451	14788.012014	14789.159996	14789.606477000001	14783.742678999999	14788.636770000001			1.0	1.0	0.0	3.0					
14791.531	8.264999999999418	trials	6.0	14794.758904	14796.739855			14794.231153	14797.549271			2.0		1.0	1.0					
14802.316	8.43999999999869	trials	6.0	14806.912816	14808.362653	14810.446546	14813.482852000001	14806.202907	14809.644403			1.0	1.0	0.0	3.0					
14812.771	7.394999999998618	trials	6.0	14817.327933	14818.467951	14819.858995	14820.129274	14816.626216	14819.096568			1.0	2.0	0.0	3.0					
14823.191	5.469999999999345	trials	6.0	14825.068576	14826.670222			14823.846052	14826.661036			1.0		0.0	2.0					
14832.668	8.093000000000757	trials	6.0	14835.738246	14836.836994000001	14838.791188	14838.982039	14834.949372	14838.196012	14839.506	14840.761	1.0	2.0	1.0	1.0					
14843.831	9.299999999999272	trials	6.0	14848.000215	14849.734161	14851.276963	14851.486243	14847.344919	14850.502821	14852.191	14853.131	1.0	2.0	1.0	1.0					
14857.156	6.384999999998399	trials	6.0	14859.920473	14861.115139	14863.005648	14863.561722	14859.412249	14862.410346			1.0	1.0	0.0	3.0					
14867.336	5.875	trials	6.0	14869.823497000001	14871.555786	14872.712136	14873.230626	14868.92577	14872.142872			1.0	1.0	0.0	3.0					
14876.062	7.299000000000888	trials	6.0	14878.9791	14880.661918	14882.17822	14882.642437	14878.127275	14881.477072			1.0	1.0	0.0	3.0					
14884.483	4.737999999999374	trials	6.0	14886.152532	14887.390963	14888.906532	14889.092932	14884.50622	14887.859484			1.0	2.0	0.0	3.0					
14893.271	40.13500000000022	trials	6.0	14928.578897	14929.729622	14931.643062	14931.794299000001	14927.930398	14930.599048	14932.401	14933.406	1.0	2.0	1.0	1.0					
14936.464	9.567000000000917	trials	6.0	14941.524376000001	14943.286806			14940.746425000001	14943.834687999999			2.0		1.0	1.0					
14949.581	12.066000000000713	trials	6.0	14956.170978	14957.911863000001	14959.128705	14959.432413	14955.211518	14958.591726999999	14959.816	14961.647	1.0	1.0	1.0	1.0					
14963.661	7.770000000000437	trials	6.0	14967.564317	14969.334121	14970.550912	14970.921684	14966.987842	14969.986982			1.0	1.0	0.0	3.0					
14972.906	8.554999999998472	trials	6.0	14975.42157	14976.737863	14979.529135	14979.605971	14974.90712	14978.6764	14980.227	14981.461	1.0	2.0	1.0	1.0					
14984.481	7.666000000001077	trials	6.0	14988.09477	14989.851391			14987.160799000001	14989.916332			2.0		1.0	1.0					
14995.676	7.0	trials	6.0	14997.89	14999.360722000001			14997.332298000001	14999.825628	15001.647	15002.676	2.0		1.0	1.0					
15006.693	7.933000000000902	trials	6.0	15008.325585999999	15009.351744	15014.14174	15014.648754	15007.415713	15011.430342			1.0	1.0	0.0	3.0					
15016.467	9.388999999999214	trials	6.0	15018.301081	15019.821966	15025.231569	15025.268913	15016.501071	15019.818307			1.0		0.0	2.0					
15025.916	6.436000000001513	trials	6.0	15028.079515000001	15029.611117			15027.412109	15030.213946			2.0		1.0	1.0					
15035.886	7.475000000000364	trials	6.0	15038.475208	15039.878628			15037.58664	15040.505810999999	15042.346	15043.361	2.0		1.0	1.0					
15045.386	7.516999999999825	trials	6.0	15048.494704	15049.629181	15052.549283	15052.861824	15047.985270000001	15051.906351			1.0	1.0	0.0	3.0					
15056.921	5.549999999999272	trials	6.0	15058.586592	15060.51583	15062.121255	15062.281777	15057.0148	15061.209546			1.0	2.0	0.0	3.0					
15064.432	5.559999999999491	trials	6.0	15067.115245	15068.29669	15069.697248	15070.013032	15066.32649	15068.806495			1.0	1.0	0.0	3.0					
15073.977	7.493999999998778	trials	6.0	15078.015411	15079.477311	15080.784462	15081.494215	15077.337333	15080.224482			1.0	1.0	0.0	3.0					
15083.106	12.005000000001019	trials	6.0	15090.431251	15091.948624	15093.277653000001	15093.306814	15089.825311	15092.482909	15094.081	15095.111	1.0	2.0	1.0	1.0					
15098.131	8.230000000001382	trials	6.0	15102.370032	15104.317876000001			15101.628222	15104.306823			2.0		0.0	2.0					
15110.411	42.861000000000786	trials	6.0	15148.785421	15150.428078			15148.195123	15151.112096			2.0		1.0	1.0					
15155.773	14.023000000001048	trials	6.0	15163.892065	15165.345831999999	15167.753244	15168.116782000001	15163.315024	15166.345347			1.0	2.0	0.0	3.0					
15172.066	9.194999999999709	trials	6.0	15177.161196000001	15178.943414000001	15180.661153000001	15180.68072	15176.595747	15179.857795			1.0	2.0	0.0	3.0					
15183.016	12.31500000000051	trials	6.0	15185.351245	15186.63367	15192.906042	15193.168951	15184.354471	15187.106779	15193.647	15195.331	1.0	2.0	1.0	1.0					
15198.366	7.281000000000859	trials	6.0	15200.606169	15201.754447	15203.764624	15203.791134	15200.081782000001	15202.624896000001	15204.456	15205.647	1.0	2.0	1.0	1.0					
15207.667	7.84400000000096	trials	6.0	15211.91181	15213.607537	15215.212794	15215.482449	15211.299099	15214.674127			1.0	1.0	0.0	3.0					
15218.551	8.149999999999636	trials	6.0	15221.066583	15222.928393	15224.99731	15225.311296	15220.295366	15223.535136			1.0	2.0	0.0	3.0					
15227.307	37.599999999998545	trials	6.0	15261.387488	15262.7434	15264.609328	15264.883446	15260.519107	15263.108929			1.0	2.0	0.0	3.0					
15266.921	14.390999999999622	trials	6.0	15275.541658	15277.469045	15279.430765000001	15279.597821	15274.889245	15278.636292	15280.046	15281.312	1.0	2.0	1.0	1.0					
15284.411	8.229999999999563	trials	6.0	15286.798547	15288.310911	15290.393809000001	15290.712537	15286.055115	15289.784131	15291.176	15292.641	1.0	2.0	1.0	1.0					
15296.658	8.843000000000757	trials	6.0	15298.871761	15300.940291	15302.411	15302.816	15297.911	15301.671			1.0	1.0	0.0	3.0					
15306.741	5.645000000000437	trials	6.0	15308.417793999999	15310.325352999998			15305.504126999998	15310.312304			2.0		0.0	2.0					
15316.435	6.6270000000004075	trials	6.0	15318.546836999998	15320.244546999998			15317.707256999998	15320.963410999999			2.0		1.0	1.0					
15327.541	8.481000000001586	trials	6.0	15330.012739999998	15331.99325	15333.738448999999	15334.936420999999	15329.024	15332.812949			1.0	2.0	0.0	3.0					
15336.062	5.004000000000815	trials	6.0	15337.823132999998	15339.383898999999	15340.650607	15341.070161999998	15336.171771	15340.009471999998			1.0	1.0	0.0	3.0					
15344.026	68.43499999999949	trials	6.0	15408.05316	15409.849619999999			15407.180153	15410.160350999999			2.0		1.0	1.0					
15415.931	6.561999999999898	trials	6.0	15417.984929999999	15419.469857999999	15421.858463999999	15422.499731999998	15417.285278	15421.279202999998			1.0	1.0	0.0	3.0					
15424.206	11.48699999999917	trials	6.0	15428.169038999999	15430.156787999998	15433.820794	15433.888475999998	15427.515904999998	15430.761622999999	15434.522	15435.693	1.0	2.0	1.0	1.0					
15438.754	9.771999999999025	trials	6.0	15443.134208999998	15444.330544999999			15442.256687	15445.045006999999	15446.776	15448.526	2.0		1.0	1.0					
15452.543	6.972999999999956	trials	6.0	15454.628733	15456.345054	15457.290801	15457.701824999998	15453.945904999999	15456.71475			1.0	1.0	0.0	3.0					
15460.596	6.591000000000349	trials	6.0	15462.383924999998	15463.840527999999	15464.686760999999	15464.996141	15459.521933999999	15463.836467			1.0		0.0	2.0					
15467.921	4.8400000000001455	trials	6.0	15469.618858999998	15471.610319999998	15472.490386999998	15472.754982999999	15467.190875999999	15471.775856999999			1.0	1.0	0.0	3.0					
15475.772	8.289999999999054	trials	6.0	15479.860697999999	15481.484644999999	15483.426073999999	15484.067337999999	15478.895746999999	15482.470609999998			1.0	2.0	0.0	3.0					
15487.786	7.875	trials	6.0	15491.794181	15493.657296	15495.206699999999	15495.663803999998	15490.832024999998	15493.672387999999			1.0	1.0	0.0	3.0					
15499.558	7.463999999999942	trials	6.0	15502.713848	15504.515253			15501.745092	15504.832358			2.0		1.0	1.0					
15510.547	7.7739999999994325	trials	6.0	15514.093775999998	15516.105490999998	15517.873442999999	15518.324282999998	15513.398279	15516.962013999999			1.0	1.0	0.0	3.0					
15520.204	11.102000000000771	trials	6.0	15524.749345999999	15526.739104999999	15527.852770999998	15528.307144999999	15523.995857999998	15527.160448999999			1.0	2.0	0.0	3.0					
15532.176	4.100000000000364	trials	6.0	15533.999495999999	15535.225578999998	15535.964686999998	15536.174303999998	15531.312640999999	15535.273752			1.0	1.0	0.0	3.0					
15538.292	32.43000000000029	trials	6.0	15554.405596999999	15555.628657999998	15567.010908999999	15567.293542999998	15553.757570999998	15556.654508999998			1.0	2.0	0.0	3.0					
15571.356	4.024999999999636	trials	6.0	15573.305272999998	15573.378045			15570.728932999999	15573.364773			2.0		0.0	2.0					
15578.426	41.89500000000044	trials	6.0	15585.764619999998	15587.778632999998	15617.998211999999	15618.028051999998	15584.906431999998	15589.493545999998	15618.656	15620.321	1.0	2.0	1.0	1.0					
15624.341	18.375	trials	6.0	15627.071365999998	15628.319824999999	15642.282167	15642.721019999999	15626.386934999999	15631.120985999998			1.0	1.0	0.0	3.0					
15645.613	18.99800000000141	trials	6.0	15648.325497999998	15649.838141999999	15662.786081999999	15663.01499	15647.701318999998	15650.492800999999	15663.456	15664.611	1.0	2.0	1.0	1.0					
15666.631	12.596000000001368	trials	6.0	15671.656775999998	15673.875944	15675.067604999998	15675.475384999998	15671.049689	15674.442383999998			1.0	2.0	0.0	3.0					
15679.396	6.354999999999563	trials	6.0	15681.035543999998	15682.312337999998	15684.216310999998	15685.757376	15679.235416999998	15683.199948			1.0	1.0	0.0	3.0					
15686.581	6.25	trials	6.0	15688.965825	15690.157586999998	15692.368310999998	15692.836288999999	15687.978565999998	15691.525407			1.0	2.0	0.0	3.0					
15694.752	9.91399999999885	trials	6.0	15701.015258	15702.602092			15700.351093999998	15702.595565			1.0		0.0	2.0					
15706.681	7.989999999999782	trials	6.0	15711.440182999999	15712.617693999999			15710.436176	15712.614422999999			1.0		0.0	2.0					
15718.687	14.324000000000524	trials	6.0	15727.810373999999	15729.767204999998	15732.470803999999	15733.015871	15727.084090999999	15731.748183999998			1.0	2.0	0.0	3.0					
15734.831	16.61499999999978	trials	6.0	15736.996084999999	15738.795388999999	15749.164404	15749.419333999998	15736.422322999999	15739.948562	15749.871	15751.446	1.0	2.0	1.0	1.0					
15753.516	9.354999999999563	trials	6.0	15758.055922999998	15759.467415	15762.490338	15762.879754999998	15757.302898999998	15761.716035			1.0	1.0	0.0	3.0					
15765.766	5.6710000000002765	trials	6.0	15767.702222999998	15768.932605999998			15766.306556	15769.345914			2.0		1.0	1.0					
15775.977	6.173999999999069	trials	6.0	15777.595723999999	15779.079783			15776.748281999999	15779.857971			2.0		1.0	1.0					
15785.611	9.724999999998545	trials	6.0	15787.216118999999	15789.012615999998	15792.676114999998	15793.020879999998	15786.461951999998	15791.373032999998			1.0	1.0	0.0	3.0					
15796.011	7.25	trials	6.0	15797.816143999999	15799.720715	15800.755841999999	15801.267935999998	15795.343031999999	15800.091038999999			1.0	2.0	0.0	3.0					
15804.081	5.941000000000713	trials	6.0	15805.801320999999	15807.267945			15803.269105999998	15807.837919999998			2.0		1.0	1.0					
15812.541	12.025000000001455	trials	6.0	15816.08664	15817.982488999998	15822.523669999999	15822.982052999998	15815.353822	15821.781947			1.0	2.0	0.0	3.0					
15825.861	5.487999999999374	trials	6.0	15827.867710999999	15829.304945999998			15824.576205	15829.298690999998			2.0		0.0	2.0					
15835.361	13.404999999998836	trials	6.0	15840.016184999999	15841.466830999998	15846.541208999999	15846.876697	15839.289046999998	15845.022195	15847.312	15848.766	1.0	2.0	1.0	1.0					
15851.786	7.825000000000728	trials	6.0	15854.216663	15855.893129999999	15857.720546999999	15857.897786	15853.649741	15857.065213999998	15858.477	15859.611	1.0	2.0	1.0	1.0					
15861.671	11.029999999998836	trials	6.0	15865.262089999998	15866.278089	15870.59204	15870.825019999998	15864.516488999998	15869.706656999999	15871.361	15872.701	1.0	2.0	1.0	1.0					
15875.717	9.088999999999942	trials	6.0	15880.033089999999	15881.995151			15879.146069999999	15882.728747			2.0		1.0	1.0					
15888.327	6.150000000001455	trials	6.0	15890.127272999998	15891.833825999998	15893.993545999998	15894.481832	15889.275350999998	15893.342958			1.0	1.0	0.0	3.0					
15896.336	13.155000000000655	trials	6.0	15898.596978	15900.315848999999	15905.770647	15906.259283	15897.983713999998	15901.37085			1.0	2.0	0.0	3.0					
15910.102	5.408999999999651	trials	6.0	15911.662402999998	15913.454270999999			15909.499483999998	15913.448546999998			1.0		0.0	2.0					
15917.526	49.38999999999942	trials	6.0	15961.812224999998	15963.714971	15966.611222999998	15966.876213999998	15960.823667999999	15965.179213999998			1.0	2.0	0.0	3.0					
15968.971	8.335000000000946	trials	6.0	15970.807438999998	15972.370649999999	15975.460124999998	15975.785444	15968.9363	15973.862753	15976.131	15977.306	1.0	2.0	1.0	1.0					
15980.371	8.985000000000582	trials	6.0	15984.667997999999	15985.876337999998	15988.088112999998	15988.131236	15983.673019999998	15987.174387			1.0	2.0	0.0	3.0					
15991.421	9.55999999999949	trials	6.0	15993.922685	15995.744604	15998.772426	15999.232939999998	15993.247684999998	15997.790369999999	15999.741	16000.981	1.0	1.0	1.0	1.0					
16004.022	8.278999999998632	trials	6.0	16007.637686999999	16009.451914999998			16006.793155999998	16009.447536999998	16011.131	16012.301	2.0		1.0	1.0					
16015.361	9.0049999999992	trials	6.0	16019.312957999999	16021.124741	16023.064360999999	16024.377391999999	16018.338686	16022.329128			1.0	1.0	0.0	3.0					
16026.426	8.480000000001382	trials	6.0	16030.552758999998	16031.843184			16029.904069999999	16032.639990999998			2.0		1.0	1.0					
16037.376	9.469999999999345	trials	6.0	16042.083434999999	16043.679688999999			16041.281249999998	16044.374928	16046.231	16046.846	2.0		1.0	1.0					
16049.925	7.519000000000233	trials	6.0	16052.623318999998	16053.999980999999	16057.072586999999	16057.436405999999	16052.061328999998	16056.020278999998			1.0	1.0	0.0	3.0					
16061.401	7.639999999999418	trials	6.0	16064.767928	16066.019615	16068.317212999998	16069.048995	16064.177882999998	16067.610372			1.0	2.0	0.0	3.0					
16070.676	8.65899999999965	trials	6.0	16075.058159999999	16077.014204			16074.058457	16077.126776			2.0		1.0	1.0					
16083.786	8.334999999999127	trials	6.0	16086.108153	16087.125424999998	16090.521356	16090.959206	16085.53832	16089.718633999999			1.0	2.0	0.0	3.0					
16094.846	6.390999999999622	trials	6.0	16096.723456999998	16098.432315999999			16092.129678999998	16099.039856			2.0		1.0	1.0					
16104.751	7.674999999999272	trials	6.0	16108.008735	16109.859824	16111.886438	16112.434559999998	16107.148597999998	16110.971405999999			1.0	1.0	0.0	3.0					
16114.256	10.23700000000099	trials	6.0	16117.443140999998	16119.215406	16121.913218999998	16122.249230999998	16116.449418999999	16120.171148999998	16122.549	16124.493	1.0	2.0	1.0	1.0					
16128.391	7.319999999999709	trials	6.0	16130.643493	16132.350235999998	16133.634340999999	16133.865698999998	16129.808615999998	16132.990736999998	16134.281	16135.711	1.0	2.0	1.0	1.0					
16137.731	10.364999999999782	trials	6.0	16141.599004	16142.876508	16145.526140999998	16145.849545	16141.089709999998	16144.330992	16146.441	16148.096	1.0	2.0	1.0	1.0					
16152.156	8.419999999998254	trials	6.0	16155.028930999999	16156.976781	16158.387447	16158.695714	16154.172041999998	16157.698993999998	16159.181	16160.576	1.0	2.0	1.0	1.0					
16164.639	5.522000000000844	trials	6.0	16166.554091999998	16167.831617999998	16169.685893999998	16170.171851	16166.021055	16168.957633999999			1.0	1.0	0.0	3.0					
16172.011	10.661000000000058	trials	6.0	16179.244415	16181.215721999999	16182.344030999999	16182.682510999999	16178.648309999999	16181.629415			1.0	2.0	0.0	3.0					
16186.701	8.885000000000218	trials	6.0	16188.978915	16190.560612999998	16193.480534999999	16193.695807999999	16188.039652999998	16192.790480999998	16194.246	16195.586	1.0	2.0	1.0	1.0					
16197.632	10.154000000000451	trials	6.0	16204.153934999998	16205.341986999998	16207.189702	16207.795232999999	16203.150212999999	16206.432894999998			1.0	1.0	0.0	3.0					
16209.511	7.244999999998981	trials	6.0	16211.903685	16213.438800999998	16216.095806	16216.765496999999	16211.099017999999	16215.391688999998			1.0	2.0	0.0	3.0					
16220.416	18.155000000000655	trials	6.0	16226.299700999998	16227.606215999998	16235.900963999999	16236.298949999999	16225.460046999999	16227.697922	16236.641	16238.571	1.0	2.0	1.0	1.0					
16240.597	9.78900000000067	trials	6.0	16245.994896999999	16247.112555	16248.335786999998	16248.586685999999	16245.287941999999	16247.668301999998	16249.106	16250.386	1.0	2.0	1.0	1.0					
16252.416	10.333000000000538	trials	6.0	16256.639855999998	16257.94241	16258.799028	16259.156513999998	16255.644449999998	16257.963339999998	16259.522	16262.749	1.0	2.0	1.0	1.0					
16264.221	8.301000000001295	trials	6.0	16268.274254999998	16269.965729999998			16267.605077999999	16270.443655			2.0		1.0	1.0					
16275.056	8.959999999999127	trials	6.0	16277.096231999998	16279.086716999998	16281.852329	16282.286708	16276.586903999998	16279.910385			1.0	1.0	0.0	3.0					
16286.212	15.16400000000067	trials	6.0	16297.099750999998	16298.623807999998			16296.347048	16299.205976			2.0		1.0	1.0					
16304.915	12.140999999999622	trials	6.0	16306.600133999998	16308.458063999999	16314.601234999998	16315.064890999998	16305.79812	16309.638841999998			1.0	2.0	0.0	3.0					
16317.961	5.2630000000008295	trials	6.0	16319.590243999999	16320.796707	16322.854409999998	16323.236030999999	16317.067895999999	16321.408513999999			1.0	1.0	0.0	3.0					
16327.216	6.295000000000073	trials	6.0	16330.320130999999	16332.055816999999	16332.995674999998	16333.521909	16329.662182999999	16332.453225999998			1.0	2.0	0.0	3.0					
16336.307	19.29899999999907	trials	6.0	16352.370878999998	16353.761127999998	16355.057170999999	16355.618301999999	16351.765234999999	16354.35105			1.0	2.0	0.0	3.0					
16357.378	41.5779999999977	trials	6.0	16394.991893	16396.10847			16394.439392	16396.728678			2.0		1.0	1.0					
16402.451	12.989999999997963	trials	6.0	16407.481057999998	16409.317253999998	16412.085253999998	16412.638684999998	16406.681870999997	16410.698913			1.0	1.0	0.0	3.0					
16416.401	9.25499999999738	trials	6.0	16418.23559	16419.262456999997	16425.312203999998	16425.669098	16415.453877	16420.828286			1.0	2.0	0.0	3.0					
16429.639	12.10200000000259	trials	6.0	16433.690986999998	16434.778715999997	16438.578416999997	16439.092748	16433.049336	16437.810713			1.0	2.0	0.0	3.0					
16442.906	22.6150000000016	trials	6.0	16444.751756999998	16446.719312999998	16463.013294	16463.480904	16441.753716	16446.854937	16463.661	16465.521	1.0	2.0	1.0	1.0					
16468.593	8.71900000000096	trials	6.0	16472.171929	16473.425864999997	16475.182598	16475.708188999997	16471.489905	16474.487721999998			1.0	2.0	0.0	3.0					
16477.499	5.382000000001426	trials	6.0	16479.101861	16480.191373999998	16482.570889	16482.856002	16477.325924999997	16481.704176			1.0	1.0	0.0	3.0					
16485.891	21.4900000000016	trials	6.0	16500.471485	16502.135849	16505.454704	16505.746814	16499.665919	16502.370362999998	16506.272	16507.381	1.0	2.0	1.0	1.0					
16510.441	8.794000000001688	trials	6.0	16515.166674	16516.744959	16518.904481999998	16519.237641	16514.614062	16516.839717			1.0	2.0	0.0	3.0					
16522.272	40.21900000000096	trials	6.0	16558.118517	16559.73783			16557.286233	16560.245472			2.0		1.0	1.0					
16567.022	5.838999999999942	trials	6.0	16568.566862	16570.518884999998	16572.531111	16572.772425	16567.787645999997	16571.40425			1.0	1.0	0.0	3.0					
16576.911	24.654999999998836	trials	6.0	16590.797163	16592.165058	16599.341351	16599.860485999998	16590.005748	16593.520626999998	16600.096	16601.566	1.0	2.0	1.0	1.0					
16603.596	8.084999999999127	trials	6.0	16606.368491999998	16607.455472999998			16605.840684	16608.178173	16609.937	16611.681	2.0		1.0	1.0					
16613.742	8.09400000000096	trials	6.0	16617.407038999998	16618.519046999998			16616.410495	16619.245224	16621.006	16621.836	2.0		1.0	1.0					
16623.891	10.671000000002095	trials	6.0	16626.837395	16628.17916	16631.930898	16632.346491	16626.267185999997	16631.196250999998			1.0	1.0	0.0	3.0					
16635.556	5.06499999999869	trials	6.0	16637.297852	16638.569762			16634.577268999998	16638.558318			1.0		0.0	2.0					
16642.676	38.404999999998836	trials	6.0	16677.837935	16679.084735999997	16680.212504	16680.396022999998	16676.956974	16679.074955			1.0		0.0	2.0					
16684.097	10.29399999999805	trials	6.0	16689.994052	16691.589437			16689.320051	16692.134910999997			2.0		1.0	1.0					
16698.901	5.995999999999185	trials	6.0	16700.737547999997	16702.344055999998			16699.217687	16702.755009			2.0		1.0	1.0					
16709.396	10.340000000000146	trials	6.0	16710.968936999998	16712.871068999997			16709.673026999997	16713.391822999998			2.0		1.0	1.0					
16720.196	6.634999999998399	trials	6.0	16722.183212	16723.488056	16724.793219	16725.187237	16719.749798999997	16724.027104999997	16725.571	16726.831	1.0	2.0	1.0	1.0					
16728.856	9.575000000000728	trials	6.0	16733.954453	16736.385038999997	16737.513906	16737.654800999997	16733.249990999997	16736.380265			1.0		0.0	2.0					
16741.441	14.880000000001019	trials	6.0	16750.648341	16752.577266	16754.225983999997	16754.802473	16749.658676	16753.523982			1.0	2.0	0.0	3.0					
16758.577	5.873999999999796	trials	6.0	16761.232995	16762.456834999997			16760.398868999997	16762.449429			1.0		0.0	2.0					
16768.461	44.455000000001746	trials	6.0	16808.658629999998	16809.858866			16807.699881	16810.630458			2.0		1.0	1.0					
16817.376	5.639999999999418	trials	6.0	16819.334264999998	16820.725656	16822.609778	16823.031068	16818.254945999997	16821.773862			1.0	2.0	0.0	3.0					
16825.936	19.68499999999767	trials	6.0	16841.018694	16842.852520999997	16845.308624999998	16848.733207999998	16840.042232	16844.581918			1.0	1.0	0.0	3.0					
16848.677	6.470000000001164	trials	6.0	16851.448499	16853.231273999998	16854.823607	16855.030236	16850.868245999998	16853.813819			1.0	2.0	0.0	3.0					
16857.172	8.884000000001834	trials	6.0	16862.059317	16863.275553			16861.085733	16863.730848	16865.381	16866.056	2.0		1.0	1.0					
16870.121	6.540000000000873	trials	6.0	16872.439304	16874.118305	16875.920449999998	16876.678665	16871.717264	16874.607985			1.0	1.0	0.0	3.0					
16879.253	12.742999999998574	trials	6.0	16887.648986	16889.404743	16891.425561	16892.011848	16886.979411	16890.793483999998			1.0	2.0	0.0	3.0					
16894.741	6.164999999997235	trials	6.0	16896.429579	16897.7312	16900.517669999997	16900.922928	16895.780695999998	16899.494091			1.0	1.0	0.0	3.0					
16902.846	19.784999999999854	trials	6.0	16919.474712	16921.314566999998	16922.328806999998	16922.644570999997	16918.507367	16921.747001			1.0	2.0	0.0	3.0					
16924.641	6.145000000000437	trials	6.0	16926.759702	16928.610885	16930.284401999997	16930.80201	16925.834483	16929.506363			1.0	1.0	0.0	3.0					
16933.627	21.41899999999805	trials	6.0	16949.260565999997	16950.534572999997	16952.952359	16953.372579	16948.559710999998	16952.17374	16953.562	16955.046	1.0	2.0	1.0	1.0					
16958.116	11.94999999999709	trials	6.0	16964.534518999997	16966.071626999998	16967.595584	16967.856116	16963.549360999998	16966.906307999998	16968.266	16970.066	1.0	2.0	1.0	1.0					
16972.119	8.822000000000116	trials	6.0	16976.640446999998	16978.248205	16980.03576	16980.592871999997	16975.726715999997	16979.196309			1.0	2.0	0.0	3.0					
16982.362	31.568999999999505	trials	6.0	16983.976413	16985.365608	17012.757115999997	17013.877101	16982.436627	16986.355589			1.0	2.0	0.0	3.0					
17017.113	12.768000000000029	trials	6.0	17020.150079	17021.311671	17027.270506999997	17027.780085	17019.148655999998	17021.477135999998	17027.956	17029.881	1.0	2.0	1.0	1.0					
17031.934	8.066999999999098	trials	6.0	17035.435450999998	17037.254657999998			17034.874464	17037.810639			2.0		1.0	1.0					
17044.562	7.823999999996886	trials	6.0	17049.140675	17050.958771999998	17052.006174	17052.401034	17048.611599	17051.244623			1.0	1.0	0.0	3.0					
17055.321	10.201000000000931	trials	6.0	17061.457193	17063.451878	17064.408475999997	17065.537548	17060.601318999998	17063.558511			1.0	2.0	0.0	3.0					
17068.772	22.91899999999805	trials	6.0	17086.33206	17087.893598			17085.337943	17088.799529	17090.581	17091.691	2.0		1.0	1.0					
17094.712	8.394000000000233	trials	6.0	17099.739154	17101.401406999998	17102.449158	17103.125148	17098.920086	17101.73322			1.0	2.0	0.0	3.0					
17105.81	11.291999999997643	trials	6.0	17113.02579	17114.057661			17112.136787	17114.860821			2.0		1.0	1.0					
17120.626	7.630000000001019	trials	6.0	17123.195648999998	17124.577331999997	17126.010716999997	17126.267181	17122.310271	17125.273439999997	17126.801	17128.256	1.0	2.0	1.0	1.0					
17130.311	8.501000000000204	trials	6.0	17134.285841999998	17135.810621999997			17133.562759999997	17136.602327			2.0		1.0	1.0					
17142.387	6.46900000000096	trials	6.0	17144.826027	17146.038041			17143.941659	17146.591153999998			2.0		1.0	1.0					
17153.307	19.318999999999505	trials	6.0	17168.886587999998	17170.648589	17171.997575999998	17172.641702999998	17167.960106	17171.186088			1.0	2.0	0.0	3.0					
17174.361	16.6349999999984	trials	6.0	17185.001839999997	17186.909993999998	17189.106741	17189.324828999997	17184.396641	17188.260425	17189.701	17190.996	1.0	2.0	1.0	1.0					
17195.1	3.6810000000004948	trials	6.0	17196.681813	17196.792842			17196.085823999998	17196.782979			1.0		0.0	2.0					
17200.791	30.00499999999738	trials	6.0	17225.632601999998	17227.045093999997	17228.496467999998	17228.794109	17224.907404999998	17227.835517	17229.221	17230.796	1.0	2.0	1.0	1.0					
17233.856	7.865000000001601	trials	6.0	17237.132698999998	17239.141559			17236.185299999997	17239.465324999997			2.0		1.0	1.0					
17245.161	7.630000000001019	trials	6.0	17247.047271	17248.688471999998	17250.599145	17250.866245999998	17245.869092999998	17249.244267	17251.272	17252.791	1.0	2.0	1.0	1.0					
17254.861	39.465000000000146	trials	6.0	17263.451751	17265.408314	17291.974643999998	17292.336668	17262.645559999997	17266.109783	17292.756	17294.326	1.0	2.0	1.0	1.0					
17296.403	418.38800000000265	BlockDesign														1.0	993.0	1021.0	50.0	90.0
17296.403	8.552999999999884	trials	7.0	17299.467696	17301.462250999997	17302.747252999998	17303.0252	17298.788237999997	17302.011919999997	17303.411	17304.956	1.0	2.0	1.0	1.0					
17308.977	17.994000000002416	trials	7.0	17321.532645	17323.341773			17320.725698	17323.783649999998	17325.647	17326.971	2.0		1.0	1.0					
17329.991	9.5099999999984	trials	7.0	17333.392843999998	17335.343698999997	17337.176427	17337.497129	17332.633259	17336.339122999998	17337.876	17339.501	1.0	2.0	1.0	1.0					
17342.546	9.64100000000326	trials	7.0	17346.249452	17347.33503	17348.899812	17349.111944	17345.436020999998	17348.254928	17349.496	17352.187	1.0	2.0	1.0	1.0					
17355.304	23.766999999999825	trials	7.0	17374.412581999997	17375.890214	17376.850058999997	17377.161288	17373.422033	17376.007168999997	17377.466	17379.071	1.0	2.0	1.0	1.0					
17382.102	7.75	trials	7.0	17384.678447	17386.086249	17387.532378	17387.929446	17383.916844	17386.81915	17388.291	17389.852	1.0	2.0	1.0	1.0					
17393.876	12.595000000001164	trials	7.0	17397.478311	17398.835125999998	17404.010613	17404.396856	17396.562297999997	17399.598261	17404.711	17406.471	1.0	2.0	1.0	1.0					
17410.593	6.273000000001048	trials	7.0	17412.959692999997	17414.649806999998	17416.272892999998	17416.886111	17412.327125	17415.601475			1.0	2.0	0.0	3.0					
17418.602	5.420000000001892	trials	7.0	17420.518127	17422.33645	17423.523956999998	17424.037774999997	17419.366716999997	17422.329265			1.0	1.0	0.0	3.0					
17426.881	13.84599999999773	trials	7.0	17435.924066	17437.610145	17438.579993	17438.851649999997	17435.263841	17437.934065999998	17439.291	17440.727	1.0	2.0	1.0	1.0					
17442.766	8.822000000000116	trials	7.0	17448.648543	17449.550999			17447.839193	17449.537691999998			1.0		0.0	2.0					
17454.641	30.424999999999272	trials	7.0	17478.113311999998	17479.431429			17477.539139	17479.420918			2.0		0.0	2.0					
17485.483	11.63300000000163	trials	7.0	17493.568886999998	17495.065842	17496.107686	17496.553321	17492.795381	17495.060921999997			1.0		0.0	2.0					
17501.127	25.493999999998778	trials	7.0	17521.228832	17522.846140999998	17524.06904	17524.522233	17520.414580999997	17523.388532999998	17524.816	17526.621	1.0	2.0	1.0	1.0					
17529.641	6.31000000000131	trials	7.0	17532.179530999998	17533.962650999998	17535.811745	17535.912056999998	17531.47623	17533.959305999997			1.0		0.0	2.0					
17538.961	23.775000000001455	trials	7.0	17557.604387	17559.476633	17562.432356999998	17562.628026	17557.078432	17559.966818999997			1.0	1.0	0.0	3.0					
17564.741	12.649999999997817	trials	7.0	17572.559627	17573.8422	17574.912967999997	17575.241923999998	17571.612536	17574.269304999998	17575.647	17577.391	1.0	2.0	1.0	1.0					
17579.426	8.471000000001368	trials	7.0	17583.795744	17585.649890999997			17582.890037999998	17585.690766			2.0		1.0	1.0					
17592.421	8.145000000000437	trials	7.0	17595.48433	17596.940124	17598.114783999998	17598.517853999998	17594.558397	17597.447955	17598.876	17600.566	1.0	2.0	1.0	1.0					
17602.586	8.6150000000016	trials	7.0	17606.654564999997	17608.206516			17605.85807	17608.967094			2.0		1.0	1.0					
17613.731	9.474999999998545	trials	7.0	17616.574525999997	17618.133568999998	17620.180044	17620.506719999998	17615.988322999998	17619.431532	17620.876	17623.206	1.0	2.0	1.0	1.0					
17626.267	9.259000000001834	trials	7.0	17629.445090999998	17631.371393999998	17632.792062	17633.118252	17628.681921	17631.949135	17633.562	17635.526	1.0	2.0	1.0	1.0					
17639.586	6.235000000000582	trials	7.0	17641.574868	17643.473931			17640.712174	17643.55767			2.0		1.0	1.0					
17650.352	10.134000000001834	trials	7.0	17655.22513	17656.451438999997	17657.943723	17658.366294	17654.286416	17657.202988999998	17658.701	17660.486	1.0	2.0	1.0	1.0					
17662.516	6.654999999998836	trials	7.0	17665.650040999997	17667.128441			17665.082118	17667.122271			2.0		0.0	2.0					
17671.186	10.784999999999854	trials	7.0	17673.164553	17674.70154	17679.894698999997	17680.421217	17672.001863999998	17675.852822			1.0	2.0	0.0	3.0					
17683.236	6.434999999997672	trials	7.0	17684.970609	17686.056961	17687.166523	17687.456287999998	17681.993601	17686.449815	17687.911	17689.671	1.0	2.0	1.0	1.0					
17693.691	7.815000000002328	trials	7.0	17696.141427	17697.878020999997	17698.995965	17699.23941	17695.312152	17697.940194	17699.731	17701.506	1.0	2.0	1.0	1.0					
17703.571	11.220000000001164	trials	7.0	17708.720890999997	17710.925666	17712.260925	17712.702716	17707.980797999997	17711.578274	17712.956	17714.791	1.0	2.0	1.0	1.0					
17718.932	1127.8639999999978	BlockDesign														1.0	1022.0	1102.0	90.0	50.0
17718.932	8.28900000000067	trials	8.0	17720.954898	17722.913669999998	17724.346298999997	17724.846842	17720.155451	17723.554193	17725.126	17727.221	1.0	2.0	1.0	1.0					
17729.271	24.955999999998312	trials	8.0	17749.176416	17750.842824			17748.580900999998	17750.943404999998	17752.751	17754.227	2.0		1.0	1.0					
17757.276	31.25499999999738	trials	8.0	17784.365598	17785.728202			17783.484689999997	17786.329635			2.0		1.0	1.0					
17791.056	7.309000000001106	trials	8.0	17795.231583	17796.329121	17797.362954	17797.909461	17794.245596999997	17796.319562999997			1.0		0.0	2.0					
17802.423	88.87800000000061	trials	8.0	17886.338021	17887.528328	17888.762092999998	17889.208797	17885.594562	17888.084951999997	17889.431	17891.301	1.0	2.0	1.0	1.0					
17895.266	11.790000000000873	trials	8.0	17900.897219	17902.402667	17905.081459999998	17905.223834999997	17900.181128999997	17902.955852	17905.846	17907.056	1.0	1.0	1.0	1.0					
17910.866	7.149999999997817	trials	8.0	17913.642222	17915.175515	17916.153176	17916.440435999997	17912.645331	17915.171707999998			1.0		0.0	2.0					
17920.171	4.1010000000023865	trials	8.0	17922.081785	17922.224162	17923.122121	17923.379414	17918.037506999997	17922.218781			1.0		0.0	2.0					
17927.33	10.021999999997206	trials	8.0	17932.862149999997	17934.795093			17932.355816	17935.137251			2.0		1.0	1.0					
17941.856	7.389999999999418	trials	8.0	17945.082309999998	17946.903918			17944.386071999998	17947.074392			2.0		1.0	1.0					
17951.661	9.419999999998254	trials	8.0	17956.557729	17958.488212999997			17955.828975999997	17958.810386999998			2.0		1.0	1.0					
17964.522	7.109000000000378	trials	8.0	17966.682440999997	17967.885469	17971.172679	17971.654351999998	17966.027245999998	17970.357395			1.0	2.0	0.0	3.0					
17973.481	11.610000000000582	trials	8.0	17979.027521	17980.205302	17983.138070999998	17983.329202999998	17978.361002999998	17980.778387	17983.841	17985.091	1.0	1.0	1.0	1.0					
17988.031	7.856999999999971	trials	8.0	17992.173446	17994.062287999997	17995.517	17995.870609999998	17991.505396999997	17994.73257			1.0	2.0	0.0	3.0					
17997.881	5.930000000000291	trials	8.0	18000.214554	18001.739502999997	18002.692679	18003.832371999997	17999.329017	18001.736685			1.0		0.0	2.0					
18006.791	6.4099999999998545	trials	8.0	18009.742468999997	18011.159319			18009.198321	18011.154485			1.0		0.0	2.0					
18017.256	10.399999999997817	trials	8.0	18023.468028	18024.666981			18022.853033	18025.596697999998			2.0		1.0	1.0					
18032.171	7.460000000002765	trials	8.0	18034.237577	18035.591823	18037.514075	18037.709402	18033.417566	18036.664791	18038.316	18039.631	1.0	1.0	1.0	1.0					
18043.676	7.450000000000728	trials	8.0	18046.827809	18048.006038	18049.000962	18049.275702	18045.827018	18048.357891	18049.687	18051.126	1.0	2.0	1.0	1.0					
18053.196	9.186000000001513	trials	8.0	18058.428672	18060.396205999998			18057.586119	18060.391587			1.0		0.0	2.0					
18064.391	12.881000000001222	trials	8.0	18073.089487999998	18074.845343999998	18076.559382	18076.906853	18072.435730999998	18075.555947			1.0	2.0	0.0	3.0					
18079.876	19.604999999999563	trials	8.0	18095.263595999997	18096.618168999998	18097.718547999997	18097.867584	18094.726773	18097.206148999998	18098.371	18099.481	1.0	1.0	1.0	1.0					
18102.506	8.489999999997963	trials	8.0	18105.843595	18107.490284	18108.671393999997	18109.117581	18105.024813999997	18107.992499	18109.329	18110.996	1.0	1.0	1.0	1.0					
18114.036	7.229999999999563	trials	8.0	18118.078037	18119.28081	18120.010417999998	18120.102852	18117.304046999998	18119.268388999997			1.0		0.0	2.0					
18123.276	11.06499999999869	trials	8.0	18130.188527	18131.250097999997	18132.24585	18132.527024	18129.275740999998	18131.63673	18126.911	18134.341	1.0	2.0	1.0	1.0					
18136.441	8.944999999999709	trials	8.0	18141.540236	18143.451791	18144.711958	18145.409351	18140.774311999998	18143.99661			1.0	2.0	0.0	3.0					
18148.024	9.171999999998661	trials	8.0	18152.755468	18154.456566			18151.773149999997	18154.966458			2.0		1.0	1.0					
18161.721	5.614999999997963	trials	8.0	18163.684056	18165.010886	18166.878219	18167.158790999998	18162.852359999997	18165.609109999998			1.0	1.0	0.0	3.0					
18169.232	8.848999999998341	trials	8.0	18172.613884	18174.592076999998	18175.940921999998	18176.278821	18171.733325999998	18175.156464	18176.586	18178.081	1.0	2.0	1.0	1.0					
18180.156	10.031000000002678	trials	8.0	18184.724672999997	18186.571635	18187.934065999998	18188.414457	18183.873894	18187.312724			1.0	2.0	0.0	3.0					
18192.326	7.009999999998399	trials	8.0	18194.109281999998	18195.947240999998	18197.14116	18197.335360999998	18190.212090999998	18196.411286	18197.897	18199.336	1.0	1.0	1.0	1.0					
18202.356	12.43500000000131	trials	8.0	18205.764424999998	18207.532586999998	18212.108980999998	18212.319645	18205.040772	18210.804407	18212.826	18214.791	1.0	1.0	1.0	1.0					
18216.396	20.251000000000204	trials	8.0	18221.059871999998	18222.234759	18234.50531	18234.788921	18220.362041	18223.528668	18235.046	18236.647	1.0	1.0	1.0	1.0					
18239.706	7.231000000003405	trials	8.0	18242.750078999998	18243.896351			18242.091764999997	18244.811562			2.0		1.0	1.0					
18249.518	8.558000000000902	trials	8.0	18251.999455999998	18253.904763	18255.997664	18256.232193	18251.492027	18255.058328	18256.671	18258.076	1.0	1.0	1.0	1.0					
18262.151	5.661000000000058	trials	8.0	18264.649607	18266.091308	18267.503664	18267.826223999997	18264.033741	18266.750234			1.0	2.0	0.0	3.0					
18270.852	7.5790000000015425	trials	8.0	18273.034517	18274.150883			18272.170673	18274.872002	18276.576	18278.431	2.0		1.0	1.0					
18281.491	10.32499999999709	trials	8.0	18285.466270999998	18287.110875			18284.731871	18287.622041	18289.511	18291.816	2.0		1.0	1.0					
18294.866	8.549999999999272	trials	8.0	18298.560186	18299.780674999998	18300.865232999997	18301.135147999998	18297.897893999998	18300.175773	18301.721	18303.416	1.0	2.0	1.0	1.0					
18305.437	13.639999999999418	trials	8.0	18312.430482	18314.032085			18311.922623	18314.026488			2.0		0.0	2.0					
18320.034	8.192999999999302	trials	8.0	18322.080298	18322.262746	18323.730548	18323.942786	18319.101183	18322.255694			1.0		0.0	2.0					
18328.306	25.34100000000035	trials	8.0	18348.41004	18349.486975	18351.512807	18351.704956999998	18347.658809	18350.244108	18352.136	18353.647	1.0	2.0	1.0	1.0					
18357.712	7.234000000000378	trials	8.0	18359.915096999997	18361.341966	18362.336	18362.651	18359.321482	18361.782195	18363.126	18364.946	1.0	2.0	1.0	1.0					
18366.961	9.485000000000582	trials	8.0	18370.475634000002	18371.792564	18373.467616	18373.893001	18369.509448	18372.710154	18374.141	18376.446	1.0	2.0	1.0	1.0					
18378.463	8.451000000000931	trials	8.0	18382.211206	18383.310261000002	18385.096361	18385.610587	18381.373231	18384.279352			1.0	2.0	0.0	3.0					
18387.421	7.545000000001892	trials	8.0	18389.395611	18391.147399	18392.531713	18392.796934	18386.914	18391.710222	18393.321	18394.966	1.0	1.0	1.0	1.0					
18398.002	6.824000000000524	trials	8.0	18401.166283000002	18402.673047	18404.225131	18404.493127	18400.453244	18403.389226			1.0	2.0	0.0	3.0					
18406.646	7.380000000001019	trials	8.0	18408.357799	18409.82311	18411.526965	18411.814828000002	18406.829926000002	18410.771278	18412.216	18414.026	1.0	1.0	1.0	1.0					
18418.046	7.030000000002474	trials	8.0	18420.168344	18421.655449	18423.210067	18423.565404	18419.563567	18422.385103			1.0	2.0	0.0	3.0					
18426.566	11.130000000001019	trials	8.0	18428.546752000002	18430.418091			18425.077942	18431.038524			2.0		1.0	1.0					
18437.752	8.763999999999214	trials	8.0	18439.646218	18441.275224	18442.532406000002	18442.845956	18437.699839	18441.749770000002	18443.296	18446.516	1.0	1.0	1.0	1.0					
18449.541	9.099999999998545	trials	8.0	18454.042188	18455.390989	18456.551833	18457.004793	18453.050808	18455.834808			1.0	2.0	0.0	3.0					
18458.932	6.263999999999214	trials	8.0	18460.568077	18462.017523000002	18463.041415	18463.32574	18458.643576000002	18462.393643	18463.727	18465.196	1.0	1.0	1.0	1.0					
18469.252	6.71900000000096	trials	8.0	18471.572122	18473.607421			18470.816242	18473.641843			2.0		1.0	1.0					
18478.391	9.18500000000131	trials	8.0	18481.832904	18483.72321			18481.064017	18484.442841	18486.331	18487.576	2.0		1.0	1.0					
18489.596	8.704999999998108	trials	8.0	18492.971788	18494.203315			18492.181305000002	18494.894832	18496.841	18498.301	2.0		1.0	1.0					
18501.331	8.410000000003492	trials	8.0	18504.166787000002	18506.112421	18507.603973	18507.9685	18503.310975	18506.741638	18508.466	18509.741	1.0	1.0	1.0	1.0					
18513.806	7.06499999999869	trials	8.0	18516.142021	18517.737224			18515.190307	18518.259675	18520.221	18520.871	2.0		1.0	1.0					
18522.891	10.171000000002095	trials	8.0	18527.097888	18528.967275	18530.212341000002	18530.616138	18526.368112	18529.470690000002	18530.881	18533.062	1.0	1.0	1.0	1.0					
18537.111	9.184999999997672	trials	8.0	18541.623519	18543.173856			18540.845187	18543.947157000002			2.0		1.0	1.0					
18549.756	6.959999999999127	trials	8.0	18551.862454000002	18553.05659	18554.442514000002	18554.799028	18551.067388	18553.826971000002	18555.306	18556.716	1.0	1.0	1.0	1.0					
18558.777	10.24500000000262	trials	8.0	18565.483905	18566.969001			18564.713305	18566.96371			1.0		0.0	2.0					
18571.056	11.71600000000035	trials	8.0	18579.484282	18580.769238	18581.665365	18581.891175	18578.603404	18580.764443			1.0		0.0	2.0					
18586.826	20.409999999999854	trials	8.0	18603.472293	18605.184246			18602.754603	18605.179383000002			2.0		0.0	2.0					
18611.256	9.840000000000146	trials	8.0	18617.827909	18619.305984000002	18620.519443	18621.097324000002	18616.888030000002	18619.897408			1.0	2.0	0.0	3.0					
18623.852	13.704000000001543	trials	8.0	18634.574046	18636.039775	18637.175323	18637.528332	18633.638013	18636.537508			1.0	2.0	0.0	3.0					
18641.547	6.419000000001688	trials	8.0	18643.928166	18645.173218	18645.954405	18646.275211	18643.157013	18645.232677	18646.631	18647.966	1.0	1.0	1.0	1.0					
18651.022	9.019000000000233	trials	8.0	18654.654454	18656.026346000002	18658.179475	18658.379695	18653.81002	18657.519337	18658.891	18660.041	1.0	2.0	1.0	1.0					
18663.106	8.729999999999563	trials	8.0	18666.863874000002	18667.979418	18669.233085	18669.604278	18665.880573000002	18668.644041	18669.946	18671.836	1.0	1.0	1.0	1.0					
18674.945	9.661000000000058	trials	8.0	18678.758277	18680.160165	18682.151152000002	18682.507662	18677.837332	18681.40723	18682.836	18684.606	1.0	1.0	1.0	1.0					
18686.651	9.819999999999709	trials	8.0	18690.723256	18692.611800000002	18693.881264	18694.34601	18690.137473	18693.312004	18694.551	18696.471	1.0	1.0	1.0	1.0					
18700.491	8.264999999999418	trials	8.0	18702.838195	18704.128752	18705.703036	18706.193991	18702.234771	18705.014584	18706.411	18708.756	1.0	1.0	1.0	1.0					
18712.821	7.5900000000001455	trials	8.0	18714.683275	18716.598109000002	18717.95631	18718.241224	18713.455503	18717.31434	18718.606	18720.411	1.0	1.0	1.0	1.0					
18723.5	36.97100000000137	trials	8.0	18755.579410000002	18757.254918000002	18758.142355	18758.536165	18754.990615000002	18757.716331	18758.866	18760.471	1.0	1.0	1.0	1.0					
18763.496	5.1599999999998545	trials	8.0	18765.945511	18766.987105	18768.112147	18768.660604	18765.326324	18767.528642			1.0	1.0	0.0	3.0					
18770.446	4.509999999998399	trials	8.0	18772.043962	18772.951201			18770.641524000002	18772.945714			1.0		0.0	2.0					
18776.987	14.075000000000728	trials	8.0	18787.343707	18789.041482			18786.789715	18789.029979			1.0		0.0	2.0					
18794.11	16.09100000000035	trials	8.0	18804.789155000002	18806.751102000002	18808.135482	18808.330378000002	18804.175497	18807.575335	18808.961	18810.201	1.0	1.0	1.0	1.0					
18812.286	8.779999999998836	trials	8.0	18816.084583	18818.060998	18818.748397	18819.129058000002	18815.270169	18818.210512	18819.437	18821.066	1.0	1.0	1.0	1.0					
18825.173	11.183000000000902	trials	8.0	18832.263981	18833.796409000002			18831.255522	18834.233650000002			2.0		1.0	1.0					
18839.816	6.979999999999563	trials	8.0	18841.544719	18843.076569	18844.580028	18844.90741	18840.876715000002	18843.801493	18845.251	18846.796	1.0	1.0	1.0	1.0					
18848.822	758.9789999999994	BlockDesign														1.0	1103.0	1151.0	50.0	10.0
18848.822	30.40899999999965	trials	9.0	18873.16972	18875.083176	18876.618736	18876.842683	18872.512773000002	18875.937496000002	18877.431	18879.231	1.0	1.0	1.0	1.0					
18883.248	5.44800000000032	trials	9.0	18885.071288	18886.626711			18884.162841	18886.6205			2.0		0.0	2.0					
18892.751	9.8650000000016	trials	9.0	18896.486386	18897.796542			18895.775722000002	18899.155580000002	18901.011	18902.616	2.0		1.0	1.0					
18905.661	7.18500000000131	trials	9.0	18907.96504	18909.517266			18907.242151000002	18910.091047	18912.011	18912.846	2.0		1.0	1.0					
18915.87	5.7960000000020955	trials	9.0	18918.559917000002	18919.982343	18921.341951000002	18921.630258	18917.655483000002	18920.697688			1.0	1.0	0.0	3.0					
18923.676	8.175999999999476	trials	9.0	18928.045095	18929.214319	18931.528333000002	18931.718502	18927.380107	18930.375043			1.0	2.0	0.0	3.0					
18933.861	7.656999999999243	trials	9.0	18938.281557000002	18939.988278	18941.181107	18941.514492000002	18937.566987000002	18940.462425			1.0	1.0	0.0	3.0					
18944.561	14.474999999998545	trials	9.0	18954.656544	18956.466166000002			18953.934976	18956.876575000002			2.0		1.0	1.0					
18963.512	4.664000000000669	trials	9.0	18965.080666	18966.668448	18967.713156	18968.183928000002	18964.253994	18967.114924			1.0	1.0	0.0	3.0					
18972.061	5.209999999999127	trials	9.0	18974.545664	18975.267158000002			18973.700548	18975.256390000002			1.0		0.0	2.0					
18980.327	10.188999999998487	trials	9.0	18985.625898000002	18987.228575	18989.825524	18989.887621	18985.076365	18988.95036			1.0	2.0	0.0	3.0					
18993.161	22.665000000000873	trials	9.0	19012.385594	19013.767272			19011.621851	19013.764471000002			1.0		0.0	2.0					
19019.881	25.02299999999741	trials	9.0	19040.400748	19041.706084	19042.957858	19043.183283000002	19039.819567000002	19042.356115000002	19043.576	19044.904	1.0	1.0	1.0	1.0					
19048.926	10.096000000001368	trials	9.0	19055.975918	19057.834709000002	19058.762791	19058.993845	19055.237905	19058.121446			1.0	2.0	0.0	3.0					
19061.036	14.486000000000786	trials	9.0	19066.947756	19068.076441	19074.917937000002	19075.528669	19066.115499	19069.233183			1.0	2.0	0.0	3.0					
19078.251	16.186000000001513	trials	9.0	19083.271089	19085.217894	19093.805074	19094.446202	19082.401339	19085.826654			1.0	1.0	0.0	3.0					
19096.133	15.652999999998428	trials	9.0	19105.426594	19107.473718			19104.825655	19107.843598	19109.776	19111.786	2.0		1.0	1.0					
19115.806	8.239999999997963	trials	9.0	19118.401051	19120.017881	19122.163234	19122.343615	19117.84592	19121.431006	19122.852	19124.046	1.0	1.0	1.0	1.0					
19128.071	9.5	trials	9.0	19132.68667	19134.622602	19135.898253	19136.168745	19132.175293	19135.113346000002			1.0	2.0	0.0	3.0					
19139.233	12.293000000001484	trials	9.0	19141.006805	19142.490325	19147.187199	19147.401181	19137.580171	19146.277213	19147.881	19151.526	1.0	1.0	1.0	1.0					
19153.591	12.525000000001455	trials	9.0	19160.59714	19161.739938	19165.588200000002	19166.047209	19159.672604	19163.635808			1.0	1.0	0.0	3.0					
19168.171	30.51600000000326	trials	9.0	19194.950395	19196.843949000002	19198.373667	19198.666545	19194.152935000002	19197.62537			1.0	1.0	0.0	3.0					
19201.697	29.568999999999505	trials	9.0	19226.472196000002	19228.283023			19225.736077	19228.624623	19230.456	19231.266	2.0		1.0	1.0					
19234.376	8.704999999998108	trials	9.0	19237.372453	19239.405588	19240.921517000002	19241.136754	19236.669214	19240.242628	19241.591	19243.081	1.0	1.0	1.0	1.0					
19245.111	9.784999999999854	trials	9.0	19249.713109	19251.594338	19254.584656	19254.809578	19248.950583	19253.89728			1.0	1.0	0.0	3.0					
19256.906	11.772000000000844	trials	9.0	19261.507504	19262.643923	19266.102870000002	19266.430813	19260.818106	19265.396838	19266.901	19268.678	1.0	1.0	1.0	1.0					
19271.701	10.570999999999913	trials	9.0	19276.533599000002	19278.434446			19275.719764	19278.920698	19280.736	19282.272	2.0		1.0	1.0					
19284.292	9.520000000000437	trials	9.0	19289.187519	19290.689119000002	19293.497608	19293.795958000002	19288.214185	19291.524433000002			1.0	1.0	0.0	3.0					
19296.822	6.794000000001688	trials	9.0	19300.168366	19302.196249	19303.29359	19303.527873	19299.433043	19302.271765			1.0	2.0	0.0	3.0					
19306.666	18.825000000000728	trials	9.0	19321.513003	19322.91391			19320.68628	19323.311211			2.0		1.0	1.0					
19327.951	7.854999999999563	trials	9.0	19331.982909000002	19333.070448000002	19335.48316	19335.805304	19331.060493	19334.821656			1.0	1.0	0.0	3.0					
19337.846	7.625	trials	9.0	19341.09334	19342.915689			19340.286367	19343.395668			2.0		1.0	1.0					
19348.031	11.260000000002037	trials	9.0	19353.937944	19355.8276			19353.390988	19356.443047	19358.261	19359.291	2.0		1.0	1.0					
19361.331	11.970000000001164	trials	9.0	19367.089153	19368.513034	19371.269029	19371.466995000002	19366.489668000002	19370.29482	19371.956	19373.301	1.0	1.0	1.0	1.0					
19377.366	12.53099999999904	trials	9.0	19383.668731	19385.069926	19388.282166	19388.502871	19382.953723000002	19386.954964			1.0	2.0	0.0	3.0					
19392.612	4.673999999999069	trials	9.0	19394.378842000002	19395.284972			19389.908094000002	19395.277038			1.0		0.0	2.0					
19401.316	10.218000000000757	trials	9.0	19408.59422	19410.116811	19411.156948	19411.546113	19407.656803	19410.192291			1.0	1.0	0.0	3.0					
19414.481	11.895000000000437	trials	9.0	19420.968964	19422.630781	19425.742781	19426.385967000002	19420.309788000002	19424.705905000003			1.0	1.0	0.0	3.0					
19430.076	6.639999999999418	trials	9.0	19433.503986	19434.720373			19432.86487	19434.711339			1.0		0.0	2.0					
19439.727	8.484000000000378	trials	9.0	19445.153493	19446.215368			19444.472952	19446.205425			1.0		0.0	2.0					
19452.221	25.25	trials	9.0	19474.384206000002	19476.162204	19476.969066	19477.482239	19473.684025000002	19476.337482			1.0	2.0	0.0	3.0					
19481.296	22.110000000000582	trials	9.0	19499.204494	19500.29626	19501.622191000002	19501.73893	19498.502805	19500.929208	19502.386	19503.406	1.0	1.0	1.0	1.0					
19506.472	9.223999999998341	trials	9.0	19511.884613000002	19512.905793	19515.071899000002	19515.70512	19511.264559	19514.219586			1.0	2.0	0.0	3.0					
19517.441	11.786000000000058	trials	9.0	19520.068890000002	19521.70372	19526.970257	19527.172445	19519.398799000002	19523.371396000002	19527.746	19529.227	1.0	1.0	1.0	1.0					
19532.266	10.625	trials	9.0	19538.969611	19540.789281	19542.070138	19542.899477	19538.004184	19541.450296			1.0	1.0	0.0	3.0					
19546.386	18.63600000000224	trials	9.0	19559.290409	19561.171552	19562.71732	19562.931108	19558.728379	19562.067105000002	19563.318	19565.022	1.0	1.0	1.0	1.0					
19568.077	12.083999999998923	trials	9.0	19575.889651	19577.307795			19574.991862	19577.847631			2.0		1.0	1.0					
19582.631	9.87999999999738	trials	9.0	19587.595447	19589.403384			19586.774538	19589.872862	19591.591	19592.511	2.0		1.0	1.0					
19595.536	12.264999999999418	trials	9.0	19602.71539	19603.787244	19605.531114	19605.732546	19601.936661	19604.693307	19606.286	19607.801	1.0	1.0	1.0	1.0					
19611.921	417.8100000000013	BlockDesign														1.0	1152.0	1180.0	90.0	50.0
19611.921	7.450000000000728	trials	10.0	19616.040508000002	19617.117069	19618.900821	19619.383075	19615.109219	19618.224705			1.0	1.0	0.0	3.0					
19623.282	13.079000000001543	trials	10.0	19630.790520000002	19632.624424	19634.164747000003	19634.476894	19630.210779	19633.280338	19634.977	19636.361	1.0	1.0	1.0	1.0					
19639.432	11.380000000001019	trials	10.0	19643.896119	19645.401964	19648.353717	19648.761574	19643.05453	19647.094344			1.0	2.0	0.0	3.0					
19652.681	28.25	trials	10.0	19674.415804	19676.091544	19678.752807	19678.957636	19673.47365	19678.167400000002	19679.426	19680.931	1.0	1.0	1.0	1.0					
19682.951	15.779999999998836	trials	10.0	19692.786961	19694.517426000002	19695.544964	19695.781705	19692.089148	19694.948812000002	19696.201	19698.731	1.0	1.0	1.0	1.0					
19700.752	10.78399999999965	trials	10.0	19707.320536	19709.227351			19706.606626	19709.301418			2.0		1.0	1.0					
19714.066	10.470000000001164	trials	10.0	19718.416353	19720.213910000002	19721.803008	19722.140698	19717.539709	19720.966375	19722.477	19724.536	1.0	1.0	1.0	1.0					
19727.651	11.169999999998254	trials	10.0	19732.756414	19734.155899	19736.131192	19736.461298000002	19731.781139	19735.585083	19736.866	19738.821	1.0	1.0	1.0	1.0					
19742.571	12.709999999999127	trials	10.0	19750.836378	19752.458386000002			19750.300038	19753.003735000002			2.0		1.0	1.0					
19758.736	9.399999999997817	trials	10.0	19762.796307	19764.563413	19765.749408	19766.164251000002	19761.934723000002	19765.110181	19766.491	19768.136	1.0	1.0	1.0	1.0					
19771.161	9.924999999999272	trials	10.0	19776.206792	19778.277758			19775.227789	19778.424464	19780.221	19781.086	2.0		1.0	1.0					
19783.106	9.31499999999869	trials	10.0	19786.831931	19788.798609	19790.029815	19790.40883	19786.043651	19789.357605	19790.772	19792.421	1.0	1.0	1.0	1.0					
19795.483	11.172999999998865	trials	10.0	19799.686558	19800.770182			19798.729788	19801.84242	19803.841	19806.656	2.0		1.0	1.0					
19808.051	13.150000000001455	trials	10.0	19816.087192	19817.714469000002			19815.092659	19817.702125	19819.451	19821.201	2.0		1.0	1.0					
19823.302	9.123999999999796	trials	10.0	19827.226606	19829.14159	19830.190861	19830.366073	19826.387604	19829.520121	19831.036	19832.426	1.0	1.0	1.0	1.0					
19836.532	8.334000000002561	trials	10.0	19838.926999	19840.913533	19842.394311	19842.694353	19838.241853	19841.774574	19843.116	19844.866	1.0	1.0	1.0	1.0					
19846.931	11.215000000000146	trials	10.0	19852.663771	19854.620421	19855.412070000002	19855.713265000002	19852.108446000002	19854.661068	19856.086	19858.146	1.0	1.0	1.0	1.0					
19861.716	7.654999999998836	trials	10.0	19866.119078	19867.375932	19868.100448	19868.377551	19865.184921	19867.363873000002			1.0		0.0	2.0					
19873.381	9.125	trials	10.0	19878.276162000002	19880.129122000002	19882.181848	19882.519392000002	19877.507445	19880.721864			1.0	2.0	0.0	3.0					
19885.542	7.824000000000524	trials	10.0	19888.877500000002	19890.098818000002	19891.214193	19891.401114	19888.099345000002	19890.585052000002	19891.971	19893.366	1.0	1.0	1.0	1.0					
19895.386	9.815000000002328	trials	10.0	19899.842526	19900.870581	19902.627368	19902.868588	19899.169428	19902.04333	19903.496	19905.201	1.0	1.0	1.0	1.0					
19908.272	10.688999999998487	trials	10.0	19913.482488	19915.577116	19916.423992	19916.779474	19912.879678	19915.886687000002	19917.111	19918.961	1.0	1.0	1.0	1.0					
19922.981	7.095000000001164	trials	10.0	19925.44698	19926.551103			19924.845423	19927.017613	19928.656	19930.076	2.0		1.0	1.0					
19933.102	32.689000000002125	trials	10.0	19960.587955	19961.75478	19963.144332	19963.360134000002	19959.821235	19962.405304	19963.796	19965.791	1.0	1.0	1.0	1.0					
19967.656	15.930000000000291	trials	10.0	19978.838469000002	19980.018649	19981.442834	19981.823341	19977.967066	19980.439272	19982.081	19983.586	1.0	2.0	1.0	1.0					
19986.697	8.16400000000067	trials	10.0	19989.778158	19991.389828	19992.623533	19992.998029000002	19989.185617	19992.050661	19993.336	19994.861	1.0	1.0	1.0	1.0					
19996.906	8.900000000001455	trials	10.0	20000.598897	20001.820155			19999.696693	20002.271775	20004.071	20005.806	2.0		1.0	1.0					
20009.828	8.297999999998865	trials	10.0	20011.468527	20012.715109			20010.426811	20013.279883	20015.166	20018.126	2.0		1.0	1.0					
20020.956	8.775000000001455	trials	10.0	20024.329996	20026.272100000002	20027.38441	20027.667529000002	20023.730349	20026.763319	20028.062	20029.731	1.0	1.0	1.0	1.0					
20033.806	647.4850000000006	BlockDesign														0.0	1181.0	1223.0	10.0	50.0
20033.806	4.7740000000012515	trials	11.0	20035.829677	20036.960331000002	20038.212024	20038.544995	20034.902028	20037.482337			1.0	1.0	0.0	3.0					
20041.573	12.218000000000757	trials	11.0	20049.148417	20050.921128	20053.464496	20053.795263	20048.546281	20052.682635			1.0	1.0	0.0	3.0					
20056.837	21.204000000001543	trials	11.0	20074.603737	20076.510574	20077.594198	20078.054154	20073.765877	20076.943843			1.0	1.0	0.0	3.0					
20080.966	39.00500000000102	trials	11.0	20116.464129	20117.975944			20115.610711	20117.971143000002			2.0		0.0	2.0					
20121.977	20.92000000000189	trials	11.0	20132.398884000002	20134.010746	20142.570716000002	20142.879486	20131.438818000002	20135.107662000002			1.0	1.0	0.0	3.0					
20144.951	14.56499999999869	trials	11.0	20155.738882	20157.521064			20154.904548000002	20157.510991			1.0		0.0	2.0					
20163.531	22.031000000002678	trials	11.0	20182.456254	20183.575563000002			20181.498274	20183.565859000002			1.0		0.0	2.0					
20189.576	31.43000000000029	trials	11.0	20218.304899000002	20219.012572			20217.362532	20219.009196			1.0		0.0	2.0					
20223.061	18.340000000000146	trials	11.0	20236.569808	20238.377194			20236.035342	20238.732367	20240.483	20241.401	2.0		1.0	1.0					
20244.423	6.653000000002066	trials	11.0	20247.555313	20249.333908	20250.736057000002	20251.091322	20246.632371	20250.060137			1.0	1.0	0.0	3.0					
20254.106	9.284999999999854	trials	11.0	20259.395176	20260.795702			20258.767531	20261.271565	20262.946	20263.391	2.0		1.0	1.0					
20266.443	9.88799999999901	trials	11.0	20270.371888	20271.95842	20274.280333000002	20274.726147	20269.796521	20273.556298	20275.091	20276.331	1.0	1.0	1.0	1.0					
20279.405	9.14600000000064	trials	11.0	20283.184972	20285.033610000002			20282.351062	20285.491267	20287.221	20288.551	2.0		1.0	1.0					
20290.611	8.584999999999127	trials	11.0	20295.355651	20297.40102	20298.812869	20299.213969	20294.712334	20298.024661			1.0	1.0	0.0	3.0					
20301.176	13.340000000000146	trials	11.0	20308.747361	20310.786403000002	20312.482573	20312.692969	20307.758094	20311.459173	20313.187	20314.516	1.0	2.0	1.0	1.0					
20318.536	7.595000000001164	trials	11.0	20320.815312	20322.615483	20324.241646000002	20324.639062000002	20320.092858	20323.393342			1.0	2.0	0.0	3.0					
20326.562	5.278999999998632	trials	11.0	20328.372394	20329.87357	20331.519315	20331.855681	20326.146879	20330.799432			1.0	1.0	0.0	3.0					
20335.876	14.100999999998749	trials	11.0	20344.926004	20346.120421			20344.269678	20347.053382000002	20348.852	20349.977	2.0		1.0	1.0					
20352.029	9.472000000001572	trials	11.0	20356.020813	20357.897826	20359.743636	20360.043968	20355.161604	20358.978594			1.0	2.0	0.0	3.0					
20362.061	6.526999999998225	trials	11.0	20364.055801000002	20365.373019	20368.274178	20368.563175	20361.519615	20366.945317			1.0	1.0	0.0	3.0					
20372.602	22.84900000000198	trials	11.0	20388.72594	20390.682838			20388.097096	20390.678055			2.0		0.0	2.0					
20395.732	5.088999999999942	trials	11.0	20397.615975	20399.115816	20400.490099000002	20400.839608000002	20395.468836	20399.653455			1.0	1.0	0.0	3.0					
20404.856	7.745999999999185	trials	11.0	20409.181476	20410.548562			20408.355166	20410.536067			1.0		0.0	2.0					
20414.647	10.47899999999936	trials	11.0	20418.44141	20419.85844			20417.524999	20419.848445			1.0		0.0	2.0					
20425.907	17.64900000000125	trials	11.0	20436.506728	20438.564895	20443.252621	20443.513752	20435.675895	20442.563158			1.0	1.0	0.0	3.0					
20446.564	11.377000000000407	trials	11.0	20453.340906	20454.727785	20455.945699	20456.145411	20452.658674000002	20454.865435	20456.621	20457.941	1.0	2.0	1.0	1.0					
20461.966	7.255000000001019	trials	11.0	20464.601779	20466.150805	20468.690142	20469.239064	20463.861599	20468.053033			1.0	1.0	0.0	3.0					
20472.996	7.245000000002619	trials	11.0	20474.551843	20476.473893000002	20478.041976	20478.308125	20473.358726000002	20477.323415	20478.741	20480.241	1.0	2.0	1.0	1.0					
20482.312	8.28399999999965	trials	11.0	20486.411119	20488.218613	20490.142819	20490.613097	20485.492492	20489.352046			1.0	2.0	0.0	3.0					
20493.484	7.671999999998661	trials	11.0	20496.031606	20497.774348			20495.262654000002	20498.265473	20500.011	20501.156	2.0		1.0	1.0					
20505.221	7.969999999997526	trials	11.0	20507.262247	20509.178956	20511.203216	20511.707751	20506.747177	20510.447921			1.0	2.0	0.0	3.0					
20515.522	15.415000000000873	trials	11.0	20517.397141	20518.807567	20530.585193	20530.955191	20513.210323	20519.246415			1.0	1.0	0.0	3.0					
20532.926	14.065000000002328	trials	11.0	20542.137300000002	20543.537080000002	20544.792529000002	20545.055793	20541.502651000003	20544.083539	20545.591	20546.991	1.0	2.0	1.0	1.0					
20549.011	9.96600000000035	trials	11.0	20555.504551	20557.478818	20558.616489	20558.986435	20554.952923	20557.944867000002			1.0	2.0	0.0	3.0					
20560.977	5.559000000001106	trials	11.0	20562.502529	20563.882936	20566.124749000002	20566.554573	20560.978642000002	20565.232896			1.0	1.0	0.0	3.0					
20570.481	13.041000000001077	trials	11.0	20578.786849	20579.945197	20581.464249	20581.548385000002	20578.237397	20580.5885	20582.026	20583.522	1.0	2.0	1.0	1.0					
20586.571	9.735000000000582	trials	11.0	20590.562321	20592.412919000002			20589.74799	20592.859182	20594.651	20596.306	2.0		1.0	1.0					
20599.323	8.57300000000032	trials	11.0	20603.249191000003	20605.096095			20602.255129	20605.700404			2.0		1.0	1.0					
20612.431	6.579999999998108	trials	11.0	20614.249508	20615.957443	20617.364473	20617.661667	20613.384572000003	20616.552985000002			1.0	2.0	0.0	3.0					
20621.727	15.840000000000146	trials	11.0	20623.73248	20624.836807	20635.415683	20635.499512000002	20619.028291000002	20625.409638	20636.031	20637.567	1.0	2.0	1.0	1.0					
20639.626	11.6150000000016	trials	11.0	20646.258598	20647.958427			20645.407827	20648.440003	20650.187	20651.241	2.0		1.0	1.0					
20654.1	10.355999999999767	trials	11.0	20657.798547000002	20659.134956	20664.039378	20664.473398000002	20657.064927	20660.766924			1.0	1.0	0.0	3.0					
20666.356	14.93500000000131	trials	11.0	20677.768213	20679.244906			20677.058712000002	20679.238777			1.0		0.0	2.0					
