onset	duration	nwb_table	block	tone_on_time	tone_off_time	action_on_time	action_off_time	pokeC_on_time	pokeC_off_time	reward_on_time	reward_off_time	state	action	reward	result	FinishedBlock	FirstTrial	LastTrial	RewardRule_L	RewardRule_R
3.319	1475.029	BlockDesign														1.0	1.0	76.0	10.0	50.0
3.319	13.009	trials	1.0	12.272053000000001	14.070522	14.909641	15.172748000000002	11.429254000000002	14.512563	15.648	16.328	1.0	2.0	1.0	1.0					
18.418	7.245000000000001	trials	1.0	21.486982	23.153193			20.643	23.494			2.0		1.0	1.0					
29.203	5.779999999999998	trials	1.0	32.122653	33.608341	34.652515	34.911214	31.144848000000003	34.246522			1.0	1.0	0.0	3.0					
37.993	6.649999999999999	trials	1.0	41.093429	42.489265	43.338252000000004	43.511895	40.453066	42.930916	44.168	44.643	1.0	2.0	1.0	1.0					
46.664	7.745999999999995	trials	1.0	51.932430000000004	53.188621000000005	54.082105	54.382200000000005	51.10293	53.631826000000004			1.0	2.0	0.0	3.0					
57.471	12.808	trials	1.0	67.12786	68.40849700000001	69.947336	70.23850999999999	66.297958	69.539355			1.0	1.0	0.0	3.0					
73.293	16.515	trials	1.0	80.82817	81.88917900000001	87.76035999999999	89.16086100000001	80.19742099999999	83.533446			1.0	1.0	0.0	3.0					
92.146	17.798000000000002	trials	1.0	103.35762600000001	104.573295	109.492335	109.94427100000001	102.360487	105.38927100000001			1.0	1.0	0.0	3.0					
111.833	16.435000000000002	trials	1.0	123.96300400000001	125.63459799999998			123.351112	126.12029899999999			2.0		1.0	1.0					
131.677	6.622000000000014	trials	1.0	135.36251	136.798039	137.96964699999998	138.29923	134.656264	137.515167			1.0	1.0	0.0	3.0					
140.349	13.558999999999997	trials	1.0	150.652657	151.943173	152.511067	152.775739	149.711118	151.96282	153.313	153.908	1.0	2.0	1.0	1.0					
155.973	9.669999999999987	trials	1.0	161.662495	162.786201			160.996141	163.40693199999998			2.0		1.0	1.0					
170.109	23.63899999999998	trials	1.0	186.78476999999998	188.713093	193.371105	193.750219	186.015432	189.194718			1.0	1.0	0.0	3.0					
196.783	17.965000000000003	trials	1.0	210.45873699999999	212.182053			209.742957	212.490364			2.0		1.0	1.0					
219.26	5.617999999999995	trials	1.0	220.858	222.55498	223.392361	223.640242	219.30128399999998	222.91017	224.198	224.878	1.0	2.0	1.0	1.0					
226.793	23.25999999999999	trials	1.0	246.670174	248.474229	249.735109	249.941485	246.023757	249.202824			1.0	1.0	0.0	3.0					
254.093	17.131	trials	1.0	266.260872	268.159096	269.142223	269.758381	265.6977	268.577406			2.0		0.0	4.0					
275.239	12.658000000000015	trials	1.0	285.078892	286.894516	287.57518	287.785167	284.116641	287.121267			1.0	2.0	0.0	3.0					
290.904	11.95999999999998	trials	1.0	299.910304	301.657671	302.495305	302.864516	299.018608	302.06717199999997			1.0	1.0	0.0	3.0					
306.858	33.91500000000002	trials	1.0	325.844175	326.895148	338.916028	340.774039	324.936714	327.87145			1.0	1.0	0.0	3.0					
343.258	25.189999999999998	trials	1.0	362.85528899999997	364.890942	365.624617	365.876752	362.149477	365.164117			1.0	2.0	0.0	3.0					
369.953	18.350000000000023	trials	1.0	383.700409	384.823255	387.00080099999997	387.275505	383.050173	386.533798	387.848	388.303	1.0	2.0	1.0	1.0					
390.328	12.116000000000042	trials	1.0	395.579665	397.327108	401.934094	402.44784699999997	394.739757	398.343519			1.0	1.0	0.0	3.0					
405.288	29.185000000000002	trials	1.0	431.513914	432.724854	434.139675	434.3633	430.736332	433.64856299999997			1.0	2.0	0.0	3.0					
436.524	9.704000000000008	trials	1.0	441.97436799999997	443.655534			440.963915	444.059152			2.0		1.0	1.0					
448.703	9.360000000000014	trials	1.0	454.384156	455.722936	457.733724	457.961711	453.746151	457.308939			1.0	1.0	0.0	3.0					
460.07	16.473000000000013	trials	1.0	472.978989	474.313572	476.215021	476.533213	472.173673	475.766833			1.0	1.0	0.0	3.0					
478.549	17.26400000000001	trials	1.0	487.044634	488.166352	495.37095	495.81393099999997	486.528811	489.621553			1.0	1.0	0.0	3.0					
497.708	20.939999999999998	trials	1.0	514.439118	516.181219	518.322748	518.545188	513.872656	517.164751			1.0	2.0	0.0	3.0					
521.66	18.043000000000006	trials	1.0	536.424889	537.787941	539.387634	539.708706	535.635967	538.808443			1.0	2.0	0.0	3.0					
542.713	11.245000000000005	trials	1.0	550.0760200000001	551.3661340000001			549.133362	551.702886			2.0		1.0	1.0					
558.463	7.2549999999999955	trials	1.0	562.457479	563.823079	565.4004140000001	565.7114170000001	561.7793690000001	564.9688550000001			1.0	1.0	0.0	3.0					
569.728	5.3900000000001	trials	1.0	571.550509	573.1158770000001			570.6975950000001	573.105798			2.0		0.0	2.0					
578.169	5.278999999999996	trials	1.0	580.4198970000001	581.98269	583.0204650000001	583.452483	579.249711	582.654706			1.0	1.0	0.0	3.0					
586.353	24.355000000000018	trials	1.0	606.95185	608.1346450000001			606.3320060000001	608.531421			2.0		1.0	1.0					
615.158	6.8799999999999955	trials	1.0	617.724775	619.469332			617.128503	619.721971			2.0		1.0	1.0					
626.499	12.369000000000028	trials	1.0	628.144755	629.958606	636.020751	636.4812000000001	627.0288310000001	630.4622300000001			1.0	1.0	0.0	3.0					
639.364	21.06899999999996	trials	1.0	655.3406190000001	656.821597	660.0973110000001	660.432439	654.391656	658.986576			1.0	2.0	0.0	3.0					
662.453	25.930000000000064	trials	1.0	685.140312	686.416138	687.995253	688.352886	684.605905	687.5349100000001			1.0	1.0	0.0	3.0					
692.338	22.456000000000017	trials	1.0	710.0530480000001	711.733743			709.1611270000001	712.653717			2.0		1.0	1.0					
718.348	7.850000000000023	trials	1.0	721.42876	723.457561	724.814205	725.107438	720.5406670000001	724.270395	725.543	726.198	1.0	2.0	1.0	1.0					
729.265	12.374000000000024	trials	1.0	736.1006950000001	737.522133	741.030831	741.3350640000001	735.5818790000001	738.779071			1.0	1.0	0.0	3.0					
743.658	26.45500000000004	trials	1.0	762.372429	764.063305	768.603321	770.116746	761.4298090000001	764.54217			1.0	1.0	0.0	3.0					
772.913	20.715000000000032	trials	1.0	789.685633	791.1076700000001	792.3475500000001	792.5794960000001	788.757432	791.8657870000001	793.048	793.628	1.0	2.0	1.0	1.0					
795.648	6.951000000000022	trials	1.0	800.122419	801.4148680000001	802.271733	802.559014	799.4017060000001	801.7934120000001			1.0	2.0	0.0	3.0					
804.658	31.66999999999996	trials	1.0	833.886433	834.328069			832.902495	834.318028			1.0		0.0	2.0					
840.339	21.598999999999933	trials	1.0	858.346669	859.97779	861.6165050000001	861.867339	857.481565	861.170329			1.0	1.0	0.0	3.0					
863.948	11.009999999999991	trials	1.0	870.7876020000001	872.1598720000001	873.5215420000001	873.7923490000001	870.209383	873.0254440000001	874.194	874.958	1.0	2.0	1.0	1.0					
876.918	8.904999999999973	trials	1.0	881.7114700000001	883.1530150000001	885.595446	885.8306120000001	880.7985910000001	883.1484650000001			2.0		0.0	2.0					
889.167	10.505999999999972	trials	1.0	896.570874	898.1643620000001	899.340729	899.593335	895.9968640000001	898.9000030000001			1.0	1.0	0.0	3.0					
902.703	13.57000000000005	trials	1.0	913.026555	914.4449950000001	915.9501570000001	916.229535	912.416872	915.534796			1.0	2.0	0.0	3.0					
919.279	15.875	trials	1.0	931.0068980000001	932.7999120000001	934.747066	935.159445	930.466494	934.2498			1.0	1.0	0.0	3.0					
937.128	16.969999999999914	trials	1.0	949.5021760000001	950.5986310000001	952.403076	952.8625310000001	948.911272	951.936591	953.073	954.098	1.0	2.0	1.0	1.0					
957.12	18.70799999999997	trials	1.0	962.906604	964.478547	974.5023070000001	974.726526	962.344464	965.406567	975.263	975.828	1.0	2.0	1.0	1.0					
979.843	22.63499999999999	trials	1.0	998.006928	999.911781			997.2925610000001	1000.276185			2.0		1.0	1.0					
1006.004	5.985000000000014	trials	1.0	1007.962656	1009.398633	1010.6408110000001	1010.9137020000001	1006.8994980000001	1010.18308	1011.458	1011.989	1.0	2.0	1.0	1.0					
1015.008	8.549999999999955	trials	1.0	1020.9221040000001	1022.644908	1023.2361580000002	1023.437893	1020.047989	1022.825685			1.0	2.0	0.0	3.0					
1026.569	58.31700000000001	trials	1.0	1081.052664	1082.99106	1083.552813	1083.809086	1080.194311	1083.076962	1084.245	1084.886	1.0	2.0	1.0	1.0					
1086.825	6.7439999999999145	trials	1.0	1090.2180580000002	1091.501461			1089.427439	1091.490123			2.0		0.0	2.0					
1096.578	9.69399999999996	trials	1.0	1103.402173	1105.033959	1105.932264	1106.278397	1102.592914	1105.533342			1.0	2.0	0.0	3.0					
1108.268	16.730000000000018	trials	1.0	1121.617177	1123.1392740000001	1124.680174	1124.919582	1120.983364	1123.815484			1.0	2.0	0.0	3.0					
1127.053	26.975999999999885	trials	1.0	1149.92764	1151.334751	1152.164824	1152.414565	1149.104883	1151.7097270000002	1152.828	1154.029	1.0	2.0	1.0	1.0					
1155.528	11.224999999999909	trials	1.0	1162.8079870000001	1164.1831710000001			1162.033792	1164.541942			2.0		1.0	1.0					
1170.215	7.413000000000011	trials	1.0	1174.517908	1176.362719	1177.2894820000001	1177.633634	1173.582946	1176.8396830000002			1.0	1.0	0.0	3.0					
1181.674	8.514000000000124	trials	1.0	1186.222851	1187.675089	1188.661584	1188.921169	1185.264187	1188.213655	1189.433	1190.188	1.0	2.0	1.0	1.0					
1194.253	110.05000000000018	trials	1.0	1301.598349	1302.199633	1302.750234	1302.830768	1300.859704	1302.185079			1.0		0.0	2.0					
1306.323	11.529999999999973	trials	1.0	1314.298587	1316.2635010000001	1317.539419	1317.686596	1313.3633320000001	1317.107976			1.0	2.0	0.0	3.0					
1320.864	9.783999999999878	trials	1.0	1326.353697	1328.386833			1325.455974	1328.5996810000001			2.0		1.0	1.0					
1333.178	5.6749999999999545	trials	1.0	1335.608293	1337.572928	1338.537918	1338.780555	1335.053625	1338.036147			1.0	1.0	0.0	3.0					
1340.868	13.820000000000164	trials	1.0	1343.969163	1345.5080440000002	1354.022248	1354.697242	1342.9943700000001	1345.487065			1.0	1.0	0.0	3.0					
1356.353	30.284999999999854	trials	1.0	1383.214215	1384.636199			1382.323024	1384.6287			2.0		0.0	2.0					
1390.648	17.131000000000085	trials	1.0	1403.830287	1405.186766	1406.533993	1406.726548	1402.9878760000001	1406.099224	1407.168	1407.779	1.0	2.0	1.0	1.0					
1411.798	12.154999999999973	trials	1.0	1421.205924	1422.962181	1423.6333	1423.892059	1420.231426	1423.192339			1.0	2.0	0.0	3.0					
1427.983	14.340000000000146	trials	1.0	1437.90409	1439.949946	1441.065118	1441.386872	1437.2299600000001	1440.5049000000001	1441.793	1442.323	1.0	2.0	1.0	1.0					
1445.343	9.6099999999999	trials	1.0	1451.783683	1453.79667	1454.618484	1454.902665	1450.946936	1454.168562			1.0	2.0	0.0	3.0					
1458.003	20.345000000000027	trials	1.0	1474.3347250000002	1476.3833670000001	1477.0230960000001	1477.226161	1473.6204790000002	1476.661222	1477.873	1478.348	1.0	2.0	1.0	1.0					
1482.379	541.539	BlockDesign														1.0	77.0	106.0	50.0	90.0
1482.379	5.944000000000187	trials	2.0	1484.125886	1486.1157	1486.877392	1487.143671	1483.2000580000001	1486.474471	1487.573	1488.323	1.0	2.0	1.0	1.0					
1490.343	10.125999999999976	trials	2.0	1495.965148	1497.94316	1498.878588	1499.309136	1495.281471	1498.417044	1499.569	1500.469	1.0	2.0	1.0	1.0					
1504.518	19.33199999999988	trials	2.0	1520.016468	1521.75766	1522.412215	1522.580526	1519.181212	1522.016679	1523.118	1523.85	1.0	2.0	1.0	1.0					
1527.663	8.509999999999991	trials	2.0	1531.7397310000001	1532.851398	1534.7792670000001	1535.189149	1530.937872	1533.58455	1535.543	1536.173	1.0	2.0	1.0	1.0					
1540.198	22.514999999999873	trials	2.0	1558.880424	1560.6111210000001	1561.348275	1561.608483	1558.284402	1560.949275	1562.013	1562.713	1.0	2.0	1.0	1.0					
1564.765	16.322999999999865	trials	2.0	1577.965222	1579.0879320000001	1579.62534	1579.8663060000001	1576.999069	1579.084			1.0		0.0	2.0					
1584.098	21.37000000000012	trials	2.0	1600.805321	1602.208318	1604.1772330000001	1604.384289	1600.113423	1603.747992	1605.083	1605.468	1.0	2.0	1.0	1.0					
1608.533	7.25	trials	2.0	1611.890388	1613.281054	1614.5028670000002	1614.709267	1611.2099130000001	1614.0119220000001	1615.233	1615.783	1.0	2.0	1.0	1.0					
1617.803	8.509999999999991	trials	2.0	1622.1996430000002	1623.991158	1624.950624	1625.222895	1621.332729	1624.443645	1625.614	1626.313	1.0	1.0	1.0	1.0					
1629.378	9.995000000000118	trials	2.0	1635.126418	1636.621681	1637.9373010000002	1638.145678	1634.4651310000002	1637.512432	1638.638	1639.373	1.0	2.0	1.0	1.0					
1643.438	15.934999999999945	trials	2.0	1655.015204	1657.04661			1654.459123	1657.2153700000001			2.0		1.0	1.0					
1663.883	5.4809999999999945	trials	2.0	1665.765234	1666.894651	1668.006982	1668.218779	1664.363539	1667.5706830000001	1668.688	1669.364	1.0	2.0	1.0	1.0					
1673.427	6.961000000000013	trials	2.0	1677.175486	1679.180802	1680.062908	1680.340017	1676.604715	1679.5759480000002			1.0	1.0	0.0	3.0					
1682.398	22.75	trials	2.0	1700.68066	1702.627485	1703.410438	1703.676322	1699.6944780000001	1702.994554	1704.173	1705.148	1.0	2.0	1.0	1.0					
1707.213	8.725000000000136	trials	2.0	1712.900802	1713.942502			1712.189035	1713.9344290000001			1.0		0.0	2.0					
1717.964	30.065000000000055	trials	2.0	1744.4319090000001	1745.702088			1743.55278	1745.86777			2.0		1.0	1.0					
1751.519	6.308999999999969	trials	2.0	1753.3327570000001	1755.11686	1756.263064	1756.722397	1752.71371	1755.5568210000001	1756.888	1757.828	1.0	2.0	1.0	1.0					
1761.848	5.510999999999967	trials	2.0	1764.395755	1765.3574700000001			1763.7019420000001	1765.346599			1.0		0.0	2.0					
1770.422	18.45900000000006	trials	2.0	1784.861148	1786.699732	1787.493702	1787.7369	1784.153695	1787.077315	1788.198	1788.881	1.0	2.0	1.0	1.0					
1791.947	5.846000000000004	trials	2.0	1794.4812220000001	1795.622173	1796.4486550000001	1796.703102	1793.748396	1796.021166	1797.108	1797.793	1.0	2.0	1.0	1.0					
1799.863	9.822999999999865	trials	2.0	1805.627868	1807.422027	1808.175448	1808.426772	1805.0316460000001	1807.804317	1808.973	1809.686	1.0	2.0	1.0	1.0					
1812.723	34.309999999999945	trials	2.0	1844.136721	1844.983174			1843.376295	1844.979528			2.0		0.0	2.0					
1850.073	8.029999999999973	trials	2.0	1853.976897	1855.234528			1853.459742	1855.971291			2.0		1.0	1.0					
1861.658	6.661000000000058	trials	2.0	1863.657862	1865.3797200000001	1866.3093370000001	1866.71025	1862.2235130000001	1865.834074			2.0		0.0	4.0					
1870.328	9.201000000000022	trials	2.0	1875.092032	1876.958973			1874.577487	1877.441284			2.0		1.0	1.0					
1882.029	31.21900000000005	trials	2.0	1909.4718930000001	1910.986744	1911.957425	1912.172536	1908.944009	1911.548866	1912.658	1913.248	1.0	2.0	1.0	1.0					
1916.328	11.855000000000018	trials	2.0	1924.411513	1926.3219900000001	1926.888033	1927.136994	1923.473349	1926.461835	1927.513	1928.183	1.0	2.0	1.0	1.0					
1931.208	27.611999999999853	trials	2.0	1955.071927	1956.468273	1957.453402	1957.683027	1954.3563490000001	1956.984306	1953.173	1958.82	1.0	2.0	1.0	1.0					
1962.743	25.000999999999976	trials	2.0	1984.2875410000001	1985.639916			1983.48333	1985.630911			2.0		0.0	2.0					
1989.753	34.164999999999964	trials	2.0	2021.543779	2023.033621	2023.754503	2023.928056	2021.042878	2023.370728			1.0	2.0	0.0	3.0					
2026.103	1205.19	BlockDesign														1.0	107.0	165.0	90.0	50.0
2026.103	14.230000000000018	trials	3.0	2035.996851	2037.50059	2038.827588	2039.196991	2035.0268350000001	2038.428505	2027.698	2040.333	1.0	1.0	1.0	1.0					
2042.374	9.013999999999896	trials	3.0	2047.0325950000001	2048.9521330000002	2049.824042	2050.09912	2046.5202330000002	2049.3858920000002	2050.694	2051.388	1.0	1.0	1.0	1.0					
2054.438	31.971000000000004	trials	3.0	2083.638105	2085.3102010000002	2086.0106140000003	2086.4201120000002	2082.72685	2085.3550410000003			1.0	2.0	0.0	3.0					
2088.353	12.67599999999993	trials	3.0	2097.0847320000003	2098.8666240000002	2099.607225	2099.9405070000003	2096.554516	2099.247465	2100.308	2101.029	1.0	1.0	1.0	1.0					
2105.103	5.014999999999873	trials	3.0	2107.063924	2108.7676810000003	2109.255684	2109.576573	2106.169553	2108.837032			1.0	1.0	0.0	3.0					
2112.533	23.59999999999991	trials	3.0	2132.73765	2133.886905			2131.804072	2134.076398			2.0		1.0	1.0					
2140.718	9.555000000000291	trials	3.0	2146.393282	2148.215973			2145.459726	2148.208134			2.0		0.0	2.0					
2152.321	13.146999999999935	trials	3.0	2161.058407	2162.325759	2163.466974	2163.829194	2160.1770500000002	2162.954575			2.0		0.0	4.0					
2168.478	20.065000000000055	trials	3.0	2185.890069	2186.546992	2186.976546	2187.156982	2184.925751	2186.5415160000002			1.0		0.0	2.0					
2192.606	12.85299999999961	trials	3.0	2201.1696230000002	2202.632197	2204.16837	2204.416929	2200.603236	2203.699552	2204.913	2205.459	1.0	2.0	1.0	1.0					
2207.529	17.96900000000005	trials	3.0	2221.42873	2223.2604810000003	2224.0231280000003	2224.304181	2220.711742	2223.631798	2224.798	2225.498	1.0	2.0	1.0	1.0					
2227.563	24.48999999999978	trials	3.0	2248.233961	2249.990374	2250.452316	2250.734917	2247.389559	2249.984974			1.0		0.0	2.0					
2255.089	8.659000000000106	trials	3.0	2260.888732	2262.635638	2263.4428080000002	2263.710834	2260.025725	2263.033089			1.0	2.0	0.0	3.0					
2266.758	19.140000000000327	trials	3.0	2282.6538960000003	2283.830653			2281.818139	2283.823813			2.0		0.0	2.0					
2289.938	9.114999999999782	trials	3.0	2294.889306	2296.741924			2294.033733	2296.935043			2.0		1.0	1.0					
2303.569	12.838999999999942	trials	3.0	2313.618978	2314.7430560000003	2316.096913	2316.335359	2312.970258	2315.679093			1.0	2.0	0.0	3.0					
2320.434	19.628999999999905	trials	3.0	2336.005867	2337.4709390000003	2338.401979	2338.607404	2335.085838	2338.016694	2339.223	2340.063	1.0	1.0	1.0	1.0					
2341.858	9.934999999999945	trials	3.0	2348.5145390000002	2349.696165	2350.111827	2350.427703	2347.772568	2349.690217			1.0		0.0	2.0					
2354.846	18.96199999999999	trials	3.0	2369.113965	2370.782407	2371.602541	2371.829257	2368.1822150000003	2371.202058			1.0	2.0	0.0	3.0					
2373.923	15.346000000000004	trials	3.0	2385.46501	2387.276299	2387.9367700000003	2388.133067	2384.788104	2387.583897	2388.643	2389.269	1.0	1.0	1.0	1.0					
2393.319	65.71000000000004	trials	3.0	2456.3898870000003	2457.83823	2458.710291	2458.884016	2455.728454	2458.3398150000003			1.0	1.0	0.0	3.0					
2462.063	22.36999999999989	trials	3.0	2480.6401730000002	2481.834718	2483.078212	2483.310376	2479.864075	2482.639165	2483.753	2484.433	1.0	2.0	1.0	1.0					
2486.458	8.509999999999764	trials	3.0	2490.369816	2491.440841	2493.151147	2493.390309	2489.520067	2492.760061	2493.853	2494.968	1.0	1.0	1.0	1.0					
2497.903	22.426000000000386	trials	3.0	2516.155486	2517.732084			2515.187659	2518.0435860000002			2.0		1.0	1.0					
2523.803	28.315000000000055	trials	3.0	2548.134569	2549.621932	2550.4866070000003	2550.718536	2547.182758	2550.057376	2551.228	2552.118	1.0	1.0	1.0	1.0					
2556.138	5.675000000000182	trials	3.0	2558.865619	2559.817834	2560.27747	2560.513018	2557.9233010000003	2559.8132570000002			1.0		0.0	2.0					
2564.875	16.978000000000065	trials	3.0	2578.825588	2580.4274880000003	2581.546478	2581.770238	2578.113078	2581.099092			1.0	2.0	0.0	3.0					
2585.864	18.403999999999996	trials	3.0	2600.672269	2602.263168			2599.856115	2602.254118			2.0		0.0	2.0					
2608.279	7.903999999999996	trials	3.0	2612.375467	2613.647439	2614.8115980000002	2615.039782	2611.424176	2614.4129430000003	2615.473	2616.183	1.0	1.0	1.0	1.0					
2618.248	16.389999999999873	trials	3.0	2630.2610130000003	2632.13509			2629.429	2632.405086			2.0		1.0	1.0					
2638.211	22.352000000000317	trials	3.0	2656.6609750000002	2657.86777	2658.935305	2659.1524130000003	2655.985146	2658.521139	2659.673	2660.563	1.0	1.0	1.0	1.0					
2664.579	28.44399999999996	trials	3.0	2689.660923	2691.032893	2691.474541	2691.629694	2689.041985	2691.021266			1.0		0.0	2.0					
2696.063	24.769999999999982	trials	3.0	2717.306646	2718.504433	2719.3849370000003	2719.7251420000002	2716.532548	2718.9448	2720.128	2720.833	1.0	2.0	1.0	1.0					
2722.748	8.049999999999727	trials	3.0	2726.721642	2728.113322	2729.332432	2729.559631	2725.971034	2728.927077	2730.013	2730.798	1.0	1.0	1.0	1.0					
2732.833	8.929999999999836	trials	3.0	2738.101761	2739.764382	2740.849294	2741.049739	2737.516419	2739.754935			1.0		0.0	2.0					
2745.819	18.483999999999924	trials	3.0	2760.661611	2761.98354	2762.8111830000003	2763.0480820000002	2759.900173	2762.446205	2763.598	2764.303	1.0	1.0	1.0	1.0					
2768.268	42.13599999999997	trials	3.0	2806.387519	2807.90343			2805.5162490000002	2808.264343			2.0		1.0	1.0					
2814.948	13.246000000000095	trials	3.0	2823.552217	2825.546304	2826.712983	2826.965878	2822.6477680000003	2826.1950620000002	2827.438	2828.194	1.0	1.0	1.0	1.0					
2831.213	22.855999999999767	trials	3.0	2849.798938	2851.288504	2852.249973	2852.419806	2849.2364820000003	2851.873528	2852.963	2854.069	1.0	1.0	1.0	1.0					
2856.123	20.414999999999964	trials	3.0	2873.427829	2875.362081	2876.2305770000003	2876.386275	2872.661047	2875.823019			1.0	1.0	0.0	3.0					
2879.548	16.97400000000016	trials	3.0	2891.572761	2893.1672360000002	2894.149336	2894.371932	2890.9656840000002	2893.762488			1.0	2.0	0.0	3.0					
2897.458	16.809999999999945	trials	3.0	2909.987986	2911.46053			2909.442099	2912.012407			2.0		1.0	1.0					
2917.773	5.085000000000036	trials	3.0	2920.018095	2921.759421	2922.555907	2922.775303	2919.125199	2922.1869420000003			1.0	1.0	0.0	3.0					
2924.868	15.264999999999873	trials	3.0	2936.417143	2937.774418			2935.483681	2938.0333650000002			2.0		1.0	1.0					
2942.605	7.742999999999938	trials	3.0	2946.158056	2947.9456410000003	2949.007972	2949.2157270000002	2945.407981	2948.621103	2949.678	2950.348	1.0	1.0	1.0	1.0					
2954.41	17.423999999999978	trials	3.0	2967.912402	2969.781505	2970.364983	2970.583153	2966.92491	2969.9214150000003	2971.093	2971.834	1.0	1.0	1.0	1.0					
2973.864	8.69399999999996	trials	3.0	2979.433446	2980.511494	2981.0674790000003	2981.310145	2978.7835760000003	2980.645041	2981.633	2982.558	1.0	2.0	1.0	1.0					
2986.578	18.795000000000073	trials	3.0	3002.16307	3003.383939	3003.891745	3004.162393	3001.265476	3003.374481			1.0		0.0	2.0					
3008.383	13.646000000000186	trials	3.0	3018.275905	3019.827241	3020.578599	3020.851024	3017.285809	3020.2308550000002	3021.279	3022.029	1.0	1.0	1.0	1.0					
3024.154	23.84900000000016	trials	3.0	3045.418108	3046.579873	3047.7001450000002	3047.884511	3044.513756	3047.241783			1.0	2.0	0.0	3.0					
3050.058	20.519999999999982	trials	3.0	3066.838021	3068.554564	3069.2173399999997	3069.417813	3066.210215	3068.834411	3069.948	3070.578	1.0	1.0	1.0	1.0					
3073.598	7.940000000000055	trials	3.0	3078.1322999999998	3079.53386	3080.099033	3080.3618779999997	3077.3106089999997	3079.521875			2.0		0.0	2.0					
3083.588	42.58899999999994	trials	3.0	3121.79214	3123.60326			3120.933	3123.9338129999996			2.0		1.0	1.0					
3128.667	6.48700000000008	trials	3.0	3131.084113	3132.55851	3133.642676	3133.814574	3130.5190159999997	3133.2767719999997	3134.358	3135.154	1.0	1.0	1.0	1.0					
3138.128	7.3849999999997635	trials	3.0	3141.106837	3143.1496399999996	3143.8758829999997	3144.052445	3140.2996249999997	3143.5301689999997	3144.529	3145.513	1.0	1.0	1.0	1.0					
3148.343	18.5	trials	3.0	3163.7922289999997	3164.8195349999996			3163.1053319999996	3164.809295			1.0		0.0	2.0					
3170.858	14.849999999999909	trials	3.0	3181.4490389999996	3183.134213			3180.648905	3183.4183129999997			2.0		1.0	1.0					
3189.183	5.829999999999927	trials	3.0	3190.8775619999997	3192.8697899999997	3193.576295	3193.7536659999996	3189.759653	3193.192842	3194.319	3195.013	1.0	1.0	1.0	1.0					
3197.033	34.26000000000022	trials	3.0	3227.8621909999997	3229.065063	3229.8833959999997	3230.077308	3227.284898	3229.4992009999996	3230.643	3231.293	1.0	1.0	1.0	1.0					
3235.388	458.19500000000016	BlockDesign														1.0	166.0	191.0	50.0	10.0
3235.388	18.4050000000002	trials	4.0	3250.5029999999997	3251.849312	3252.293952	3252.677993	3249.725408	3251.884646	3253.118	3253.793	1.0	1.0	1.0	1.0					
3255.819	26.114000000000033	trials	4.0	3274.4680799999996	3276.274023			3273.9044989999998	3276.563937			2.0		1.0	1.0					
3283.378	24.079999999999927	trials	4.0	3303.4497619999997	3305.239368	3305.964003	3306.204852	3302.75562	3305.572949	3306.623	3307.458	1.0	1.0	1.0	1.0					
3309.508	8.640000000000327	trials	4.0	3315.5081729999997	3316.935932	3317.7484369999997	3317.9630819999998	3314.9444869999998	3317.322534			1.0	1.0	0.0	3.0					
3321.108	12.576000000000022	trials	4.0	3330.067654	3331.1651389999997			3329.3297039999998	3331.579037			2.0		1.0	1.0					
3337.246	11.70699999999988	trials	4.0	3345.453728	3346.5994849999997	3347.50859	3347.723514	3344.850735	3347.149008	3348.263	3348.953	1.0	1.0	1.0	1.0					
3350.973	12.414999999999964	trials	4.0	3359.5277309999997	3360.875536			3358.529106	3361.274817			2.0		1.0	1.0					
3367.927	4.8659999999999854	trials	4.0	3369.9379609999996	3371.694912	3372.458228	3372.7148559999996	3369.306972	3372.0643769999997			1.0	1.0	0.0	3.0					
3375.803	40.10100000000011	trials	4.0	3412.508739	3414.494946	3415.323486	3415.9042919999997	3411.772947	3414.842938			1.0	2.0	0.0	3.0					
3419.653	11.550000000000182	trials	4.0	3427.193159	3429.130824	3429.6431359999997	3429.881496	3426.2227199999998	3429.259853	3430.338	3431.203	1.0	1.0	1.0	1.0					
3434.228	6.385999999999967	trials	4.0	3438.1242629999997	3439.538971	3440.283257	3440.60373	3437.5047539999996	3439.9137269999997			1.0	1.0	0.0	3.0					
3442.623	16.230000000000018	trials	4.0	3455.778672	3456.996212	3458.531909	3458.733365	3455.165156	3458.07908			1.0	2.0	0.0	3.0					
3461.864	15.93899999999985	trials	4.0	3475.01907	3476.115434	3477.4772399999997	3477.705081	3474.44499	3477.12826			1.0	1.0	0.0	3.0					
3479.813	14.230000000000018	trials	4.0	3488.1887819999997	3489.904716	3491.090097	3491.470835	3487.418922	3490.683588			1.0	1.0	0.0	3.0					
3495.448	16.291000000000167	trials	4.0	3507.2339009999996	3508.891875	3510.110261	3510.517508	3506.670456	3509.664445	3510.703	3511.739	1.0	1.0	1.0	1.0					
3513.808	14.385999999999967	trials	4.0	3525.7005529999997	3526.884567	3527.879985	3528.0522349999997	3524.808365	3527.449608			1.0	1.0	0.0	3.0					
3530.249	10.070000000000164	trials	4.0	3535.134225	3536.9921879999997			3534.40782	3538.018487			2.0		1.0	1.0					
3543.868	9.210000000000036	trials	4.0	3549.419943	3550.462086			3548.426936	3550.821297			2.0		1.0	1.0					
3556.583	17.659999999999854	trials	4.0	3571.464716	3573.025812	3573.931092	3574.1994539999996	3570.500449	3573.49815			1.0	2.0	0.0	3.0					
3576.258	23.725000000000364	trials	4.0	3596.536199	3597.9217529999996			3595.807313	3597.919042			2.0		0.0	2.0					
3601.998	12.815000000000055	trials	4.0	3611.904195	3613.9736589999998	3614.48796	3614.7324679999997	3610.948787	3614.0693549999996			1.0	1.0	0.0	3.0					
3617.823	13.206000000000131	trials	4.0	3627.814441	3629.707644	3630.7044269999997	3630.959237	3627.094612	3630.296234			1.0	1.0	0.0	3.0					
3635.088	13.4699999999998	trials	4.0	3644.461413	3645.971697	3647.245054	3647.429037	3643.499866	3646.8762739999997	3647.853	3648.558	1.0	1.0	1.0	1.0					
3652.583	9.049999999999727	trials	4.0	3657.220371	3658.887287	3659.9858299999996	3660.239808	3656.705862	3659.468299	3660.654	3661.633	1.0	1.0	1.0	1.0					
3665.653	7.166000000000167	trials	4.0	3669.5148609999997	3671.258453	3672.257765	3672.825239	3668.608859	3671.772424			1.0	2.0	0.0	3.0					
3675.598	17.985000000000127	trials	4.0	3690.9900749999997	3692.4610759999996	3693.335653	3693.589111	3690.229304	3692.958158			1.0	1.0	0.0	3.0					
3697.733	4974.719999999999	BlockDesign														1.0	192.0	429.0	10.0	50.0
3697.733	15.914999999999964	trials	5.0	3707.445132	3708.618744	3711.5896669999997	3711.927272	3706.8402229999997	3709.703321	3711.608	3713.648	2.0		1.0	1.0					
3716.671	5.443000000000211	trials	5.0	3719.1057029999997	3720.111513			3718.249751	3720.103287			1.0		0.0	2.0					
3724.125	13.228000000000065	trials	5.0	3733.122233	3734.276366	3735.995966	3736.180339	3732.401672	3735.559794	3736.643	3737.353	1.0	1.0	1.0	1.0					
3740.388	19.24499999999989	trials	5.0	3757.0456459999996	3757.632945			3756.084984	3757.619817			1.0		0.0	2.0					
3763.643	8.654999999999745	trials	5.0	3767.9055789999998	3769.7271469999996			3767.2753159999997	3770.089063			2.0		1.0	1.0					
3774.918	32.784999999999854	trials	5.0	3801.4309519999997	3802.732274	3807.133026	3807.708057	3800.444745	3803.525511			1.0	1.0	0.0	3.0					
3810.543	8.170999999999822	trials	5.0	3815.9320639999996	3816.962834	3818.3603599999997	3818.6613119999997	3815.348783	3817.985475			1.0	1.0	0.0	3.0					
3821.778	18.01000000000022	trials	5.0	3836.060756	3837.872907	3839.471964	3839.694979	3835.211631	3839.0242049999997			1.0	1.0	0.0	3.0					
3842.798	6.870000000000346	trials	5.0	3844.3173859999997	3844.7083439999997			3843.0141949999997	3844.6987879999997			1.0		0.0	2.0					
3849.719	9.543999999999869	trials	5.0	3852.6369449999997	3853.713034	3858.694745	3859.2689809999997	3852.060936	3857.059322			1.0	2.0	0.0	3.0					
3862.029	8.619000000000142	trials	5.0	3867.4530299999997	3868.8475639999997	3869.3232989999997	3869.5329709999996	3866.4711989999996	3868.8462649999997	3869.948	3870.648	1.0	2.0	1.0	1.0					
3873.665	18.833000000000084	trials	5.0	3890.401199	3891.7640979999996	3892.1796109999996	3892.37082	3889.684718	3891.783567			1.0	2.0	0.0	3.0					
3896.514	9.608999999999924	trials	5.0	3902.791937	3904.664802	3905.6775909999997	3906.129623	3902.095144	3905.30926			1.0	1.0	0.0	3.0					
3910.058	18.065000000000055	trials	5.0	3924.63156	3926.144304	3927.7939309999997	3927.9960819999997	3923.767116	3927.370598			1.0	2.0	0.0	3.0					
3930.139	25.123999999999796	trials	5.0	3951.052625	3952.938252	3953.735184	3953.9789769999998	3950.133348	3953.33684	3954.588	3955.263	1.0	1.0	1.0	1.0					
3957.298	28.981000000000222	trials	5.0	3983.0618489999997	3984.279375			3982.1178879999998	3984.2758639999997			2.0		0.0	2.0					
3989.333	16.284999999999854	trials	5.0	4002.567123	4003.818437	4005.2990659999996	4005.486504	4001.9426399999998	4004.780535			1.0	1.0	0.0	3.0					
4007.631	18.192000000000007	trials	5.0	4021.998945	4023.9691909999997	4025.5065409999997	4025.759525	4021.0846119999997	4024.4743019999996			1.0	2.0	0.0	3.0					
4029.829	32.978999999999814	trials	5.0	4059.167516	4060.2497059999996			4058.3568419999997	4060.7183689999997			2.0		1.0	1.0					
4065.389	6.458999999999833	trials	5.0	4067.833052	4069.289078			4067.209109	4069.728698			2.0		1.0	1.0					
4074.368	5.434999999999945	trials	5.0	4076.3739259999998	4078.1655149999997	4079.482614	4079.761853	4075.7379929999997	4078.984316			1.0	1.0	0.0	3.0					
4083.843	22.75500000000011	trials	5.0	4103.557927	4104.993807	4106.275908	4106.532186	4102.989326	4105.8489			1.0	1.0	0.0	3.0					
4110.605	18.934000000000196	trials	5.0	4125.907413	4127.023795			4124.969761	4127.393945	4122.698	4123.438	2.0		1.0	1.0					
4132.103	6.210000000000036	trials	5.0	4134.812846	4136.479479	4137.90614	4138.321163	4134.303045	4137.467349			1.0	2.0	0.0	3.0					
4140.233	23.139999999999418	trials	5.0	4157.168739	4158.969458	4162.728734	4163.3789639999995	4156.351497	4159.2541009999995			1.0	1.0	0.0	3.0					
4167.078	31.764999999999418	trials	5.0	4195.447746	4196.641691	4197.519248	4197.791523	4194.874728	4197.030752	4198.173	4198.843	1.0	2.0	1.0	1.0					
4201.903	23.935999999999694	trials	5.0	4222.458452	4224.19476	4225.506777	4225.744036	4221.727487	4224.980399			1.0	1.0	0.0	3.0					
4228.849	13.684000000000196	trials	5.0	4238.573364	4239.650087			4238.058126	4240.172868			2.0		1.0	1.0					
4244.927	10.576000000000022	trials	5.0	4249.928675	4251.084659	4255.163892	4255.503161	4248.952197	4251.657309			1.0	1.0	0.0	3.0					
4259.498	13.770000000000437	trials	5.0	4269.8537	4270.930575	4271.928575	4272.152282999999	4269.009879	4271.49876	4272.614	4273.268	1.0	2.0	1.0	1.0					
4277.29	4.835000000000036	trials	5.0	4279.208952	4280.855178	4281.852014	4282.0610639999995	4278.363182	4281.30314			1.0	1.0	0.0	3.0					
4284.183	17.98999999999978	trials	5.0	4298.919347	4300.065095	4300.969139	4301.081666	4298.1646	4300.5483619999995	4301.688	4302.173	1.0	2.0	1.0	1.0					
4305.238	9.384999999999309	trials	5.0	4308.884105	4310.681556	4312.902576	4313.3237	4308.351735	4311.079169	4313.654	4314.623	1.0	1.0	1.0	1.0					
4317.684	31.003999999999905	trials	5.0	4344.74396	4346.1422489999995	4347.250803	4347.644324	4344.18164	4346.769231	4347.868	4348.688	1.0	2.0	1.0	1.0					
4351.753	8.265000000000327	trials	5.0	4355.4742909999995	4356.754145999999			4354.850926	4357.969562			2.0		1.0	1.0					
4364.553	14.976000000000568	trials	5.0	4376.330501	4377.775568999999	4379.086206	4379.533416	4375.363742	4378.549375			1.0	2.0	0.0	3.0					
4383.454	22.22400000000016	trials	5.0	4401.929298	4403.300153	4404.334339999999	4404.568676999999	4401.1888069999995	4403.86661	4404.983	4405.678	1.0	2.0	1.0	1.0					
4408.749	54.264000000000124	trials	5.0	4459.049657	4460.557823	4461.388171	4461.630816	4458.424929	4460.997138	4462.203	4463.013	1.0	2.0	1.0	1.0					
4465.083	10.150000000000546	trials	5.0	4471.686263	4473.79682	4474.9057649999995	4475.128814	4471.149359999999	4474.440908			1.0	2.0	0.0	3.0					
4477.243	16.911000000000058	trials	5.0	4490.130345	4491.598946			4489.405455	4492.039001			2.0		1.0	1.0					
4498.715	16.497999999999593	trials	5.0	4507.08527	4508.811422			4506.32265	4509.196773	4505.323	4505.404	2.0		1.0	1.0					
4515.968	59.025000000000546	trials	5.0	4571.775165	4572.996684	4573.418541	4573.531671	4570.866006	4572.986621			1.0		0.0	2.0					
4578.011	18.04199999999946	trials	5.0	4588.119716	4589.288653	4593.767421	4594.2679259999995	4587.127723	4589.833032			1.0	1.0	0.0	3.0					
4597.143	9.50500000000011	trials	5.0	4603.730165999999	4605.26879	4606.335021	4606.536741	4602.948671	4605.867952			1.0	1.0	0.0	3.0					
4610.698	22.371000000000095	trials	5.0	4629.025914	4630.652387	4631.808876	4631.99402	4628.35858	4631.363525	4632.513	4633.069	1.0	2.0	1.0	1.0					
4635.088	7.925000000000182	trials	5.0	4640.377109999999	4641.64074	4642.689512999999	4642.868091	4639.666862	4642.146524			1.0	2.0	0.0	3.0					
4646.029	14.84899999999925	trials	5.0	4657.485332	4658.87262	4660.195478	4660.439522	4656.823037	4659.79104			1.0	2.0	0.0	3.0					
4662.523	26.171000000000276	trials	5.0	4685.866701	4687.3377949999995	4688.383548	4688.585934	4685.022554	4687.911642			1.0	2.0	0.0	3.0					
4690.749	14.509000000000015	trials	5.0	4701.8814409999995	4703.866752	4704.94988	4705.201326	4701.004202	4704.566645			1.0	1.0	0.0	3.0					
4709.272	308.71699999999964	trials	5.0	5014.717802	5016.506004	5017.655001	5017.879333999999	5014.185482999999	5017.061369			1.0	1.0	0.0	3.0					
5019.995	22.02300000000014	trials	5.0	5038.074068	5039.458095			5037.373565	5039.887341			2.0		1.0	1.0					
5044.588	7.110000000000582	trials	5.0	5047.379552	5049.139585999999			5046.829627	5049.451747			2.0		1.0	1.0					
5055.154	7.5679999999993015	trials	5.0	5059.007651	5060.154524			5058.4873019999995	5060.68388			2.0		1.0	1.0					
5066.273	6.135000000000218	trials	5.0	5068.138307	5069.559800999999	5070.876125	5071.130118	5066.915333	5070.210695	5071.673	5072.408	1.0	2.0	1.0	1.0					
5076.388	6.481999999999971	trials	5.0	5078.73347	5079.9099559999995	5081.460776	5081.643647	5077.8127859999995	5080.747992	5082.188	5082.87	1.0	2.0	1.0	1.0					
5084.828	9.569999999999709	trials	5.0	5089.827593	5091.83205			5089.119132	5092.2160969999995			2.0		1.0	1.0					
5096.958	23.645000000000437	trials	5.0	5116.372862	5118.099937999999			5115.637884	5118.384101	5114.444	5114.483	2.0		1.0	1.0					
5123.118	7.964999999999236	trials	5.0	5127.423745	5129.2936740000005	5130.778270999999	5130.992238	5126.716476	5130.344238			1.0	1.0	0.0	3.0					
5134.123	9.9350000000004	trials	5.0	5140.103564999999	5141.554332			5139.342735	5141.851635			2.0		1.0	1.0					
5147.62	6.002999999999702	trials	5.0	5149.639008	5151.439538	5152.055462	5152.364071	5148.3685430000005	5151.522338999999	5152.868	5153.623	1.0	2.0	1.0	1.0					
5157.643	7.100000000000364	trials	5.0	5160.549104	5162.136204			5159.885952	5162.514514			2.0		1.0	1.0					
5168.183	5.289999999999964	trials	5.0	5169.844029	5171.215539	5172.511135999999	5173.486889	5169.108579	5171.962436			1.0	2.0	0.0	3.0					
5174.833	20.545000000000073	trials	5.0	5190.91332	5192.769784			5190.349251	5193.121134			2.0		1.0	1.0					
5198.841	9.281999999999243	trials	5.0	5203.953501	5205.4295409999995	5206.515315	5206.916918999999	5203.250947	5205.978105	5207.168	5208.123	1.0	2.0	1.0	1.0					
5212.138	13.94000000000051	trials	5.0	5214.514454	5216.562968	5225.623086	5226.090525	5213.521678	5217.140896999999			1.0	2.0	0.0	3.0					
5229.985	5.00800000000072	trials	5.0	5232.109047	5233.475974999999	5234.666493	5234.90682	5231.433053999999	5234.176396999999			1.0	1.0	0.0	3.0					
5239.003	27.045000000000073	trials	5.0	5260.045803	5261.45136	5265.3397939999995	5266.061346	5259.272034	5261.896901			1.0	1.0	0.0	3.0					
5269.668	12.061999999999898	trials	5.0	5278.149119	5280.186478	5281.383804	5281.639574	5277.2823659999995	5280.931005			1.0	1.0	0.0	3.0					
5283.743	15.295999999999367	trials	5.0	5296.369019	5297.63924	5298.676418999999	5299.042781	5295.62363	5298.2904770000005			1.0	2.0	0.0	3.0					
5303.053	9.185999999999694	trials	5.0	5308.909431	5310.275981	5311.920528	5312.202948	5308.301388	5311.522772			1.0	1.0	0.0	3.0					
5314.253	29.860999999999876	trials	5.0	5339.660043	5340.959418	5343.428522	5343.651296	5339.0194520000005	5342.994742999999			1.0	2.0	0.0	3.0					
5347.758	11.186000000000604	trials	5.0	5353.18146	5354.207057	5357.527319	5357.875395	5352.674156	5357.072322	5358.194	5358.944	1.0	2.0	1.0	1.0					
5361.002	7.425999999999476	trials	5.0	5364.086163	5365.886657999999	5367.068814	5367.340686	5363.131377	5366.51296	5367.708	5368.428	1.0	2.0	1.0	1.0					
5370.453	7.8149999999996	trials	5.0	5374.399599	5376.101025	5377.886001	5378.280516	5373.767320999999	5377.388521999999			1.0	2.0	0.0	3.0					
5380.253	14.420000000000073	trials	5.0	5390.944824	5392.503022999999	5393.461995	5393.682954	5390.4058270000005	5392.960488	5394.098	5394.673	1.0	2.0	1.0	1.0					
5397.698	27.904999999999745	trials	5.0	5422.546893	5423.906564999999	5425.290945	5425.5036359999995	5421.928182	5424.793458			1.0	2.0	0.0	3.0					
5428.659	9.149000000000342	trials	5.0	5433.936297	5435.182124999999	5437.464056	5437.739937	5433.248197999999	5437.001788			1.0	1.0	0.0	3.0					
5440.819	6.75	trials	5.0	5443.434986	5445.008559	5446.95082	5447.579508	5442.516533	5444.996793			1.0		0.0	2.0					
5449.069	20.753999999999905	trials	5.0	5466.865062	5468.531852	5469.489116	5469.8366399999995	5465.86728	5469.0880529999995			1.0	1.0	0.0	3.0					
5473.799	22.588999999999942	trials	5.0	5490.865271	5492.879019	5495.013698	5495.286593	5490.0172760000005	5494.519598999999	5495.658	5496.388	1.0	2.0	1.0	1.0					
5500.452	10.74200000000019	trials	5.0	5507.390454	5508.636434			5506.404993	5508.898238			2.0		1.0	1.0					
5514.683	12.305999999999585	trials	5.0	5522.230775	5523.943716	5525.586977999999	5525.862609	5521.5477630000005	5525.093210999999	5526.248	5526.989	1.0	2.0	1.0	1.0					
5531.013	36.529999999999745	trials	5.0	5563.015905	5564.357522	5566.002739	5566.349426999999	5562.36414	5565.419922	5566.798	5567.543	1.0	2.0	1.0	1.0					
5570.601	8.343000000000757	trials	5.0	5575.315877	5576.795349	5578.627966	5578.908275	5574.770393999999	5577.99593			1.0	1.0	0.0	3.0					
5582.958	11.106000000000677	trials	5.0	5590.871660999999	5592.026694	5593.407711	5593.700468999999	5590.058266	5592.905255			1.0	2.0	0.0	3.0					
5595.762	9.246000000000095	trials	5.0	5601.1009030000005	5602.5114140000005			5600.301566	5602.927785			2.0		1.0	1.0					
5607.543	24.695999999999913	trials	5.0	5629.4113259999995	5630.452737	5631.725256	5632.047965	5628.783163	5631.248519999999			1.0	2.0	0.0	3.0					
5635.039	13.60400000000027	trials	5.0	5645.547612	5647.403025	5648.288630999999	5648.657619	5644.649636	5647.780169			1.0	2.0	0.0	3.0					
5650.603	15.676000000000386	trials	5.0	5663.426681999999	5664.714171	5665.9613420000005	5666.271178999999	5662.629832	5665.423733			1.0	2.0	0.0	3.0					
5669.288	21.53100000000086	trials	5.0	5683.4463940000005	5685.231725	5690.383929	5690.834605	5682.493053	5685.285546			1.0	1.0	0.0	3.0					
5693.698	9.354999999999563	trials	5.0	5699.831574	5701.054803			5698.969808	5701.039751			2.0		0.0	2.0					
5705.073	6.822999999999411	trials	5.0	5707.213464	5709.174761	5710.461139	5710.725377999999	5706.321470999999	5709.994848	5711.098	5711.896	1.0	1.0	1.0	1.0					
5713.918	9.954999999999927	trials	5.0	5720.427249	5722.233606	5723.568501	5723.822732	5719.758358	5723.0122360000005			1.0	1.0	0.0	3.0					
5726.903	26.33599999999933	trials	5.0	5748.767261999999	5750.043738	5751.800078	5752.024036999999	5748.090717	5751.274944	5752.538	5753.239	1.0	2.0	1.0	1.0					
5755.311	37.88300000000072	trials	5.0	5788.55269	5789.872552999999	5791.64996	5791.9448489999995	5787.992886	5791.162992	5792.293	5793.194	1.0	2.0	1.0	1.0					
5796.098	24.675000000000182	trials	5.0	5817.068829	5818.224005			5816.198616	5818.578579			2.0		1.0	1.0					
5824.315	27.08300000000054	trials	5.0	5846.857142	5848.139558999999	5849.877576	5850.12506	5845.990077	5849.389302	5850.614	5851.398	1.0	1.0	1.0	1.0					
5854.418	6.0600000000004	trials	5.0	5857.387938	5858.68434	5860.173413	5860.476710999999	5856.6149669999995	5859.64164			1.0	2.0	0.0	3.0					
5864.489	13.144000000000233	trials	5.0	5870.791814	5872.775619	5876.834546	5877.648161	5869.871972999999	5873.140743			1.0	1.0	0.0	3.0					
5881.194	11.278999999999542	trials	5.0	5888.688550999999	5889.915829			5887.746627	5890.339889999999			2.0		1.0	1.0					
5894.953	13.49499999999989	trials	5.0	5905.272792	5906.876219	5908.13807	5908.434015	5904.458407	5907.669674999999			1.0	1.0	0.0	3.0					
5912.463	6.869999999999891	trials	5.0	5916.202614	5917.4847119999995	5919.02424	5919.318925	5915.685774	5918.574741			1.0	1.0	0.0	3.0					
5923.346	10.592000000000553	trials	5.0	5930.782821	5931.944598	5933.48385	5933.952369	5930.2163	5932.971092			1.0	2.0	0.0	3.0					
5935.803	26.80500000000029	trials	5.0	5958.498459	5960.05735			5957.7011999999995	5960.320527			2.0		1.0	1.0					
5965.128	7.575000000000728	trials	5.0	5968.902951	5970.317147	5972.390345	5972.713521	5968.350231	5971.8747220000005			1.0	2.0	0.0	3.0					
5974.705	9.40899999999965	trials	5.0	5980.424555	5981.559834			5979.559545	5981.982298999999			2.0		1.0	1.0					
5987.608	26.505999999999403	trials	5.0	6010.053758	6011.4933	6013.804529999999	6014.009615999999	6009.170619	6013.321676			1.0	2.0	0.0	3.0					
6017.123	10.055000000000291	trials	5.0	6024.323349	6026.084650999999	6026.871662	6027.141707	6023.423371999999	6026.391444			1.0	1.0	0.0	3.0					
6031.233	13.505999999999403	trials	5.0	6041.693171999999	6043.490255	6044.427476	6044.6715810000005	6041.124449999999	6043.9915280000005			1.0	1.0	0.0	3.0					
6046.768	19.454999999999927	trials	5.0	6062.649224	6064.610178	6065.918879	6066.1573339999995	6061.872778999999	6065.453328			1.0	1.0	0.0	3.0					
6068.263	14.079999999999927	trials	5.0	6078.658734	6079.794946			6077.713741	6080.121399			2.0		1.0	1.0					
6086.868	31.854999999999563	trials	5.0	6110.543715	6112.176942	6118.203	6118.723	6110.030962999999	6112.908437			1.0	1.0	0.0	3.0					
6122.556	11.252000000000407	trials	5.0	6129.899504999999	6131.2566	6133.484458999999	6133.740542	6129.358162999999	6133.062730999999			1.0	2.0	0.0	3.0					
6136.823	9.009999999999309	trials	5.0	6142.201238	6143.957224999999	6145.511589	6145.756199999999	6141.489	6145.072912999999			1.0	1.0	0.0	3.0					
6148.887	16.386000000000422	trials	5.0	6161.255906999999	6162.742364999999			6160.310702999999	6163.037482			2.0		1.0	1.0					
6169.77	23.932999999999993	trials	5.0	6189.047656999999	6190.726395999999	6193.329849	6193.704776	6188.384168	6192.896177999999			1.0	2.0	0.0	3.0					
6197.708	23.050000000000182	trials	5.0	6215.934748999999	6217.887142	6218.935366999999	6219.199843999999	6215.225849999999	6218.5243789999995	6219.694	6220.758	1.0	1.0	1.0	1.0					
6224.676	7.817000000000007	trials	5.0	6227.055877999999	6228.811564999999	6230.158151	6230.437518	6226.4207	6229.65522	6230.888	6232.493	1.0	2.0	1.0	1.0					
6233.858	14.069999999999709	trials	5.0	6244.075540999999	6245.368705999999	6246.781601999999	6247.040117	6243.453527	6246.30884			1.0	2.0	1.0	1.0					
6250.373	12.015000000000327	trials	5.0	6258.741819999999	6259.872418999999			6257.965805999999	6260.129018			2.0		1.0	1.0					
6265.904	6.863999999999578	trials	5.0	6269.3105749999995	6270.413059999999	6271.446043999999	6271.634504	6268.364780999999	6270.987932999999	6272.098	6272.768	1.0	2.0	1.0	1.0					
6276.838	10.329999999999927	trials	5.0	6283.031795999999	6284.361868999999	6285.5460299999995	6285.7133539999995	6282.4205569999995	6285.016186999999	6286.323	6287.168	1.0	1.0	1.0	1.0					
6290.293	8.230000000000473	trials	5.0	6294.072536	6295.507474999999			6293.299652999999	6296.3728439999995			2.0		1.0	1.0					
6302.093	6.436000000000604	trials	5.0	6303.791098999999	6305.802671999999	6306.961581	6307.238156999999	6303.202844999999	6306.487265	6307.663	6308.529	1.0	2.0	1.0	1.0					
6310.558	7.75	trials	5.0	6315.020476999999	6316.512236	6317.986972999999	6318.200851999999	6314.459652	6317.348563999999			1.0	1.0	0.0	3.0					
6320.319	33.04499999999916	trials	5.0	6344.270441999999	6345.708334999999	6353.091471	6353.360827999999	6343.596653	6346.279091999999			1.0	1.0	0.0	3.0					
6356.373	7.3400000000001455	trials	5.0	6359.3677769999995	6361.336883999999	6363.327218999999	6363.7145629999995	6358.620894999999	6362.780959999999			1.0	2.0	0.0	3.0					
6367.707	22.72099999999955	trials	5.0	6382.162415999999	6383.902458	6390.030233999999	6394.017956	6381.476486	6385.175026999999			1.0	1.0	0.0	3.0					
6392.453	5.989999999999782	trials	5.0	6395.611064999999	6396.4327109999995	6396.960932999999	6397.132473	6394.6520869999995	6396.422392999999			1.0		0.0	2.0					
6401.458	20.4950000000008	trials	5.0	6415.667551999999	6417.478031999999			6415.069767999999	6419.517843			2.0		1.0	1.0					
6426.308	5.175000000000182	trials	5.0	6428.591465999999	6429.423179999999			6428.048107	6429.417368999999			1.0		0.0	2.0					
6433.543	16.329999999999927	trials	5.0	6443.686240999999	6445.112507999999	6447.368243999999	6447.598821	6443.175577999999	6446.882465			1.0	1.0	0.0	3.0					
6451.724	16.953999999999724	trials	5.0	6464.566735999999	6466.190540999999	6467.213589999999	6467.442974999999	6463.607862999999	6466.750351999999	6467.833	6468.678	1.0	2.0	1.0	1.0					
6471.698	8.469999999999345	trials	5.0	6476.618246999999	6478.373920999999	6479.835399	6480.061103999999	6475.634109	6479.368838999999			1.0	1.0	0.0	3.0					
6482.178	7.760000000000218	trials	5.0	6486.712602	6488.242346999999	6489.613270999999	6489.880407	6485.931379999999	6489.166901			1.0	2.0	0.0	3.0					
6491.948	26.599999999999454	trials	5.0	6515.917375999999	6516.973759999999	6518.218469999999	6518.387376	6515.320334999999	6517.761294999999			1.0	2.0	0.0	3.0					
6521.603	11.664999999999964	trials	5.0	6528.806788999999	6530.709043999999			6527.967803	6531.000926999999			2.0		1.0	1.0					
6537.843	5.730000000000473	trials	5.0	6539.658812999999	6541.289596	6542.992431	6543.574559999999	6538.847309999999	6542.504311999999			1.0	2.0	0.0	3.0					
6546.323	31.0	trials	5.0	6573.618337999999	6574.871791999999	6576.790085999999	6577.324551	6572.974544999999	6576.271658			1.0	2.0	0.0	3.0					
6579.123	36.410000000000764	trials	5.0	6612.455453999999	6613.818868999999	6615.194380999999	6615.5253569999995	6611.601943999999	6614.601725999999			1.0	2.0	0.0	3.0					
6618.543	31.395000000000437	trials	5.0	6635.88769	6637.765506	6645.725864999999	6646.307024	6635.103668	6639.081587999999			1.0	1.0	0.0	3.0					
6650.108	16.55999999999949	trials	5.0	6662.352449999999	6664.156201			6661.465638999999	6664.444331999999			2.0		1.0	1.0					
6669.188	11.305000000000291	trials	5.0	6677.737598999999	6678.483557999999			6677.0198279999995	6678.472398999999			1.0		0.0	2.0					
6684.498	9.920000000000073	trials	5.0	6691.092908999999	6693.109366999999	6694.016756999999	6694.422318999999	6690.110663999999	6693.449699999999			1.0	2.0	0.0	3.0					
6697.358	14.371000000000095	trials	5.0	6707.994443999999	6709.959770999999	6711.399469999999	6711.732421999999	6707.026913	6710.966637999999			1.0	2.0	0.0	3.0					
6715.723	15.5	trials	5.0	6727.477613999999	6729.2661929999995	6729.873869999999	6730.171824999999	6726.899229	6729.396252999999	6730.688	6731.223	1.0	2.0	1.0	1.0					
6733.258	13.989999999999782	trials	5.0	6743.888413	6745.479724999999	6746.516323999999	6747.253232999999	6743.053042	6745.674541999999			1.0	1.0	0.0	3.0					
6750.859	4.585000000000036	trials	5.0	6752.848088999999	6753.439399999999			6751.558485999999	6753.430608			1.0		0.0	2.0					
6757.452	60.85099999999966	trials	5.0	6813.928795999999	6815.680079			6813.273041999999	6816.061663999999			2.0		1.0	1.0					
6821.803	9.039999999999964	trials	5.0	6825.078734999999	6826.8899599999995	6829.329986999999	6829.449876	6824.401501999999	6827.20037	6829.029	6830.843	2.0		1.0	1.0					
6833.864	9.939000000000306	trials	5.0	6837.563619	6839.0714419999995			6836.721653	6839.064648			2.0		0.0	2.0					
6845.093	22.375	trials	5.0	6863.384094999999	6864.565548	6867.093965999999	6867.435033	6862.834653999999	6866.648119999999			1.0	2.0	0.0	3.0					
6869.478	11.68499999999949	trials	5.0	6877.370045999999	6878.862047999999	6880.509402	6881.166809999999	6876.75297	6880.070951999999			1.0	1.0	0.0	3.0					
6883.884	21.679000000000087	trials	5.0	6899.9787799999995	6901.355509999999	6904.021064	6904.2811169999995	6899.219563	6903.545150999999	6904.694	6905.563	1.0	2.0	1.0	1.0					
6908.589	10.304000000000087	trials	5.0	6914.8487939999995	6915.886887	6917.452173	6917.7364259999995	6913.897937	6916.985675999999	6918.203	6918.893	1.0	2.0	1.0	1.0					
6920.955	12.38799999999992	trials	5.0	6929.169547999999	6930.680828999999			6928.454279999999	6931.180630999999			2.0		1.0	1.0					
6937.833	7.484000000000378	trials	5.0	6939.669650999999	6940.865596999999	6944.8230889999995	6945.302736	6938.044880999999	6941.388642999999			1.0	1.0	0.0	3.0					
6948.301	25.103000000000065	trials	5.0	6969.024367999999	6970.770911	6971.6743989999995	6972.042931999999	6968.036683999999	6971.221333999999	6972.383	6973.404	1.0	2.0	1.0	1.0					
6976.424	7.1710000000002765	trials	5.0	6979.929689999999	6981.963188	6983.262177	6983.432171999999	6979.377943999999	6982.778189999999			1.0	1.0	0.0	3.0					
6987.608	29.574999999999818	trials	5.0	7013.471399999999	7015.414274999999	7016.769993999999	7017.185716999999	7012.580639999999	7016.286110999999			1.0	2.0	0.0	3.0					
7021.15	19.53900000000067	trials	5.0	7036.965012	7038.631769999999			7035.979727999999	7038.628194999999			2.0		0.0	2.0					
7044.749	12.831000000000131	trials	5.0	7052.911028999999	7054.1861579999995	7056.097918999999	7056.365126999999	7052.24447	7055.648536999999	7056.798	7057.58	1.0	2.0	1.0	1.0					
7061.508	31.050000000000182	trials	5.0	7088.291522999999	7090.045738999999			7087.689826999999	7090.4561189999995			2.0		1.0	1.0					
7095.088	10.3100000000004	trials	5.0	7102.180087999999	7103.341978999999			7101.507889999999	7103.335547			1.0		0.0	2.0					
7107.445	12.177999999999884	trials	5.0	7115.599855999999	7116.861340999999			7114.661458999999	7117.426903999999			2.0		1.0	1.0					
7123.188	22.454999999999927	trials	5.0	7141.580483999999	7143.576376999999	7144.538159	7144.882446	7140.604718999999	7144.064326999999			1.0	2.0	1.0	1.0					
7149.093	27.186000000000604	trials	5.0	7171.747007999999	7172.972185999999			7171.235213999999	7173.986867999999			2.0		1.0	1.0					
7178.794	8.668999999999869	trials	5.0	7184.404951999999	7185.675227	7187.065935	7187.467441999999	7183.425535999999	7186.427887999999			1.0	2.0	0.0	3.0					
7190.443	17.789999999999964	trials	5.0	7203.695510999999	7205.116977	7206.886121	7207.189106999999	7202.934520999999	7206.401672999999	7207.733	7208.233	1.0	2.0	1.0	1.0					
7212.272	19.54700000000048	trials	5.0	7228.515519	7229.817206999999	7231.499818999999	7231.738619	7227.54012	7231.025690999999			1.0	2.0	0.0	3.0					
7233.875	12.792999999999665	trials	5.0	7242.335987999999	7244.087981999999	7245.312383999999	7245.578631999999	7241.681761999999	7244.8619309999995	7246.583	7246.668	1.0	2.0	1.0	1.0					
7248.694	14.713999999999942	trials	5.0	7258.5206339999995	7259.675917999999	7261.676954	7262.086490999999	7257.980081999999	7261.260694999999	7262.393	7263.408	1.0	2.0	1.0	1.0					
7266.458	7.946000000000822	trials	5.0	7271.254061999999	7272.847736999999	7274.077922999999	7274.348537999999	7270.254670999999	7273.5476929999995			1.0	1.0	0.0	3.0					
7276.418	9.920000000000073	trials	5.0	7283.10132	7284.408122999999	7286.008093999999	7286.343520999999	7282.557126	7285.496216999999			1.0	2.0	0.0	3.0					
7289.358	29.005999999999403	trials	5.0	7310.860924999999	7312.679440999999	7317.757964999999	7318.368188999999	7309.883260999999	7313.507559			1.0	1.0	0.0	3.0					
7322.138	10.404999999999745	trials	5.0	7327.6631449999995	7328.844829999999	7330.760826	7331.174744999999	7326.757964999999	7330.248586999999	7331.473	7332.543	1.0	1.0	1.0	1.0					
7334.468	12.864999999999782	trials	5.0	7344.446222	7345.883368999999	7347.02543	7347.263095999999	7343.490999	7346.5341069999995			1.0	1.0	0.0	3.0					
7350.358	10.52099999999973	trials	5.0	7356.481540999999	7358.0680919999995			7355.933107999999	7358.688703999999			2.0		1.0	1.0					
7364.408	4.894999999999527	trials	5.0	7366.203296999999	7367.302965999999	7368.964454999999	7369.306800999999	7365.481226999999	7368.496240999999			1.0	2.0	0.0	3.0					
7371.332	21.23700000000008	trials	5.0	7388.211705	7389.868038999999	7391.051020999999	7391.296777999999	7387.676557999999	7390.5800389999995	7391.763	7392.569	1.0	2.0	1.0	1.0					
7396.498	9.170000000000073	trials	5.0	7401.222104999999	7403.106854999999			7400.576642999999	7403.467468999999			2.0		1.0	1.0					
7408.248	9.980000000000473	trials	5.0	7411.891862999999	7413.809367	7416.187946999999	7416.756984	7411.074902999999	7414.370069999999	7416.838	7418.228	1.0	1.0	1.0	1.0					
7420.248	7.9350000000004	trials	5.0	7425.457489999999	7427.284309999999	7427.870852999999	7428.155153999999	7424.636315999999	7427.4159199999995			1.0	1.0	0.0	3.0					
7431.194	16.134000000000015	trials	5.0	7443.288209999999	7444.6840059999995	7445.850546	7446.1594939999995	7442.287495999999	7445.329496999999	7446.513	7447.328	1.0	2.0	1.0	1.0					
7450.388	8.984999999999673	trials	5.0	7455.061910999999	7457.058639999999			7454.066411999999	7457.288225999999			2.0		1.0	1.0					
7463.913	11.955000000000837	trials	5.0	7467.507358999999	7469.171147999999	7473.805618999999	7474.466630999999	7466.978170999999	7469.673293999999			1.0	1.0	0.0	3.0					
7476.123	22.140000000000327	trials	5.0	7493.892320999999	7495.220084	7496.765157	7497.065030999999	7493.2115189999995	7496.266396999999	7497.529	7498.263	1.0	2.0	1.0	1.0					
7502.317	15.639000000000124	trials	5.0	7514.222843999999	7515.3957359999995	7517.628763999999	7517.956907	7513.327141999999	7516.132957999999			1.0	1.0	0.0	3.0					
7521.998	19.860000000000582	trials	5.0	7537.382484	7539.285075			7536.757460999999	7539.567015999999			2.0		1.0	1.0					
7544.328	7.875	trials	5.0	7547.722551999999	7549.635949999999			7546.859758999999	7549.938439999999			2.0		1.0	1.0					
7554.663	7.525000000000546	trials	5.0	7558.958257999999	7560.899044999999	7561.863839	7562.097019999999	7558.201642999999	7561.256699999999			1.0	1.0	0.0	3.0					
7565.198	11.460000000000036	trials	5.0	7572.767777999999	7574.1394199999995	7575.160763999999	7575.427319999999	7571.876531999999	7574.725817	7575.933	7576.658	1.0	2.0	1.0	1.0					
7578.723	68.3060000000005	trials	5.0	7644.232673999999	7645.025285	7645.874453999999	7646.288836999999	7643.36421	7645.021202999999			1.0		0.0	2.0					
7649.078	18.6899999999996	trials	5.0	7659.738082999999	7661.649128999999	7666.191816	7666.545079999999	7658.884957999999	7663.424213999999	7666.873	7667.768	1.0	2.0	1.0	1.0					
7670.796	33.5679999999993	trials	5.0	7701.402899999999	7702.659849	7703.819197999999	7704.370491	7700.688144	7703.386965			1.0	2.0	0.0	3.0					
7708.194	39.02899999999954	trials	5.0	7742.603596999999	7744.658299999999			7741.847559	7744.932470999999			2.0		1.0	1.0					
7750.728	19.835000000000036	trials	5.0	7766.1296999999995	7768.1355619999995	7770.241549999999	7770.505025999999	7765.399459999999	7768.840955			1.0	1.0	0.0	3.0					
7774.573	5.730999999999767	trials	5.0	7776.393905999999	7777.86601	7779.972655999999	7780.3119209999995	7775.798996999999	7779.589787999999			1.0	2.0	0.0	3.0					
7783.306	11.963000000000648	trials	5.0	7792.210282999999	7793.505929999999	7794.904256	7795.274522	7791.3726019999995	7794.420232999999			1.0	2.0	0.0	3.0					
7799.248	11.545000000000073	trials	5.0	7806.2194309999995	7807.605887999999	7809.185270999999	7809.490618999999	7805.33872	7808.662582999999	7809.908	7810.793	1.0	2.0	1.0	1.0					
7812.888	26.595000000000255	trials	5.0	7836.318896999999	7838.085095999999	7839.167261999999	7839.463297999999	7835.800007999999	7838.704983			1.0	2.0	0.0	3.0					
7841.493	42.98999999999978	trials	5.0	7880.169805999999	7881.927433999999	7884.173210999999	7884.370411999999	7879.506527999999	7883.434829			1.0	1.0	0.0	3.0					
7887.538	11.645000000000437	trials	5.0	7895.1659469999995	7896.877739999999			7894.311491999999	7897.064861999999			2.0		1.0	1.0					
7903.723	10.939000000000306	trials	5.0	7909.774552999999	7911.62138	7914.289300999999	7914.5502639999995	7909.172793	7912.325499			1.0	1.0	0.0	3.0					
7917.677	28.876000000000204	trials	5.0	7943.8149889999995	7945.339662999999	7946.224628999999	7946.512514999999	7943.067781	7945.738544999999			1.0	2.0	0.0	3.0					
7948.609	16.85399999999936	trials	5.0	7961.774626999999	7962.957983999999			7960.783081999999	7963.244465999999			2.0		1.0	1.0					
7968.99	23.608000000000175	trials	5.0	7989.345151999999	7991.0307649999995	7992.281287999999	7992.46343	7988.752360999999	7991.832339			1.0	1.0	0.0	3.0					
7996.608	18.154999999999745	trials	5.0	8011.779689999999	8013.044270999999	8014.4410849999995	8014.679015	8010.856528999999	8014.056175999999			1.0	1.0	0.0	3.0					
8017.773	21.182999999999993	trials	5.0	8035.126801999999	8036.701639999999	8038.563482	8038.963559999999	8034.322544999999	8038.121582			1.0	1.0	0.0	3.0					
8042.898	17.68000000000029	trials	5.0	8051.069941	8052.985660999999	8057.288764999999	8060.273551999999	8050.128153	8053.338061999999			1.0	1.0	0.0	3.0					
8061.67	11.609000000000378	trials	5.0	8064.685594999999	8066.6878289999995	8069.422102999999	8073.291122999999	8063.990757	8067.027776999999			1.0	1.0	0.0	3.0					
8073.788	4.0600000000004	trials	5.0	8075.376874999999	8075.8427759999995	8076.755638999999	8077.117249999999	8073.903160999999	8075.836390999999			1.0		0.0	2.0					
8080.858	14.590000000000146	trials	5.0	8091.910456999999	8093.165303999999	8095.107714	8095.457501999999	8091.000286999999	8094.7039859999995			1.0	1.0	0.0	3.0					
8098.478	29.420000000000073	trials	5.0	8123.551330999999	8125.398098999999			8122.819063999999	8125.653616999999			2.0		1.0	1.0					
8130.498	25.69000000000051	trials	5.0	8150.825687999999	8152.210768999999	8154.521204999999	8154.827132999999	8149.926157999999	8154.050936	8155.253	8156.188	1.0	2.0	1.0	1.0					
8158.096	16.35700000000088	trials	5.0	8170.551476999999	8171.958332999999	8174.002509	8174.4661479999995	8169.7528999999995	8173.487933999999			1.0	2.0	0.0	3.0					
8178.328	33.61999999999989	trials	5.0	8201.256435	8202.302932999999	8210.406620999998	8210.776202	8200.343078	8204.169941	8211.069	8211.948	1.0	2.0	1.0	1.0					
8215.013	9.125	trials	5.0	8220.531303	8222.472695999999	8223.817036	8224.094506	8219.56224	8223.227835			1.0	1.0	0.0	3.0					
8226.194	14.485000000000582	trials	5.0	8236.842023	8238.235926	8239.303622	8239.543802999999	8236.310237999998	8238.827624	8240.008	8240.679	1.0	2.0	1.0	1.0					
8242.718	8.534999999999854	trials	5.0	8247.871174	8249.255039	8250.223007999999	8250.316175	8247.060296	8249.250831			1.0		0.0	2.0					
8254.268	16.155000000000655	trials	5.0	8267.63301	8268.689342999998	8270.071280999999	8270.435314999999	8266.818657	8269.656243			1.0	2.0	0.0	3.0					
8272.411	10.957000000000335	trials	5.0	8280.127930999999	8281.566114	8282.910683999999	8283.378923999999	8279.488588999999	8282.433154999999			1.0	2.0	0.0	3.0					
8286.289	31.068999999999505	trials	5.0	8313.071922	8315.008464999999			8312.409681	8315.040052999999			2.0		1.0	1.0					
8321.859	6.295000000000073	trials	5.0	8323.446666	8325.207642			8322.656900999998	8325.448896	8327.168	8328.154	2.0		1.0	1.0					
8330.176	9.337000000001353	trials	5.0	8336.262306999999	8338.134106	8339.079215999998	8339.523909	8335.284606	8338.58092			1.0	2.0	0.0	3.0					
8341.413	9.494999999998981	trials	5.0	8346.977459999998	8348.706586999999	8350.36622	8350.921653	8346.407013	8349.796793			1.0	2.0	0.0	3.0					
8353.694	164.08899999999994	trials	5.0	8514.14322	8515.474976			8513.399328	8515.619606999999			2.0		1.0	1.0					
8522.254	5.304000000000087	trials	5.0	8523.838511999998	8524.963534999999			8522.646193999999	8525.282068999999			2.0		1.0	1.0					
8531.063	6.834999999999127	trials	5.0	8533.095124	8534.989679999999	8536.442794999999	8536.708131	8532.264017	8535.921955999998	8537.158	8537.898	1.0	2.0	1.0	1.0					
8539.958	9.659999999999854	trials	5.0	8544.868451999999	8546.534400999999	8547.932571	8548.278414	8544.347763	8547.395558	8548.538	8549.618	1.0	2.0	1.0	1.0					
8553.635	9.083000000000538	trials	5.0	8557.612651	8559.195211999999	8562.391082999999	8562.729285	8556.844262999999	8559.1823			1.0		0.0	2.0					
8565.198	14.3799999999992	trials	5.0	8575.908189	8576.998405999999			8574.988718999999	8577.279187999999			2.0		1.0	1.0					
8582.043	6.600000000000364	trials	5.0	8585.103222	8587.007523	8588.199423999999	8588.655039	8584.142597999999	8587.711239			1.0	2.0	0.0	3.0					
8591.521	15.172999999998865	trials	5.0	8603.379818	8604.725171999999	8606.169504	8606.702874999999	8602.415081	8605.626691			1.0	2.0	0.0	3.0					
8609.489	17.27900000000045	trials	5.0	8622.158592	8623.463920999999	8626.422761999998	8626.779954999998	8621.600395	8625.791519999999			1.0	2.0	0.0	3.0					
8630.743	11.626000000000204	trials	5.0	8639.645289	8640.850282	8642.060979	8642.348047	8638.928173999999	8641.59767			1.0	2.0	0.0	3.0					
8646.428	15.780000000000655	trials	5.0	8657.670286999999	8659.09089	8660.915314999998	8661.199211	8656.730913	8660.394413999999	8661.593	8662.208	1.0	2.0	1.0	1.0					
8664.236	8.216999999998734	trials	5.0	8668.710663	8670.196509	8672.375048999998	8672.754445999999	8667.861197999999	8671.78786			1.0	2.0	0.0	3.0					
8675.749	2298.804	BlockDesign														1.0	430.0	528.0	50.0	10.0
8675.749	14.59900000000016	trials	6.0	8686.513712	8687.739742999998			8685.809582	8687.996450999999			2.0		1.0	1.0					
8694.8	14.347999999999956	trials	6.0	8705.174273999999	8706.535829999999			8704.571901	8707.026182			2.0		1.0	1.0					
8712.654	9.368999999998778	trials	6.0	8716.368382999999	8717.448207	8720.296014	8720.652643	8715.561773	8719.795891999998	8720.973	8722.023	1.0	1.0	1.0	1.0					
8723.848	8.045000000000073	trials	6.0	8728.385303	8729.893195999999			8727.439578	8729.880453			1.0		0.0	2.0					
8734.904	20.818999999999505	trials	6.0	8751.500132	8753.221536	8755.404545	8755.656993999999	8750.605318	8754.081863			1.0	1.0	0.0	3.0					
8758.779	16.073999999998705	trials	6.0	8771.373543	8772.460806	8774.365971	8774.867187	8770.563559999999	8773.178195999999			1.0	2.0	0.0	3.0					
8776.688	22.05999999999949	trials	6.0	8787.6796	8789.400540999999	8797.064006999999	8797.669888	8786.818895999999	8789.590693999999	8797.864	8798.748	1.0	1.0	1.0	1.0					
8802.819	14.824000000000524	trials	6.0	8813.149168	8814.584660999999	8815.923455999999	8816.183367999998	8812.46028	8815.521732	8816.525	8817.643	1.0	1.0	1.0	1.0					
8819.592	14.403000000000247	trials	6.0	8829.998871	8831.896577	8832.363291	8832.589638	8829.003676999999	8831.879697			1.0		0.0	2.0					
8838.003	564.0299999999988	trials	6.0	9397.580174	9399.464071			9396.844967	9399.859338			2.0		1.0	1.0					
9404.553	8.226000000000568	trials	6.0	9407.866493	9409.44174	9410.801111	9411.087887	9406.862066	9410.210738	9411.453	9412.779	1.0	2.0	1.0	1.0					
9416.813	10.07799999999952	trials	6.0	9422.205695	9424.021556	9426.507751	9426.86115	9421.540361	9425.716751			1.0	2.0	0.0	3.0					
9428.854	9.869000000000597	trials	6.0	9433.935148	9435.69541	9438.385302	9438.655051	9433.020695	9436.371917			1.0	1.0	0.0	3.0					
9442.733	17.677999999999884	trials	6.0	9454.465234	9456.427801	9460.068851	9460.410175	9453.78451	9458.013737			1.0	2.0	0.0	3.0					
9462.404	16.113999999999578	trials	6.0	9474.350562	9475.797464	9478.173118	9478.513923	9473.729883	9477.431793			1.0	2.0	0.0	3.0					
9480.513	16.180999999998676	trials	6.0	9490.67054	9491.897408	9494.941788	9495.302459	9489.779962	9494.453673	9495.648	9496.694	1.0	1.0	1.0	1.0					
9498.713	14.130000000001019	trials	6.0	9508.88158	9510.382426	9512.4751	9512.840441	9508.128816	9511.926856			1.0	1.0	0.0	3.0					
9514.819	22.769000000000233	trials	6.0	9533.2912	9535.01345			9532.572361	9535.354261			2.0		1.0	1.0					
9541.058	10.864999999999782	trials	6.0	9546.98077	9548.424595	9551.598194	9551.853053	9546.179662	9550.118057			1.0	2.0	0.0	3.0					
9554.933	29.524999999999636	trials	6.0	9580.310687	9581.893079			9579.42745	9582.292619			2.0		1.0	1.0					
9588.978	7.511000000000422	trials	6.0	9592.706746	9593.826571	9596.147066	9596.392927	9592.00217	9595.665962			1.0	1.0	0.0	3.0					
9599.498	12.115999999999985	trials	6.0	9607.396016	9608.55322			9606.868178	9609.371447			2.0		1.0	1.0					
9616.183	7.269999999998618	trials	6.0	9618.306547	9620.07444	9621.539677	9621.848531	9617.774653	9621.046564	9622.239	9623.453	1.0	2.0	1.0	1.0					
9626.478	10.150000000001455	trials	6.0	9632.551213	9634.463705	9636.305158	9636.588227	9631.948539	9635.701003			1.0	1.0	0.0	3.0					
9639.654	10.0	trials	6.0	9642.176092	9644.026072	9646.483436	9646.936213	9641.496376	9645.654866			1.0	2.0	0.0	3.0					
9650.85	13.708999999998923	trials	6.0	9661.792126	9662.898301	9664.160297	9664.539506	9661.010682	9663.623049			1.0	2.0	0.0	3.0					
9667.558	20.06499999999869	trials	6.0	9682.666919	9683.867875	9685.816988	9686.23276	9681.727927	9685.291119	9686.463	9687.623	1.0	1.0	1.0	1.0					
9690.698	7.029999999998836	trials	6.0	9694.896302	9696.058151	9697.403722	9697.596026	9694.186495	9696.901112			1.0	1.0	0.0	3.0					
9701.734	15.304000000000087	trials	6.0	9713.191289	9714.528583			9712.271236	9714.787971			2.0		1.0	1.0					
9721.605	10.328000000001339	trials	6.0	9723.573861	9725.000039	9731.498937	9731.934574	9722.9258	9727.12622			1.0	2.0	0.0	3.0					
9735.828	15.411000000000058	trials	6.0	9746.721794000001	9748.549343	9750.874049	9751.242323	9746.103871	9750.365755			1.0	2.0	0.0	3.0					
9753.233	38.375	trials	6.0	9787.137623	9788.8636	9791.175081	9791.60799	9786.243797	9790.601899			1.0	2.0	0.0	3.0					
9793.558	11.57799999999952	trials	6.0	9801.29265	9803.228085	9804.780054	9805.136335	9800.363279	9804.157151			1.0	1.0	0.0	3.0					
9809.123	26.8700000000008	trials	6.0	9831.852478	9833.429637			9831.350554	9833.891096	9821.078	9829.703	2.0		1.0	1.0					
9838.528	9.949999999998909	trials	6.0	9843.892929	9845.161108	9848.146934	9848.46578	9842.975531	9847.479629			1.0	2.0	0.0	3.0					
9851.489	24.584000000000742	trials	6.0	9873.362167	9874.498328	9875.736186	9876.030177	9872.411096	9875.313982			1.0	1.0	0.0	3.0					
9878.083	63.774999999999636	trials	6.0	9937.258071	9939.021434	9940.335113000001	9940.620857	9936.450176	9939.907433	9941.148	9941.858	1.0	1.0	1.0	1.0					
9944.878	8.239999999999782	trials	6.0	9949.083301	9950.302753			9948.28325	9950.941243			2.0		1.0	1.0					
9956.643	6.720999999999549	trials	6.0	9958.554363	9960.36458	9961.613552	9961.96186	9957.829526	9961.1057	9962.293	9963.364	1.0	1.0	1.0	1.0					
9965.388	12.094999999999345	trials	6.0	9971.369967	9972.694634	9973.887002	9974.113472000001	9970.382506	9973.257742			1.0	1.0	0.0	3.0					
9978.213	25.441000000000713	trials	6.0	10000.463927	10001.914792	10003.335241	10003.542056	9999.576566	10002.897707			1.0	1.0	0.0	3.0					
10006.683	14.089999999998327	trials	6.0	10016.228747	10017.380674	10019.22359	10019.294692	10015.575967	10018.686392	10019.973	10020.773	1.0	1.0	1.0	1.0					
10024.789	5.048999999999069	trials	6.0	10026.808897	10028.069807	10029.509587	10029.694285	10025.924341	10029.017124			1.0	1.0	0.0	3.0					
10031.848	8.010000000000218	trials	6.0	10036.068506	10037.345647			10035.341562	10037.727763			2.0		1.0	1.0					
10042.37	9.497999999999593	trials	6.0	10047.01013	10048.986977	10050.37119	10050.675242	10046.189096	10049.827325	10051.073	10051.868	1.0	2.0	1.0	1.0					
10054.888	17.26599999999962	trials	6.0	10067.799397	10069.585292			10067.211329	10069.962076			2.0		1.0	1.0					
10076.663	5.424999999999272	trials	6.0	10078.799371000001	10080.570733	10081.630331	10082.088919	10077.831281	10081.099836			1.0	2.0	0.0	3.0					
10085.009	44.32899999999972	trials	6.0	10118.898782	10120.426118	10127.475268	10128.091025	10118.166541	10122.02215	10128.333	10129.338	1.0	1.0	1.0	1.0					
10131.374	19.15899999999965	trials	6.0	10145.214662	10146.414827	10148.645107	10149.050701	10144.381179	10148.253782	10149.478	10150.533	1.0	1.0	1.0	1.0					
10153.603	5.895000000000437	trials	6.0	10156.370699	10157.666452	10159.160396	10159.495139	10155.378098	10158.747584			1.0	1.0	0.0	3.0					
10163.493	6.6159999999999854	trials	6.0	10166.08463	10167.346586			10165.445	10168.04328			2.0		1.0	1.0					
10172.654	7.843999999999141	trials	6.0	10176.660868	10178.436602	10179.442576	10179.737782	10175.730425	10178.430953			1.0		0.0	2.0					
10182.505	18.278000000000247	trials	6.0	10196.714866	10198.476152			10195.832056	10198.712143			2.0		1.0	1.0					
10204.308	6.5	trials	6.0	10206.674996	10208.250719			10205.751587	10208.500613	10210.383	10210.808	2.0		1.0	1.0					
10214.828	4.790000000000873	trials	6.0	10216.694711	10217.971524	10219.291021000001	10219.612279	10215.351787	10218.842756			1.0	2.0	0.0	3.0					
10221.62	7.8879999999990105	trials	6.0	10225.107065	10226.739545	10227.96431	10228.22462	10224.515441	10227.493774	10228.753	10229.508	1.0	1.0	1.0	1.0					
10232.548	5.156999999999243	trials	6.0	10234.770082	10236.078365	10237.325632	10237.709902	10234.111913	10236.86273			1.0	1.0	0.0	3.0					
10239.653	13.579999999999927	trials	6.0	10248.451835	10249.882147	10252.523265	10253.236169	10247.881828	10252.071794			1.0	2.0	0.0	3.0					
10256.853	9.44000000000051	trials	6.0	10262.411864	10264.001473	10264.840159	10265.081965	10261.794871	10264.36625	10265.569	10266.293	1.0	1.0	1.0	1.0					
10268.364	24.27400000000125	trials	6.0	10284.510451	10285.552132	10290.916487	10291.421194	10283.571566	10286.585107	10291.623	10292.638	1.0	1.0	1.0	1.0					
10296.668	11.800000000001091	trials	6.0	10305.787037	10306.832488	10308.143518	10308.408952	10304.952421	10307.728801			1.0	1.0	0.0	3.0					
10311.483	12.444999999999709	trials	6.0	10319.989862	10321.767488	10323.528377	10323.930008	10319.23075	10323.035296			1.0	2.0	0.0	3.0					
10325.859	19.703999999999724	trials	6.0	10342.555522	10343.931365	10345.234019	10345.555088000001	10341.782884	10344.790885			1.0	1.0	0.0	3.0					
10349.573	37.83100000000013	trials	6.0	10383.405491	10384.842559			10382.480311	10385.151703			2.0		1.0	1.0					
10390.944	5.408999999999651	trials	6.0	10392.725921	10394.692463	10396.038097	10396.096393	10392.115858000001	10395.549035			1.0	1.0	0.0	3.0					
10400.363	13.61700000000019	trials	6.0	10410.747229	10412.499551	10413.652126	10413.976611	10410.188449	10413.227812000001			1.0	2.0	0.0	3.0					
10417.013	51.36499999999978	trials	6.0	10432.452442	10433.644268	10466.53973	10467.115524	10431.471739	10434.313832	10467.364	10468.378	1.0	1.0	1.0	1.0					
10470.453	16.670000000000073	trials	6.0	10483.05628	10484.558295			10482.284356	10484.841125			2.0		1.0	1.0					
10489.599	7.074000000000524	trials	6.0	10493.467363	10495.240673	10496.310504000001	10496.678111	10492.534082	10495.885538			1.0	1.0	0.0	3.0					
10498.643	49.38999999999942	trials	6.0	10543.446589	10545.435007	10547.715844	10547.872741	10542.765389	10546.150231			1.0	1.0	0.0	3.0					
10551.043	9.104999999999563	trials	6.0	10555.736693	10557.585122			10555.069304	10558.062923			2.0		1.0	1.0					
10563.636	17.707000000000335	trials	6.0	10577.962753	10579.145887	10581.007979	10581.350587	10577.365097	10580.469274			1.0	2.0	0.0	3.0					
10585.343	16.35099999999875	trials	6.0	10597.417838	10599.323836			10596.684935	10599.611821			2.0		1.0	1.0					
10605.158	7.135000000000218	trials	6.0	10607.751335	10608.939107	10611.882409	10612.299581	10607.171629	10611.424547			1.0	2.0	0.0	3.0					
10615.204	17.41899999999987	trials	6.0	10627.991923	10629.798517	10630.964329	10631.370032	10627.227401	10630.455840999999	10631.678	10632.623	1.0	1.0	1.0	1.0					
10636.698	8.670000000000073	trials	6.0	10639.374191	10640.419613	10643.679346	10643.941814	10638.755321	10643.285494	10644.408	10645.368	1.0	1.0	1.0	1.0					
10649.458	6.860999999998967	trials	6.0	10652.257484	10653.799169	10654.791038	10655.017195	10651.368521	10654.336255	10655.473	10656.319	1.0	1.0	1.0	1.0					
10658.338	11.885000000000218	trials	6.0	10665.492664	10667.02916	10668.014179	10668.234281000001	10664.83192	10667.587276	10668.628	10670.223	1.0	1.0	1.0	1.0					
10672.265	13.962999999999738	trials	6.0	10682.093466	10683.50617	10684.570883	10684.952596	10681.155921	10684.169906	10685.279	10686.228	1.0	1.0	1.0	1.0					
10689.273	7.81000000000131	trials	6.0	10693.317628	10694.524272999999			10692.482704	10695.012922			2.0		1.0	1.0					
10699.548	9.329999999999927	trials	6.0	10705.848026	10707.476959	10708.554418	10708.803949000001	10705.215242	10708.056747999999			1.0	2.0	0.0	3.0					
10710.903	16.251000000000204	trials	6.0	10722.342878	10723.566899	10725.561914	10725.867125	10721.667961	10725.150491	10726.228	10727.154	1.0	1.0	1.0	1.0					
10731.168	7.790000000000873	trials	6.0	10734.655999999999	10736.449556			10734.017306	10736.756762			2.0		1.0	1.0					
10742.48	7.868000000000393	trials	6.0	10746.708449	10747.839866			10746.015274	10748.245777			2.0		1.0	1.0					
10752.903	7.4760000000005675	trials	6.0	10755.013351	10756.114581			10754.373388	10756.617259			2.0		1.0	1.0					
10762.888	5.8659999999999854	trials	6.0	10765.883177	10767.294688	10768.404836	10768.760084	10764.950178	10767.932522			1.0	1.0	0.0	3.0					
10772.783	23.765000000001237	trials	6.0	10788.192953	10789.974757	10790.886293	10791.325613	10787.327396	10790.48575	10791.623	10792.593	1.0	1.0	1.0	1.0					
10796.658	5.730000000001382	trials	6.0	10798.249681	10799.700135	10802.065715	10802.335576	10796.55734	10800.787801			1.0	2.0	0.0	3.0					
10804.444	8.269000000000233	trials	6.0	10808.353603	10810.072251	10811.129663	10811.438002	10807.401365	10810.641719	10811.823	10812.713	1.0	1.0	1.0	1.0					
10816.733	6.690000000000509	trials	6.0	10820.353509	10822.065385	10823.106242	10823.38892	10819.476509	10822.675259			1.0	1.0	0.0	3.0					
10826.468	14.503999999998996	trials	6.0	10836.875194	10838.651633			10836.223789	10838.806516			2.0		1.0	1.0					
10843.478	6.926000000001295	trials	6.0	10846.523762	10847.645533	10849.95961	10850.413291	10845.840013	10849.358746			1.0	2.0	0.0	3.0					
10853.288	20.104999999999563	trials	6.0	10870.060892	10871.836108	10872.99316	10873.401631	10869.377774	10872.58316			1.0	1.0	0.0	3.0					
10877.338	11.350000000000364	trials	6.0	10885.133923	10886.751458	10888.142425	10888.696799	10884.516383	10887.559376000001			1.0	2.0	0.0	3.0					
10890.463	19.355999999999767	trials	6.0	10906.205797	10907.49032	10909.500379000001	10909.793293	10905.527027	10909.104593			1.0	1.0	0.0	3.0					
10913.828	7.690000000000509	trials	6.0	10916.984005	10918.126724	10919.971633000001	10920.347668	10916.370739	10919.458552	10920.673	10921.518	1.0	1.0	1.0	1.0					
10925.543	10.454999999999927	trials	6.0	10932.626033	10934.491934	10935.514487	10935.727282	10931.971111	10935.04577			1.0	1.0	0.0	3.0					
10939.003	12.409999999999854	trials	6.0	10948.349194	10949.688554	10951.043783000001	10951.408405	10947.814307	10950.646015			1.0	1.0	0.0	3.0					
10953.364	21.189000000000306	trials	6.0	10969.724374	10971.286118	10972.949159	10973.176625	10969.061989	10972.555052	10973.614	10974.553	1.0	1.0	1.0	1.0					
10977.633	440.46000000000095	BlockDesign														1.0	529.0	560.0	90.0	50.0
10977.633	7.880000000001019	trials	7.0	10981.604432	10982.825711	10983.92906	10984.187447	10980.722744	10983.530728	10984.708	10985.513	1.0	1.0	1.0	1.0					
10989.53	14.990999999999985	trials	7.0	11000.774935	11002.516520000001	11002.948121	11003.217889	11000.146658	11002.543688	10994.239	11004.521	1.0	1.0	1.0	1.0					
11007.654	7.404000000000451	trials	7.0	11011.239853	11012.950922	11013.450995	11013.646772	11010.672284	11013.061015	11014.228	11015.058	1.0	1.0	1.0	1.0					
11018.082	9.501000000000204	trials	7.0	11024.899408	11026.517888	11027.261743	11027.500819	11023.969288	11026.801511			1.0	1.0	0.0	3.0					
11029.644	15.385000000000218	trials	7.0	11040.855811	11042.910979	11043.956573	11044.21232	11040.042233	11043.501857			1.0	1.0	1.0	1.0					
11047.503	7.430000000000291	trials	7.0	11051.310208	11052.879403	11053.452625	11053.646746	11050.425541	11052.937196	11054.063	11054.933	1.0	1.0	1.0	1.0					
11057.948	6.684999999999491	trials	7.0	11061.126187	11062.633258			11060.418349	11062.6159			1.0		0.0	2.0					
11067.643	13.430000000000291	trials	7.0	11076.960643	11078.437505			11075.998807	11078.70109	11080.793	11081.073	2.0		1.0	1.0					
11085.148	22.079999999999927	trials	7.0	11103.565619	11105.233071999999	11105.672855	11105.841628	11102.718551	11105.224118			1.0		0.0	2.0					
11110.288	8.014999999999418	trials	7.0	11114.640142	11116.304735			11113.973518	11116.292179			2.0		0.0	2.0					
11122.309	5.689000000000306	trials	7.0	11123.880676	11125.085549	11126.034587	11126.314427	11122.334482	11125.658709	11126.938	11127.998	1.0	1.0	1.0	1.0					
11132.018	16.604999999999563	trials	7.0	11144.61496	11146.152225	11146.944928	11147.289254	11143.75818	11146.553833	11147.673	11148.623	1.0	1.0	1.0	1.0					
11150.638	13.224999999998545	trials	7.0	11159.551018	11161.293994	11162.247691	11162.506739	11158.786262	11161.865188	11162.888	11163.863	1.0	1.0	1.0	1.0					
11167.887	11.575999999999112	trials	7.0	11170.730429	11172.672311			11170.040849	11173.068364			2.0		1.0	1.0					
11179.823	5.014999999999418	trials	7.0	11181.716284	11182.840063			11179.471495	11182.830304			1.0		0.0	2.0					
11187.886	37.402000000000044	trials	7.0	11221.252132	11222.597798	11223.737606	11224.130957	11220.580943	11223.428843	11224.368	11225.288	1.0	1.0	1.0	1.0					
11227.308	7.7149999999983265	trials	7.0	11230.899547	11232.463074			11230.104404	11232.785312			2.0		1.0	1.0					
11237.498	7.149999999999636	trials	7.0	11240.571254	11242.105367	11243.017646	11243.311673	11239.80745	11242.571534	11243.733	11244.648	1.0	1.0	1.0	1.0					
11248.766	6.097999999999956	trials	7.0	11251.101416	11251.694131	11254.809931	11254.872601	11250.122537	11251.677893			1.0		0.0	2.0					
11255.75	10.227999999999156	trials	7.0	11262.391637	11263.982999			11261.522438	11263.976582			1.0		0.0	2.0					
11268.029	20.618999999998778	trials	7.0	11284.766214	11285.875511	11286.975926	11287.322099	11283.814925	11286.441658	11287.688	11288.648	1.0	2.0	1.0	1.0					
11290.758	7.190000000000509	trials	7.0	11293.951347	11295.211052	11296.333374	11296.589856999999	11293.247731	11295.915322	11297.073	11297.948	1.0	1.0	1.0	1.0					
11301.013	7.094999999999345	trials	7.0	11304.097677	11305.544619	11306.565794	11306.827978000001	11303.274158	11306.168923000001	11307.223	11308.108	1.0	1.0	1.0	1.0					
11312.178	16.38000000000102	trials	7.0	11324.80651	11326.462019	11326.851625	11327.128061	11323.879949	11326.481953	11327.573	11328.558	1.0	1.0	1.0	1.0					
11330.578	9.630000000001019	trials	7.0	11335.957895	11337.110723	11338.148657	11338.687636999999	11335.009651	11337.49522			2.0		0.0	4.0					
11343.218	9.350999999998749	trials	7.0	11348.156189000001	11350.013435			11347.36572	11350.352423			2.0		1.0	1.0					
11355.148	6.4210000000002765	trials	7.0	11357.628476	11359.061829			11357.016241000001	11359.390968			2.0		1.0	1.0					
11365.133	6.835000000000946	trials	7.0	11368.181732000001	11369.368432	11370.178496	11370.449687	11367.446960000001	11369.727404000001	11370.989	11371.968	1.0	1.0	1.0	1.0					
11375.078	6.140000000001237	trials	7.0	11377.708864	11378.755246	11379.571684	11379.966145	11376.814621	11379.185086	11380.383	11381.218	1.0	1.0	1.0	1.0					
11384.234	6.8840000000000146	trials	7.0	11387.36161	11388.435006	11389.49282	11389.759568	11386.521835	11389.082036	11390.223	11391.118	1.0	1.0	1.0	1.0					
11395.138	6.140999999999622	trials	7.0	11397.007566	11398.076044	11399.540485	11399.732241	11396.262161	11399.151572	11400.323	11401.279	1.0	1.0	1.0	1.0					
11403.355	14.738000000001193	trials	7.0	11413.427671	11415.438711	11416.26232	11416.476245	11412.863374	11415.862082	11416.958	11418.093	1.0	1.0	1.0	1.0					
11420.167	7376.531000000001	BlockDesign														1.0	561.0	898.0	50.0	90.0
11420.167	9.27100000000064	trials	8.0	11425.117076	11426.872869			11424.435636	11427.267908			2.0		1.0	1.0					
11431.958	13.969999999999345	trials	8.0	11441.703286	11443.358042			11441.112294999999	11443.754507			2.0		1.0	1.0					
11448.498	6.565000000000509	trials	8.0	11450.662244	11452.559513			11449.756909	11452.942468000001			2.0		1.0	1.0					
11458.578	4.925000000001091	trials	8.0	11460.334109	11461.919414	11463.183931	11463.45118	11459.669189	11462.618317			1.0	1.0	0.0	3.0					
11466.513	20.3849999999984	trials	8.0	11482.161893	11483.324273			11481.218986	11484.751964			2.0		1.0	1.0					
11490.426	5.6120000000009895	trials	8.0	11492.547698	11494.610457	11495.730793	11496.039556	11491.780368	11495.121512			1.0	1.0	0.0	3.0					
11498.094	7.167000000001281	trials	8.0	11501.886577000001	11503.439371	11504.903709	11504.991896	11501.271557	11504.419287			1.0	1.0	0.0	3.0					
11509.228	26.4950000000008	trials	8.0	11532.787212	11534.561828	11535.400905999999	11535.688223000001	11532.114721	11535.048535			1.0	1.0	0.0	3.0					
11538.733	16.74499999999898	trials	8.0	11551.883088999999	11553.479922999999			11550.889826	11553.476387			2.0		0.0	2.0					
11558.534	7.59400000000096	trials	8.0	11561.658455	11563.314641	11564.546714	11564.954346999999	11561.088332	11564.157668	11565.258	11566.128	1.0	1.0	1.0	1.0					
11568.198	9.465000000000146	trials	8.0	11572.438126000001	11574.215134	11575.765544	11576.172184	11571.869467	11575.244024	11568.198	11577.663	1.0	2.0	1.0	1.0					
11580.678	7.450000000000728	trials	8.0	11583.443158	11584.809925	11586.179119	11586.426685	11582.659281	11585.649028	11586.833	11588.128	1.0	1.0	1.0	1.0					
11592.148	5.6710000000002765	trials	8.0	11594.004367	11595.631003999999	11596.460742	11596.699139	11593.292299	11595.982976	11597.228	11597.819	1.0	2.0	1.0	1.0					
11599.919	11.963999999999942	trials	8.0	11605.423832	11606.53522	11610.076169	11610.693856	11604.888811	11608.767953	11610.853	11611.883	1.0	1.0	1.0	1.0					
11613.904	10.084999999999127	trials	8.0	11619.825218	11621.815748	11622.877195000001	11623.16984	11619.058094	11622.386696			1.0	2.0	1.0	1.0					
11627.454	10.364999999999782	trials	8.0	11631.218843	11632.830064	11635.43239	11635.76591	11630.655775	11633.251395	11636.218	11637.819	1.0	1.0	1.0	1.0					
11641.864	5.95299999999952	trials	8.0	11644.033451	11645.202355			11643.164393	11645.662988			2.0		1.0	1.0					
11652.245	18.063000000000102	trials	8.0	11667.788070999999	11669.440167	11669.827573	11670.133006	11666.797699	11669.42498			1.0	1.0	0.0	3.0					
11674.198	11.549999999999272	trials	8.0	11681.795356999999	11683.189122	11684.331385	11684.607718	11681.198873	11683.886647	11684.993	11685.748	1.0	2.0	1.0	1.0					
11688.808	8.674999999999272	trials	8.0	11691.130211	11692.730407	11693.644907	11693.973831	11690.136859	11693.186894			1.0	1.0	0.0	3.0					
11697.973	14.079999999999927	trials	8.0	11709.443509	11711.368686	11711.726084	11712.051005000001	11708.926555	11711.332187			1.0	1.0	0.0	3.0					
11716.073	14.081000000000131	trials	8.0	11726.139891	11728.020811	11728.634557	11728.956109	11725.468205000001	11728.217684	11729.228	11730.154	1.0	2.0	1.0	1.0					
11732.13	15.94800000000032	trials	8.0	11743.144468	11744.97604	11746.467502	11746.733756	11742.612056	11746.000978	11747.148	11748.078	1.0	1.0	1.0	1.0					
11750.194	7.539000000000669	trials	8.0	11754.744137	11755.736116	11756.255797	11756.390118	11754.018745	11755.733148			1.0		0.0	2.0					
11761.785	17.722999999999956	trials	8.0	11775.674654	11777.071205	11777.941853	11778.235325	11775.129056	11777.510673	11778.668	11779.508	1.0	2.0	1.0	1.0					
11782.409	7.564000000000306	trials	8.0	11786.949489999999	11788.697891	11789.591809	11789.984365	11786.136836	11789.143785			1.0	2.0	0.0	3.0					
11792.913	11.325999999999112	trials	8.0	11800.225213	11801.6863			11799.689834	11802.133654000001			2.0		1.0	1.0					
11806.819	6.929000000000087	trials	8.0	11809.249265	11811.196886			11808.584099	11811.521845			2.0		1.0	1.0					
11818.291	11.007000000001426	trials	8.0	11825.014976	11826.477349	11827.883889	11828.183068	11824.459008	11827.33571	11828.598	11829.298	1.0	2.0	1.0	1.0					
11832.398	7.131000000001222	trials	8.0	11835.64937	11837.535593			11834.766568	11837.526647			2.0		0.0	2.0					
11842.539	6.404999999998836	trials	8.0	11844.796196	11846.146472			11843.055085	11846.661073			2.0		1.0	1.0					
11852.514	8.079000000001543	trials	8.0	11854.635803000001	11856.021712	11858.638925	11859.22497	11853.935732	11856.691292	11859.234	11860.593	1.0	1.0	1.0	1.0					
11864.62	7.302999999999884	trials	8.0	11868.118202	11870.040434	11871.565372000001	11871.883372	11867.604754	11870.859997			1.0	1.0	0.0	3.0					
11875.984	6.8289999999997235	trials	8.0	11878.354623	11879.992103	11881.253435	11881.453362	11877.426080000001	11880.796438	11881.963	11882.813	1.0	1.0	1.0	1.0					
11886.933	5.674999999999272	trials	8.0	11888.875399	11890.054691	11891.12423	11891.417976	11887.990998000001	11890.637328	11891.934	11892.608	1.0	2.0	1.0	1.0					
11896.673	6.704999999999927	trials	8.0	11900.554963999999	11901.952423	11903.026599	11903.374364	11899.808125	11902.477981			1.0	1.0	0.0	3.0					
11907.439	14.304000000000087	trials	8.0	11913.614617	11915.153491000001			11912.743806999999	11915.510724			2.0		1.0	1.0					
11922.263	4.039999999999054	trials	8.0	11924.1967	11924.304601			11921.756819	11924.291575			1.0		0.0	2.0					
11929.313	14.354999999999563	trials	8.0	11939.837291	11941.552741	11943.059713999999	11943.364345	11938.929421	11942.687079			1.0	1.0	0.0	3.0					
11946.373	14.579999999999927	trials	8.0	11958.242078	11959.886042	11960.646385	11960.958485	11957.595622	11959.991807			1.0	1.0	0.0	3.0					
11963.968	12.674999999999272	trials	8.0	11973.797171	11975.772076000001	11976.330635	11976.517942999999	11972.928719	11975.878213			1.0	2.0	0.0	3.0					
11979.65	10.398000000001048	trials	8.0	11986.365681	11987.619095	11989.249862	11990.058376	11985.698633	11988.764749			1.0	2.0	0.0	3.0					
11991.578	15.605999999999767	trials	8.0	12002.78549	12004.625963			12002.193622	12004.889288			2.0		1.0	1.0					
12009.651	10.596999999999753	trials	8.0	12016.057547	12017.305511	12018.578725	12018.821655	12015.119672	12018.154927	12019.303	12020.248	1.0	1.0	1.0	1.0					
12022.268	9.670000000000073	trials	8.0	12026.507081	12028.456821	12030.286765	12030.614832	12025.611725	12029.873642	12030.893	12031.938	1.0	1.0	1.0	1.0					
12035.983	9.924999999999272	trials	8.0	12041.405681	12042.727646	12044.395187	12044.667451000001	12040.653618	12043.864907	12045.173	12045.908	1.0	2.0	1.0	1.0					
12047.973	7.684999999999491	trials	8.0	12052.602523	12054.332219	12055.341548	12055.601236999999	12051.91382	12054.882731			1.0	1.0	0.0	3.0					
12057.698	11.610000000000582	trials	8.0	12065.470037	12066.759247	12069.004351	12069.244585	12064.779482	12068.454482000001			1.0	1.0	0.0	3.0					
12071.328	12.32300000000032	trials	8.0	12080.375842	12081.747568	12083.289686	12083.565378	12079.702055	12082.85648			1.0	1.0	0.0	3.0					
12086.624	13.398999999999432	trials	8.0	12095.231121	12096.874823	12098.546144	12098.87375	12094.336426	12098.073028	12099.223	12100.023	1.0	2.0	1.0	1.0					
12102.043	8.895000000000437	trials	8.0	12106.551599	12108.242639	12109.492665	12109.762388	12105.836247	12108.892331	12110.133	12110.938	1.0	2.0	1.0	1.0					
12113.044	8.793999999999869	trials	8.0	12117.292094	12118.392427	12120.316096999999	12120.563455	12116.637708	12119.823872	12121.053	12121.838	1.0	2.0	1.0	1.0					
12123.868	9.920000000000073	trials	8.0	12128.566781	12130.214636	12132.084558999999	12132.472223	12128.019737	12131.523455	12132.718	12133.788	1.0	2.0	1.0	1.0					
12137.804	13.324000000000524	trials	8.0	12145.601539	12147.002502	12150.592349	12150.722867	12144.894416	12149.085326			1.0	1.0	0.0	3.0					
12153.153	6.376000000000204	trials	8.0	12155.366534	12157.22825			12154.499471	12157.407296			2.0		1.0	1.0					
12163.063	7.350000000000364	trials	8.0	12167.120979	12168.602615	12170.103983	12170.428032	12166.332787	12169.551218			1.0	1.0	0.0	3.0					
12174.418	535.585000000001	trials	8.0	12706.703062	12708.634269	12709.43235	12710.00469	12705.983	12708.967698			1.0	2.0	0.0	3.0					
12711.803	18.774999999999636	trials	8.0	12726.453232	12728.003993999999			12725.800785	12728.322708			2.0		1.0	1.0					
12733.083	7.695999999999913	trials	8.0	12736.357157999999	12738.208945			12735.486106	12738.547435999999			2.0		1.0	1.0					
12743.283	17.920000000000073	trials	8.0	12757.199268999999	12758.633921			12756.248878	12758.963704			2.0		1.0	1.0					
12765.667	6.346000000001368	trials	8.0	12767.347835999999	12768.709928	12770.501734	12770.846824	12766.194661	12769.902959	12771.188	12772.013	1.0	2.0	1.0	1.0					
12774.108	12.280000000000655	trials	8.0	12780.628305	12782.130645	12784.423358	12784.959547	12779.886498	12783.919711			1.0	1.0	0.0	3.0					
12787.761	45.05799999999908	trials	8.0	12827.261865999999	12828.644006	12831.281038	12831.583996	12826.651976	12830.81049	12831.989	12832.819	1.0	1.0	1.0	1.0					
12836.858	6.924999999999272	trials	8.0	12839.017915	12840.190734	12842.145138	12842.416027	12838.276965	12841.583059	12842.883	12843.783	1.0	1.0	1.0	1.0					
12846.749	11.459000000000742	trials	8.0	12850.018474	12851.934830999999	12856.444897	12856.949566	12849.463179999999	12852.720773	12857.103	12858.208	1.0	1.0	1.0	1.0					
12861.263	12.274999999999636	trials	8.0	12870.119945999999	12871.700762999999	12873.112611999999	12873.53945	12869.469184	12872.63985			1.0	1.0	0.0	3.0					
12876.528	18.69499999999971	trials	8.0	12886.854379999999	12888.219849			12886.119666999999	12888.585319			2.0		1.0	1.0					
12895.358	4.469999999999345	trials	8.0	12897.214014	12898.445155	12899.513018	12899.754891	12895.227246	12899.024884			1.0	1.0	0.0	3.0					
12901.883	13.675000000001091	trials	8.0	12911.119834	12912.664896999999	12914.034322	12914.226732	12910.452444	12913.555852	12914.739	12915.558	1.0	1.0	1.0	1.0					
12919.605	6.913000000000466	trials	8.0	12922.428774	12924.260420999999	12924.843318	12925.16341	12921.425712	12924.386708	12925.523	12926.518	1.0	1.0	1.0	1.0					
12930.563	5.690000000000509	trials	8.0	12932.318862	12933.577191	12934.722745	12934.913903	12931.691889	12934.232205	12935.478	12936.253	1.0	1.0	1.0	1.0					
12938.319	9.28399999999965	trials	8.0	12943.55363	12945.090908			12942.839249	12945.424265			2.0		1.0	1.0					
12951.168	6.885000000000218	trials	8.0	12954.85584	12956.671149	12957.726515999999	12957.98274	12954.090683	12957.176293			1.0	1.0	0.0	3.0					
12961.109	9.60399999999936	trials	8.0	12966.049084999999	12967.607017	12969.218991	12969.484858	12965.245697999999	12968.721102	12969.878	12970.713	1.0	1.0	1.0	1.0					
12974.793	8.710000000000946	trials	8.0	12979.124426999999	12980.986234	12981.865086	12982.144758	12978.586704	12981.397482	12982.508	12983.503	1.0	1.0	1.0	1.0					
12985.569	11.514000000001033	trials	8.0	12990.204292999999	12991.826294999999	12996.40812	12997.085082	12989.635956	12992.791861			1.0	1.0	0.0	3.0					
12999.748	19.31000000000131	trials	8.0	13014.855695999999	13016.323105	13017.348468	13017.635682	13014.148033	13016.942421	13018.158	13019.058	1.0	1.0	1.0	1.0					
13022.105	7.858000000000175	trials	8.0	13026.425043	13027.960549	13028.447404999999	13028.537214	13025.457043	13027.953099999999			1.0		0.0	2.0					
13032.013	33.95999999999913	trials	8.0	13062.429304	13064.193609	13065.645412	13065.867057	13061.544189	13065.178474			1.0	1.0	0.0	3.0					
13068.983	19.840000000000146	trials	8.0	13080.969718	13082.497890999999			13080.170707	13082.783644			2.0		1.0	1.0					
13089.373	8.395000000000437	trials	8.0	13091.364674999999	13091.931772			13088.825608	13091.926398			2.0		0.0	2.0					
13097.993	7.975000000000364	trials	8.0	13099.934471999999	13101.579298999999	13104.198969	13104.211718999999	13099.192004	13102.222227999999	13104.848	13105.968	1.0	1.0	1.0	1.0					
13108.983	5.850000000000364	trials	8.0	13111.840253999999	13113.501887	13114.513273	13114.756753	13111.056864	13114.077931			1.0	1.0	0.0	3.0					
13116.883	9.210000000000946	trials	8.0	13123.014627999999	13124.861646	13125.778765	13125.984768999999	13122.422014	13125.402171			1.0	1.0	0.0	3.0					
13128.103	8.695000000001528	trials	8.0	13133.434782999999	13134.667462	13136.469849	13136.693127999999	13132.578712	13136.070722999999			1.0	1.0	0.0	3.0					
13140.808	14.289999999999054	trials	8.0	13150.400106	13152.124045	13153.500925	13153.853061	13149.45918	13153.032320999999	13154.283	13155.098	1.0	1.0	1.0	1.0					
13159.164	5.279999999998836	trials	8.0	13161.385332	13163.064951	13164.01611	13164.446689999999	13160.459499	13163.582728			1.0	1.0	0.0	3.0					
13166.408	22.095000000001164	trials	8.0	13183.239543	13185.092306	13186.909008999999	13187.176671	13182.276949	13186.346598	13187.573	13188.503	1.0	2.0	1.0	1.0					
13192.528	6.626000000000204	trials	8.0	13196.404692	13197.984324	13198.766404	13199.156701	13195.679128	13198.312564			1.0	2.0	0.0	3.0					
13203.089	10.209000000000742	trials	8.0	13209.451842999999	13210.731265999999			13208.694513999999	13210.993953			2.0		1.0	1.0					
13215.864	26.459000000000742	trials	8.0	13238.145134999999	13239.971176	13240.938865	13241.217115	13237.238032	13240.470589	13241.819	13242.323	1.0	2.0	1.0	1.0					
13245.423	13.324999999998909	trials	8.0	13254.62178	13255.862029	13257.27882	13257.546432	13254.075963	13256.783344	13258.013	13258.748	1.0	2.0	1.0	1.0					
13260.763	24.529999999998836	trials	8.0	13282.18051	13283.285253			13281.302373999999	13283.280615			2.0		1.0	1.0					
13288.823	6.649999999999636	trials	8.0	13291.42627	13293.037409999999	13293.935685	13294.156982999999	13290.637648	13293.45061	13294.638	13295.473	1.0	2.0	1.0	1.0					
13297.539	8.793999999999869	trials	8.0	13302.760999	13303.870143	13304.666181999999	13304.959066	13301.877187	13304.211	13305.298	13306.333	1.0	2.0	1.0	1.0					
13308.399	12.092000000000553	trials	8.0	13317.275472	13318.405778	13319.373258	13319.657476	13316.341531	13318.846528			1.0	2.0	1.0	1.0					
13324.944	14.47400000000016	trials	8.0	13335.372680999999	13337.182761	13338.047004	13338.235279	13334.458773	13337.605252	13338.833	13339.418	1.0	2.0	1.0	1.0					
13342.533	9.694999999999709	trials	8.0	13348.226332	13350.004314	13350.579931	13350.764103	13347.256968	13350.038679	13351.439	13352.228	1.0	2.0	1.0	1.0					
13355.049	10.598999999998341	trials	8.0	13362.030823	13363.333309			13361.314986	13363.377223			2.0		1.0	1.0					
13370.128	25.274999999999636	trials	8.0	13391.716312	13392.842408999999			13390.92423	13393.320038			2.0		1.0	1.0					
13397.972	6.326000000000931	trials	8.0	13399.956973	13401.087991	13402.716046	13402.994755	13399.411272	13401.767049	13403.473	13404.298	1.0	1.0	1.0	1.0					
13407.414	7.456000000000131	trials	8.0	13411.681994999999	13412.860028			13410.719742	13412.855013999999			1.0		0.0	2.0					
13417.883	7.7450000000008	trials	8.0	13421.298465	13423.31796	13424.163109	13424.358349	13420.308216	13423.680379	13424.758	13425.628	1.0	2.0	1.0	1.0					
13428.648	7.510000000000218	trials	8.0	13432.031148	13434.018281999999	13434.804402	13435.022300999999	13431.276582999999	13434.365055999999	13435.543	13436.158	1.0	2.0	1.0	1.0					
13439.268	9.774999999999636	trials	8.0	13444.498414	13446.782079999999			13443.769752	13447.034892			2.0		1.0	1.0					
13451.578	9.451000000000931	trials	8.0	13455.351795999999	13457.123943999999	13460.338104999999	13461.035281	13454.786232	13457.638863			1.0	1.0	0.0	3.0					
13464.908	19.825000000000728	trials	8.0	13481.498502999999	13482.581615	13483.34309	13483.587988	13480.555708	13482.873459999999	13484.033	13484.733	1.0	2.0	1.0	1.0					
13486.768	36.26300000000083	trials	8.0	13516.097668	13517.756327			13515.277183	13517.749765			2.0		0.0	2.0					
13523.878	4.679000000000087	trials	8.0	13525.477018	13526.505016	13527.010043999999	13527.471642999999	13523.035909	13526.486842			1.0		0.0	2.0					
13532.613	32.92500000000109	trials	8.0	13562.962384	13564.224876	13565.231554	13565.487319	13561.973828999999	13564.832876999999			1.0	1.0	0.0	3.0					
13568.548	13.289999999999054	trials	8.0	13577.562147999999	13578.773941	13580.417862	13580.692362	13576.803531	13579.993089	13581.194	13581.838	1.0	2.0	1.0	1.0					
13584.904	8.34900000000016	trials	8.0	13588.882830999999	13590.059471999999	13591.513729	13591.783813	13588.235026	13591.078993	13592.203	13593.253	1.0	1.0	1.0	1.0					
13595.203	10.274999999999636	trials	8.0	13601.152065999999	13602.97191			13600.502194	13603.24833			2.0		1.0	1.0					
13608.048	7.440999999998894	trials	8.0	13612.142324999999	13613.640573	13614.932631	13615.493584	13611.434029	13614.373678			1.0	1.0	0.0	3.0					
13617.254	13.708999999998923	trials	8.0	13627.873862999999	13629.531393	13630.514608	13630.967896	13627.357081	13630.035484			1.0	1.0	0.0	3.0					
13632.853	15.570000000001528	trials	8.0	13643.057893	13644.729604	13646.13263	13646.604777	13642.134231	13645.109043	13646.948	13648.423	1.0	1.0	1.0	1.0					
13652.444	5.439000000000306	trials	8.0	13654.423310999999	13655.814526	13656.819633	13657.060803999999	13653.621369999999	13656.386865999999			1.0	1.0	1.0	1.0					
13660.418	8.90099999999984	trials	8.0	13665.197991	13666.694248			13664.546551	13666.981033			2.0		1.0	1.0					
13671.72	8.13800000000083	trials	8.0	13675.677931	13677.603732			13674.862546	13677.843352			2.0		1.0	1.0					
13683.423	12.609999999998763	trials	8.0	13689.653617	13690.928453999999	13694.078098	13694.321163	13689.047599	13691.730402	13694.843	13696.033	1.0	2.0	1.0	1.0					
13699.774	7.804000000000087	trials	8.0	13703.28934	13704.4563	13706.005513	13706.275611	13702.473431999999	13705.515476999999	13706.733	13707.578	1.0	1.0	1.0	1.0					
13710.689	7.843999999999141	trials	8.0	13714.290072	13715.436110999999	13717.029351	13717.324983999999	13713.744762999999	13716.562762	13717.668	13718.533	1.0	2.0	1.0	1.0					
13721.603	10.0	trials	8.0	13726.329472	13727.47734	13729.903468	13730.321743	13725.421744	13728.053716	13730.708	13731.603	1.0	1.0	1.0	1.0					
13735.676	8.162000000000262	trials	8.0	13737.678772	13738.770241			13736.431015	13738.75953			2.0		0.0	2.0					
13744.828	4.944999999999709	trials	8.0	13746.548628	13747.775359	13748.264208999999	13748.519229	13743.847721999999	13747.763818			1.0		0.0	2.0					
13752.833	8.010000000000218	trials	8.0	13756.184071	13758.106727999999	13759.276453	13759.57336	13755.336553	13758.714423	13759.989	13760.843	1.0	2.0	1.0	1.0					
13762.858	9.664999999999054	trials	8.0	13768.063504	13769.836629	13771.076331	13771.382182	13767.434755	13770.488427	13771.763	13772.523	1.0	2.0	1.0	1.0					
13776.563	6.380999999999403	trials	8.0	13779.089098	13780.60939	13781.379228	13781.661167999999	13778.334612999999	13780.918722999999	13782.114	13782.944	1.0	2.0	1.0	1.0					
13785.963	9.1200000000008	trials	8.0	13792.543904999999	13793.867924999999	13794.766604999999	13795.050013	13791.771358	13794.264599999999			1.0	1.0	0.0	3.0					
13798.138	21.07499999999891	trials	8.0	13815.204978	13816.873437999999	13817.873926	13818.094951	13814.680144	13817.430127	13818.603	13819.213	1.0	2.0	1.0	1.0					
13823.233	7.899999999999636	trials	8.0	13826.809126	13828.766791			13825.816698999999	13828.999152			2.0		1.0	1.0					
13835.648	6.225000000000364	trials	8.0	13837.818803999999	13839.645559	13840.253693999999	13840.555074	13836.82201	13839.760527	13841.063	13841.873	1.0	2.0	1.0	1.0					
13843.95	40.52399999999943	trials	8.0	13880.714608	13881.950569			13880.142909	13882.241184999999			2.0		1.0	1.0					
13887.03	8.938000000000102	trials	8.0	13890.533696999999	13892.254512			13889.547848999999	13892.528617	13894.398	13895.968	2.0		1.0	1.0					
13898.984	11.078999999999724	trials	8.0	13906.599382	13908.062229	13908.681868	13908.89358	13905.785059	13908.057197999999			1.0		0.0	2.0					
13913.078	12.380000000001019	trials	8.0	13920.644626	13922.473609	13924.800184	13925.465934	13919.975767	13924.164686			1.0	2.0	0.0	3.0					
13929.178	32.076999999999316	trials	8.0	13956.595377	13958.576608	13960.786903	13961.264487999999	13955.718592	13960.185058			1.0	2.0	0.0	3.0					
13963.108	44.22999999999956	trials	8.0	14002.854917999999	14004.691299	14005.655659	14005.895817	14002.084275	14005.147171	14006.404	14007.338	1.0	1.0	1.0	1.0					
14011.354	4.914000000000669	trials	8.0	14013.36996	14014.856733	14015.956986	14016.204384	14012.793834	14015.493371999999			1.0	1.0	0.0	3.0					
14020.278	20.953999999999724	trials	8.0	14037.354705	14038.611767999999			14036.611055	14038.988764			2.0		1.0	1.0					
14043.681	9.807999999999083	trials	8.0	14049.085471	14050.350777	14052.008479	14052.355545999999	14048.372448	14051.485746999999	14052.868	14053.489	1.0	2.0	1.0	1.0					
14056.526	12.462999999999738	trials	8.0	14063.640669	14064.892314			14062.881241	14064.888767999999			2.0		0.0	2.0					
14070.904	18.009000000000015	trials	8.0	14084.810002	14086.236966999999	14087.494730999999	14087.727799	14084.009209	14087.04283	14088.098	14088.913	1.0	1.0	1.0	1.0					
14092.933	6.024999999999636	trials	8.0	14095.216084	14096.767213	14097.513167	14097.714938	14094.234344999999	14097.129135	14098.228	14098.958	1.0	1.0	1.0	1.0					
14102.025	7.173000000000684	trials	8.0	14106.565473999999	14107.990384	14108.863206	14109.182544	14105.687523	14108.410474			1.0	1.0	0.0	3.0					
14112.203	19.835000000000946	trials	8.0	14129.200197	14131.116770999999	14131.734622	14131.923622	14128.521099	14131.295682			1.0	1.0	0.0	3.0					
14134.098	17.174999999999272	trials	8.0	14147.105813999999	14148.878606999999	14149.734034	14149.934607	14146.12783	14149.239007	14150.404	14151.273	1.0	1.0	1.0	1.0					
14154.228	6.906000000000859	trials	8.0	14156.565720999999	14157.852447	14159.023812	14159.168004	14156.019081	14158.571554			1.0	1.0	0.0	3.0					
14162.339	18.494000000000597	trials	8.0	14176.180623	14177.612390999999	14178.89589	14179.29446	14175.562914999999	14178.409722999999			1.0	1.0	0.0	3.0					
14181.239	15.584000000000742	trials	8.0	14192.586201	14194.068885			14191.899295	14194.61506			2.0		1.0	1.0					
14201.393	5.114999999999782	trials	8.0	14202.950851	14204.508754			14201.736468	14204.505952			1.0		0.0	2.0					
14208.563	16.625	trials	8.0	14222.015818	14223.157627	14224.873061999999	14225.147485	14221.2555	14224.429521			1.0	1.0	0.0	3.0					
14227.214	10.543999999999869	trials	8.0	14233.446234	14234.907679	14236.292965	14236.499482	14232.696174	14235.809836	14237.048	14237.758	1.0	2.0	1.0	1.0					
14239.779	9.59900000000016	trials	8.0	14245.093122	14246.9682	14247.731505	14247.980442	14244.552826	14247.341908	14248.348	14249.378	1.0	2.0	1.0	1.0					
14252.417	8.21100000000115	trials	8.0	14256.061128	14258.046844999999	14259.125038	14259.391228	14255.429854	14258.655719999999	14259.933	14260.628	1.0	2.0	1.0	1.0					
14263.553	41.47600000000057	trials	8.0	14300.696013	14302.433823	14303.445942999999	14303.796887999999	14299.915311	14303.013793	14304.101	14305.029	1.0	1.0	1.0	1.0					
14309.043	12.840000000000146	trials	8.0	14318.316509	14319.983127	14320.43738	14320.646251	14317.475896	14320.001915	14321.223	14321.883	1.0	2.0	1.0	1.0					
14323.973	36.70499999999993	trials	8.0	14355.99705	14357.101854999999			14355.197638	14358.540063			2.0		1.0	1.0					
14364.182	7.40599999999904	trials	8.0	14367.493095	14368.80273	14370.016252	14370.206721999999	14366.942755	14369.333529	14370.728	14371.588	1.0	2.0	1.0	1.0					
14373.638	28.747999999999593	trials	8.0	14398.026805	14399.270217	14400.301158999999	14400.737707	14397.023358999999	14399.613558			2.0		0.0	4.0					
14405.395	9.32799999999952	trials	8.0	14410.852153	14412.40272			14409.887246	14412.635353			2.0		1.0	1.0					
14417.214	13.81500000000051	trials	8.0	14428.152374	14429.876923	14430.709711	14430.910554	14427.567095999999	14430.254412999999			1.0	1.0	0.0	3.0					
14433.038	6.770000000000437	trials	8.0	14436.447378	14437.755361	14439.221313999999	14439.820361999999	14435.832682	14438.752821999999			1.0	2.0	0.0	3.0					
14442.58	26.103000000000975	trials	8.0	14464.503492	14466.314826	14467.133953	14467.406063999999	14463.860067	14466.61534	14467.823	14468.683	1.0	2.0	1.0	1.0					
14471.718	8.5049999999992	trials	8.0	14476.253761	14477.299364999999	14478.577158	14478.855321	14475.568581	14478.06757	14479.288	14480.223	1.0	1.0	1.0	1.0					
14484.138	10.976999999998952	trials	8.0	14491.062553	14492.89119	14493.672749	14493.898204	14490.415738	14493.242694	14494.518	14495.115	1.0	2.0	1.0	1.0					
14497.218	8.694999999999709	trials	8.0	14503.129089	14505.046049999999	14505.603823	14505.903822	14502.389760999999	14505.073854			1.0	1.0	0.0	3.0					
14508.964	15.06500000000051	trials	8.0	14519.714059	14521.529343999999			14518.775185999999	14521.812294			2.0		1.0	1.0					
14526.605	6.552999999999884	trials	8.0	14529.517581	14530.659189	14531.765308	14531.974048	14528.654171999999	14531.300592	14532.444	14533.158	1.0	2.0	1.0	1.0					
14536.203	6.850000000000364	trials	8.0	14538.902562	14540.615274	14541.477556	14541.772882	14538.389914	14541.082207	14542.194	14543.053	1.0	2.0	1.0	1.0					
14545.118	9.135000000000218	trials	8.0	14549.803098	14551.749086			14548.88388	14552.091595			2.0		1.0	1.0					
14557.833	15.074999999998909	trials	8.0	14569.069412	14570.304853	14571.55428	14571.709228	14568.373674999999	14571.092835	14572.364	14572.908	1.0	2.0	1.0	1.0					
14575.973	8.069999999999709	trials	8.0	14580.044666	14581.319821	14582.364795	14582.606944	14579.070872	14581.889662	14583.029	14584.043	1.0	2.0	1.0	1.0					
14587.859	7.162000000000262	trials	8.0	14590.732672	14592.673068	14593.458091	14593.681290999999	14589.792942	14593.013805999999	14594.099	14595.021	1.0	2.0	1.0	1.0					
14598.933	8.079999999999927	trials	8.0	14603.254230999999	14604.764937	14605.636031999999	14605.888936	14602.252199999999	14605.137265	14606.398	14607.013	1.0	2.0	1.0	1.0					
14609.031	18.902000000000044	trials	8.0	14619.733255	14621.529048	14627.220943	14627.945330999999	14619.11247	14622.083302			1.0	1.0	0.0	3.0					
14631.538	12.194999999999709	trials	8.0	14639.912715999999	14641.737145			14638.998	14641.723089			1.0		0.0	2.0					
14647.745	10.15899999999965	trials	8.0	14653.978156	14655.136428	14657.594551	14657.795607	14653.038002	14657.175324			1.0	1.0	0.0	3.0					
14660.95	9.860999999998967	trials	8.0	14666.763388	14668.560274			14666.010512	14668.809997			2.0		1.0	1.0					
14675.38	4.725000000000364	trials	8.0	14677.308331	14678.086868999999	14678.676981	14679.198859	14675.50081	14678.083554			1.0		0.0	2.0					
14684.123	13.640000000001237	trials	8.0	14694.138781	14695.296773999999	14696.409985	14696.638198	14693.632857	14695.918501	14697.128	14697.763	1.0	2.0	1.0	1.0					
14699.863	7.975000000000364	trials	8.0	14704.098607	14705.780349999999			14703.449527	14705.773878			1.0		0.0	2.0					
14711.893	27.15600000000086	trials	8.0	14733.46919	14734.664612999999	14737.386858	14737.818796	14732.678292	14736.191755	14738.123	14739.049	1.0	1.0	1.0	1.0					
14742.069	6.710000000000946	trials	8.0	14745.068476	14746.726637	14747.181401	14747.304291	14744.469282	14746.715155			1.0		0.0	2.0					
14752.839	31.35900000000038	trials	8.0	14779.913886	14781.593839			14779.183974	14781.989107			2.0		1.0	1.0					
14788.718	7.559999999999491	trials	8.0	14793.139543	14794.781176	14795.965429	14796.281136	14792.35598	14795.471776999999			1.0	1.0	0.0	3.0					
14799.331	132.02700000000004	trials	8.0	14927.805488999998	14929.360996			14927.266141	14929.354191999999			1.0		0.0	2.0					
14933.365	27.907999999999447	trials	8.0	14957.26599	14957.952022	14960.822916	14961.288024	14956.588532	14957.945353			1.0		0.0	2.0					
14961.983	28.110000000000582	trials	8.0	14982.075042	14984.08149	14988.194996999999	14988.661251	14981.099413	14984.343004	14988.772	14990.093	1.0	1.0	1.0	1.0					
14992.923	25.82499999999891	trials	8.0	15014.980136999999	15016.752193			15014.246051999999	15016.74823			2.0		0.0	2.0					
15020.758	7.594999999999345	trials	8.0	15024.060825999999	15025.312593999999	15026.291786	15026.605545999999	15023.293866	15025.752934			2.0		0.0	4.0					
15032.404	6.674999999999272	trials	8.0	15035.896294	15037.751643	15038.711469	15039.046458	15035.380073	15038.316367			1.0	1.0	0.0	3.0					
15041.033	49.93000000000029	trials	8.0	15086.341513	15087.490135	15089.390979	15089.588414	15085.731409	15088.982019	15090.098	15090.963	1.0	1.0	1.0	1.0					
15092.853	6.415000000000873	trials	8.0	15096.520983999999	15097.977944	15098.936902	15099.284752	15095.710031999999	15098.470271999999			1.0	1.0	0.0	3.0					
15103.258	219.83899999999994	trials	8.0	15318.640735	15320.132723	15321.445012	15321.684557	15317.718451	15320.949352000001	15322.103	15323.097	1.0	1.0	1.0	1.0					
15326.188	19.575000000000728	trials	8.0	15341.34549	15343.24357			15340.538	15343.622934			2.0		1.0	1.0					
15349.323	7.389999999999418	trials	8.0	15352.100419	15353.267371	15355.101403	15355.420756000001	15351.41531	15354.493915000001	15355.793	15356.713	1.0	2.0	1.0	1.0					
15358.773	8.93500000000131	trials	8.0	15363.591305	15364.842206000001	15367.383856	15367.650598	15362.814691000001	15365.624103			1.0	1.0	0.0	3.0					
15370.714	15.399999999999636	trials	8.0	15381.076522000001	15382.9465	15384.504769000001	15384.740025000001	15380.259871	15384.02892	15385.203	15386.114	1.0	1.0	1.0	1.0					
15389.167	11.051000000001295	trials	8.0	15395.440969000001	15397.177942	15399.873165	15400.125610000001	15394.660294000001	15397.764381			1.0	1.0	0.0	3.0					
15404.228	16.84100000000035	trials	8.0	15416.282917	15418.346241000001	15419.595703	15419.798496000001	15415.600302	15419.092713	15420.263	15421.069	1.0	2.0	1.0	1.0					
15425.079	5.84400000000096	trials	8.0	15426.88623	15427.918053000001	15429.496009	15429.682089	15426.228063	15428.996353	15430.228	15430.923	1.0	2.0	1.0	1.0					
15432.903	8.799999999999272	trials	8.0	15437.150994000001	15439.124929000001			15436.462608	15439.400422			2.0		1.0	1.0					
15445.268	6.684999999999491	trials	8.0	15448.641421	15449.987650000001	15451.557118	15451.955523	15448.00029	15451.013753000001			1.0	2.0	0.0	3.0					
15454.973	19.0049999999992	trials	8.0	15469.259707000001	15470.817985000001	15472.622767	15472.833354	15468.380592000001	15472.106248	15473.319	15473.978	1.0	2.0	1.0	1.0					
15475.998	7.975000000000364	trials	8.0	15479.756376000001	15481.458372000001			15479.070453	15481.913739000001			2.0		1.0	1.0					
15488.579	5.769000000000233	trials	8.0	15490.191264000001	15492.188428000001	15492.964756000001	15493.195927	15489.151246000001	15492.420585	15493.733	15494.348	1.0	2.0	1.0	1.0					
15496.403	35.0049999999992	trials	8.0	15527.316175	15528.572146	15529.661226	15530.093512000001	15526.429944000001	15529.092904000001	15530.293	15531.408	1.0	1.0	1.0	1.0					
15534.428	7.706000000000131	trials	8.0	15538.067227000001	15539.870131000001			15537.361903	15540.028488			2.0		1.0	1.0					
15545.704	6.0349999999998545	trials	8.0	15547.533697	15549.270472	15550.355737	15550.541994000001	15546.767658	15549.811989	15551.133	15551.739	1.0	2.0	1.0	1.0					
15554.753	11.80999999999949	trials	8.0	15561.061734	15561.982356	15566.310159	15566.563605000001	15560.073639	15561.975847000002			1.0		0.0	2.0					
15567.998	32.439000000000306	trials	8.0	15596.743704	15597.866308			15595.798435	15598.139271			2.0		1.0	1.0					
15604.978	6.426000000001295	trials	8.0	15607.401634	15608.68977	15609.740419	15610.027468	15606.683718	15609.321607	15610.538	15611.404	1.0	1.0	1.0	1.0					
15613.453	6.265000000001237	trials	8.0	15617.272433	15618.464227	15619.390015	15619.552195	15616.264275000001	15618.958024000001			1.0	1.0	0.0	3.0					
15623.773	14.975000000000364	trials	8.0	15634.717654	15636.133356			15633.83143	15636.40255			2.0		1.0	1.0					
15641.252	6.352999999999156	trials	8.0	15643.922855	15645.966795	15647.242518000001	15647.427691	15643.158064000001	15645.954265			1.0	1.0	0.0	3.0					
15651.618	24.43499999999949	trials	8.0	15673.462515000001	15674.935075000001	15675.720276	15675.935102000001	15672.720897000001	15675.330237			1.0	1.0	0.0	3.0					
15680.063	13.594999999999345	trials	8.0	15688.392579000001	15690.175299	15691.236927	15691.533619	15687.615411	15690.787056000001			1.0	1.0	0.0	3.0					
15694.593	21.6299999999992	trials	8.0	15712.96764	15714.790213	15715.893846	15716.226984	15712.04737	15715.521771			1.0	1.0	0.0	3.0					
15720.278	11.058999999999287	trials	8.0	15726.968119000001	15728.636395000001	15729.843763	15730.047108	15726.213468	15729.351627	15730.444	15731.337	1.0	2.0	1.0	1.0					
15734.438	6.485000000000582	trials	8.0	15736.699971	15738.239592	15739.385488	15739.645163000001	15736.099861	15738.857016	15740.088	15740.923	1.0	2.0	1.0	1.0					
15742.864	7.908999999999651	trials	8.0	15746.858434	15748.214761000001	15749.317930000001	15749.58618	15746.271567	15748.784188000001	15750.114	15750.773	1.0	2.0	1.0	1.0					
15753.839	24.453999999999724	trials	8.0	15774.177985	15775.644886	15776.702819	15776.955505	15773.425291000001	15776.158687000001	15777.408	15778.293	1.0	2.0	1.0	1.0					
15780.223	9.520000000000437	trials	8.0	15785.785006	15787.096903000001	15788.114053000001	15788.335993	15784.831522	15787.602778	15788.948	15789.743	1.0	2.0	1.0	1.0					
15792.644	7.079999999999927	trials	8.0	15797.008777000001	15798.308476	15799.290424	15799.723106000001	15796.057428	15798.790185			1.0	2.0	0.0	3.0					
15801.668	33.111000000000786	trials	8.0	15830.763649	15832.247953	15833.393303	15833.592919	15830.247562	15832.887705000001	15834.023	15834.779	1.0	2.0	1.0	1.0					
15836.798	13.889999999999418	trials	8.0	15846.575341	15848.356252000001			15846.031715000001	15848.505515			2.0		1.0	1.0					
15853.143	6.645000000000437	trials	8.0	15855.665722000002	15857.384415	15858.340621000001	15858.569267	15855.093459	15857.787274	15858.998	15859.788	1.0	2.0	1.0	1.0					
15862.808	6.705999999998312	trials	8.0	15865.919361	15867.306083000001	15868.162996000001	15868.37008	15864.984352000001	15867.742864	15868.888	15869.514	1.0	2.0	1.0	1.0					
15871.578	8.235000000000582	trials	8.0	15876.023227000001	15877.602649	15878.182776000001	15878.514945	15875.415243000001	15877.696543	15878.968	15879.813	1.0	1.0	1.0	1.0					
15882.918	9.095000000001164	trials	8.0	15886.488594	15888.205891000001	15890.167548000001	15890.584138	15885.612722	15888.684379	15890.819	15892.013	1.0	1.0	1.0	1.0					
15894.078	9.715000000000146	trials	8.0	15899.738772	15900.978823000001			15899.147615	15901.580289000001			2.0		1.0	1.0					
15908.373	6.945999999999913	trials	8.0	15910.910125	15912.959875			15910.118311	15913.151182000001			2.0		1.0	1.0					
15919.819	8.015000000001237	trials	8.0	15923.719743000001	15925.175875	15926.415136000001	15926.645386	15922.758232	15925.90234	15927.049	15927.834	1.0	2.0	1.0	1.0					
15930.858	5.994999999998981	trials	8.0	15933.954769	15935.536786	15936.529414	15936.840414	15933.27988	15936.018054			1.0	1.0	0.0	3.0					
15939.908	12.045000000000073	trials	8.0	15947.068769000001	15948.204837000001	15950.445912000001	15950.67631	15946.303144000001	15949.962334	15951.138	15951.953	1.0	2.0	1.0	1.0					
15954.01	8.972999999999956	trials	8.0	15959.509378	15960.605671000001			15958.741957	15960.829887			2.0		1.0	1.0					
15965.444	6.838999999999942	trials	8.0	15968.434297	15970.048955	15970.821386000001	15971.053691000001	15967.600837	15970.379117	15971.598	15972.283	1.0	2.0	1.0	1.0					
15974.399	9.709000000000742	trials	8.0	15979.854369	15981.596102000001			15978.944775	15981.871785000001			2.0		1.0	1.0					
15986.683	5.970999999999549	trials	8.0	15989.724569	15991.040458000001	15992.273545	15992.654758	15989.107785	15991.790112			1.0	2.0	0.0	3.0					
15995.618	19.725000000000364	trials	8.0	16011.814485	16013.099271000001	16013.774854000001	16014.035148	16011.219207	16013.319657	16014.453	16015.343	1.0	1.0	1.0	1.0					
16019.368	6.229999999999563	trials	8.0	16021.354669	16022.551343000001	16024.18375	16024.365256000001	16020.388012000001	16023.470154	16024.788	16025.598	1.0	2.0	1.0	1.0					
16027.66	7.398000000001048	trials	8.0	16030.844356000001	16032.744139			16030.325666	16032.7603			2.0		1.0	1.0					
16039.553	6.095999999999549	trials	8.0	16041.800269000001	16043.291884	16044.280782	16044.490191	16041.108648000001	16043.76588	16044.989	16045.649	1.0	2.0	1.0	1.0					
16047.698	8.060999999999694	trials	8.0	16051.544844	16053.142024			16050.63544	16053.432073			2.0		1.0	1.0					
16060.265	6.658000000001266	trials	8.0	16063.630264000001	16064.676442	16065.244135	16065.515167000001	16062.967392	16064.670544	16066.029	16066.923	1.0	1.0	1.0	1.0					
16068.968	10.929999999998472	trials	8.0	16074.714774	16075.935285000001	16078.189698	16078.493368000001	16073.886268	16077.715697000001	16078.933	16079.898	1.0	2.0	1.0	1.0					
16081.959	8.673999999999069	trials	8.0	16087.584933	16088.627662	16089.26173	16089.407278	16086.590573000001	16088.615187000001			1.0		0.0	2.0					
16092.643	6.950000000000728	trials	8.0	16095.330513	16097.151591	16097.985244000001	16098.1905	16094.335197	16097.524261	16098.628	16099.593	1.0	2.0	1.0	1.0					
16103.654	6.418999999999869	trials	8.0	16105.995295	16107.401537000002	16108.532809	16108.815777	16105.380511000001	16107.890641	16109.228	16110.073	1.0	2.0	1.0	1.0					
16113.123	5.8659999999999854	trials	8.0	16115.904448000001	16116.931944	16117.452508	16117.624866	16115.094887000001	16116.926925			1.0		0.0	2.0					
16122.048	42.86999999999898	trials	8.0	16161.895446	16163.727064	16164.501288000001	16164.921829	16161.215435	16164.129009			1.0	1.0	0.0	3.0					
16167.838	15.520000000000437	trials	8.0	16178.911577	16180.787618	16181.857858000001	16182.271082000001	16178.361255	16181.299142	16182.628	16183.358	1.0	2.0	1.0	1.0					
16186.424	8.03399999999965	trials	8.0	16190.511892	16192.408475	16193.056759000001	16193.29211	16189.756158	16192.520359	16193.843	16194.458	1.0	1.0	1.0	1.0					
16198.493	18.370999999999185	trials	8.0	16213.487214	16214.860167	16215.438361	16215.619336	16212.668392000001	16214.849826000001			1.0		0.0	2.0					
16219.918	32.715000000000146	trials	8.0	16248.810370000001	16250.577274000001	16251.32962	16251.538120000001	16248.128722000001	16250.902315000001	16252.069	16252.633	1.0	2.0	1.0	1.0					
16255.654	9.808999999999287	trials	8.0	16261.795747	16262.895828			16261.238833000001	16263.270919			2.0		1.0	1.0					
16270.023	6.756000000001222	trials	8.0	16272.595703	16274.468035			16271.736130000001	16274.687553			2.0		1.0	1.0					
16281.324	5.113999999999578	trials	8.0	16283.020924	16284.378129	16284.981911	16285.388941000001	16281.985804	16284.375447			1.0		0.0	2.0					
16290.448	34.89500000000044	trials	8.0	16320.581719	16322.467374	16323.929320000001	16324.178286	16319.621865000001	16323.402810000001	16324.569	16325.343	1.0	2.0	1.0	1.0					
16329.364	5.904000000000451	trials	8.0	16330.895962	16332.658282			16330.19564	16332.928711			2.0		1.0	1.0					
16339.776	6.810999999999694	trials	8.0	16342.011059	16344.076720000001			16341.058893000001	16344.353864			2.0		1.0	1.0					
16349.143	6.5900000000001455	trials	8.0	16351.716565	16353.283806000001	16354.24468	16354.573614	16351.146592000001	16353.715319	16355.003	16355.733	1.0	2.0	1.0	1.0					
16357.847	8.375	trials	8.0	16361.726437000001	16363.454670000001			16361.08883	16364.151004000001			2.0		1.0	1.0					
16369.794	5.748999999999796	trials	8.0	16372.206559	16373.548294	16375.217205	16375.462641	16371.447841000001	16374.362187			1.0	1.0	0.0	3.0					
16379.594	5.468999999999141	trials	8.0	16381.287664000001	16382.438148000001	16383.588869000001	16383.939442	16380.670137000001	16383.088102000002	16384.273	16385.063	1.0	2.0	1.0	1.0					
16389.128	6.825000000000728	trials	8.0	16391.92195	16393.573699	16394.500657	16394.742147	16391.217087	16394.048656	16395.173	16395.953	1.0	2.0	1.0	1.0					
16397.973	8.515999999999622	trials	8.0	16402.891681	16404.418827			16402.140205	16404.415059			1.0		0.0	2.0					
16409.546	12.712999999999738	trials	8.0	16418.116627	16419.487846	16420.759990000002	16421.045755	16417.437853	16420.346721	16421.478	16422.259	1.0	2.0	1.0	1.0					
16425.173	11.080000000001746	trials	8.0	16432.288641	16433.313423	16434.583989	16434.811186	16431.776569	16434.100522	16435.253	16436.253	1.0	1.0	1.0	1.0					
16439.069	7.388999999999214	trials	8.0	16443.276498	16444.856529	16445.993172000002	16446.464242000002	16442.461749000002	16445.539756000002			1.0	1.0	0.0	3.0					
16450.343	25.99499999999898	trials	8.0	16472.236363	16473.323194	16474.625705000002	16475.025949	16471.667304000002	16474.113624	16475.368	16476.338	1.0	2.0	1.0	1.0					
16479.168	12.0099999999984	trials	8.0	16482.681754	16484.403541	16489.537809	16489.868685	16482.175992	16486.77164	16490.378	16491.178	1.0	2.0	1.0	1.0					
16493.243	9.915000000000873	trials	8.0	16498.463901	16500.594513	16501.623255000002	16501.941202	16497.626227	16501.102314	16502.303	16503.158	1.0	2.0	1.0	1.0					
16507.178	7.180000000000291	trials	8.0	16510.276632	16512.098187			16509.415482	16512.341811000002			2.0		1.0	1.0					
16517.969	7.263999999999214	trials	8.0	16521.382623	16522.505445000003	16523.65537	16523.897417	16520.745354	16523.166766000002	16524.364	16525.233	1.0	2.0	1.0	1.0					
16527.303	26.147000000000844	trials	8.0	16549.727019	16550.89432	16552.013548	16552.240227000002	16548.891287000002	16551.571863	16547.293	16553.45	1.0	2.0	1.0	1.0					
16555.483	7.205999999998312	trials	8.0	16559.302278	16560.684912			16558.57189	16560.672235000002			1.0		0.0	2.0					
16566.744	5.463999999999942	trials	8.0	16568.647488000002	16570.198447000002	16570.647092	16570.875156000002	16567.288783	16570.191357			1.0		0.0	2.0					
16575.214	19.459999999999127	trials	8.0	16591.087612	16592.275519000003	16592.865662	16593.254953	16590.207739	16592.514619	16593.483	16594.674	1.0	2.0	1.0	1.0					
16596.486	12.06199999999808	trials	8.0	16604.837868000002	16605.974349			16604.223778	16606.433665			2.0		1.0	1.0					
16612.034	5.289000000000669	trials	8.0	16614.007965	16615.805619	16616.711754	16617.328834	16612.697254	16616.250256			1.0	2.0	0.0	3.0					
16621.135	11.94300000000294	trials	8.0	16629.093915	16630.506477			16628.425563	16630.809247			2.0		1.0	1.0					
16636.58	6.1229999999995925	trials	8.0	16639.24902	16640.699778000002	16641.263366	16641.447855000002	16638.279861	16640.691073			1.0		0.0	2.0					
16644.733	1111.5349999999999	trials	8.0	17751.594066	17752.726959	17754.617406	17755.024938000002	17750.901772	17754.033548	17394.154	17756.268	1.0	2.0	1.0	1.0					
17758.328	7.654999999998836	trials	8.0	17762.185055	17763.982983	17764.476829	17764.554652	17761.21669	17763.977141			1.0		0.0	2.0					
17769.993	13.68500000000131	trials	8.0	17780.914044	17782.870481	17783.3712	17783.679597000002	17780.227612000002	17782.916131			1.0	1.0	0.0	3.0					
17785.733	12.244999999998981	trials	8.0	17789.368708	17791.311211			17788.58893	17791.599096	17787.213	17787.423	2.0		1.0	1.0					
17798.413	5.451000000000931	trials	8.0	17800.439078	17801.612748			17797.990816	17801.830812			2.0		1.0	1.0					
17808.386	9.268000000000029	trials	8.0	17810.39461	17811.681379	17815.855324	17816.28847	17808.485797	17812.136446	17816.548	17817.654	1.0	1.0	1.0	1.0					
17821.714	13.559000000001106	trials	8.0	17831.279611	17832.757882			17830.330222	17833.088484			2.0		1.0	1.0					
17837.841	8.391999999999825	trials	8.0	17841.354551	17842.667187	17844.673136	17844.966251	17840.515138000002	17843.941654000002	17845.358	17846.233	1.0	2.0	1.0	1.0					
17849.263	7.31000000000131	trials	8.0	17852.262241	17853.409297000002	17855.038635	17855.245219	17851.723374	17854.367953	17855.728	17856.573	1.0	2.0	1.0	1.0					
17858.638	10.280000000002474	trials	8.0	17865.610041	17866.826269	17868.163721	17868.550104	17864.980416000002	17867.606959			1.0	2.0	0.0	3.0					
17871.536	8.882000000001426	trials	8.0	17877.090417	17878.760881000002	17880.046199	17880.433996	17876.235468	17879.591119			1.0	1.0	0.0	3.0					
17884.368	10.605000000003201	trials	8.0	17890.329769	17892.266083000002	17893.667005	17893.890337	17889.384862	17893.134154	17894.468	17894.973	1.0	2.0	1.0	1.0					
17896.993	7.045000000001892	trials	8.0	17899.95432	17901.941497	17903.728948	17904.017773	17899.352689	17902.923544			1.0	1.0	0.0	3.0					
17906.094	10.0099999999984	trials	8.0	17912.079961	17913.791383			17911.341538	17914.040142	17906.298	17909.404	2.0		1.0	1.0					
17918.621	7.562000000001717	trials	8.0	17922.040118	17923.302018000002	17924.763906	17924.988714	17921.068554	17924.163591	17925.393	17926.183	1.0	2.0	1.0	1.0					
17929.173	12.27100000000064	trials	8.0	17933.950108	17935.771411	17940.74106	17941.459795000002	17933.291425	17936.196084			1.0	1.0	0.0	3.0					
17944.109	18.769000000000233	trials	8.0	17958.655437	17960.113543			17957.917951	17960.691461000002			2.0		1.0	1.0					
17966.444	5.993999999998778	trials	8.0	17967.961837000003	17969.478469	17971.009624000002	17971.279551	17967.3577	17970.517101	17971.588	17972.438	1.0	2.0	1.0	1.0					
17976.463	7.705000000001746	trials	8.0	17978.900178	17980.420132	17982.715389	17982.944902	17978.235607000002	17982.184433000002	17983.463	17984.168	1.0	2.0	1.0	1.0					
17988.218	6.435999999997875	trials	8.0	17990.695128	17991.77312	17992.98928	17993.226051	17990.111292	17992.378725000002	17993.758	17994.654	1.0	1.0	1.0	1.0					
17996.723	8.479999999999563	trials	8.0	18001.015994	18002.604391	18003.589953000002	18003.796531	18000.340243	18003.083205000003	18004.383	18005.203	1.0	1.0	1.0	1.0					
18008.245	6.398000000001048	trials	8.0	18010.060635	18011.876633	18014.333595	18014.61366	18009.496018	18013.712479			1.0	1.0	0.0	3.0					
18017.654	13.854000000002998	trials	8.0	18026.140887	18027.447262	18029.226421	18029.525275	18025.184692000003	18028.575325	18029.978	18031.508	1.0	2.0	1.0	1.0					
18033.529	6.495000000002619	trials	8.0	18036.676267000003	18038.272617000002	18039.713668	18039.916302	18035.924158	18039.156114			1.0	1.0	0.0	3.0					
18044.083	9.415000000000873	trials	8.0	18049.376347	18050.750189000002			18048.540499000002	18051.353483			2.0		1.0	1.0					
18057.048	4.530000000002474	trials	8.0	18058.990486000002	18060.661866000002	18061.185861	18061.561869	18057.147234	18060.665584000002			1.0	2.0	0.0	3.0					
18064.567	14.745999999999185	trials	8.0	18074.8509	18076.797577	18077.742456	18078.085153	18073.921924000002	18077.241365	18078.489	18079.313	1.0	2.0	1.0	1.0					
18081.326	8.726999999998952	trials	8.0	18085.71225	18087.10107	18088.64414	18088.853784	18084.858814	18088.2054	18089.468	18090.053	1.0	2.0	1.0	1.0					
18094.116	7.586999999999534	trials	8.0	18097.610886000002	18099.307549	18100.305054	18100.477872	18096.719986	18099.809749	18101.058	18101.703	1.0	2.0	1.0	1.0					
18103.763	8.715000000000146	trials	8.0	18107.606845000002	18109.429041	18110.937399000002	18111.163792	18107.039655	18110.40916	18111.583	18112.478	1.0	2.0	1.0	1.0					
18116.503	7.220000000001164	trials	8.0	18119.856089	18121.03356	18122.218575	18122.494915	18119.081155	18121.608016000002	18122.878	18123.723	1.0	1.0	1.0	1.0					
18126.743	13.110000000000582	trials	8.0	18133.75084	18135.607831	18136.736284	18136.893139	18132.783606	18136.129722	18137.393	18139.853	1.0	2.0	1.0	1.0					
18143.924	11.623999999999796	trials	8.0	18151.96657	18153.553855000002	18154.063957000002	18154.221064	18151.387785	18153.546682			1.0		0.0	2.0					
18159.558	9.924999999999272	trials	8.0	18165.806971	18167.189545	18168.01996	18168.297009	18164.822592	18167.56195	18168.708	18169.483	1.0	2.0	1.0	1.0					
18172.529	11.5	trials	8.0	18175.040983	18177.020674			18174.347932	18177.299395000002			2.0		1.0	1.0					
18184.048	5.970000000001164	trials	8.0	18185.576729	18187.593988	18188.437629	18188.654041	18184.047326	18187.944009	18189.108	18190.018	1.0	2.0	1.0	1.0					
18191.823	8.549999999999272	trials	8.0	18196.302024	18197.823096			18195.324080000002	18198.270874			2.0		1.0	1.0					
18203.948	6.599999999998545	trials	8.0	18207.087981	18209.027334000002	18209.956665	18210.177924	18206.213104000002	18209.419486			1.0	2.0	0.0	3.0					
18212.279	14.27900000000227	trials	8.0	18222.326766000002	18223.848717	18224.976295	18225.226239	18221.581693	18224.501347	18225.669	18226.558	1.0	1.0	1.0	1.0					
18229.618	7.319999999999709	trials	8.0	18232.456336	18233.581852			18231.543601	18234.64546			2.0		1.0	1.0					
18239.438	8.885000000002037	trials	8.0	18243.816726	18245.719513			18242.843465	18246.031697000002			2.0		1.0	1.0					
18250.778	7.765000000003056	trials	8.0	18255.342362	18256.540791	18257.481418	18257.769736000002	18254.730322	18257.02285			1.0	2.0	1.0	1.0					
18263.043	11.900999999998021	trials	8.0	18270.491953	18272.344237	18273.368352	18273.707937	18269.924128	18272.807582	18274.069	18274.944	1.0	1.0	1.0	1.0					
18277.011	14.597000000001572	trials	8.0	18288.083361	18289.614304000002	18290.307438	18290.403324	18287.295591000002	18289.606975000002			1.0		0.0	2.0					
18294.664	18.493999999998778	trials	8.0	18304.546053000002	18306.144159			18304.005037000003	18306.407697000002			2.0		1.0	1.0					
18313.22	5.39799999999741	trials	8.0	18314.877165	18316.251076	18317.056989	18317.301975000002	18313.175457	18316.571917	18317.803	18318.618	1.0	2.0	1.0	1.0					
18322.569	37.24399999999878	trials	8.0	18355.76804	18356.839591	18357.936558	18358.138357	18355.005352	18357.444251	18358.603	18359.813	1.0	2.0	1.0	1.0					
18361.638	11.340000000000146	trials	8.0	18368.57476	18370.469928	18371.303003999998	18371.568333	18367.859783	18370.818779999998	18372.018	18372.978	1.0	2.0	1.0	1.0					
18375.998	7.78099999999904	trials	8.0	18381.039395	18382.525682	18383.460266	18383.733358999998	18380.113768	18382.959058999997			1.0	2.0	0.0	3.0					
18385.788	291.8100000000013	trials	8.0	18674.336521999998	18675.593581999998	18676.198816999997	18676.25622	18673.783	18675.580732			1.0		0.0	2.0					
18679.644	51.04999999999927	trials	8.0	18726.771429999997	18727.857515	18728.681339	18729.143997	18725.875336999998	18728.182162999998			2.0		0.0	4.0					
18733.714	38.068999999999505	trials	8.0	18768.806534	18770.503129999997	18771.457983	18771.716255	18768.28809	18771.025779			1.0	1.0	0.0	3.0					
18774.793	12.394999999996799	trials	8.0	18783.086922	18784.53271	18785.871825	18786.051654	18782.242070999997	18785.403082999997	18786.628	18787.188	1.0	2.0	1.0	1.0					
18790.258	6.43999999999869	trials	8.0	18792.566826	18793.969298	18794.874678	18795.125185999997	18791.750022	18794.412808999998	18795.558	18796.698	1.0	2.0	1.0	1.0					
18800.773	76.15499999999884	BlockDesign														0.0	899.0	903.0	10.0	50.0
18800.773	26.959999999999127	trials	9.0	18823.606841999997	18825.51381	18826.168349	18826.426468999998	18822.679242	18825.539106	18826.779	18827.733	1.0	2.0	1.0	1.0					
18830.753	7.154999999998836	trials	9.0	18835.522004	18836.625985	18837.510266999998	18837.909337999998	18834.575033999998	18837.031810999997			1.0	2.0	0.0	3.0					
18841.864	10.763999999999214	trials	9.0	18848.207409	18849.556591999997	18850.764417	18851.063496	18847.701435	18850.270644	18851.408	18852.628	1.0	1.0	1.0	1.0					
18854.673	10.944999999999709	trials	9.0	18861.481976	18862.745453	18864.007913999998	18864.263633	18860.645806999997	18863.486556	18864.853	18865.618	1.0	2.0	1.0	1.0					
18868.639	8.28900000000067	trials	9.0	18874.012413	18875.554052	18876.522674	18876.931461	18873.074504	18875.958112999997			1.0	2.0	0.0	3.0					
