onset	duration	nwb_table	block	tone_on_time	tone_off_time	action_on_time	action_off_time	pokeC_on_time	pokeC_off_time	reward_on_time	reward_off_time	state	action	reward	result	FinishedBlock	FirstTrial	LastTrial	RewardRule_L	RewardRule_R
4.319	1001.345	BlockDesign														1.0	1.0	56.0	50.0	90.0
4.319	22.306	trials	1.0	22.634	23.93083	24.927855	25.18236	21.964267	24.238608	25.579	26.625	1.0	2.0	1.0	1.0					
30.689	8.299999999999997	trials	1.0	35.413165	36.466422	37.334424	37.496873	34.457233	36.802802	38.085	38.989	1.0	2.0	1.0	1.0					
43.049	6.496000000000002	trials	1.0	45.229108000000004	46.970512			44.650111	47.325772			2.0		1.0	1.0					
52.044	13.064999999999998	trials	1.0	56.893797	58.371474			56.22067	58.676278			2.0		1.0	1.0					
65.44	4.429000000000002	trials	1.0	67.103823	67.860682	68.552815	68.875156	65.110884	67.857883			1.0		0.0	2.0					
73.933	12.12599999999999	trials	1.0	82.474074	84.052205			81.554851	84.044293			1.0		0.0	2.0					
88.069	11.125	trials	1.0	95.934106	97.205673	98.743294	99.193434	95.128099	97.916974			1.0	1.0	0.0	3.0					
102.129	19.27499999999999	trials	1.0	118.083646	119.477305	120.261316	120.532179	117.404118	119.732469			1.0	2.0	1.0	1.0					
124.824	10.89	trials	1.0	131.800314	133.285726	134.097552	134.347336	130.791337	133.473475	134.829	135.714	1.0	2.0	1.0	1.0					
139.735	9.198999999999984	trials	1.0	144.734272	146.318871	147.120201	147.352659	144.011994	146.549451	147.809	148.934	1.0	2.0	1.0	1.0					
150.879	11.590000000000003	trials	1.0	158.079823	159.625699	160.506025	160.628719	157.403508	159.918072	161.159	162.469	1.0	2.0	1.0	1.0					
165.49	7.088999999999999	trials	1.0	168.1444	169.962759			167.55544	170.245089	172.199	172.389	2.0		1.0	1.0					
176.044	9.889999999999986	trials	1.0	182.09059	183.292428	184.174221	184.440039	181.165219	183.564775	184.979	185.934	1.0	2.0	1.0	1.0					
189.009	6.3300000000000125	trials	1.0	190.724712	192.708525			189.97807	193.006393	194.814	195.339	2.0		1.0	1.0					
197.404	9.370000000000005	trials	1.0	202.755733	204.206001			201.839964	204.558775	206.394	206.564	2.0		1.0	1.0					
209.344	25.689999999999998	trials	1.0	213.454159	214.876556	234.70764	235.037854	212.948044	215.257176			1.0	1.0	0.0	3.0					
238.04	7.63300000000001	trials	1.0	242.054721	243.621613	244.417231	244.744602	241.271083	243.61273			1.0		0.0	2.0					
249.689	7.459000000000032	trials	1.0	253.51008700000003	254.88126300000002			252.926123	255.130956	256.929	257.069	2.0		1.0	1.0					
259.654	7.143000000000029	trials	1.0	263.189844	264.694083	266.419813	266.787426	262.384275	265.50249699999995			1.0	1.0	0.0	3.0					
268.835	30.843999999999994	trials	1.0	273.70694100000003	275.19721300000003	299.354071	299.684134	272.822946	279.88844400000005			1.0	1.0	0.0	3.0					
302.634	9.819999999999993	trials	1.0	305.23132599999997	307.18796599999996	309.20030999999994	309.486721	304.342888	308.340323	309.884	312.454	1.0	1.0	1.0	1.0					
315.494	14.864999999999952	trials	1.0	325.80999499999996	327.68197599999996	328.662462	328.87636899999995	325.011026	327.83413599999994	329.379	330.359	1.0	2.0	1.0	1.0					
332.419	28.870000000000005	trials	1.0	340.676279	342.02343199999996	359.557783	359.63122599999997	340.04819599999996	342.686334	360.254	361.289	1.0	2.0	1.0	1.0					
364.329	7.0849999999999795	trials	1.0	366.61497199999997	368.592667	369.513192	369.706635	366.032881	368.859474	370.25	371.414	1.0	2.0	1.0	1.0					
375.479	12.150000000000034	trials	1.0	379.60096899999996	381.39712899999995	385.73077	386.01376600000003	378.72732599999995	381.836994	386.389	387.629	1.0	1.0	1.0	1.0					
389.646	72.70299999999997	trials	1.0	426.78037800000004	428.746669	460.026169	460.574017	426.128971	428.82494799999995	460.664	462.349	1.0	1.0	1.0	1.0					
465.369	9.074999999999989	trials	1.0	470.186205	471.61328100000003	472.48131	472.664212	469.27315799999997	471.877888	473.204	474.444	1.0	2.0	1.0	1.0					
478.504	5.699999999999989	trials	1.0	480.42726700000003	481.617475			479.528673	482.00025700000003	483.824	483.964	2.0		1.0	1.0					
488.655	8.869000000000028	trials	1.0	492.92699400000004	494.851492	495.604996	495.85830699999997	492.19860700000004	495.027964	496.394	497.524	1.0	2.0	1.0	1.0					
501.591	7.783999999999992	trials	1.0	504.875443	506.17170699999997	507.515438	507.679765	504.095413	506.721538	508.244	509.375	1.0	2.0	1.0	1.0					
511.395	10.219000000000051	trials	1.0	518.521109	519.55439	520.169091	520.4499579999999	517.5390239999999	519.541871			1.0		0.0	2.0					
523.629	14.024999999999977	trials	1.0	531.080707	532.8263529999999	535.422232	535.752541	530.558601	533.850651	536.125	537.654	1.0	1.0	1.0	1.0					
540.563	7.531000000000063	trials	1.0	544.226056	545.528919			543.5292089999999	545.8985799999999	547.639	547.804	2.0		1.0	1.0					
551.604	12.709999999999923	trials	1.0	559.66077	561.36725	562.502744	562.705255	559.0606779999999	561.72284	563.194	564.314	1.0	2.0	1.0	1.0					
566.37	11.174999999999955	trials	1.0	573.170978	575.1841109999999			572.2637199999999	575.389791	577.109	577.545	2.0		1.0	1.0					
581.604	11.094999999999914	trials	1.0	588.081815	590.023321	591.079302	591.2190969999999	587.1863969999999	590.116228	591.795	592.699	1.0	2.0	1.0	1.0					
595.769	7.57000000000005	trials	1.0	598.410879	600.454396	601.310887	601.5331649999999	597.608876	600.6343059999999	602.009	603.339	1.0	2.0	1.0	1.0					
606.279	7.659999999999968	trials	1.0	609.917652	611.3233389999999	613.315646	613.944025	609.2413799999999	612.1678449999999			1.0	1.0	0.0	3.0					
615.74	17.62900000000002	trials	1.0	629.8433739999999	631.307095	631.914217	632.300082	629.163832	631.293941			1.0		0.0	2.0					
636.424	7.274999999999977	trials	1.0	639.871252	641.42991			638.99428	641.650641	643.484	643.574	2.0		1.0	1.0					
646.254	14.069999999999936	trials	1.0	654.107524	655.5235	658.304637	658.606237	653.5410489999999	656.079766	659.034	660.324	1.0	1.0	1.0	1.0					
662.384	14.288000000000011	trials	1.0	671.555254	673.11426	674.548011	674.7069819999999	670.922785	673.7120649999999	675.154	676.672	1.0	2.0	1.0	1.0					
680.319	27.18500000000006	trials	1.0	703.621687	704.643795	705.854479	706.043764	702.950073	705.175208	706.729	707.504	1.0	2.0	1.0	1.0					
711.565	11.528999999999996	trials	1.0	718.416526	720.168127	721.244122	721.429911	717.42412	720.5331699999999	721.929	723.094	1.0	2.0	1.0	1.0					
727.159	11.373000000000047	trials	1.0	734.616673	736.4344689999999			733.6464569999999	736.4241989999999			2.0		0.0	2.0					
740.549	13.980000000000018	trials	1.0	750.70163	752.2890269999999	753.426278	753.6165189999999	749.9283449999999	752.759206			1.0	2.0	1.0	1.0					
758.014	9.580000000000041	trials	1.0	763.36738	765.538741	766.597436	766.850366	762.358537	765.533824			1.0		0.0	2.0					
769.614	30.100000000000023	trials	1.0	795.531981	797.089299	798.090363	798.200194	794.9690009999999	797.4631989999999	798.789	799.714	1.0	2.0	1.0	1.0					
801.764	9.115000000000009	trials	1.0	806.637855	808.276246			806.015209	808.628549	810.469	810.554	2.0		1.0	1.0					
814.349	8.839999999999918	trials	1.0	818.762476	820.369645	821.2640279999999	821.459558	817.9863789999999	820.582828	821.844	823.189	1.0	2.0	1.0	1.0					
826.204	14.605000000000018	trials	1.0	832.827221	834.2021129999999	838.798599	839.0900859999999	832.14683	834.673774	839.614	840.809	1.0	1.0	1.0	1.0					
844.869	9.809999999999945	trials	1.0	850.017601	851.689723	852.7966809999999	853.311455	849.346135	852.064368			1.0	2.0	0.0	3.0					
855.157	26.01699999999994	trials	1.0	876.857835	877.994743	879.409857	879.6573599999999	875.915071	878.435934	880.089	881.174	1.0	2.0	1.0	1.0					
885.21	7.078999999999951	trials	1.0	888.172158	889.7840289999999			887.410801	890.065381	891.994	892.079	2.0		1.0	1.0					
895.858	95.83600000000001	trials	1.0	987.0684759999999	988.5199	989.7512489999999	989.940515	986.474929	988.627117	990.619	991.694	1.0	2.0	1.0	1.0					
994.754	10.909999999999968	trials	1.0	1001.782876	1002.8862419999999	1003.834357	1004.0349239999999	1001.0485209999999	1003.2196749999999	1004.694	1005.664	1.0	2.0	1.0	1.0					
1007.699	749.6	BlockDesign														1.0	57.0	93.0	90.0	50.0
1007.699	16.43999999999994	trials	2.0	1017.32404	1018.305661	1023.7259549999999	1024.147141	1016.377074	1018.300848			1.0		0.0	2.0					
1024.433	13.756000000000085	trials	2.0	1031.578033	1033.5714			1030.889797	1033.563363			2.0		0.0	2.0					
1038.629	5.259999999999991	trials	2.0	1040.877765	1041.8858109999999			1038.19513	1041.868959			1.0		0.0	2.0					
1046.949	14.589999999999918	trials	2.0	1057.378027	1058.955999	1059.804745	1060.010056	1056.539425	1059.2387039999999	1060.739	1061.539	1.0	2.0	1.0	1.0					
1065.606	158.00299999999993	trials	2.0	1217.739495	1219.121099	1219.839501	1220.368494	1216.927735	1219.110829			1.0		0.0	2.0					
1225.129	6.0300000000002	trials	2.0	1227.199255	1228.339591	1230.518659	1231.164694	1226.523909	1229.147106			1.0	2.0	0.0	3.0					
1232.925	10.450000000000045	trials	2.0	1237.814592	1239.540857	1241.135186	1241.466999	1236.885522	1239.557079	1241.944	1243.375	1.0	1.0	1.0	1.0					
1247.439	11.414999999999964	trials	2.0	1254.604392	1256.233015			1253.708143	1256.55765			2.0		1.0	1.0					
1261.264	27.710000000000036	trials	2.0	1286.409371	1287.723226	1288.663003	1288.982023	1285.824702	1288.004878			1.0	2.0	0.0	3.0					
1291.032	15.343000000000075	trials	2.0	1300.899727	1302.558028			1299.955569	1302.54885			1.0		0.0	2.0					
1306.644	19.56600000000003	trials	2.0	1323.1196049999999	1324.960461	1325.8225439999999	1326.2174969999999	1322.277462	1325.217877			1.0	2.0	0.0	3.0					
1328.154	8.160000000000082	trials	2.0	1332.490413	1334.001285			1331.4873929999999	1334.0117169999999	1336.014	1336.199	2.0		1.0	1.0					
1339.824	24.189999999999827	trials	2.0	1358.714624	1360.378596	1361.946164	1362.3174999999999	1357.912635	1360.645713	1362.574	1364.014	1.0	1.0	1.0	1.0					
1367.079	9.680000000000064	trials	2.0	1372.754437	1374.502968	1376.424006	1376.683871	1371.91534	1374.993169			1.0	1.0	0.0	3.0					
1379.77	7.124000000000024	trials	2.0	1384.004632	1385.557984	1386.538092	1386.904231	1383.057834	1385.670205			1.0	2.0	0.0	3.0					
1388.848	8.480999999999995	trials	2.0	1393.459525	1394.823226			1392.542953	1395.122259	1396.979	1397.099	2.0		1.0	1.0					
1401.86	11.814000000000078	trials	2.0	1407.894025	1409.104977	1411.465771	1411.841741	1407.052242	1409.454774	1412.21	1413.674	1.0	1.0	1.0	1.0					
1416.739	17.809999999999945	trials	2.0	1427.23057	1428.926632	1432.243134	1432.542211	1426.2970109999999	1430.413927	1432.919	1434.549	1.0	1.0	1.0	1.0					
1438.619	8.060000000000173	trials	2.0	1440.875106	1442.170122	1444.3075919999999	1444.644186	1440.3668559999999	1443.335679	1445.144	1446.679	1.0	1.0	1.0	1.0					
1448.745	19.139000000000124	trials	2.0	1462.37977	1464.138532	1465.6814259999999	1465.946463	1461.590643	1464.671016	1466.574	1467.884	1.0	1.0	1.0	1.0					
1471.004	12.785000000000082	trials	2.0	1476.794836	1478.751847	1481.077415	1481.34385	1476.275578	1479.362073	1481.934	1483.789	1.0	1.0	1.0	1.0					
1487.864	16.014999999999873	trials	2.0	1498.214908	1499.762542	1501.63609	1501.958058	1497.486985	1500.3366879999999	1502.309	1503.879	1.0	1.0	1.0	1.0					
1506.899	9.540000000000191	trials	2.0	1512.630768	1513.882153			1511.695215	1514.2950309999999	1516.114	1516.389	2.0		1.0	1.0					
1520.014	10.634999999999991	trials	2.0	1525.615609	1527.061432			1525.109837	1527.922413	1529.899	1530.649	2.0		1.0	1.0					
1534.699	8.754999999999882	trials	2.0	1540.120639	1541.707114	1543.12657	1543.304029	1539.353032	1542.17574			1.0	2.0	0.0	3.0					
1545.464	21.279999999999973	trials	2.0	1549.307524	1550.618437	1564.670518	1565.081088	1548.462096	1551.183958	1565.335	1566.744	1.0	1.0	1.0	1.0					
1568.764	9.180000000000064	trials	2.0	1573.021307	1574.888952	1575.788341	1576.05198	1572.189966	1574.963877	1576.454	1577.944	1.0	1.0	1.0	1.0					
1580.964	12.496000000000095	trials	2.0	1585.44139	1586.904963	1592.342993	1592.543628	1584.588373	1591.4533119999999			1.0	1.0	1.0	1.0					
1597.929	8.894999999999982	trials	2.0	1601.911182	1603.1820989999999	1604.573368	1604.838726	1601.332444	1603.662474	1605.299	1606.824	1.0	1.0	1.0	1.0					
1609.875	16.588999999999942	trials	2.0	1616.996295	1618.718038	1624.521553	1624.691746	1616.075688	1620.099501	1625.309	1626.464	1.0	1.0	1.0	1.0					
1628.485	11.614000000000033	trials	2.0	1634.2311809999999	1636.007778	1637.835594	1638.111054	1633.31541	1636.849981	1638.515	1640.099	1.0	1.0	1.0	1.0					
1642.129	41.58100000000013	trials	2.0	1680.6127629999999	1681.707997			1679.6422029999999	1681.699222			1.0		0.0	2.0					
1686.764	19.960000000000036	trials	2.0	1702.012757	1703.093019	1704.864888	1705.115932	1701.377016	1703.783794	1705.644	1706.724	1.0	2.0	1.0	1.0					
1708.744	10.900000000000091	trials	2.0	1716.356746	1717.783159	1719.321653	1719.500337	1715.767896	1718.355204			1.0	2.0	0.0	3.0					
1723.699	6.346000000000004	trials	2.0	1725.513129	1727.44473			1724.5830389999999	1727.941077	1729.625	1729.739	2.0		1.0	1.0					
1732.614	10.36999999999989	trials	2.0	1737.532066	1739.14365	1741.9138209999999	1742.16364	1736.725809	1739.884714			1.0	1.0	1.0	1.0					
1745.436	11.863000000000056	trials	2.0	1751.666311	1752.932338	1754.593492	1754.844331	1750.930549	1753.498995	1755.25	1757.299	1.0	1.0	1.0	1.0					
1761.388	598.4210000000003	BlockDesign														1.0	94.0	121.0	50.0	10.0
1761.388	8.125999999999976	trials	3.0	1764.897894	1766.428017			1763.920368	1766.7366279999999	1768.614	1769.514	2.0		1.0	1.0					
1772.585	10.229000000000042	trials	3.0	1779.192042	1780.7539239999999			1778.5669599999999	1780.7446029999999			1.0		0.0	2.0					
1786.86	25.560000000000173	trials	3.0	1809.69222	1811.111209	1812.09268	1812.347034	1809.186543	1811.417872			1.0	2.0	0.0	3.0					
1815.426	10.648000000000138	trials	3.0	1819.60764	1821.096649	1823.709396	1824.1975439999999	1818.63421	1822.508272	1824.46	1826.074	1.0	1.0	1.0	1.0					
1829.102	8.482999999999947	trials	3.0	1833.696964	1835.422654	1836.996537	1837.308233	1833.03273	1836.109287			1.0	1.0	0.0	3.0					
1839.319	11.282000000000153	trials	3.0	1847.466571	1849.263751	1850.288902	1850.594445	1846.634589	1849.2944889999999			1.0	2.0	0.0	3.0					
1854.584	8.804999999999836	trials	3.0	1859.727867	1861.390656			1858.752733	1861.381438			2.0		0.0	2.0					
1866.444	10.343000000000075	trials	3.0	1873.04698	1874.190622			1872.094519	1874.442307	1876.424	1876.787	2.0		1.0	1.0					
1880.853	9.067000000000007	trials	3.0	1884.876888	1886.5148649999999	1887.629244	1887.858045	1884.027076	1886.746957			1.0	2.0	0.0	3.0					
1890.009	29.49499999999989	trials	3.0	1913.764363	1914.97561	1917.48532	1917.748294	1913.1512619999999	1916.273613	1918.119	1919.504	1.0	1.0	1.0	1.0					
1922.529	62.90499999999997	trials	3.0	1926.082183	1927.989439	1981.627082	1982.147802	1925.426625	1928.992378			1.0	1.0	0.0	3.0					
1985.954	9.319999999999936	trials	3.0	1991.882716	1993.2263169999999	1994.764023	1995.284234	1991.158387	1993.990392			1.0	1.0	0.0	3.0					
1997.094	11.454999999999927	trials	3.0	2004.228243	2006.200258			2003.558964	2006.406319	2008.174	2008.295	2.0		1.0	1.0					
2011.009	26.230000000000018	trials	3.0	2031.47422	2032.8297479999999	2035.126245	2035.430341	2030.936791	2033.768159	2035.92	2037.239	1.0	1.0	1.0	1.0					
2040.259	23.675000000000182	trials	3.0	2057.443474	2059.164759	2060.685664	2061.247232	2056.922146	2059.824382			1.0	2.0	0.0	3.0					
2063.969	12.905999999999949	trials	3.0	2073.873391	2075.43315	2076.434071	2076.885813	2073.069874	2075.7247039999997			1.0	2.0	0.0	3.0					
2078.779	17.90000000000009	trials	3.0	2092.600025	2093.678824	2096.247564	2096.690193	2091.79765	2095.430389			1.0	1.0	0.0	3.0					
2098.574	21.235000000000127	trials	3.0	2114.389939	2115.825313	2118.632007	2119.007665	2113.836262	2115.788952			1.0	1.0	0.0	3.0					
2121.0	5.5340000000001055	trials	3.0	2122.9486739999998	2123.976687			2119.822172	2124.326465	2126.274	2126.404	2.0		1.0	1.0					
2131.089	37.22499999999991	trials	3.0	2160.475254	2161.850794	2166.756534	2167.296148	2159.798653	2162.289888			1.0	1.0	0.0	3.0					
2169.129	8.684999999999945	trials	3.0	2170.658507	2172.380347	2175.895638	2176.162102	2168.327661	2172.903159	2176.764	2177.814	1.0	1.0	1.0	1.0					
2181.864	30.565000000000055	trials	3.0	2207.488968	2208.605178	2210.246592	2210.538189	2206.493071	2209.192224	2210.895	2212.429	1.0	1.0	1.0	1.0					
2214.464	24.595000000000255	trials	3.0	2231.49541	2232.855984	2238.735904	2238.985158	2230.565875	2233.763356			1.0	1.0	0.0	3.0					
2242.069	27.0300000000002	trials	3.0	2259.32953	2260.610944	2268.785416	2269.0515219999997	2258.506765	2261.203282			1.0	1.0	0.0	3.0					
2272.141	30.64300000000003	trials	3.0	2281.084198	2283.109908	2301.456249	2302.08076	2280.53788	2283.387103			1.0	1.0	0.0	3.0					
2305.779	5.920000000000073	trials	3.0	2307.61471	2309.440764			2306.448126	2309.634174	2311.429	2311.574	2.0		1.0	1.0					
2314.224	10.059999999999945	trials	3.0	2318.539057	2319.89173	2322.140424	2322.459733	2317.635766	2321.273176	2322.944	2324.284	1.0	1.0	1.0	1.0					
2328.339	31.470000000000255	trials	3.0	2354.984843	2356.329919	2357.672494	2358.021204	2354.035013	2356.816944	2358.375	2359.809	1.0	1.0	1.0	1.0					
2362.859	2327.8250000000003	BlockDesign														1.0	122.0	199.0	10.0	50.0
2362.859	12.74499999999989	trials	4.0	2370.891339	2372.581183	2375.165953	2375.614462	2370.029001	2374.177561			1.0	1.0	0.0	3.0					
2377.534	15.074999999999818	trials	4.0	2388.419701	2390.000548			2387.709811	2390.274364	2392.274	2392.609	2.0		1.0	1.0					
2394.679	14.115999999999985	trials	4.0	2404.327567	2405.930044	2408.335855	2408.805535	2403.615712	2406.464853			1.0	1.0	0.0	3.0					
2411.654	10.659999999999854	trials	4.0	2418.025095	2419.9214349999997			2417.366249	2419.921609	2421.619	2422.314	2.0		1.0	1.0					
2426.359	24.909999999999854	trials	4.0	2448.205212	2449.371387	2450.75866	2451.283036	2447.261709	2449.987953			1.0	1.0	0.0	3.0					
2453.084	14.555000000000291	trials	4.0	2464.6055109999998	2466.50029	2467.225021	2467.651227	2463.717933	2466.53092			1.0	2.0	0.0	3.0					
2471.545	6.76299999999992	trials	4.0	2474.031471	2475.518431	2477.858374	2478.323323	2473.272424	2476.917265			1.0	1.0	0.0	3.0					
2480.222	13.041999999999916	trials	4.0	2489.470024	2490.911626			2488.672878	2491.153979	2492.894	2492.969	2.0		1.0	1.0					
2495.688	15.740999999999985	trials	4.0	2503.884656	2505.161919	2509.934542	2510.238427	2503.28511	2506.071552			1.0	1.0	0.0	3.0					
2513.254	8.055000000000291	trials	4.0	2514.9250779999998	2516.502871	2519.715445	2519.953078	2511.440641	2518.84905	2520.464	2521.309	1.0	2.0	1.0	1.0					
2525.37	14.869000000000142	trials	4.0	2535.191356	2536.307107	2538.452917	2538.681025	2534.22118	2537.464666	2539.227	2540.239	1.0	2.0	1.0	1.0					
2543.306	11.077999999999975	trials	4.0	2550.565941	2551.881958			2549.819832	2552.279209	2553.984	2554.204	2.0		1.0	1.0					
2557.938	64.15099999999984	trials	4.0	2618.050855	2619.443822	2621.68467	2622.103387	2617.056517	2619.878202			1.0	1.0	0.0	3.0					
2625.964	7.889999999999873	trials	4.0	2629.595707	2631.0440909999998	2632.126462	2632.686247	2628.957784	2631.476871			1.0	2.0	0.0	3.0					
2636.474	58.97599999999966	trials	4.0	2691.522244	2692.807522	2693.553433	2693.773164	2690.925192	2692.89492	2694.329	2695.45	1.0	2.0	1.0	1.0					
2697.564	20.81100000000015	trials	4.0	2715.493628	2716.383255	2717.02245	2717.164657	2714.576844	2716.371966			1.0		0.0	2.0					
2722.379	45.445000000000164	trials	4.0	2764.102749	2765.828881	2766.577552	2766.93222	2763.282864	2765.818161			1.0		0.0	2.0					
2771.829	6.429999999999836	trials	4.0	2773.812158	2775.658548	2776.554472	2776.78607	2772.660727	2775.671938	2777.21	2778.259	1.0	2.0	1.0	1.0					
2780.295	7.733999999999924	trials	4.0	2783.941077	2785.709907			2783.02305	2785.858852	2787.649	2787.754	2.0		1.0	1.0					
2791.494	106.13999999999987	trials	4.0	2893.992232	2896.024178	2897.170549	2897.647993	2893.040701	2896.093801			1.0	1.0	0.0	3.0					
2899.479	7.610000000000127	trials	4.0	2903.882239	2905.095027	2905.876374	2906.0868689999998	2903.222503	2905.085029			1.0		0.0	2.0					
2910.099	12.949999999999818	trials	4.0	2919.938721	2921.107161	2922.557752	2923.066001	2919.143774	2921.748418			1.0	2.0	0.0	3.0					
2924.884	98.70100000000002	trials	4.0	3020.587771	3022.238041	3023.198398	3023.600536	3019.913222	3022.559379			1.0	2.0	0.0	3.0					
3026.574	5.760999999999967	trials	4.0	3029.188892	3030.275164			3028.4792039999998	3030.2695519999997			2.0		0.0	2.0					
3036.344	91.86999999999989	trials	4.0	3125.274	3126.945519	3127.902318	3128.1246359999996	3124.478882	3127.2241769999996			1.0	2.0	0.0	3.0					
3131.224	16.65099999999984	trials	4.0	3141.50553	3143.4411299999997	3146.6707039999997	3147.0944339999996	3140.7798719999996	3143.4352919999997			1.0		0.0	2.0					
3148.455	4.688999999999851	trials	4.0	3150.734141	3151.136913			3147.8790379999996	3151.130331			1.0		0.0	2.0					
3157.154	13.105000000000018	trials	4.0	3166.7339509999997	3168.5357249999997	3169.8573349999997	3170.260613	3166.0441309999997	3169.1133919999997			1.0	1.0	0.0	3.0					
3173.229	7.5900000000001455	trials	4.0	3177.8541319999995	3178.757937	3179.401923	3179.6750039999997	3177.2831479999995	3178.7443829999997			1.0		0.0	2.0					
3182.835	10.164999999999964	trials	4.0	3189.7940479999997	3191.3782309999997	3192.6167159999995	3193.002963	3189.2080469999996	3191.9227519999995			1.0	2.0	0.0	3.0					
3195.96	9.726999999999862	trials	4.0	3202.6242449999995	3203.6779399999996	3204.565436	3204.675711	3201.734051	3203.6713269999996			1.0		0.0	2.0					
3207.724	10.480000000000018	trials	4.0	3214.484901	3215.9120179999995	3217.3762979999997	3217.8158609999996	3213.71238	3216.5588129999996			1.0	1.0	0.0	3.0					
3219.714	14.070000000000164	trials	4.0	3229.559762	3231.46058			3228.8841669999997	3231.7051679999995	3233.439	3233.614	2.0		1.0	1.0					
3237.285	8.419000000000324	trials	4.0	3241.6594259999997	3243.4396819999997			3241.0491799999995	3243.5769649999997	3245.364	3245.594	2.0		1.0	1.0					
3250.217	16.936999999999898	trials	4.0	3263.2558969999995	3264.7962919999995	3266.5762269999996	3266.9640539999996	3262.701486	3265.5761789999997			1.0	1.0	0.0	3.0					
3270.93	10.570000000000164	trials	4.0	3277.5509599999996	3279.116482			3276.6026239999997	3279.3594259999995	3281.129	3281.5	2.0		1.0	1.0					
3284.519	28.850000000000364	trials	4.0	3309.9847979999995	3311.3117829999997	3312.842831	3313.3731289999996	3308.996214	3311.8086759999997			1.0	1.0	0.0	3.0					
3317.174	9.201000000000022	trials	4.0	3323.285525	3324.7053929999997	3326.0484359999996	3326.3621209999997	3322.6928159999998	3324.969374			1.0	2.0	0.0	3.0					
3328.389	8.188000000000102	trials	4.0	3332.579793	3334.326643	3336.2038289999996	3336.5778499999997	3331.8365569999996	3335.273843			1.0	1.0	0.0	3.0					
3339.534	10.670000000000073	trials	4.0	3346.4356289999996	3347.8502569999996			3345.8685389999996	3348.084997	3349.789	3349.924	2.0		1.0	1.0					
3354.681	7.132999999999811	trials	4.0	3356.760669	3358.567005			3356.22158	3358.811805	3360.51	3360.889	2.0		1.0	1.0					
3362.954	14.449999999999818	trials	4.0	3374.310158	3375.3872189999997	3377.0859769999997	3377.3537479999995	3373.3124589999998	3376.1076839999996			1.0	2.0	0.0	3.0					
3380.414	13.349999999999909	trials	4.0	3390.065327	3392.066946	3393.4041899999997	3393.7670709999998	3389.420256	3392.3856199999996			1.0	2.0	0.0	3.0					
3395.729	12.731000000000222	trials	4.0	3402.9997049999997	3404.7241459999996	3406.6589339999996	3407.1732899999997	3402.078326	3405.0036499999997			1.0	1.0	0.0	3.0					
3409.034	5.300999999999931	trials	4.0	3410.80577	3412.2588339999998			3408.4657669999997	3412.2530629999997			1.0		0.0	2.0					
3418.346	21.927999999999884	trials	4.0	3437.2053739999997	3438.264174			3436.3050989999997	3438.2519439999996			1.0		0.0	2.0					
3444.28	54.30899999999974	trials	4.0	3494.8746049999995	3496.253812	3496.9228259999995	3497.154041	3494.141538	3496.265246	3497.679	3498.589	1.0	2.0	1.0	1.0					
3501.69	8.708999999999833	trials	4.0	3507.1955849999995	3508.3929559999997			3506.4881729999997	3508.3856429999996			1.0		0.0	2.0					
3514.446	25.867999999999938	trials	4.0	3536.9363719999997	3538.000803	3538.5575689999996	3538.7194069999996	3536.2284499999996	3537.9384969999996	3539.25	3540.314	1.0	2.0	1.0	1.0					
3543.334	7.1550000000002	trials	4.0	3546.4505809999996	3547.9733659999997	3548.554545	3548.7385109999996	3545.6946959999996	3547.9659919999995	3549.289	3550.489	1.0	2.0	1.0	1.0					
3552.544	8.515000000000327	trials	4.0	3558.5166899999995	3559.666397	3560.7461459999995	3560.9200359999995	3557.951702	3560.038044			1.0	2.0	0.0	3.0					
3563.113	16.15599999999995	trials	4.0	3574.6330559999997	3576.5776029999997			3574.0137229999996	3576.716486	3578.684	3579.269	2.0		1.0	1.0					
3581.052	22.0329999999999	trials	4.0	3596.3832489999995	3597.8280239999995			3595.496394	3597.823211			2.0		0.0	2.0					
3603.899	4.934999999999945	trials	4.0	3605.6468849999997	3606.8279879999996			3603.085659	3606.8254389999997			1.0		0.0	2.0					
3611.844	10.780999999999949	trials	4.0	3618.866174	3620.1156539999997			3618.0111399999996	3620.4743499999995	3622.239	3622.369	2.0		1.0	1.0					
3626.134	31.09999999999991	trials	4.0	3653.2414219999996	3654.6209339999996	3655.543875	3655.7606279999995	3652.4645259999998	3654.879083	3656.269	3657.234	1.0	2.0	1.0	1.0					
3661.299	6.885000000000218	trials	4.0	3664.9612709999997	3666.180101			3663.9769789999996	3666.17363			1.0		0.0	2.0					
3671.194	5.0300000000002	trials	4.0	3673.247418	3674.2201919999998	3674.966657	3675.2434319999998	3671.7629269999998	3674.2106809999996			1.0		0.0	2.0					
3678.239	42.39499999999998	trials	4.0	3716.691638	3718.3890739999997	3720.0991999999997	3720.6376789999995	3715.7418419999995	3719.171344			1.0	1.0	0.0	3.0					
3723.424	11.269999999999982	trials	4.0	3732.02195	3733.366728	3734.3273969999996	3734.5642369999996	3731.4599929999995	3733.689324			1.0	2.0	0.0	3.0					
3737.664	11.829999999999927	trials	4.0	3744.5865489999996	3745.6989719999997	3749.173594	3749.4987779999997	3743.9884649999995	3747.779244			1.0	1.0	0.0	3.0					
3752.51	17.899999999999636	trials	4.0	3764.4119069999997	3765.951929	3770.0496889999995	3770.417692	3763.5209669999995	3768.8152959999998			1.0	1.0	0.0	3.0					
3774.385	9.71499999999969	trials	4.0	3779.553328	3781.386099	3782.6328959999996	3782.864894	3778.853006	3781.84446			1.0	2.0	0.0	3.0					
3784.96	4.233999999999924	trials	4.0	3786.513446	3787.1189339999996	3788.1560119999995	3788.446603	3784.1068819999996	3787.1146679999997			1.0		0.0	2.0					
3791.204	582.5700000000002	trials	4.0	4369.629327	4370.763228			4368.938899999999	4371.755091	4373.444	4373.75	2.0		1.0	1.0					
4378.309	113.99499999999989	trials	4.0	4488.806753999999	4490.4334499999995	4491.20303	4491.379374	4488.000059	4490.5691959999995			1.0	2.0	1.0	1.0					
4494.814	11.539999999999964	trials	4.0	4502.681928	4504.357661			4501.835348	4504.347033			1.0		0.0	2.0					
4509.364	29.050000000000182	trials	4.0	4534.516328	4535.906164999999			4533.672979	4536.224029999999	4538.064	4538.304	2.0		1.0	1.0					
4541.929	13.490999999999985	trials	4.0	4549.697586	4551.037295	4552.140554	4552.349343	4548.743549	4551.424094999999			1.0	2.0	0.0	3.0					
4555.489	7.065000000000509	trials	4.0	4557.465558	4558.881632	4559.929741	4560.247004	4555.430568	4559.256872	4560.67	4562.554	1.0	2.0	1.0	1.0					
4564.419	31.51299999999992	trials	4.0	4592.130752	4593.837866			4591.444856	4593.827309			1.0		0.0	2.0					
4597.949	10.551000000000386	trials	4.0	4605.446072	4607.350676	4608.1974279999995	4608.365301	4604.921617999999	4607.317408999999			1.0	2.0	0.0	3.0					
4612.55	9.34900000000016	trials	4.0	4617.932500999999	4619.842515			4617.049316	4619.839070999999			1.0		0.0	2.0					
4625.909	8.105000000000473	trials	4.0	4629.941397	4631.4566509999995	4632.309515999999	4632.6104239999995	4629.092846	4631.74164	4633.094	4634.014	1.0	2.0	1.0	1.0					
4638.047	8.838000000000648	trials	4.0	4641.6915739999995	4642.858364	4644.727508999999	4644.837224	4640.714685	4643.899491	4645.365	4646.885	1.0	2.0	1.0	1.0					
4648.924	14.201000000000022	trials	4.0	4659.231868999999	4660.866749999999			4658.7241109999995	4661.06645	4662.849	4663.064	2.0		1.0	1.0					
4667.654	11.599999999999454	trials	4.0	4675.081451999999	4676.912915			4674.438249	4677.000257	4678.835	4679.119	2.0		1.0	1.0					
4681.684	9.0	trials	4.0	4686.461514	4687.783960999999	4688.8448339999995	4689.050868	4685.744342	4688.1718789999995	4689.634	4690.684	1.0	2.0	1.0	1.0					
4692.829	574.5660000000007	BlockDesign														1.0	200.0	231.0	50.0	90.0
4692.829	18.3100000000004	trials	5.0	4704.276470999999	4706.289949999999	4708.034441	4708.162764	4703.606411	4707.081700999999	4708.814	4711.139	1.0	2.0	1.0	1.0					
4711.994	12.075000000000728	trials	5.0	4720.146616999999	4721.498222			4719.133167	4721.836079	4723.75	4724.024	2.0		1.0	1.0					
4726.59	40.26900000000023	trials	5.0	4762.956545	4764.177899	4765.241096	4765.454387	4762.227815	4764.580671	4766.004	4766.859	1.0	2.0	1.0	1.0					
4770.934	6.3159999999998035	trials	5.0	4772.866812	4773.997187999999	4775.449376	4775.678398999999	4771.635716	4774.329702	4776.085	4777.25	1.0	2.0	1.0	1.0					
4780.32	12.648000000000138	trials	5.0	4789.041808	4791.040445	4791.901766	4792.016482999999	4788.261876	4791.080742			1.0	2.0	1.0	1.0					
4797.529	11.045999999999367	trials	5.0	4801.113278999999	4802.20469	4803.608396	4803.7075589999995	4800.431258	4802.820925999999	4804.364	4808.575	1.0	2.0	1.0	1.0					
4811.112	42.84199999999964	trials	5.0	4850.18802	4851.351782			4849.389867	4851.629793	4853.574	4853.875	2.0		1.0	1.0					
4857.429	6.5349999999998545	trials	5.0	4859.912133	4861.611326			4858.982945	4861.768185	4863.514	4863.639	2.0		1.0	1.0					
4867.425	6.568999999999505	trials	5.0	4869.506979	4871.435399999999			4868.944911	4871.79303	4873.71	4873.829	2.0		1.0	1.0					
4877.559	6.800000000000182	trials	5.0	4881.131735999999	4882.928572999999	4884.042819	4884.164682	4880.329932	4883.330703			1.0	2.0	0.0	3.0					
4886.369	10.56500000000051	trials	5.0	4893.327803	4894.439969999999	4895.30438	4895.47229	4892.626203	4894.719220999999	4895.989	4896.934	1.0	2.0	1.0	1.0					
4900.954	26.63500000000022	trials	5.0	4924.138868	4925.539455			4923.276561	4925.5337979999995			1.0		0.0	2.0					
4931.639	5.983000000000175	trials	5.0	4933.752232999999	4935.114861			4932.939096	4935.429749999999	4937.324	4937.409	2.0		1.0	1.0					
4940.199	20.94500000000062	trials	5.0	4955.272709	4956.64841	4959.3879	4959.662838	4954.336649999999	4958.250924	4960.194	4961.144	1.0	2.0	1.0	1.0					
4965.211	8.657999999999447	trials	5.0	4970.113359	4971.8699369999995			4969.5225439999995	4971.8659339999995			1.0		0.0	2.0					
4975.879	8.435999999999694	trials	5.0	4980.073007999999	4981.575687	4982.709954	4982.883704	4979.0794829999995	4982.039165	4983.331	4984.315	1.0	2.0	1.0	1.0					
4988.425	6.729000000000269	trials	5.0	4992.712781	4993.156256			4991.897309	4993.150887			1.0		0.0	2.0					
4999.21	18.798999999999978	trials	5.0	5014.521654	5016.00912			5013.679222999999	5016.001388			1.0		0.0	2.0					
5021.016	5.543000000000575	trials	5.0	5022.882953	5023.9846529999995	5024.9301049999995	5025.230589	5021.66091	5024.373388999999	5025.644	5026.559	1.0	2.0	1.0	1.0					
5029.625	18.046000000000276	trials	5.0	5043.434273999999	5044.7700239999995	5047.2818369999995	5047.681916	5042.5008689999995	5045.152892			1.0	1.0	0.0	3.0					
5050.614	7.2150000000001455	trials	5.0	5053.2181279999995	5055.2780299999995			5052.5209669999995	5055.539538	5057.464	5057.549	2.0		1.0	1.0					
5062.364	19.00500000000011	trials	5.0	5077.53335	5078.6462759999995	5080.897344	5081.380426	5076.924567	5079.441844			1.0	1.0	0.0	3.0					
5083.26	31.27899999999954	trials	5.0	5110.9636439999995	5112.298543	5112.873927	5113.274507	5110.049562	5112.314145	5113.559	5114.539	1.0	2.0	1.0	1.0					
5116.651	36.5590000000002	trials	5.0	5148.93498	5150.710757999999	5151.561213999999	5151.729749	5148.3805139999995	5150.988845	5152.154	5153.21	1.0	2.0	1.0	1.0					
5155.226	8.468000000000757	trials	5.0	5159.118662	5160.530697	5161.632356	5161.823794	5158.2433009999995	5160.936492	5162.349	5163.694	1.0	2.0	1.0	1.0					
5166.414	16.131000000000313	trials	5.0	5178.49389	5179.715133	5180.678798999999	5180.887737999999	5177.725032	5180.001284	5181.494	5182.545	1.0	2.0	1.0	1.0					
5186.564	9.331000000000131	trials	5.0	5192.204202	5193.215243999999	5194.233296	5194.388198	5191.286232	5193.461214	5194.979	5195.895	1.0	2.0	1.0	1.0					
5199.959	6.545000000000073	trials	5.0	5202.7842519999995	5203.8480039999995	5204.521785	5204.775409	5201.7975	5203.845126	5205.189	5206.504	1.0	2.0	1.0	1.0					
5210.364	14.156000000000859	trials	5.0	5220.899004	5221.945989			5219.900615	5222.391272	5224.254	5224.52	2.0		1.0	1.0					
5228.545	6.778000000000247	trials	5.0	5231.379140999999	5232.728219			5230.826454	5233.036039999999	5234.939	5235.094	2.0		1.0	1.0					
5239.779	11.209999999999127	trials	5.0	5246.689272	5248.5856109999995	5249.272070999999	5249.44124	5245.827563999999	5248.681062	5249.969	5250.989	1.0	2.0	1.0	1.0					
5254.054	13.34100000000035	trials	5.0	5264.319561	5266.19937	5267.262457999999	5267.408039	5263.575104	5266.499696999999			1.0	2.0	0.0	3.0					
5271.59	2544.33	BlockDesign														1.0	232.0	333.0	50.0	10.0
5271.59	8.139000000000124	trials	6.0	5275.9590419999995	5277.731566	5278.483407	5278.828138	5275.23733	5277.728352			1.0		0.0	2.0					
5283.739	44.00500000000011	trials	6.0	5321.9244499999995	5323.4261879999995	5325.4365689999995	5325.877340999999	5320.977757999999	5323.413818999999			1.0		0.0	2.0					
5328.497	29.519999999999527	trials	6.0	5355.279809	5355.961307			5354.626526	5355.95775			1.0		0.0	2.0					
5362.029	12.595999999999549	trials	6.0	5369.594394	5370.921506	5372.121472999999	5372.587869999999	5369.061507	5371.444581			1.0	2.0	0.0	3.0					
5375.489	26.86500000000069	trials	6.0	5400.124902	5401.21674	5402.090552	5402.230458	5399.240229999999	5401.478444			1.0	2.0	0.0	3.0					
5406.375	36.634000000000015	trials	6.0	5439.049496	5440.706865			5438.042045	5440.896226	5442.644	5442.829	2.0		1.0	1.0					
5445.629	19.81999999999971	trials	6.0	5461.620084	5462.851116			5460.691998	5463.158466	5465.024	5465.234	2.0		1.0	1.0					
5467.894	12.58599999999933	trials	6.0	5476.505345	5477.914833			5475.636146999999	5478.32703	5480.179	5480.324	2.0		1.0	1.0					
5483.934	8.0	trials	6.0	5487.985541	5489.063467	5491.582297	5491.946851999999	5487.1630669999995	5489.057736			1.0		0.0	2.0					
5495.182	10.588000000000648	trials	6.0	5503.205115	5504.346262999999	5505.393378	5505.7845259999995	5502.207828	5504.845856			1.0	2.0	0.0	3.0					
5509.714	71.31500000000051	trials	6.0	5577.316408999999	5579.0344669999995			5576.763064999999	5579.029028			1.0		0.0	2.0					
5583.044	6.242000000000189	trials	6.0	5585.892416999999	5587.16742	5588.892773	5589.298508	5585.271111	5588.1502789999995			1.0	2.0	0.0	3.0					
5592.204	112.48000000000047	trials	6.0	5700.937658999999	5702.689667			5700.283067	5702.6856179999995			2.0		0.0	2.0					
5707.69	5.770000000000437	trials	6.0	5710.187478	5712.052451	5713.134978	5713.393629	5709.1896719999995	5712.206912			1.0	2.0	0.0	3.0					
5715.466	14.299999999999272	trials	6.0	5726.518263	5727.770019			5725.70399	5727.764213			1.0		0.0	2.0					
5732.829	16.26000000000022	trials	6.0	5746.021984999999	5747.093154			5745.037625	5747.081194			1.0		0.0	2.0					
5752.099	17.264999999999418	trials	6.0	5765.805919	5767.53399	5768.879956999999	5769.376676	5765.040983999999	5768.091578			1.0	1.0	0.0	3.0					
5771.214	8.164999999999964	trials	6.0	5776.246859	5778.100581	5778.888143	5779.393717	5775.603888	5778.287724			1.0	2.0	0.0	3.0					
5782.21	31.16899999999987	trials	6.0	5809.952095999999	5811.198972	5812.943762999999	5813.393459999999	5809.040897999999	5811.543761999999			1.0	1.0	0.0	3.0					
5815.285	5.2390000000004875	trials	6.0	5816.876672	5818.534103	5819.871375	5820.196625	5815.462234999999	5818.522693			1.0		0.0	2.0					
5822.564	14.960000000000036	trials	6.0	5832.393668	5834.107812	5835.658282	5835.9987	5831.556558	5834.6803199999995	5836.429	5837.524	1.0	1.0	1.0	1.0					
5839.559	12.909999999999854	trials	6.0	5848.357109	5849.565602999999			5847.78342	5849.885044999999	5851.719	5852.469	2.0		1.0	1.0					
5854.36	32.96900000000005	trials	6.0	5882.502204	5883.888572	5885.6720749999995	5885.925224999999	5881.903479	5884.28671	5886.304	5887.329	1.0	2.0	1.0	1.0					
5890.256	8.917999999999665	trials	6.0	5896.056548	5897.904511999999	5898.715237	5899.190562	5895.207564	5898.190444			1.0	2.0	0.0	3.0					
5903.031	25.98700000000008	trials	6.0	5925.417228	5927.02475			5924.702426	5927.020528999999			2.0		0.0	2.0					
5933.069	7.5	trials	6.0	5935.242275	5936.683824	5938.633903	5938.996491	5934.500183	5937.481167	5939.349	5940.569	1.0	1.0	1.0	1.0					
5942.595	7.300000000000182	trials	6.0	5946.362537999999	5947.856301	5949.525609	5949.908124	5945.592866999999	5948.560622999999			1.0	1.0	0.0	3.0					
5952.849	7.695999999999913	trials	6.0	5956.695523	5957.793941			5955.84804	5958.397197	5960.194	5960.464	2.0		1.0	1.0					
5963.124	84.07499999999982	trials	6.0	6039.738367	6041.600225	6043.071851999999	6043.383959999999	6038.9848919999995	6042.108769			1.0	2.0	0.0	3.0					
6047.446	13.322000000000116	trials	6.0	6057.083242999999	6058.4697479999995			6056.41884	6058.645811	6060.38	6060.469	2.0		1.0	1.0					
6063.289	8.900000000000546	trials	6.0	6068.2480319999995	6069.692829			6067.499771999999	6069.977636	6071.875	6072.144	2.0		1.0	1.0					
6075.754	22.400000000000546	trials	6.0	6095.248245	6097.005923	6097.843455	6098.104413999999	6094.6875119999995	6097.1384419999995			1.0	2.0	0.0	3.0					
6100.205	9.559000000000196	trials	6.0	6103.818308	6105.514556	6107.901470999999	6108.221197	6103.298159	6106.237905	6108.634	6109.764	1.0	1.0	1.0	1.0					
6112.789	24.420000000000073	trials	6.0	6133.926	6135.197254000001			6133.04172	6135.186777			1.0		0.0	2.0					
6141.264	6.385000000000218	trials	6.0	6144.549793	6145.638485	6146.517719	6146.919633	6143.890130000001	6145.631586			1.0		0.0	2.0					
6149.659	17.926000000000386	trials	6.0	6161.955800000001	6163.602274	6164.558993000001	6165.262034	6161.019326000001	6163.935189			1.0	2.0	0.0	3.0					
6167.891	11.50800000000072	trials	6.0	6175.471286	6177.332739			6174.855518	6177.328341			2.0		0.0	2.0					
6183.409	9.035000000000764	trials	6.0	6185.877618	6187.582893000001	6189.897357	6190.384641000001	6185.290439	6189.00494			1.0	1.0	0.0	3.0					
6194.284	4.020000000000437	trials	6.0	6196.096511000001	6196.296608000001			6192.441215	6196.286771			1.0		0.0	2.0					
6202.314	110.13499999999931	trials	6.0	6308.557008000001	6309.87777			6307.944137	6310.182366	6312.045	6312.144	2.0		1.0	1.0					
6315.011	10.732999999999265	trials	6.0	6319.456183	6320.483457	6323.477364	6323.837006000001	6318.7816680000005	6321.653585	6324.134	6325.744	1.0	1.0	1.0	1.0					
6327.784	11.660000000000764	trials	6.0	6333.706643	6335.171735	6338.353664	6339.441818	6333.074421	6335.162987000001			1.0		0.0	2.0					
6340.244	5.472999999999956	trials	6.0	6342.026518000001	6343.990904	6345.320774	6345.716633	6340.400039	6344.557746			1.0	2.0	0.0	3.0					
6349.694	304.79099999999926	trials	6.0	6650.358380000001	6651.784378	6652.371623	6652.60702	6649.5655130000005	6651.738123			1.0	2.0	0.0	3.0					
6655.704	48.30500000000029	trials	6.0	6700.988927	6702.68556	6703.370684	6704.012070000001	6700.404692	6702.836594			1.0	2.0	0.0	3.0					
6706.699	33.539999999999964	trials	6.0	6736.958817000001	6738.232008			6736.290158	6738.224555000001			1.0		0.0	2.0					
6742.295	13.253999999999905	trials	6.0	6752.485698	6753.891201	6755.115306000001	6755.550033	6751.904875	6754.323479000001			1.0	2.0	0.0	3.0					
6758.446	11.568000000000211	trials	6.0	6761.648643	6763.472692	6768.072613	6768.553207	6760.853316000001	6763.721691000001			1.0	1.0	0.0	3.0					
6772.409	4.466000000000349	trials	6.0	6773.953626	6774.87014			6770.0167200000005	6774.860807			1.0		0.0	2.0					
6778.889	33.970000000000255	trials	6.0	6809.0941920000005	6810.295256			6808.280388	6810.699437			2.0		1.0	1.0					
6817.384	15.8149999999996	trials	6.0	6823.864107	6824.997983	6832.652721	6833.202198	6823.0805900000005	6825.6400380000005			1.0	1.0	0.0	3.0					
6836.019	9.385000000000218	trials	6.0	6841.609576000001	6843.327253	6844.319523	6844.7017860000005	6840.647609000001	6843.317856000001			1.0		0.0	2.0					
6848.45	9.779000000000451	trials	6.0	6854.515037	6855.580736			6853.913757	6856.0445660000005	6857.729	6858.229	2.0		1.0	1.0					
6860.25	10.934000000000196	trials	6.0	6865.7558770000005	6867.314627	6869.10067	6869.427857000001	6865.1952280000005	6868.027722000001	6869.835	6871.184	1.0	1.0	1.0	1.0					
6874.249	13.31500000000051	trials	6.0	6880.9942120000005	6882.502757	6885.369265	6885.770912	6880.381535	6883.661394000001	6886.149	6887.564	1.0	1.0	1.0	1.0					
6891.585	5.899999999999636	trials	6.0	6893.734263	6895.146659	6897.007003000001	6897.489693	6893.144979000001	6895.878540000001			1.0	1.0	0.0	3.0					
6901.349	12.360999999999876	trials	6.0	6909.918986000001	6911.641872			6908.962145	6911.637417			1.0		0.0	2.0					
6916.764	6.494999999999891	trials	6.0	6919.044395	6920.656194			6918.521307	6921.130487			2.0		1.0	1.0					
6926.719	18.850000000000364	trials	6.0	6936.145136	6937.991619	6943.481292	6943.776827000001	6935.178080000001	6938.296716000001	6944.274	6945.569	1.0	1.0	1.0	1.0					
6947.635	14.804000000000087	trials	6.0	6956.959678	6958.919493	6960.168705	6960.4109	6956.308955	6959.23218	6960.909	6962.439	1.0	1.0	1.0	1.0					
6966.46	28.914999999999964	trials	6.0	6991.771065	6993.691611	6994.910154	6995.377526	6991.168107	6994.234659			1.0	2.0	0.0	3.0					
6997.246	5.773000000000138	trials	6.0	7000.314857	7001.396346	7002.435890000001	7002.61388	6999.622766	7001.721722			1.0	2.0	0.0	3.0					
7005.764	10.635000000000218	trials	6.0	7009.624888	7011.508932000001	7014.353841	7014.649361	7008.955029000001	7012.654218000001	7015.125	7016.399	1.0	1.0	1.0	1.0					
7018.464	15.63000000000011	trials	6.0	7029.90051	7031.536706			7029.0560780000005	7031.831822	7033.799	7033.96	2.0		1.0	1.0					
7038.664	12.381000000000313	trials	6.0	7045.835154	7047.562029000001	7048.937073	7049.198397	7045.150949	7048.002710000001	7049.694	7051.045	1.0	1.0	1.0	1.0					
7053.061	12.478000000000065	trials	6.0	7061.280339	7062.624169000001	7064.927514	7065.540142	7060.598901	7064.018578			1.0	1.0	0.0	3.0					
7068.296	10.373999999999796	trials	6.0	7074.540585000001	7076.107175			7073.998714	7076.4491960000005	7078.439	7078.539	2.0		1.0	1.0					
7081.21	8.278999999999542	trials	6.0	7085.595542	7086.722549	7088.874124	7089.4940750000005	7084.8922760000005	7087.6146690000005			1.0	1.0	0.0	3.0					
7091.194	110.22599999999966	trials	6.0	7198.5927440000005	7200.028065	7201.110242000001	7201.326234	7197.782538	7200.335705			1.0	2.0	0.0	3.0					
7203.475	10.109999999999673	trials	6.0	7208.371115	7209.662327	7211.453952	7211.827572	7207.7608040000005	7210.314909000001	7212.134	7213.585	1.0	1.0	1.0	1.0					
7216.614	19.75	trials	6.0	7232.996312	7234.874998	7235.987037000001	7236.366059	7232.110446000001	7235.184507			1.0	2.0	0.0	3.0					
7240.304	15.469000000000051	trials	6.0	7252.467834	7254.328151	7255.424352	7255.773968	7251.674787	7254.6622130000005			1.0	2.0	0.0	3.0					
7258.759	12.444999999999709	trials	6.0	7267.030971	7268.884411			7266.133716	7269.068835	7270.889	7271.204	2.0		1.0	1.0					
7275.224	8.070999999999913	trials	6.0	7280.297436000001	7281.448200000001	7282.972977	7283.25138	7279.410705	7282.037243000001			1.0	1.0	0.0	3.0					
7286.305	6.864999999999782	trials	6.0	7289.9768970000005	7291.103334			7289.253629000001	7291.099200000001			2.0		0.0	2.0					
7297.226	11.360000000000582	trials	6.0	7303.651305	7304.973822	7306.703498000001	7307.021846000001	7302.661699	7305.606977	7307.476	7308.586	1.0	1.0	1.0	1.0					
7312.609	5.420000000000073	trials	6.0	7314.656859000001	7316.367819	7317.708304	7317.929103	7314.03471	7316.829308			1.0	1.0	0.0	3.0					
7320.039	13.405000000000655	trials	6.0	7324.803384000001	7326.118021	7332.7922340000005	7333.092405	7323.911765000001	7331.516030000001			1.0	1.0	0.0	3.0					
7337.126	4.257999999999811	trials	6.0	7338.701259	7339.868528	7340.952867	7341.389669	7337.438404	7340.297930000001			1.0	2.0	0.0	3.0					
7343.315	27.3100000000004	trials	6.0	7365.067116	7366.1488340000005	7368.589745	7368.893233000001	7364.4031620000005	7366.764099	7369.244	7370.625	1.0	1.0	1.0	1.0					
7373.644	68.35999999999967	trials	6.0	7439.121879	7440.522687000001	7441.580645	7442.009609000001	7438.440588	7440.903168000001			1.0	2.0	0.0	3.0					
7444.906	10.457999999999629	trials	6.0	7448.906868	7450.033349	7453.151955	7453.481121000001	7447.975835	7450.9027940000005	7453.881	7455.364	1.0	1.0	1.0	1.0					
7457.4	11.8100000000004	trials	6.0	7465.068564	7466.897619			7464.154004	7467.101597000001	7468.939	7469.194	2.0		1.0	1.0					
7473.766	8.469000000000051	trials	6.0	7478.128053	7479.472649			7477.623135	7479.827685	7481.674	7482.235	2.0		1.0	1.0					
7486.339	17.80500000000029	trials	6.0	7491.31253	7492.418568	7501.983033	7502.368772	7490.660916000001	7493.010305	7502.664	7504.144	1.0	1.0	1.0	1.0					
7507.19	8.379000000000815	trials	6.0	7511.416925	7513.11411	7515.090547	7515.574319	7510.88663	7514.0806840000005			1.0	1.0	0.0	3.0					
7518.419	10.520000000000437	trials	6.0	7526.087342000001	7527.259506	7528.613247	7528.845098	7525.480848	7527.761498			1.0	1.0	0.0	3.0					
7530.949	10.25	trials	6.0	7535.752415	7537.330014	7539.049556	7539.311538	7535.042514000001	7538.098074	7539.689	7541.199	1.0	1.0	1.0	1.0					
7543.224	23.570999999999913	trials	6.0	7563.978537	7564.739768			7563.474332	7564.736324			1.0		0.0	2.0					
7570.849	64.57099999999991	trials	6.0	7630.513674	7632.174374	7633.066731000001	7633.441244000001	7629.8321430000005	7632.191672	7633.727	7635.42	1.0	1.0	1.0	1.0					
7638.174	7.536000000000058	trials	6.0	7642.172792	7643.699875	7645.174164	7645.713745	7641.368127	7644.295512000001			1.0	1.0	0.0	3.0					
7647.494	10.265000000000327	trials	6.0	7653.033171	7654.301207	7655.6732250000005	7655.968964	7652.179338	7654.647234	7656.48	7657.759	1.0	1.0	1.0	1.0					
7661.815	14.384000000000015	trials	6.0	7672.003104	7673.831246			7671.380724000001	7673.838488	7675.844	7676.199	2.0		1.0	1.0					
7679.259	8.010000000000218	trials	6.0	7682.85872	7684.705619			7682.317547000001	7684.727195	7686.729	7687.269	2.0		1.0	1.0					
7689.289	12.25	trials	6.0	7697.202911	7698.81156	7701.201182000001	7701.543715	7696.352087	7699.351766			1.0	1.0	0.0	3.0					
7704.529	7.559999999999491	trials	6.0	7708.667888	7710.030546	7710.713831	7711.190292	7707.869828000001	7710.0187750000005			1.0		0.0	2.0					
7715.139	7.244999999999891	trials	6.0	7718.1800650000005	7719.826010000001			7717.52639	7720.164605	7722.08	7722.179	2.0		1.0	1.0					
7724.925	9.528999999999542	trials	6.0	7730.448596	7731.9206970000005	7734.192263	7734.457961	7729.855793000001	7731.912737000001			1.0		0.0	2.0					
7735.969	36.3149999999996	trials	6.0	7768.498724	7770.025598			7767.710756	7770.238317			2.0		1.0	1.0					
7776.847	14.757000000000517	trials	6.0	7789.078434	7790.485875	7791.27369	7791.47343	7788.478118	7790.6993090000005			1.0	2.0	0.0	3.0					
7794.659	11.235000000000582	trials	6.0	7800.364503000001	7801.729755	7803.897417	7804.200696	7799.375795	7802.125473	7804.574	7805.894	1.0	1.0	1.0	1.0					
7809.92	6.0	trials	6.0	7813.1355570000005	7814.390943	7815.842876000001	7816.284224	7812.1577290000005	7814.807580000001			1.0	1.0	0.0	3.0					
7818.188	4419.476000000001	BlockDesign														1.0	334.0	544.0	90.0	50.0
7818.188	11.793999999999869	trials	7.0	7826.949027000001	7828.735874	7829.59143	7829.946297	7826.319396000001	7829.000705			1.0	2.0	0.0	3.0					
7831.978	18.371000000000095	trials	7.0	7844.338817	7845.8133530000005	7848.3992450000005	7848.739995	7843.820262	7847.693129	7849.189	7850.349	1.0	1.0	1.0	1.0					
7852.369	10.536000000000058	trials	7.0	7859.251708	7860.345047000001			7858.7027960000005	7860.697968	7862.619	7862.859	2.0		1.0	1.0					
7865.429	11.375	trials	7.0	7871.208726000001	7872.715722	7874.425215	7874.777061000001	7870.199888	7873.251165000001	7875.239	7876.804	1.0	1.0	1.0	1.0					
7879.864	8.64600000000064	trials	7.0	7884.3240080000005	7886.252211			7883.754213	7886.460575	7888.234	7888.474	2.0		1.0	1.0					
7893.11	14.798999999999978	trials	7.0	7901.260605	7902.573375	7905.8721080000005	7906.13694	7900.448789	7903.75758	7906.604	7907.909	1.0	1.0	1.0	1.0					
7911.03	11.548999999999978	trials	7.0	7918.7606940000005	7920.194757			7918.093916	7920.3983100000005	7922.149	7922.299	2.0		1.0	1.0					
7927.044	17.720000000000255	trials	7.0	7932.145067	7933.594556	7942.031508	7942.313868	7931.297942	7934.59994	7942.759	7944.764	1.0	1.0	1.0	1.0					
7947.824	6.905000000000655	trials	7.0	7950.824468000001	7952.190219			7950.085764	7952.387994000001	7954.159	7954.729	2.0		1.0	1.0					
7958.799	6.8100000000004	trials	7.0	7960.989711	7962.755924	7963.681862	7963.940811	7960.394228	7962.772748	7964.404	7965.609	1.0	2.0	1.0	1.0					
7969.675	13.563999999999396	trials	7.0	7979.014907000001	7980.8626970000005	7982.173584	7982.411499	7978.055214	7981.253011000001			1.0	2.0	1.0	1.0					
7986.824	12.221000000000458	trials	7.0	7995.685356	7997.04722			7994.940971	7997.035407			1.0		0.0	2.0					
8001.054	16.024000000000342	trials	7.0	8013.714761	8015.013459	8015.799981	8016.1397990000005	8012.945936	8015.0108			1.0		0.0	2.0					
8019.094	33.32600000000002	trials	7.0	8049.295271	8051.16636	8052.029783	8052.42456	8048.619828000001	8051.367473			1.0	2.0	0.0	3.0					
8054.379	8.930000000000291	trials	7.0	8057.445251	8059.090914	8061.342749	8061.595176000001	8056.787924	8059.886873	8062.085	8063.309	1.0	1.0	1.0	1.0					
8067.344	6.604999999999563	trials	7.0	8070.020519	8071.906604	8073.611826	8073.91794	8069.233668000001	8072.7717330000005			1.0	1.0	0.0	3.0					
8077.0	8.97900000000027	trials	7.0	8082.395633	8083.980888	8084.783934	8084.880435	8081.586888	8083.972403			1.0		0.0	2.0					
8089.033	42.34199999999964	trials	7.0	8127.472164000001	8129.064524			8126.736486	8129.304597	8131.045	8131.324	2.0		1.0	1.0					
8134.954	13.430000000000291	trials	7.0	8142.495699	8143.532364000001	8146.403421	8146.7981070000005	8141.8658080000005	8144.22957	8147.139	8148.384	1.0	1.0	1.0	1.0					
8152.399	45.14800000000014	trials	7.0	8193.945849	8195.462244			8193.261618	8195.456795			1.0		0.0	2.0					
8200.559	40.600000000000364	trials	7.0	8237.455854	8238.652782000001	8239.519305	8239.745142	8236.61431	8238.874682	8240.192	8241.159	1.0	2.0	1.0	1.0					
8243.18	9.715000000000146	trials	7.0	8247.040926	8248.242794	8250.281006000001	8250.709757	8246.06009	8248.842332	8250.979	8252.895	1.0	1.0	1.0	1.0					
8256.914	5.764999999999418	trials	7.0	8258.630922	8260.175479000001			8257.82835	8260.474731	8262.314	8262.519	2.0		1.0	1.0					
8266.299	8.179999999998472	trials	7.0	8271.156738	8272.353353	8274.161517	8274.402912000001	8270.278275	8273.29842			1.0	2.0	0.0	3.0					
8278.491	7.2590000000000146	trials	7.0	8282.336222	8283.757216			8281.571273	8283.747804			1.0		0.0	2.0					
8287.759	44.53600000000006	trials	7.0	8328.731967	8330.29788	8331.139913	8331.572862	8327.937287	8330.287284			1.0		0.0	2.0					
8336.304	5.274999999999636	trials	7.0	8338.746714	8339.57798	8340.352132	8340.495327	8338.012629	8339.562946			1.0		0.0	2.0					
8345.63	69.94400000000132	trials	7.0	8410.676789000001	8411.8236	8413.089873	8413.544169	8409.823215	8412.317229	8413.779	8415.574	1.0	1.0	1.0	1.0					
8419.649	8.730000000001382	trials	7.0	8423.186988000001	8424.303384	8426.160506	8426.4604	8422.414988	8425.242871	8426.854	8428.379	1.0	1.0	1.0	1.0					
8432.445	12.104000000001179	trials	7.0	8439.651921	8441.005473000001	8442.434624000001	8442.710708	8438.927309	8441.510855	8443.099	8444.549	1.0	1.0	1.0	1.0					
8447.615	18.47899999999936	trials	7.0	8457.916867	8459.688984	8463.836556	8464.273829	8457.037820000001	8460.660065	8464.684	8466.094	1.0	1.0	1.0	1.0					
8469.109	13.045000000000073	trials	7.0	8479.801499000001	8481.038235	8481.882063000001	8482.09242	8479.008428000001	8481.313755			1.0	2.0	0.0	3.0					
8486.204	119.77499999999964	trials	7.0	8601.662848	8603.205449000001	8605.487168	8605.991571	8601.095570000001	8603.195619			1.0		0.0	2.0					
8608.21	12.479000000001179	trials	7.0	8615.02856	8616.433496	8619.777161	8620.701183000001	8614.043336	8616.426398			1.0		0.0	2.0					
8621.479	43.77100000000064	trials	7.0	8661.515048000001	8662.995546			8660.579525000001	8663.201558			2.0		1.0	1.0					
8668.874	13.8700000000008	trials	7.0	8676.842621	8678.530734	8680.338519	8680.787538	8675.958419	8678.820839	8680.994	8682.744	1.0	1.0	1.0	1.0					
8684.813	31.120999999999185	trials	7.0	8708.574102	8710.225164	8713.923432	8714.182104	8707.986275	8711.463416	8714.604	8715.934	1.0	1.0	1.0	1.0					
8717.964	13.295000000000073	trials	7.0	8728.132885	8729.209989	8730.799783	8731.269497000001	8727.213222	8730.005850000001			1.0	1.0	0.0	3.0					
8733.179	13.195999999999913	trials	7.0	8739.173495000001	8740.39187	8745.155472	8745.771633	8738.199877	8740.387956			2.0		0.0	2.0					
8746.456	7.8729999999995925	trials	7.0	8748.315005	8749.750032	8752.339223	8752.619847	8746.385304	8750.54074	8753.254	8754.329	1.0	1.0	1.0	1.0					
8758.391	7.313000000000102	trials	7.0	8760.989278000001	8762.744583			8759.99385	8762.965751	8764.774	8765.704	2.0		1.0	1.0					
8768.11	13.319999999999709	trials	7.0	8777.798361000001	8778.929424			8776.909878	8779.193836	8781.049	8781.194	2.0		1.0	1.0					
8783.974	32.40099999999984	trials	7.0	8813.208719	8814.376017			8812.389483	8814.366887			1.0		0.0	2.0					
8818.422	7.231999999999971	trials	7.0	8822.239068	8823.602792	8824.358028	8824.705104	8821.316612	8823.591657			1.0		0.0	2.0					
8829.661	7.903000000000247	trials	7.0	8834.015541	8835.501088			8833.109981	8835.491975			1.0		0.0	2.0					
8839.617	10.192999999999302	trials	7.0	8845.944689	8847.214572			8845.191465	8847.678899	8849.344	8849.5	2.0		1.0	1.0					
8852.288	8.105999999999767	trials	7.0	8855.713670000001	8857.259022	8858.611156	8858.875392	8855.202869	8857.712458	8859.414	8860.394	1.0	2.0	1.0	1.0					
8863.414	10.019999999998618	trials	7.0	8867.878571000001	8869.778688	8871.239528	8871.517644	8867.359896	8870.377793	8871.92	8873.434	1.0	1.0	1.0	1.0					
8875.465	13.66400000000067	trials	7.0	8884.203857	8885.462652	8887.215228000001	8887.470881000001	8883.23622	8885.782326	8887.954	8889.129	1.0	1.0	1.0	1.0					
8892.146	17.648999999999432	trials	7.0	8900.814668	8902.008151	8907.804018	8908.121114	8900.174438	8902.395063	8908.509	8909.795	1.0	1.0	1.0	1.0					
8912.907	6.142000000001644	trials	7.0	8915.254797	8916.408238			8914.701726	8916.690451	8918.649	8919.049	2.0		1.0	1.0					
8921.069	26.144000000000233	trials	7.0	8943.719314	8945.22065			8942.950374	8945.21126			1.0		0.0	2.0					
8950.229	7.710000000000946	trials	7.0	8954.944986	8956.655598000001	8957.478149	8957.953000000001	8954.306826	8956.693569			1.0	2.0	0.0	3.0					
8959.804	10.825000000000728	trials	7.0	8966.779443	8968.581306	8969.453105	8969.827454	8966.186493000001	8968.566875			1.0		0.0	2.0					
8974.634	24.784999999999854	trials	7.0	8995.549605	8996.98032	8997.881277	8998.081196	8994.55398	8997.225711	8998.594	8999.419	1.0	2.0	1.0	1.0					
9002.495	9.323999999998705	trials	7.0	9008.101692	9009.827454			9007.338686	9009.817821			1.0		0.0	2.0					
9014.829	9.360000000000582	trials	7.0	9018.789968000001	9020.228063	9021.11652	9021.572838	9018.270242	9020.491061			1.0	2.0	0.0	3.0					
9024.474	36.67000000000007	trials	7.0	9057.454682	9059.147277			9056.674494	9059.140244			2.0		0.0	2.0					
9063.195	9.398999999999432	trials	7.0	9069.214766000001	9070.841342	9072.072885	9072.605478000001	9068.515388	9071.218478			1.0	2.0	0.0	3.0					
9074.424	15.459999999999127	trials	7.0	9086.585071000001	9087.827019	9089.124761	9089.566586	9085.860306	9087.82265			1.0		0.0	2.0					
9091.907	7.597000000001572	trials	7.0	9094.395646	9096.001622			9093.599793000001	9096.382085000001	9098.1	9099.504	2.0		1.0	1.0					
9102.536	10.45299999999952	trials	7.0	9107.220063	9108.647489	9110.814637	9111.105986	9106.668972	9109.103106	9111.5	9112.989	1.0	1.0	1.0	1.0					
9116.019	37.02599999999984	trials	7.0	9148.835202	9150.456891			9147.966744000001	9150.644658000001	9152.594	9153.045	2.0		1.0	1.0					
9155.879	9.81499999999869	trials	7.0	9161.870469000001	9163.693979			9161.007918	9163.681758			2.0		0.0	2.0					
9168.704	6.725000000000364	trials	7.0	9170.566287	9171.845496	9173.844143	9174.07446	9169.841438	9172.719309	9174.554	9175.429	1.0	2.0	1.0	1.0					
9179.449	42.11499999999978	trials	7.0	9216.494	9218.064708000002	9219.525393000002	9219.816845000001	9215.514557	9218.091542	9220.244	9221.564	1.0	1.0	1.0	1.0					
9223.634	28.35399999999936	trials	7.0	9248.778849	9250.466995	9251.610441	9251.972858000001	9248.197338000002	9250.790085			1.0	2.0	0.0	3.0					
9253.944	11.575000000000728	trials	7.0	9262.023537000001	9263.051513	9263.899077	9264.104162000001	9261.020144	9263.258126	9264.545	9265.519	1.0	2.0	1.0	1.0					
9269.584	19.639999999999418	trials	7.0	9285.457809000001	9287.216810000002			9284.903588000001	9287.211074			1.0		0.0	2.0					
9291.239	9.395000000000437	trials	7.0	9296.313222	9298.029806			9295.75472	9298.291844000001	9300.25	9300.514	2.0		1.0	1.0					
9305.089	10.905000000000655	trials	7.0	9312.707844	9313.780187	9315.443499	9315.996860000001	9311.888343	9314.315681			1.0	2.0	0.0	3.0					
9319.816	5.157999999999447	trials	7.0	9321.630176	9322.964271			9320.290176	9322.956611000001			1.0		0.0	2.0					
9328.984	5.1340000000000146	trials	7.0	9330.733767000002	9332.165307000001	9333.002136000001	9333.311003	9329.845291000001	9332.271852000002			1.0	2.0	1.0	1.0					
9338.579	12.125	trials	7.0	9346.715396000001	9347.887594000002			9345.826304	9348.398952000001	9350.309	9350.504	2.0		1.0	1.0					
9355.21	21.884000000000015	trials	7.0	9372.425157000001	9374.010674000001	9375.101238000001	9375.406428	9371.708638	9374.077329000002	9375.744	9377.094	1.0	1.0	1.0	1.0					
9380.209	16.545000000000073	trials	7.0	9391.998585000001	9393.725832	9394.909905	9395.164536	9391.394678	9394.077434	9395.585	9396.754	1.0	2.0	1.0	1.0					
9398.659	26.915000000000873	trials	7.0	9421.130237000001	9422.382239	9423.518228	9423.834969000001	9420.15315	9422.701816	9424.224	9425.574	1.0	1.0	1.0	1.0					
9427.591	24.177999999999884	trials	7.0	9448.682337	9449.767454			9447.98443	9449.756775000002			1.0		0.0	2.0					
9454.776	16.87800000000061	trials	7.0	9468.993947	9470.458445	9471.297942000001	9471.540407	9468.032012000001	9470.674017000001			1.0	2.0	0.0	3.0					
9474.66	12.510000000000218	trials	7.0	9482.341008000001	9483.451161	9485.248258000001	9485.53281	9481.734866	9483.977359	9486.034	9487.17	1.0	1.0	1.0	1.0					
9490.235	19.868999999998778	trials	7.0	9504.814658000001	9505.967592	9508.091823	9508.385257000002	9504.08637	9506.504139	9508.879	9510.104	1.0	1.0	1.0	1.0					
9513.17	9.625	trials	7.0	9517.539647000001	9518.888229	9520.891136	9521.138717000002	9516.672768	9518.915411000002	9521.71	9522.795	1.0	1.0	1.0	1.0					
9524.856	35.413000000000466	trials	7.0	9555.256685	9556.701337	9558.436079000001	9558.659744	9554.257015000001	9557.358198000002	9559.21	9560.269	1.0	2.0	1.0	1.0					
9562.074	23.69999999999891	trials	7.0	9580.744283	9581.806641000001	9583.669758	9584.098155000001	9580.161303	9582.959571000001	9584.279	9585.774	1.0	1.0	1.0	1.0					
9587.819	7.290000000000873	trials	7.0	9591.895044	9593.053451000002			9591.190830000001	9593.039328			1.0		0.0	2.0					
9598.129	7.479999999999563	trials	7.0	9602.029548	9603.546984	9604.308201000002	9604.632360000001	9601.020081	9603.538607			1.0		0.0	2.0					
9608.66	20.304000000000087	trials	7.0	9623.440684000001	9624.933336	9626.932989	9627.255689000001	9622.737898000001	9625.329466000001	9627.704	9628.964	1.0	1.0	1.0	1.0					
9631.984	8.469999999999345	trials	7.0	9635.829522	9636.977709	9638.376901000001	9638.68181	9635.061803	9637.512209	9639.21	9640.454	1.0	1.0	1.0	1.0					
9642.519	16.954999999999927	trials	7.0	9654.605808	9656.076597000001	9657.295425	9657.592061000001	9653.933031	9656.531987	9658.029	9659.474	1.0	1.0	1.0	1.0					
9661.299	7.884999999998399	trials	7.0	9665.885402000002	9667.629596	9668.866583	9669.033182000001	9665.08295	9668.038439000002			1.0	2.0	0.0	3.0					
9672.194	8.300000000001091	trials	7.0	9675.935174	9677.777265	9678.823376	9679.03035	9675.001892	9678.058104000002	9679.589	9680.494	1.0	2.0	1.0	1.0					
9684.562	19.906999999999243	trials	7.0	9700.680834	9702.467296			9700.117824	9702.457753			1.0		0.0	2.0					
9708.479	6.380000000001019	trials	7.0	9710.910414000002	9712.505639			9710.367996	9712.719097000001	9714.424	9714.74	2.0		1.0	1.0					
9719.375	12.644000000000233	trials	7.0	9727.700294	9729.142464	9731.775979000002	9732.024023000002	9727.026488000001	9729.138231			1.0		0.0	2.0					
9733.224	20.875	trials	7.0	9750.245640000001	9751.28216			9749.543708000001	9751.962555	9753.71	9753.859	2.0		1.0	1.0					
9757.643	8.386000000000422	trials	7.0	9761.670331000001	9763.428844000002			9760.709025	9763.691269	9765.724	9765.804	2.0		1.0	1.0					
9770.547	19.32799999999952	trials	7.0	9787.055843	9787.808640000001	9788.583813000001	9788.611685000002	9786.498119000002	9787.796682			1.0		0.0	2.0					
9793.889	25.06000000000131	trials	7.0	9815.585278	9816.943628	9818.479722	9818.835743000001	9815.012393	9816.934113000001			1.0		0.0	2.0					
9822.956	10.063000000000102	trials	7.0	9827.666172000001	9829.361675	9830.898195000002	9831.195984000002	9827.121404000001	9830.045961000002	9831.629	9833.019	1.0	1.0	1.0	1.0					
9835.054	49.1299999999992	trials	7.0	9880.000807	9881.876174			9879.298804000002	9882.050189000001	9883.844	9884.114	2.0		1.0	1.0					
9886.739	232.84000000000015	trials	7.0	10115.377319000001	10116.578865000001			10114.482977000001	10116.824805	10118.579	10119.579	2.0		1.0	1.0					
10121.509	23.424999999999272	trials	7.0	10137.787022	10139.564556000001			10137.000056	10139.561866			1.0		0.0	2.0					
10145.634	5.905000000000655	trials	7.0	10147.437813	10149.210966			10144.939998000002	10149.357809000001			2.0		1.0	1.0					
10156.029	11.970999999999549	trials	7.0	10162.327874	10163.713713000001	10165.240731000002	10165.659213	10161.808206000002	10164.467755000001	10165.929	10168.0	1.0	1.0	1.0	1.0					
10169.74	15.078999999999724	trials	7.0	10180.92905	10182.308976			10180.305344	10182.630198	10184.514	10184.819	2.0		1.0	1.0					
10188.393	19.011000000000422	trials	7.0	10204.138244000002	10205.400804	10206.231986	10206.463016000002	10203.146682	10205.396664			1.0		0.0	2.0					
10211.452	6.152000000000044	trials	7.0	10213.328061	10214.530746	10215.821561	10215.943169	10212.400167000002	10214.851503000002	10216.489	10217.604	1.0	2.0	1.0	1.0					
10220.563	7.186999999999898	trials	7.0	10224.733232	10226.269905000001	10227.317762	10227.752750000001	10223.797623	10226.583653000002			1.0	1.0	0.0	3.0					
10229.644	7.420000000000073	trials	7.0	10233.109455000002	10234.533822000001	10235.252147000001	10235.573783000002	10232.202873	10234.549643	10235.949	10237.064	1.0	2.0	1.0	1.0					
10239.085	26.35900000000038	trials	7.0	10262.117882	10263.370022000001	10265.216631000001	10265.449742	10261.332639	10263.366268000002			1.0		0.0	2.0					
10269.384	4.700999999999112	trials	7.0	10271.183232000001	10272.024990000002	10272.791403000001	10273.173398	10269.509619	10272.020174000001			1.0		0.0	2.0					
10277.094	43.04000000000087	trials	7.0	10317.333093000001	10318.704420000002	10319.825145	10320.021729	10316.624660000001	10319.034533000002			1.0	2.0	0.0	3.0					
10323.144	7.565999999998894	trials	7.0	10326.113803	10327.218900000002	10328.668824	10329.059142000002	10325.135726	10327.92884	10329.354	10330.71	1.0	1.0	1.0	1.0					
10334.767	11.807000000000698	trials	7.0	10339.193685	10340.940012000001	10344.519597	10344.882032000001	10338.457341000001	10343.404233000001	10345.219	10346.574	1.0	1.0	1.0	1.0					
10348.599	10.869999999998981	trials	7.0	10352.475018000001	10354.494539000001	10357.448567000001	10357.766781	10351.542366000001	10354.864566	10358.139	10359.469	1.0	1.0	1.0	1.0					
10363.494	8.90899999999965	trials	7.0	10368.198345	10370.170380000001	10371.343496000001	10371.594162000001	10367.191834000001	10370.544875000001			1.0	1.0	1.0	1.0					
10376.96	13.794000000001688	trials	7.0	10386.845139000001	10388.412492000001			10386.089034	10388.646354	10390.375	10390.639	2.0		1.0	1.0					
10395.184	23.52599999999984	trials	7.0	10413.064079000002	10414.90565	10416.556952	10416.942374	10412.168898	10415.401649000001	10417.289	10418.71	1.0	1.0	1.0	1.0					
10422.75	6.3989999999994325	trials	7.0	10425.439250000001	10427.090996			10424.693817000001	10427.078184000002			1.0		0.0	2.0					
10432.159	8.56500000000051	trials	7.0	10436.860461	10438.464698000002			10436.250078000001	10438.652543	10440.479	10440.704	2.0		1.0	1.0					
10445.259	17.240999999999985	trials	7.0	10457.069048000001	10458.301866000002	10460.532027000001	10460.808546	10456.237722000002	10459.471602000001	10461.179	10462.5	1.0	1.0	1.0	1.0					
10465.525	8.975000000000364	trials	7.0	10471.135593	10472.455696	10474.186008	10474.463615	10470.188520000002	10473.269966000002			1.0	1.0	0.0	3.0					
10476.519	7.309999999999491	trials	7.0	10480.906239	10482.434345000001	10483.369635000001	10483.835225	10480.226031	10482.776166000001			1.0	2.0	0.0	3.0					
10485.691	23.394999999998618	trials	7.0	10506.010482000002	10507.089144000001			10505.148099000002	10507.071551			1.0		0.0	2.0					
10511.11	33.64400000000023	trials	7.0	10540.914654	10542.201149			10540.071137	10542.51425			2.0		1.0	1.0					
10547.284	9.545000000000073	trials	7.0	10551.511442	10553.141384	10554.634131	10554.991947	10550.538916000001	10553.238384	10555.409	10556.829	1.0	1.0	1.0	1.0					
10558.844	11.906000000000859	trials	7.0	10564.119666	10565.686311000001	10567.683836	10568.016462000001	10563.419076	10566.592721	10568.399	10570.75	1.0	1.0	1.0	1.0					
10573.812	18.262000000000626	trials	7.0	10587.784607000001	10589.725066			10587.104253000001	10589.942900000002	10591.734	10592.074	2.0		1.0	1.0					
10595.11	10.10399999999936	trials	7.0	10600.919510000002	10602.851275			10599.947616000001	10603.026111000001	10604.789	10605.214	2.0		1.0	1.0					
10608.279	20.100000000000364	trials	7.0	10621.874775	10623.166466	10626.009203000001	10626.260558000002	10621.221447	10623.893999	10626.629	10628.379	1.0	1.0	1.0	1.0					
10630.445	18.963999999999942	trials	7.0	10645.659627000001	10646.858672			10644.683241	10647.134256000001	10649.244	10649.335	2.0		1.0	1.0					
10654.029	26.424999999999272	trials	7.0	10674.659995000002	10676.115761000001	10678.492961	10678.71339	10673.725004	10676.575064	10679.139	10680.454	1.0	1.0	1.0	1.0					
10683.47	13.614999999999782	trials	7.0	10691.895498000002	10693.277540000001	10695.000386000002	10695.270446	10691.340215	10694.168321000001	10695.649	10697.085	1.0	1.0	1.0	1.0					
10701.149	12.55199999999968	trials	7.0	10708.471833000001	10709.692362000002			10707.84285	10709.688809000001			1.0		0.0	2.0					
10713.76	5.47400000000016	trials	7.0	10715.727257	10717.183706000002			10713.711123000001	10717.175007000002			1.0		0.0	2.0					
10723.295	5.75	trials	7.0	10725.750370000002	10726.840455000001	10727.487794	10727.758397000001	10724.891613000002	10726.775234	10728.179	10729.045	1.0	2.0	1.0	1.0					
10733.104	5.728000000000975	trials	7.0	10734.870179000001	10736.256066000002			10733.434473000001	10736.58047	10738.5	10738.819	2.0		1.0	1.0					
10742.289	34.539999999999054	trials	7.0	10772.735699	10774.179785	10775.103686	10775.360610000002	10771.828907000001	10774.406943000002	10775.819	10776.829	1.0	2.0	1.0	1.0					
10779.89	5.8840000000000146	trials	7.0	10783.181742	10783.662354			10782.285689	10783.649328000001			2.0		0.0	2.0					
10788.734	5.954999999999927	trials	7.0	10791.322278000001	10792.683959000002	10793.582352000001	10793.883189	10790.690669000001	10792.677348000001			1.0		0.0	2.0					
10798.75	14.90899999999965	trials	7.0	10808.270717000001	10809.573716	10811.831207000001	10812.027077	10807.321655000002	10810.049919000001	10812.464	10813.659	1.0	1.0	1.0	1.0					
10816.729	13.695000000001528	trials	7.0	10826.307110000002	10827.392691000001	10828.409354000001	10828.689465000001	10825.608308	10827.675891	10829.059	10830.424	1.0	1.0	1.0	1.0					
10833.439	29.625	trials	7.0	10859.450652000001	10861.437947	10862.753739000002	10862.927616	10858.917348	10861.759374000001			1.0	2.0	0.0	3.0					
10865.074	34.1359999999986	trials	7.0	10894.106429000001	10895.809164	10896.913322	10897.302111	10893.491879000001	10896.207186000001	10897.71	10899.21	1.0	1.0	1.0	1.0					
10901.039	12.43999999999869	trials	7.0	10908.750711	10910.373171000001			10907.969691	10910.357588			2.0		0.0	2.0					
10914.384	7.145000000000437	trials	7.0	10916.026571	10916.639918	10920.704807000002	10920.928781	10913.489049000002	10916.635625			1.0		0.0	2.0					
10922.691	37.487999999999374	trials	7.0	10956.786608	10957.935590000001	10958.659863	10958.897142000002	10956.058442000001	10957.949766000002	10959.469	10960.179	1.0	2.0	1.0	1.0					
10964.261	10.438000000000102	trials	7.0	10969.751214	10970.783256			10969.241612000002	10970.77661			1.0		0.0	2.0					
10975.789	27.82499999999891	trials	7.0	10999.187007	11000.728761			10998.219873000002	11001.072012	11003.354	11003.614	2.0		1.0	1.0					
11005.68	13.523999999999432	trials	7.0	11013.921498000002	11015.510328	11016.867636	11017.230824	11012.943432	11016.096552	11017.559	11019.204	1.0	1.0	1.0	1.0					
11022.224	8.010000000000218	trials	7.0	11026.612125000001	11028.185094			11025.841009000002	11028.177290000001			1.0		0.0	2.0					
11032.282	18.382000000001426	trials	7.0	11044.291785000001	11046.208413	11048.037974	11048.425947000002	11043.764291000001	11047.130661000001	11048.744	11050.664	1.0	1.0	1.0	1.0					
11053.531	9.962999999999738	trials	7.0	11059.661822000002	11060.898711000002			11058.666035	11061.281852			2.0		1.0	1.0					
11065.954	8.375	trials	7.0	11071.598492000001	11072.788616000002	11073.85208	11074.340556000001	11071.005677000001	11073.177767000001			1.0	2.0	0.0	3.0					
11078.164	15.170999999998457	trials	7.0	11088.541995000001	11089.94885	11091.325814000002	11091.613319	11087.546468	11090.466632000001	11092.034	11093.335	1.0	1.0	1.0	1.0					
11095.424	8.679999999998472	trials	7.0	11099.223740000001	11100.593561000002	11101.932416000001	11102.211560000002	11098.267491	11101.132622000001	11102.686	11104.104	1.0	1.0	1.0	1.0					
11106.125	16.804000000000087	trials	7.0	11118.31019	11120.302740000001	11121.160401000001	11121.309570000001	11117.655185000001	11120.510708000002	11121.829	11122.929	1.0	2.0	1.0	1.0					
11125.994	14.584999999999127	trials	7.0	11135.389017000001	11137.286381000002	11138.790047	11138.949762	11134.445861	11137.701759000001	11139.42	11140.579	1.0	2.0	1.0	1.0					
11142.625	22.41400000000067	trials	7.0	11160.683573	11162.300376000001	11163.452630000002	11163.571388	11159.816132	11162.567964000002	11164.379	11165.039	1.0	2.0	1.0	1.0					
11167.1	8.484000000000378	trials	7.0	11171.092196000001	11173.017360000002			11170.312737	11173.277813	11175.239	11175.584	2.0		1.0	1.0					
11177.61	10.488999999999578	trials	7.0	11183.737904000001	11185.750067			11182.917692	11185.983722			2.0		1.0	1.0					
11192.608	7.485999999998967	trials	7.0	11195.107740000001	11196.990263000002	11197.866009000001	11198.04117	11194.505669	11197.158767	11198.604	11200.094	1.0	2.0	1.0	1.0					
11202.159	11.675999999999476	trials	7.0	11210.232873	11211.839078			11209.249898000002	11211.828645000001			1.0		0.0	2.0					
11215.844	8.505000000001019	trials	7.0	11221.46742	11222.924658	11223.868334	11224.053909	11220.602999	11223.187961000001			1.0	2.0	0.0	3.0					
11227.225	29.138999999999214	trials	7.0	11252.116608	11253.288372	11254.32759	11254.654314000001	11251.280144	11253.619119	11255.114	11256.364	1.0	1.0	1.0	1.0					
11259.429	8.170000000000073	trials	7.0	11262.998277	11264.089032	11265.474402	11265.739242000001	11262.37457	11264.627742	11266.244	11267.599	1.0	1.0	1.0	1.0					
11271.71	9.579000000001543	trials	7.0	11276.797619	11278.377671000002			11275.939814000001	11278.598111000001	11280.319	11281.289	2.0		1.0	1.0					
11284.219	8.207000000000335	trials	7.0	11288.568437000002	11290.384245000001			11287.78586	11290.373291			1.0		0.0	2.0					
11295.439	5.730999999999767	trials	7.0	11297.683363	11298.415101	11301.110168000001	11301.183623	11296.632768000001	11298.411077			1.0		0.0	2.0					
11303.46	28.554000000000087	trials	7.0	11328.618292000001	11330.179110000001	11330.907792000002	11331.151150000002	11327.746254000001	11330.163165000002			1.0	1.0	1.0	1.0					
11334.487	9.717000000000553	trials	7.0	11341.523676	11342.79465	11343.888755	11344.205829	11340.84194	11343.112086000001			1.0	1.0	0.0	3.0					
11348.204	9.200000000000728	trials	7.0	11353.033139000001	11354.780234000002			11352.474768	11355.106982000001			2.0		1.0	1.0					
11360.891	8.847999999999956	trials	7.0	11365.717747	11367.669626	11368.202564000001	11368.368297	11364.850025000002	11367.641718	11368.969	11369.739	1.0	2.0	1.0	1.0					
11372.804	10.469999999999345	trials	7.0	11378.288371	11379.720836	11381.282947000002	11381.537501	11377.463294000001	11380.466859	11382.024	11383.274	1.0	1.0	1.0	1.0					
11387.295	8.509000000000015	trials	7.0	11391.803165000001	11392.929766000001	11393.699612	11393.857968	11390.887773	11392.971881000001	11394.279	11395.804	1.0	2.0	1.0	1.0					
11399.744	10.175999999999476	trials	7.0	11406.14909	11407.870658	11409.063837000002	11409.150080000001	11405.612549000001	11407.854823000001			1.0		0.0	2.0					
11413.929	10.30999999999949	trials	7.0	11420.798141000001	11421.933548			11420.000343000002	11422.149244	11423.894	11424.214	2.0		1.0	1.0					
11426.711	10.343000000000757	trials	7.0	11431.178216	11432.517995000002	11434.587241000001	11434.930795	11430.285954	11432.776884	11435.375	11437.054	1.0	1.0	1.0	1.0					
11441.074	6.2629999999990105	trials	7.0	11444.390289	11445.632694	11446.985653000002	11447.089404	11443.792377000002	11446.063764			1.0	2.0	0.0	3.0					
11451.39	29.394000000000233	trials	7.0	11477.173705000001	11478.420357			11476.558061000002	11478.657726000001	11480.384	11480.784	2.0		1.0	1.0					
11482.864	53.909999999999854	trials	7.0	11515.77453	11517.181723000002	11534.376909	11534.912961000002	11514.771059	11517.618404	11495.629	11536.774	1.0	1.0	1.0	1.0					
11539.808	22.76599999999962	trials	7.0	11559.128856000001	11560.469022000001	11562.07041	11562.583961	11558.482112000002	11561.069765			1.0	1.0	0.0	3.0					
11565.436	29.403000000000247	trials	7.0	11591.200104000001	11592.795950000002			11590.467313000001	11592.792156000001			1.0		0.0	2.0					
11596.879	5.106999999999971	trials	7.0	11598.739660000001	11599.941807000001	11600.555776000001	11600.931903	11596.894439000002	11599.939107000002			1.0		0.0	2.0					
11605.019	204.4449999999997	trials	7.0	11802.695718	11804.572754			11802.041442000002	11804.569853			1.0		0.0	2.0					
11809.624	17.05999999999949	trials	7.0	11821.160685	11822.756253000001	11824.431569	11824.964909	11820.587874	11823.51653	11825.094	11826.684	1.0	1.0	1.0	1.0					
11829.704	11.546000000000276	trials	7.0	11836.017257000001	11837.890161000001	11838.724454000001	11839.17105	11835.431772	11838.038398			1.0	2.0	0.0	3.0					
11842.054	18.125	trials	7.0	11855.142006000002	11856.387207	11857.988211	11858.412388	11854.425054000001	11857.029491000001	11858.67	11860.179	1.0	1.0	1.0	1.0					
11864.274	8.710000000000946	trials	7.0	11867.630415000001	11868.835633	11870.944853	11871.220161000001	11866.924515	11870.092125000001	11871.675	11872.984	1.0	1.0	1.0	1.0					
11876.004	16.654999999998836	trials	7.0	11888.046077	11889.866808			11887.083027	11890.178015000001	11892.114	11892.659	2.0		1.0	1.0					
11894.459	36.31999999999971	trials	7.0	11925.312913000002	11927.116488000001	11928.648954	11929.094586000001	11924.757156000001	11927.477966	11929.24	11930.779	1.0	1.0	1.0	1.0					
11933.794	11.405000000000655	trials	7.0	11941.511475000001	11942.604582			11940.623753	11942.920749	11944.864	11945.129	2.0		1.0	1.0					
11949.709	13.429999999998472	trials	7.0	11956.621035	11958.577994000001	11960.698766000001	11961.188962	11955.846818000002	11959.425554000001	11961.449	11963.139	1.0	1.0	1.0	1.0					
11965.204	21.005999999999403	trials	7.0	11981.58108	11982.978242000001	11984.156147000002	11984.425470000002	11980.883202	11983.359260000001	11984.759	11986.21	1.0	1.0	1.0	1.0					
11990.312	10.197000000000116	trials	7.0	11995.072077	11996.632964	11998.367607	11998.653590000002	11994.385379000001	11997.293568000001	11999.039	12000.509	1.0	1.0	1.0	1.0					
12002.611	12.647999999999229	trials	7.0	12011.566603000001	12012.753218000002			12010.859311	12013.224415	12014.969	12015.259	2.0		1.0	1.0					
12018.287	7.697000000000116	trials	7.0	12023.146727000001	12024.274135000001	12025.607445000001	12025.998731000001	12022.407092000001	12024.747093000002			1.0	2.0	0.0	3.0					
12029.944	6.605000000001382	trials	7.0	12031.853037	12033.554886000002			12031.10675	12033.757577	12035.46	12036.549	2.0		1.0	1.0					
12038.614	16.47099999999955	trials	7.0	12049.022127	12050.564735	12052.706757	12053.044209000002	12048.282276000002	12051.20289	12053.429	12055.085	1.0	1.0	1.0	1.0					
12057.145	12.524999999999636	trials	7.0	12064.537266000001	12065.980365000001	12067.289366	12067.552743	12063.697862	12066.46679	12067.904	12069.67	1.0	1.0	1.0	1.0					
12071.739	14.011000000000422	trials	7.0	12079.692342	12080.723131	12082.001285	12082.245318000001	12079.013168000001	12081.214604	12082.614	12085.75	1.0	1.0	1.0	1.0					
12087.864	11.079999999999927	trials	7.0	12094.717302000001	12096.635523			12093.723131	12096.865155000001	12098.67	12098.92	2.0		1.0	1.0					
12103.424	6.529999999998836	trials	7.0	12106.987200000001	12108.218019	12109.524565000002	12109.966358000001	12106.258887	12108.74883			1.0	2.0	0.0	3.0					
12113.875	6.045000000000073	trials	7.0	12115.522478	12116.708910000001			12114.742173	12117.297431	12119.234	12119.92	2.0		1.0	1.0					
12123.984	7.6009999999987485	trials	7.0	12128.387156	12129.659352	12131.137272	12131.602568	12127.760825000001	12130.272813000001			1.0	1.0	0.0	3.0					
12134.46	14.489000000001397	trials	7.0	12145.077899	12146.954963			12144.107397	12146.943216000001			1.0		0.0	2.0					
12152.956	8.788000000000466	trials	7.0	12157.312959	12158.669175	12161.429408	12161.758352	12156.502427000001	12159.612636000002			1.0	1.0	0.0	3.0					
12163.779	7.0349999999998545	trials	7.0	12165.832473	12167.841855	12168.877186000002	12169.273140000001	12165.207867000001	12168.067941000001	12169.835	12170.814	1.0	2.0	1.0	1.0					
12173.884	8.635000000000218	trials	7.0	12177.542272	12178.694153			12176.979580000001	12179.42394	12181.17	12182.519	2.0		1.0	1.0					
12185.545	12.888999999999214	trials	7.0	12191.857479	12193.079058000001	12196.592403	12196.880511000001	12190.908323000001	12193.593254000001	12197.335	12198.434	1.0	1.0	1.0	1.0					
12200.454	37.210000000000946	trials	7.0	12231.672542	12233.732537	12235.661886000002	12235.999433	12230.936694	12233.865173000002	12236.384	12237.664	1.0	1.0	1.0	1.0					
12241.774	5801.385	BlockDesign														1.0	545.0	724.0	10.0	50.0
12241.774	12.560999999999694	trials	8.0	12248.006116	12249.670559000002	12252.358226000002	12252.686588	12247.001291	12250.150550000002	12253.199	12254.335	1.0	1.0	1.0	1.0					
12256.404	9.924999999999272	trials	8.0	12261.914	12263.016613000002	12265.994347000002	12266.273474000001	12261.125357	12263.345780000001			1.0	1.0	0.0	3.0					
12269.389	17.220000000001164	trials	8.0	12282.814796	12284.494454000001	12285.783778	12286.612191000002	12282.239515000001	12284.887188			1.0	2.0	0.0	3.0					
12290.17	8.668999999999869	trials	8.0	12295.014764000001	12296.231122000001			12294.323915	12296.516621	12298.409	12298.839	2.0		1.0	1.0					
12302.909	14.625	trials	8.0	12313.357703000001	12314.954365000001			12312.55361	12315.253008000002			2.0		1.0	1.0					
12321.044	51.460000000000946	trials	8.0	12367.949728000001	12369.045955000001			12367.015856000002	12369.579014	12371.67	12372.504	2.0		1.0	1.0					
12376.234	10.680000000000291	trials	8.0	12382.895278000002	12384.292055000002	12386.262929	12386.915599000002	12382.347277	12384.850355			1.0	1.0	0.0	3.0					
12388.639	39.4900000000016	trials	8.0	12416.240557000001	12417.921472000002	12423.891719000001	12424.276047000001	12415.581683	12418.299167000001			1.0	1.0	0.0	3.0					
12428.274	10.360000000000582	trials	8.0	12433.785059000002	12435.266732000002	12438.305741000002	12438.506947000002	12433.025291000002	12436.857820000001			1.0	1.0	0.0	3.0					
12441.66	8.459000000000742	trials	8.0	12445.945600000001	12447.109592			12445.316594000002	12447.985511	12449.734	12449.935	2.0		1.0	1.0					
12453.649	21.69499999999971	trials	8.0	12465.035095000001	12466.979454000002	12474.759596000002	12475.345985000002	12464.072885000001	12467.428718000001			1.0	1.0	0.0	3.0					
12477.095	15.434000000001106	trials	8.0	12489.525979000002	12490.876864000002	12492.144593	12492.534991	12488.712449	12491.260810000002			1.0	2.0	0.0	3.0					
12494.489	9.386000000000422	trials	8.0	12499.375727	12501.154825000001	12503.559032000001	12503.850313	12498.534744	12501.534257000001			1.0	1.0	0.0	3.0					
12505.886	7.927999999999884	trials	8.0	12509.240743000002	12511.277981000001	12512.238847	12512.470874	12508.719815	12511.449761000002	12512.949	12513.814	1.0	2.0	1.0	1.0					
12516.844	6.847999999999956	trials	8.0	12520.427036000001	12521.758207	12523.3286	12523.698263000002	12519.481229	12522.410924000002			1.0	1.0	0.0	3.0					
12526.694	7.390999999999622	trials	8.0	12529.936625000002	12531.012066000001			12529.011854000002	12531.785434000001	12533.719	12533.835	2.0		1.0	1.0					
12537.574	32.09599999999955	trials	8.0	12565.955495000002	12567.602999			12565.148031	12567.599812			1.0		0.0	2.0					
12573.685	8.379000000000815	trials	8.0	12579.061295000001	12580.608185000001	12581.713835	12582.069631000002	12578.072333000002	12581.001524000001			1.0	2.0	0.0	3.0					
12584.049	6.785999999998239	trials	8.0	12585.646316000002	12586.868136000001			12584.676193000001	12586.863365000001			1.0		0.0	2.0					
12590.883	13.273999999999432	trials	8.0	12599.576263	12600.852067000002	12603.789433000002	12604.141458000002	12599.007640000002	12602.100509000002			1.0	1.0	0.0	3.0					
12608.114	10.170000000000073	trials	8.0	12613.766306000001	12615.613330000002			12612.877886000002	12615.641028000002	12617.554	12618.284	2.0		1.0	1.0					
12621.309	18.980000000001382	trials	8.0	12636.191989	12637.662898	12639.963943	12640.189885000002	12635.526332000001	12638.065853000002			1.0	1.0	0.0	3.0					
12642.305	6.519000000000233	trials	8.0	12645.882863	12647.300205000001	12648.223730000002	12648.829021000001	12645.048812	12647.547919			1.0	2.0	0.0	3.0					
12650.594	45.13500000000022	trials	8.0	12692.546029000001	12693.72896	12694.428969	12694.678091000002	12691.822013	12693.720104000002			1.0		0.0	2.0					
12699.739	6.136000000000422	trials	8.0	12701.441852000002	12702.88499	12705.549970000002	12705.858532000002	12699.969902	12703.109606000002			1.0	1.0	0.0	3.0					
12708.894	6.75	trials	8.0	12711.593343	12713.097711000002	12714.151751000001	12714.382822000001	12710.872922	12713.459809000002	12715.019	12715.644	1.0	2.0	1.0	1.0					
12717.704	13.514999999999418	trials	8.0	12726.562271	12728.183984000001	12729.605542000001	12729.828338000001	12725.742625	12728.542142000002	12730.354	12731.219	1.0	2.0	1.0	1.0					
12734.289	11.199999999998909	trials	8.0	12740.076679000002	12742.063675000001			12739.401025000001	12742.306565	12744.034	12745.489	2.0		1.0	1.0					
12746.454	22.13500000000022	trials	8.0	12759.484684000001	12760.563914000002	12766.095132000002	12766.538594000001	12758.610784	12761.437420000002	12766.704	12768.589	1.0	1.0	1.0	1.0					
12770.659	8.704999999999927	trials	8.0	12775.758353000001	12777.364751000001			12775.238147000002	12777.351328			1.0		0.0	2.0					
12782.394	7.77599999999984	trials	8.0	12785.902292	12787.238597000001			12785.020546000002	12787.426547000001	12789.17	12790.17	2.0		1.0	1.0					
12794.195	7.799000000000888	trials	8.0	12799.053792	12800.113928	12801.403298000001	12801.999139000001	12798.401342000001	12800.564722000001			1.0	2.0	0.0	3.0					
12804.733	67.11099999999897	trials	8.0	12867.972766	12869.653511	12871.53238	12871.818193000001	12867.089942	12870.753392			1.0	1.0	0.0	3.0					
12875.854	31.316000000000713	trials	8.0	12903.296975000001	12905.296796	12906.846836	12907.139486000002	12902.465586000002	12905.554897000002			1.0	1.0	0.0	3.0					
12911.219	10.19000000000051	trials	8.0	12917.777524000001	12918.899279000001			12917.183012000001	12919.214306000002	12921.085	12921.254	2.0		1.0	1.0					
12924.938	9.486000000000786	trials	8.0	12927.922480000001	12929.739151000002	12931.274759000002	12931.693532000001	12927.067493	12930.248991			1.0	1.0	0.0	3.0					
12935.559	15.415000000000873	trials	8.0	12948.098435000002	12949.652586000002	12950.661068000001	12950.86188	12947.512049	12949.881752000001			1.0	2.0	0.0	3.0					
12954.989	25.045000000000073	trials	8.0	12976.773415000001	12978.031240000002			12976.227569	12978.020160000002			1.0		0.0	2.0					
12983.049	71.69499999999971	trials	8.0	13051.578167000001	13052.740079000001			13050.659809	13052.731054000002			1.0		0.0	2.0					
13058.754	9.415999999999258	trials	8.0	13063.473523	13064.669849000002	13067.68907	13068.176927	13062.480035	13065.177524			1.0	1.0	0.0	3.0					
13070.033	6.536000000000058	trials	8.0	13071.653869000002	13072.847186	13074.995041000002	13075.263917000002	13071.033480000002	13074.146781000001	13075.724	13076.569	1.0	2.0	1.0	1.0					
13078.593	8.795999999998457	trials	8.0	13083.774193000001	13085.331440000002	13086.017842000001	13086.308572000002	13082.818481000002	13085.31341			1.0		0.0	2.0					
13090.444	347.1409999999996	trials	8.0	13433.855627	13435.58234			13433.211749000002	13435.577699000001			2.0		0.0	2.0					
13440.64	11.985000000000582	trials	8.0	13444.226618	13445.383015000001	13450.925452000001	13451.316392	13443.418405	13446.199313000001			1.0	1.0	0.0	3.0					
13453.249	9.21099999999933	trials	8.0	13454.799871000001	13456.78411	13462.012316	13462.465294000001	13452.632557	13457.091416000001			1.0	1.0	0.0	3.0					
13464.389	98.16000000000167	trials	8.0	13558.190833	13559.759097000002	13561.224513000001	13561.811822000001	13557.599843000002	13560.423857000002			1.0	1.0	0.0	3.0					
13565.563	134.4459999999999	trials	8.0	13696.307936000001	13697.678252000002	13698.444789000001	13698.668035	13695.315230000002	13697.875809000001	13699.149	13700.009	1.0	2.0	1.0	1.0					
13702.072	9.076999999999316	trials	8.0	13707.911597000002	13709.148951000001	13709.801326	13709.974147	13707.277660000002	13709.143283000001			1.0		0.0	2.0					
13714.159	138.28000000000065	trials	8.0	13850.308829000001	13850.383894			13849.568155	13850.379128			2.0		0.0	2.0					
13856.494	58.10499999999956	trials	8.0	13910.957113	13912.604474000002	13913.507885	13913.949530000002	13910.221471	13912.835449000002			1.0	2.0	1.0	1.0					
13918.154	20.149999999999636	trials	8.0	13933.627631000001	13935.147175000002			13932.895975000001	13935.425990000002	13937.25	13938.304	2.0		1.0	1.0					
13940.375	7.869000000000597	trials	8.0	13943.562728	13945.032697	13946.076363000002	13946.396195000001	13942.983764	13945.405225000002	13946.884	13948.244	1.0	2.0	1.0	1.0					
13952.134	7.9950000000008	trials	8.0	13956.937823000002	13958.294137	13959.803204000002	13960.13476	13955.961233000002	13958.994916000001			1.0	2.0	0.0	3.0					
13962.125	6.5	trials	8.0	13963.913474	13965.613291000001			13963.293778000001	13965.868477000002	13967.729	13968.625	2.0		1.0	1.0					
13971.689	23.935999999999694	trials	8.0	13991.482916	13993.330282	13993.983647000001	13994.203192	13990.684354	13993.359761000002	13994.739	13995.625	1.0	2.0	1.0	1.0					
13998.644	6.7150000000001455	trials	8.0	14001.412846000001	14002.592185000001			14000.544247000002	14002.889759000002	14004.864	14005.359	2.0		1.0	1.0					
14008.385	21.623999999999796	trials	8.0	14017.738207000002	14018.904823	14028.824165000002	14029.473073000001	14017.038703000002	14019.523340000002			1.0	1.0	0.0	3.0					
14031.206	5.938000000000102	trials	8.0	14032.813166000002	14034.221639000001	14035.068077000002	14035.312982000001	14030.022616000002	14034.445873	14035.75	14037.144	1.0	2.0	1.0	1.0					
14038.879	13.144999999998618	trials	8.0	14048.100092	14050.024873000002			14047.235644	14050.014634000001			1.0		0.0	2.0					
14056.034	7.934999999999491	trials	8.0	14060.658611	14062.516648	14063.463647	14063.981587000002	14059.984856000001	14062.803089			1.0	2.0	0.0	3.0					
14067.815	40.85499999999956	trials	8.0	14103.278545000001	14104.304485	14106.682795	14107.072240000001	14102.370221000001	14104.981426000002	14107.559	14108.67	1.0	1.0	1.0	1.0					
14112.689	6.9869999999991705	trials	8.0	14115.339085000001	14116.561585000001	14118.031687	14118.274561000002	14114.682976000002	14117.14025	14118.835	14119.676	1.0	2.0	1.0	1.0					
14122.734	10.0	trials	8.0	14128.265141000002	14129.660191			14127.714628000002	14130.026372	14131.889	14132.734	2.0		1.0	1.0					
14134.784	8.140000000001237	trials	8.0	14138.975227	14140.870538000001	14141.784125000002	14142.033461	14138.260829	14140.867186000001			1.0		0.0	2.0					
14145.981	7.003000000000611	trials	8.0	14148.528577000001	14150.410604			14147.874017000002	14150.80333	14152.699	14152.984	2.0		1.0	1.0					
14155.033	10.27100000000064	trials	8.0	14161.273982	14162.502131000001			14160.587660000001	14163.071897000002	14165.094	14165.264	2.0		1.0	1.0					
14167.835	9.53400000000147	trials	8.0	14172.413699	14174.406206000001	14175.411809000001	14175.608477000002	14171.851931000001	14174.646695000001	14176.284	14177.369	1.0	2.0	1.0	1.0					
14181.437	7.9320000000006985	trials	8.0	14185.574011	14187.525089	14188.725355	14189.191837000002	14185.045723000001	14187.917413000001			1.0	2.0	0.0	3.0					
14192.044	12.594999999999345	trials	8.0	14201.649608000002	14203.240705000002	14204.332291	14204.583667	14201.100368000001	14203.652372			1.0	2.0	0.0	3.0					
14207.644	35.23099999999977	trials	8.0	14239.294745000001	14240.839765	14242.295900000001	14242.886848000002	14238.547609000001	14241.352919			1.0	1.0	0.0	3.0					
14244.709	8.68499999999949	trials	8.0	14249.390348	14250.497909000002			14248.562162000002	14250.848995	14252.659	14253.394	2.0		1.0	1.0					
14255.469	8.451000000000931	trials	8.0	14258.899550000002	14260.913441	14262.148594000002	14262.391192000001	14258.012677	14261.196488000001	14262.969	14263.92	1.0	2.0	1.0	1.0					
14267.985	7.918999999999869	trials	8.0	14269.999106000001	14271.504815000002	14275.363046000002	14275.594672000001	14269.464095000001	14273.785073000001			1.0	1.0	0.0	3.0					
14277.694	7.444999999999709	trials	8.0	14280.694656000001	14282.236199	14284.686452000002	14285.149918000001	14280.098882000002	14283.978487			1.0	2.0	0.0	3.0					
14288.964	13.450000000000728	trials	8.0	14298.315861000001	14299.600363000001	14302.049146000001	14302.374506000002	14297.332441000002	14300.369735			1.0	1.0	0.0	3.0					
14305.369	8.414999999999054	trials	8.0	14310.294169	14312.200999	14313.240317000002	14313.793930000002	14309.660504000001	14312.612444000002			1.0	2.0	0.0	3.0					
14316.599	11.159999999999854	trials	8.0	14321.334585	14323.392485	14327.283491000002	14327.493644000002	14320.562426	14323.665875			1.0	1.0	0.0	3.0					
14331.814	5.289999999999054	trials	8.0	14333.404781000001	14334.786207000001	14336.791105	14337.101612000002	14332.240912000001	14335.158196			1.0	1.0	0.0	3.0					
14341.163	17.83100000000013	trials	8.0	14352.839108	14354.426009	14357.101337000002	14357.334539000001	14352.090603	14354.929832000002	14357.734	14358.994	1.0	1.0	1.0	1.0					
14362.047	36.016999999999825	trials	8.0	14392.160071000002	14393.826742000001	14397.546919	14398.078280000002	14391.620357000002	14394.384160000001			1.0	1.0	0.0	3.0					
14399.894	6.65099999999984	trials	8.0	14402.410435000002	14403.845581000001			14401.648484000001	14404.171876	14406.059	14406.545	2.0		1.0	1.0					
14408.599	35.08499999999913	trials	8.0	14436.584858000002	14438.496722000002	14443.271090000002	14443.695773000001	14435.693050000002	14439.789551000002			1.0	1.0	0.0	3.0					
14445.614	10.774999999999636	trials	8.0	14452.085030000002	14454.033935000001			14451.127394000001	14454.086497			2.0		1.0	1.0					
14458.909	8.800999999999476	trials	8.0	14461.550036	14462.966573000002	14467.396207000002	14467.722694000002	14460.579173000002	14463.543895			1.0	1.0	0.0	3.0					
14470.724	46.564000000000306	trials	8.0	14506.980900000002	14508.708661	14516.852027	14517.295919	14506.418858000001	14509.318289			1.0	1.0	0.0	3.0					
14521.165	30.518999999998414	trials	8.0	14547.931242000002	14549.124904			14547.281725	14549.461211000002	14551.444	14551.569	2.0		1.0	1.0					
14554.239	7.140000000001237	trials	8.0	14557.485620000001	14559.162400000001	14561.044127000001	14561.395126000001	14556.750647	14559.712954000002			1.0	1.0	0.0	3.0					
14565.404	8.31499999999869	trials	8.0	14570.085544000001	14571.478769000001	14573.276591000002	14573.732618000002	14569.129667000001	14572.268461000001			1.0	1.0	0.0	3.0					
14575.634	5.7450000000008	trials	8.0	14577.481172000002	14579.387519000002			14576.053907000001	14579.375789000002			2.0		0.0	2.0					
14584.389	19.140000000001237	trials	8.0	14594.616985	14596.180918000002	14603.166034000002	14603.541760000002	14593.904656	14598.274836			1.0	1.0	0.0	3.0					
14606.484	9.164999999999054	trials	8.0	14610.535720000002	14612.029038	14615.130988	14615.663270000001	14609.802251000001	14613.971895			1.0	1.0	0.0	3.0					
14617.462	8.2450000000008	trials	8.0	14621.075774	14622.426954000002			14620.346301000001	14623.619050000001	14625.42	14625.554	2.0		1.0	1.0					
14628.21	8.134000000000015	trials	8.0	14633.055278000002	14634.912553000002	14635.905649	14636.358131	14632.195666000001	14635.142512000002			1.0	2.0	0.0	3.0					
14640.229	23.652000000000044	trials	8.0	14655.611287000002	14657.435112000001	14661.596248000002	14662.209123	14655.061136	14658.596318000002			1.0	1.0	0.0	3.0					
14665.924	4.566999999999098	trials	8.0	14667.701666	14668.394500000002	14669.702072000002	14669.844497000002	14663.895667	14668.391074000001			1.0		0.0	2.0					
14673.504	130.9449999999997	trials	8.0	14799.691870000002	14801.714669	14802.697319	14803.030523000001	14799.066583000002	14801.991473000002	14803.494	14804.449	1.0	2.0	1.0	1.0					
14808.514	9.331000000000131	trials	8.0	14814.997378000002	14816.554640000002	14817.410080000001	14817.861502000002	14814.247627	14816.674723000002			1.0	2.0	0.0	3.0					
14819.719	16.600000000000364	trials	8.0	14832.699329000001	14834.328476			14831.825842000002	14834.316674000002			1.0		0.0	2.0					
14839.329	5.280000000000655	trials	8.0	14842.322110000001	14842.614175			14841.548279000002	14842.608091000002			1.0		0.0	2.0					
14847.619	17.130999999999403	trials	8.0	14860.801862	14862.387836000002	14863.389179000002	14863.692518000002	14859.831126000001	14862.374597000002			1.0		0.0	2.0					
14868.394	122.52000000000044	trials	8.0	14986.747401	14988.602732000001	14989.293642	14989.638587000001	14986.062202000001	14988.542189000002	14990.019	14990.914	1.0	2.0	1.0	1.0					
14994.98	6.34400000000096	trials	8.0	14997.900143	14999.330024	15000.150810000001	15000.236119000001	14997.362869	14999.318975000002			1.0		0.0	2.0					
15004.379	11.0	trials	8.0	15010.342685000001	15011.853849000001	15014.795084000001	15015.394091000002	15009.393245000001	15012.833223000001			1.0	1.0	0.0	3.0					
15018.164	6.864999999999782	trials	8.0	15020.894591	15022.529918			15020.350381	15022.858892	15024.67	15024.904	2.0		1.0	1.0					
15028.554	9.329999999999927	trials	8.0	15035.052568000001	15036.719182	15037.572613	15037.777934000002	15034.307616000002	15036.981293			1.0	2.0	0.0	3.0					
15041.899	60.625	trials	8.0	15099.512654000002	15100.474529000001			15098.518535000001	15100.467476000002			1.0		0.0	2.0					
15105.532	59.408000000001266	trials	8.0	15161.223469	15162.515188000001	15164.665094000002	15164.726386000002	15160.40363	15162.507002000002			1.0		0.0	2.0					
15167.52	54.20899999999892	trials	8.0	15218.10497	15219.514207	15221.229780000001	15221.747898000001	15217.173494000002	15220.227562000002			1.0	2.0	0.0	3.0					
15225.559	132.84000000000015	trials	8.0	15353.438245	15355.276408			15352.638501	15355.261788			2.0		0.0	2.0					
15359.289	26.175999999999476	trials	8.0	15381.559	15383.440102999999	15384.330825	15384.443911999999	15380.635761999998	15383.430159			1.0		0.0	2.0					
15388.479	95.08100000000013	trials	8.0	15479.260945999999	15480.997382999998			15478.499988999998	15481.264206999998	15483.125	15483.539	2.0		1.0	1.0					
15486.033	12.200000000000728	trials	8.0	15494.885487	15496.612820999999	15497.863843	15498.231731999998	15494.25217	15497.108855999999			1.0	2.0	0.0	3.0					
15500.189	75.5010000000002	trials	8.0	15572.354689	15573.402365999998	15574.408683999998	15574.716964	15571.745154999999	15573.394092999999			1.0		0.0	2.0					
15577.424	309.5849999999991	trials	8.0	15884.245474	15885.007738999999			15883.26189	15884.997399			1.0		0.0	2.0					
15891.064	9.295000000000073	trials	8.0	15892.770886999999	15894.398583999999			15891.566003	15894.389170999999			2.0		0.0	2.0					
15900.409	5.210000000000946	trials	8.0	15902.057471999999	15903.617336	15905.157068999999	15905.614096	15900.369122999999	15903.606645			1.0		0.0	2.0					
15907.674	43.375	trials	8.0	15946.932342999999	15948.749205999999			15946.317684	15948.939647			2.0		1.0	1.0					
15954.609	5.805000000000291	trials	8.0	15957.376398999999	15958.41312	15959.508065999999	15959.79165	15956.399175999999	15958.408857999999			1.0		0.0	2.0					
15963.424	14.2549999999992	trials	8.0	15975.07648	15976.470834	15977.228806	15977.687988999998	15974.380998999999	15976.615010999998			1.0	2.0	0.0	3.0					
15979.549	23.264999999999418	trials	8.0	15998.461129	16000.177574	16001.102265	16001.482021999998	15997.862394	16000.440338999999	16001.774	16002.814	1.0	2.0	1.0	1.0					
16005.864	5.720999999999549	trials	8.0	16008.143693999999	16009.587678	16010.487905999998	16010.831678999999	16007.509257999998	16009.575617999999			1.0		0.0	2.0					
16013.639	35.090000000000146	trials	8.0	16041.456154	16042.951396999999	16047.281044	16047.875769999999	16040.859075999999	16043.269634999999			1.0	1.0	0.0	3.0					
16050.652	5.746999999999389	trials	8.0	16052.381546999999	16053.798228999998			16048.739351999999	16054.199743	16055.944	16056.144	2.0		1.0	1.0					
16060.839	11.895000000000437	trials	8.0	16068.607176	16070.19349			16068.013061999998	16070.610567999998	16072.359	16072.71	2.0		1.0	1.0					
16075.304	9.90599999999904	trials	8.0	16081.42644	16083.099744	16084.785188999998	16085.22085	16080.747097	16083.891387			1.0	1.0	0.0	3.0					
16087.159	10.104999999999563	trials	8.0	16092.947058	16094.803037999998	16095.587382	16095.8424	16092.020423999998	16095.024006	16096.264	16097.264	1.0	2.0	1.0	1.0					
16101.287	9.481999999999971	trials	8.0	16104.587796999998	16106.105699999998	16110.456966	16110.724536999998	16103.694421999999	16106.643933			1.0	1.0	0.0	3.0					
16113.804	10.340000000000146	trials	8.0	16119.647733999998	16121.190315999998	16122.636944999998	16122.855305	16118.753075999999	16121.709148999998	16123.489	16124.144	1.0	2.0	1.0	1.0					
16128.199	7.135999999998603	trials	8.0	16132.362774	16134.223848999998	16135.014957	16135.173259	16131.808749999998	16134.303886999998			1.0	2.0	0.0	3.0					
16139.385	46.552999999999884	trials	8.0	16182.562569	16183.935743999999			16181.896598	16183.929793			1.0		0.0	2.0					
16189.944	62.176000000001295	trials	8.0	16248.447783999998	16249.616111			16247.709823	16250.014657	16251.844	16252.045	2.0		1.0	1.0					
16256.649	13.790000000000873	trials	8.0	16265.212497999999	16267.219019999999	16268.61089	16268.919439	16264.522836999999	16267.306365999999	16269.409	16270.439	1.0	2.0	1.0	1.0					
16272.46	14.040000000000873	trials	8.0	16282.557952	16284.488025999999	16285.801970999999	16285.986286	16281.572839999999	16284.77463			1.0	2.0	0.0	3.0					
16289.119	38.159999999999854	trials	8.0	16324.507280999998	16325.800801	16326.804758999999	16327.290098999998	16323.671815	16326.128568999999			1.0	2.0	0.0	3.0					
16331.129	31.404999999998836	trials	8.0	16359.358047999998	16360.610154999998	16362.211338	16362.417747	16358.578263	16361.582803			1.0	2.0	0.0	3.0					
16364.545	15.689000000000306	trials	8.0	16372.212978	16373.662554999999	16378.145239	16378.574325999998	16371.617221999999	16374.341031999998	16378.875	16380.234	1.0	1.0	1.0	1.0					
16382.269	8.680000000000291	trials	8.0	16386.578368	16388.489526999998	16390.350456	16390.958244999998	16385.856723999997	16389.299422			1.0	1.0	0.0	3.0					
16392.719	23.00499999999738	trials	8.0	16411.668618	16413.005075999998			16410.688152	16413.186729999998	16414.944	16415.724	2.0		1.0	1.0					
16419.785	9.6349999999984	trials	8.0	16425.043401	16426.709091999997	16427.592407	16427.854940999998	16424.372851	16426.937721	16428.379	16429.42	1.0	2.0	1.0	1.0					
16432.492	23.147000000000844	trials	8.0	16450.818429	16452.85989	16453.667030999997	16454.128908	16449.945279	16453.046044			1.0	2.0	0.0	3.0					
16455.984	28.860000000000582	trials	8.0	16472.993871	16474.815662999998	16483.16637	16483.642458	16472.135457	16475.312209			1.0	1.0	0.0	3.0					
16486.532	4.8770000000004075	trials	8.0	16488.128845	16489.352067			16484.856891	16489.345498			2.0		0.0	2.0					
16495.46	8.599000000001979	trials	8.0	16500.435558999998	16502.06055	16502.777344	16503.214375	16499.475409	16502.052008			1.0		0.0	2.0					
16507.065	12.959000000002561	trials	8.0	16515.944202	16517.460500999998			16515.354163	16517.745264999998			2.0		1.0	1.0					
16522.501	25.933000000000902	trials	8.0	16544.569165	16546.025413			16543.746725999998	16546.239962	16547.969	16548.434	2.0		1.0	1.0					
16550.496	8.048999999999069	trials	8.0	16555.765215	16557.021246	16558.282537	16558.505974	16555.058334999998	16557.517866			1.0	2.0	0.0	3.0					
16562.554	30.700000000000728	trials	8.0	16583.498745999997	16585.352361999998	16591.932009	16592.476788	16582.919286	16585.669792			1.0	1.0	0.0	3.0					
16595.299	4.045000000001892	trials	8.0	16596.874579	16597.346286	16598.340486999998	16598.795841	16593.266794	16597.334557			1.0		0.0	2.0					
16603.351	24.50800000000163	trials	8.0	16623.780072999998	16625.602761			16623.043975	16625.836774	16627.529	16627.674	2.0		1.0	1.0					
16631.384	29.015000000003056	trials	8.0	16652.494209999997	16654.261573	16659.96699	16660.411362	16651.902909	16655.209074			1.0	1.0	0.0	3.0					
16663.315	6.119000000002416	trials	8.0	16665.154630999998	16666.565038	16667.402215	16667.682847	16663.481972999998	16666.725924	16668.129	16669.434	1.0	2.0	1.0	1.0					
16671.258	9.130999999997584	trials	8.0	16677.132646	16678.291074999997	16679.990889	16680.399918	16676.350362999998	16678.812018			1.0	2.0	0.0	3.0					
16683.315	32.08400000000256	trials	8.0	16711.129595	16712.879977	16713.522791	16713.743548	16710.325864	16712.853181	16714.21	16715.399	1.0	2.0	1.0	1.0					
16717.111	13.983000000000175	trials	8.0	16726.745289	16728.041678999998	16729.336572	16729.572634	16726.041723	16728.427024	16730.024	16731.094	1.0	2.0	1.0	1.0					
16734.114	11.359999999996944	trials	8.0	16740.574855	16742.541261	16743.407191	16743.556371	16740.027954999998	16742.635951	16744.014	16745.474	1.0	2.0	1.0	1.0					
16749.299	8.326000000000931	trials	8.0	16755.119944	16756.446372	16757.127909	16757.638472	16754.177517	16756.409701			1.0	2.0	0.0	3.0					
16759.459	15.75800000000163	trials	8.0	16772.154920999998	16773.606989	16774.904055	16775.071623	16771.368616	16774.074698999997			1.0	2.0	0.0	3.0					
16777.239	18.805999999996857	trials	8.0	16790.12511	16791.586542999998	16793.632497	16794.017223	16789.328451999998	16792.024353999997	16794.474	16796.045	1.0	1.0	1.0	1.0					
16798.879	17.654999999998836	trials	8.0	16813.429991999998	16814.537064			16812.903599999998	16814.528030999998			1.0		0.0	2.0					
16819.588	34.501000000000204	trials	8.0	16850.520497999998	16852.092744999998	16852.823377	16853.16606	16849.831122	16852.085689			1.0		0.0	2.0					
16858.099	655.9860000000008	trials	8.0	17511.632916	17512.085375	17512.710612	17512.890521999998	17511.018498999998	17512.07854			1.0		0.0	2.0					
17518.089	53.34100000000035	trials	8.0	17569.020561999998	17569.439023	17570.002398	17570.240352	17568.033948	17569.432418999997			1.0		0.0	2.0					
17575.439	35.66500000000087	trials	8.0	17607.593965	17609.111338	17609.63194	17610.128232	17606.987931	17609.10078			1.0		0.0	2.0					
17615.141	10.315999999998894	trials	8.0	17621.359432999998	17622.902326			17620.769607	17623.176306999998	17624.96	17625.299	2.0		1.0	1.0					
17629.977	171.71199999999953	trials	8.0	17797.429626999998	17799.383487			17796.709666	17799.595323999998	17801.404	17801.639	2.0		1.0	1.0					
17806.254	13.614999999997963	trials	8.0	17815.271595	17817.16719	17818.177636	17818.389811	17814.609526	17817.601419	17818.864	17819.869	1.0	2.0	1.0	1.0					
17822.889	7.190000000002328	trials	8.0	17826.870042	17828.222480999997	17829.578459999997	17830.097271	17826.019956	17828.719876			1.0	2.0	0.0	3.0					
17831.907	41.91700000000128	trials	8.0	17870.240099	17871.518935	17873.294583	17873.839842999998	17869.425849	17872.491242			1.0	1.0	0.0	3.0					
17875.659	5.341000000000349	trials	8.0	17877.356628999998	17879.007069			17876.657294	17879.000743			2.0		0.0	2.0					
17884.009	7.43500000000131	trials	8.0	17887.585309	17888.818391999997	17890.940826	17891.463868	17886.975487	17890.157549			1.0	2.0	0.0	3.0					
17893.244	19.034999999999854	trials	8.0	17909.384887	17910.237525			17908.520732999998	17910.233215			1.0		0.0	2.0					
17915.294	10.375999999996566	trials	8.0	17922.046165	17923.116174			17921.049022	17923.463454999997	17925.384	17925.659	2.0		1.0	1.0					
17930.244	7.115000000001601	trials	8.0	17934.840415	17936.034409	17937.051345	17937.257391	17933.986872999998	17936.391309			1.0	2.0	0.0	3.0					
17940.369	21.68500000000131	trials	8.0	17958.23171	17959.507008			17957.342849	17959.799269	17961.664	17961.809	2.0		1.0	1.0					
17965.568	6.855999999999767	trials	8.0	17968.090583999998	17969.781974999998	17970.91363	17971.097265999997	17967.432874	17970.163996	17971.545	17972.424	1.0	2.0	1.0	1.0					
17974.47	11.364999999997963	trials	8.0	17981.785932	17983.347278999998	17984.131287	17984.334338	17980.996063	17983.52266	17984.774	17985.835	1.0	2.0	1.0	1.0					
17987.689	10.39600000000064	trials	8.0	17994.465274	17995.512562	17996.37805	17996.522621	17993.620413999997	17995.699701999998	17997.069	17998.085	1.0	2.0	1.0	1.0					
18000.104	11.654999999998836	trials	8.0	18007.640378	18009.205006			18006.683015	18009.496715999998	18004.404	18011.724	2.0		1.0	1.0					
18015.239	6.039999999997235	trials	8.0	18017.74138	18019.28875			18017.146956999997	18019.284734999997			1.0		0.0	2.0					
18024.313	18.846000000001368	trials	8.0	18030.336111999997	18032.112168	18041.465827	18041.898052	18029.544341999997	18032.471971	18042.224	18043.159	1.0	2.0	1.0	1.0					
