onset	duration	nwb_table	block	tone_on_time	tone_off_time	action_on_time	action_off_time	pokeC_on_time	pokeC_off_time	reward_on_time	reward_off_time	state	action	reward	result	FinishedBlock	FirstTrial	LastTrial	RewardRule_L	RewardRule_R
2.258	490.088	BlockDesign														1.0	1.0	30.0	90.0	50.0
2.258	78.843	trials	1.0	76.00738199999999	77.862256	78.920936	79.539712	75.331	78.232394	79.646	81.101	1.0	1.0	1.0	1.0					
84.121	8.820000000000007	trials	1.0	87.145883	89.159362	90.14605	90.777575	86.563159	89.514905	90.831	92.941	1.0	1.0	1.0	1.0					
97.042	6.849000000000004	trials	1.0	100.115955	101.31627			99.553386	101.649675			2.0		1.0	1.0					
108.363	6.067000000000007	trials	1.0	111.025857	112.387827			110.159488	112.380121			1.0		0.0	2.0					
117.466	9.99600000000001	trials	1.0	122.016406	123.532567	125.05732	125.85679999999999	121.10091	124.271401	125.866	127.462	1.0	2.0	1.0	1.0					
129.518	9.763000000000005	trials	1.0	135.196204	137.017228			134.497287	137.214154			2.0		1.0	1.0					
143.891	7.25	trials	1.0	147.585927	149.138533			146.671231	149.134104			1.0		0.0	2.0					
153.152	13.459000000000003	trials	1.0	162.581133	164.577871	165.706504	166.61202	162.06804	164.988367			1.0	1.0	0.0	3.0					
169.092	17.329999999999984	trials	1.0	181.576369	183.07309	184.048107	184.794664	180.714906	183.43612	184.841	186.422	1.0	1.0	1.0	1.0					
190.442	7.008999999999986	trials	1.0	193.641522	195.442849			192.821722	195.432932			1.0		0.0	2.0					
201.462	10.375	trials	1.0	207.956205	209.991728	211.182285	211.842333	207.081852	210.518346			1.0	2.0	0.0	3.0					
213.524	19.34700000000001	trials	1.0	227.621395	229.513596	230.587593	231.277081	227.101252	229.916548	231.547	232.871	1.0	1.0	1.0	1.0					
234.917	8.843999999999994	trials	1.0	240.211084	241.919664	243.144451	243.765379	239.313495	242.44821			1.0	2.0	0.0	3.0					
246.511	25.41100000000003	trials	1.0	267.67792399999996	269.34958300000005			266.701917	269.647204			2.0		1.0	1.0					
274.481	12.649999999999977	trials	1.0	279.18726000000004	281.03506000000004	284.61317099999997	285.48853099999997	278.42329900000004	281.63525500000003	285.371	287.131	1.0	1.0	1.0	1.0					
289.182	13.829000000000008	trials	1.0	297.69239200000004	299.389855	300.43170999999995	301.313258	296.782246	299.791074	301.276	303.011	1.0	1.0	1.0	1.0					
306.071	9.989999999999952	trials	1.0	310.80703600000004	312.561462	313.498744	314.341866	310.039526	312.86425699999995	314.276	316.061	1.0	1.0	1.0	1.0					
318.121	10.810000000000002	trials	1.0	323.56243199999994	324.88879299999996	326.39893300000006	327.208123	322.721092	325.77405	327.216	328.931	1.0	1.0	1.0	1.0					
331.996	10.551000000000045	trials	1.0	338.081993	339.974059			337.098396	340.27204300000005			2.0		1.0	1.0					
345.087	14.254000000000019	trials	1.0	353.50861599999996	355.438942	356.90679	357.78947700000003	352.904084	356.03294700000004	357.661	359.341	1.0	1.0	1.0	1.0					
362.368	9.442999999999984	trials	1.0	366.85709099999997	368.1735	369.13878	370.06523100000004	365.92936699999996	368.54682	369.861	371.811	1.0	1.0	1.0	1.0					
374.831	9.009999999999991	trials	1.0	378.45710199999996	379.706184	381.181276	382.124997	377.723758	380.55711899999994	381.981	383.841	1.0	1.0	1.0	1.0					
387.861	10.120000000000005	trials	1.0	393.11714199999994	394.655485	395.30950600000006	396.14609800000005	392.206863	394.59254799999997	396.041	397.981	1.0	1.0	1.0	1.0					
400.998	10.723000000000013	trials	1.0	407.92879600000003	409.200461			407.03632000000005	409.640943			2.0		1.0	1.0					
416.252	6.117000000000019	trials	1.0	418.582221	419.609112			417.61255600000004	420.242523			2.0		1.0	1.0					
426.899	6.432000000000016	trials	1.0	430.358124	431.81982400000004	432.96441100000004	433.333932	429.51509899999996	432.2437			1.0	2.0	0.0	3.0					
435.297	18.783999999999992	trials	1.0	448.667382	450.39977799999997	451.598833	452.45414100000005	448.05459699999994	450.92292699999996	452.361	454.081	1.0	1.0	1.0	1.0					
456.171	11.831000000000017	trials	1.0	462.80787799999996	464.214021	465.406882	466.36551999999995	461.93170299999997	464.812503	466.252	468.002	1.0	1.0	1.0	1.0					
472.026	9.615000000000009	trials	1.0	476.32777999999996	477.520183	479.53635499999996	480.044525	475.32472800000005	478.29433600000004	480.181	481.641	2.0		1.0	1.0					
485.706	6.639999999999986	trials	1.0	489.013429	490.20498	491.277775	492.299971	488.43473700000004	490.693713			1.0	1.0	1.0	1.0					
496.017	2114.324	BlockDesign														1.0	31.0	134.0	50.0	90.0
496.017	8.838999999999999	trials	2.0	501.78794500000004	503.210832	503.86074699999995	504.861931	500.869243	503.24300500000004			1.0	1.0	0.0	3.0					
507.203	12.228000000000065	trials	2.0	514.042688	515.6357489999999	516.864106	517.795893	513.336418	516.2060799999999	517.521	519.431	1.0	1.0	1.0	1.0					
522.481	7.789999999999964	trials	2.0	527.107996	528.424054	529.413657	530.275433	526.251205	528.8022659999999			1.0	1.0	0.0	3.0					
531.756	11.06000000000006	trials	2.0	538.5878379999999	540.3064079999999			537.583189	540.7184649999999			2.0		1.0	1.0					
547.396	9.115000000000009	trials	2.0	551.2831659999999	552.560153	554.328313	554.96901	550.351724	553.6816689999999	555.036	556.511	1.0	1.0	1.0	1.0					
559.527	8.688999999999965	trials	2.0	564.845006	566.214745			564.085567	566.205388			1.0		0.0	2.0					
571.27	17.096000000000004	trials	2.0	584.5134909999999	586.0798169999999	587.4445509999999	588.371213	583.812192	586.837846			1.0	1.0	0.0	3.0					
589.771	24.355999999999995	trials	2.0	609.509774	611.2847939999999			608.661357	611.929117			2.0		1.0	1.0					
616.656	19.105000000000018	trials	2.0	632.533325	634.3937129999999	635.049667	635.7644319999999	631.849067	634.341643			1.0	1.0	0.0	3.0					
639.383	22.32299999999998	trials	2.0	658.078317	659.122261			657.178111	659.505359			2.0		1.0	1.0					
665.192	5.9500000000000455	trials	2.0	668.104876	669.386767	670.749606	671.123685	667.122796	670.0681529999999			1.0	1.0	0.0	3.0					
674.136	25.129999999999995	trials	2.0	693.903873	695.601901	696.989079	697.8850659999999	693.393471	696.231648	697.881	699.266	1.0	2.0	1.0	1.0					
702.328	11.094000000000051	trials	2.0	708.2690739999999	709.330232	710.710251	711.810346	707.586553	709.949788	711.556	713.422	1.0	2.0	1.0	1.0					
715.466	10.919999999999959	trials	2.0	720.894176	722.556998	723.643363	724.793833	719.9974119999999	722.944447	724.426	726.386	1.0	2.0	1.0	1.0					
728.402	12.644999999999982	trials	2.0	735.948931	737.0411369999999	738.423727	739.429911	735.088578	737.674821	739.101	741.047	1.0	2.0	1.0	1.0					
744.138	8.048000000000002	trials	2.0	746.86379	748.865739	749.639464	750.4363109999999	746.274333	748.927907	750.401	752.186	1.0	1.0	1.0	1.0					
754.252	9.13900000000001	trials	2.0	758.979055	760.880194			758.181413	761.137603			2.0		1.0	1.0					
767.966	11.365000000000009	trials	2.0	772.029103	773.3059499999999	776.815598	777.653908	771.2640339999999	773.827861	777.521	779.331	1.0	1.0	1.0	1.0					
783.41	8.927000000000021	trials	2.0	787.3337859999999	788.7154499999999	789.9074009999999	790.763684	786.616054	789.2663229999999	790.627	792.337	1.0	1.0	1.0	1.0					
794.386	13.235000000000014	trials	2.0	802.5147099999999	803.706343	804.956902	805.940163	801.5706309999999	804.285504	805.686	807.621	1.0	1.0	1.0	1.0					
809.687	10.004000000000019	trials	2.0	816.63618	817.815853	818.99041	819.693941	816.0024129999999	818.2769549999999			1.0	1.0	0.0	3.0					
823.326	11.194999999999936	trials	2.0	829.970866	832.0106079999999			829.437064	832.279537			2.0		1.0	1.0					
839.048	6.1580000000000155	trials	2.0	841.346107	843.201412			840.542816	843.19674			1.0		0.0	2.0					
849.216	14.465000000000032	trials	2.0	859.489341	861.178243			858.487788	861.440971			2.0		1.0	1.0					
866.251	10.615000000000009	trials	2.0	871.474978	872.7563339999999	874.0076369999999	875.143602	870.741961	873.213076	874.716	876.866	1.0	2.0	1.0	1.0					
880.891	8.295000000000073	trials	2.0	886.5191709999999	887.186158			885.885826	887.171254			1.0		0.0	2.0					
892.242	15.059000000000083	trials	2.0	902.529909	903.987177	904.804359	905.688723	901.527066	904.1346179999999	905.438	907.301	1.0	2.0	1.0	1.0					
910.361	8.595000000000027	trials	2.0	915.414453	916.89683			914.60641	916.89396			1.0		0.0	2.0					
921.012	118.36500000000001	trials	2.0	1035.950607	1037.402134	1038.868198	1039.379635	1035.17709	1037.982069			1.0	2.0	0.0	3.0					
1043.236	15.375	trials	2.0	1054.316097	1056.0468329999999			1053.800667	1056.417223			2.0		1.0	1.0					
1063.136	54.00500000000011	trials	2.0	1112.830962	1114.027703			1112.246858	1114.8131859999999			2.0		1.0	1.0					
1121.606	7.634999999999991	trials	2.0	1123.905667	1125.032572	1127.186874	1127.7732879999999	1123.082959	1125.4966	1128.076	1129.241	1.0	1.0	1.0	1.0					
1132.306	13.085000000000036	trials	2.0	1142.420545	1143.822739	1144.826924	1145.3976539999999	1141.729746	1144.2021359999999			1.0	1.0	0.0	3.0					
1147.146	15.901000000000067	trials	2.0	1157.920672	1159.436269	1160.612559	1161.60261	1157.26885	1159.920584	1161.406	1163.047	1.0	2.0	1.0	1.0					
1166.111	13.899999999999864	trials	2.0	1174.121259	1175.582467	1176.681144	1177.386544	1173.206256	1176.034508	1177.451	1180.011	1.0	1.0	1.0	1.0					
1184.031	11.279999999999973	trials	2.0	1188.97641	1190.482561	1194.831733	1195.3186739999999	1188.2083989999999	1191.064702			1.0	1.0	0.0	3.0					
1198.202	14.413999999999987	trials	2.0	1206.5614269999999	1208.002847	1209.785968	1210.956885	1206.012577	1209.055849	1210.641	1212.616	1.0	2.0	1.0	1.0					
1215.516	10.49499999999989	trials	2.0	1220.851878	1222.172769	1223.275866	1224.445545	1219.932118	1222.5607479999999	1224.066	1226.011	1.0	2.0	1.0	1.0					
1229.076	8.346000000000004	trials	2.0	1234.661353	1235.41827			1233.790039	1235.411812			1.0		0.0	2.0					
1239.476	20.914999999999964	trials	2.0	1256.281588	1257.882918			1255.667233	1258.227105			2.0		1.0	1.0					
1263.922	11.664999999999964	trials	2.0	1269.406462	1270.883118	1272.766923	1273.99719	1268.590318	1272.035638	1273.616	1275.587	1.0	2.0	1.0	1.0					
1277.667	8.829000000000178	trials	2.0	1282.887964	1284.49848	1285.78342	1286.5011279999999	1282.26694	1285.007797			1.0	1.0	0.0	3.0					
1288.111	32.21499999999992	trials	2.0	1316.456448	1317.67135	1319.056693	1320.332344	1315.881769	1318.280577			1.0	2.0	0.0	3.0					
1322.381	14.54099999999994	trials	2.0	1333.08664	1334.560683			1332.121876	1334.709883			2.0		1.0	1.0					
1339.431	9.905999999999949	trials	2.0	1344.956622	1347.078244			1344.034525	1347.250894			2.0		1.0	1.0					
1351.904	14.926999999999907	trials	2.0	1361.416896	1362.937199	1364.237406	1365.425614	1360.572871	1363.4817249999999	1364.991	1366.831	1.0	2.0	1.0	1.0					
1370.851	8.909999999999854	trials	2.0	1373.937247	1375.716463	1376.760124	1377.9475049999999	1373.359914	1376.016601	1377.462	1379.761	1.0	2.0	1.0	1.0					
1381.818	9.087999999999965	trials	2.0	1387.144744	1388.594377			1386.210666	1388.819407			2.0		1.0	1.0					
1395.441	7.339999999999918	trials	2.0	1399.71685	1401.302899	1402.327285	1402.788498	1398.909556	1401.621331			1.0	1.0	0.0	3.0					
1406.651	21.454999999999927	trials	2.0	1424.250454	1426.048896			1423.446073	1426.042737			1.0		0.0	2.0					
1430.16	27.78099999999995	trials	2.0	1454.527483	1456.12464	1457.265219	1457.951828	1453.540071	1456.455164			1.0	1.0	0.0	3.0					
1461.675	18.19600000000014	trials	2.0	1474.282475	1475.479545	1477.332343	1478.442225	1473.520872	1476.576988	1478.051	1479.871	1.0	2.0	1.0	1.0					
1483.986	9.060999999999922	trials	2.0	1487.463168	1489.1197379999999	1490.475199	1491.565453	1486.526548	1489.635984	1491.276	1493.047	1.0	2.0	1.0	1.0					
1496.071	10.095000000000027	trials	2.0	1500.192916	1502.19567	1503.230035	1504.44276	1499.418264	1502.53424	1503.966	1506.166	1.0	2.0	1.0	1.0					
1510.081	7.290000000000191	trials	2.0	1513.20792	1515.004371			1512.634302	1515.178569			2.0		1.0	1.0					
1519.906	10.625	trials	2.0	1524.092757	1525.435972	1526.983143	1528.25247	1523.494708	1526.236786	1527.752	1530.531	1.0	2.0	1.0	1.0					
1532.595	7.93100000000004	trials	2.0	1536.438351	1538.0161739999999			1535.759455	1538.372357			2.0		1.0	1.0					
1544.076	6.633000000000038	trials	2.0	1547.059786	1549.078587	1550.324428	1550.709447	1546.509664	1549.495938			1.0	1.0	0.0	3.0					
1552.666	16.894999999999982	trials	2.0	1565.552551	1566.996709			1565.017089	1567.380693			2.0		1.0	1.0					
1572.049	9.85200000000009	trials	2.0	1576.467987	1578.094529	1579.495351	1580.290522	1575.897358	1578.637683	1580.271	1581.901	1.0	1.0	1.0	1.0					
1583.926	9.414999999999964	trials	2.0	1589.278444	1591.2450999999999	1592.447097	1593.35247	1588.466091	1591.720956			1.0	2.0	0.0	3.0					
1595.817	13.70900000000006	trials	2.0	1605.708235	1607.021479			1604.770035	1607.29143			2.0		1.0	1.0					
1613.056	12.379999999999882	trials	2.0	1618.7652209999999	1620.219969	1621.773487	1622.818896	1618.146369	1620.891546	1622.551	1625.436	1.0	2.0	1.0	1.0					
1629.501	5.416999999999916	trials	2.0	1631.243374	1632.91494			1630.734163	1632.9108879999999			2.0		1.0	1.0					
1637.506	11.559999999999945	trials	2.0	1643.3097129999999	1644.972036	1646.4744759999999	1647.536358	1642.62967	1645.726659	1647.146	1649.066	1.0	2.0	1.0	1.0					
1653.091	9.25	trials	2.0	1656.698694	1658.1955679999999	1659.654779	1660.7659899999999	1656.1684599999999	1658.893452	1660.281	1662.341	1.0	2.0	1.0	1.0					
1666.406	9.009999999999991	trials	2.0	1669.868758	1671.52969	1672.7148809999999	1673.752251	1669.214374	1671.920143	1673.396	1675.416	1.0	2.0	1.0	1.0					
1678.441	11.414999999999964	trials	2.0	1684.350301	1686.369741	1687.223295	1688.0444889999999	1683.501913	1686.5572	1687.956	1689.856	1.0	1.0	1.0	1.0					
1692.921	19.97499999999991	trials	2.0	1707.729378	1709.270861	1710.306351	1711.455283	1706.950065	1709.630463	1710.962	1712.896	1.0	2.0	1.0	1.0					
1714.961	10.615000000000009	trials	2.0	1720.0192809999999	1721.682312	1722.768016	1724.003752	1719.428089	1721.964772	1723.406	1725.576	1.0	2.0	1.0	1.0					
1729.637	6.969000000000051	trials	2.0	1733.234256	1734.878941	1735.940682	1736.6158679999999	1732.377972	1735.233549			1.0	1.0	0.0	3.0					
1739.266	18.454999999999927	trials	2.0	1753.92943	1755.66655			1753.057305	1755.6554019999999			1.0		0.0	2.0					
1761.778	32.837999999999965	trials	2.0	1786.053612	1788.04948	1792.441167	1793.100891	1785.34273	1788.244453	1793.206	1794.616	1.0	1.0	1.0	1.0					
1796.681	7.434999999999945	trials	2.0	1800.654438	1801.990965	1803.093471	1804.126194	1800.053602	1802.387244			1.0	1.0	0.0	3.0					
1806.471	10.194999999999936	trials	2.0	1811.249245	1812.544231	1814.014983	1815.201345	1810.576726	1813.253203	1814.636	1816.666	1.0	2.0	1.0	1.0					
1818.727	9.978999999999814	trials	2.0	1825.560951	1826.820586	1828.099536	1828.7143409999999	1824.802851	1827.319336			1.0	2.0	0.0	3.0					
1831.471	14.125	trials	2.0	1842.254395	1844.235154	1844.901234	1845.605704	1841.3850909999999	1844.2338419999999			1.0	1.0	0.0	3.0					
1849.211	21.845000000000027	trials	2.0	1867.079784	1868.456452			1866.23262	1868.781682			2.0		1.0	1.0					
1873.523	8.838000000000193	trials	2.0	1877.5540859999999	1878.652489	1879.850139	1880.9111619999999	1876.677684	1879.012743	1880.636	1882.361	1.0	2.0	1.0	1.0					
1886.428	8.462999999999965	trials	2.0	1889.655478	1891.106992	1892.370461	1893.331213	1889.080555	1891.5970029999999	1893.161	1894.891	1.0	2.0	1.0	1.0					
1898.956	6.815000000000055	trials	2.0	1900.8201099999999	1901.938275	1903.189318	1904.247157	1900.167849	1902.394755	1904.041	1905.771	1.0	2.0	1.0	1.0					
1909.791	6.171000000000049	trials	2.0	1912.734972	1914.036666	1915.483782	1915.9697939999999	1911.866094	1914.502993			1.0	1.0	0.0	3.0					
1917.843	20.27800000000002	trials	2.0	1934.379598	1936.057138			1933.761181	1936.047546			2.0		0.0	2.0					
1940.171	14.769999999999982	trials	2.0	1949.5050449999999	1950.8266859999999	1952.148195	1953.289939	1948.56207	1951.471486	1952.891	1954.941	1.0	2.0	1.0	1.0					
1956.962	10.889000000000124	trials	2.0	1962.5300889999999	1963.9420049999999	1965.112443	1966.107156	1961.946571	1964.316957	1965.846	1967.851	1.0	2.0	1.0	1.0					
1971.966	9.996000000000095	trials	2.0	1976.545062	1977.951588	1979.157733	1980.355392	1975.9671779999999	1978.407982	1979.786	1981.962	1.0	2.0	1.0	1.0					
1984.066	10.055000000000064	trials	2.0	1990.495135	1991.793615			1989.916231	1992.03826			2.0		1.0	1.0					
1996.571	8.101000000000113	trials	2.0	2000.8956249999999	2002.092162			2000.011489	2002.47834			2.0		1.0	1.0					
2008.121	9.169999999999845	trials	2.0	2011.925037	2013.215836	2014.6441929999999	2015.718202	2011.35387	2013.793723	2015.316	2017.291	1.0	2.0	1.0	1.0					
2021.352	8.211999999999989	trials	2.0	2023.995468	2025.8674839999999	2026.909444	2028.069832	2023.256709	2026.158766	2027.561	2029.564	1.0	2.0	1.0	1.0					
2032.636	8.829999999999927	trials	2.0	2035.936987	2037.922108	2038.847383	2039.901408	2035.106025	2038.104774	2039.601	2041.466	1.0	2.0	1.0	1.0					
2044.511	7.970000000000255	trials	2.0	2048.595435	2050.4318710000002	2051.581176	2052.4920690000004	2047.9096149999998	2050.7748970000002			1.0	2.0	0.0	3.0					
2055.957	22.295000000000073	trials	2.0	2074.4558530000004	2076.253201			2073.8743590000004	2076.243915			2.0		0.0	2.0					
2080.306	13.795000000000073	trials	2.0	2091.076192	2092.052298			2090.5330740000004	2092.045642			1.0		0.0	2.0					
2098.111	377.31500000000005	trials	2.0	2471.8540390000003	2473.375035			2471.007891	2473.3628040000003			1.0		0.0	2.0					
2478.477	8.059000000000196	trials	2.0	2482.0783	2483.690842			2481.19365	2484.2855630000004			2.0		1.0	1.0					
2490.011	8.735000000000127	trials	2.0	2492.7176950000003	2493.8043180000004	2495.2128420000004	2496.2784140000003	2492.210536	2494.465557	2495.908	2498.746	1.0	2.0	1.0	1.0					
2501.805	11.551000000000386	trials	2.0	2507.493883	2508.9639190000003	2510.197713	2511.275829	2506.9241650000004	2509.4635110000004	2510.996	2513.356	1.0	2.0	1.0	1.0					
2515.421	10.876000000000204	trials	2.0	2520.3547820000003	2522.276545	2523.464757	2524.3290020000004	2519.605018	2522.7298060000003	2524.206	2526.297	1.0	2.0	1.0	1.0					
2529.371	6.690000000000055	trials	2.0	2533.0527	2534.1499940000003	2535.542037	2536.0774640000004	2532.1116970000003	2534.789689			1.0	1.0	0.0	3.0					
2538.861	9.9050000000002	trials	2.0	2544.9437740000003	2546.256034			2544.328359	2546.549832			2.0		1.0	1.0					
2551.316	10.320000000000164	trials	2.0	2557.8589100000004	2559.58995			2557.1902670000004	2559.5847740000004			1.0		0.0	2.0					
2565.641	26.559999999999945	trials	2.0	2585.513115	2587.5038590000004	2591.6310930000004	2592.2157920000004	2584.7895230000004	2587.771111			1.0	1.0	0.0	3.0					
2595.016	15.324999999999818	trials	2.0	2605.243965	2606.701582	2607.9689110000004	2608.8895730000004	2604.3787810000003	2607.2816460000004	2608.761	2610.341	1.0	2.0	1.0	1.0					
2612.383	1074.5880000000002	BlockDesign														1.0	135.0	191.0	50.0	10.0
2612.383	21.16800000000012	trials	3.0	2619.057967	2620.6703110000003	2631.3223580000003	2631.906723	2618.1961640000004	2620.9864810000004	2631.971	2633.551	1.0	1.0	1.0	1.0					
2636.627	6.139000000000124	trials	3.0	2639.2088590000003	2640.824161	2641.9713060000004	2642.7829330000004	2638.4447240000004	2641.2484900000004			1.0	2.0	0.0	3.0					
2645.296	13.725000000000364	trials	3.0	2655.904066	2657.310996	2658.488781	2659.035013	2655.295642	2657.8110180000003			1.0	2.0	0.0	3.0					
2662.821	9.425000000000182	trials	3.0	2669.020182	2670.0953550000004	2671.8634030000003	2672.25945	2668.340712	2670.805807			1.0	2.0	0.0	3.0					
2674.189	14.057000000000244	trials	3.0	2684.855488	2686.2684280000003	2687.8820520000004	2688.2605820000003	2684.0157470000004	2686.929267			1.0	2.0	0.0	3.0					
2692.216	15.996000000000095	trials	3.0	2704.937731	2706.4386430000004	2707.8082590000004	2708.228431	2704.1786960000004	2707.1643550000003			1.0	1.0	0.0	3.0					
2710.131	14.01299999999992	trials	3.0	2719.9941740000004	2721.1443390000004			2719.459995	2722.022062			2.0		1.0	1.0					
2727.721	7.375	trials	3.0	2729.9691310000003	2731.4193710000004	2732.773783	2733.575382	2729.1971430000003	2731.8485480000004	2733.456	2735.096	1.0	1.0	1.0	1.0					
2737.116	12.385999999999967	trials	3.0	2743.513965	2745.2813920000003	2748.9644980000003	2749.518097	2742.9992110000003	2745.6975220000004			1.0	1.0	0.0	3.0					
2752.312	13.034000000000106	trials	3.0	2761.9593870000003	2763.829866	2764.880454	2765.3606120000004	2761.151604	2764.2075630000004			1.0	2.0	0.0	3.0					
2769.276	32.146000000000186	trials	3.0	2798.709918	2800.022887	2800.850535	2801.438817	2797.755415	2800.080876			1.0	1.0	0.0	3.0					
2804.171	14.640000000000327	trials	3.0	2814.2310140000004	2815.94259	2818.334275	2818.827459	2813.453809	2816.9871110000004			1.0	2.0	0.0	3.0					
2822.656	80.11999999999989	trials	3.0	2899.2199990000004	2900.706732	2902.315611	2902.7902470000004	2898.425404	2901.0472280000004			1.0	1.0	0.0	3.0					
2904.672	20.514000000000124	trials	3.0	2921.8252260000004	2923.127532	2924.740192	2925.2005780000004	2921.011284	2923.961869			1.0	2.0	0.0	3.0					
2929.071	41.99499999999989	trials	3.0	2967.175564	2968.507203			2966.3158930000004	2968.944606			2.0		1.0	1.0					
2973.526	12.91000000000031	trials	3.0	2983.2720980000004	2984.5122450000003	2985.886609	2986.45492	2982.748075	2985.1389520000002			1.0	2.0	0.0	3.0					
2989.201	14.664999999999964	trials	3.0	2999.897254	3001.5514000000003			2998.957272	3001.7681860000002			2.0		1.0	1.0					
3006.351	10.105000000000018	trials	3.0	3012.73596	3014.72202	3016.11225	3016.470331	3012.14586	3015.2560620000004			1.0	2.0	0.0	3.0					
3019.426	23.309999999999945	trials	3.0	3033.9264540000004	3035.817246	3040.6765910000004	3041.378481	3032.924476	3036.0834910000003	3041.406	3042.736	1.0	1.0	1.0	1.0					
3046.776	8.78500000000031	trials	3.0	3051.3459150000003	3052.997706			3050.5519780000004	3053.251549			2.0		1.0	1.0					
3058.052	8.504999999999654	trials	3.0	3062.619583	3064.0410220000003			3061.65749	3064.3245650000003			2.0		1.0	1.0					
3069.121	18.80099999999993	trials	3.0	3078.71056	3080.5265440000003	3085.565396	3086.3810000000003	3078.112459	3080.8935410000004	3086.398	3087.922	1.0	1.0	1.0	1.0					
3091.938	7.893000000000029	trials	3.0	3095.631334	3097.315078			3094.996	3097.674354			2.0		1.0	1.0					
3103.411	7.2159999999998945	trials	3.0	3107.409724	3108.8901130000004	3110.248179	3110.6258390000003	3106.852451	3109.5053470000003			1.0	2.0	0.0	3.0					
3113.622	19.184000000000196	trials	3.0	3127.734856	3129.752434	3130.574748	3131.26748	3127.095118	3129.876318	3131.181	3132.806	1.0	1.0	1.0	1.0					
3136.826	6.394999999999982	trials	3.0	3139.9999030000004	3141.022198	3142.47309	3143.2203470000004	3139.051022	3141.8326730000003			1.0	1.0	0.0	3.0					
3144.816	12.021000000000186	trials	3.0	3152.756848	3154.475033			3151.7887520000004	3154.6910070000004			2.0		1.0	1.0					
3159.331	7.014999999999873	trials	3.0	3162.5801330000004	3164.080796			3162.05261	3164.3246480000003			2.0		1.0	1.0					
3169.901	16.726000000000113	trials	3.0	3182.8700980000003	3184.065214			3182.117416	3184.556932			2.0		1.0	1.0					
3191.146	6.339999999999691	trials	3.0	3193.757137	3195.7938910000003	3196.776349	3197.48849	3193.055118	3196.098637			1.0	1.0	0.0	3.0					
3201.11	21.105999999999767	trials	3.0	3218.395754	3220.187557	3221.410079	3222.2185670000003	3217.476056	3220.5971870000003			1.0	2.0	0.0	3.0					
3224.742	15.603999999999814	trials	3.0	3236.8106380000004	3238.6224220000004	3239.8331660000003	3240.3485250000003	3235.936102	3239.1127570000003			1.0	1.0	0.0	3.0					
3242.212	19.085000000000036	trials	3.0	3257.632046	3258.737678			3256.812058	3259.058797			2.0		1.0	1.0					
3265.821	5.720000000000255	trials	3.0	3267.7904390000003	3269.473143			3266.1219490000003	3269.465432			1.0		0.0	2.0					
3275.557	14.519000000000233	trials	3.0	3280.97609	3282.994282	3287.950385	3288.631772	3280.2926690000004	3283.508828	3288.627	3290.076	1.0	1.0	1.0	1.0					
3293.134	8.657000000000153	trials	3.0	3298.0666720000004	3300.058156	3301.2290900000003	3301.79377	3297.3487010000003	3300.5805360000004			1.0	1.0	0.0	3.0					
3303.627	22.514000000000124	trials	3.0	3322.2614320000002	3323.518634	3325.679321	3326.145617	3321.2722550000003	3324.8020070000002			1.0	2.0	0.0	3.0					
3330.024	37.603000000000065	trials	3.0	3362.6657960000002	3363.872315	3364.9442050000002	3365.6579060000004	3361.827061	3364.290887	3365.547	3367.627	1.0	1.0	1.0	1.0					
3369.646	9.029999999999745	trials	3.0	3373.7416980000003	3375.224513	3375.948754	3376.791149	3372.799204	3375.2472620000003	3376.631	3378.676	1.0	1.0	1.0	1.0					
3382.712	8.329000000000178	trials	3.0	3387.89669	3389.235935	3390.2036860000003	3391.0426180000004	3386.94401	3389.5170110000004			1.0	1.0	0.0	3.0					
3393.544	18.802000000000135	trials	3.0	3403.581278	3404.837243	3409.944931	3410.7559850000002	3402.964015	3405.152579	3410.716	3412.346	1.0	1.0	1.0	1.0					
3414.371	10.659999999999854	trials	3.0	3421.811615	3423.800827	3424.499482	3425.0313490000003	3421.010001	3423.796178			1.0	1.0	0.0	3.0					
3426.832	17.795000000000073	trials	3.0	3441.2371550000003	3442.7883410000004	3444.165753	3444.6298880000004	3440.6256550000003	3443.38954			1.0	2.0	0.0	3.0					
3447.511	20.5300000000002	trials	3.0	3464.5120020000004	3465.97928			3463.5239570000003	3465.9702500000003			1.0		0.0	2.0					
3471.051	23.710000000000036	trials	3.0	3491.206579	3493.128336	3494.23031	3494.763344	3490.305803	3493.514388			1.0	1.0	0.0	3.0					
3497.612	27.116999999999734	trials	3.0	3519.376787	3521.2860920000003	3522.13482	3523.1561920000004	3518.521024	3521.436087	3522.941	3524.729	1.0	1.0	1.0	1.0					
3527.842	6.9099999999998545	trials	3.0	3531.2676220000003	3532.495409			3530.4005960000004	3532.709261			2.0		1.0	1.0					
3539.278	7.16800000000012	trials	3.0	3542.6335480000002	3543.920129	3546.019784	3546.448091	3541.8863960000003	3545.243464			1.0	2.0	0.0	3.0					
3548.346	15.960000000000036	trials	3.0	3560.452079	3561.739141			3559.895704	3562.142189			2.0		1.0	1.0					
3566.816	7.785000000000309	trials	3.0	3570.796929	3572.046671	3574.0174190000002	3574.603238	3570.038305	3573.0938260000003			1.0	2.0	0.0	3.0					
3577.356	20.24499999999989	trials	3.0	3593.947486	3595.7094740000002	3596.818432	3597.606221	3593.392672	3596.1152500000003			1.0	1.0	0.0	3.0					
3601.197	20.958999999999833	trials	3.0	3616.933002	3618.958823	3619.8485440000004	3620.697268	3615.995722	3619.220282	3620.521	3622.156	1.0	1.0	1.0	1.0					
3624.222	12.853999999999814	trials	3.0	3631.8843300000003	3632.9709230000003	3634.4334790000003	3635.448276	3631.191679	3633.785852	3635.172	3637.076	1.0	1.0	1.0	1.0					
3639.096	10.179999999999836	trials	3.0	3644.1129730000002	3645.8245610000004	3646.7493080000004	3647.628497	3643.4734430000003	3646.103134	3647.576	3649.276	1.0	1.0	1.0	1.0					
3652.301	8.860000000000127	trials	3.0	3657.8725480000003	3659.5201150000003	3660.422517	3661.1624650000003	3657.0162010000004	3659.786039			1.0	1.0	0.0	3.0					
3662.802	12.128999999999905	trials	3.0	3670.9037850000004	3672.120344			3670.216436	3672.6262420000003			2.0		1.0	1.0					
3678.437	8.534000000000106	trials	3.0	3682.179553	3683.7611020000004	3684.645863	3685.4224190000004	3681.323093	3683.986631	3685.297	3686.971	1.0	1.0	1.0	1.0					
3691.057	727.8490000000002	BlockDesign														1.0	192.0	232.0	10.0	50.0
3691.057	5.449000000000069	trials	4.0	3692.77415	3693.9243880000004			3691.928573	3694.3038070000002			2.0		1.0	1.0					
3700.016	9.139999999999873	trials	4.0	3706.009421	3707.8651600000003	3708.6057250000003	3709.159807	3705.265202	3707.9518630000002			1.0	1.0	0.0	3.0					
3710.951	37.61499999999978	trials	4.0	3745.623038	3746.560762			3744.824023	3746.5562210000003			1.0		0.0	2.0					
3751.576	94.86499999999978	trials	4.0	3842.14444	3843.436991			3841.3067570000003	3844.20309			2.0		1.0	1.0					
3848.966	14.390000000000327	trials	4.0	3857.529867	3858.990544	3862.779782	3863.360333	3856.7348110000003	3859.397575			1.0	1.0	0.0	3.0					
3867.189	14.952000000000226	trials	4.0	3878.423678	3880.487078	3881.539573	3882.1443790000003	3877.8024400000004	3880.7885480000004			1.0	2.0	0.0	3.0					
3883.891	15.235999999999876	trials	4.0	3896.4391400000004	3897.4909780000003	3898.573002	3899.12912	3895.481592	3897.9351770000003			1.0	1.0	0.0	3.0					
3902.957	19.82900000000018	trials	4.0	3918.4890600000003	3920.467396			3917.576376	3920.70667			2.0		1.0	1.0					
3925.316	8.675000000000182	trials	4.0	3930.584248	3932.1707060000003	3933.394042	3933.993902	3929.710148	3932.509042			1.0	1.0	0.0	3.0					
3936.766	16.179999999999836	trials	4.0	3949.494113	3951.3861690000003	3952.5114900000003	3952.95302	3948.6832430000004	3951.860627			1.0	1.0	0.0	3.0					
3955.841	15.105000000000018	trials	4.0	3966.636071	3968.365667			3966.029464	3968.629033			2.0		1.0	1.0					
3975.386	7.550000000000182	trials	4.0	3979.154738	3980.326242	3982.220431	3982.9426820000003	3978.502389	3981.432017			1.0	2.0	0.0	3.0					
3985.556	20.170000000000073	trials	4.0	4002.1812800000002	4003.807793	4005.208078	4005.7338790000003	4001.2156010000003	4004.4105910000003			1.0	2.0	0.0	3.0					
4008.556	9.170000000000073	trials	4.0	4014.73471	4015.976924	4017.196514	4017.7338760000002	4013.818904	4016.4065570000002			1.0	1.0	0.0	3.0					
4021.531	14.539999999999964	trials	4.0	4031.743375	4033.7517310000003	4035.606548	4036.0763020000004	4031.230489	4034.151682			1.0	1.0	0.0	3.0					
4039.951	12.590000000000146	trials	4.0	4049.155013	4051.1214900000004	4051.89635	4052.5463910000003	4048.2574720000002	4051.2043630000003			1.0	1.0	0.0	3.0					
4055.227	18.360000000000127	trials	4.0	4067.990141	4069.6714460000003	4071.1323970000003	4071.907048	4067.4234500000002	4070.2574560000003	4071.826	4073.587	1.0	2.0	1.0	1.0					
4075.636	10.340000000000146	trials	4.0	4080.815627	4082.580244	4083.366605	4084.432409	4079.821285	4082.645159	4084.106	4085.976	1.0	2.0	1.0	1.0					
4087.996	10.409999999999854	trials	4.0	4092.596809	4094.345477	4095.548734	4096.7615860000005	4091.646836	4094.810503	4096.266	4098.406	1.0	2.0	1.0	1.0					
4100.456	12.199999999999818	trials	4.0	4107.221812	4108.732043	4110.229688	4111.201106	4106.489464	4109.491223	4111.002	4112.656	1.0	2.0	1.0	1.0					
4116.701	7.444999999999709	trials	4.0	4118.820484	4120.532221	4121.706136000001	4122.744266	4118.085852	4121.000629	4122.531	4124.146	1.0	2.0	1.0	1.0					
4126.171	7.0349999999998545	trials	4.0	4129.549766	4131.473972	4132.338419	4133.210422	4128.921803	4131.590741			1.0	2.0	0.0	3.0					
4135.721	20.451000000000022	trials	4.0	4152.137219	4153.417196			4151.402656	4153.930005			2.0		1.0	1.0					
4160.712	8.72899999999936	trials	4.0	4164.465109000001	4165.937555	4167.084277	4168.081567	4163.805048	4166.331755	4167.861	4169.441	1.0	2.0	1.0	1.0					
4171.462	7.799999999999272	trials	4.0	4175.855885	4177.003214			4175.059495	4177.246696			2.0		1.0	1.0					
4182.805	8.345999999999549	trials	4.0	4185.981218	4187.303401	4188.703391	4189.739484	4185.424914	4188.0263	4189.411	4191.151	1.0	2.0	1.0	1.0					
4194.182	7.939000000000306	trials	4.0	4198.575818	4199.802118	4201.198247	4202.12647	4197.9091100000005	4200.442141			1.0	2.0	0.0	3.0					
4204.564	9.916999999999462	trials	4.0	4210.901165	4212.225325			4210.0379840000005	4212.254698000001			2.0		1.0	1.0					
4217.021	7.920000000000073	trials	4.0	4221.380308	4223.207243	4224.246647	4224.945632	4220.510441	4223.542646			1.0	1.0	0.0	3.0					
4226.614	31.817000000000007	trials	4.0	4255.481294	4256.850601	4258.012648	4258.439792	4254.553465	4257.239623			1.0	1.0	0.0	3.0					
4261.417	12.578999999999724	trials	4.0	4269.941231000001	4271.433429000001			4269.426100000001	4271.762313			2.0		1.0	1.0					
4278.456	10.644999999999527	trials	4.0	4285.121455	4287.126685	4287.986498	4289.108560000001	4284.517039	4287.257056			1.0	2.0	0.0	3.0					
4291.319	10.188999999999396	trials	4.0	4298.3913410000005	4299.702982000001	4300.960387	4301.514284	4297.610014	4300.210918000001			1.0	2.0	0.0	3.0					
4303.277	21.41899999999987	trials	4.0	4320.7061300000005	4322.384124			4319.948704	4322.501038			2.0		1.0	1.0					
4327.201	8.9399999999996	trials	4.0	4330.901952	4332.380419	4333.6640050000005	4334.710729	4330.043483	4332.879162	4334.481	4336.141	1.0	2.0	1.0	1.0					
4340.231	11.045000000000073	trials	4.0	4345.246645	4347.1633520000005	4348.573427	4349.526086	4344.734305	4347.778448	4349.356	4351.276	1.0	2.0	1.0	1.0					
4355.291	7.889999999999418	trials	4.0	4357.576672	4359.437902	4360.61381	4361.649524	4357.065796	4359.844976	4361.316	4363.181	1.0	2.0	1.0	1.0					
4367.197	5.905999999999949	trials	4.0	4369.787012000001	4371.488107	4372.6204960000005	4373.113462	4368.803690000001	4371.8726560000005			1.0	1.0	0.0	3.0					
4375.994	12.202000000000226	trials	4.0	4384.571659	4386.354317	4387.574993	4388.205749000001	4383.8264770000005	4386.746062			1.0	2.0	0.0	3.0					
4390.955	16.71100000000024	trials	4.0	4403.2635040000005	4405.318234			4402.406882	4405.477739			2.0		1.0	1.0					
4410.159	8.747000000000298	trials	4.0	4413.263665	4415.26912	4416.418183	4417.4629700000005	4412.3550860000005	4415.651384000001	4417.361	4418.906	1.0	2.0	1.0	1.0					
4421.962	1872.3289999999997	BlockDesign														1.0	233.0	337.0	50.0	90.0
4421.962	5.099999999999454	trials	5.0	4424.437382	4425.008766			4423.59893	4425.00197			1.0		0.0	2.0					
4430.071	72.85099999999966	trials	5.0	4498.848691	4499.939401	4501.037129	4501.542608	4498.061734	4500.38122	4501.716	4502.922	1.0	1.0	1.0	1.0					
4506.051	9.2549999999992	trials	5.0	4510.577558	4511.780809	4512.831119	4513.699966	4509.811304	4512.116042	4513.506	4515.306	1.0	1.0	1.0	1.0					
4519.341	6.411000000000058	trials	5.0	4522.132342	4523.748616			4521.17126	4523.738762			1.0		0.0	2.0					
4529.776	10.94000000000051	trials	5.0	4535.162717	4536.51968	4537.813664	4538.558891000001	4534.157476	4537.0502830000005	4538.401	4540.716	1.0	2.0	1.0	1.0					
4544.781	9.824999999999818	trials	5.0	4549.603045	4551.312109	4552.247176	4553.176279	4548.95465	4551.51926	4552.991	4554.606	1.0	2.0	1.0	1.0					
4557.656	6.295000000000073	trials	5.0	4560.332654	4561.95047			4559.654915	4561.943792			1.0		0.0	2.0					
4565.962	14.318999999999505	trials	5.0	4575.028381	4577.043179	4577.812274	4578.865759	4574.317195	4577.194303	4578.441	4580.281	1.0	2.0	1.0	1.0					
4584.351	6.695999999999913	trials	5.0	4587.393038	4589.1341	4590.377518	4591.058562	4586.821141	4589.623897			1.0	1.0	0.0	3.0					
4593.712	25.35399999999936	trials	5.0	4615.467458	4617.065804			4614.7121210000005	4617.054949			1.0		0.0	2.0					
4622.117	20.993999999999687	trials	5.0	4638.877762	4640.7521050000005			4638.273685	4640.983552			2.0		1.0	1.0					
4645.536	10.051000000000386	trials	5.0	4650.453206	4652.137198	4653.11923	4654.162403	4649.448566	4652.330288	4653.877	4655.587	1.0	2.0	1.0	1.0					
4659.606	8.288000000000466	trials	5.0	4664.253154	4665.383297			4663.732537	4665.711824			2.0		1.0	1.0					
4671.467	9.819000000000415	trials	5.0	4676.048208	4677.527338	4678.885706	4679.862607	4675.399129	4678.125728	4679.566	4681.286	1.0	2.0	1.0	1.0					
4684.396	7.592000000000553	trials	5.0	4688.3828300000005	4689.944899			4687.5261980000005	4689.93691			1.0		0.0	2.0					
4694.045	20.46100000000024	trials	5.0	4708.413671	4710.049897	4714.030504	4714.516001	4707.547615	4710.474599			1.0	1.0	0.0	3.0					
4716.383	27.62800000000061	trials	5.0	4737.383107	4739.3160880000005	4740.415478	4741.444601	4736.6890300000005	4739.69084	4741.176	4744.011	1.0	2.0	1.0	1.0					
4748.046	13.134999999999309	trials	5.0	4756.999009	4758.927401			4756.3679090000005	4759.1623150000005			2.0		1.0	1.0					
4763.703	9.651999999999134	trials	5.0	4769.600509	4771.469935	4772.711568000001	4773.366448000001	4768.897870000001	4771.919761			1.0	2.0	0.0	3.0					
4777.055	16.97099999999955	trials	5.0	4790.1155420000005	4792.025816			4789.333132	4792.015631			1.0		0.0	2.0					
4798.081	20.894999999999527	trials	5.0	4815.038953	4816.170639			4814.459479	4816.808041			2.0		1.0	1.0					
4821.536	9.529999999999745	trials	5.0	4825.963863	4827.764201	4828.622518	4829.644765	4825.177156	4827.7633670000005	4829.366	4831.066	1.0	2.0	1.0	1.0					
4834.136	7.326000000000022	trials	5.0	4838.269736	4839.466057	4840.2622280000005	4840.525745	4837.267085	4839.461332			1.0		0.0	2.0					
4843.471	20.600000000000364	trials	5.0	4860.409214	4861.516477			4859.876941	4861.937413			2.0		1.0	1.0					
4866.606	19.6850000000004	trials	5.0	4880.914531	4882.043002	4883.557032000001	4884.633623	4880.165917	4882.781605	4884.356	4886.291	1.0	2.0	1.0	1.0					
4888.353	9.399000000000342	trials	5.0	4894.516159000001	4895.751416			4893.610937	4895.745695			2.0		0.0	2.0					
4899.811	13.725000000000364	trials	5.0	4908.137573	4909.517606	4910.913484000001	4911.934456	4907.622301	4910.159674	4911.728	4913.536	1.0	2.0	1.0	1.0					
4916.633	8.648000000000138	trials	5.0	4921.390943	4923.285857			4920.423148	4923.278294			1.0		0.0	2.0					
4929.288	20.343000000000757	trials	5.0	4943.714578	4945.502527000001	4947.033143000001	4948.1338670000005	4942.887079	4946.293648	4947.741	4949.631	1.0	2.0	1.0	1.0					
4952.699	15.122000000000298	trials	5.0	4963.57048	4965.26123			4962.605795	4965.571073			2.0		1.0	1.0					
4972.386	9.819999999999709	trials	5.0	4977.85711	4979.603135			4977.3327580000005	4979.998024			2.0		1.0	1.0					
4985.656	10.806000000000495	trials	5.0	4991.410183	4992.546367	4993.828538	4994.734495000001	4990.658926	4993.118129	4994.486	4996.462	1.0	1.0	1.0	1.0					
5000.301	12.849999999999454	trials	5.0	5009.2852060000005	5010.846362			5008.641485	5011.045315			2.0		1.0	1.0					
5017.703	10.218999999999141	trials	5.0	5024.085122	5025.832609			5023.12996	5025.781767			2.0		1.0	1.0					
5031.361	10.569999999999709	trials	5.0	5036.186774	5037.287318000001	5038.759487	5039.802728000001	5035.479907	5038.039883	5039.536	5041.931	1.0	2.0	1.0	1.0					
5044.665	8.890999999999622	trials	5.0	5050.335361	5052.21197	5053.075079	5053.568212	5049.670975	5052.407264			1.0	1.0	0.0	3.0					
5056.446	11.766000000000531	trials	5.0	5064.670445	5066.212279			5063.773778000001	5066.209706			2.0		0.0	2.0					
5070.221	17.25	trials	5.0	5082.460358	5083.928716	5085.111412	5085.8819060000005	5081.698582	5084.395397	5085.981	5087.471	1.0	2.0	1.0	1.0					
5091.511	9.859999999999673	trials	5.0	5095.651144	5097.54659	5098.395107	5099.193637	5094.938354	5097.66745	5099.066	5101.371	1.0	1.0	1.0	1.0					
5105.111	6.859999999999673	trials	5.0	5108.385134	5109.412819			5107.393958000001	5109.864259			2.0		1.0	1.0					
5115.561	5.555000000000291	trials	5.0	5117.892404	5119.587447	5120.553321	5121.126312	5117.38424	5119.855545			1.0	1.0	0.0	3.0					
5122.921	25.750999999999294	trials	5.0	5145.227184	5146.672603			5144.243104	5146.665829			1.0		0.0	2.0					
5152.678	18.00799999999981	trials	5.0	5165.666117000001	5166.707528000001	5168.106181	5169.251006	5164.710831	5167.307289	5168.837	5170.686	1.0	2.0	1.0	1.0					
5173.743	12.277999999999338	trials	5.0	5181.201128000001	5182.275507	5183.690627	5184.527957	5180.496495	5182.931294	5184.486	5186.021	1.0	2.0	1.0	1.0					
5188.084	9.457000000000335	trials	5.0	5191.702021	5193.061257	5194.648873	5195.719608	5191.174262	5193.861203	5195.396	5197.541	1.0	2.0	1.0	1.0					
5199.586	7.759999999999309	trials	5.0	5203.46119	5205.288503	5206.293033	5206.401443000001	5202.765530000001	5205.277243			1.0		0.0	2.0					
5211.398	15.608000000000175	trials	5.0	5221.430654	5222.652729	5224.427922000001	5225.545211000001	5220.846926	5223.485163	5225.096	5227.006	1.0	2.0	1.0	1.0					
5229.071	7.425000000000182	trials	5.0	5233.211411	5234.737451	5235.811219	5236.506136	5232.489532	5235.042282			1.0	1.0	0.0	3.0					
5238.168	18.45300000000043	trials	5.0	5251.3265360000005	5252.6777839999995	5254.1306	5255.0341339999995	5250.694438	5253.295316	5254.946	5256.621	1.0	2.0	1.0	1.0					
5258.681	9.660000000000764	trials	5.0	5263.211152	5264.483686	5265.754677000001	5266.6208050000005	5262.368904000001	5265.039562	5266.681	5268.341	1.0	2.0	1.0	1.0					
5271.361	7.609999999999673	trials	5.0	5273.411747	5274.656498	5276.052062000001	5277.112325	5272.76284	5275.357607	5276.716	5278.971	1.0	2.0	1.0	1.0					
5281.024	10.211999999999534	trials	5.0	5285.60354	5287.274131	5288.846215	5289.662441	5285.091125000001	5287.985278	5289.661	5291.236	1.0	2.0	1.0	1.0					
5295.254	6.311999999999898	trials	5.0	5297.687897	5298.703409			5297.139209000001	5299.281019			2.0		1.0	1.0					
5305.027	7.9350000000004	trials	5.0	5307.66215	5308.946516	5310.35386	5311.3111850000005	5307.120094	5309.588936	5310.971	5312.962	1.0	2.0	1.0	1.0					
5314.985	12.267000000000735	trials	5.0	5321.893112	5323.198753000001	5326.698559	5327.263594	5321.095477000001	5323.553639			1.0	1.0	0.0	3.0					
5329.011	14.639999999999418	trials	5.0	5339.596341	5341.0934560000005			5338.947191	5341.557521000001			2.0		1.0	1.0					
5346.244	13.697000000000116	trials	5.0	5354.426915	5355.963955	5357.285477	5358.472955	5353.832055000001	5356.5937699999995	5358.047	5359.941	1.0	2.0	1.0	1.0					
5361.993	8.384000000000015	trials	5.0	5365.207021	5366.341514	5367.588325000001	5368.61154	5364.70096	5366.837269	5368.341	5370.377	1.0	2.0	1.0	1.0					
5374.291	11.034999999999854	trials	5.0	5381.353581	5382.591089	5384.275409	5385.2927660000005	5380.654286	5383.4510119999995			1.0	2.0	1.0	1.0					
5389.896	87.42000000000007	trials	5.0	5472.282595000001	5474.004650000001	5475.080234	5475.8080549999995	5471.357153000001	5474.357889000001	5475.721	5477.316	1.0	2.0	1.0	1.0					
5481.381	11.849999999999454	trials	5.0	5488.0073090000005	5489.353861	5490.623171	5491.644859	5487.380075	5489.850771	5491.297	5493.231	1.0	2.0	1.0	1.0					
5497.297	12.929000000000087	trials	5.0	5501.922385	5503.88713	5508.193897	5508.730199	5501.302436	5504.03726	5508.861	5510.226	1.0	1.0	1.0	1.0					
5513.291	9.804999999999382	trials	5.0	5520.0123459999995	5521.133027	5522.425955000001	5523.111094	5519.474287	5521.696405000001			1.0	1.0	0.0	3.0					
5524.776	15.989999999999782	trials	5.0	5536.2295300000005	5538.267158000001			5535.540578	5538.520805			2.0		1.0	1.0					
5543.371	12.144999999999527	trials	5.0	5551.5488860000005	5553.521672000001			5550.677971	5553.513356			2.0		0.0	2.0					
5559.557	13.989999999999782	trials	5.0	5568.318623	5570.169771000001	5571.183638	5572.058089	5567.746045	5570.489459	5571.986	5573.547	1.0	2.0	1.0	1.0					
5576.562	7.014000000000124	trials	5.0	5579.81489	5581.379532000001	5582.522516	5583.4144479999995	5579.113729000001	5581.815154			1.0	1.0	1.0	1.0					
5588.051	13.019999999999527	trials	5.0	5596.887844000001	5598.513817			5595.925913	5598.793013			2.0		1.0	1.0					
5604.576	7.140000000000327	trials	5.0	5608.683007	5610.019924	5611.210978	5611.729825	5607.919553	5610.478168			1.0	1.0	0.0	3.0					
5614.521	23.856000000000677	trials	5.0	5633.057882	5634.752075	5635.866089	5636.974822	5632.43386	5635.067308	5636.701	5638.377	1.0	2.0	1.0	1.0					
5641.439	20.891999999999825	trials	5.0	5657.243572	5658.576041	5659.548674	5660.641904	5656.2999039999995	5658.745446000001	5660.401	5662.331	1.0	2.0	1.0	1.0					
5664.398	10.023999999999432	trials	5.0	5669.183245	5670.515147	5671.729144000001	5672.76543	5668.4320640000005	5671.006618	5672.502	5674.422	1.0	2.0	1.0	1.0					
5677.486	7.391000000000531	trials	5.0	5681.029314	5682.380236			5680.442995	5682.647587			2.0		1.0	1.0					
5688.401	8.226000000000568	trials	5.0	5691.29384	5692.771993	5693.818748	5694.980888	5690.686472	5693.110322	5694.508	5696.627	1.0	2.0	1.0	1.0					
5698.737	9.118999999999687	trials	5.0	5704.638654	5705.861851			5703.764767000001	5705.856035000001			1.0		0.0	2.0					
5711.866	18.36499999999978	trials	5.0	5727.454250000001	5728.236833000001			5726.583919000001	5728.233969000001			1.0		0.0	2.0					
5732.261	33.17499999999927	trials	5.0	5759.949205000001	5761.789535	5762.732054	5763.777404	5758.991067000001	5762.034680000001	5763.462	5765.436	1.0	2.0	1.0	1.0					
5768.511	8.035999999999149	trials	5.0	5770.799006	5772.725435	5773.838417000001	5774.918084000001	5770.246808	5773.108076	5774.526	5776.547	1.0	1.0	1.0	1.0					
5778.639	12.416999999999462	trials	5.0	5785.949321	5787.211079000001	5788.345415	5789.320797	5785.087901000001	5787.58607	5789.016	5791.056	1.0	1.0	1.0	1.0					
5793.121	11.574999999999818	trials	5.0	5799.5825079999995	5801.272315	5802.658667	5803.009725	5798.9322489999995	5801.611217			2.0		0.0	4.0					
5807.704	17.032000000000153	trials	5.0	5820.271157	5821.401035000001	5822.638591000001	5823.363876	5819.710498	5821.925065	5823.476	5824.736	1.0	2.0	1.0	1.0					
5828.756	10.634999999999309	trials	5.0	5833.660898	5835.6070070000005	5836.579306	5837.640547	5833.039264	5835.857545000001	5837.321	5839.391	1.0	2.0	1.0	1.0					
5842.411	13.720000000000255	trials	5.0	5849.679608	5851.33153	5852.446331	5853.216754	5849.005450000001	5851.6846000000005	5853.216	5856.131	1.0	2.0	1.0	1.0					
5859.186	11.855000000000473	trials	5.0	5865.530081000001	5867.344825	5868.637756	5869.416467	5864.784713	5867.915216	5869.481	5871.041	1.0	2.0	1.0	1.0					
5874.066	8.570000000000618	trials	5.0	5877.316042	5878.679743000001	5879.814212	5880.806518	5876.665546	5879.083491	5880.556	5882.636	1.0	2.0	1.0	1.0					
5884.672	10.40900000000056	trials	5.0	5889.151136	5890.875803000001	5892.083852	5893.077433	5888.508981	5891.237884	5892.866	5895.081	1.0	2.0	1.0	1.0					
5898.116	9.412000000000262	trials	5.0	5904.170177	5905.491461			5903.359145	5905.481926			1.0		0.0	2.0					
5910.581	16.70799999999963	trials	5.0	5923.191527	5924.790427			5922.640135	5925.1901689999995			2.0		1.0	1.0					
5930.851	10.079999999999927	trials	5.0	5936.5668590000005	5938.433855			5935.643405000001	5938.706708			2.0		1.0	1.0					
5943.497	9.308999999999287	trials	5.0	5948.0308509999995	5949.136037	5950.339199	5951.241074	5947.326863	5949.593878	5951.002	5952.806	1.0	2.0	1.0	1.0					
5954.841	8.30999999999949	trials	5.0	5959.330529000001	5960.64754			5958.498573000001	5961.014288			2.0		1.0	1.0					
5965.697	7.724999999999454	trials	5.0	5970.397294	5971.8296900000005	5972.766244	5973.434474	5969.456796	5972.066075000001			1.0	1.0	0.0	3.0					
5977.121	12.71600000000035	trials	5.0	5984.615455	5985.77931	5987.179753	5988.344991	5983.728689	5986.410812	5988.076	5989.837	1.0	2.0	1.0	1.0					
5993.902	15.144999999999527	trials	5.0	6006.076025	6007.476704000001	6008.6134	6009.061454000001	6005.369914000001	6007.801100000001			1.0	1.0	0.0	3.0					
6012.931	9.7450000000008	trials	5.0	6019.960375000001	6021.37055	6022.31567	6022.641933000001	6019.179998	6021.62953			1.0	1.0	0.0	3.0					
6024.631	125.35099999999966	trials	5.0	6146.161637	6147.669096			6145.316	6147.870756			2.0		1.0	1.0					
6152.549	8.631999999999607	trials	5.0	6156.016445	6157.408529	6158.363157	6159.269205	6155.171136	6157.562253	6159.011	6161.181	1.0	2.0	1.0	1.0					
6165.252	4.835000000000036	trials	5.0	6167.052707	6168.335454	6169.4611350000005	6170.08837	6165.999957	6168.760743			1.0	2.0	0.0	3.0					
6173.826	15.104999999999563	trials	5.0	6184.961412	6186.417884			6184.186679	6186.684723			2.0		1.0	1.0					
6193.461	9.518000000000029	trials	5.0	6197.902717	6199.1287250000005	6200.470501	6201.432933	6196.976898	6199.741756	6201.206	6202.979	1.0	2.0	1.0	1.0					
6205.996	11.704999999999927	trials	5.0	6212.146881	6213.479796	6214.782197	6215.799753	6211.420486	6213.997872	6215.422	6217.701	1.0	2.0	1.0	1.0					
6220.716	10.714999999999236	trials	5.0	6225.972357	6227.790948	6228.916701	6229.850033	6225.321806	6228.17577	6229.712	6231.431	1.0	2.0	1.0	1.0					
6235.497	17.698999999999614	trials	5.0	6248.0620850000005	6249.122595	6250.754344	6251.566487	6247.2968120000005	6249.9742750000005	6251.651	6253.196	1.0	2.0	1.0	1.0					
6255.296	12.253999999999905	trials	5.0	6262.057569	6263.994708	6264.946433	6265.954977	6261.381687	6264.168005	6265.871	6267.55	1.0	2.0	1.0	1.0					
6271.572	22.71900000000005	trials	5.0	6288.543873	6290.399108	6291.802844	6292.7993480000005	6287.967411	6291.022347	6292.506	6294.291	1.0	2.0	1.0	1.0					
6297.338	1851.563	BlockDesign														1.0	338.0	430.0	90.0	50.0
6297.338	9.677999999999884	trials	6.0	6303.429012	6305.010807			6302.461637	6305.007979			2.0		0.0	2.0					
6311.024	19.80699999999979	trials	6.0	6325.937361	6327.224301	6328.298854	6329.238976	6325.309919	6327.598865	6329.127	6330.831	1.0	2.0	1.0	1.0					
6333.901	10.226000000000568	trials	6.0	6340.017428	6341.817647			6339.215172	6341.908915			2.0		1.0	1.0					
6346.706	13.61999999999989	trials	6.0	6354.912294	6356.44683	6357.632579	6358.713615	6353.927448	6356.875379	6358.252	6360.326	1.0	2.0	1.0	1.0					
6364.443	7.938000000000102	trials	6.0	6367.737927	6368.874009	6370.034795	6370.8085200000005	6367.004391	6369.24231	6370.726	6372.381	1.0	1.0	1.0	1.0					
6376.443	7.563000000000102	trials	6.0	6379.852968	6381.430122			6379.324083	6381.813118			2.0		1.0	1.0					
6387.526	7.199999999999818	trials	6.0	6391.429263	6392.744196	6393.976441	6394.728764	6390.571686	6393.1609100000005			1.0	2.0	0.0	3.0					
6396.316	26.840000000000146	trials	6.0	6417.877401	6419.546073	6420.660936	6421.462871	6417.289511	6419.958063	6421.476	6423.156	1.0	1.0	1.0	1.0					
6425.196	10.045000000000073	trials	6.0	6431.469592	6433.235747			6430.496856	6433.227771			1.0		0.0	2.0					
6437.301	14.245999999999185	trials	6.0	6448.393267	6450.057212	6451.025843	6451.552536	6447.638115	6450.317153			1.0	2.0	0.0	3.0					
6453.351	82.11100000000079	trials	6.0	6531.127076	6532.845693			6530.123733	6533.169492			2.0		1.0	1.0					
6539.907	10.35400000000027	trials	6.0	6546.338266	6547.70033			6545.362485	6548.066798			2.0		1.0	1.0					
6553.786	8.265000000000327	trials	6.0	6556.559105	6558.525697	6559.591391	6560.4447820000005	6555.911416	6558.865116	6560.351	6562.051	1.0	2.0	1.0	1.0					
6565.071	7.774999999999636	trials	6.0	6569.353839	6570.721679	6571.914184	6572.851251	6568.63563	6571.167294			1.0	2.0	0.0	3.0					
6576.236	7.930000000000291	trials	6.0	6580.555137	6582.520601	6583.672164	6584.170623	6580.010241	6582.931836			1.0	2.0	0.0	3.0					
6587.041	62.039999999999964	trials	6.0	6644.260319	6645.920612	6646.972529	6647.654416	6643.423353	6646.228185	6624.101	6649.081	1.0	2.0	1.0	1.0					
6652.151	7.619999999999891	trials	6.0	6654.579372	6655.887574	6657.173247	6658.17523	6653.911875	6656.373602	6657.922	6659.771	1.0	2.0	1.0	1.0					
6662.791	8.734999999999673	trials	6.0	6666.36435	6668.353788	6669.159684	6670.14129	6665.835111	6668.409968	6669.856	6671.526	1.0	2.0	1.0	1.0					
6673.547	7.580000000000837	trials	6.0	6677.3740020000005	6678.545558			6676.374702	6678.901431			2.0		1.0	1.0					
6683.672	7.596000000000458	trials	6.0	6687.939843	6689.814939	6690.693801	6691.273336	6687.146372	6689.845721			1.0	2.0	0.0	3.0					
6693.106	21.545000000000073	trials	6.0	6709.680953	6710.722732	6711.990578	6712.758806	6708.941235	6711.292584	6712.676	6714.651	1.0	2.0	1.0	1.0					
6718.717	6.2390000000004875	trials	6.0	6721.159184	6722.897118			6720.342789	6722.891348			1.0		0.0	2.0					
6728.977	15.275000000000546	trials	6.0	6738.964646	6740.001152	6741.677492	6742.400106	6738.392519	6740.979056	6742.436	6744.252	1.0	1.0	1.0	1.0					
6747.067	10.944000000000415	trials	6.0	6752.854705	6754.546496	6755.512704	6756.304106	6752.344402	6754.815828	6756.266	6758.011	1.0	1.0	1.0	1.0					
6760.031	8.6850000000004	trials	6.0	6763.556132	6765.166475	6765.898673	6766.676469	6762.661599	6765.224217	6766.666	6768.716	1.0	1.0	1.0	1.0					
6772.746	7.239999999999782	trials	6.0	6776.264954	6777.933733			6775.614777	6777.921825			1.0		0.0	2.0					
6783.045	17.251999999999498	trials	6.0	6795.060294	6796.67454	6797.995928	6798.771824	6794.145794	6797.122704	6798.811	6800.297	1.0	2.0	1.0	1.0					
6802.321	10.949999999999818	trials	6.0	6808.069968	6809.801511	6810.81992	6811.687976	6807.0849259999995	6810.1099460000005	6811.496	6813.271	1.0	1.0	1.0	1.0					
6816.341	9.0649999999996	trials	6.0	6820.060084	6822.026083	6822.83646	6823.679927	6819.0681110000005	6822.110464	6823.611	6825.406	1.0	1.0	1.0	1.0					
6827.47	5.970999999999549	trials	6.0	6830.289894	6832.09539	6833.003614	6833.447199	6829.57956	6832.219967			1.0	2.0	0.0	3.0					
6836.361	21.949999999999818	trials	6.0	6854.789789	6856.282033			6853.790217	6856.269944			1.0		0.0	2.0					
6861.321	12.865999999999985	trials	6.0	6868.995	6870.380228	6871.6707989999995	6872.647589	6868.098332	6871.01795	6872.391	6874.187	1.0	1.0	1.0	1.0					
6877.201	7.789999999999964	trials	6.0	6880.946589	6882.381827			6880.248636	6882.746945			2.0		1.0	1.0					
6887.451	10.114999999999782	trials	6.0	6894.261864	6895.3225170000005	6896.985441	6897.571972	6893.413512	6896.074209			1.0	2.0	0.0	3.0					
6899.311	21.704999999999927	trials	6.0	6916.075557	6917.210049	6918.509566	6919.187949	6915.391455	6917.8108950000005	6919.226	6921.016	1.0	1.0	1.0	1.0					
6925.108	9.144000000000233	trials	6.0	6929.901095	6931.877766			6929.236407	6931.902779			2.0		1.0	1.0					
6936.715	11.180999999999585	trials	6.0	6941.856153	6943.77725	6945.197129	6946.456766	6941.020517	6944.452758	6946.066	6947.896	1.0	2.0	1.0	1.0					
6951.911	22.274999999999636	trials	6.0	6969.66542	6970.767638	6971.782659	6972.567765	6969.070965	6970.959662	6972.521	6974.186	1.0	1.0	1.0	1.0					
6977.252	265.47399999999925	trials	6.0	7239.237368	7241.028999	7242.0280999999995	7242.735012	7238.510643	7241.3145			1.0	1.0	0.0	3.0					
7246.351	9.015000000000327	trials	6.0	7250.962209	7252.859258			7250.362856	7253.301479			2.0		1.0	1.0					
7259.944	5.131999999999607	trials	6.0	7261.934139	7263.229407	7264.544129	7265.084012	7261.207308	7263.769071			1.0	2.0	0.0	3.0					
7266.916	15.1899999999996	trials	6.0	7277.568072	7278.704186	7279.9060979999995	7280.546432	7277.043602	7279.262195	7280.611	7282.106	1.0	1.0	1.0	1.0					
7284.127	10.212999999999738	trials	6.0	7290.363123	7291.52967			7289.459898	7292.194386			2.0		1.0	1.0					
7297.941	6.855999999999767	trials	6.0	7300.143213	7301.438445	7302.504785	7303.23275	7299.286871	7301.7979589999995	7303.221	7304.797	1.0	1.0	1.0	1.0					
7308.816	8.890000000000327	trials	6.0	7312.957541	7314.088938	7315.149381	7315.987293	7312.254885	7314.485141	7315.877	7317.706	1.0	1.0	1.0	1.0					
7321.631	9.299999999999272	trials	6.0	7326.122424	7327.395078	7328.386233	7329.233688	7325.274266	7327.614003000001	7329.141	7330.931	1.0	2.0	1.0	1.0					
7334.97	5.484999999999673	trials	6.0	7337.217568	7338.9849	7339.732545	7340.458406	7336.2916860000005	7339.019732			1.0	1.0	0.0	3.0					
7342.101	24.289999999999964	trials	6.0	7360.713462	7362.549783	7363.280917	7364.2502779999995	7359.968544	7362.605264	7363.986	7366.391	1.0	1.0	1.0	1.0					
7368.452	12.233999999999469	trials	6.0	7375.613205	7377.284729	7378.188932	7379.047323	7374.787023	7377.450305	7378.996	7380.686	1.0	1.0	1.0	1.0					
7383.716	7.214999999999236	trials	6.0	7387.167665	7388.8752779999995			7386.214689	7388.867571			1.0		0.0	2.0					
7393.941	84.73500000000058	trials	6.0	7474.934743	7476.069212			7474.148058	7476.534762			2.0		1.0	1.0					
7483.191	6.335000000000036	trials	6.0	7485.2036960000005	7486.972612			7484.573043	7487.266706			2.0		1.0	1.0					
7494.061	8.25	trials	6.0	7496.993461	7498.829349	7499.856126000001	7500.879414	7496.1086510000005	7499.053629	7500.656	7502.311	1.0	2.0	1.0	1.0					
7506.386	6.326000000000022	trials	6.0	7509.423696	7510.715607			7508.451003	7510.710225			2.0		0.0	2.0					
7516.762	17.649000000000342	trials	6.0	7524.0434239999995	7525.672695	7532.16303	7532.884923	7523.1807420000005	7526.224418	7532.811	7534.411	1.0	1.0	1.0	1.0					
7537.427	9.61999999999989	trials	6.0	7544.364101	7545.731166	7546.489184	7547.059193	7543.4221259999995	7545.825395			1.0	1.0	0.0	3.0					
7549.853	14.44800000000032	trials	6.0	7560.004149	7561.731269			7559.381875	7562.067881			2.0		1.0	1.0					
7567.777	6.543999999999869	trials	6.0	7571.140961	7572.39245	7573.659863	7574.329262	7570.176068	7572.910017			1.0	2.0	0.0	3.0					
7577.971	21.645000000000437	trials	6.0	7595.12922	7597.0459630000005			7594.2934079999995	7597.346479			2.0		1.0	1.0					
7603.066	8.010000000000218	trials	6.0	7606.239753	7607.425668	7608.815715	7609.656113	7605.700872	7608.054357	7609.401	7611.076	1.0	2.0	1.0	1.0					
7615.138	7.618000000000393	trials	6.0	7618.810793000001	7620.162634			7618.080983	7620.478102			2.0		1.0	1.0					
7627.261	9.419999999999163	trials	6.0	7631.844102	7633.351499	7634.404533	7635.115436	7631.195015	7633.729058	7635.122	7636.681	1.0	1.0	1.0	1.0					
7638.701	11.4399999999996	trials	6.0	7645.270632	7646.871198	7647.725664	7648.5877789999995	7644.351791	7647.017019	7648.446	7650.141	1.0	1.0	1.0	1.0					
7652.196	12.645000000000437	trials	6.0	7660.150047	7661.426759	7662.306506	7663.1320940000005	7659.257657	7661.628791	7663.081	7664.841	1.0	1.0	1.0	1.0					
7666.871	9.769999999999527	trials	6.0	7671.735085	7672.7511269999995	7674.300179	7675.007423	7670.958087	7673.313888000001	7675.087	7676.641	1.0	1.0	1.0	1.0					
7680.706	6.434999999999491	trials	6.0	7683.304331	7685.14329			7682.66748	7685.137737			1.0		0.0	2.0					
7689.151	17.730000000000473	trials	6.0	7703.394966	7705.181099	7706.218073	7706.893943	7702.817004	7705.499693			1.0	2.0	0.0	3.0					
7708.542	31.0049999999992	trials	6.0	7734.895487	7736.393343	7737.380402	7738.095284	7734.2282350000005	7736.667805	7738.087	7739.547	1.0	1.0	1.0	1.0					
7742.586	8.532000000000153	trials	6.0	7747.754996	7749.076608			7746.913731000001	7749.0654859999995			1.0		0.0	2.0					
7753.131	29.0649999999996	trials	6.0	7778.33525	7780.13639			7777.519629	7780.182876			2.0		1.0	1.0					
7786.721	5.940000000000509	trials	6.0	7788.995232	7790.662275000001			7788.243135	7790.658203			1.0		0.0	2.0					
7795.672	10.109000000000378	trials	6.0	7800.491112	7801.732381	7803.542366	7804.397201	7799.976683	7802.862507	7805.516	7805.781	1.0	2.0	1.0	1.0					
7807.158	16.162999999999556	trials	6.0	7817.545237	7819.35753	7820.551521	7821.3898420000005	7816.735568	7819.816605	7821.266	7823.321	1.0	1.0	1.0	1.0					
7826.356	12.152000000000044	trials	6.0	7833.040886	7835.326349	7836.042389	7836.769708	7832.516858	7835.34878	7836.752	7838.508	1.0	1.0	1.0	1.0					
7840.587	10.828999999999724	trials	6.0	7846.220145	7847.676714	7848.807984	7849.442069	7845.44745	7848.068748	7849.431	7851.416	1.0	1.0	1.0	1.0					
7854.144	8.471999999999753	trials	6.0	7857.250566	7859.032641	7860.098198	7860.961056	7856.580138	7859.392568	7860.726	7862.616	1.0	1.0	1.0	1.0					
7864.676	10.373999999999796	trials	6.0	7870.235720000001	7871.486261	7872.151497	7873.11302	7869.344837000001	7871.426982	7872.801	7875.05	1.0	1.0	1.0	1.0					
7877.796	12.500999999999294	trials	6.0	7886.505906	7887.994422			7885.5199410000005	7888.196828			2.0		1.0	1.0					
7893.777	18.661000000000058	trials	6.0	7908.6963080000005	7910.394305			7907.952501	7910.385867			1.0		0.0	2.0					
7914.497	16.389000000000124	trials	6.0	7926.146325	7927.334451	7928.3183850000005	7929.293909	7925.307854000001	7927.664873	7929.026	7930.886	1.0	2.0	1.0	1.0					
7932.906	7.721000000000458	trials	6.0	7936.47071	7938.128753			7935.569099	7938.381871			2.0		1.0	1.0					
7944.167	4.573999999999614	trials	6.0	7945.852664	7946.739387			7944.8529770000005	7946.731668			1.0		0.0	2.0					
7951.752	34.48399999999947	trials	6.0	7982.001203	7983.66723			7981.066577	7984.049226			2.0		1.0	1.0					
7988.736	8.601000000000568	trials	6.0	7994.227959	7995.427626000001	7996.761576	7997.348466	7993.450289	7996.021986			1.0	2.0	0.0	3.0					
8001.091	18.289999999999964	trials	6.0	8014.636587	8016.023702	8017.0715660000005	8017.792967	8014.022732	8016.4223010000005	8017.851	8019.381	1.0	1.0	1.0	1.0					
8022.397	8.69000000000051	trials	6.0	8027.78214	8029.038711			8026.912064	8029.030285			1.0		0.0	2.0					
8035.102	21.894000000000233	trials	6.0	8048.8970389999995	8050.441647	8054.609346	8055.526037	8048.131063	8050.737489	8055.381	8056.996	1.0	1.0	1.0	1.0					
8060.016	6.440000000000509	trials	6.0	8062.801755	8064.50328	8065.50677	8066.467868	8062.27949	8064.836187			1.0	1.0	0.0	3.0					
8068.871	12.954999999999927	trials	6.0	8078.3819650000005	8079.893705	8081.188923	8081.840997	8077.665927	8080.394487			1.0	1.0	0.0	3.0					
8083.559	26.72699999999986	trials	6.0	8105.397431	8106.668802	8107.794063	8108.591829	8104.612539	8107.104403	8108.471	8110.286	1.0	1.0	1.0	1.0					
8113.312	9.484999999999673	trials	6.0	8118.636558	8120.7357			8117.748425	8120.708334			2.0		1.0	1.0					
8127.252	6.326999999999316	trials	6.0	8129.242806	8131.078946			8127.697559	8131.337226			2.0		1.0	1.0					
8138.138	10.76299999999992	trials	6.0	8143.4022860000005	8145.152984	8146.097088	8146.985055	8142.657021	8145.497429	8146.816	8148.901	1.0	1.0	1.0	1.0					
8152.976	8629.315000000002	BlockDesign														1.0	431.0	634.0	10.0	50.0
8152.976	6.664999999999964	trials	7.0	8156.447537	8157.99758	8158.997531	8159.653007	8155.477965	8158.282937			1.0	1.0	0.0	3.0					
8161.341	14.929999999999382	trials	7.0	8170.817800000001	8172.784263	8173.847616	8174.748848	8170.245927	8173.133822	8174.436	8176.271	1.0	1.0	1.0	1.0					
8179.297	10.109000000000378	trials	7.0	8186.353799	8187.745926	8188.873742	8189.417817	8185.841533000001	8188.219511			1.0	1.0	0.0	3.0					
8192.241	17.034999999999854	trials	7.0	8204.257202	8205.674412	8206.776026	8207.664354	8203.521303	8206.063793000001	8207.411	8209.276	1.0	2.0	1.0	1.0					
8211.297	9.213999999999942	trials	7.0	8215.939278	8217.940816			8215.304925	8218.274694			2.0		1.0	1.0					
8222.973	9.552999999999884	trials	7.0	8226.693031	8228.403629	8229.328839	8230.13266	8225.823236	8228.531389	8230.031	8232.526	1.0	2.0	1.0	1.0					
8235.551	8.024999999999636	trials	7.0	8237.99749	8239.85211	8240.996977	8241.988102	8237.19055	8240.228286	8241.766	8243.576	1.0	2.0	1.0	1.0					
8245.616	9.114999999999782	trials	7.0	8250.662565	8252.424321			8250.089775	8252.654771			2.0		1.0	1.0					
8259.296	8.126000000000204	trials	7.0	8263.207802	8264.419324999999			8262.414757999999	8265.18905			2.0		1.0	1.0					
8270.941	8.145999999998821	trials	7.0	8274.953076	8276.034715			8274.239527	8276.972699			2.0		1.0	1.0					
8282.616	13.2450000000008	trials	7.0	8292.25787	8293.860777	8295.237805	8295.627062	8291.460447	8293.854787			1.0		0.0	2.0					
8299.917	183.82899999999972	trials	7.0	8478.88844	8480.078181	8481.210319	8481.852951	8477.97501	8480.524946	8481.851	8483.746	1.0	1.0	1.0	1.0					
8487.821	6.924999999999272	trials	7.0	8491.598878	8493.290694	8494.289034	8494.761432	8490.703628	8493.588273			1.0	1.0	0.0	3.0					
8496.661	10.675999999999476	trials	7.0	8503.239639	8504.515353			8502.276375	8505.064326			2.0		1.0	1.0					
8509.831	8.880999999999403	trials	7.0	8515.174263	8516.726358	8518.22985	8518.729767	8514.554578	8517.345573			1.0	2.0	0.0	3.0					
8520.549	136.45699999999852	trials	7.0	8653.014377	8654.086695	8656.431387	8657.023256	8652.247883	8655.073685			1.0	2.0	0.0	3.0					
8660.791	11.235000000000582	trials	7.0	8665.425305	8666.591725	8671.524835	8672.041369999999	8664.842216000001	8666.873037			1.0	1.0	0.0	3.0					
8675.871	15.230000000001382	trials	7.0	8687.155214	8688.548132			8686.228241	8688.815656			2.0		1.0	1.0					
8693.566	7.679999999998472	trials	7.0	8698.04493	8699.19722	8700.787666	8701.262628	8697.307482	8699.970685			1.0	2.0	0.0	3.0					
8704.112	18.48400000000038	trials	7.0	8718.5501	8720.265798	8721.9354	8722.613237	8718.029564	8720.811558			1.0	1.0	0.0	3.0					
8724.294	259.4519999999993	trials	7.0	8981.652479	8981.758217999999			8980.827195	8981.752133			1.0		0.0	2.0					
8987.761	10.524999999999636	trials	7.0	8995.367129	8996.462166000001	8997.724494	8998.302379	8994.435482	8996.92101			1.0	1.0	0.0	3.0					
9001.082	9.699000000000524	trials	7.0	9004.122096	9006.068754	9007.413478999999	9008.153085	9003.502512	9006.181674	9008.002	9010.781	1.0	2.0	1.0	1.0					
9013.872	8.090000000000146	trials	7.0	9018.302461	9019.972841			9017.576541	9019.964421			1.0		0.0	2.0					
9026.01	14.735999999998967	trials	7.0	9033.536928	9034.563153	9040.201605	9040.763445	9033.012894	9034.820156			1.0	1.0	0.0	3.0					
9043.553	2623.638000000001	trials	7.0	11663.242203	11664.800596000001	11666.692187	11667.191335	11662.627	11665.232261000001			1.0	1.0	0.0	3.0					
11670.981	10.284999999999854	trials	7.0	11674.74275	11676.259901	11680.663951	11681.265048000001	11673.9125	11676.79819			1.0	1.0	0.0	3.0					
11684.026	7.264999999999418	trials	7.0	11687.518996	11688.719933			11686.895629999999	11689.106806			2.0		1.0	1.0					
11693.814	8.93199999999888	trials	7.0	11699.109586999999	11701.47272	11702.207432	11702.745971	11698.142136999999	11701.446188			1.0	1.0	0.0	3.0					
11706.541	8.850000000000364	trials	7.0	11712.504789999999	11713.934594	11715.019367	11715.388501	11711.800123	11714.320948			1.0	2.0	0.0	3.0					
11719.356	15.835000000000946	trials	7.0	11732.76806	11733.180338			11732.099512	11733.177026			1.0		0.0	2.0					
11737.201	16.270000000000437	trials	7.0	11750.223141999999	11752.084031	11753.144067000001	11753.428736	11749.656071	11752.371338			1.0	2.0	0.0	3.0					
11755.481	15.64600000000064	trials	7.0	11764.473367	11766.404954	11767.233453	11768.023718	11763.757282999999	11766.450067	11767.877	11771.127	1.0	2.0	1.0	1.0					
11773.152	11.748999999999796	trials	7.0	11781.243062	11782.889663			11780.705548	11782.880462000001			1.0		0.0	2.0					
11786.93	11.876000000000204	trials	7.0	11793.493174	11794.926646	11796.402468	11797.209341	11792.806322	11795.601195	11797.076	11798.806	1.0	2.0	1.0	1.0					
11800.826	9.72400000000016	trials	7.0	11806.058998	11808.03002			11805.256451000001	11808.324137			2.0		1.0	1.0					
11813.066	9.441999999999098	trials	7.0	11818.66792	11820.309752000001	11821.837843000001	11822.509292	11818.067229	11821.039831			1.0	2.0	0.0	3.0					
11826.222	10.655000000000655	trials	7.0	11833.143458	11834.30537	11835.797138	11836.667918	11832.229562	11834.975222000001			1.0	2.0	1.0	1.0					
11839.371	30.860000000000582	trials	7.0	11866.004929	11867.145101			11865.27425	11868.009382			2.0		1.0	1.0					
11872.701	18.445000000001528	trials	7.0	11888.073401	11889.298154	11890.491961	11891.148091	11887.332613	11889.728056			1.0	2.0	0.0	3.0					
11893.831	13.149999999999636	trials	7.0	11903.465504	11905.370537	11906.524397000001	11906.982134	11902.953551	11905.878449			1.0	2.0	0.0	3.0					
11910.902	12.048999999999069	trials	7.0	11917.93441	11919.121026	11920.691252	11921.366284	11917.274318	11919.936655	11921.396	11922.951	1.0	1.0	1.0	1.0					
11927.006	10.485000000000582	trials	7.0	11931.243541	11932.348397	11934.23413	11935.097848	11930.507453	11933.487507	11934.877	11937.491	1.0	2.0	1.0	1.0					
11940.516	7.475000000000364	trials	7.0	11943.509524000001	11945.475972			11942.932728	11945.835458			2.0		1.0	1.0					
11951.561	18.454999999999927	trials	7.0	11965.564376	11967.438355			11964.627503	11967.694174			2.0		1.0	1.0					
11974.471	9.531000000000859	trials	7.0	11978.149439	11979.814255000001	11983.540663	11984.003462	11977.188633	11982.288935			1.0	2.0	0.0	3.0					
11986.891	14.975000000000364	trials	7.0	11995.984197	11997.016894	11998.694071	11999.474314	11995.07935	11997.854144	11999.356	12001.866	1.0	2.0	1.0	1.0					
12004.911	8.175999999999476	trials	7.0	12009.675849	12011.008598	12012.374152	12013.08988	12009.163099	12011.640224			1.0	1.0	0.0	3.0					
12015.706	14.875	trials	7.0	12027.079555	12028.766449	12030.201176	12030.582187	12026.354196	12029.046074			1.0	1.0	0.0	3.0					
12034.579	13.961999999999534	trials	7.0	12042.499034	12044.429543	12045.591994	12046.721467	12041.546801	12044.887417	12046.377	12048.541	1.0	2.0	1.0	1.0					
12051.596	8.175000000001091	trials	7.0	12055.600355	12056.954498			12054.609332	12057.57073			2.0		1.0	1.0					
12063.286	52.524999999999636	trials	7.0	12113.0799	12114.358298	12115.167722	12115.80991	12112.500421	12114.443717			1.0	1.0	0.0	3.0					
12118.516	13.05999999999949	trials	7.0	12128.230165	12129.517106			12127.227106	12129.514289			1.0		0.0	2.0					
12133.587	45.75	trials	7.0	12176.275372	12177.34799	12178.841514	12179.338567	12175.288442000001	12178.111124			1.0	1.0	0.0	3.0					
12181.178	12.01300000000083	trials	7.0	12189.445129	12191.460186	12192.4945	12193.191644	12188.775362	12191.725247			1.0	2.0	0.0	3.0					
12196.821	28.920000000000073	trials	7.0	12221.552111	12222.697342	12223.674481	12224.260186	12220.624491999999	12223.004983	12224.401	12225.741	1.0	1.0	1.0	1.0					
12227.758	11.282999999999447	trials	7.0	12235.360864	12236.782022			12234.434324	12236.997376			2.0		1.0	1.0					
12242.576	6.596000000001368	trials	7.0	12245.451298000002	12246.653807			12244.529214000002	12246.978005			2.0		1.0	1.0					
12253.691	5.125	trials	7.0	12255.556904000001	12256.903208000002	12258.466272000001	12258.813788000001	12254.579988000001	12257.522946000001			1.0	2.0	0.0	3.0					
12261.805	16.171000000000276	trials	7.0	12273.636818	12275.363796000001			12272.636	12275.617226			2.0		1.0	1.0					
12281.471	6.345000000001164	trials	7.0	12284.686685	12286.34098	12287.337687000001	12287.813000000002	12283.789968000001	12286.689948000001			1.0	1.0	0.0	3.0					
12291.68	11.575999999999112	trials	7.0	12297.753813000001	12298.813889000001	12300.764351000002	12301.603257	12297.191174000001	12300.055191000001	12301.436	12303.256	1.0	2.0	1.0	1.0					
12307.291	6.145000000000437	trials	7.0	12310.173116000002	12311.828586000001	12312.948019000001	12313.434395000002	12309.660465	12312.22874			1.0	1.0	0.0	3.0					
12317.341	13.036000000000058	trials	7.0	12324.916610000002	12326.723815000001	12327.634934000002	12328.711667000001	12324.178373	12326.941605000002	12328.261	12330.377	1.0	2.0	1.0	1.0					
12334.401	7.415000000000873	trials	7.0	12338.258046	12339.804670000001	12341.114681000001	12341.336088000002	12337.252071	12339.798457			1.0		0.0	2.0					
12343.826	26.6200000000008	trials	7.0	12366.536798000001	12367.873644000001			12365.630969000002	12368.168378			2.0		1.0	1.0					
12373.917	8.264000000001033	trials	7.0	12379.387413	12380.652182000002	12381.733132000001	12382.178433000001	12378.383892000002	12381.015743000002			1.0	2.0	0.0	3.0					
12386.066	10.020999999998821	trials	7.0	12393.036881000002	12394.304967000002	12395.652960000001	12396.085224	12392.275545	12394.986927000002			1.0	1.0	0.0	3.0					
12397.986	16.839999999998327	trials	7.0	12411.85308	12412.94669	12414.440948000001	12414.826224	12410.86143	12413.31837			1.0	2.0	0.0	3.0					
12417.766	13.470000000001164	trials	7.0	12428.007988000001	12429.274611	12430.738632	12431.235086	12427.04463	12429.688266000001			1.0	1.0	0.0	3.0					
12435.068	155.746000000001	trials	7.0	12586.413134	12587.827658000002	12589.912005000002	12590.814222	12585.895848000002	12589.186831			1.0	1.0	0.0	3.0					
12592.241	9.220999999999549	trials	7.0	12597.578324000002	12599.455256000001			12596.700198	12599.445999000001			1.0		0.0	2.0					
12603.473	9.933000000000902	trials	7.0	12609.818677000001	12611.802878	12612.805862000001	12613.406136000001	12609.121239000002	12612.133699000002			1.0	1.0	0.0	3.0					
12616.136	13.634000000000015	trials	7.0	12625.848688000002	12627.193837			12624.962796000002	12627.486987000002			2.0		1.0	1.0					
12633.281	5.845999999999549	trials	7.0	12635.278605000001	12636.812300000001			12634.364576000002	12637.057205000001			2.0		1.0	1.0					
12642.636	10.609999999998763	trials	7.0	12646.130320000002	12647.605827000001	12652.371863	12653.246577000002	12645.397697	12647.967797000001			1.0	1.0	0.0	3.0					
12654.711	22.31000000000131	trials	7.0	12670.168226000002	12672.075632000002	12674.292050000002	12675.130578000002	12669.459987000002	12673.537170000001	12674.986	12677.021	1.0	2.0	1.0	1.0					
12679.041	6.713999999999942	trials	7.0	12682.639001000001	12684.181197000002	12685.370190000001	12685.734417000001	12681.977004	12684.591434000002			1.0	1.0	0.0	3.0					
12688.712	16.554000000000087	trials	7.0	12701.524313000002	12702.703458000002			12700.824363000002	12703.095341000002			2.0		1.0	1.0					
12707.877	8.273999999999432	trials	7.0	12710.583663000001	12711.666768000001	12713.591544	12714.630591000001	12709.832055	12712.835541	12714.291	12716.151	1.0	2.0	1.0	1.0					
12719.212	7.144000000000233	trials	7.0	12722.689913000002	12724.347020000001			12722.182374000002	12724.332303000001			2.0		0.0	2.0					
12729.371	12.860000000000582	trials	7.0	12738.169130000002	12739.667579			12737.218001000001	12739.933509			2.0		1.0	1.0					
12745.758	8.494000000000597	trials	7.0	12751.168955000001	12752.181520000002	12753.657744000002	12754.250681000001	12750.367965000001	12752.921777000001			1.0	2.0	0.0	3.0					
12756.036	20.23999999999978	trials	7.0	12772.359848000002	12774.26646	12775.877295000002	12776.132928	12771.644244000001	12774.257562			1.0		0.0	2.0					
12778.331	19.735000000000582	trials	7.0	12793.86978	12795.494			12793.133270000002	12795.922300000002			2.0		1.0	1.0					
12802.551	5.855000000001382	trials	7.0	12804.769731	12806.342799000002			12803.78433	12806.335262			2.0		0.0	2.0					
12810.432	13.548999999999069	trials	7.0	12819.180150000002	12820.533331	12821.633781	12822.512780000001	12818.390900000002	12820.894743	12822.426	12823.981	1.0	2.0	1.0	1.0					
12826.002	11.588999999999942	trials	7.0	12832.069797000002	12833.868489	12834.972267000001	12835.988024000002	12831.168036000001	12834.252124	12835.651	12837.591	1.0	2.0	1.0	1.0					
12841.616	4.319999999999709	trials	7.0	12843.359923000002	12844.641297000002	12845.431604000001	12845.938809000001	12842.220375	12844.615851			1.0	1.0	0.0	3.0					
12849.766	15.550000000001091	trials	7.0	12861.730521000001	12863.468823000001	12864.63851	12865.315084000002	12861.085442000001	12863.879903000001			1.0	2.0	0.0	3.0					
12868.971	19.07600000000093	trials	7.0	12881.055255000001	12882.441623	12885.594095	12886.194723	12880.411653000001	12883.164521	12886.281	12888.047	1.0	2.0	1.0	1.0					
12891.106	9.405000000000655	trials	7.0	12896.280356000001	12897.946902000002			12895.62015	12898.216025000002			2.0		1.0	1.0					
12902.993	7.1340000000000146	trials	7.0	12907.200388000001	12908.541480000002	12909.691435	12910.126233	12906.204456000001	12908.988339000001			1.0	1.0	0.0	3.0					
12912.034	13.829999999999927	trials	7.0	12922.789712000002	12924.266997	12925.401633000001	12925.867689	12921.831929000002	12924.679716			1.0	2.0	0.0	3.0					
12929.726	1038.4899999999998	trials	7.0	13965.191616000002	13966.871630000001	13967.709094000002	13968.221568	13964.268072	13966.870025			1.0	1.0	0.0	3.0					
13971.041	11.480000000001382	trials	7.0	13977.146547	13978.778148000001	13980.106232000002	13980.784881000001	13976.425953000002	13979.087166000001	13980.851	13982.521	1.0	1.0	1.0	1.0					
13986.536	6.075000000000728	trials	7.0	13989.411139000002	13990.886600000002	13992.211350000001	13992.616976000001	13988.568399000002	13991.327223			1.0	2.0	0.0	3.0					
13995.541	9.885000000000218	trials	7.0	14001.911413000002	14003.523882000001	14005.078436000002	14005.434369	14001.097457000002	14004.270176000002			1.0	2.0	0.0	3.0					
14009.451	18.695000000001528	trials	7.0	14024.961659	14026.148994000001			14024.034969	14026.13838			1.0		0.0	2.0					
14030.156	16.21099999999933	trials	7.0	14040.631377000002	14042.213268000001	14043.252681000002	14044.251234000001	14040.024197	14042.538872000001	14044.047	14046.367	1.0	2.0	1.0	1.0					
14049.451	6.346000000001368	trials	7.0	14052.352911000002	14053.852910000001	14055.286776	14055.802991	14051.348309	14054.293523			1.0	1.0	0.0	3.0					
14058.621	16.76000000000022	trials	7.0	14069.147307000001	14070.921791	14072.568168000002	14073.408410000002	14068.517616000001	14071.528202000001	14073.236	14075.381	1.0	2.0	1.0	1.0					
14077.401	6.7260000000005675	trials	7.0	14081.126691000001	14082.543456000001	14083.576241	14084.136482000002	14080.230405000002	14082.886679000001			1.0	2.0	0.0	3.0					
14087.896	11.894999999998618	trials	7.0	14094.621701000002	14095.882649000001	14097.271422000002	14097.961581000001	14093.738925000001	14096.494784	14098.021	14099.791	1.0	1.0	1.0	1.0					
14102.816	6.349999999998545	trials	7.0	14105.823093	14107.493982000002	14108.703332000001	14109.174303000002	14105.213958	14107.919048000002			1.0	1.0	0.0	3.0					
14113.087	13.915000000000873	trials	7.0	14123.466558000002	14124.944967000001	14126.533076000002	14126.687675000001	14122.785185	14124.937074000001			1.0		0.0	2.0					
14130.048	185.6329999999998	trials	7.0	14312.918258000002	14313.683748000001			14312.13522	14313.676458000002			1.0		0.0	2.0					
14318.691	7.529999999998836	trials	7.0	14323.273857	14324.560514	14325.727980000001	14326.231227	14322.698460000001	14325.020793000002			1.0	1.0	0.0	3.0					
14328.056	191.13400000000001	trials	7.0	14516.189719000002	14517.473751000001	14518.865367000002	14519.203241000001	14515.486757	14517.858324			1.0	1.0	0.0	3.0					
14521.186	16.530000000000655	trials	7.0	14531.726019000002	14532.845399000002	14534.171167	14534.828946000001	14531.028774000002	14533.312374000001	14534.962	14537.716	1.0	2.0	1.0	1.0					
14540.731	48.309000000001106	trials	7.0	14585.77131	14587.018473			14584.881039000002	14587.009242			1.0		0.0	2.0					
14592.051	16.735000000000582	trials	7.0	14605.074771000001	14606.43474			14604.213672000002	14606.652030000001			2.0		1.0	1.0					
14613.282	11.614000000001397	trials	7.0	14620.781301	14622.648897000001			14620.108389	14622.884619			2.0		1.0	1.0					
14627.416	10.790000000000873	trials	7.0	14634.594670000002	14635.671535000001	14637.708302000001	14638.214660000001	14634.000641	14636.664935			1.0	1.0	0.0	3.0					
14640.076	23.020000000000437	trials	7.0	14655.075947000001	14656.894644000002	14660.395106000002	14661.227386000002	14654.474525000001	14657.316957000001	14661.091	14663.096	1.0	2.0	1.0	1.0					
14667.127	5.408999999999651	trials	7.0	14669.695248000002	14671.132811000001	14671.979639000001	14672.548546000002	14668.780682	14671.206186000001			1.0	2.0	0.0	3.0					
14675.311	19.704999999999927	trials	7.0	14691.866594000001	14693.337069000001	14694.480560000002	14695.026300000001	14691.256535	14693.777112000002			1.0	2.0	0.0	3.0					
14696.826	33.455000000001746	trials	7.0	14724.766854000001	14726.766537000001	14727.808317	14728.539030000002	14723.852821	14726.768724000001	14728.571	14730.281	1.0	2.0	1.0	1.0					
14732.391	11.595000000001164	trials	7.0	14738.440922000002	14740.051881000001	14741.320169	14742.133014000001	14737.710047	14740.500909000002	14742.061	14743.986	1.0	2.0	1.0	1.0					
14747.097	10.394000000000233	trials	7.0	14752.456040000001	14753.84697	14755.400865000001	14756.021963000001	14751.851231	14754.618981000001			1.0	2.0	0.0	3.0					
14759.726	12.144999999998618	trials	7.0	14768.142656000002	14769.818080000001			14767.377849	14769.814699000002			2.0		0.0	2.0					
14773.906	10.66099999999824	trials	7.0	14780.455644000001	14781.992826000002			14779.732155000002	14782.266837000001			2.0		1.0	1.0					
14788.041	10.3650000000016	trials	7.0	14793.445943	14795.100798000001			14792.868324000001	14796.110185000001			2.0		1.0	1.0					
14801.911	8.795000000000073	trials	7.0	14807.800506000001	14809.15292	14810.232594000001	14810.720072	14806.891282	14809.471710000002			1.0	1.0	0.0	3.0					
14814.591	11.614999999999782	trials	7.0	14822.531043	14823.994131000001	14825.145141	14826.076869	14821.848555	14824.408119000002			1.0	2.0	1.0	1.0					
14828.786	14.284999999999854	trials	7.0	14840.036043	14841.333353000002	14842.672902000002	14843.083396000002	14839.512563	14841.831776			1.0	1.0	0.0	3.0					
14847.011	108.09199999999873	trials	7.0	14950.817249000002	14952.393984000002	14954.604521000001	14955.114243000002	14949.886764	14952.952478000001			1.0	2.0	0.0	3.0					
14956.918	15.558000000000902	trials	7.0	14969.296529000001	14970.738038000001	14971.981451000001	14972.491445000001	14968.565952	14971.240280000002			1.0	2.0	0.0	3.0					
14976.288	56.25299999999879	trials	7.0	15023.822919000002	15025.734089000001			15023.092525000002	15026.360214			2.0		1.0	1.0					
15033.021	5.0	trials	7.0	15034.938669000001	15036.024351000002			15032.555097	15036.011835000001			1.0		0.0	2.0					
15041.076	8.657000000001062	trials	7.0	15046.658040000002	15048.084117000002	15049.373868	15049.660428000001	15045.978134	15048.504965			1.0	1.0	0.0	3.0					
15052.786	62.57500000000073	trials	7.0	15111.127392000002	15112.516437000002			15110.426106	15113.048117000002			2.0		1.0	1.0					
15118.846	11.985000000000582	trials	7.0	15126.317901000002	15127.486973000001	15130.416642	15130.844759000001	15125.32848	15128.276421000002			1.0	1.0	0.0	3.0					
15133.726	104.76000000000022	trials	7.0	15234.42789	15235.929296000002			15233.435763000001	15236.260096000002			2.0		1.0	1.0					
15240.966	6.594999999999345	trials	7.0	15244.5035	15245.541438	15247.148703	15247.576337000002	15243.718757	15246.328265			1.0	2.0	0.0	3.0					
15251.472	17.709000000000742	trials	7.0	15265.943856000002	15267.514790000001	15268.685322000001	15269.194581000002	15265.277310000001	15267.939600000002			1.0	1.0	0.0	3.0					
15271.056	25.209999999999127	trials	7.0	15290.828841000002	15292.557471	15293.839758000002	15294.730323000002	15289.981236000001	15293.080956000002	15294.576	15296.266	1.0	2.0	1.0	1.0					
15299.283	7.837999999999738	trials	7.0	15303.404466	15304.856636999999			15302.458029	15305.069055			2.0		1.0	1.0					
15309.648	7.064000000000306	trials	7.0	15313.140204	15314.720951	15316.001527999999	15316.7087	15312.607241	15315.298886999999			1.0	2.0	0.0	3.0					
15318.346	14.201000000000931	trials	7.0	15329.739273	15330.888648	15332.11853	15332.549481	15328.962	15331.328177			1.0	1.0	0.0	3.0					
15335.439	16.511999999998807	trials	7.0	15348.591327	15350.288598	15351.606383999999	15351.953346	15347.954506999999	15350.755211			1.0	2.0	0.0	3.0					
15354.975	22.431000000000495	trials	7.0	15373.499504	15374.846769	15376.932159	15377.408155	15372.54891	15375.276597999999			1.0	1.0	0.0	3.0					
15379.261	30.786000000000058	trials	7.0	15406.055387	15407.476325			15405.295178999999	15407.759121			2.0		1.0	1.0					
15414.602	5.7039999999997235	trials	7.0	15416.160246	15417.979771999999			15414.827865	15418.167075			2.0		1.0	1.0					
15422.79	10.315999999998894	trials	7.0	15427.819935	15429.172681999999	15430.705622	15431.611396999999	15427.232872999999	15429.974853	15431.436	15433.106	1.0	2.0	1.0	1.0					
15437.173	8.252999999998792	trials	7.0	15441.881884999999	15443.597103	15444.918802999999	15445.426244999999	15441.232752	15444.264431			1.0	2.0	0.0	3.0					
15449.246	77.66500000000087	trials	7.0	15524.155853999999	15525.336428999999	15526.481811	15526.911101	15523.60778	15525.656240999999			1.0	1.0	0.0	3.0					
15530.806	14.289999999999054	trials	7.0	15538.500678	15539.843734999999	15544.543527	15545.100327999999	15537.849545	15540.080860999999			1.0	1.0	0.0	3.0					
15546.877	12.709999999999127	trials	7.0	15554.450734999999	15555.535469999999	15556.851542	15557.740469999999	15553.532586	15556.151162	15557.551	15559.587	1.0	2.0	1.0	1.0					
15563.646	4.855999999999767	trials	7.0	15565.386123	15566.977791	15568.115156	15568.505039	15564.691443	15567.012590999999			1.0	1.0	0.0	3.0					
15571.456	10.31500000000051	trials	7.0	15578.850929	15580.473672	15581.328263	15581.772159999999	15577.999190999999	15580.66982			1.0	2.0	0.0	3.0					
15584.651	10.465000000000146	trials	7.0	15591.955731	15593.837399	15594.644343	15595.120042999999	15591.064161	15593.911681			1.0	1.0	0.0	3.0					
15598.966	20.943999999999505	trials	7.0	15616.570892	15617.862976999999			15615.710828	15617.853722			2.0		0.0	2.0					
15621.963	14.353000000000975	trials	7.0	15631.460900999999	15633.126790999999	15634.003116	15634.891624	15630.668082	15633.207048999999	15634.716	15636.316	1.0	2.0	1.0	1.0					
15638.401	191.04000000000087	trials	7.0	15810.667351999999	15812.254576	15827.388412	15827.848554	15809.67551	15812.660233999999	15828.047	15829.441	1.0	2.0	1.0	1.0					
15833.497	9.22400000000016	trials	7.0	15836.922118999999	15838.439267	15839.650558	15840.733017999999	15836.065568	15838.92392	15840.422	15842.721	1.0	2.0	1.0	1.0					
15845.746	7.320999999999913	trials	7.0	15850.093627999999	15851.05955			15849.198905	15851.047668			1.0		0.0	2.0					
15856.081	10.944999999999709	trials	7.0	15864.162301999999	15865.203964	15866.480249999999	15867.031835	15863.327282999999	15865.634864			1.0	1.0	0.0	3.0					
15868.841	15.706000000000131	trials	7.0	15881.412166999999	15882.489775999999			15880.518263	15882.479646			1.0		0.0	2.0					
15886.591	12.274999999999636	trials	7.0	15895.683078	15897.293633	15898.343658	15898.868798	15894.749296999998	15897.588108			1.0	1.0	0.0	3.0					
15900.723	14.13800000000083	trials	7.0	15910.292867999999	15911.697338999998	15912.455033	15913.384838999998	15909.610794	15911.719903	15913.206	15914.861	1.0	2.0	1.0	1.0					
15918.912	5.878999999998996	trials	7.0	15921.362643999999	15922.784275999998	15923.59089	15924.108215999999	15920.458102999999	15922.773813			1.0		0.0	2.0					
15927.801	12.640000000001237	trials	7.0	15936.782725	15938.38632			15935.826448	15938.377058999999			2.0		0.0	2.0					
15943.481	11.590000000000146	trials	7.0	15950.759447999999	15952.754221			15950.197508	15952.986486			2.0		1.0	1.0					
15959.541	4.93500000000131	trials	7.0	15961.667535999999	15962.879226	15963.935076	15964.479180999999	15960.415098	15963.276273			1.0	2.0	0.0	3.0					
15968.309	142.4880000000012	trials	7.0	16107.783506	16108.795055999999			16106.773975999999	16108.783843			1.0		0.0	2.0					
16112.856	22.659999999999854	trials	7.0	16124.078877	16125.186075	16134.911125999999	16135.519651999999	16123.280267999999	16125.570579			1.0	1.0	0.0	3.0					
16139.286	13.360000000000582	trials	7.0	16148.54877	16149.606252	16151.581870999999	16151.946933	16147.927265999999	16150.04717			1.0	1.0	1.0	1.0					
16156.227	47.80899999999929	trials	7.0	16200.409415999999	16201.524532			16199.58894	16201.835264			2.0		1.0	1.0					
16207.576	49.00500000000102	trials	7.0	16251.174385	16253.212481999999	16254.054102	16254.949513	16250.21445	16253.251959	16254.811	16256.581	1.0	2.0	1.0	1.0					
16258.656	9.1349999999984	trials	7.0	16264.055817999999	16265.78673			16263.178162	16265.781670999999			1.0		0.0	2.0					
16270.846	16.534999999999854	trials	7.0	16284.494703	16285.592078	16286.883076999999	16287.387767	16283.767172	16286.054457			1.0	1.0	0.0	3.0					
16291.252	15.564000000000306	trials	7.0	16301.784550999999	16303.076482999999	16304.393167999999	16305.386687	16301.038263999999	16303.718667	16305.066	16306.816	1.0	2.0	1.0	1.0					
16310.878	6.57799999999952	trials	7.0	16313.814912	16314.902043			16313.228543	16315.213404			2.0		1.0	1.0					
16320.012	22.59399999999914	trials	7.0	16338.905121	16340.705358	16341.777194999999	16342.612508	16338.267455	16340.721459			1.0	1.0	0.0	3.0					
16344.106	11.335000000000946	trials	7.0	16352.145636	16353.680005999999	16354.846569	16355.44502	16351.395873	16354.175197999999			1.0	2.0	0.0	3.0					
16359.181	29.06499999999869	trials	7.0	16369.700238	16371.009505999999	16387.712660999998	16388.252418	16368.751391	16371.479742			1.0	1.0	0.0	3.0					
16391.057	14.739999999997963	trials	7.0	16401.735292999998	16403.487293			16400.806527	16403.551191			2.0		1.0	1.0					
16410.263	7.173000000002503	trials	7.0	16413.145902	16414.87571			16412.405312	16415.169656			2.0		1.0	1.0					
16420.996	11.834999999999127	trials	7.0	16427.455532	16428.996926	16430.198876	16431.279506	16426.463966	16429.424017999998	16431.006	16432.831	1.0	2.0	1.0	1.0					
16434.851	9.034999999999854	trials	7.0	16440.101046	16441.886619			16439.258982	16441.878625999998			1.0		0.0	2.0					
16445.901	15.37999999999738	trials	7.0	16457.840576	16459.21764	16460.334936	16461.287259	16456.844153	16459.621479			1.0	2.0	0.0	3.0					
16464.667	41.35399999999936	trials	7.0	16502.755899	16504.342373	16505.450364	16506.02697	16501.893368	16504.660643			1.0	1.0	0.0	3.0					
16507.805	14.631000000001222	trials	7.0	16517.266172	16518.792507	16519.939497	16520.80201	16516.629216	16519.256535	16520.721	16522.436	1.0	2.0	1.0	1.0					
16524.457	7.539000000000669	trials	7.0	16528.356071	16529.441093999998			16527.55031	16529.829772999998			2.0		1.0	1.0					
16536.576	7.854999999999563	trials	7.0	16539.271287	16540.655426999998	16541.742167	16542.754272	16538.749697	16541.004909	16542.496	16544.431	1.0	2.0	1.0	1.0					
16547.496	8.825000000000728	trials	7.0	16551.281254999998	16552.658456	16553.653254	16554.556085	16550.279126	16552.972678	16554.441	16556.321	1.0	2.0	1.0	1.0					
16558.341	10.145000000000437	trials	7.0	16563.205854	16564.364552	16565.788058	16566.786576	16562.555211	16565.050973999998	16566.426	16568.486	1.0	2.0	1.0	1.0					
16570.591	7.029999999998836	trials	7.0	16573.651203	16575.568841	16576.353171	16576.828457	16572.699475999998	16575.560631			1.0		0.0	2.0					
16580.633	8.747999999999593	trials	7.0	16585.541339	16587.31916			16584.588147	16587.307692			1.0		0.0	2.0					
16593.422	10.614000000001397	trials	7.0	16600.291197	16601.474585			16599.421346	16601.855549			2.0		1.0	1.0					
16606.568	7.743000000002212	trials	7.0	16610.795939	16612.303124			16609.925613	16612.298598			1.0		0.0	2.0					
16618.321	21.770000000000437	trials	7.0	16635.612407	16637.500207999998			16634.651948	16637.454117			2.0		1.0	1.0					
16642.574	8.956999999998516	trials	7.0	16646.341619	16647.920163	16648.875441	16650.027828	16645.582767	16648.175868	16649.551	16651.531	1.0	2.0	1.0	1.0					
16655.591	6.819999999999709	trials	7.0	16657.457045	16658.636505	16659.736753999998	16660.774122	16656.772406	16659.026337	16660.456	16662.411	1.0	2.0	1.0	1.0					
16665.441	7.345000000001164	trials	7.0	16669.381322	16670.92331	16672.123273999998	16672.795551	16668.593849	16671.431258			1.0	2.0	0.0	3.0					
16675.501	10.845000000001164	trials	7.0	16682.371986	16683.705038	16685.884467	16686.352314	16681.644708	16685.115696			1.0	2.0	0.0	3.0					
16688.221	12.194999999999709	trials	7.0	16696.801632	16698.354014	16699.897688	16700.425656	16695.946044	16698.753278			1.0	1.0	0.0	3.0					
16704.222	8.648999999997613	trials	7.0	16708.967021	16710.592556	16711.797165	16712.878973	16708.437482999998	16710.982748			1.0	2.0	0.0	3.0					
16714.176	12.215000000000146	trials	7.0	16722.037132999998	16723.778946			16721.432547	16724.171084999998			2.0		1.0	1.0					
16729.883	8.007999999997992	trials	7.0	16733.643242	16735.387797			16733.082209	16735.664364			2.0		1.0	1.0					
16741.402	8.014000000002852	trials	7.0	16744.072233	16745.678432	16746.977769	16747.871036	16743.400937	16746.237735	16747.621	16749.416	1.0	2.0	1.0	1.0					
16752.436	14.959999999999127	trials	7.0	16764.598766	16765.682011	16766.784582	16767.402743	16763.874656	16766.078156			1.0	2.0	0.0	3.0					
16771.121	11.170000000001892	trials	7.0	16779.342077	16781.276012	16782.212958	16782.799157999998	16778.620655	16781.569724			1.0	2.0	0.0	3.0					
16786.662	1150.1189999999988	BlockDesign														1.0	635.0	686.0	50.0	10.0
16786.662	18.66899999999805	trials	8.0	16801.817474	16803.877646	16804.833824999998	16805.340575	16801.210651	16804.141773			1.0	2.0	0.0	3.0					
16808.172	13.963999999999942	trials	8.0	16819.138856999998	16820.511839	16821.601025	16822.143077	16818.549632	16820.815763			1.0	1.0	0.0	3.0					
16823.929	170.46199999999953	trials	8.0	16987.333338	16988.864708	16993.972626	16994.401353	16986.670244	16989.375194			1.0	1.0	0.0	3.0					
16997.297	18.354000000002998	trials	8.0	17013.063953	17014.134951	17015.125088	17015.662256	17012.433243	17014.371043			1.0	2.0	0.0	3.0					
17017.456	13.25	trials	8.0	17027.100419	17028.945633	17030.159325	17030.714594999998	17026.552614	17029.238531			1.0	1.0	0.0	3.0					
17034.531	10.056000000000495	trials	8.0	17041.729212	17042.980928	17044.136544	17044.598804	17040.781383999998	17043.377108			1.0	2.0	0.0	3.0					
17046.574	18.726999999998952	trials	8.0	17059.733249	17061.062286	17063.91177	17064.210758999998	17058.782213	17061.514323			1.0	2.0	0.0	3.0					
17068.261	16.866000000001804	trials	8.0	17081.133797	17082.577254			17080.45376	17082.990884			2.0		1.0	1.0					
17088.657	5.824000000000524	trials	8.0	17090.749095	17092.210484	17093.868115999998	17094.492393	17090.095698	17093.075044999998			1.0	2.0	0.0	3.0					
17097.216	38.995999999999185	trials	8.0	17132.633895	17134.214762			17131.76034	17134.204268999998			1.0		0.0	2.0					
17138.261	11.085000000002765	trials	8.0	17145.354492	17146.547351999998			17144.611143	17147.187957			2.0		1.0	1.0					
17152.871	26.756000000001222	trials	8.0	17176.114668	17177.947379999998	17179.05266	17179.633608	17175.584033	17178.267281			1.0	1.0	0.0	3.0					
17183.386	14.366000000001804	trials	8.0	17193.779803999998	17194.885928			17192.981621	17195.536139			2.0		1.0	1.0					
17200.291	9.6349999999984	trials	8.0	17205.779574	17207.366876			17205.261185	17207.791938			2.0		1.0	1.0					
17212.502	8.65899999999965	trials	8.0	17217.354882	17219.415408	17220.638586	17221.169567999998	17216.640819	17219.842598			1.0	2.0	0.0	3.0					
17223.002	17.313999999998487	trials	8.0	17236.360047	17237.75597			17235.755678999998	17238.154997999998			2.0		1.0	1.0					
17242.779	6.812000000001717	trials	8.0	17245.615010999998	17247.478215	17249.02475	17249.601373999998	17245.061996	17248.252215			1.0	2.0	0.0	3.0					
17252.346	12.544999999998254	trials	8.0	17261.339421	17262.607337999998	17264.431119	17264.900901	17260.643543	17263.778093			1.0	2.0	0.0	3.0					
17268.776	15.154999999998836	trials	8.0	17278.525812	17280.525159	17281.73448	17282.4296	17277.540677999998	17280.958649	17282.601	17283.931	1.0	1.0	1.0	1.0					
17286.962	15.85399999999936	trials	8.0	17299.624923	17300.661773	17302.391681	17302.825577	17298.762022	17301.693935			1.0	2.0	0.0	3.0					
17305.762	14.599000000001979	trials	8.0	17316.770593999998	17318.428186999998	17320.047297	17320.372747	17316.198243	17319.330755			1.0	2.0	0.0	3.0					
17323.416	25.489999999997963	trials	8.0	17345.145797999998	17346.908121			17344.533137	17346.90344			1.0		0.0	2.0					
17350.957	17.345000000001164	trials	8.0	17363.226699	17364.765754	17366.148971	17366.753447	17362.251905999998	17365.283102	17366.906	17368.302	1.0	1.0	1.0	1.0					
17372.383	5.652999999998428	trials	8.0	17374.375538	17375.466452			17373.095855	17375.823793			2.0		1.0	1.0					
17382.511	11.585000000002765	trials	8.0	17388.812199	17390.527806	17391.67469	17392.432449	17388.193323	17390.988248999998	17392.416	17394.096	1.0	1.0	1.0	1.0					
17398.116	6.544999999998254	trials	8.0	17401.160648	17402.520271999998	17404.001469	17404.673742	17400.534323	17403.279563			1.0	1.0	0.0	3.0					
17406.323	98.25799999999799	trials	8.0	17499.576440999997	17500.814408	17502.611742	17503.093182	17498.909616	17501.827172999998	17503.291	17504.581	1.0	1.0	1.0	1.0					
17507.596	8.229999999999563	trials	8.0	17512.536371	17514.493126999998	17515.137827	17515.836563999997	17511.666785999998	17514.504966			1.0	1.0	0.0	3.0					
17517.497	11.824000000000524	trials	8.0	17524.536497	17525.873027	17526.993887	17527.730417	17523.832142	17526.277168	17527.616	17529.321	1.0	1.0	1.0	1.0					
17532.368	6.813000000001921	trials	8.0	17536.056429	17537.992581	17538.646118	17539.19182	17535.195035	17537.977478			1.0	1.0	0.0	3.0					
17541.996	12.319999999999709	trials	8.0	17549.621414	17550.807645	17551.803386	17552.661927	17548.657618999998	17551.121814	17552.451	17554.316	1.0	1.0	1.0	1.0					
17558.337	12.75	trials	8.0	17567.121606	17569.03401			17566.234008	17569.022165			1.0		0.0	2.0					
17574.141	9.345000000001164	trials	8.0	17579.571879	17580.926559			17579.027121	17581.383951			2.0		1.0	1.0					
17588.04	8.576000000000931	trials	8.0	17590.971425	17593.042149	17594.066328	17595.05214	17590.097555	17593.437229	17594.726	17596.616	1.0	1.0	1.0	1.0					
17600.641	5.580000000001746	trials	8.0	17602.431483	17604.163134			17601.872411	17604.152394			1.0		0.0	2.0					
17609.274	30.136999999998807	trials	8.0	17634.176926	17635.601757	17636.808074	17637.712064	17633.307706	17636.055665	17637.576	17639.411	1.0	1.0	1.0	1.0					
17641.461	8.610000000000582	trials	8.0	17646.154022	17647.770179			17645.509448	17648.019655			2.0		1.0	1.0					
17652.636	10.155000000002474	trials	8.0	17657.49708	17659.319203	17660.242623	17661.079092	17656.913268	17659.635602	17660.981	17662.791	1.0	1.0	1.0	1.0					
17666.859	19.386999999998807	trials	8.0	17682.596579	17684.248469			17681.858793	17684.240925			1.0		0.0	2.0					
17688.293	13.352999999999156	trials	8.0	17697.2373	17699.053112			17696.518751	17699.526243			2.0		1.0	1.0					
17706.096	5.459999999999127	trials	8.0	17707.862745	17709.056696			17707.116929	17709.45631			2.0		1.0	1.0					
17715.076	12.575000000000728	trials	8.0	17719.917525	17721.218011999998	17725.066299	17726.013282	17719.050993	17721.708762	17725.797	17727.651	1.0	1.0	1.0	1.0					
17729.706	8.96600000000035	trials	8.0	17734.842281999998	17736.67936	17737.532801	17737.901722	17733.909932	17736.674031			1.0		0.0	2.0					
17740.686	12.394999999996799	trials	8.0	17750.182203	17751.459534	17752.515166999998	17753.093824	17749.297088	17751.846507			1.0	2.0	0.0	3.0					
17755.833	29.153000000002066	trials	8.0	17781.247518	17782.737053			17780.642933	17782.956908			2.0		1.0	1.0					
17787.556	9.395000000000437	trials	8.0	17791.802897999998	17793.51942	17794.579617	17795.56003	17791.201035	17793.913183	17795.261	17796.951	1.0	1.0	1.0	1.0					
17800.063	8.918000000001484	trials	8.0	17805.302476999997	17806.934415			17804.576169	17806.92992			1.0		0.0	2.0					
17812.991	7.369999999998981	trials	8.0	17817.14463	17818.744781999998	17819.738412	17820.375727	17816.485308	17819.097622999998			1.0	2.0	0.0	3.0					
17824.071	33.181000000000495	trials	8.0	17853.422709	17855.200709			17852.492991	17855.190391			1.0		0.0	2.0					
17861.264	41.11700000000201	trials	8.0	17899.338303	17901.013884	17901.76038	17902.397682	17898.779966	17901.116037			1.0	1.0	0.0	3.0					
17904.111	12.640999999999622	trials	8.0	17912.733616999998	17914.244387			17912.054605999998	17914.524552			2.0		1.0	1.0					
17920.281	16.5	trials	8.0	17932.293306	17933.620542	17934.438395999998	17935.206693	17931.449426	17933.817315	17935.047	17936.781	1.0	1.0	1.0	1.0					
17940.927	414.15999999999985	BlockDesign														1.0	687.0	718.0	90.0	50.0
17940.927	4.958999999998923	trials	9.0	17942.605008	17943.830435			17941.623192	17943.824592			1.0		0.0	2.0					
17949.951	23.97099999999773	trials	9.0	17969.120683	17970.570101999998	17971.878283	17972.568117	17968.160858	17970.974609	17972.601	17973.922	1.0	1.0	1.0	1.0					
17977.99	6.471999999997934	trials	9.0	17979.949067	17981.090936	17982.052593	17982.843258	17978.995114999998	17981.488532	17982.672	17984.462	1.0	1.0	1.0	1.0					
17987.526	8.484999999996944	trials	9.0	17990.588868	17991.780858	17993.313419	17994.259927	17990.072861	17992.683312	17994.016	17996.011	1.0	1.0	1.0	1.0					
17998.076	11.224999999998545	trials	9.0	18004.469226	18005.886029	18007.248734	18007.710912	18003.775525	18006.55724			2.0		0.0	4.0					
18013.352	13.834000000002561	trials	9.0	18018.829389	18020.595341	18024.900045	18025.741997999998	18017.970096	18020.883843	18025.636	18027.186	1.0	1.0	1.0	1.0					
18030.257	5.588999999999942	trials	9.0	18032.784291	18034.103643	18035.060649	18035.861127	18032.104709	18034.477161			1.0	1.0	0.0	3.0					
18037.426	11.299999999999272	trials	9.0	18043.598858999998	18045.321101999998	18046.229708	18047.235451	18042.751709	18045.612069	18046.877	18048.726	1.0	1.0	1.0	1.0					
18050.777	10.725000000002183	trials	9.0	18056.399831	18058.220618	18059.272363	18059.999561	18055.887995	18058.672796	18059.981	18061.502	1.0	1.0	1.0	1.0					
18064.521	7.940999999998894	trials	9.0	18068.099421	18069.680901	18070.369654	18071.064965999998	18067.228632	18069.768309	18071.131	18072.462	1.0	1.0	1.0	1.0					
18074.511	10.345000000001164	trials	9.0	18079.414479	18080.867114	18081.739358	18082.565547	18078.704056	18081.119004	18082.326	18084.856	1.0	1.0	1.0	1.0					
18086.886	11.090000000000146	trials	9.0	18094.174594	18095.725188			18093.198152999998	18095.948671			2.0		1.0	1.0					
18102.533	4.898000000001048	trials	9.0	18104.190765	18105.436655999998	18106.121716	18106.352075	18102.575358	18105.425387			1.0		0.0	2.0					
18109.441	12.585000000002765	trials	9.0	18114.874424999998	18116.434416	18120.017411	18120.67495	18113.887233	18116.710004	18120.837	18122.026	1.0	1.0	1.0	1.0					
18125.057	8.078999999997905	trials	9.0	18128.856603	18130.311081			18128.237984	18130.927238			2.0		1.0	1.0					
18135.641	9.715000000000146	trials	9.0	18142.146096	18143.362178	18144.024308	18144.460565999998	18141.431560999998	18143.357396			1.0		0.0	2.0					
18149.366	7.7849999999998545	trials	9.0	18153.254656	18154.347584			18152.626974	18154.922418			2.0		1.0	1.0					
18160.611	5.485000000000582	trials	9.0	18162.684495	18163.983078999998	18165.333465	18166.111014	18162.042429	18164.647503			1.0	2.0	0.0	3.0					
18169.701	6.97099999999773	trials	9.0	18173.244910999998	18175.134141	18176.14449	18176.687267	18172.624789999998	18175.512419			1.0	2.0	0.0	3.0					
18179.462	15.204000000001543	trials	9.0	18189.870598999998	18191.048362999998	18192.249486	18193.112266	18189.316059	18191.555514	18192.956	18194.666	1.0	2.0	1.0	1.0					
18196.486	9.544999999998254	trials	9.0	18201.680076	18203.532314			18201.043322999998	18203.814903			2.0		1.0	1.0					
18209.561	7.947000000000116	trials	9.0	18212.600026	18213.971369	18214.946517	18215.776362	18211.975051999998	18214.307573	18215.627	18217.508	1.0	1.0	1.0	1.0					
18220.571	5.994999999998981	trials	9.0	18222.795233	18224.507115			18222.282869	18224.502233			1.0		0.0	2.0					
18230.596	34.875	trials	9.0	18260.675076	18262.141679	18263.090705	18263.86374	18260.108132	18262.45539	18263.896	18265.471	1.0	1.0	1.0	1.0					
18267.506	10.1349999999984	trials	9.0	18273.740594	18275.087669			18273.22475	18275.415887			2.0		1.0	1.0					
18281.176	6.120999999999185	trials	9.0	18283.951256	18285.587547	18286.589678	18287.314556999998	18283.001089999998	18285.978099			1.0	1.0	0.0	3.0					
18288.946	12.450000000000728	trials	9.0	18296.522451	18298.017183	18298.911751	18299.779244999998	18295.715292	18298.335016999998	18299.541	18301.396	1.0	1.0	1.0	1.0					
18304.511	7.07300000000032	trials	9.0	18307.64039	18309.543281			18306.896535	18309.5367			1.0		0.0	2.0					
18315.596	8.950999999997293	trials	9.0	18319.515257	18320.901356	18321.912623	18322.963216	18318.850431	18321.300176	18322.627	18324.547	1.0	1.0	1.0	1.0					
18327.566	7.686000000001513	trials	9.0	18330.420892	18331.641687	18332.839185	18333.721487	18329.808107999997	18332.175849	18333.516	18335.252	1.0	1.0	1.0	1.0					
18337.271	7.400999999998021	trials	9.0	18340.880645999998	18341.922835999998			18340.161493	18342.514302			2.0		1.0	1.0					
18348.241	6.84599999999773	trials	9.0	18350.076395	18351.1946	18352.276218	18353.259822	18349.526976	18351.690887	18353.002	18355.087	1.0	1.0	1.0	1.0					
18357.149	1015.0569999999971	BlockDesign														0.0	719.0	795.0	50.0	90.0
18357.149	8.727999999999156	trials	10.0	18362.756027000003	18363.810254000004	18364.528082000004	18364.949839000004	18349.526976	18363.806128000004			1.0		0.0	2.0					
18369.937	13.913999999997031	trials	10.0	18375.122993000004	18376.480183000003	18381.654068000003	18382.506045000002	18374.493124000004	18377.198213000003	18382.436	18383.851	1.0	1.0	1.0	1.0					
18387.917	6.019000000000233	trials	10.0	18390.898529000002	18391.926923000003	18392.762731000003	18392.787887000002	18390.061	18391.923038000004			1.0		0.0	2.0					
18397.996	10.175999999999476	trials	10.0	18403.938723000003	18405.913178000003			18403.367914000002	18406.089809000005			2.0		1.0	1.0					
18410.696	10.8849999999984	trials	10.0	18416.743805000002	18418.370161000003	18419.200205000005	18420.082291000002	18415.942176000004	18418.519549000004	18419.901	18421.581	1.0	1.0	1.0	1.0					
18423.655	7.086000000002969	trials	10.0	18427.153814000005	18428.666035000002			18426.646300000004	18428.657791			1.0		0.0	2.0					
18434.796	33.780000000002474	trials	10.0	18465.608848000003	18466.826335	18467.677742000003	18468.576868000004	18464.960798000004	18467.123870000003			1.0	1.0	0.0	3.0					
18471.011	6.911000000000058	trials	10.0	18474.965657000004	18475.911355000004			18474.062180000004	18475.899353000004			1.0		0.0	2.0					
18480.981	8.89600000000064	trials	10.0	18485.514100000004	18487.512755000003			18484.812059000004	18487.748984			2.0		1.0	1.0					
18492.391	7.90599999999904	trials	10.0	18495.389450000002	18496.525402000003	18497.893387000004	18498.759662000004	18494.762134000004	18497.184134000003	18498.551	18500.297	1.0	2.0	1.0	1.0					
18503.311	7.644999999996799	trials	10.0	18506.645270000005	18508.636451000002			18505.861691000002	18508.696199			2.0		1.0	1.0					
18513.531	8.830000000001746	trials	10.0	18517.484017000002	18518.941175000004	18519.947579000003	18520.868208000004	18516.615350000004	18519.279112000004	18520.546	18522.361	1.0	2.0	1.0	1.0					
18526.381	4.783999999999651	trials	10.0	18528.244268000002	18529.045753000002			18527.281346000003	18529.041647000002			1.0		0.0	2.0					
18533.204	17.401999999998225	trials	10.0	18546.949225000004	18548.596582000002			18546.216245000003	18548.586938000004			2.0		0.0	2.0					
18553.661	21.56999999999971	trials	10.0	18570.694258000003	18571.815883000003	18572.920904000002	18573.715151000004	18569.922790000004	18572.257202000004	18573.661	18575.231	1.0	2.0	1.0	1.0					
18578.326	7.334999999999127	trials	10.0	18582.014978000003	18583.651844000004	18584.303050000002	18584.454326000003	18581.127808000005	18583.641408000003			1.0		0.0	2.0					
18589.672	10.15899999999965	trials	10.0	18595.293971000003	18597.216551			18594.436331000004	18597.538864000002			2.0		1.0	1.0					
18602.274	8.651999999998225	trials	10.0	18605.966624000004	18607.133045000002	18608.515297	18609.534889000002	18605.256691000002	18607.836788000004	18609.321	18610.926	1.0	2.0	1.0	1.0					
18613.987	8.818999999999505	trials	10.0	18617.209370000004	18619.130607000003	18620.158160000003	18621.33259	18616.431850000004	18619.503555000003	18620.901	18622.806	1.0	2.0	1.0	1.0					
18626.826	5.885999999998603	trials	10.0	18629.631404000003	18631.008086	18632.112766000002	18632.710700000003	18629.052893000004	18631.419133000003			1.0	2.0	0.0	3.0					
18636.451	7.450000000000728	trials	10.0	18640.100246	18641.385227000002			18639.404108000002	18641.694914000003			2.0		1.0	1.0					
18647.422	7.144000000000233	trials	10.0	18649.940620000005	18651.315751000002	18652.346250000002	18653.199826000004	18648.941348000004	18651.690101000004	18653.021	18654.566	1.0	2.0	1.0	1.0					
18657.587	6.559000000001106	trials	10.0	18661.084854000004	18662.546888000004	18663.472997000004	18664.148301000005	18660.139081000005	18662.830445000003			1.0	1.0	0.0	3.0					
18666.807	17.088999999999942	trials	10.0	18678.794693000003	18680.245276	18681.303264000002	18682.269284	18678.020821000002	18680.632007000004	18682.136	18683.896	1.0	2.0	1.0	1.0					
18685.966	8.599999999998545	trials	10.0	18690.850222000005	18692.557466000002	18693.220821000003	18693.457988000002	18690.144044000004	18692.547778000004			1.0		0.0	2.0					
18696.616	12.00499999999738	trials	10.0	18704.136004000004	18705.203128000005	18706.635614000003	18707.264221000005	18703.372625000004	18705.935135000003	18707.416	18708.621	1.0	2.0	1.0	1.0					
18712.68	6.471000000001368	trials	10.0	18715.280693000004	18716.831771000005			18714.764516000003	18717.042512000004			2.0		1.0	1.0					
18721.677	5.153999999998632	trials	10.0	18723.745016000004	18725.342892000004	18726.237112000003	18726.829971000003	18723.061907000003	18725.607487000005			1.0	2.0	0.0	3.0					
18728.621	14.290000000000873	trials	10.0	18739.341868000003	18741.282396000002	18742.373556000002	18742.912307000002	18738.407542000004	18741.763956000003			1.0	1.0	0.0	3.0					
18744.707	16.28400000000329	trials	10.0	18756.177014000004	18757.632100000003	18758.788415000003	18759.701007000003	18755.396845000003	18758.032478000005	18759.576	18760.991	1.0	2.0	1.0	1.0					
18763.075	9.221999999997934	trials	10.0	18767.415389	18768.912422	18769.745313000003	18770.775414000003	18766.661900000003	18769.077578000004	18770.331	18772.297	1.0	1.0	1.0	1.0					
18776.321	5.119999999998981	trials	10.0	18778.021037000002	18779.433419000005			18777.168917000003	18779.424192000002			1.0		0.0	2.0					
18783.477	9.239000000001397	trials	10.0	18788.865865000003	18790.708432000003			18788.058821000002	18790.696583000004			1.0		0.0	2.0					
18795.771	8.5	trials	10.0	18800.750686000003	18802.569323000003	18803.617511000004	18804.274484	18800.198408000004	18802.931957000004			1.0	1.0	0.0	3.0					
18805.951	17.97099999999773	trials	10.0	18819.386104000005	18820.782497000004	18821.757076	18822.469531000002	18818.677054000003	18821.093470000003	18822.571	18823.922	1.0	1.0	1.0	1.0					
18826.982	9.184000000001106	trials	10.0	18832.325891000004	18834.159566000002			18831.772533000003	18834.151666			2.0		0.0	2.0					
18839.176	9.120999999999185	trials	10.0	18842.061383000004	18843.929068000005	18844.821641000002	18845.901794000005	18841.109119000004	18844.222549000002	18845.627	18848.297	1.0	2.0	1.0	1.0					
18850.409	8.593000000000757	trials	10.0	18855.611272000002	18857.643570000004	18858.493609000005	18859.003223000003	18854.979776000004	18857.790313			1.0	1.0	0.0	3.0					
18861.786	13.18999999999869	trials	10.0	18869.566117000002	18871.630606000002	18872.581081000004	18873.554509	18868.66684	18871.849429	18873.271	18874.976	1.0	1.0	1.0	1.0					
18879.047	5.799000000002707	trials	10.0	18880.711192000002	18882.337475000004			18879.736175000002	18882.675005000005			2.0		1.0	1.0					
18889.422	4.5090000000018335	trials	10.0	18891.031060000005	18892.116887000004	18893.132828	18893.934054000005	18890.171442000003	18892.405326000004			1.0	1.0	0.0	3.0					
18895.52	9.481999999999971	trials	10.0	18902.536283	18903.622940000005	18904.562233000004	18905.000726000002	18901.560096000005	18903.943594000004			1.0	1.0	0.0	3.0					
18908.93	11.001000000000204	trials	10.0	18914.781520000004	18916.136309	18917.308006000003	18918.368752000002	18913.841626	18916.604894000004	18917.971	18919.931	1.0	2.0	1.0	1.0					
18923.016	8.81000000000131	trials	10.0	18926.281646000003	18928.353509000004	18929.289956000004	18930.265402000005	18925.660816000003	18928.640075000003	18930.081	18931.826	1.0	2.0	1.0	1.0					
18934.886	34.92000000000189	trials	10.0	18965.956472	18967.238392000003			18965.429815000003	18967.711549000003			2.0		1.0	1.0					
18973.281	5.8400000000001455	trials	10.0	18975.022002	18976.803923000003			18973.757251000003	18977.048275000005			2.0		1.0	1.0					
18982.581	4.783000000003085	trials	10.0	18984.366853000003	18986.086755000004	18986.970210000003	18987.364671000003	18983.532646000003	18986.358580000004			1.0	1.0	0.0	3.0					
18991.291	8.934999999997672	trials	10.0	18995.258239000003	18996.618830000003	18997.720106000004	18998.841215000004	18994.636421000003	18997.082545000005	18998.489	19000.226	1.0	2.0	1.0	1.0					
19004.246	7.104999999999563	trials	10.0	19006.206621000005	19007.934287000004	19008.653611	19009.608635000004	19005.359991000005	19008.028713000003	19009.361	19011.351	1.0	2.0	1.0	1.0					
19013.371	11.670000000001892	trials	10.0	19020.647030000004	19022.478842000004			19019.806256000003	19022.738554000003			2.0		1.0	1.0					
19029.591	20.075000000000728	trials	10.0	19044.577090000002	19046.253608000003	19047.231071000002	19048.161916000005	19043.769053000004	19046.501438000003	19048.006	19049.666	1.0	2.0	1.0	1.0					
19052.711	9.565000000002328	trials	10.0	19055.407289000002	19056.554906000005	19061.731124	19062.277037000003	19054.886752000002	19056.991826000005			1.0	1.0	0.0	3.0					
19066.118	8.078000000001339	trials	10.0	19069.398793000004	19070.479382	19071.641989000003	19072.675628000005	19068.797564000004	19070.986223000004	19072.341	19074.196	1.0	2.0	1.0	1.0					
19076.261	11.239000000001397	trials	10.0	19083.812462	19085.399641000004	19086.071726000002	19087.047179000005	19083.015873000004	19085.396096000004			1.0		0.0	2.0					
19091.542	6.606999999999971	trials	10.0	19094.509181	19096.123496000004	19096.769890000003	19097.284655000003	19093.512974000005	19096.115024000002			1.0		0.0	2.0					
19101.157	12.684000000001106	trials	10.0	19108.987590000004	19110.050042000003	19111.259568	19112.340098000004	19108.266337000005	19110.605369000004	19112.087	19113.841	1.0	2.0	1.0	1.0					
19115.866	8.139999999999418	trials	10.0	19120.032893000003	19121.449301000004			19119.480901000003	19121.704049000004			2.0		1.0	1.0					
19127.578	7.652999999998428	trials	10.0	19131.344316000002	19132.970895000002			19130.396852	19133.217203000004			2.0		1.0	1.0					
19139.752	4.8289999999979045	trials	10.0	19141.493043000002	19142.511296000004	19143.154964000005	19144.295975000005	19139.849937000003	19142.504101000002			1.0		0.0	2.0					
19146.641	10.245999999999185	trials	10.0	19151.662805000004	19153.149823000003	19154.149695000004	19154.823955000003	19150.863484	19153.486804000004	19154.837	19156.887	1.0	1.0	1.0	1.0					
19159.996	9.479999999999563	trials	10.0	19165.457912	19166.920750000005			19164.939487000003	19167.267005			2.0		1.0	1.0					
19172.058	9.218000000000757	trials	10.0	19175.568049	19177.632664000004	19178.438513000005	19179.310661000003	19174.982042000003	19177.806412	19179.212	19181.276	1.0	2.0	1.0	1.0					
19183.341	7.904999999998836	trials	10.0	19188.2233	19189.174495000003	19189.842197	19190.493754000003	19187.445866000002	19189.171151000002			1.0		0.0	2.0					
19195.256	7.43999999999869	trials	10.0	19199.263385000002	19200.824769000003	19201.917970000002	19202.701058000002	19198.299274000005	19201.248953000002			1.0	2.0	0.0	3.0					
19205.247	10.78399999999965	trials	10.0	19211.038150000004	19212.435347000002	19213.505321000004	19214.513549000003	19210.399192000004	19212.853660000004	19214.221	19216.031	1.0	2.0	1.0	1.0					
19218.131	8.145000000000437	trials	10.0	19222.353358000004	19224.160928000005			19221.7004	19224.105598000002			2.0		1.0	1.0					
19228.706	9.940000000002328	trials	10.0	19232.473776000003	19233.781008	19234.675129000003	19235.803383000002	19231.607356000004	19233.802723000004	19235.321	19238.646	1.0	2.0	1.0	1.0					
19241.712	7.658999999999651	trials	10.0	19246.208412000004	19247.365244000004	19248.073872000004	19248.764552000004	19245.388114	19247.356166			1.0		0.0	2.0					
19253.381	8.8849999999984	trials	10.0	19257.292945000005	19259.261725000004	19259.938858	19260.737617000003	19256.555780000002	19259.291423000002	19260.712	19262.266	1.0	1.0	1.0	1.0					
19265.332	6.709000000002561	trials	10.0	19267.453511000003	19268.540167000003	19269.622677000003	19270.573768000002	19266.912492000003	19268.924339000005	19270.406	19272.041	1.0	2.0	1.0	1.0					
19276.106	4.9650000000001455	trials	10.0	19277.814889000005	19279.066061	19279.886033000002	19280.079442000002	19277.199715000002	19279.060849			1.0		0.0	2.0					
19284.092	13.079999999998108	trials	10.0	19292.568555	19294.617681000003			19291.699022000004	19294.920986000005			2.0		1.0	1.0					
19301.745	8.156000000002678	trials	10.0	19306.813904000002	19307.840404000002	19308.539148000003	19308.553913000003	19306.058281	19307.833876000004			1.0		0.0	2.0					
19312.916	11.789999999997235	trials	10.0	19321.149016000003	19322.645879000003	19323.21524	19323.471401000003	19320.451267000004	19322.640788000004			1.0		0.0	2.0					
19326.716	12.036000000000058	trials	10.0	19335.114899000004	19336.750910000002			19334.558149000004	19336.745489000004			1.0		0.0	2.0					
19340.776	14.145999999997002	trials	10.0	19346.408678000003	19347.670570000002			19345.667198000003	19348.436476000003			2.0		1.0	1.0					
19355.297	16.90899999999965	trials	10.0	19369.930651000002	19370.206421000003			19368.949700000005	19370.194768000005			1.0		0.0	2.0					
