onset	duration	nwb_table	block	tone_on_time	tone_off_time	action_on_time	action_off_time	pokeC_on_time	pokeC_off_time	reward_on_time	reward_off_time	state	action	reward	result	FinishedBlock	FirstTrial	LastTrial	RewardRule_L	RewardRule_R
3.274	3384.4570000000003	BlockDesign														1.0	1.0	228.0	10.0	50.0
3.274	94.718	trials	1.0	95.191828	96.55655800000001	97.65453000000001	97.99436800000001	94.580584	97.131308			1.0	1.0	0.0	3.0					
101.987	38.74000000000001	trials	1.0	137.740848	139.15721200000002	140.402602	140.62626	137.0725	139.956442			1.0	1.0	0.0	3.0					
144.736	4.9950000000000045	trials	1.0	146.370798	147.920714	149.243964	149.73279	145.727616	148.66699400000002			1.0	1.0	0.0	3.0					
153.619	22.187000000000012	trials	1.0	171.84579200000002	173.242938			171.09653	173.734654			2.0		1.0	1.0					
179.396	12.12100000000001	trials	1.0	182.821512	184.678816			182.304394	185.03285400000001			2.0		1.0	1.0					
191.775	14.186000000000007	trials	1.0	193.442676	195.387384	204.25269	204.487796	191.51563000000002	195.789696	204.961	205.961	1.0	2.0	1.0	1.0					
209.022	5.498999999999995	trials	1.0	210.726104	211.859412	212.911184	213.074022	209.873166	212.311296	213.767	214.521	1.0	1.0	1.0	1.0					
217.585	8.846000000000004	trials	1.0	219.181102	220.45805000000001			218.655552	220.915222			2.0		1.0	1.0					
226.551	6.765000000000015	trials	1.0	228.398204	229.953426			226.4315	229.948036			1.0		0.0	2.0					
235.057	11.244	trials	1.0	243.881494	245.04804000000001	245.974458	246.28438	243.109882	245.492966			1.0	1.0	0.0	3.0					
250.307	5.444000000000017	trials	1.0	251.891398	253.744228			250.51993000000002	253.73518			1.0		0.0	2.0					
259.761	22.564999999999998	trials	1.0	278.417038	279.955944			277.799192	280.187098			2.0		1.0	1.0					
284.769	4.492000000000019	trials	1.0	286.676512	288.074926	288.928864	289.10267600000003	285.52835600000003	288.428432			1.0	1.0	0.0	3.0					
291.269	9.486999999999966	trials	1.0	296.9121	298.688258	299.21806	299.603522	296.029498	298.683884			1.0		0.0	2.0					
303.767	13.05400000000003	trials	1.0	313.926902	315.438286	316.490774	316.770922	313.234368	315.971356			1.0	2.0	0.0	3.0					
320.831	14.779999999999973	trials	1.0	332.773724	334.020308	335.107104	335.614348	332.00884	334.571174			1.0	1.0	0.0	3.0					
338.478	16.983000000000004	trials	1.0	350.39186	352.405204	353.243398	353.717168	349.517254	352.718284	338.536	355.461	1.0	2.0	1.0	1.0					
357.486	9.025000000000034	trials	1.0	362.367642	363.504226	364.12066	364.5458	361.462068	363.50121			1.0		0.0	2.0					
369.576	35.10499999999996	trials	1.0	401.767378	403.291756	404.28902	404.684798	400.893956	403.706562			1.0	2.0	0.0	3.0					
406.65	10.836000000000013	trials	1.0	414.41315000000003	415.99969	417.16512	417.44018	413.62023	416.60861			1.0	1.0	0.0	3.0					
419.496	11.425000000000011	trials	1.0	426.922954	428.11350600000003			426.14050000000003	428.767802	430.681	430.756	2.0		1.0	1.0					
434.443	13.858000000000004	trials	1.0	438.896626	440.742332	446.180174	446.525562	438.17568	441.261236	447.062	448.301	1.0	2.0	1.0	1.0					
450.366	6.855000000000018	trials	1.0	452.668248	454.59943			452.050182	454.91326200000003			2.0		1.0	1.0					
459.676	8.139999999999986	trials	1.0	461.387808	463.098544	466.104204	466.353328	460.497544	464.169128	466.868	467.816	1.0	1.0	1.0	1.0					
469.841	6.411000000000001	trials	1.0	473.075566	474.864396	475.928432	476.167858	472.243718	475.33311			1.0	1.0	0.0	3.0					
478.303	9.99799999999999	trials	1.0	483.56996	484.765804	486.232534	486.53028	482.963526	485.601896	486.986	488.301	1.0	2.0	1.0	1.0					
490.326	6.085999999999956	trials	1.0	493.883534	495.221396	496.086756	496.312658	492.981608	495.542028			1.0	2.0	0.0	3.0					
499.426	18.410000000000025	trials	1.0	502.569962	504.365424	515.3224640000001	515.799814	501.788784	505.074112			1.0	1.0	0.0	3.0					
519.646	18.889999999999986	trials	1.0	530.3287760000001	531.624358	536.553564	536.795194	529.5875759999999	532.6805899999999			1.0	2.0	0.0	3.0					
540.884	6.141999999999939	trials	1.0	542.509028	543.6098079999999	546.378504	547.0321100000001	538.543238	543.5991100000001			1.0		0.0	2.0					
547.659	5.52800000000002	trials	1.0	549.4452220000001	550.3456699999999	551.385354	553.1925719999999	547.6438519999999	550.3427919999999			1.0		0.0	2.0					
556.451	14.900999999999954	trials	1.0	568.0493899999999	569.697392	570.6193700000001	571.354644	567.1363819999999	570.173436			1.0	1.0	0.0	3.0					
573.991	16.821000000000026	trials	1.0	587.9992400000001	588.8146959999999			587.4539259999999	588.806358			1.0		0.0	2.0					
594.871	9.771000000000072	trials	1.0	601.5445400000001	602.6409799999999	604.2531140000001	604.6480019999999	600.845908	603.780338			1.0	1.0	0.0	3.0					
607.589	34.521999999999935	trials	1.0	638.864936	639.9569839999999	640.929736	641.135434	638.144816	640.479202			1.0	2.0	0.0	3.0					
645.301	7.800999999999931	trials	1.0	648.9148660000001	650.592114			648.0172480000001	651.038098			2.0		1.0	1.0					
656.64	5.002000000000066	trials	1.0	658.5194779999999	659.6825859999999	661.313224	661.545406	656.981008	660.1729339999999			1.0	1.0	0.0	3.0					
665.691	6.334999999999923	trials	1.0	667.736394	669.4119499999999			667.0530140000001	669.7925379999999			2.0		1.0	1.0					
676.476	6.865000000000009	trials	1.0	677.995058	679.251348	680.8164879999999	681.103492	676.660374	680.0630960000001			1.0	1.0	0.0	3.0					
684.193	6.898000000000025	trials	1.0	686.1514199999999	688.0303240000001			683.3488580000001	688.914624			2.0		1.0	1.0					
693.621	6.365000000000009	trials	1.0	695.401552	697.022536	698.0777800000001	698.3229040000001	694.66437	697.498096	698.966	699.986	1.0	2.0	1.0	1.0					
702.011	5.985000000000014	trials	1.0	705.1450600000001	706.741706	707.6638760000001	707.815724	704.59961	707.1437980000001			1.0	1.0	0.0	3.0					
710.017	9.528999999999996	trials	1.0	715.0002099999999	716.9605819999999			714.124932	717.30081			2.0		1.0	1.0					
723.019	6.45799999999997	trials	1.0	725.2551980000001	726.9162799999999			724.6455940000001	727.3717059999999			2.0		1.0	1.0					
731.983	6.128000000000043	trials	1.0	733.905608	735.6008059999999			733.229218	736.031434			2.0		1.0	1.0					
740.642	7.893999999999892	trials	1.0	743.6303439999999	745.35988	746.5586800000001	746.7776180000001	742.6267339999999	745.8343199999999	747.241	748.536	1.0	2.0	1.0	1.0					
752.602	6.553999999999974	trials	1.0	754.3149080000001	756.19865	757.154012	757.391834	753.6088219999999	756.5420200000001	757.876	759.156	1.0	2.0	1.0	1.0					
761.216	8.17999999999995	trials	1.0	764.4305139999999	766.062156	767.45355	767.6729339999999	763.615114	766.6890699999999	768.426	769.396	1.0	2.0	1.0	1.0					
772.461	5.375	trials	1.0	774.8708260000001	776.2462720000001	777.5144359999999	777.74523	774.079888	776.8290360000001			1.0	2.0	0.0	3.0					
780.892	4.9389999999999645	trials	1.0	783.0807380000001	784.33995	785.50079	785.7321179999999	782.247574	784.8446260000001			1.0	2.0	0.0	3.0					
787.841	9.264999999999986	trials	1.0	790.911362	792.6625120000001	794.0606640000001	794.621652	789.9803159999999	793.2006040000001			1.0	1.0	0.0	3.0					
797.392	4.383999999999901	trials	1.0	798.906438	800.1326120000001	800.957592	801.7835379999999	797.113484	800.218112			1.0	2.0	0.0	3.0					
804.336	24.480000000000018	trials	1.0	824.7061040000001	825.991812			824.128312	826.731074			2.0		1.0	1.0					
831.317	6.4389999999999645	trials	1.0	834.4177299999999	835.919834	837.4417900000001	837.7080020000001	833.886238	836.7867779999999			1.0	2.0	0.0	3.0					
840.796	11.245000000000005	trials	1.0	847.426134	849.2435620000001	850.102478	850.370034	846.5033920000001	849.6301599999999	850.767	852.041	1.0	2.0	1.0	1.0					
854.106	11.465000000000032	trials	1.0	856.706782	858.51277			856.0947880000001	859.086286			2.0		1.0	1.0					
865.916	5.909999999999968	trials	1.0	867.69785	869.258174			865.577004	869.7117499999999			2.0		1.0	1.0					
875.326	5.664999999999964	trials	1.0	877.0727440000001	878.6790759999999	879.366614	879.545576	875.962622	878.7178739999999	880.017	880.991	1.0	1.0	1.0	1.0					
884.056	4.961000000000013	trials	1.0	886.1268319999999	887.5679419999999	888.691732	888.9273659999999	885.4397160000001	888.1071240000001			1.0	1.0	0.0	3.0					
891.027	6.293999999999983	trials	1.0	893.981176	895.904616	897.005782	897.2788479999999	893.027212	896.3986460000001			1.0	2.0	0.0	3.0					
899.336	6.1299999999999955	trials	1.0	901.881864	903.1078219999999	904.675242	905.4741879999999	901.2177079999999	903.71281			1.0	1.0	0.0	3.0					
908.951	36.59500000000003	trials	1.0	942.3820740000001	944.065104	945.1783700000001	945.5535259999999	941.7494340000001	944.6306079999999			1.0	1.0	0.0	3.0					
948.541	6.404999999999973	trials	1.0	950.542308	952.36916			949.809276	952.6974399999999			2.0		1.0	1.0					
958.455	10.905999999999949	trials	1.0	965.4082559999999	966.807092			964.420748	967.1423400000001			2.0		1.0	1.0					
971.918	7.138000000000034	trials	1.0	974.021862	975.863942	976.9551260000001	977.253438	973.3212619999999	976.2843	977.711	979.056	1.0	2.0	1.0	1.0					
981.073	6.108000000000061	trials	1.0	984.32375	985.698378	986.8709240000001	987.0884860000001	983.4268	986.1072999999999			1.0	2.0	0.0	3.0					
991.191	4.794999999999959	trials	1.0	993.02189	994.50857	995.6707200000001	995.937854	991.690286	994.897704			1.0	1.0	0.0	3.0					
1000.041	13.42999999999995	trials	1.0	1008.2720340000001	1009.9652040000001	1011.0676060000001	1011.463328	1007.3314539999999	1010.4873540000001	1011.901	1013.471	1.0	2.0	1.0	1.0					
1017.496	8.021000000000072	trials	1.0	1020.123366	1021.435612	1022.4806840000001	1022.6955440000002	1019.346628	1021.867876			1.0	2.0	0.0	3.0					
1025.797	4.220000000000027	trials	1.0	1027.404362	1028.724082	1029.698208	1029.956328	1025.5248880000001	1029.033162			1.0	1.0	0.0	3.0					
1034.046	28.069999999999936	trials	1.0	1049.647684	1050.92458	1056.4250960000002	1056.7070820000001	1048.753378	1052.04419	1057.187	1058.312	1.0	2.0	1.0	1.0					
1062.336	6.4249999999999545	trials	1.0	1063.959124	1065.0596520000001	1065.992884	1066.22711	1062.1275520000002	1065.459464			1.0	1.0	0.0	3.0					
1069.321	4.819000000000187	trials	1.0	1070.873662	1072.135136			1068.771584	1072.12871			1.0		0.0	2.0					
1076.151	39.90499999999997	trials	1.0	1113.0040820000002	1114.797244	1115.717456	1116.064992	1112.190618	1115.1852760000002			1.0	1.0	0.0	3.0					
1118.076	9.768000000000029	trials	1.0	1123.353134	1125.244974			1122.6261980000002	1125.610774			2.0		1.0	1.0					
1131.301	7.735000000000127	trials	1.0	1133.0788300000002	1134.92153	1136.4297960000001	1136.868924	1131.330042	1135.74144			1.0	1.0	0.0	3.0					
1140.777	17.749000000000024	trials	1.0	1149.7235680000001	1151.640114	1156.5000240000002	1156.830702	1148.8545820000002	1152.082814	1157.331	1158.526	1.0	2.0	1.0	1.0					
1160.546	8.18100000000004	trials	1.0	1163.798824	1165.62145	1166.7006900000001	1166.9940880000001	1163.225134	1166.1684480000001	1167.451	1168.727	1.0	2.0	1.0	1.0					
1171.743	8.250999999999976	trials	1.0	1177.1933880000001	1178.7207720000001	1179.6290900000001	1179.9565260000002	1176.4822120000001	1179.0810040000001			1.0	2.0	0.0	3.0					
1181.991	6.026000000000067	trials	1.0	1184.6933860000001	1186.577646	1187.706578	1188.005462	1184.080254	1187.051706			1.0	1.0	0.0	3.0					
1190.062	9.330000000000155	trials	1.0	1194.768814	1196.3703460000002			1193.966934	1196.737012	1198.621	1199.392	2.0		1.0	1.0					
1203.497	10.458999999999833	trials	1.0	1209.308792	1211.1571740000002	1212.2193160000002	1212.459826	1208.496184	1211.6680740000002	1212.971	1213.956	1.0	1.0	1.0	1.0					
1215.977	11.118999999999915	trials	1.0	1221.0311000000002	1222.980788	1223.927512	1224.257286	1220.4362700000001	1223.373362			1.0	1.0	0.0	3.0					
1227.251	4.940000000000055	trials	1.0	1229.10949	1230.45619	1231.620098	1232.2005020000001	1227.104066	1231.004194			1.0	1.0	0.0	3.0					
1235.992	16.729000000000042	trials	1.0	1244.484946	1246.025996			1243.871806	1246.560788			2.0		1.0	1.0					
1253.312	4.689000000000078	trials	1.0	1255.234118	1257.03645	1257.6868180000001	1257.9738360000001	1252.732452	1257.1169180000002			1.0	1.0	0.0	3.0					
1261.011	7.605000000000018	trials	1.0	1264.05453	1265.320848	1266.344306	1266.6248640000001	1263.274786	1265.7446240000002	1267.081	1268.616	1.0	2.0	1.0	1.0					
1271.691	8.230000000000018	trials	1.0	1274.459726	1276.126598			1273.7188780000001	1276.111628			1.0		0.0	2.0					
1280.181	6.279999999999973	trials	1.0	1282.1605140000001	1283.901992			1279.934434	1284.260796			2.0		1.0	1.0					
1290.026	6.064999999999827	trials	1.0	1291.8752020000002	1293.534306			1291.303284	1293.78871			2.0		1.0	1.0					
1299.551	8.320000000000164	trials	1.0	1301.2149160000001	1302.432382	1303.8224420000001	1304.1275460000002	1300.4788720000001	1302.9498620000002			1.0	1.0	0.0	3.0					
1308.151	5.035999999999831	trials	1.0	1309.915418	1311.936826	1312.86759	1313.160748	1307.883444	1312.288824			1.0	2.0	0.0	3.0					
1317.201	5.039999999999964	trials	1.0	1318.835276	1320.717288	1321.7084240000002	1322.252756	1318.1196400000001	1321.1111700000001			1.0	1.0	0.0	3.0					
1326.026	17.41099999999983	trials	1.0	1339.12556	1340.8862960000001			1338.3305400000002	1341.299006			2.0		1.0	1.0					
1345.956	6.722000000000207	trials	1.0	1349.07687	1350.224256	1352.297606	1352.690888	1348.336352	1350.9889640000001			1.0	1.0	0.0	3.0					
1354.621	6.1099999999999	trials	1.0	1356.21039	1357.703538	1358.591194	1359.058136	1354.989514	1357.8612520000001	1359.481	1360.731	1.0	2.0	1.0	1.0					
1362.756	6.709999999999809	trials	1.0	1366.49578	1368.016852	1369.075608	1369.478894	1365.8761960000002	1368.5369640000001			1.0	2.0	0.0	3.0					
1371.406	5.986000000000104	trials	1.0	1374.54061	1375.397306			1373.534288	1375.390598			1.0		0.0	2.0					
1380.402	18.30899999999997	trials	1.0	1395.30165	1396.7530000000002	1397.641742	1398.11817	1394.555372	1396.999566	1392.696	1393.246	1.0	2.0	1.0	1.0					
1402.181	7.3599999999999	trials	1.0	1406.110402	1407.543106	1408.1440380000001	1408.538828	1405.33013	1407.537514			1.0		0.0	2.0					
1411.551	26.654999999999973	trials	1.0	1429.6407060000001	1431.0359660000001			1428.890048	1431.539104			2.0		1.0	1.0					
1438.306	5.444999999999936	trials	1.0	1440.317152	1442.357068	1443.236364	1443.764042	1438.216964	1442.45226			1.0	1.0	0.0	3.0					
1447.568	15.423000000000002	trials	1.0	1457.617622	1459.532036	1460.144962	1460.866056	1456.696566	1459.6298140000001			1.0	2.0	0.0	3.0					
1463.472	3.6700000000000728	trials	1.0	1465.006364	1465.148038			1463.005784	1465.142382			1.0		0.0	2.0					
1470.171	24.774999999999864	trials	1.0	1490.996838	1492.893168			1490.015492	1492.889912			2.0		0.0	2.0					
1496.981	6.161000000000058	trials	1.0	1498.641534	1499.973306	1500.947116	1501.4069200000001	1497.734952	1500.429932	1501.691	1503.142	1.0	2.0	1.0	1.0					
1507.091	8.150000000000091	trials	1.0	1510.6318800000001	1512.223306	1513.166242	1513.370874	1509.6554800000001	1512.594922	1513.886	1515.241	1.0	2.0	1.0	1.0					
1519.261	5.1400000000001	trials	1.0	1521.106766	1522.40663	1523.9821060000002	1524.209126	1519.996196	1522.3997080000001			1.0		0.0	2.0					
1526.451	5.240000000000009	trials	1.0	1528.08206	1529.1788960000001			1527.541886	1529.587158			2.0		1.0	1.0					
1534.216	5.670000000000073	trials	1.0	1537.207454	1538.2331860000002	1539.5671300000001	1539.873334	1536.2610140000002	1538.887422			1.0	1.0	0.0	3.0					
1541.931	14.375999999999976	trials	1.0	1552.0266920000001	1553.75306			1551.43723	1554.0455240000001			2.0		1.0	1.0					
1560.847	9.45900000000006	trials	1.0	1562.396666	1563.473984			1561.207946	1564.126686			2.0		1.0	1.0					
1570.801	4.225000000000136	trials	1.0	1572.497644	1573.7491340000001	1574.712614	1574.899564	1570.3188460000001	1573.9846220000002			1.0	2.0	0.0	3.0					
1578.036	5.204999999999927	trials	1.0	1580.0266960000001	1581.998914	1582.912932	1583.253428	1579.178222	1582.048712			1.0	1.0	0.0	3.0					
1585.246	13.174999999999955	trials	1.0	1593.487122	1594.98942	1596.052392	1596.412458	1592.5165120000001	1595.444904	1596.767	1598.421	1.0	2.0	1.0	1.0					
1601.477	6.953999999999951	trials	1.0	1605.408954	1607.3015420000002	1608.119682	1608.3519680000002	1604.4489620000002	1607.518842			1.0	1.0	0.0	3.0					
1610.486	7.004999999999882	trials	1.0	1613.942628	1615.489734			1613.07228	1615.478846			1.0		0.0	2.0					
1620.501	15.519999999999982	trials	1.0	1631.5382080000002	1633.5605420000002	1634.0708	1634.69948	1630.6280020000002	1633.54913	1634.856	1636.021	1.0	1.0	1.0	1.0					
1640.046	5.079999999999927	trials	1.0	1641.753144	1643.6959140000001	1644.807258	1645.05305	1641.16099	1644.3456740000001			1.0	1.0	0.0	3.0					
1647.137	12.07899999999995	trials	1.0	1656.177696	1658.1493460000002	1658.905946	1659.2044520000002	1655.2767840000001	1658.3254100000001			1.0	2.0	0.0	3.0					
1663.231	27.49000000000001	trials	1.0	1687.994384	1689.206008	1690.40955	1690.698326	1687.457458	1689.711618			1.0	2.0	0.0	3.0					
1693.762	7.528999999999996	trials	1.0	1697.108762	1698.2345460000001			1696.5416300000002	1699.202498			2.0		1.0	1.0					
1703.771	5.605000000000018	trials	1.0	1705.853442	1707.3805240000002	1708.0904480000002	1708.16166	1704.949106	1707.371318			1.0		0.0	2.0					
1713.436	10.634999999999991	trials	1.0	1715.034658	1716.619692	1722.24812	1722.5601880000002	1713.753122	1717.09421	1722.961	1724.071	1.0	2.0	1.0	1.0					
1727.132	4.970000000000027	trials	1.0	1729.523148	1731.18964	1731.634374	1732.114366	1728.563282	1731.1519680000001			1.0	1.0	0.0	3.0					
1735.001	5.120000000000118	trials	1.0	1736.858496	1738.1308040000001	1738.8093820000001	1738.892922	1736.22249	1738.126228			1.0		0.0	2.0					
1743.132	4.793999999999869	trials	1.0	1745.1935640000002	1746.665502	1747.621644	1747.793338	1744.683602	1747.120286			1.0	1.0	0.0	3.0					
1750.937	6.5490000000002055	trials	1.0	1754.3887200000001	1756.150646	1757.03673	1757.4996740000001	1753.4241200000001	1756.544128			1.0	2.0	0.0	3.0					
1759.361	4.6749999999999545	trials	1.0	1760.9789560000002	1762.581934	1763.549002	1764.053104	1760.158966	1763.0350600000002			1.0	1.0	0.0	3.0					
1767.886	10.80099999999993	trials	1.0	1770.6337720000001	1771.952696			1770.106248	1772.50726			2.0		1.0	1.0					
1779.271	31.965000000000146	trials	1.0	1808.809004	1809.947384	1810.900676	1811.2523680000002	1808.026944	1810.404608			1.0	1.0	0.0	3.0					
1815.231	7.2349999999999	trials	1.0	1819.864086	1820.9753	1821.9843660000001	1822.48277	1818.878152	1821.41462			1.0	2.0	0.0	3.0					
1825.307	8.960000000000036	trials	1.0	1830.073938	1831.171902			1829.544388	1831.976294			2.0		1.0	1.0					
1836.696	8.259999999999991	trials	1.0	1841.765304	1843.787524	1844.6428540000002	1844.8193760000001	1841.008258	1844.146266			1.0	2.0	0.0	3.0					
1846.966	5.690000000000055	trials	1.0	1849.206278	1851.246468	1852.347584	1852.673226	1848.562826	1851.719188			1.0	1.0	0.0	3.0					
1855.671	7.119999999999891	trials	1.0	1857.694424	1859.240916	1862.352112	1862.8082160000001	1856.962552	1860.088616			1.0	1.0	0.0	3.0					
1864.671	11.36999999999989	trials	1.0	1871.4892200000002	1872.96576			1870.877216	1873.7648120000001	1875.736	1876.041	2.0		1.0	1.0					
1878.121	8.044999999999845	trials	1.0	1881.599686	1883.605064			1880.9885040000001	1883.988024			2.0		1.0	1.0					
1889.631	4.184999999999945	trials	1.0	1891.359604	1892.5210960000002	1893.4896800000001	1893.685874	1889.7870540000001	1892.939394			1.0	1.0	0.0	3.0					
1896.867	15.114000000000033	trials	1.0	1907.760178	1909.416602			1907.214586	1909.8415280000002			2.0		1.0	1.0					
1914.446	5.8900000000001	trials	1.0	1917.121312	1918.471348	1920.0267760000002	1920.250368	1916.1690660000002	1919.360558			1.0	1.0	0.0	3.0					
1922.346	9.971000000000004	trials	1.0	1929.161376	1930.998012	1931.94524	1932.310768	1928.374716	1931.37508			1.0	1.0	0.0	3.0					
1934.271	4.392000000000053	trials	1.0	1936.0649	1937.252132	1938.3547620000002	1938.607428	1935.5358660000002	1937.653694			1.0	2.0	0.0	3.0					
1942.687	9.174000000000206	trials	1.0	1947.76045	1949.115822			1946.963628	1949.833824	1951.506	1951.681	2.0		1.0	1.0					
1955.378	7.163000000000011	trials	1.0	1958.0603700000001	1959.236642			1957.0593700000002	1960.40623			2.0		1.0	1.0					
1966.066	4.599999999999909	trials	1.0	1967.6804220000001	1969.383556	1970.346232	1970.593768	1966.498544	1969.76604			1.0	1.0	0.0	3.0					
1972.676	6.110000000000127	trials	1.0	1974.530078	1975.887304	1976.922966	1977.1814940000002	1973.958282	1976.311512	1977.606	1978.786	1.0	2.0	1.0	1.0					
1982.803	7.7879999999997835	trials	1.0	1985.570304	1987.649384	1988.555752	1988.844472	1984.98146	1988.0406560000001	1989.361	1990.591	1.0	2.0	1.0	1.0					
1994.649	9.472000000000207	trials	1.0	2001.0607240000002	2002.61822	2003.8109020000002	2004.046804	2000.408826	2003.0946020000001			1.0	2.0	0.0	3.0					
2008.131	40.61500000000001	trials	1.0	2044.071232	2045.984332	2046.837844	2047.1765120000002	2043.079332	2046.3175660000002	2047.536	2048.746	1.0	1.0	1.0	1.0					
2052.769	9.52200000000039	trials	1.0	2054.946038	2056.9950599999997	2061.976652	2062.286288	2054.059234	2057.257702			1.0	2.0	0.0	3.0					
2066.344	18.63299999999981	trials	1.0	2080.8727059999997	2082.077348	2083.02934	2083.3700099999996	2079.926838	2082.520752	2083.911	2084.977	1.0	2.0	1.0	1.0					
2088.012	7.283999999999651	trials	1.0	2091.945992	2093.303474	2094.01455	2094.282378	2091.010054	2093.290516			1.0		0.0	2.0					
2098.352	19.244000000000142	trials	1.0	2113.521844	2114.6976419999996	2115.8158479999997	2116.14454	2112.8162039999997	2115.053246	2116.602	2117.596	1.0	1.0	1.0	1.0					
2119.612	9.108999999999924	trials	1.0	2123.326428	2124.7734419999997	2125.888676	2126.2692359999996	2122.796102	2125.309312			1.0	1.0	0.0	3.0					
2129.156	4.755000000000109	trials	1.0	2130.861684	2132.898942	2133.5316639999996	2133.930822	2128.737272	2132.867026			1.0	2.0	0.0	3.0					
2137.906	9.085000000000036	trials	1.0	2142.812048	2144.1929139999997			2142.0261619999997	2144.752698			2.0		1.0	1.0					
2150.506	6.6150000000002365	trials	1.0	2152.0719019999997	2153.875196	2154.9892539999996	2155.294038	2151.123354	2154.386612	2155.687	2157.121	1.0	2.0	1.0	1.0					
2160.191	9.786000000000058	trials	1.0	2162.9321499999996	2164.7433539999997	2165.6799979999996	2165.93201	2162.419946	2164.774466			1.0	2.0	0.0	3.0					
2170.041	5.324999999999818	trials	1.0	2172.0175299999996	2173.134134	2175.057144	2175.36444	2169.997128	2173.6872479999997			1.0	1.0	0.0	3.0					
2178.402	15.074999999999818	trials	1.0	2189.333836	2190.924262			2188.7518959999998	2191.322216			2.0		1.0	1.0					
2196.011	12.195000000000164	trials	1.0	2200.039324	2201.1899019999996	2206.354462	2206.735314	2199.283004	2202.178854	2207.206	2208.206	1.0	1.0	1.0	1.0					
2210.261	7.744999999999891	trials	1.0	2213.7819719999998	2215.14084	2216.057484	2216.333894	2212.7875299999996	2215.4687839999997	2216.871	2218.006	1.0	2.0	1.0	1.0					
2221.026	9.115999999999985	trials	1.0	2223.60745	2225.079754	2226.1449399999997	2226.429842	2222.719326	2225.555528			1.0	2.0	0.0	3.0					
2230.471	4.880999999999858	trials	1.0	2232.282424	2233.364534			2230.161236	2233.348302			1.0		0.0	2.0					
2237.361	11.414999999999964	trials	1.0	2240.5393559999998	2241.8588539999996			2239.739532	2242.4345399999997			2.0		1.0	1.0					
2249.142	5.639000000000124	trials	1.0	2250.793394	2252.4553859999996	2253.26781	2254.8000039999997	2248.7965059999997	2252.799556			1.0	2.0	0.0	3.0					
2255.591	7.9650000000001455	trials	1.0	2260.258358	2262.079616	2263.171152	2263.572216	2259.571492	2262.461406			1.0	1.0	0.0	3.0					
2266.526	17.07300000000032	trials	1.0	2279.407588	2281.048516			2278.6391719999997	2281.4191419999997	2272.906	2273.166	2.0		1.0	1.0					
2287.062	4.144000000000233	trials	1.0	2288.8275399999998	2289.92507	2290.9007979999997	2291.2120179999997	2287.5037359999997	2290.34746			1.0	2.0	0.0	3.0					
2295.216	17.17599999999993	trials	1.0	2309.878762	2311.199354	2312.0032619999997	2312.4135659999997	2309.02844	2311.27907			1.0	2.0	0.0	3.0					
2314.316	7.519999999999982	trials	1.0	2319.2636519999996	2320.48837	2321.526802	2321.7533059999996	2318.308948	2320.899876			1.0	1.0	0.0	3.0					
2325.886	6.4050000000002	trials	1.0	2329.243266	2330.300918			2328.281696	2330.294418			1.0		0.0	2.0					
2336.301	4.6599999999998545	trials	1.0	2338.0588199999997	2339.485194	2340.194772	2340.9784019999997	2336.6788659999997	2339.48589			1.0	1.0	0.0	3.0					
2342.506	24.840000000000146	trials	1.0	2362.983868	2364.0447879999997			2362.1473779999997	2365.0805699999996	2347.301	2347.321	2.0		1.0	1.0					
2370.806	18.710999999999785	trials	1.0	2386.6398799999997	2387.46613			2385.654678	2387.4627819999996			1.0		0.0	2.0					
2391.571	13.514999999999873	trials	1.0	2402.585854	2404.24547	2404.732466	2405.1057619999997	2401.628698	2404.183264			1.0	2.0	0.0	3.0					
2408.087	8.929999999999836	trials	1.0	2413.063964	2414.4617359999997			2412.21967	2414.798252			2.0		1.0	1.0					
2420.558	15.248999999999796	trials	1.0	2432.59438	2433.81681			2432.0813399999997	2433.804824			1.0		0.0	2.0					
2437.824	6.231999999999971	trials	1.0	2441.519648	2442.066558			2440.530918	2442.0592659999998			1.0		0.0	2.0					
2446.066	15.356999999999971	trials	1.0	2452.244624	2453.87671	2461.0652019999998	2461.411744	2451.496318	2454.2187719999997			1.0	1.0	0.0	3.0					
2465.386	34.19200000000001	trials	1.0	2496.876234	2497.588226			2495.899932	2497.5847059999996			1.0		0.0	2.0					
2502.621	16.924999999999727	trials	1.0	2514.82989	2516.0926339999996	2517.51836	2518.00051	2514.18901	2516.970904	2518.181	2519.546	1.0	2.0	1.0	1.0					
2522.576	21.54399999999987	trials	1.0	2541.086526	2542.911652	2543.808772	2543.93824	2540.540702	2543.21535			1.0	2.0	0.0	3.0					
2546.126	7.399999999999636	trials	1.0	2549.0019039999997	2550.487912	2551.3299239999997	2551.769802	2548.360224	2550.8192959999997	2552.191	2553.526	1.0	2.0	1.0	1.0					
2556.557	5.093000000000302	trials	1.0	2558.820418	2560.130812	2561.319338	2561.60932	2558.1672	2560.680468			1.0	1.0	0.0	3.0					
2565.661	4.755000000000109	trials	1.0	2567.2351999999996	2568.427792			2565.74716	2568.4224			1.0		0.0	2.0					
2574.467	21.623999999999796	trials	1.0	2592.010938	2593.786502			2591.296876	2593.8437879999997	2595.681	2595.866	2.0		1.0	1.0					
2599.606	5.0099999999997635	trials	1.0	2602.0059619999997	2603.757268	2604.314798	2604.5397759999996	2600.99572	2603.73054			1.0	1.0	0.0	3.0					
2608.626	24.585999999999785	trials	1.0	2629.301396	2631.16934			2628.52169	2631.1639259999997			1.0		0.0	2.0					
2636.227	6.914000000000215	trials	1.0	2639.51676	2641.153198	2641.932726	2642.276438	2638.631226	2641.148506			1.0		0.0	2.0					
2647.192	7.199999999999818	trials	1.0	2650.151234	2651.7826059999998			2649.323128	2652.1224479999996	2654.017	2654.176	2.0		1.0	1.0					
2656.931	17.559999999999945	trials	1.0	2670.391346	2671.693256			2669.7286	2672.242526			2.0		1.0	1.0					
2678.967	6.69399999999996	trials	1.0	2680.62778	2682.5520819999997	2683.8647339999998	2684.1747579999997	2679.55249	2682.8841859999998	2684.616	2685.661	1.0	1.0	1.0	1.0					
2687.681	6.210999999999785	trials	1.0	2690.9268319999996	2692.728666	2693.5964679999997	2693.8785519999997	2690.10866	2693.046284			1.0	2.0	0.0	3.0					
2695.94	14.621999999999844	trials	1.0	2705.7219579999996	2708.0088539999997			2704.7979619999996	2708.376878			2.0		1.0	1.0					
2714.096	6.501000000000204	trials	1.0	2715.8419799999997	2717.704088	2718.721048	2719.028868	2715.307414	2718.124272	2719.526	2720.597	1.0	2.0	1.0	1.0					
2722.646	8.644999999999982	trials	1.0	2726.947138	2728.549024			2725.99756	2729.052656			2.0		1.0	1.0					
2733.852	6.954000000000178	trials	1.0	2735.866858	2737.3109799999997	2738.374626	2738.682958	2734.5619979999997	2737.706002	2739.121	2740.806	1.0	2.0	1.0	1.0					
2742.869	7.11200000000008	trials	1.0	2745.597516	2746.8034479999997	2747.914964	2748.20763	2744.9297979999997	2747.26811	2748.611	2749.981	1.0	2.0	1.0	1.0					
2753.006	11.620000000000346	trials	1.0	2760.951912	2762.643988			2759.965044	2762.632992			1.0		0.0	2.0					
2766.681	13.195999999999913	trials	1.0	2776.9325639999997	2778.578706	2779.4146299999998	2779.901622	2776.269778	2778.719474			1.0	2.0	0.0	3.0					
2782.767	7.403999999999996	trials	1.0	2785.504316	2786.918362	2788.015832	2788.3172879999997	2784.920202	2787.4339879999998	2788.831	2790.171	1.0	2.0	1.0	1.0					
2793.23	7.255999999999858	trials	1.0	2796.237196	2797.929334			2795.621514	2798.25205			2.0		1.0	1.0					
2802.991	4.869999999999891	trials	1.0	2805.3677159999997	2806.6207999999997	2807.5583279999996	2807.7777659999997	2804.5187779999997	2806.9508819999996			1.0	2.0	0.0	3.0					
2811.876	5.7199999999998	trials	1.0	2813.6224859999998	2815.608988	2817.386078	2817.6018059999997	2813.0301139999997	2815.5956039999996			1.0		0.0	2.0					
2821.606	5.299999999999727	trials	1.0	2823.257846	2824.8610839999997	2825.587838	2825.8166739999997	2822.3223319999997	2824.852316			1.0		0.0	2.0					
2830.921	50.76099999999997	trials	1.0	2878.763594	2880.623506	2881.382362	2881.6442359999996	2878.200242	2880.906962			1.0	2.0	0.0	3.0					
2885.699	80.37699999999995	trials	1.0	2962.70353	2964.65645	2965.7831159999996	2966.0141559999997	2961.7636899999998	2964.718006			1.0	1.0	0.0	3.0					
2970.086	10.895000000000437	trials	1.0	2971.8686119999998	2973.615484	2980.6756699999996	2980.93191	2970.666694	2973.777854			1.0	2.0	0.0	3.0					
2983.033	7.018000000000029	trials	1.0	2986.769194	2988.5683259999996	2989.514232	2990.0738979999996	2986.248908	2988.94713			1.0	1.0	0.0	3.0					
2991.866	29.795000000000073	trials	1.0	3017.829378	3019.115954			3017.2386619999997	3019.4411419999997			2.0		1.0	1.0					
3025.176	10.340999999999894	trials	1.0	3028.649744	3030.235988	3031.26455	3031.522884	3027.841654	3030.666414			1.0	1.0	0.0	3.0					
3035.626	26.070999999999913	trials	1.0	3057.779424	3058.851668	3059.740774	3059.985236	3057.080998	3059.260092	3060.596	3061.697	1.0	2.0	1.0	1.0					
3064.768	11.393000000000029	trials	1.0	3071.52472	3073.0657939999996	3073.9244139999996	3074.47504	3070.916064	3073.415868	3074.716	3076.161	1.0	2.0	1.0	1.0					
3078.229	8.412000000000262	trials	1.0	3082.7797419999997	3084.611942			3081.9636459999997	3084.606974			2.0		0.0	2.0					
3090.611	17.22499999999991	trials	1.0	3105.400108	3106.56186	3107.4592279999997	3107.8629819999996	3104.6260859999998	3106.9690219999998			1.0	2.0	0.0	3.0					
3110.767	10.579000000000178	trials	1.0	3118.435144	3120.109486	3121.095578	3121.3460919999998	3117.4837239999997	3120.1458119999998			1.0	2.0	0.0	3.0					
3123.354	104.40200000000004	trials	1.0	3222.8165799999997	3224.0279419999997			3221.8146819999997	3224.6720179999998	3226.651	3227.756	2.0		1.0	1.0					
3229.817	8.213999999999942	trials	1.0	3234.071242	3235.295092			3233.431194	3235.987624	3237.761	3238.021	2.0		1.0	1.0					
3240.557	8.484000000000378	trials	1.0	3242.601608	3244.202966	3245.424998	3245.492088	3241.81677	3244.1950699999998			1.0		0.0	2.0					
3250.293	19.623000000000047	trials	1.0	3265.5810779999997	3267.103184	3267.7983339999996	3268.143718	3264.79808	3267.214866	3268.531	3269.916	1.0	2.0	1.0	1.0					
3272.937	7.344000000000051	trials	1.0	3276.1660199999997	3277.7430919999997			3275.454514	3278.196572	3279.921	3280.036	2.0		1.0	1.0					
3282.826	35.596000000000004	trials	1.0	3314.432256	3316.385168	3317.009932	3317.079612	3313.844886	3316.379572			1.0		0.0	2.0					
3322.473	18.894000000000233	trials	1.0	3335.58639	3336.9591619999997	3337.52519	3337.7753639999996	3334.867902	3336.949454			1.0		0.0	2.0					
3341.948	22.27300000000014	trials	1.0	3361.758504	3362.965578	3363.854124	3364.2470559999997	3361.022384	3363.323078			1.0	1.0	0.0	3.0					
3367.159	12.061999999999898	trials	1.0	3376.673788	3378.083812	3378.92928	3379.133856	3375.747532	3378.4057399999997			1.0	2.0	0.0	3.0					
3382.236	5.495000000000346	trials	1.0	3385.242064	3386.75641	3387.5587579999997	3387.75843	3384.316774	3387.054076			1.0	2.0	0.0	3.0					
3390.871	453.7449999999999	BlockDesign														1.0	229.0	259.0	50.0	90.0
3390.871	87.98099999999977	trials	2.0	3474.2194419999996	3476.1766679999996	3476.9178039999997	3477.1563739999997	3473.60545	3476.451596	3477.661	3478.852	1.0	2.0	1.0	1.0					
3480.871	10.55600000000004	trials	2.0	3486.8282299999996	3488.484766	3489.3275479999998	3489.5958739999996	3485.871482	3488.7972379999997	3489.991	3491.427	1.0	2.0	1.0	1.0					
3493.446	8.530999999999949	trials	2.0	3498.6133	3499.859888	3501.6687399999996	3501.8777219999997	3497.636422	3500.503624			1.0	1.0	0.0	3.0					
3503.986	29.91000000000031	trials	2.0	3529.92899	3531.3451999999997			3529.1657219999997	3531.717064	3533.546	3533.826	2.0		1.0	1.0					
3537.361	6.305000000000291	trials	2.0	3539.323652	3540.479038	3541.756164	3542.00196	3538.5314439999997	3541.137332	3542.471	3543.666	1.0	2.0	1.0	1.0					
3545.691	8.595000000000255	trials	2.0	3549.408762	3551.33961	3552.196532	3552.4582179999998	3548.508762	3551.6509859999996	3552.937	3554.286	1.0	2.0	1.0	1.0					
3557.351	8.704999999999927	trials	2.0	3561.7888199999998	3563.75358			3560.83605	3563.929252			2.0		1.0	1.0					
3568.556	5.15099999999984	trials	2.0	3570.564054	3571.6703399999997			3569.6919639999996	3571.6677019999997			1.0		0.0	2.0					
3577.721	4.7800000000002	trials	2.0	3579.7340959999997	3580.521244			3578.15362	3580.515652			1.0		0.0	2.0					
3584.562	7.673999999999978	trials	2.0	3589.2791079999997	3590.2600439999997			3588.564286	3590.249938			1.0		0.0	2.0					
3596.277	13.023999999999887	trials	2.0	3605.0842979999998	3606.325826	3607.298872	3607.5044719999996	3604.5014539999997	3606.6831939999997	3607.931	3609.301	1.0	2.0	1.0	1.0					
3613.318	8.90899999999965	trials	2.0	3618.1017359999996	3619.992338			3617.412806	3620.233692	3621.841	3622.066	2.0		1.0	1.0					
3626.762	6.739000000000033	trials	2.0	3628.8764539999997	3630.4155419999997	3631.7357119999997	3631.96134	3627.8948299999997	3631.0993959999996	3632.401	3633.501	1.0	2.0	1.0	1.0					
3635.571	8.345000000000255	trials	2.0	3639.515124	3640.74206	3641.763758	3642.0202019999997	3638.830802	3641.1398139999997	3642.431	3643.916	1.0	2.0	1.0	1.0					
3646.946	6.925000000000182	trials	2.0	3650.55482	3652.3877079999997	3653.571758	3653.8410759999997	3649.9202659999996	3652.9494099999997			1.0	2.0	0.0	3.0					
3657.876	5.185999999999694	trials	2.0	3659.7394339999996	3661.675526	3662.7730119999997	3663.0700399999996	3659.1947299999997	3662.0090419999997			1.0	1.0	0.0	3.0					
3666.116	13.769999999999982	trials	2.0	3672.044562	3673.221694			3671.518146	3673.8620459999997			2.0		1.0	1.0					
3680.531	5.730000000000018	trials	2.0	3682.4448199999997	3684.282104			3679.915958	3684.2749639999997			1.0		0.0	2.0					
3690.312	15.509000000000015	trials	2.0	3701.5038459999996	3702.8267739999997	3703.7660339999998	3704.058376	3700.8136799999997	3703.219154	3704.501	3705.821	1.0	2.0	1.0	1.0					
3708.892	8.109000000000378	trials	2.0	3712.6852759999997	3713.717916	3714.8431299999997	3715.1580519999998	3711.99891	3714.255824	3715.666	3717.001	1.0	2.0	1.0	1.0					
3720.061	11.500999999999749	trials	2.0	3726.9756119999997	3728.830892			3726.258104	3729.4182499999997			2.0		1.0	1.0					
3735.121	6.639999999999873	trials	2.0	3737.5897299999997	3739.277354			3737.03647	3739.650374			2.0		1.0	1.0					
3744.286	6.829999999999927	trials	2.0	3747.534608	3749.0880399999996	3750.070444	3750.3400199999996	3746.654352	3749.4250239999997			1.0	2.0	1.0	1.0					
3753.652	10.308999999999742	trials	2.0	3759.511884	3760.6098159999997	3761.7013199999997	3761.95194	3758.978918	3760.938354	3762.376	3763.961	1.0	2.0	1.0	1.0					
3766.796	7.9900000000002365	trials	2.0	3770.0208319999997	3771.6670959999997	3772.432046	3772.6360059999997	3769.3768619999996	3771.7745539999996	3773.196	3774.786	1.0	2.0	1.0	1.0					
3778.812	7.048999999999978	trials	2.0	3781.2458739999997	3783.019754	3783.7489379999997	3784.06636	3780.7133759999997	3782.950554	3784.576	3785.861	1.0	2.0	1.0	1.0					
3789.931	7.0099999999997635	trials	2.0	3792.5167039999997	3794.0525279999997	3794.828784	3795.0322459999998	3792.0008479999997	3794.13586	3795.562	3796.941	1.0	2.0	1.0	1.0					
3800.966	9.950000000000273	trials	2.0	3808.1317959999997	3808.8893839999996			3807.24201	3808.885876			1.0		0.0	2.0					
3814.973	6.498000000000047	trials	2.0	3817.1376739999996	3818.6747539999997	3819.521332	3819.7382479999997	3816.568714	3818.8034159999997	3820.206	3821.471	1.0	1.0	1.0	1.0					
3824.491	9.664999999999964	trials	2.0	3830.2262619999997	3831.287434	3832.27072	3832.424606	3829.270458	3831.581616	3833.081	3834.156	1.0	2.0	1.0	1.0					
3837.264	7.351999999999862	trials	2.0	3839.94137	3841.7018359999997	3842.5589619999996	3842.7509059999998	3839.1452919999997	3841.924884	3843.517	3844.616	1.0	2.0	1.0	1.0					
3846.687	6334.57	BlockDesign														1.0	260.0	519.0	90.0	50.0
3846.687	10.969000000000051	trials	3.0	3850.24205	3851.4833399999998			3849.396596	3852.1521119999998			2.0		1.0	1.0					
3857.781	5.494999999999891	trials	3.0	3859.638218	3861.229186			3857.6870719999997	3861.1821259999997			2.0		1.0	1.0					
3867.771	5.0649999999996	trials	3.0	3869.7867699999997	3871.756462	3872.533934	3872.798888	3868.86985	3871.7618079999997			1.0	2.0	0.0	3.0					
3875.896	8.99599999999964	trials	3.0	3880.4660999999996	3881.603918			3879.944008	3881.5935379999996			1.0		0.0	2.0					
3885.591	11.75	trials	3.0	3893.731868	3895.3683459999997			3893.149414	3895.361066			1.0		0.0	2.0					
3899.372	10.059000000000196	trials	3.0	3906.501766	3907.4581799999996	3908.0977399999997	3908.46623	3905.53993	3907.446544			1.0		0.0	2.0					
3913.451	12.454999999999927	trials	3.0	3921.661826	3923.3635759999997			3920.706956	3923.733804			2.0		1.0	1.0					
3930.361	5.305000000000291	trials	3.0	3932.348518	3933.6893959999998			3931.228658	3933.6789599999997			1.0		0.0	2.0					
3937.677	19.648999999999887	trials	3.0	3953.5315	3955.2743619999997	3955.984062	3956.169928	3952.926998	3955.26988			1.0		0.0	2.0					
3961.353	9.702999999999975	trials	3.0	3967.777564	3969.0199359999997			3967.005042	3969.0119179999997			1.0		0.0	2.0					
3975.116	11.914999999999964	trials	3.0	3984.0988039999997	3985.75141	3986.7367219999996	3987.03253	3983.4607939999996	3986.0752639999996			1.0	2.0	0.0	3.0					
3989.076	17.65099999999984	trials	3.0	4001.992516	4003.753972	4004.7223959999997	4004.9970439999997	4001.101294	4004.1830959999998	4005.401	4006.727	1.0	2.0	1.0	1.0					
4010.767	5.489000000000033	trials	3.0	4012.599228	4013.7192499999996			4011.2751019999996	4014.105944			2.0		1.0	1.0					
4019.796	4.956000000000131	trials	3.0	4021.389272	4023.2531179999996	4024.505272	4024.763416	4020.365876	4023.919454			1.0	1.0	0.0	3.0					
4027.775	14.17599999999993	trials	3.0	4038.724058	4039.9764219999997	4040.6896359999996	4041.922346	4037.718836	4039.9681819999996			1.0		0.0	2.0					
4043.996	24.454999999999927	trials	3.0	4064.788118	4065.920088			4064.2855419999996	4066.3673759999997			2.0		1.0	1.0					
4071.968	4.288000000000011	trials	3.0	4073.9032119999997	4075.055274	4075.9656459999997	4076.08959	4073.248184	4075.452946			1.0	2.0	0.0	3.0					
4079.312	8.84900000000016	trials	3.0	4083.647424	4085.386896	4086.1675259999997	4086.3795139999997	4082.909686	4085.676544	4086.966	4088.161	1.0	2.0	1.0	1.0					
4091.236	5.085000000000036	trials	3.0	4093.2427679999996	4094.313006			4092.02411	4094.304268			1.0		0.0	2.0					
4098.331	4.930000000000291	trials	3.0	4100.277594	4101.19021	4102.198698	4102.23222	4099.24047	4101.1846399999995			1.0		0.0	2.0					
4107.277	7.34900000000016	trials	3.0	4110.2685759999995	4111.46588	4112.36374	4112.669336	4109.606	4111.867608	4113.187	4114.626	1.0	2.0	1.0	1.0					
4117.687	6.84900000000016	trials	3.0	4121.61212	4123.328574	4124.214574	4124.3325859999995	4121.074038	4123.6373539999995			1.0	2.0	0.0	3.0					
4128.583	9.01299999999992	trials	3.0	4133.393668	4135.084068			4132.6046639999995	4135.388298			2.0		1.0	1.0					
4140.131	7.579999999999927	trials	3.0	4142.747526	4144.67853	4145.739662	4145.951926	4141.897678	4145.1154879999995	4146.642	4147.711	1.0	1.0	1.0	1.0					
4150.796	7.765999999999622	trials	3.0	4153.993286	4155.529308	4156.4820119999995	4156.744222	4153.486714	4155.862362	4157.187	4158.562	1.0	2.0	1.0	1.0					
4160.581	6.764999999999418	trials	3.0	4164.4719239999995	4165.904528	4167.023498	4167.206388	4163.8766	4166.314628			1.0	2.0	0.0	3.0					
4170.399	5.371999999999389	trials	3.0	4172.467476	4174.219058	4175.278712	4175.768578	4171.672192	4174.669089999999			1.0	2.0	0.0	3.0					
4177.635	6.15099999999984	trials	3.0	4179.2688339999995	4180.82917	4181.7510839999995	4182.077106	4178.061232	4180.8709	4182.591	4183.786	1.0	1.0	1.0	1.0					
4187.806	7.1710000000002765	trials	3.0	4190.729136	4192.06035	4192.937378	4193.28884	4189.73648	4192.011734	4193.727	4194.977	1.0	1.0	1.0	1.0					
4197.041	8.304999999999382	trials	3.0	4201.332552	4203.082792			4200.422036	4203.310514			2.0		1.0	1.0					
4207.878	10.024000000000342	trials	3.0	4209.842345999999	4211.825874			4209.175878	4212.1326579999995			2.0		1.0	1.0					
4218.903	13.432999999999993	trials	3.0	4225.123446	4226.320632			4224.166026	4226.310662			1.0		0.0	2.0					
4232.392	13.259000000000015	trials	3.0	4240.743117999999	4242.27841	4243.097818	4243.374068	4239.807068	4242.25604	4243.868	4245.651	1.0	1.0	1.0	1.0					
4249.668	6.2280000000000655	trials	3.0	4251.368284	4253.293298	4253.856072	4254.138113999999	4250.557511999999	4253.2505759999995	4254.656	4255.896	1.0	1.0	1.0	1.0					
4257.937	8.404000000000451	trials	3.0	4261.993426	4263.374798	4264.222401999999	4264.449028	4261.391772	4263.53772	4265.066	4266.341	1.0	2.0	1.0	1.0					
4268.397	7.502999999999702	trials	3.0	4271.854902	4273.790254	4275.304588	4275.569492	4271.018932	4273.784392			2.0		0.0	2.0					
4279.921	9.789999999999964	trials	3.0	4285.343374	4286.858045999999	4287.752472	4288.034294	4284.6876139999995	4287.208926	4288.621	4289.711	1.0	2.0	1.0	1.0					
4292.746	7.010000000000218	trials	3.0	4294.73896	4296.580058	4297.743596	4297.935614	4293.998586	4297.091996	4298.496	4299.756	1.0	1.0	1.0	1.0					
4303.823	6.01299999999992	trials	3.0	4305.468382	4307.255279999999			4304.628758	4307.526084			2.0		1.0	1.0					
4313.341	4.479999999999563	trials	3.0	4315.253626	4315.81421	4316.470036	4316.618232	4313.555914	4315.8027139999995			1.0		0.0	2.0					
4321.831	9.335000000000036	trials	3.0	4328.17368	4329.156146			4327.47289	4329.1529279999995			1.0		0.0	2.0					
4333.217	5.050000000000182	trials	3.0	4334.980538	4336.260754	4337.107583999999	4337.5003019999995	4334.407958	4336.255614			1.0		0.0	2.0					
4341.281	6.595000000000255	trials	3.0	4344.199576	4345.866436	4346.760222	4347.157676	4343.255918	4345.858762			1.0		0.0	2.0					
4350.926	19.135999999999513	trials	3.0	4365.495514	4367.300818			4364.77049	4367.903474			2.0		1.0	1.0					
4373.576	8.894999999999527	trials	3.0	4377.334162	4378.670803999999	4379.25313	4379.497306	4376.418246	4378.6646279999995			1.0		0.0	2.0					
4382.696	18.145000000000437	trials	3.0	4396.949844	4398.051012	4398.895302	4399.125718	4396.006222	4398.364624	4399.886	4400.841	1.0	1.0	1.0	1.0					
4404.903	11.692999999999302	trials	3.0	4412.4897519999995	4414.02946			4411.512769999999	4414.377792			2.0		1.0	1.0					
4420.091	5.089999999999236	trials	3.0	4422.110054	4423.176407999999	4423.78193	4423.896802	4420.730442	4423.16523			1.0		0.0	2.0					
4427.191	5.815000000000509	trials	3.0	4429.7543479999995	4430.9434599999995			4428.765142	4430.930077999999			1.0		0.0	2.0					
4436.017	44.462000000000444	trials	3.0	4477.671488	4478.462232	4479.093796	4479.120076	4476.825062	4478.456798			1.0		0.0	2.0					
4482.531	10.449999999999818	trials	3.0	4490.17487	4491.587214	4492.465996	4492.983434	4489.440946	4491.816088			1.0	2.0	0.0	3.0					
4495.841	7.800999999999476	trials	3.0	4500.606914	4501.63624	4502.280682	4502.5625119999995	4499.935808	4501.625382			1.0		0.0	2.0					
4507.656	7.369999999999891	trials	3.0	4510.849728	4512.1767979999995	4512.82862	4513.112542	4510.047712	4512.275508	4513.642	4515.026	1.0	2.0	1.0	1.0					
4516.836	9.024999999999636	trials	3.0	4521.434776	4522.876982	4523.77817	4523.994138	4520.754682	4523.25817	4524.471	4525.861	1.0	2.0	1.0	1.0					
4527.881	10.670000000000073	trials	3.0	4531.570962	4532.952724			4530.721766	4532.9484919999995			1.0		0.0	2.0					
4539.027	11.984000000000378	trials	3.0	4546.7153419999995	4548.649426			4546.17064	4548.8985059999995	4550.596	4550.816	2.0		1.0	1.0					
4555.466	5.7609999999995125	trials	3.0	4558.220388	4559.757124	4560.91596	4561.170262	4557.6284399999995	4560.222508			1.0	2.0	0.0	3.0					
4564.276	8.230000000000473	trials	3.0	4568.305284	4570.24352			4567.570094	4570.478746	4572.246	4572.461	2.0		1.0	1.0					
4576.053	6.097999999999956	trials	3.0	4577.88572	4578.997814	4580.057954	4580.29781	4576.97315	4579.438654	4580.896	4582.151	1.0	2.0	1.0	1.0					
4586.216	5.3859999999995125	trials	3.0	4588.0711	4589.592564			4587.320675999999	4589.579213999999			1.0		0.0	2.0					
4594.611	12.115999999999985	trials	3.0	4602.85736	4603.908538			4602.110092	4604.479206			2.0		1.0	1.0					
4609.196	6.625	trials	3.0	4611.62635	4612.842678	4613.782848	4614.012778	4610.692669999999	4613.133793999999	4614.541	4615.821	1.0	2.0	1.0	1.0					
4617.888	8.163000000000466	trials	3.0	4621.140872	4622.267368	4626.050934	4626.337894	4620.211508	4622.252296			1.0		0.0	2.0					
4626.323	8.358999999999469	trials	3.0	4631.121466	4632.66842			4630.341743999999	4632.66504			1.0		0.0	2.0					
4636.741	6.7150000000001455	trials	3.0	4639.951974	4641.448918	4642.43541	4642.665558	4638.961225999999	4641.437088			1.0		0.0	2.0					
4647.466	6.024999999999636	trials	3.0	4649.777344	4650.877048			4649.2626279999995	4651.352027999999	4653.151	4653.491	2.0		1.0	1.0					
4656.514	5.016999999999825	trials	3.0	4658.921264	4660.0676539999995	4661.210292	4661.39609	4658.3695179999995	4660.401322			1.0	2.0	0.0	3.0					
4663.587	11.618999999999687	trials	3.0	4672.676289999999	4673.9488599999995	4674.881718	4675.1328379999995	4671.728838	4674.24564			1.0	2.0	0.0	3.0					
4679.216	4.345999999999549	trials	3.0	4681.161832	4681.493673999999			4679.220744	4681.4905			1.0		0.0	2.0					
4686.573	9.63799999999992	trials	3.0	4693.608072	4694.8481679999995	4695.892818	4696.118722	4692.746466	4695.259606			1.0	2.0	0.0	3.0					
4700.221	43.70500000000084	trials	3.0	4741.3643759999995	4742.754566	4743.614462	4743.8980759999995	4740.535806	4743.153396			1.0	2.0	0.0	3.0					
4745.937	8.829999999999927	trials	3.0	4750.462344	4751.728794	4752.703566	4753.0117119999995	4749.49688	4752.1458999999995	4753.406	4754.767	1.0	1.0	1.0	1.0					
4757.836	8.204999999999927	trials	3.0	4762.5926979999995	4764.03396	4764.800136	4765.00551	4761.832308	4764.024018			1.0		0.0	2.0					
4769.051	9.739999999999782	trials	3.0	4776.427516	4777.559348	4778.482506	4778.716534	4775.683884	4777.888676			1.0	2.0	0.0	3.0					
4781.847	8.045000000000073	trials	3.0	4786.899036	4787.83933			4785.931522	4787.8327899999995			1.0		0.0	2.0					
4792.901	44.840000000000146	trials	3.0	4829.123055999999	4831.079675999999			4828.220198	4831.239192			2.0		1.0	1.0					
4837.9	5.141000000000531	trials	3.0	4839.4581499999995	4841.039956			4837.743936	4841.029124			2.0		0.0	2.0					
4845.091	9.399999999999636	trials	3.0	4849.602796	4851.214884	4852.368068	4852.6599639999995	4848.886718	4851.6422	4853.211	4854.491	1.0	2.0	1.0	1.0					
4857.525	6.166000000000167	trials	3.0	4860.739276	4862.51973	4863.370344	4863.619108	4859.774719999999	4862.811659999999			1.0	2.0	0.0	3.0					
4865.717	6.345000000000255	trials	3.0	4868.281416	4870.0003879999995	4870.703396	4870.92956	4867.55073	4869.994724			1.0		0.0	2.0					
4874.076	11.065999999999804	trials	3.0	4881.053222	4882.489496	4883.224208	4883.41562	4880.3132	4882.533374	4883.937	4885.142	1.0	2.0	1.0	1.0					
4889.046	38.85999999999967	trials	3.0	4923.159014	4924.3588899999995	4927.73081	4927.910212	4922.204784	4924.35159			1.0		0.0	2.0					
4928.371	24.345000000000255	trials	3.0	4948.3438639999995	4949.500776	4950.231256	4950.805102	4947.429716	4949.656754	4950.861	4952.716	1.0	1.0	1.0	1.0					
4955.781	24.1899999999996	trials	3.0	4975.570802	4977.4610379999995			4974.99987	4977.896479999999			2.0		1.0	1.0					
4983.536	4.7849999999998545	trials	3.0	4985.284392	4986.2561319999995	4986.858146	4987.051108	4983.705142	4986.252688			1.0		0.0	2.0					
4990.374	27.14300000000003	trials	3.0	5012.96956	5014.761168	5015.455334	5015.669084	5012.4619999999995	5014.930194	5016.331	5017.517	1.0	2.0	1.0	1.0					
5019.536	7.8159999999998035	trials	3.0	5023.0895199999995	5024.417294	5025.219056	5025.460244	5022.531231999999	5024.455212	5026.041	5027.352	1.0	2.0	1.0	1.0					
5031.371	5.730999999999767	trials	3.0	5033.379677999999	5034.791738			5032.2798379999995	5034.901358			2.0		1.0	1.0					
5039.606	6.730000000000473	trials	3.0	5042.17981	5043.459266	5044.1025199999995	5044.426054	5041.539906	5043.49083	5044.791	5046.336	1.0	1.0	1.0	1.0					
5050.406	6.920000000000073	trials	3.0	5052.494884	5054.3638519999995	5056.6895939999995	5057.330104	5051.63321	5054.351024			2.0		0.0	2.0					
5058.421	11.75	trials	3.0	5064.321543999999	5065.386704	5066.086311999999	5066.311194	5063.329076	5065.407422	5066.826	5070.171	1.0	2.0	1.0	1.0					
5073.191	8.94000000000051	trials	3.0	5076.986424	5077.907182	5081.9766819999995	5082.139218	5076.07588	5077.901742			1.0		0.0	2.0					
5084.015	18.20599999999922	trials	3.0	5099.255002	5100.499872	5101.21824	5101.45305	5098.646118	5100.75763			1.0	2.0	0.0	3.0					
5105.597	14.519000000000233	trials	3.0	5117.050314	5118.893964	5119.791222	5120.047618	5116.202012	5119.061022			1.0	2.0	0.0	3.0					
5123.126	21.519999999999527	trials	3.0	5140.152126	5142.137118			5139.437394	5142.50959			2.0		1.0	1.0					
5148.202	6.583999999999833	trials	3.0	5151.10507	5152.784082	5153.352332	5153.546268	5150.115398	5152.772396			1.0		0.0	2.0					
5157.837	12.414999999999964	trials	3.0	5167.527726	5168.958718	5169.930238	5170.179108	5166.948055999999	5169.296102			1.0	2.0	0.0	3.0					
5173.309	9.782000000000153	trials	3.0	5178.750948	5180.126198	5181.194552	5181.532668	5177.996576	5180.651112	5181.937	5183.091	1.0	1.0	1.0	1.0					
5185.197	14.608999999999469	trials	3.0	5195.241459999999	5197.154039999999	5197.873642	5198.067741999999	5194.5398399999995	5197.19341	5198.661	5199.806	1.0	2.0	1.0	1.0					
5203.822	7.929000000000087	trials	3.0	5207.24652	5208.913274	5209.627388	5209.981452	5206.332892	5208.9070679999995	5210.431	5211.751	1.0	1.0	1.0	1.0					
5215.786	11.409999999999854	trials	3.0	5218.80159	5220.256708			5218.152596	5220.55607			2.0		1.0	1.0					
5227.301	4.484999999999673	trials	3.0	5229.13635	5229.783117999999	5230.5146239999995	5230.714338	5227.202556	5229.771006			1.0		0.0	2.0					
5233.796	7.519999999999527	trials	3.0	5237.266062	5238.765342			5236.642064	5239.121336			2.0		1.0	1.0					
5244.836	5.850999999999658	trials	3.0	5246.751442	5248.178632	5248.81577	5249.028416	5246.01166	5248.176214	5249.596	5250.687	1.0	1.0	1.0	1.0					
5252.752	7.803999999999178	trials	3.0	5257.081738	5258.553782	5259.1029579999995	5259.355232	5256.222417999999	5258.542885999999			1.0		0.0	2.0					
5264.576	11.305000000000291	trials	3.0	5273.362976	5274.453602	5275.3200799999995	5275.888896	5272.784898	5274.754558			1.0	2.0	0.0	3.0					
5277.642	12.469000000000051	trials	3.0	5286.67655	5288.058478	5289.333168	5289.461514	5285.827698	5288.05168			1.0		0.0	2.0					
5292.166	8.909999999999854	trials	3.0	5296.323708	5298.119836	5298.97796	5299.18929	5295.592418	5298.455325999999	5299.761	5301.076	1.0	2.0	1.0	1.0					
5303.122	9.868999999999687	trials	3.0	5307.198297999999	5308.700568	5309.695197999999	5309.868312	5306.358086	5309.095168			1.0	2.0	0.0	3.0					
5314.054	8.922999999999774	trials	3.0	5320.591892	5321.661991999999	5322.661099999999	5322.906106	5320.02203	5322.035658			1.0	2.0	0.0	3.0					
5324.986	13.954999999999927	trials	3.0	5334.363482	5335.709366	5336.992765999999	5337.288032	5333.438268	5336.405654	5337.816	5338.941	1.0	1.0	1.0	1.0					
5341.007	10.41400000000067	trials	3.0	5347.16757	5348.459248	5349.35905	5349.593048	5346.504124	5348.797826	5350.211	5351.421	1.0	2.0	1.0	1.0					
5355.466	5.210000000000036	trials	3.0	5357.597691999999	5359.214214	5360.358194	5360.649914	5356.776228	5359.686616			1.0	2.0	0.0	3.0					
5363.687	6.408999999999651	trials	3.0	5365.93202	5367.829484			5365.121422	5368.01597			2.0		1.0	1.0					
5373.608	7.403000000000247	trials	3.0	5375.207988	5376.135142	5376.964914	5377.096058	5374.039506	5376.120374			1.0		0.0	2.0					
5382.146	4.025000000000546	trials	3.0	5383.977178	5384.1745599999995	5384.866943999999	5385.12151	5381.021158	5384.163478			1.0		0.0	2.0					
5390.227	7.244999999999891	trials	3.0	5392.932548	5394.134536	5395.081593999999	5395.3546719999995	5392.251902	5394.526542	5395.906	5397.472	1.0	2.0	1.0	1.0					
5401.54	6.601999999999862	trials	3.0	5403.918102	5405.470364	5406.185502	5406.537154	5403.327082	5405.52617	5407.011	5408.142	1.0	1.0	1.0	1.0					
5411.246	8.074999999999818	trials	3.0	5415.364462	5416.568934			5414.445382	5417.257414	5419.051	5419.251	2.0		1.0	1.0					
5422.911	6.225000000000364	trials	3.0	5424.9229319999995	5426.248933999999	5426.955408	5427.181672	5423.560898	5426.374492	5427.806	5429.136	1.0	1.0	1.0	1.0					
5431.247	8.713999999999942	trials	3.0	5435.654526	5436.875162	5437.762164	5437.890484	5434.656432	5436.871294			1.0		0.0	2.0					
5441.937	20.15899999999965	trials	3.0	5457.54342	5459.575164			5456.942426	5459.913526			2.0		1.0	1.0					
5465.642	6.173999999999978	trials	3.0	5467.529928	5468.915188	5469.782716	5470.0205	5466.671946	5469.256968	5470.721	5471.816	1.0	1.0	1.0	1.0					
5474.841	6.789999999999964	trials	3.0	5478.248514	5479.576518	5480.432816	5480.637892	5477.38209	5479.569738			1.0		0.0	2.0					
5485.681	21.921000000000276	trials	3.0	5503.4687539999995	5504.594926	5505.549212	5505.79087	5502.9348899999995	5504.93624	5506.341	5507.602	1.0	2.0	1.0	1.0					
5509.666	8.014999999999418	trials	3.0	5512.678378	5513.922366			5511.925326	5514.346394	5516.136	5517.681	2.0		1.0	1.0					
5520.747	4.908999999999651	trials	3.0	5523.075262	5524.173199999999	5525.346546	5525.615535999999	5522.21637	5524.707179999999			1.0	2.0	0.0	3.0					
5527.706	6.230999999999767	trials	3.0	5529.379048	5531.340622			5528.0801599999995	5531.6724859999995			2.0		1.0	1.0					
5537.436	8.450000000000728	trials	3.0	5539.388934	5540.520116	5542.197214	5542.42839	5537.7370439999995	5540.509884			1.0		0.0	2.0					
5546.566	6.400000000000546	trials	3.0	5548.155364	5549.411886			5545.896294	5550.30869	5552.216	5552.966	2.0		1.0	1.0					
5554.986	8.015000000000327	trials	3.0	5558.499272	5559.975222	5561.131266	5561.29283	5557.90862	5560.432922	5561.977	5563.001	1.0	1.0	1.0	1.0					
5567.091	6.085000000000036	trials	3.0	5568.78439	5570.12406			5567.970428	5570.902926			2.0		1.0	1.0					
5575.714	4.902000000000044	trials	3.0	5577.3491699999995	5579.260862	5580.29966	5580.58299	5576.765794	5579.69835			1.0	2.0	0.0	3.0					
5582.667	11.72899999999936	trials	3.0	5590.030946	5591.32111	5592.458632	5592.7027259999995	5589.20902	5591.731166	5593.201	5594.396	1.0	1.0	1.0	1.0					
5596.432	7.569000000000415	trials	3.0	5599.530804	5600.698908			5598.708189999999	5601.88061			2.0		1.0	1.0					
5606.616	7.164999999999964	trials	3.0	5609.054346	5610.579018	5611.559158	5611.774154	5608.330576	5610.934028	5612.352	5613.781	1.0	1.0	1.0	1.0					
5617.824	7.072000000000116	trials	3.0	5620.219804	5621.242554	5622.688443999999	5622.912074	5619.6668119999995	5621.91213			1.0	2.0	0.0	3.0					
5627.049	11.530999999999949	trials	3.0	5634.004874	5636.070245999999			5633.401414	5636.41921			2.0		1.0	1.0					
5642.116	5.945999999999913	trials	3.0	5643.72969	5644.917826	5646.062908	5646.3520659999995	5642.9818239999995	5645.391102	5646.906	5648.062	1.0	2.0	1.0	1.0					
5651.081	6.914999999999964	trials	3.0	5653.879846	5655.386302			5653.17006	5655.858058			2.0		1.0	1.0					
5660.566	8.81500000000051	trials	3.0	5663.254994	5664.731288	5665.76297	5665.846862	5662.396307999999	5664.72231			1.0		0.0	2.0					
5669.76	5.4669999999996435	trials	3.0	5671.78522	5673.225931999999			5669.391544	5673.21932			1.0		0.0	2.0					
5678.232	7.128999999999905	trials	3.0	5680.40002	5682.256512	5683.259564	5683.576578	5679.541088	5682.559069999999	5684.001	5685.361	1.0	2.0	1.0	1.0					
5689.427	6.449000000000524	trials	3.0	5692.906784	5694.0084879999995	5695.155248	5695.886704	5692.123508	5694.515133999999			1.0	2.0	0.0	3.0					
5697.496	8.75	trials	3.0	5701.675454	5703.25099	5704.267465999999	5704.518905999999	5700.724666	5703.614382	5705.062	5706.246	1.0	1.0	1.0	1.0					
5709.351	7.494999999999891	trials	3.0	5712.005878	5714.026428	5714.657617999999	5714.959722	5711.16458	5714.159194	5715.466	5716.846	1.0	1.0	1.0	1.0					
5720.866	6.610999999999876	trials	3.0	5722.475564	5724.252366	5724.955556	5725.220858	5721.922814	5724.398888	5725.626	5727.477	1.0	1.0	1.0	1.0					
5730.272	8.204999999999927	trials	3.0	5733.500828	5735.352214	5736.272784	5736.497477999999	5732.8704099999995	5735.71574	5736.991	5738.477	1.0	1.0	1.0	1.0					
5742.547	6.8840000000000146	trials	3.0	5744.710924	5746.096047999999	5747.271674	5747.495916	5743.976358	5746.670692	5748.126	5749.431	1.0	1.0	1.0	1.0					
5752.501	7.677999999999884	trials	3.0	5756.715706	5758.764843999999	5759.870496	5760.062884	5755.996104	5759.043736			1.0	2.0	0.0	3.0					
5762.191	10.4350000000004	trials	3.0	5768.970732	5770.057428			5768.054414	5770.054778			1.0		0.0	2.0					
5774.116	44.789999999999964	trials	3.0	5814.48599	5815.722846	5816.743628	5817.2403699999995	5813.726855999999	5816.211252	5817.562	5818.906	1.0	1.0	1.0	1.0					
5821.971	11.21600000000035	trials	3.0	5824.961528	5826.03449			5824.123446	5826.681424			2.0		1.0	1.0					
5833.371	4.739999999999782	trials	3.0	5835.17671	5836.853714	5837.800617999999	5838.07396	5834.4393199999995	5836.91656			1.0	2.0	0.0	3.0					
5842.163	6.863000000000284	trials	3.0	5844.02132	5845.963374	5846.61979	5846.859668	5843.089889999999	5845.98932	5847.386	5849.026	1.0	1.0	1.0	1.0					
5852.131	8.528999999999542	trials	3.0	5856.24689	5858.052576			5855.666442	5858.42995			2.0		1.0	1.0					
5863.172	5.379000000000815	trials	3.0	5865.266766	5866.553678			5864.680382	5866.549046			1.0		0.0	2.0					
5871.562	7.548999999999978	trials	3.0	5874.546898	5876.610326			5873.849794	5877.011348			2.0		1.0	1.0					
5882.671	8.63000000000011	trials	3.0	5884.566542	5886.303926	5886.971366	5887.09677	5883.495358	5886.2923359999995			1.0		0.0	2.0					
5892.341	4.5109999999995125	trials	3.0	5893.917528	5894.798919999999			5891.3158619999995	5894.795201999999			1.0		0.0	2.0					
5898.861	18.69000000000051	trials	3.0	5914.257278	5915.495466			5913.289198	5915.487986			1.0		0.0	2.0					
5919.608	81.36899999999969	trials	3.0	5996.227346	5998.088138	5998.959849999999	5999.2257819999995	5995.43549	5998.375994	5999.767	6000.977	1.0	2.0	1.0	1.0					
6002.991	7.9350000000004	trials	3.0	6007.994176	6009.057801999999	6010.62372	6010.801498	6007.096702	6009.992942			1.0	1.0	0.0	3.0					
6012.931	18.6200000000008	trials	3.0	6028.873586	6030.26451	6031.23609	6031.48205	6027.9321899999995	6030.667054			1.0	2.0	0.0	3.0					
6034.562	7.162000000000262	trials	3.0	6037.09779	6039.129256			6036.351718	6039.451528			2.0		1.0	1.0					
6045.211	4.850999999999658	trials	3.0	6046.898028	6048.927143999999	6049.754832	6050.025362	6045.239586	6049.197368			1.0	2.0	0.0	3.0					
6052.071	11.725000000000364	trials	3.0	6059.741024	6060.871462	6061.984345999999	6062.31109	6059.070282	6061.23954	6062.616	6063.796	1.0	1.0	1.0	1.0					
6066.826	7.960000000000036	trials	3.0	6070.213346	6072.130266	6072.747684	6073.0620739999995	6069.220052	6072.237156	6073.371	6074.786	1.0	1.0	1.0	1.0					
6078.849	5.356999999999971	trials	3.0	6081.31323	6082.916752	6083.895692	6084.106568	6080.6617719999995	6083.251676			1.0	2.0	0.0	3.0					
6086.216	5.420000000000073	trials	3.0	6088.204962	6089.5905	6090.539622	6090.779278	6086.744922	6089.584336			1.0		0.0	2.0					
6094.687	12.439000000000306	trials	3.0	6102.785206	6104.069316	6105.052132	6105.221434	6101.869699999999	6104.505682	6105.731	6107.126	1.0	2.0	1.0	1.0					
6111.236	5.734999999999673	trials	3.0	6112.768676	6114.41597			6111.608303999999	6114.762753999999			2.0		1.0	1.0					
6120.487	6.269000000000233	trials	3.0	6122.258878	6123.555452	6124.545356	6124.7713459999995	6121.738206	6123.909318	6125.356	6126.756	1.0	2.0	1.0	1.0					
6130.68	6.685999999999694	trials	3.0	6133.08899	6134.81485	6135.431864	6135.630015999999	6132.221858	6134.75431	6136.301	6137.366	1.0	1.0	1.0	1.0					
6139.432	6.939000000000306	trials	3.0	6142.273458	6143.510211999999	6144.118758	6144.337328	6141.53587	6143.456286	6144.796	6146.371	1.0	1.0	1.0	1.0					
6150.435	14.998999999999796	trials	3.0	6161.26019	6162.9308280000005			6160.393328	6163.37728			2.0		1.0	1.0					
6168.963	6.467999999999847	trials	3.0	6171.349574	6172.932142			6170.599711999999	6173.29291			2.0		1.0	1.0					
6178.978	6.333999999999833	trials	3.0	6180.983876	6182.29003	6183.248694	6183.421654	6179.709518	6182.60778	6183.981	6185.312	1.0	1.0	1.0	1.0					
6189.331	5.545000000000073	trials	3.0	6191.51922	6192.876702	6193.907327999999	6193.9828259999995	6190.740102	6192.871687999999			1.0		0.0	2.0					
6198.887	5.514000000000124	trials	3.0	6201.786172	6203.0258300000005	6204.094422	6204.3711220000005	6201.173594	6203.379364			1.0	2.0	0.0	3.0					
6208.411	6.6599999999998545	trials	3.0	6210.839814	6212.471156			6210.172686	6212.812102			2.0		1.0	1.0					
6217.533	5.983999999999469	trials	3.0	6220.389646	6221.52669			6219.690466	6221.517044			1.0		0.0	2.0					
6225.531	5.162000000000262	trials	3.0	6227.5150699999995	6228.591829999999			6226.157614	6228.589018			1.0		0.0	2.0					
6232.728	9.943000000000211	trials	3.0	6238.564704	6239.7566879999995	6240.69481	6240.894262	6237.944165999999	6240.098634	6241.541	6242.671	1.0	2.0	1.0	1.0					
6245.737	9.769000000000233	trials	3.0	6248.549918	6250.326058			6247.922934	6250.323474			1.0		0.0	2.0					
6256.436	34.10500000000047	trials	3.0	6287.045216	6288.517416	6289.223464	6289.404834	6286.136608	6288.505292			1.0		0.0	2.0					
6293.546	13.140999999999622	trials	3.0	6303.685213999999	6304.642126	6305.442091999999	6305.622665999999	6302.732685999999	6304.637762			1.0		0.0	2.0					
6308.746	12.904999999999745	trials	3.0	6318.098162	6319.606892	6320.284417999999	6320.4167959999995	6317.284878	6319.59035			1.0		0.0	2.0					
6323.709	12.606999999999971	trials	3.0	6333.871712	6335.0027	6336.019698	6336.23674	6333.284034	6335.527638			1.0	2.0	0.0	3.0					
6340.365	48.47600000000057	trials	3.0	6384.836388	6386.1643380000005	6386.955592	6387.122482	6384.06717	6386.363502	6387.636	6388.841	1.0	2.0	1.0	1.0					
6392.831	4.420000000000073	trials	3.0	6394.5607	6395.887634	6396.783758	6397.026376	6394.04477	6396.281718			1.0	2.0	0.0	3.0					
6399.091	4.675999999999476	trials	3.0	6400.957434	6401.718052	6402.46472	6402.556549999999	6399.751947999999	6401.712917999999			1.0		0.0	2.0					
6405.821	17.215000000000146	trials	3.0	6418.851167999999	6420.64143			6418.18209	6420.864534	6422.736	6423.036	2.0		1.0	1.0					
6427.092	6.28400000000056	trials	3.0	6429.58251	6431.328264	6432.142242	6432.276994	6428.681068	6431.3178			1.0		0.0	2.0					
6435.427	34.11400000000049	trials	3.0	6465.9910199999995	6467.043994			6465.0677	6467.4575239999995			2.0		1.0	1.0					
6473.15	7.721000000000458	trials	3.0	6476.816676	6478.034068	6478.982338	6479.163592	6476.287894	6478.42531	6479.771	6480.871	1.0	2.0	1.0	1.0					
6482.936	8.740000000000691	trials	3.0	6488.716909999999	6490.433381999999	6491.361333999999	6491.54638	6488.188593999999	6490.769026			1.0	2.0	0.0	3.0					
6494.687	6.423999999999978	trials	3.0	6497.083252	6498.8034179999995			6496.294341999999	6499.034592			2.0		1.0	1.0					
6504.626	6.0549999999993815	trials	3.0	6506.351686	6508.058897999999	6508.856986	6509.0309799999995	6505.78558	6508.306724	6509.656	6510.681	1.0	2.0	1.0	1.0					
6514.713	6.708000000000538	trials	3.0	6516.781754	6518.8032060000005	6519.535583999999	6519.753428	6515.929816	6518.886364	6520.221	6521.421	1.0	1.0	1.0	1.0					
6525.482	7.173999999999978	trials	3.0	6528.333726	6530.046399999999			6527.766258	6530.381649999999	6532.196	6532.401	2.0		1.0	1.0					
6536.131	6.652000000000044	trials	3.0	6539.4468560000005	6540.73891			6538.650299999999	6540.729332			1.0		0.0	2.0					
6546.841	10.989999999999782	trials	3.0	6553.522204	6554.750398			6552.652328	6555.5513439999995			2.0		1.0	1.0					
6562.286	4.77599999999984	trials	3.0	6564.002624	6565.069638			6563.175477999999	6565.0585599999995			1.0		0.0	2.0					
6570.106	10.326000000000022	trials	3.0	6576.834164	6578.41619	6579.165381999999	6579.631702	6576.085086	6578.407976			1.0		0.0	2.0					
6582.491	17.890000000000327	trials	3.0	6596.89873	6598.385052	6598.912822	6599.119842	6596.033407999999	6598.379177999999			1.0		0.0	2.0					
6603.433	47.39300000000003	trials	3.0	6646.793312	6648.225222			6645.891224	6648.622368			2.0		1.0	1.0					
6654.318	4.457999999999629	trials	3.0	6656.273272	6657.8307700000005	6658.4805	6658.690032	6655.07136	6657.926356			1.0	2.0	0.0	3.0					
6662.786	5.02599999999984	trials	3.0	6664.584706	6665.774952			6663.357436	6665.770377999999			1.0		0.0	2.0					
6671.861	7.8659999999999854	trials	3.0	6675.063082	6676.6441780000005			6674.44755	6677.44835			2.0		1.0	1.0					
6682.237	9.748999999999796	trials	3.0	6687.343682	6689.438472			6686.4265940000005	6689.739643999999			2.0		1.0	1.0					
6694.526	7.536000000000058	trials	3.0	6696.794002	6698.11225	6700.0121	6700.2181980000005	6696.226912	6699.097362			2.0		0.0	4.0					
6706.106	11.480000000000473	trials	3.0	6714.51394	6715.59124			6713.769485999999	6715.584172			1.0		0.0	2.0					
6720.596	54.88100000000031	trials	3.0	6772.224364	6773.386119999999	6774.412258	6774.6055400000005	6771.65871	6773.888387999999			1.0	2.0	1.0	1.0					
6777.978	42.552999999999884	trials	3.0	6816.794832	6818.481292	6819.14773	6819.2725900000005	6815.93287	6818.476302			1.0		0.0	2.0					
6822.588	8.684000000000196	trials	3.0	6827.376036	6828.475259999999	6829.3248459999995	6829.612008	6826.439098	6828.800572	6830.006	6831.272	1.0	2.0	1.0	1.0					
6835.301	6.309999999999491	trials	3.0	6837.264938	6839.05661			6836.690103999999	6839.444056			2.0		1.0	1.0					
6845.113	6.073999999999614	trials	3.0	6846.814861999999	6848.639546			6845.901336	6848.950744			2.0		1.0	1.0					
6854.69	5.037000000000262	trials	3.0	6856.420278	6857.677416	6858.79245	6859.398326	6855.271434	6857.666818			1.0		0.0	2.0					
6862.76	17.440999999999804	trials	3.0	6875.985046	6877.156976	6877.816218	6878.062857999999	6875.001912	6877.15176			1.0		0.0	2.0					
6881.199	41.75200000000041	trials	3.0	6920.02518	6921.703372	6922.64494	6922.857832	6919.102346	6922.112607999999			1.0	2.0	0.0	3.0					
6925.956	5.135000000000218	trials	3.0	6927.615406	6929.10492	6929.712106	6929.963904	6926.878176	6929.096777999999			1.0		0.0	2.0					
6934.097	15.295000000000073	trials	3.0	6944.990325999999	6946.592756			6944.1616859999995	6947.16212			2.0		1.0	1.0					
6953.886	4.0	trials	3.0	6955.575478	6956.63743	6957.580685999999	6957.808504	6955.01309	6956.978008			1.0	2.0	0.0	3.0					
6959.935	11.860999999999876	trials	3.0	6968.215914	6969.808725999999			6967.618348	6969.80286			1.0		0.0	2.0					
6974.806	68.77000000000044	trials	3.0	7040.886788	7041.59015	7043.056354	7043.254634	7040.128017999999	7041.58505			1.0		0.0	2.0					
7047.621	11.52099999999973	trials	3.0	7055.293256	7057.1080600000005	7057.88934	7057.935697999999	7054.459164	7057.100093999999			1.0		0.0	2.0					
7063.196	383.375	trials	3.0	7443.284736	7444.5866			7442.550804	7444.57748			1.0		0.0	2.0					
7448.576	275.4300000000003	trials	3.0	7721.812561999999	7722.024794			7721.222535999999	7722.0193739999995			1.0		0.0	2.0					
7726.017	13.314000000000306	trials	3.0	7737.322226	7737.350189999999			7736.57021	7737.34264			1.0		0.0	2.0					
7742.386	2027.0550000000003	trials	3.0	9764.195388	9766.032806	9767.770654	9769.444346	9763.341	9766.024714			1.0		0.0	2.0					
9772.098	70.00799999999981	trials	3.0	9837.505604	9838.900434	9840.234816	9840.43935	9836.518914	9839.475564	9841.066	9842.106	1.0	1.0	1.0	1.0					
9844.171	14.784999999999854	trials	3.0	9850.585398	9852.552072	9857.547562	9857.944144000001	9849.87398	9852.937686000001			1.0	2.0	0.0	3.0					
9860.928	17.63800000000083	trials	3.0	9869.745974	9871.75137	9876.425312	9876.83606	9868.99101	9872.476172	9877.211	9878.566	1.0	1.0	1.0	1.0					
9880.603	10.959000000000742	trials	3.0	9886.425842	9888.220408000001	9889.416552	9889.58357	9885.428	9888.823738000001	9890.236	9891.562	1.0	1.0	1.0	1.0					
9894.623	6.503000000000611	trials	3.0	9896.94288	9898.312338			9895.99901	9898.827734			2.0		1.0	1.0					
9903.652	7.588999999999942	trials	3.0	9906.041062	9908.029228	9908.962974	9909.176398	9905.286948	9908.388494	9909.711	9911.241	1.0	1.0	1.0	1.0					
9915.026	6.905000000000655	trials	3.0	9916.841042	9918.891452	9919.738464	9920.20377	9915.773720000001	9918.821182	9920.521	9921.931	1.0	1.0	1.0	1.0					
9924.991	6.475000000000364	trials	3.0	9928.166396	9930.115276	9930.8637	9931.163332	9927.197902	9930.345746			1.0	1.0	0.0	3.0					
9934.239	11.836999999999534	trials	3.0	9936.607982	9938.190296	9943.503184000001	9943.962508	9935.955866	9939.415074	9944.241	9946.076	1.0	1.0	1.0	1.0					
9948.122	12.114000000001397	trials	3.0	9951.431634	9952.649844	9957.564772	9958.040592	9950.643634	9953.330606	9958.341	9960.236	1.0	1.0	1.0	1.0					
9962.902	6.7739999999994325	trials	3.0	9965.108004	9967.11456			9964.426472	9967.449118	9969.381	9969.596	2.0		1.0	1.0					
9972.196	6.600000000000364	trials	3.0	9973.8737	9975.287622	9976.629964	9976.834764	9973.195652	9975.866916	9977.296	9978.796	1.0	1.0	1.0	1.0					
9980.911	7.0	trials	3.0	9984.386638	9985.853286			9983.468888	9985.849584			1.0		0.0	2.0					
9991.921	6.25	trials	3.0	9994.141612	9995.897994	9997.109294	9997.305676	9993.570202	9996.51704			1.0	1.0	1.0	1.0					
10000.696	31.825000000000728	trials	3.0	10024.41697	10025.721752			10023.737286	10026.578452	10028.441	10028.696	2.0		1.0	1.0					
10033.246	8.780000000000655	trials	3.0	10037.64848	10039.464112			10036.915424	10039.826266			2.0		1.0	1.0					
10045.591	6.639999999999418	trials	3.0	10047.627312	10049.372916	10049.865846	10050.170784	10045.721502	10049.316444	10050.736	10052.231	1.0	1.0	1.0	1.0					
10056.297	8.248999999999796	trials	3.0	10058.163392	10059.710354	10060.9458	10061.617378	10056.716706	10059.706366			1.0		0.0	2.0					
10064.791	11.445000000001528	trials	3.0	10071.77443	10073.130742	10074.107592	10074.451274000001	10070.931774	10073.481704	10074.706	10076.236	1.0	1.0	1.0	1.0					
10080.128	6.242999999998574	trials	3.0	10081.944204	10083.559932			10081.372298	10084.083884			2.0		1.0	1.0					
10089.896	7.084999999999127	trials	3.0	10091.837554	10093.519258	10094.145398	10094.43179	10090.39236	10093.512678			1.0		0.0	2.0					
10098.622	13.944000000001324	trials	3.0	10107.947964	10109.459378	10110.598986	10110.857288	10107.407912	10109.999286	10111.411	10112.566	1.0	1.0	1.0	1.0					
10114.589	8.527000000000044	trials	3.0	10118.075156	10119.824784	10121.00119	10121.218582	10117.44964	10120.273316	10121.951	10123.116	1.0	2.0	1.0	1.0					
10126.142	5.210000000000946	trials	3.0	10127.948256	10129.86904	10131.03257	10131.21383	10127.079384	10130.460292			1.0	2.0	0.0	3.0					
10133.361	6.4099999999998545	trials	3.0	10135.123292	10136.215726	10137.485424	10137.730342	10133.605386	10136.720878	10138.161	10139.771	1.0	1.0	1.0	1.0					
10143.796	6.806000000000495	trials	3.0	10146.118318	10147.28334			10145.500556	10148.35267			2.0		1.0	1.0					
10153.106	6.210000000000946	trials	3.0	10154.688030000001	10156.039270000001	10157.049558	10157.295414	10153.948374	10156.484966	10157.846	10159.316	1.0	1.0	1.0	1.0					
10163.356	9.246000000001004	trials	3.0	10165.13811	10166.630094	10172.545474	10172.604686	10163.741482	10166.624064			1.0		0.0	2.0					
10172.696	8.560999999999694	trials	3.0	10176.29354	10177.679488	10179.069784	10179.37013	10175.530774	10178.318294	10179.776	10181.257	1.0	1.0	1.0	1.0					
10185.306	1604.4849999999988	BlockDesign														1.0	520.0	663.0	50.0	10.0
10185.306	5.210999999999331	trials	4.0	10187.14334	10189.151904	10190.04948	10190.521586	10186.283526	10189.537386			1.0	1.0	0.0	3.0					
10192.401	9.097999999999956	trials	4.0	10195.173366	10196.738368	10197.93831	10198.132088	10194.326468	10197.231122000001			1.0	2.0	0.0	3.0					
10202.281	6.074999999998909	trials	4.0	10204.283888	10205.33033	10206.04351	10206.299336	10201.502732	10205.512296	10206.946	10208.356	1.0	1.0	1.0	1.0					
10211.376	9.390999999999622	trials	4.0	10216.199062	10218.196746			10215.401212	10218.479184			2.0		1.0	1.0					
10223.286	5.90099999999984	trials	4.0	10226.080058	10227.920460000001	10228.862008	10229.138894	10225.270278	10228.349998			1.0	1.0	0.0	3.0					
10232.197	7.638999999999214	trials	4.0	10234.029446	10235.697038	10237.020476	10237.443704000001	10232.974082	10236.309816			1.0	1.0	0.0	3.0					
10240.371	6.600000000000364	trials	4.0	10242.110572	10243.866764	10244.874142	10245.02492	10239.840502	10244.100172	10245.576	10246.971	1.0	2.0	1.0	1.0					
10249.031	8.6299999999992	trials	4.0	10253.058636	10254.351974000001	10255.54774	10255.97556	10252.41404	10254.807054			1.0	2.0	0.0	3.0					
10258.871	11.441000000000713	trials	4.0	10266.704348	10268.657744	10269.992596	10270.206168	10266.039152000001	10269.147994			1.0	2.0	0.0	3.0					
10274.326	17.625	trials	4.0	10286.534666	10288.091194	10289.442458	10289.648958	10285.870466	10288.667214000001	10290.216	10291.951	1.0	1.0	1.0	1.0					
10294.676	20.409999999999854	trials	4.0	10298.429012	10300.217038	10313.08232	10313.333486	10297.548446	10300.644268	10313.806	10315.086	1.0	1.0	1.0	1.0					
10317.106	6.940000000000509	trials	4.0	10319.764262	10321.490164			10319.010488	10321.777746			2.0		1.0	1.0					
10326.576	5.1200000000008	trials	4.0	10328.83522	10329.900518	10331.374102	10331.6095	10328.036396	10330.680260000001			1.0	1.0	0.0	3.0					
10333.706	7.5349999999998545	trials	4.0	10337.89466	10339.431284	10340.911636	10341.2472	10336.908818	10340.149804			1.0	1.0	0.0	3.0					
10345.246	6.400000000001455	trials	4.0	10347.696314	10348.779592	10351.11349	10351.6522	10346.893018	10350.082202			1.0	1.0	0.0	3.0					
10354.491	4.925999999999476	trials	4.0	10356.304542	10357.891918000001	10359.093492	10359.264852	10355.768776	10358.329238			1.0	2.0	0.0	3.0					
10363.426	37.68500000000131	trials	4.0	10396.862116	10398.507			10396.31033	10398.94808			2.0		1.0	1.0					
10404.606	7.559999999999491	trials	4.0	10407.286186000001	10409.121468000001	10410.13372	10410.364542	10406.3947	10409.484904	10410.892	10412.166	1.0	1.0	1.0	1.0					
10414.187	11.875	trials	4.0	10417.987116	10419.547836			10417.474026	10420.047731999999	10421.831	10421.986	2.0		1.0	1.0					
10426.611	5.0	trials	4.0	10428.595111999999	10430.432850000001	10431.299974	10431.502172	10426.068712	10430.775358			1.0	1.0	0.0	3.0					
10434.662	6.168999999999869	trials	4.0	10436.390478000001	10437.691862			10435.73197	10438.146784	10440.011	10440.831	2.0		1.0	1.0					
10444.728	6.988000000001193	trials	4.0	10447.785734000001	10448.907368			10446.796022	10449.548812			2.0		1.0	1.0					
10455.246	5.051000000001295	trials	4.0	10456.890498	10458.595482	10459.979224	10460.276706	10456.16618	10459.12661			1.0	2.0	0.0	3.0					
10462.357	6.279000000000451	trials	4.0	10464.077954	10465.255324	10466.606784	10466.780018000001	10463.396788	10465.842666	10467.456	10468.636	1.0	1.0	1.0	1.0					
10470.701	8.955000000001746	trials	4.0	10474.506228	10476.293088	10477.383186	10477.645232	10473.874394	10476.726344	10478.011	10479.656	1.0	1.0	1.0	1.0					
10483.677	5.644000000000233	trials	4.0	10485.540946000001	10487.288012	10488.86131	10489.327134	10484.215894	10488.080692			1.0	1.0	0.0	3.0					
10491.191	8.31499999999869	trials	4.0	10496.076172000001	10497.442602	10499.017238	10499.513060000001	10495.115802	10498.026412			1.0	2.0	0.0	3.0					
10501.352	5.033999999999651	trials	4.0	10503.791196	10504.865184	10506.061984	10506.317916	10502.811416	10505.325666			1.0	1.0	0.0	3.0					
10510.437	5.459000000000742	trials	4.0	10512.866374000001	10514.12315	10515.572530000001	10515.892546	10512.183812	10514.868964000001			1.0	2.0	0.0	3.0					
10518.903	9.872999999999593	trials	4.0	10522.386192	10523.824484	10528.455176	10528.624344	10521.488002	10524.225902			1.0	2.0	0.0	3.0					
10530.796	8.260000000000218	trials	4.0	10534.661722	10536.493446			10534.015761999999	10536.899646			2.0		1.0	1.0					
10541.527	7.308999999999287	trials	4.0	10544.323002000001	10545.437163999999	10546.669472	10547.056814	10543.775032	10545.954552	10547.506	10548.836	1.0	1.0	1.0	1.0					
10550.856	8.800000000001091	trials	4.0	10554.241648	10555.860032	10557.360816	10557.676438	10553.44617	10556.568766			1.0	1.0	0.0	3.0					
10560.726	4.859999999998763	trials	4.0	10562.457102	10564.236478	10565.263496	10565.529038	10559.661540000001	10564.490884			1.0	2.0	0.0	3.0					
10568.596	4.828000000001339	trials	4.0	10570.506694	10572.061152	10573.046148000001	10573.429446	10568.68639	10572.323464000001			1.0	1.0	0.0	3.0					
10576.372	13.19300000000112	trials	4.0	10579.136716	10580.784014	10587.344242	10587.622182	10578.528034	10581.587812	10587.991	10589.565	1.0	1.0	1.0	1.0					
10592.616	6.114999999999782	trials	4.0	10595.687170000001	10597.367328	10598.415778	10598.682908	10594.70638	10597.840206			1.0	1.0	0.0	3.0					
10601.736	5.974999999998545	trials	4.0	10603.707406	10605.179902			10602.772818000001	10605.586708	10607.461	10607.711	2.0		1.0	1.0					
10611.731	7.161000000000058	trials	4.0	10614.557108	10615.67382			10614.019732	10616.500844	10618.501	10618.892	2.0		1.0	1.0					
10621.953	7.3729999999995925	trials	4.0	10624.988628	10626.490346			10624.337402000001	10627.070098	10629.006	10629.326	2.0		1.0	1.0					
10633.376	5.694999999999709	trials	4.0	10635.448976	10636.478614	10638.746642	10639.078832	10634.565522	10637.738188			1.0	1.0	0.0	3.0					
10642.064	7.492000000000189	trials	4.0	10644.2672	10646.049116	10649.1942	10649.563246	10643.585198	10648.342458			1.0	1.0	0.0	3.0					
10653.527	6.058999999999287	trials	4.0	10655.422378	10656.574317999999			10653.534978	10657.562844	10659.316	10659.466	2.0		1.0	1.0					
10662.201	8.755000000001019	trials	4.0	10666.057224	10667.671124			10665.173898000001	10668.216256	10670.136	10670.956	2.0		1.0	1.0					
10675.017	7.97400000000016	trials	4.0	10676.617952	10678.108746	10680.872080000001	10681.161176	10676.078696	10679.469062	10681.616	10682.991	1.0	1.0	1.0	1.0					
10685.096	10.756000000001222	trials	4.0	10689.057628	10690.539784	10692.189124	10692.477212	10688.182639999999	10691.253062			1.0	2.0	0.0	3.0					
10696.581	4.875	trials	4.0	10698.472772000001	10699.455474			10695.858372	10699.44763			1.0		0.0	2.0					
10705.466	3.975000000000364	trials	4.0	10707.10788	10708.335552	10709.13595	10709.188066	10706.517314	10708.460342			1.0	2.0	0.0	3.0					
10712.467	6.153999999998632	trials	4.0	10714.074332	10715.365848000001	10716.484686	10716.83693	10713.510382	10715.842954	10717.312	10718.621	1.0	1.0	1.0	1.0					
10720.716	7.029999999998836	trials	4.0	10724.592742	10725.870706	10727.414014	10727.665506000001	10723.636738000001	10726.613142			1.0	1.0	0.0	3.0					
10729.761	12.709999999999127	trials	4.0	10738.968378	10740.98169	10742.067842	10742.47867	10738.377736	10741.323262			1.0	2.0	0.0	3.0					
10746.446	7.200000000000728	trials	4.0	10749.062946	10750.425164	10751.59272	10751.90926	10748.257074000001	10750.881746	10752.241	10753.646	1.0	1.0	1.0	1.0					
10755.701	8.941000000000713	trials	4.0	10759.773092	10761.314658	10762.34063	10762.760902	10758.927824	10761.761086	10763.166	10764.642	1.0	1.0	1.0	1.0					
10768.661	5.934999999999491	trials	4.0	10771.243642000001	10773.035242	10774.270576	10774.568304	10770.602266	10773.461114			1.0	2.0	0.0	3.0					
10776.606	4.569999999999709	trials	4.0	10778.533798	10779.705214	10780.864018	10781.159756000001	10777.214086	10780.203828			1.0	1.0	0.0	3.0					
10783.216	13.581000000000131	trials	4.0	10792.183096	10793.999348000001	10796.431489999999	10796.784914	10791.557486	10795.653772			1.0	1.0	0.0	3.0					
10800.788	11.172999999998865	trials	4.0	10803.313104	10804.69079			10802.511956	10805.565366			2.0		1.0	1.0					
10812.231	5.170000000000073	trials	4.0	10814.035804	10815.890334	10817.08128	10817.310358	10811.973014	10816.36896			1.0	1.0	0.0	3.0					
10820.456	5.485000000000582	trials	4.0	10822.49439	10824.32308	10825.513378	10825.951682	10821.720516000001	10824.644262			1.0	2.0	0.0	3.0					
10828.836	8.24200000000019	trials	4.0	10831.62412	10833.220578	10834.324674	10834.639360000001	10830.69014	10833.714432	10836.731	10837.078	1.0	1.0	1.0	1.0					
10839.882	12.963999999999942	trials	4.0	10848.343726	10849.691998			10847.486926	10850.260488	10852.231	10852.846	2.0		1.0	1.0					
10855.885	7.575999999999112	trials	4.0	10858.848722	10860.056578	10861.344764	10861.581936	10858.197938000001	10860.563386	10862.026	10863.461	1.0	1.0	1.0	1.0					
10865.496	8.9900000000016	trials	4.0	10869.568546	10870.898216	10872.236546	10872.573024000001	10868.943752	10871.55657	10873.021	10874.486	1.0	1.0	1.0	1.0					
10877.506	8.614999999999782	trials	4.0	10881.107452	10882.670942	10883.946218000001	10884.18992	10880.38536	10883.165966	10884.767	10886.121	1.0	1.0	1.0	1.0					
10889.143	7.413000000000466	trials	4.0	10892.095296	10893.70127			10891.25877	10894.102174	10895.892	10896.556	2.0		1.0	1.0					
10900.616	6.3799999999992	trials	4.0	10902.148102	10903.990594			10900.866828	10904.287668	10906.392	10906.996	2.0		1.0	1.0					
10909.062	8.564000000000306	trials	4.0	10912.31467	10913.828452	10915.270516	10915.49569	10911.771976	10914.561032	10915.931	10917.626	1.0	1.0	1.0	1.0					
10921.392	5.7039999999997235	trials	4.0	10923.439052	10925.409566	10926.654704	10927.104282	10922.693132	10925.938994			1.0	1.0	0.0	3.0					
10929.981	10.510000000000218	trials	4.0	10932.569238	10933.873406	10939.953182000001	10940.499864000001	10931.840826	10935.357592			1.0	1.0	0.0	3.0					
10944.271	7.574999999998909	trials	4.0	10948.674654	10949.736346	10951.531192	10951.79098	10947.775592	10950.472064			1.0	2.0	0.0	3.0					
10954.887	14.1299999999992	trials	4.0	10956.86613	10958.86838	10968.706932000001	10968.83418	10956.28224	10958.976588			1.0	2.0	0.0	3.0					
10973.026	5.2450000000008	trials	4.0	10974.76993	10976.271976	10977.39156	10977.611034	10973.770864	10976.265672			1.0		0.0	2.0					
10980.281	16.65599999999904	trials	4.0	10991.281836	10992.686242			10990.425214	10994.072872	10996.631	10996.796	2.0		1.0	1.0					
11000.471	4.954999999999927	trials	4.0	11002.51498	11004.037364	11005.124106	11005.34781	11001.554408	11004.488114			1.0	1.0	0.0	3.0					
11007.441	5.295000000000073	trials	4.0	11009.510354	11011.528792000001	11012.470634000001	11012.716902	11008.573250000001	11011.7985			1.0	2.0	0.0	3.0					
11014.786	10.489999999999782	trials	4.0	11021.085648	11022.723836000001			11020.13775	11023.013544000001	11024.816	11025.076	2.0		1.0	1.0					
11027.751	5.969999999999345	trials	4.0	11030.485228	11032.159426	11033.395106	11033.638986	11029.66979	11032.588902			1.0	1.0	0.0	3.0					
11036.727	7.058999999999287	trials	4.0	11039.991824	11041.207040000001	11042.712778000001	11042.984973999999	11039.102022	11041.945738			1.0	1.0	1.0	1.0					
11046.296	11.625	trials	4.0	11052.040774000001	11053.50231	11054.81267	11055.150116	11051.498228	11054.137244			1.0	1.0	0.0	3.0					
11059.131	6.056000000000495	trials	4.0	11060.8272	11062.34849			11057.930886	11062.912164000001			2.0		1.0	1.0					
11067.629	8.182999999999083	trials	4.0	11071.896498	11073.798096	11075.482208000001	11075.824668000001	11071.285966	11074.394598			1.0	1.0	0.0	3.0					
11077.777	8.584000000000742	trials	4.0	11080.011312	11081.357128	11085.963848	11085.992798	11079.329752	11085.114086			1.0	2.0	0.0	3.0					
11089.278	4.783999999999651	trials	4.0	11091.070742	11092.007988000001			11089.833386	11092.004538000001			1.0		0.0	2.0					
11097.071	8.945999999999913	trials	4.0	11101.925987999999	11102.958188			11101.131498	11103.897758			2.0		1.0	1.0					
11108.472	6.613999999999578	trials	4.0	11111.3063	11112.7453	11114.770902	11115.004334000001	11110.792068	11114.018072			1.0	1.0	0.0	3.0					
11118.142	4.710000000000946	trials	4.0	11119.73611	11121.217832	11122.54749	11122.733254	11118.343308	11121.660754			1.0	2.0	0.0	3.0					
11124.911	26.2549999999992	trials	4.0	11146.216597999999	11148.18526	11149.26899	11149.600698	11145.472844	11148.510774	11150.076	11151.166	1.0	1.0	1.0	1.0					
11153.246	9.981000000001586	trials	4.0	11157.457124	11159.436112	11161.041251999999	11161.33439	11156.672412	11160.468814	11161.711	11163.227	1.0	1.0	1.0	1.0					
11166.241	5.704999999999927	trials	4.0	11169.094566	11170.386384000001	11171.612632	11171.958774	11168.417382	11170.981706			1.0	1.0	0.0	3.0					
11173.926	13.9950000000008	trials	4.0	11178.801978	11180.004774	11184.971146	11185.290836	11178.17584	11184.117292			1.0	1.0	0.0	3.0					
11189.322	5.364999999999782	trials	4.0	11190.868288	11192.128632			11187.933754	11192.48285			2.0		1.0	1.0					
11199.158	6.507999999999811	trials	4.0	11201.561772000001	11203.075892			11200.80561	11203.486152	11205.341	11205.441	2.0		1.0	1.0					
11209.116	5.545000000000073	trials	4.0	11210.93201	11212.163808000001			11209.873676	11212.622856			2.0		1.0	1.0					
11218.179	7.256999999999607	trials	4.0	11221.089554	11222.403588000001	11225.124168	11225.29535	11220.507534	11224.42831			1.0	1.0	0.0	3.0					
11228.481	8.545000000000073	trials	4.0	11233.757114	11235.338838	11236.719832	11236.998264	11232.935312	11235.814596			1.0	2.0	0.0	3.0					
11241.036	4.3400000000001455	trials	4.0	11242.861842	11244.059492	11245.077752000001	11245.312488	11242.276334	11244.464466000001			1.0	1.0	0.0	3.0					
11247.386	12.180000000000291	trials	4.0	11251.752574	11253.087812	11259.258590000001	11259.446582	11250.796016	11254.222592			1.0	2.0	0.0	3.0					
11263.592	6.564000000000306	trials	4.0	11265.88519	11267.403794			11265.244628	11268.00954			2.0		1.0	1.0					
11274.72	12.148000000001048	trials	4.0	11280.387676	11281.77418	11284.95242	11285.206688	11279.812004	11284.280798	11285.911	11286.868	1.0	1.0	1.0	1.0					
11290.886	7.539999999999054	trials	4.0	11293.412964	11295.054188	11295.8621	11296.171268	11292.724336	11295.3214			1.0	1.0	0.0	3.0					
11299.201	4.720000000001164	trials	4.0	11301.062762	11302.42932	11303.60853	11303.842928	11298.437536000001	11302.795162			1.0	2.0	0.0	3.0					
11305.977	5.0239999999994325	trials	4.0	11307.647838	11309.005118000001	11310.735976	11310.961166000001	11306.37917	11308.989438			1.0		0.0	2.0					
11315.042	24.564000000000306	trials	4.0	11334.58324	11336.139672000001	11337.55615	11337.840736	11333.735624	11336.584288	11338.366	11339.606	1.0	1.0	1.0	1.0					
11342.681	9.375	trials	4.0	11347.213212	11348.513732	11349.552664	11349.944964	11346.327384	11348.979972000001	11350.256	11352.056	1.0	1.0	1.0	1.0					
11354.121	9.545000000000073	trials	4.0	11358.362018	11359.939914	11361.035652	11361.49856	11357.371122	11360.385344	11361.921	11363.666	1.0	1.0	1.0	1.0					
11365.722	7.039000000000669	trials	4.0	11368.373422	11370.210134			11367.606512	11370.622436			2.0		1.0	1.0					
11376.233	4.636000000000422	trials	4.0	11378.143566	11379.45115	11380.549524	11380.873962	11376.83279	11379.76262			1.0	1.0	0.0	3.0					
11382.866	12.385000000000218	trials	4.0	11389.478512	11391.212492	11393.27042	11393.606676	11388.844272	11391.765896			1.0	2.0	0.0	3.0					
11397.586	10.556000000000495	trials	4.0	11405.035504	11406.208944	11407.738194	11408.157634	11404.281094	11406.98983			1.0	1.0	0.0	3.0					
11411.056	6.0	trials	4.0	11413.068824	11414.210882			11412.123232	11414.72164			2.0		1.0	1.0					
11419.534	5.738000000001193	trials	4.0	11422.374032	11423.83315	11424.894528	11425.2883	11421.435261999999	11424.271788			1.0	1.0	0.0	3.0					
11427.26	7.040999999999258	trials	4.0	11428.923944	11430.157878	11432.078232	11432.464696	11428.111536	11431.429598	11432.892	11434.301	1.0	1.0	1.0	1.0					
11438.366	11.510000000000218	trials	4.0	11446.653377999999	11448.405236	11449.569284000001	11449.781748000001	11446.0051	11448.750822			1.0	2.0	0.0	3.0					
11452.932	9.929000000000087	trials	4.0	11458.48845	11459.88042	11460.804082	11461.072496	11457.585754	11460.271246	11461.517	11462.861	1.0	1.0	1.0	1.0					
11464.892	8.22400000000016	trials	4.0	11469.229446000001	11470.47311	11471.188192	11471.557648	11468.304564	11470.66429			1.0	1.0	0.0	3.0					
11475.51	8.195999999999913	trials	4.0	11477.31881	11478.40747	11480.16394	11480.391692000001	11473.1298	11479.053652			1.0	2.0	0.0	3.0					
11484.51	16.64099999999962	trials	4.0	11494.37955	11496.44535	11498.99641	11499.374530000001	11493.759828	11498.101202			1.0	2.0	0.0	3.0					
11502.365	19.036000000000058	trials	4.0	11516.661382	11518.413454	11519.407882	11519.728484	11515.976056	11518.68319	11520.246	11521.401	1.0	1.0	1.0	1.0					
11524.421	9.510000000000218	trials	4.0	11527.911222	11529.841522	11530.86094	11531.326032	11526.927738	11530.191350000001			1.0	1.0	0.0	3.0					
11535.181	5.081000000000131	trials	4.0	11537.01515	11538.81645	11539.943364	11540.250516	11533.946364	11539.189364			1.0	1.0	0.0	3.0					
11543.281	11.31499999999869	trials	4.0	11547.930014	11549.34152	11551.227134	11551.522546	11547.178446	11550.404296			1.0	2.0	0.0	3.0					
11555.546	5.920000000000073	trials	4.0	11557.4705	11558.90127			11554.611404	11559.329856			2.0		1.0	1.0					
11563.916	7.02100000000064	trials	4.0	11566.56017	11568.098806			11565.637910000001	11568.629628			2.0		1.0	1.0					
11573.422	7.84900000000016	trials	4.0	11576.206558	11578.184582	11579.182734	11579.43123	11575.618402	11578.53616	11580.036	11581.271	1.0	1.0	1.0	1.0					
11584.311	7.4950000000008	trials	4.0	11587.720738	11589.257136			11586.753882	11589.66621	11591.461	11591.806	2.0		1.0	1.0					
11595.826	5.385000000000218	trials	4.0	11597.581778	11599.42554	11600.901456	11601.1492	11596.959762	11600.130382			1.0	1.0	0.0	3.0					
11603.257	6.479000000001179	trials	4.0	11605.470302	11607.191842			11604.808406	11607.512124			2.0		1.0	1.0					
11614.251	7.690000000000509	trials	4.0	11616.215904	11618.047932	11619.8033	11620.083478	11615.598711999999	11618.914602	11620.687	11621.941	1.0	1.0	1.0	1.0					
11624.981	7.385000000000218	trials	4.0	11628.275576	11630.11663	11631.30542	11631.634112	11627.56691	11630.52611			1.0	1.0	1.0	1.0					
11635.847	9.884000000000015	trials	4.0	11642.706734	11644.204450000001	11645.416082	11645.692782	11642.08409	11644.777786			1.0	1.0	0.0	3.0					
11648.76	6.820999999999913	trials	4.0	11650.57008	11652.39214	11653.44555	11653.724696000001	11648.757048	11652.83891	11654.272	11655.581	1.0	1.0	1.0	1.0					
11657.606	8.755000000001019	trials	4.0	11661.510618	11662.816074	11664.041266	11664.357178	11660.600174	11663.32491			1.0	1.0	0.0	3.0					
11668.366	8.229999999999563	trials	4.0	11670.025344	11671.137642	11676.275006	11676.507184	11666.379602	11671.56285			1.0	2.0	0.0	3.0					
11679.647	5.943999999999505	trials	4.0	11681.671352000001	11682.817384			11680.947746	11683.394694			2.0		1.0	1.0					
11689.152	5.709000000000742	trials	4.0	11690.816196	11692.01286			11690.0703	11692.50972	11694.236	11694.861	2.0		1.0	1.0					
11698.937	6.744000000000597	trials	4.0	11700.642552000001	11702.580572	11703.450468	11703.75473	11699.49741	11702.688258	11704.181	11705.681	1.0	1.0	1.0	1.0					
11708.722	5.920000000000073	trials	4.0	11711.13607	11712.652914			11710.437692	11712.64823			1.0		0.0	2.0					
11716.701	6.5350000000016735	trials	4.0	11718.61557	11720.107834	11721.996955999999	11722.317902	11717.269924	11720.621782			1.0	2.0	0.0	3.0					
11725.306	14.630999999999403	trials	4.0	11732.445866	11733.596379999999	11736.554794	11737.007506	11731.535474	11735.85558			1.0	1.0	0.0	3.0					
11740.861	4.934999999999491	trials	4.0	11742.696734000001	11744.008168	11745.416154	11745.81099	11739.955014	11744.560686			1.0	2.0	0.0	3.0					
11749.786	11.27599999999984	trials	4.0	11756.49847	11757.741486	11758.906928	11759.139402	11755.732712	11758.251174	11759.767	11761.062	1.0	1.0	1.0	1.0					
11763.084	8.096999999999753	trials	4.0	11768.381828	11769.92731	11770.871656	11771.199898	11767.526244	11770.249266			1.0	1.0	0.0	3.0					
11774.191	7.170000000000073	trials	4.0	11775.76235	11777.628572	11778.956258	11779.27677	11774.912680000001	11778.116592	11779.751	11781.361	1.0	1.0	1.0	1.0					
11783.116	6.674999999999272	trials	4.0	11786.551754	11787.638662000001	11789.544868	11789.806862000001	11785.918730000001	11788.848888			1.0	1.0	0.0	3.0					
11793.862	4916.308999999999	BlockDesign														0.0	664.0	985.0	10.0	50.0
11793.862	4.624000000001615	trials	5.0	11795.7086	11796.938916	11798.179684	11798.468244	11793.255832	11797.449984			1.0	1.0	0.0	3.0					
11800.491	8.4950000000008	trials	5.0	11802.373046	11804.068348	11805.903470000001	11806.288214	11801.097096	11805.340346			1.0	1.0	0.0	3.0					
11810.221	15.114999999999782	trials	5.0	11819.366814	11820.8191	11822.042664	11822.279394000001	11818.675366	11821.243076			1.0	2.0	0.0	3.0					
11825.4	4.8289999999997235	trials	5.0	11826.962176	11828.188996			11825.353396	11828.186474			1.0		0.0	2.0					
11834.241	11.040000000000873	trials	5.0	11840.776988	11842.536512			11839.988256	11843.042376000001	11834.421	11834.496	2.0		1.0	1.0					
11847.856	7.3659999999999854	trials	5.0	11852.69216	11853.75038	11854.912172	11855.21284	11851.83922	11854.423202			1.0	1.0	0.0	3.0					
11857.281	11.674999999999272	trials	5.0	11864.61681	11865.706596			11863.922192	11866.733238			2.0		1.0	1.0					
11872.501	11.159999999999854	trials	5.0	11874.73766	11876.451292			11874.073446	11877.046736			2.0		1.0	1.0					
11883.741	6.520000000000437	trials	5.0	11885.367084	11886.844226000001	11887.99439	11888.31775	11883.678486	11887.356022			1.0	1.0	0.0	3.0					
11890.306	7.6599999999998545	trials	5.0	11892.24221	11893.896336	11894.854936	11895.194878	11890.280002	11894.290174			1.0	1.0	0.0	3.0					
11899.181	6.167999999999665	trials	5.0	11901.048026	11902.839664			11897.982828	11903.29016			2.0		1.0	1.0					
11908.901	7.826000000000931	trials	5.0	11910.767554	11912.344688000001	11913.62652	11913.914546	11909.74341	11912.92488			1.0	1.0	0.0	3.0					
11916.981	9.555000000000291	trials	5.0	11918.718176	11920.14186	11923.858546	11924.365732	11916.748032	11920.591984			1.0	1.0	0.0	3.0					
11927.216	6.069999999999709	trials	5.0	11929.1281	11930.239574			11926.554486	11930.9949			2.0		1.0	1.0					
11935.812	5.193999999999505	trials	5.0	11938.39782	11939.510672	11940.663747999999	11941.023464	11937.63031	11940.00325			1.0	2.0	0.0	3.0					
11943.021	8.545000000000073	trials	5.0	11947.942858	11949.514926			11947.070824	11949.50973			1.0		0.0	2.0					
11954.621	9.2400000000016	trials	5.0	11959.152962	11960.243922	11961.697392	11962.010064	11958.194448	11960.7936	11962.581	11963.861	1.0	1.0	1.0	1.0					
11966.886	6.744999999998981	trials	5.0	11969.898226000001	11971.841322	11973.137910000001	11973.649064000001	11969.32548	11972.611264			1.0	1.0	0.0	3.0					
11977.461	6.050000000001091	trials	5.0	11979.138548	11981.010536			11977.81061	11981.42193			2.0		1.0	1.0					
11986.076	5.530000000000655	trials	5.0	11988.624632	11990.10824	11991.28879	11991.619688	11988.088502	11990.570842000001			1.0	1.0	0.0	3.0					
11994.603	7.468000000000757	trials	5.0	11996.653192	11998.029854	12001.780192	12002.070472	11995.051078	12001.235508			1.0	1.0	0.0	3.0					
12006.119	7.7590000000000146	trials	5.0	12010.132658	12011.493478	12013.520472	12013.878566	12009.516242	12012.792008			1.0	1.0	0.0	3.0					
12015.841	5.539999999999054	trials	5.0	12017.589002	12019.095714	12021.056786000001	12021.393544	12016.939342	12020.25382			1.0	1.0	0.0	3.0					
12023.373	8.093000000000757	trials	5.0	12026.268838	12027.365298	12029.510698	12029.752392	12025.374112	12028.812264			1.0	1.0	0.0	3.0					
12032.876	17.01000000000022	trials	5.0	12034.618862	12035.909576	12045.87758	12046.214	12031.484224	12036.309816			1.0	1.0	0.0	3.0					
12050.229	6.467000000000553	trials	5.0	12051.835258	12053.902334	12054.622586	12054.890538	12049.90737	12054.103536	12055.416	12056.696	1.0	1.0	1.0	1.0					
12058.796	10.556000000000495	trials	5.0	12064.028806	12065.756192			12063.243527999999	12065.747096			1.0		0.0	2.0					
12071.802	20.626000000000204	trials	5.0	12089.30447	12091.120936	12092.076476	12092.443557999999	12088.536744	12091.496235999999			1.0	1.0	0.0	3.0					
12095.392	7.304000000000087	trials	5.0	12097.469742000001	12099.255534	12100.501554	12100.814054	12095.99956	12099.836790000001	12101.236	12102.696	1.0	1.0	1.0	1.0					
12106.756	7.621000000001004	trials	5.0	12108.49525	12109.708190000001	12111.137154	12111.585142	12107.640644	12110.581552			1.0	1.0	0.0	3.0					
12114.466	6.739999999999782	trials	5.0	12116.434746	12118.214794			12114.399826	12118.970098			2.0		1.0	1.0					
12123.727	8.713999999999942	trials	5.0	12126.049816	12127.90172	12128.798254000001	12129.048362	12125.436238	12128.226844			1.0	1.0	0.0	3.0					
12133.148	5.5790000000015425	trials	5.0	12135.079185999999	12136.239444			12132.461578	12136.592632			2.0		1.0	1.0					
12142.256	4.815000000000509	trials	5.0	12144.055676	12145.30191	12146.773962	12147.00832	12143.069520000001	12146.112133999999			1.0	1.0	0.0	3.0					
12150.081	5.760000000000218	trials	5.0	12151.829138000001	12153.049394			12150.828254	12153.587522			2.0		1.0	1.0					
12158.346	6.905000000000655	trials	5.0	12162.251078000001	12163.446376	12164.958424	12165.187128	12161.581012	12164.257246000001			1.0	1.0	0.0	3.0					
12169.296	7.3840000000000146	trials	5.0	12170.934872	12172.095206	12176.308052	12176.641002	12169.85051	12175.69887			1.0	1.0	0.0	3.0					
12178.697	5.2039999999997235	trials	5.0	12180.800592	12182.70904	12183.49697	12183.921574	12180.180138	12182.737968000001			1.0	2.0	0.0	3.0					
12186.801	36.23999999999978	trials	5.0	12219.815620000001	12221.052672			12219.269958	12221.045622			1.0		0.0	2.0					
12227.056	4.25	trials	5.0	12229.030218	12230.206716	12230.999566	12231.325432	12227.177164	12230.491208			1.0	1.0	0.0	3.0					
12235.312	14.004000000000815	trials	5.0	12243.786876	12245.477988	12246.822366	12247.242912	12243.20074	12245.747864	12247.696	12249.316	1.0	2.0	1.0	1.0					
12251.381	7.835000000000946	trials	5.0	12254.623118	12256.703794			12254.051152	12256.998884			2.0		1.0	1.0					
12261.786	5.305000000000291	trials	5.0	12264.35132	12265.75824	12266.761832	12267.08358	12263.812	12266.174204			1.0	1.0	0.0	3.0					
12270.102	8.268999999998414	trials	5.0	12271.907106	12273.913956	12277.964752	12278.374092	12270.49931	12274.329088			1.0	1.0	0.0	3.0					
12282.289	16.286999999998443	trials	5.0	12295.737426	12297.258808	12298.141036	12298.57947	12294.733504	12297.30825			1.0	1.0	0.0	3.0					
12300.461	10.909999999999854	trials	5.0	12306.342372	12307.994024			12305.818948	12308.68414	12310.451	12311.371	2.0		1.0	1.0					
12314.396	57.021999999999025	trials	5.0	12361.23421	12362.738608	12371.089008	12371.384614	12360.545928	12362.759048			1.0	2.0	0.0	3.0					
12374.428	40.61800000000039	trials	5.0	12412.67284	12412.986372			12411.764274	12412.976336			1.0		0.0	2.0					
12417.056	145.5020000000004	trials	5.0	12558.004178	12560.049828			12557.193486	12560.358276			2.0		1.0	1.0					
12566.087	7.944000000001324	trials	5.0	12569.179426	12570.880904	12573.199956	12574.036314	12568.573802	12572.26896			1.0	1.0	0.0	3.0					
12575.531	27.034999999999854	trials	5.0	12584.599214	12586.327792	12598.396252	12598.849662	12583.980614	12586.841126			1.0	1.0	0.0	3.0					
12602.727	6.743999999998778	trials	5.0	12604.32469	12605.634158	12607.03776	12607.474234	12602.571256	12606.070482	12607.926	12609.471	1.0	1.0	1.0	1.0					
12611.527	10.284999999999854	trials	5.0	12617.49046	12618.693608			12616.88309	12619.666826	12621.541	12621.767	2.0		1.0	1.0					
12625.276	6.975000000000364	trials	5.0	12628.340156	12629.70533	12631.373436	12632.25705	12627.458274	12630.534238			1.0	1.0	0.0	3.0					
12635.691	5.904999999998836	trials	5.0	12637.361364	12638.77669			12635.699826	12639.36325			2.0		1.0	1.0					
12646.081	11.480999999999767	trials	5.0	12647.724708	12648.961856	12656.520054	12657.565062	12646.797134	12650.20265			1.0	1.0	0.0	3.0					
12658.846	41.960000000000946	trials	5.0	12696.095388	12697.44891			12695.399546	12698.682612			2.0		1.0	1.0					
12704.326	6.236000000000786	trials	5.0	12707.571638	12708.863716	12709.955744	12710.571288	12707.042176	12709.475848			1.0	1.0	0.0	3.0					
12713.281	13.729999999999563	trials	5.0	12714.939968	12716.16829	12724.46653	12726.08372	12713.423358	12716.31654			1.0	1.0	0.0	3.0					
12727.826	5.140000000001237	trials	5.0	12729.71049	12731.752124	12732.533808	12732.97056	12727.015736	12732.16813			1.0	1.0	0.0	3.0					
12735.885	6.554000000000087	trials	5.0	12738.910976	12740.680526	12742.087732	12742.390092	12738.220358	12741.439716			1.0	1.0	0.0	3.0					
12744.446	68.04999999999927	trials	5.0	12808.447456	12810.240786			12807.698214	12810.298608000001			2.0		1.0	1.0					
12816.062	10.84900000000016	trials	5.0	12819.322546	12820.84314	12822.873264	12823.246026	12818.519166	12821.359642			1.0	1.0	0.0	3.0					
12827.262	4.97400000000016	trials	5.0	12828.815852	12830.23214			12826.918378	12830.224786			1.0		0.0	2.0					
12834.246	20.735000000000582	trials	5.0	12851.216534	12852.428624			12850.55659	12852.920594	12843.656	12848.376	2.0		1.0	1.0					
12857.506	8.005000000001019	trials	5.0	12861.75647	12862.828782	12865.123116	12865.520006	12860.783046	12863.276394			1.0	2.0	0.0	3.0					
12867.461	4.5900000000001455	trials	5.0	12869.23824	12870.859776	12871.709706	12872.056258	12868.325792	12870.90594			1.0	1.0	0.0	3.0					
12875.035	5.460000000000946	trials	5.0	12876.947044	12878.860456	12880.169045999999	12880.504408	12875.833912	12879.311974			1.0	1.0	0.0	3.0					
12882.531	6.428999999998268	trials	5.0	12884.452276	12886.325116	12888.511304	12888.968098	12883.406524	12886.993376			1.0	1.0	0.0	3.0					
12892.856	8.69000000000051	trials	5.0	12896.042322	12897.329384	12898.838318	12899.258714	12895.331802	12898.20464			1.0	1.0	0.0	3.0					
12903.158	8.177999999999884	trials	5.0	12904.801822	12906.00371	12909.022262	12909.321382	12901.555558	12906.403364	12909.937	12911.336	1.0	2.0	1.0	1.0					
12913.401	9.085000000000946	trials	5.0	12919.556942	12921.018504	12922.135484	12922.493814	12918.86474	12921.540686			1.0	1.0	0.0	3.0					
12925.492	5.593999999999141	trials	5.0	12927.102018	12928.82502			12926.191692	12929.078322			2.0		1.0	1.0					
12935.637	7.8400000000001455	trials	5.0	12938.247644	12939.708538	12941.410496	12941.622127999999	12937.452808	12940.397236	12942.196	12943.477	1.0	1.0	1.0	1.0					
12945.539	7.121999999999389	trials	5.0	12949.832812	12951.086786	12952.341338	12952.58823	12949.065042	12951.626366			1.0	1.0	0.0	3.0					
12956.668	6.177999999999884	trials	5.0	12959.145192	12960.919106	12962.47197	12962.852992	12958.398878	12961.340086			1.0	2.0	0.0	3.0					
12966.781	26.3849999999984	trials	5.0	12990.137594	12991.165048			12989.165496	12991.159708			1.0		0.0	2.0					
12996.176	22.085000000000946	trials	5.0	13015.15443	13016.58478	13017.808604	13018.271294	13014.204198	13017.009788			1.0	1.0	0.0	3.0					
13020.126	5.233000000000175	trials	5.0	13022.29322	13023.55672	13024.978214	13025.32202	13021.727756	13024.293946			1.0	1.0	0.0	3.0					
13027.361	14.320999999999913	trials	5.0	13037.42295	13039.144788			13036.479134	13039.598588			2.0		1.0	1.0					
13045.216	6.350000000000364	trials	5.0	13048.23264	13049.893606	13051.251678	13051.481624	13047.602928	13050.523918			1.0	1.0	0.0	3.0					
13054.616	5.469999999999345	trials	5.0	13056.299136	13057.531444			13054.638968	13057.848436			2.0		1.0	1.0					
13063.548	9.983000000000175	trials	5.0	13067.147772	13068.693248	13070.050004	13070.266676	13066.45738	13069.351956			1.0	1.0	0.0	3.0					
13074.406	7.485999999998967	trials	5.0	13076.223062000001	13077.819886	13079.39236	13079.649936	13073.540102	13078.173902	13080.161	13081.892	1.0	2.0	1.0	1.0					
13084.951	8.385000000000218	trials	5.0	13089.848506	13091.51017	13093.014174	13093.33332	13089.155774	13092.314166			1.0	1.0	0.0	3.0					
13096.356	11.485000000000582	trials	5.0	13100.90494	13102.970776	13103.999978	13104.27524	13099.910312	13103.35459			1.0	1.0	0.0	3.0					
13108.314	5.316999999999098	trials	5.0	13109.834104	13111.64314	13113.01066	13113.640222	13107.850618	13111.843066			1.0	2.0	0.0	3.0					
13115.336	5.230000000001382	trials	5.0	13117.608342	13119.194306	13120.191358	13120.57855	13117.067076	13119.551162			1.0	1.0	0.0	3.0					
13124.567	18.46400000000176	trials	5.0	13139.15574	13141.06527	13142.704348	13142.949556	13138.552884	13141.990104			1.0	1.0	0.0	3.0					
13147.086	6.200000000000728	trials	5.0	13149.709028	13151.367259999999	13152.976368	13153.225871999999	13148.717236	13151.919746			1.0	2.0	0.0	3.0					
13155.296	9.3799999999992	trials	5.0	13160.429218	13162.11966			13159.651564	13162.398374			2.0		1.0	1.0					
13169.196	9.195999999999913	trials	5.0	13171.804342	13172.841174	13175.143641999999	13175.353916	13171.263942	13174.247536			1.0	1.0	0.0	3.0					
13178.461	5.775000000001455	trials	5.0	13180.174276	13182.179364	13183.933164	13184.238772	13178.403596	13182.958288			1.0	2.0	0.0	3.0					
13187.289	7.313000000000102	trials	5.0	13190.144112	13191.38958	13192.66726	13192.898472	13189.55063	13191.988936	13193.596	13194.602	1.0	1.0	1.0	1.0					
13196.626	8.344999999999345	trials	5.0	13201.754322	13203.690200000001	13204.615488	13204.94814	13201.042098	13203.919702			1.0	1.0	0.0	3.0					
13206.971	17.381000000001222	trials	5.0	13215.969996	13217.105522	13220.748606	13221.033256	13215.203042	13219.890306			1.0	1.0	0.0	3.0					
13225.066	4.911000000000058	trials	5.0	13226.995204	13228.367812	13229.674296	13229.987416	13224.363096000001	13228.902268			1.0	2.0	0.0	3.0					
13232.967	14.183999999999287	trials	5.0	13239.594504	13240.784298	13243.90256	13244.17342	13238.60022	13243.25487			1.0	1.0	0.0	3.0					
13248.221	5.0900000000001455	trials	5.0	13250.019616	13251.59211	13253.003176	13253.291378	13247.160438	13252.109204			1.0	1.0	0.0	3.0					
13255.321	94.69599999999991	trials	5.0	13346.260448	13347.427906			13345.466454	13347.865534	13280.191	13341.296	2.0		1.0	1.0					
13353.491	11.8799999999992	trials	5.0	13362.376168	13364.187352	13365.069386	13365.340582	13361.614408	13364.420082			1.0	1.0	0.0	3.0					
13367.412	21.854999999999563	trials	5.0	13384.805784	13386.770812			13384.250014	13387.085564			2.0		1.0	1.0					
13391.782	8.78900000000067	trials	5.0	13396.166352	13398.067348			13395.382702	13398.40414			2.0		1.0	1.0					
13405.091	5.625	trials	5.0	13407.706758	13408.864158	13410.39878	13410.677984	13406.953608	13409.619906			1.0	1.0	0.0	3.0					
13412.723	5.5679999999993015	trials	5.0	13414.452932	13415.570352	13417.977798	13418.278648	13413.88949	13416.59755			1.0	1.0	0.0	3.0					
13421.301	7.770000000000437	trials	5.0	13424.556332	13425.767424			13423.70108	13426.774012			2.0		1.0	1.0					
13431.536	8.664999999999054	trials	5.0	13436.492996	13438.27138	13439.884184	13439.986166	13435.52162	13439.032388			1.0	1.0	0.0	3.0					
13442.211	8.175000000001091	trials	5.0	13443.836832	13445.265836	13448.273732	13448.67105	13442.307242	13445.786148	13448.981	13450.386	1.0	1.0	1.0	1.0					
13452.437	8.049000000000888	trials	5.0	13457.561134	13458.828626	13460.181674	13460.47074	13456.858312	13459.486828000001			1.0	1.0	0.0	3.0					
13463.506	6.550000000001091	trials	5.0	13465.828334	13467.303338			13465.113334	13467.885484			2.0		1.0	1.0					
13473.631	8.075000000000728	trials	5.0	13477.957252	13479.869676	13481.376548	13481.655354	13477.0237	13480.375278			1.0	1.0	0.0	3.0					
13484.756	11.761000000000422	trials	5.0	13492.526258	13493.912766			13491.841178	13494.340432	13486.326	13486.396	2.0		1.0	1.0					
13498.981	9.18499999999949	trials	5.0	13504.32143	13505.580042			13503.708208	13505.966632			2.0		1.0	1.0					
13512.711	7.485000000000582	trials	5.0	13515.662386	13517.620092000001	13519.900228	13520.115042	13514.957652000001	13518.995986			1.0	1.0	0.0	3.0					
13524.261	6.047999999998865	trials	5.0	13526.24391	13527.503944			13525.34229	13528.16181			2.0		1.0	1.0					
13534.822	6.834000000000742	trials	5.0	13537.052306	13539.065935999999			13536.344332	13539.380208			2.0		1.0	1.0					
13545.127	6.679000000000087	trials	5.0	13547.6677	13548.979028	13551.500164000001	13551.798128	13547.149684	13550.462882			1.0	1.0	0.0	3.0					
13554.812	10.21900000000096	trials	5.0	13559.31266	13561.127002	13562.550846	13562.823338	13558.557426	13561.487636	13563.267	13565.031	1.0	2.0	1.0	1.0					
13569.056	6.774999999999636	trials	5.0	13572.262622	13574.009054	13575.244754	13575.845954	13571.458122	13574.385018			1.0	2.0	0.0	3.0					
13577.614	8.131999999999607	trials	5.0	13580.149182000001	13581.669496	13585.562234	13585.757696	13579.24576	13581.661394			1.0		0.0	2.0					
13586.681	16.55500000000029	trials	5.0	13588.757514	13590.684162	13601.349674000001	13602.519392	13586.94291	13590.930298			1.0	1.0	0.0	3.0					
13605.676	101.15500000000065	trials	5.0	13700.999302	13702.325254	13705.598262	13706.8441	13700.201304	13703.114834			1.0	1.0	0.0	3.0					
13707.917	26.162000000000262	trials	5.0	13727.558824	13729.285018	13730.364878	13730.735372	13727.001368	13729.816324			1.0	2.0	0.0	3.0					
13734.681	4.005999999999403	trials	5.0	13736.620156	13736.63613	13737.965954	13738.016196	13734.088498000001	13736.628654			1.0		0.0	2.0					
13741.731	16.80000000000109	trials	5.0	13753.443858	13755.313702	13756.381934000001	13756.722428000001	13752.745656	13755.754862	13757.196	13758.531	1.0	2.0	1.0	1.0					
13760.556	7.430000000000291	trials	5.0	13764.794614	13766.055586	13767.518696	13767.999368	13764.124644	13766.790952			1.0	1.0	0.0	3.0					
13770.841	5.614999999999782	trials	5.0	13772.799324	13774.614462	13776.146738	13776.45208	13771.207608	13775.586164			1.0	1.0	0.0	3.0					
13780.471	10.212999999999738	trials	5.0	13786.698918	13788.445692	13790.368022	13790.689122	13785.777454	13789.649698			1.0	1.0	0.0	3.0					
13792.681	9.524999999999636	trials	5.0	13794.648812	13795.959524	13798.998606000001	13799.50271	13793.58953	13798.351842			1.0	1.0	0.0	3.0					
13803.326	7.760000000000218	trials	5.0	13805.11372	13806.286224	13807.823034000001	13808.095896	13802.220358	13807.042242			1.0	2.0	0.0	3.0					
13811.156	19.860999999998967	trials	5.0	13825.764488	13827.27649	13828.40777	13828.727343999999	13825.084945999999	13827.696538	13829.256	13831.017	1.0	2.0	1.0	1.0					
13832.771	19.784999999999854	trials	5.0	13847.634914	13849.247658	13850.277582	13850.75005	13846.876238	13849.648174	13851.068	13852.556	1.0	2.0	1.0	1.0					
13854.587	8.140000000001237	trials	5.0	13859.24604	13861.216014	13862.410886	13862.677136	13858.579784	13861.587642			1.0	2.0	0.0	3.0					
13866.736	6.8799999999992	trials	5.0	13869.464996	13871.431616	13873.308076	13873.535134	13868.679692	13872.328988			1.0	1.0	0.0	3.0					
13877.631	5.471000000001368	trials	5.0	13879.679876	13880.990518	13882.28064	13883.120038000001	13878.780508	13881.422234			1.0	2.0	0.0	3.0					
13884.551	6.832000000000335	trials	5.0	13888.340248	13889.571748	13891.064336	13891.367484	13887.829396000001	13889.951472			1.0	1.0	0.0	3.0					
13893.407	18.549000000000888	trials	5.0	13907.185398	13908.287108	13909.422358	13909.633568	13906.234840000001	13908.671386	13910.176	13911.956	1.0	2.0	1.0	1.0					
13913.687	9.875	trials	5.0	13919.100378	13921.007448			13918.31067	13921.33328			2.0		1.0	1.0					
13927.041	9.265000000001237	trials	5.0	13929.635362	13931.25832	13932.827282	13933.077466	13928.92315	13931.867786			1.0	1.0	0.0	3.0					
13937.171	7.914999999999054	trials	5.0	13939.087052	13940.641852	13942.459074	13942.726418	13936.3216	13941.337384	13943.231	13945.086	1.0	2.0	1.0	1.0					
13947.106	12.444999999999709	trials	5.0	13952.140836	13953.59631			13951.503098	13953.588042			2.0		0.0	2.0					
13959.642	9.25	trials	5.0	13961.450234	13962.531812	13967.297996	13967.856324	13959.569206	13963.119422			1.0	1.0	0.0	3.0					
13969.622	6.889000000001033	trials	5.0	13971.550946	13973.02542	13974.423732	13974.618284	13968.910818	13973.187342	13975.142	13976.511	1.0	2.0	1.0	1.0					
13978.576	7.800000000001091	trials	5.0	13983.489882	13985.039378	13986.051516	13986.393444	13982.894872	13985.359084			1.0	2.0	0.0	3.0					
13990.366	8.924999999999272	trials	5.0	13992.215974	13994.259834	13995.17406	13995.473266	13991.671458	13994.252902			1.0	1.0	0.0	3.0					
13999.524	10.387000000000626	trials	5.0	14005.400508	14007.370096			14004.44943	14007.73286			2.0		1.0	1.0					
14012.437	8.314000000000306	trials	5.0	14016.351426	14017.487364	14018.617904	14018.849704	14015.418548	14017.87166	14019.312	14020.751	1.0	2.0	1.0	1.0					
14023.771	8.149999999999636	trials	5.0	14027.525716	14029.358226			14026.783458	14029.699594			2.0		1.0	1.0					
14035.408	8.518000000000029	trials	5.0	14038.687772	14040.628266	14042.006754	14042.25377	14037.947348	14041.06494	14042.681	14043.926	1.0	1.0	1.0	1.0					
14047.987	6.499000000001615	trials	5.0	14050.626896	14051.652728000001			14049.848954000001	14052.28263			2.0		1.0	1.0					
14058.951	7.316000000000713	trials	5.0	14060.881732	14062.647948	14063.93541	14064.15147	14060.083684	14063.059584	14064.727	14066.267	1.0	2.0	1.0	1.0					
14069.322	7.798999999999069	trials	5.0	14073.341796	14074.53225			14072.774261999999	14074.842408	14076.727	14077.011	2.0		1.0	1.0					
14080.646	12.449999999998909	trials	5.0	14089.066238	14090.412328	14092.782898	14093.113562	14088.475374	14090.401018			1.0		0.0	2.0					
14095.411	48.539999999999054	trials	5.0	14132.833826	14134.785326	14141.521896	14141.978316	14132.263882	14135.263092	14142.271	14143.951	1.0	2.0	1.0	1.0					
14146.971	4.720000000001164	trials	5.0	14148.802188	14150.316308	14151.376064	14151.70068	14147.818474	14150.80394			1.0	2.0	0.0	3.0					
14154.696	7.479999999999563	trials	5.0	14158.672416	14160.188846000001			14158.160122	14160.179254			1.0		0.0	2.0					
14164.187	16.85900000000038	trials	5.0	14177.538594	14178.642816	14179.74294	14179.935418000001	14176.787164	14179.093638			1.0	2.0	0.0	3.0					
14183.091	6.010000000000218	trials	5.0	14185.84758	14187.059264	14188.44525	14188.521832	14185.242354	14187.052928000001			1.0		0.0	2.0					
14192.111	12.920000000000073	trials	5.0	14201.468102	14203.399036	14204.701944	14205.050462	14200.947594	14204.018798000001			1.0	2.0	0.0	3.0					
14208.061	8.949000000000524	trials	5.0	14213.237438	14215.263036	14216.632506	14217.025434	14212.265668	14215.522534			1.0	1.0	0.0	3.0					
14218.996	11.460000000000946	trials	5.0	14226.767626	14228.766076	14229.974922	14230.476554	14226.020708	14229.142884			1.0	1.0	0.0	3.0					
14232.291	5.755000000001019	trials	5.0	14234.172826	14236.070252	14237.747266	14237.953526	14233.540718	14236.885628			1.0	2.0	0.0	3.0					
14240.062	11.155000000000655	trials	5.0	14247.022574	14248.869378			14246.092196	14248.994424			2.0		1.0	1.0					
14255.73	6.926000000001295	trials	5.0	14257.387878	14259.449388	14260.39146	14260.639884	14256.845224	14259.782836	14261.031	14262.656	1.0	2.0	1.0	1.0					
14265.676	6.895000000000437	trials	5.0	14268.452766	14270.015136			14267.494548	14270.416294			2.0		1.0	1.0					
14277.031	4.679999999998472	trials	5.0	14278.992924	14280.184564	14281.359028	14281.73091	14277.489488	14280.635578			1.0	2.0	0.0	3.0					
14283.681	12.282999999999447	trials	5.0	14292.147862	14293.930668			14291.52478	14293.924444			2.0		0.0	2.0					
14298.017	6.420000000000073	trials	5.0	14300.14846	14301.940556			14299.465558	14302.434362			2.0		1.0	1.0					
14307.951	7.736000000000786	trials	5.0	14312.22356	14313.985662	14315.273132	14315.70763	14311.624918	14314.574638			1.0	1.0	0.0	3.0					
14317.622	7.59400000000096	trials	5.0	14320.258792	14321.438048	14323.021875999999	14323.329162	14319.425348	14322.25065	14323.756	14325.216	1.0	2.0	1.0	1.0					
14329.241	5.52599999999984	trials	5.0	14331.891554	14333.17986	14334.380342	14334.7863	14330.94559	14333.58569			1.0	2.0	0.0	3.0					
14337.701	5.486000000000786	trials	5.0	14340.26855	14341.915276	14342.891803999999	14343.204198	14339.352008	14342.214086			1.0	1.0	0.0	3.0					
14347.156	7.054999999998472	trials	5.0	14350.264388	14351.595702	14353.892554	14354.229832	14349.659246	14353.1061			1.0	2.0	0.0	3.0					
14357.206	8.364999999999782	trials	5.0	14358.783734	14359.878948	14361.277548	14361.654406	14357.404466	14360.531202			1.0	1.0	0.0	3.0					
14365.656	4.90599999999904	trials	5.0	14367.55406	14368.631986	14370.263098	14370.52858	14365.589374	14369.389954			1.0	2.0	0.0	3.0					
14374.616	10.68499999999949	trials	5.0	14381.198752	14382.501096			14380.53905	14383.014854000001			2.0		1.0	1.0					
14389.816	5.304999999998472	trials	5.0	14391.983676	14393.617312	14394.814992	14395.040218	14391.129792	14394.095038			1.0	2.0	0.0	3.0					
14399.127	5.72899999999936	trials	5.0	14400.849632	14402.06556			14399.95738	14402.60053			2.0		1.0	1.0					
14407.418	6.648000000001048	trials	5.0	14411.113838000001	14412.337137999999	14413.755704	14414.000402	14410.556145999999	14413.044482			1.0	1.0	0.0	3.0					
14417.076	7.236000000000786	trials	5.0	14419.169662	14420.81699	14422.138506	14422.409878	14418.200738	14421.326778	14422.846	14424.312	1.0	2.0	1.0	1.0					
14427.331	8.685999999999694	trials	5.0	14430.644428	14432.668924	14433.80477	14434.102712	14430.0079	14433.105717999999	14434.606	14436.017	1.0	2.0	1.0	1.0					
14438.046	7.295000000000073	trials	5.0	14442.125648000001	14443.54189	14445.043176	14445.289276	14441.31823	14444.04222			1.0	1.0	0.0	3.0					
14447.391	9.925000000001091	trials	5.0	14453.14454	14454.777144			14452.2661	14455.047394000001			2.0		1.0	1.0					
14461.836	7.445000000001528	trials	5.0	14463.604826	14465.212678	14466.588772	14466.805012	14462.536157999999	14465.771882000001			1.0	2.0	0.0	3.0					
14469.921	4.791999999999462	trials	5.0	14471.540922	14472.991313999999	14474.409648	14474.662704	14469.300798	14473.575982			1.0	1.0	0.0	3.0					
14477.762	7.433999999999287	trials	5.0	14479.461478000001	14480.877858	14483.155514	14483.38068	14478.348938	14482.302034	14483.852	14485.196	1.0	2.0	1.0	1.0					
14487.216	7.095999999999549	trials	5.0	14490.824656	14492.60484	14494.01591	14494.287894000001	14490.257394	14492.995912			1.0	2.0	0.0	3.0					
14496.37	5.460999999999331	trials	5.0	14498.380118000001	14500.333758	14501.539578	14501.78219	14497.678434	14500.749152			1.0	1.0	0.0	3.0					
14504.878	6.612999999999374	trials	5.0	14507.1599	14509.189154			14506.507258	14509.436612			2.0		1.0	1.0					
14513.943	8.40900000000147	trials	5.0	14517.435078	14518.496152	14519.816456	14520.149738	14516.44857	14518.934596			1.0	1.0	0.0	3.0					
14524.126	4.494999999998981	trials	5.0	14525.81502	14527.49972	14528.31833	14528.598768	14522.370966	14527.420668			1.0	2.0	0.0	3.0					
14530.637	6.993999999998778	trials	5.0	14534.070356	14535.642238			14533.190004	14535.631886			1.0		0.0	2.0					
14541.672	18.558999999999287	trials	5.0	14555.590784	14556.816954	14558.146182	14558.369674	14554.994958	14557.437122	14558.961	14560.231	1.0	2.0	1.0	1.0					
14563.312	9.174000000000888	trials	5.0	14566.690148	14568.200462	14569.94065	14570.243476	14566.00542	14568.635506			1.0	1.0	0.0	3.0					
14574.301	4.75	trials	5.0	14576.01067	14577.062522	14578.194258	14578.542388	14572.507404	14577.059564			1.0		0.0	2.0					
14582.062	21.35399999999936	trials	5.0	14599.410308	14600.807445999999			14598.549992	14601.219062			2.0		1.0	1.0					
14607.906	11.144999999998618	trials	5.0	14614.610684	14616.504552			14613.71216	14616.875344			2.0		1.0	1.0					
14621.511	8.024999999999636	trials	5.0	14624.096182000001	14626.036294	14627.098534	14627.393778	14623.318336	14626.388442	14627.937	14629.536	1.0	2.0	1.0	1.0					
14631.551	6.700000000000728	trials	5.0	14635.100822	14636.52404	14637.871384	14638.271438	14634.347532	14636.989374			1.0	2.0	0.0	3.0					
14641.187	12.290000000000873	trials	5.0	14649.681128	14651.487466			14649.00756	14651.47694			1.0		0.0	2.0					
14656.532	14.610000000000582	trials	5.0	14667.825652	14669.157984			14667.069248	14669.15467			1.0		0.0	2.0					
14673.151	4.7409999999999854	trials	5.0	14675.00269	14675.907574			14673.334664	14675.897882000001			1.0		0.0	2.0					
14681.901	23.94499999999971	trials	5.0	14702.73173	14703.933168	14705.487204000001	14705.867624	14702.137336	14704.695278			1.0	2.0	0.0	3.0					
14709.746	7.39600000000064	trials	5.0	14713.410994	14715.231962	14716.672938	14717.16708	14712.891702	14715.946609999999			1.0	2.0	0.0	3.0					
14719.986	6.375	trials	5.0	14722.116148000001	14723.80901			14721.391042	14724.132508			2.0		1.0	1.0					
14730.833	6.278000000000247	trials	5.0	14733.097076	14735.090152	14736.819764	14737.066406	14732.149248	14735.922922			1.0	1.0	0.0	3.0					
14740.121	6.540000000000873	trials	5.0	14742.007067999999	14743.245642	14744.435276	14744.702624	14740.514326	14743.709554000001	14745.221	14746.661	1.0	2.0	1.0	1.0					
14748.687	9.884000000000015	trials	5.0	14753.77206	14756.027318			14753.252904	14756.311676			2.0		1.0	1.0					
14762.167	6.989000000001397	trials	5.0	14764.172122	14765.689016	14766.95674	14767.14009	14763.284684	14766.093918	14767.836	14769.156	1.0	2.0	1.0	1.0					
14772.267	7.984000000000378	trials	5.0	14775.871716	14777.706766			14775.356098	14778.103646			2.0		1.0	1.0					
14784.769	5.231999999999971	trials	5.0	14786.7072	14787.98863	14789.268484	14789.411494	14784.935723999999	14788.388794			1.0	2.0	0.0	3.0					
14793.576	7.330000000001746	trials	5.0	14798.187112	14799.50013	14800.580244	14800.927134	14797.638814	14799.80034			1.0	1.0	0.0	3.0					
14803.932	11.15899999999965	trials	5.0	14809.781846	14811.755256	14813.070466000001	14813.313888	14809.078802	14812.234656	14813.791	14815.091	1.0	2.0	1.0	1.0					
14818.116	6.075000000000728	trials	5.0	14821.03682	14822.264928	14823.505016	14823.653996000001	14820.326414	14822.625832			1.0	2.0	0.0	3.0					
14825.816	15.194999999999709	trials	5.0	14838.102938	14839.318106	14840.669238	14841.016672	14837.542008	14839.91505			1.0	1.0	0.0	3.0					
14843.012	9.679000000000087	trials	5.0	14849.73236	14851.43972	14852.384478	14852.703652	14849.072984	14851.758532			1.0	2.0	0.0	3.0					
14854.743	6.182999999999083	trials	5.0	14856.567353999999	14858.440448			14855.920517999999	14858.69626			2.0		1.0	1.0					
14864.471	8.006000000001222	trials	5.0	14867.27789	14869.300384	14870.234424	14870.503282	14866.594532	14869.599388			1.0	1.0	0.0	3.0					
14873.546	4.956000000000131	trials	5.0	14875.367588000001	14876.459234			14872.503534	14876.4548			1.0		0.0	2.0					
14881.527	21.10900000000038	trials	5.0	14898.059008	14900.098214			14897.063947999999	14900.367642000001			2.0		1.0	1.0					
14907.191	6.204999999999927	trials	5.0	14909.122804	14910.851282			14907.45854	14911.262326			2.0		1.0	1.0					
14915.861	6.009999999998399	trials	5.0	14918.433526	14919.730142	14921.571390000001	14921.870426	14917.869872	14920.781404			1.0	2.0	0.0	3.0					
14923.884	5.5020000000004075	trials	5.0	14926.02313	14928.064068	14929.083818	14929.338534	14925.224728000001	14928.470382			1.0	1.0	0.0	3.0					
14933.401	8.670000000000073	trials	5.0	14938.633426	14940.59574	14941.772756	14941.97643	14937.814495999999	14940.882185999999			1.0	2.0	0.0	3.0					
14944.122	11.53400000000147	trials	5.0	14951.438456	14953.072501999999			14950.515624	14953.40175			2.0		1.0	1.0					
14959.157	6.320000000001528	trials	5.0	14960.913204	14962.395628			14960.200241999999	14963.230997999999			2.0		1.0	1.0					
14969.941	6.411000000000058	trials	5.0	14971.759038	14973.041014	14974.242186	14974.524175999999	14970.67826	14973.438884	14975.017	14976.352	1.0	2.0	1.0	1.0					
14978.371	7.625	trials	5.0	14982.754904	14984.646314	14985.703774	14985.94988	14982.127442	14985.034142			1.0	1.0	0.0	3.0					
14989.051	6.817000000000917	trials	5.0	14991.059315999999	14992.635682	14993.775814	14994.078379999999	14989.218644	14992.923352	14994.471	14995.868	1.0	2.0	1.0	1.0					
14999.924	11.548999999999069	trials	5.0	15008.30447	15010.171944	15011.120142	15011.477988	15007.759023999999	15010.265906			1.0	1.0	0.0	3.0					
15013.437	10.585000000000946	trials	5.0	15020.748552000001	15021.986014	15023.011264	15023.268142	15020.116266	15022.387788			1.0	2.0	0.0	3.0					
15027.366	33.611000000000786	trials	5.0	15050.954	15052.915662	15058.68428	15059.133994	15050.187464	15052.963074	15059.501	15060.977	1.0	2.0	1.0	1.0					
15064.882	5.744000000000597	trials	5.0	15067.88088	15069.151077999999	15070.322426	15070.577378	15067.203067999999	15069.653296			1.0	2.0	0.0	3.0					
15072.636	11.300999999999476	trials	5.0	15080.479994	15082.096336	15083.555292000001	15083.96017	15079.717338	15082.767752			1.0	1.0	0.0	3.0					
15085.887	16.98399999999856	trials	5.0	15098.579378	15099.819318	15100.758158	15101.016868	15097.770064	15100.128904000001	15101.501	15102.871	1.0	2.0	1.0	1.0					
15104.936	8.835000000000946	trials	5.0	15109.145226	15110.281122	15111.545014	15111.82735	15108.594414	15110.860062	15112.346	15113.771	1.0	2.0	1.0	1.0					
15116.856	7.371000000001004	trials	5.0	15120.39012	15121.68901			15119.629022000001	15122.060166	15123.801	15124.062	2.0		1.0	1.0					
15126.75	7.391999999999825	trials	5.0	15130.675008	15132.107530000001			15129.820106	15132.09738			1.0		0.0	2.0					
15138.156	8.969999999999345	trials	5.0	15143.890088	15145.677106	15146.598074	15147.151992	15143.100394000001	15145.794442			1.0	2.0	0.0	3.0					
15150.902	9.923999999999069	trials	5.0	15157.529898	15158.79171			15156.845716	15158.78725			1.0		0.0	2.0					
15162.881	72.08500000000095	trials	5.0	15230.370286	15232.095438	15232.996134	15233.1756	15229.641762	15232.417024	15233.796	15234.966	1.0	2.0	1.0	1.0					
15237.991	20.329999999999927	trials	5.0	15254.945462	15256.278168	15258.001674	15258.028874	15254.140834	15256.270902			1.0		0.0	2.0					
15261.331	19.204999999999927	trials	5.0	15277.641552000001	15278.553604	15279.799756	15280.129744	15277.065374	15278.54061			1.0		0.0	2.0					
15284.557	76.15899999999965	trials	5.0	15358.246428	15358.734746	15359.288816	15359.891764	15357.416636	15358.731622			1.0		0.0	2.0					
15363.766	34.11499999999978	trials	5.0	15393.611703999999	15395.290706			15392.895246	15395.632927999999			2.0		1.0	1.0					
15401.386	10.084999999999127	trials	5.0	15406.517134	15407.813682	15408.731246	15408.976168000001	15405.753994	15408.20501	15409.396	15411.471	1.0	2.0	1.0	1.0					
15413.281	11.723999999998341	trials	5.0	15421.402092	15422.459328			15420.3962	15422.877954			2.0		1.0	1.0					
15427.501	7.604999999999563	trials	5.0	15431.177294000001	15432.609238000001			15430.244886	15433.0817			2.0		1.0	1.0					
15439.613	7.5130000000008295	trials	5.0	15442.3626	15443.88316	15444.916586	15445.13633	15441.477964	15444.223304	15445.586	15447.126	1.0	2.0	1.0	1.0					
15451.146	6.7549999999992	trials	5.0	15454.697028	15456.083552	15457.613324	15457.71695	15454.05458	15456.7096			1.0	2.0	0.0	3.0					
15461.947	8.709000000000742	trials	5.0	15465.477474	15467.22134	15468.53552	15468.914964	15464.766054	15467.59255	15469.376	15470.656	1.0	1.0	1.0	1.0					
15473.68	6.120999999999185	trials	5.0	15476.862726	15478.448922	15479.517096	15479.807826	15476.145762	15478.887346			1.0	2.0	0.0	3.0					
15481.812	7.079999999999927	trials	5.0	15485.74246	15487.297396	15488.530053999999	15488.921354	15484.852982	15487.731816			1.0	1.0	0.0	3.0					
15491.831	9.135000000000218	trials	5.0	15496.74747	15498.63484			15496.150512	15498.848252			2.0		1.0	1.0					
15503.446	6.579999999999927	trials	5.0	15506.723170000001	15508.047542			15505.851694	15508.040558			1.0		0.0	2.0					
15512.046	10.334999999999127	trials	5.0	15517.33247	15519.059528	15520.294458	15520.575506000001	15516.706366	15519.516688	15521.026	15522.381	1.0	2.0	1.0	1.0					
15525.401	9.75	trials	5.0	15528.558328	15530.401782	15531.4851	15531.867764	15527.617226	15530.750542			1.0	2.0	0.0	3.0					
15535.781	4.984999999998763	trials	5.0	15537.532846	15539.315279999999	15540.454962	15540.792336	15535.180769999999	15539.72761			1.0	1.0	0.0	3.0					
15544.796	7.299999999999272	trials	5.0	15547.112802	15549.070012	15549.986015999999	15550.235566	15546.432628	15549.149248	15550.796	15552.096	1.0	2.0	1.0	1.0					
15555.116	7.5049999999992	trials	5.0	15558.538054	15560.136282			15557.90595	15560.475084			2.0		1.0	1.0					
15565.182	8.545000000000073	trials	5.0	15568.88833	15570.41934	15571.585708	15571.83552	15568.06621	15570.837368	15572.451	15573.727	1.0	2.0	1.0	1.0					
15577.792	5.213999999999942	trials	5.0	15579.893492	15581.453174	15582.698996	15582.963974	15578.920756	15581.80082			1.0	1.0	0.0	3.0					
15585.016	6.405000000000655	trials	5.0	15588.693138	15590.0553	15591.130868	15591.435158	15587.850006	15590.23808			1.0	2.0	0.0	3.0					
15593.477	15.084999999999127	trials	5.0	15605.668194	15606.865206	15608.270064	15608.549146	15604.883918	15607.574998			1.0	1.0	0.0	3.0					
15612.571	6.260000000000218	trials	5.0	15614.348686	15615.375178	15616.47558	15616.716218	15613.431612	15615.6809	15617.151	15618.831	1.0	2.0	1.0	1.0					
15621.587	12.926000000001295	trials	5.0	15631.519081999999	15632.865232	15634.21522	15634.505388	15630.77716	15633.357522			1.0	2.0	0.0	3.0					
15636.562	10.888999999999214	trials	5.0	15640.604008	15642.176458	15643.413074	15643.673206	15640.055066	15642.661963999999			1.0	1.0	0.0	3.0					
15647.731	4.654000000000451	trials	5.0	15649.77909	15650.370998	15651.405122	15651.687969999999	15647.48264	15650.359208			1.0		0.0	2.0					
15656.437	14.318999999999505	trials	5.0	15665.760094000001	15667.540362	15668.661058	15668.896276	15664.93634	15668.013102	15669.341	15670.756	1.0	2.0	1.0	1.0					
15672.776	8.545000000000073	trials	5.0	15677.235186	15679.021072			15676.59372	15679.027612			2.0		1.0	1.0					
15683.807	7.334999999999127	trials	5.0	15687.658688	15689.505088	15690.851672	15691.057688	15686.703528	15689.875211999999			1.0	1.0	0.0	3.0					
15693.156	5.144999999998618	trials	5.0	15695.014438	15696.809452	15697.797158	15698.055224	15694.50066	15697.12067			1.0	2.0	0.0	3.0					
15701.142	12.019000000000233	trials	5.0	15708.99407	15710.927268			15708.339302	15711.150116			2.0		1.0	1.0					
15717.681	5.729999999999563	trials	5.0	15720.044006	15721.86045	15722.989308	15723.442584	15719.18003	15722.211576			1.0	2.0	0.0	3.0					
15726.291	21.704999999999927	trials	5.0	15738.449126	15740.01677	15745.858084	15746.106146	15737.93262	15740.397304	15746.621	15747.996	1.0	2.0	1.0	1.0					
15750.066	6.599999999998545	trials	5.0	15753.710686	15755.076122	15756.37372	15756.643788	15753.162446	15755.602594			1.0	2.0	0.0	3.0					
15759.676	6.1599999999998545	trials	5.0	15762.53937	15764.222406	15765.541102	15765.817796	15762.012136	15764.61896			1.0	1.0	0.0	3.0					
15768.882	11.738999999999578	trials	5.0	15777.15963	15778.641998			15776.487864	15778.633711999999			2.0		0.0	2.0					
15784.636	14.770000000000437	trials	5.0	15796.235314	15798.161732	15799.109946	15799.34873	15795.678744	15798.469304			1.0	2.0	0.0	3.0					
15802.461	13.579999999999927	trials	5.0	15811.236052	15812.566802	15815.525088	15816.072764	15810.2793	15812.637794			1.0	1.0	0.0	3.0					
15818.841	16.050999999999476	trials	5.0	15832.2051	15832.913144	15833.79632	15834.102176	15831.421048	15832.899822			1.0		0.0	2.0					
15836.921	117.99499999999898	trials	5.0	15951.380562	15952.93758			15950.721074000001	15952.930438			2.0		0.0	2.0					
15958.926	8.801000000001295	trials	5.0	15964.56134	15966.127302	15967.130176	15967.757716	15963.813474	15966.450128			1.0	2.0	0.0	3.0					
15971.477	13.198999999998705	trials	5.0	15980.106412000001	15982.092294			15979.344616	15982.37298			2.0		1.0	1.0					
15988.146	11.799999999999272	trials	5.0	15995.146636	15996.212732			15994.188947999999	15997.744028000001			2.0		1.0	1.0					
16003.466	5.337999999999738	trials	5.0	16006.178286	16007.345676	16008.450696	16008.712204	16005.347618	16007.743416			1.0	2.0	0.0	3.0					
16010.816	22.209999999999127	trials	5.0	16030.166538	16031.63304	16032.728432	16033.014226	16029.521184000001	16032.010188			1.0	2.0	0.0	3.0					
16037.036	9.840000000000146	trials	5.0	16042.982196	16044.046312			16042.086452	16044.58252			2.0		1.0	1.0					
16050.301	8.130000000001019	trials	5.0	16053.496414000001	16055.138016	16056.318984	16056.53148	16052.78815	16055.501528	16057.121	16058.431	1.0	2.0	1.0	1.0					
16062.492	7.088999999999942	trials	5.0	16065.447250000001	16066.801468			16064.649691999999	16067.317128			2.0		1.0	1.0					
16072.111	9.049999999999272	trials	5.0	16075.942192	16077.953562	16079.045144	16079.4288	16075.393278	16078.275232			1.0	2.0	0.0	3.0					
16082.346	4.43500000000131	trials	5.0	16084.287366	16085.30909	16086.479746	16086.816362	16081.192418	16085.757146			1.0	1.0	0.0	3.0					
16090.783	13.103000000000975	trials	5.0	16098.591592	16100.548248	16101.700258	16102.003894	16098.008134	16100.984026	16102.437	16103.886	1.0	2.0	1.0	1.0					
16107.966	12.475000000000364	trials	5.0	16112.287356	16113.399104	16119.528382	16119.875606	16111.626718	16114.23453			1.0	1.0	0.0	3.0					
16121.836	85.71500000000015	trials	5.0	16204.757848000001	16206.479886000001	16207.266492	16207.517644	16204.042347999999	16206.604668			1.0	2.0	0.0	3.0					
16210.562	22.138999999999214	trials	5.0	16227.304338	16228.516298	16230.687298	16230.973784	16226.740262	16229.987894	16231.437	16232.701	1.0	2.0	1.0	1.0					
16235.761	8.93499999999949	trials	5.0	16240.358135999999	16242.150008			16239.511534000001	16242.543212			2.0		1.0	1.0					
16248.161	6.709999999999127	trials	5.0	16251.804914	16253.509404	16254.52581	16254.904774	16250.82476	16253.824664			1.0	2.0	0.0	3.0					
16257.853	7.798000000000684	trials	5.0	16261.663156	16263.084612			16261.082626	16263.438064			2.0		1.0	1.0					
16270.116	7.8400000000001455	trials	5.0	16272.453626	16273.714044	16275.408384	16275.752784	16271.873026000001	16274.666624	16276.196	16277.956	1.0	2.0	1.0	1.0					
16281.981	6.880000000001019	trials	5.0	16285.099696000001	16286.539327999999	16288.380114	16288.89678	16284.150776	16287.098912			1.0	1.0	0.0	3.0					
16290.671	9.979999999999563	trials	5.0	16295.739798	16297.214966	16298.462254	16298.700974	16294.854772	16297.575194000001	16299.111	16300.651	1.0	2.0	1.0	1.0					
16304.676	16.06999999999971	trials	5.0	16318.25339	16319.407014	16320.278216	16320.56621	16317.298964	16319.678906000001			1.0	2.0	0.0	3.0					
16323.606	7.055000000000291	trials	5.0	16325.55147	16327.46162	16328.48982	16328.67278	16323.648162000001	16327.584132	16329.301	16330.661	1.0	1.0	1.0	1.0					
16333.681	10.055000000000291	trials	5.0	16339.461278	16340.711424000001			16338.689476000001	16341.531532			2.0		1.0	1.0					
16346.341	10.340000000000146	trials	5.0	16350.268192000001	16351.77885			16349.401	16351.773992			1.0		0.0	2.0					
16357.901	5.194999999999709	trials	5.0	16359.746500000001	16361.085366000001	16361.765384	16362.0085	16356.679732	16361.07287			1.0		0.0	2.0					
16365.152	65.98100000000159	trials	5.0	16427.643506	16429.009562			16426.780358	16429.002172			1.0		0.0	2.0					
16433.146	40.909999999999854	trials	5.0	16471.122402	16472.71735	16473.643468000002	16474.051878000002	16470.268838	16473.094378			1.0	2.0	0.0	3.0					
16475.986	6.044999999998254	trials	5.0	16478.818104	16480.78906	16481.455122	16482.028358	16477.837184	16480.814952			1.0	1.0	0.0	3.0					
16483.787	29.04399999999805	trials	5.0	16510.222682	16512.017282	16512.50526	16512.830274	16509.50724	16511.962618			1.0	2.0	0.0	3.0					
16515.886	54.345000000001164	trials	5.0	16566.097548	16567.918102			16565.308176000002	16567.952926			2.0		1.0	1.0					
16573.692	5.1490000000012515	trials	5.0	16576.133154	16577.530296	16578.51495	16578.673498	16575.22433	16577.86341			1.0	2.0	0.0	3.0					
16580.871	9.930000000000291	trials	5.0	16586.41804	16587.461304	16588.587432	16588.789090000002	16585.553334	16587.953328	16589.431	16590.801	1.0	1.0	1.0	1.0					
16594.818	7.363000000001193	trials	5.0	16597.833174	16599.610306000002			16596.91814	16599.933706			2.0		1.0	1.0					
16604.716	6.0900000000001455	trials	5.0	16607.673116	16609.665032	16610.469456	16610.71868	16606.974974	16609.812562			1.0	1.0	0.0	3.0					
16612.855	21.230999999999767	trials	5.0	16630.364164000002	16631.515926			16629.648944	16631.853092			2.0		1.0	1.0					
16638.586	5.9760000000023865	trials	5.0	16641.843272000002	16642.972262	16644.235974	16644.505250000002	16641.004224	16643.551424			1.0	1.0	0.0	3.0					
16647.571	7.275000000001455	trials	5.0	16649.388196	16650.441588			16648.8047	16650.42569			1.0		0.0	2.0					
16656.456	32.57000000000335	trials	5.0	16683.673736	16684.89546	16686.713752	16686.996174	16682.695714	16685.031826000002	16687.392	16689.026	1.0	2.0	1.0	1.0					
16693.046	8.715000000000146	trials	5.0	16697.953944	16699.233118	16701.430564000002	16701.742384	16697.211722	16700.550228			1.0	1.0	0.0	3.0					
16704.771	5.399999999997817	trials	5.0	16706.520940000002	16707.336180000002	16708.859412	16709.738696	16705.048422	16707.331754			1.0		0.0	2.0					
