onset	duration	nwb_table	block	tone_on_time	tone_off_time	action_on_time	action_off_time	pokeC_on_time	pokeC_off_time	reward_on_time	reward_off_time	state	action	reward	result	FinishedBlock	FirstTrial	LastTrial	RewardRule_L	RewardRule_R
2.266	2476.122	BlockDesign														1.0	1.0	180.0	50.0	90.0
2.266	29.701999999999998	trials	1.0	29.013	29.906078000000004			28.335902	29.899465000000003			1.0		0.0	2.0					
35.979	15.036000000000001	trials	1.0	48.258151	49.400475	50.666202	50.969547000000006	47.373104	49.865115			1.0	1.0	0.0	3.0					
53.028	9.536000000000001	trials	1.0	54.98483300000001	56.71416000000001			53.766335	56.70623400000001			2.0		0.0	2.0					
62.753	10.254999999999995	trials	1.0	68.562805	70.49506			67.627275	70.773372			2.0		1.0	1.0					
76.585	8.498000000000005	trials	1.0	80.404665	82.395161	83.25004	83.464321	79.415175	82.461855	83.868	85.083	1.0	2.0	1.0	1.0					
87.118	8.256	trials	1.0	91.647957	93.310059			91.075433	93.30536599999999			1.0		0.0	2.0					
99.405	11.783999999999992	trials	1.0	106.780193	108.759023	109.560864	109.923968	105.781779	108.981059	110.274	111.189	1.0	2.0	1.0	1.0					
113.255	8.483000000000004	trials	1.0	118.218462	119.345106	120.144555	120.307964	117.587469	119.576547	121.033	121.738	1.0	2.0	1.0	1.0					
123.82	12.397999999999996	trials	1.0	131.01350300000001	132.990663	133.96168400000002	134.24410500000002	130.115307	133.38618000000002	134.683	136.218	1.0	2.0	1.0	1.0					
140.284	5.625	trials	1.0	142.84828800000003	143.90042300000002			141.87494600000002	143.896676			1.0		0.0	2.0					
149.919	11.033999999999992	trials	1.0	155.84346200000002	157.412369			155.320569	157.399988			2.0		0.0	2.0					
162.433	17.29600000000002	trials	1.0	174.63847800000002	176.39538900000002	177.998252	178.312596	173.904074	177.14603100000002	178.631	179.729	1.0	1.0	1.0	1.0					
182.798	5.7549999999999955	trials	1.0	185.50863	187.384723	188.13878300000002	188.555799	184.54131500000003	187.42347900000001			1.0	2.0	0.0	3.0					
191.479	46.07899999999998	trials	1.0	231.183639	232.74106500000002	233.755683	234.07803	230.48845100000003	233.131787			1.0	2.0	0.0	3.0					
238.143	8.759999999999991	trials	1.0	239.86102200000002	241.671196	246.28438200000002	246.35315100000003	237.56018300000002	241.66779200000002			1.0		0.0	2.0					
247.745	14.632999999999981	trials	1.0	258.744647	259.866944			257.841499	260.18417600000004			2.0		1.0	1.0					
264.998	12.324999999999989	trials	1.0	267.86588900000004	269.400621	275.442723	275.729844	267.016299	269.835238	276.223	277.323	1.0	1.0	1.0	1.0					
279.428	6.725000000000023	trials	1.0	283.148886	284.282013	285.826705	285.989352	282.298254	284.895659			1.0	1.0	0.0	3.0					
289.203	17.02600000000001	trials	1.0	300.564081	302.397507			299.87442200000004	302.38509600000003			2.0		0.0	2.0					
306.452	5.822000000000003	trials	1.0	308.070981	309.808542	310.76113200000003	311.029921	306.23307800000003	310.147738	311.418	312.274	1.0	2.0	1.0	1.0					
315.329	6.949000000000012	trials	1.0	318.089648	319.799601	320.714238	320.92706000000004	317.222793	320.088194	321.428	322.278	1.0	2.0	1.0	1.0					
324.339	9.053999999999974	trials	1.0	328.91535500000003	330.562718	331.622586	331.847263	328.363248	330.984577	332.363	333.393	1.0	2.0	1.0	1.0					
336.413	8.190999999999974	trials	1.0	339.514196	340.646693	342.955773	343.205613	338.952206	341.487878	343.658	344.604	1.0	1.0	1.0	1.0					
347.669	6.584000000000003	trials	1.0	350.321415	351.38651300000004	352.63227900000004	352.72839500000003	349.369805	351.654497	353.388	354.253	1.0	2.0	1.0	1.0					
357.293	12.84499999999997	trials	1.0	366.399408	367.566347			365.76205200000004	367.99350200000003			2.0		1.0	1.0					
374.593	7.795999999999992	trials	1.0	376.564554	377.218186			374.63505000000004	377.213619			1.0		0.0	2.0					
383.233	14.975000000000023	trials	1.0	394.084772	395.73001400000004	396.51396900000003	396.908775	393.383394	396.01550100000003	397.343	398.208	1.0	2.0	1.0	1.0					
400.268	10.160000000000025	trials	1.0	406.439503	407.797722			405.621279	408.221719			2.0		1.0	1.0					
412.908	12.274999999999977	trials	1.0	418.56442200000004	419.968425	421.485999	421.660922	417.671138	420.55509			1.0	1.0	0.0	3.0					
425.895	4.879000000000019	trials	1.0	427.641425	428.77162100000004			425.186997	428.761122			1.0		0.0	2.0					
432.798	17.089999999999975	trials	1.0	445.410594	446.961947	448.015692	448.27929800000004	444.42679200000003	447.464579	448.693	449.888	1.0	2.0	1.0	1.0					
452.828	4.640000000000043	trials	1.0	454.439529	455.897123	457.147809	457.437854	453.831842	456.473484			1.0	2.0	0.0	3.0					
460.52	5.813000000000045	trials	1.0	462.524981	463.831856	464.82803	465.039331	461.697176	464.18475	465.613	466.333	1.0	2.0	1.0	1.0					
470.379	6.288999999999987	trials	1.0	472.28162000000003	473.803724			471.302471	474.312446			2.0		1.0	1.0					
481.098	4.416999999999973	trials	1.0	482.825684	483.488793			481.19487300000003	483.482769			1.0		0.0	2.0					
487.563	10.990000000000009	trials	1.0	494.540796	496.54147800000004			493.668156	496.49791500000003			2.0		1.0	1.0					
502.111	7.572000000000003	trials	1.0	504.12084300000004	505.427031	509.080571	509.29853	503.02186800000004	505.83117			1.0	1.0	0.0	3.0					
512.729	6.548999999999978	trials	1.0	514.66608	516.397512			513.9075929999999	517.0581709999999			2.0		1.0	1.0					
523.753	12.979999999999905	trials	1.0	529.58625	531.408923	534.818282	535.0710809999999	528.7155779999999	531.612498	535.553	536.733	1.0	2.0	1.0	1.0					
539.608	8.230000000000018	trials	1.0	543.9402	545.327514			543.3595439999999	545.7444889999999			2.0		1.0	1.0					
551.378	15.524999999999977	trials	1.0	553.4207779999999	554.816787	563.3609879999999	563.559453	552.884737	554.970324			1.0	1.0	0.0	3.0					
567.708	7.280000000000086	trials	1.0	569.3669219999999	570.177881	570.828531	570.900776	566.909465	570.1655989999999			1.0		0.0	2.0					
576.303	13.43500000000006	trials	1.0	585.606141	587.553948	588.3122639999999	588.552611	584.8544569999999	587.8072099999999	589.153	589.738	1.0	2.0	1.0	1.0					
592.848	5.8810000000000855	trials	1.0	594.6163799999999	596.2026539999999	597.2675959999999	597.414226	593.9870599999999	596.641975	597.908	598.729	1.0	2.0	1.0	1.0					
600.793	7.779999999999973	trials	1.0	604.605518	605.754831			603.649992	606.3268969999999			2.0		1.0	1.0					
611.093	8.450000000000045	trials	1.0	615.680518	617.4821599999999			614.99284	617.4678299999999			1.0		0.0	2.0					
623.558	6.613000000000056	trials	1.0	628.051333	629.132667	629.806021	630.171927	627.1331849999999	629.304853			1.0	2.0	0.0	3.0					
633.158	5.80499999999995	trials	1.0	634.730869	636.063102	637.1708339999999	637.3960219999999	633.974123	636.5282579999999	637.933	638.963	1.0	2.0	1.0	1.0					
641.079	8.82000000000005	trials	1.0	645.3559019999999	646.9500079999999	647.860001	648.044629	644.5388089999999	647.198943	648.538	649.899	1.0	2.0	1.0	1.0					
651.944	11.899000000000001	trials	1.0	657.791304	659.3910139999999	663.4890029999999	663.7159069999999	657.257833	659.604834			1.0	1.0	0.0	3.0					
666.869	5.714999999999918	trials	1.0	668.5863469999999	669.953122	671.0739319999999	671.27478	667.5555089999999	670.278637	671.798	672.584	1.0	2.0	1.0	1.0					
674.604	6.875	trials	1.0	676.7872699999999	678.2833549999999	679.59889	679.768431	676.054752	678.5885959999999	680.439	681.479	1.0	2.0	1.0	1.0					
684.539	10.634999999999991	trials	1.0	691.220931	692.9142479999999			690.501818	693.103718			2.0		1.0	1.0					
699.729	4.5	trials	1.0	701.7264749999999	702.847862	703.908651	703.963623	701.0056639999999	703.1642039999999			1.0	2.0	0.0	3.0					
707.238	5.760999999999967	trials	1.0	709.5369589999999	710.989912			708.706343	710.9788729999999			1.0		0.0	2.0					
715.055	15.793000000000006	trials	1.0	727.711601	728.843546			726.763108	728.833939			1.0		0.0	2.0					
733.904	29.384000000000015	trials	1.0	759.52053	761.282019			758.6142629999999	761.2714729999999			1.0		0.0	2.0					
766.348	5.275000000000091	trials	1.0	768.476265	769.619424	770.2008679999999	770.587007	767.400977	769.616283			1.0		0.0	2.0					
775.633	15.704999999999927	trials	1.0	788.761457	789.330479			787.8586919999999	789.31157			1.0		0.0	2.0					
795.393	23.00999999999999	trials	1.0	814.4816959999999	815.8934459999999			813.926037	816.1604159999999			2.0		1.0	1.0					
821.918	6.134999999999991	trials	1.0	824.013735	825.4736429999999			823.015857	825.757623			2.0		1.0	1.0					
830.503	5.399999999999977	trials	1.0	832.36367	833.601462			831.330527	833.8240049999999			2.0		1.0	1.0					
839.452	14.765999999999963	trials	1.0	849.8371229999999	851.5537069999999	852.4599529999999	852.758037	849.13929	851.8201469999999	853.113	854.218	1.0	2.0	1.0	1.0					
856.288	10.004999999999995	trials	1.0	859.8922729999999	861.00879	864.4451329999999	864.7183	859.034992	861.413567	865.113	866.293	1.0	1.0	1.0	1.0					
870.363	6.876999999999953	trials	1.0	872.721824	874.5968059999999	875.402737	875.5949939999999	871.7626369999999	874.654239	876.088	877.24	1.0	1.0	1.0	1.0					
881.158	5.580000000000041	trials	1.0	883.7874539999999	884.6391779999999	886.071426	886.245693	882.9112859999999	884.632605			1.0		0.0	2.0					
888.783	6.809999999999945	trials	1.0	890.772171	892.543962	893.56679	893.938233	889.8192899999999	892.961745	894.328	895.593	1.0	2.0	1.0	1.0					
898.313	11.475000000000023	trials	1.0	905.4670699999999	906.569024	908.124156	908.333504	904.666941	907.443268	909.043	909.788	1.0	1.0	1.0	1.0					
911.829	9.589000000000055	trials	1.0	916.0984229999999	917.714473			915.17656	917.707086			2.0		0.0	2.0					
921.783	4.090000000000032	trials	1.0	923.4688699999999	924.6790639999999	925.539728	925.726366	921.4224509999999	924.8649959999999			1.0	1.0	0.0	3.0					
927.893	6.659999999999968	trials	1.0	930.417392	931.9707539999999	932.9249719999999	933.148343	929.5987279999999	932.31273	933.698	934.553	1.0	2.0	1.0	1.0					
937.613	10.104999999999905	trials	1.0	941.6774069999999	943.4808529999999	947.3922389999999	947.556738	940.7972629999999	943.7399459999999			1.0	1.0	0.0	3.0					
949.729	8.743999999999915	trials	1.0	954.137489	955.214423			953.4337489999999	956.247439			2.0		1.0	1.0					
963.018	18.980000000000018	trials	1.0	964.922779	966.358839	978.4269059999999	978.6911339999999	964.202103	966.938103			1.0	1.0	0.0	3.0					
982.765	5.518000000000029	trials	1.0	984.5977949999999	986.28004			982.004205	986.263929			1.0		0.0	2.0					
992.338	25.180000000000064	trials	1.0	1013.902196	1014.9253289999999	1015.8197819999999	1016.1243139999999	1013.296881	1015.205708	1016.573	1017.518	1.0	2.0	1.0	1.0					
1019.538	7.7999999999999545	trials	1.0	1023.5989099999999	1024.8139099999999	1025.689908	1025.946923	1022.803535	1025.083263	1026.393	1027.338	1.0	2.0	1.0	1.0					
1030.398	9.500999999999976	trials	1.0	1035.53804	1037.293448	1038.307221	1038.34874	1034.990721	1037.627409	1039.078	1039.899	1.0	2.0	1.0	1.0					
1041.962	8.726000000000113	trials	1.0	1047.253235	1049.269613	1050.310061	1050.418755	1046.3285759999999	1049.640891			1.0	2.0	0.0	3.0					
1052.633	14.365000000000009	trials	1.0	1063.199993	1064.76	1065.437148	1065.616176	1062.6861959999999	1064.844989	1066.149	1066.998	1.0	2.0	1.0	1.0					
1069.018	7.255999999999858	trials	1.0	1072.3130959999999	1074.216618			1071.510873	1074.146988			2.0		1.0	1.0					
1079.829	8.183999999999969	trials	1.0	1083.378305	1085.45114			1082.479521	1085.7614389999999			2.0		1.0	1.0					
1090.473	15.476000000000113	trials	1.0	1097.9094539999999	1099.150751	1105.571759	1105.900749	1097.0060039999998	1099.667937			1.0	1.0	0.0	3.0					
1108.953	4.704999999999927	trials	1.0	1110.793592	1111.6552709999999	1112.264652	1112.56461	1109.162583	1111.644887			1.0		0.0	2.0					
1115.668	14.150000000000091	trials	1.0	1120.2887819999999	1122.21488	1128.511466	1128.68547	1119.701679	1122.8057959999999			1.0	1.0	0.0	3.0					
1131.898	6.8090000000001965	trials	1.0	1133.858536	1135.694984	1136.655963	1136.9228719999999	1133.044572	1135.908686			2.0		0.0	4.0					
1141.762	6.07100000000014	trials	1.0	1143.75876	1145.3454239999999	1146.475631	1146.595254	1142.686824	1145.867309	1147.229	1147.833	1.0	2.0	1.0	1.0					
1151.895	6.317999999999984	trials	1.0	1155.027902	1156.1251049999998	1157.894855	1158.035124	1154.405	1157.159774			1.0	1.0	0.0	3.0					
1160.268	5.855000000000018	trials	1.0	1162.12962	1163.776482	1164.692676	1164.893091	1160.41895	1164.073697	1165.393	1166.123	1.0	2.0	1.0	1.0					
1170.184	6.045000000000073	trials	1.0	1172.0139259999999	1173.1609859999999	1174.692536	1174.858512	1170.8828939999999	1173.9515099999999	1175.498	1176.229	1.0	2.0	1.0	1.0					
1179.298	11.214999999999918	trials	1.0	1182.608772	1183.769361	1187.908305	1188.2976119999998	1182.04271	1184.499315			1.0	1.0	0.0	3.0					
1192.488	30.210000000000036	trials	1.0	1218.589295	1220.21226	1221.197985	1221.386094	1217.8177309999999	1220.580278	1203.329	1222.698	1.0	2.0	1.0	1.0					
1226.739	57.14899999999989	trials	1.0	1275.940541	1277.556081	1281.895433	1282.138182	1275.3554609999999	1277.937303			1.0	1.0	0.0	3.0					
1286.269	5.628999999999905	trials	1.0	1288.2854419999999	1289.896225	1290.64953	1291.036253	1286.885874	1289.8905029999999			1.0		0.0	2.0					
1293.923	6.779999999999973	trials	1.0	1296.064464	1297.855995	1298.992155	1299.2741489999999	1295.133414	1298.316168	1299.648	1300.703	1.0	1.0	1.0	1.0					
1303.771	9.572000000000116	trials	1.0	1305.745919	1307.237069	1309.119674	1309.295789	1304.664825	1308.435645			1.0	1.0	0.0	3.0					
1313.488	5.2999999999999545	trials	1.0	1315.068992	1316.522935	1317.209958	1317.3710509999999	1313.352056	1316.5502569999999	1317.903	1318.788	1.0	2.0	1.0	1.0					
1321.729	13.038999999999987	trials	1.0	1330.694427	1332.401312			1329.905292	1332.5738549999999			2.0		1.0	1.0					
1339.229	8.219000000000051	trials	1.0	1342.71995	1343.843805	1345.820595	1346.1603479999999	1342.085517	1345.231826	1346.613	1347.448	1.0	2.0	1.0	1.0					
1351.465	5.758000000000038	trials	1.0	1353.18489	1354.617769			1351.702613	1354.9746209999998			2.0		1.0	1.0					
1359.698	14.599999999999909	trials	1.0	1363.984086	1365.1990759999999	1373.982814	1374.239286	1363.151304	1365.689796			1.0	1.0	0.0	3.0					
1376.354	6.8940000000000055	trials	1.0	1378.8057059999999	1379.992751	1381.7064209999999	1381.938558	1378.068378	1381.023722	1382.473	1383.248	1.0	2.0	1.0	1.0					
1386.304	6.683999999999969	trials	1.0	1388.694144	1390.677017			1387.745469	1390.9127879999999			2.0		1.0	1.0					
1396.488	8.480000000000018	trials	1.0	1398.484884	1400.376888	1404.648203	1404.923253	1397.255297	1400.673374			1.0	2.0	0.0	3.0					
1407.979	5.788999999999987	trials	1.0	1409.50053	1410.751934	1411.837628	1412.0859209999999	1408.750323	1411.143996	1412.649	1413.768	1.0	2.0	1.0	1.0					
1417.854	5.979000000000042	trials	1.0	1419.6499099999999	1421.276463			1418.731284	1421.627466			2.0		1.0	1.0					
1427.363	8.125	trials	1.0	1429.2863419999999	1430.7617989999999			1427.932082	1430.757114			1.0		0.0	2.0					
1435.868	14.465000000000146	trials	1.0	1445.536482	1446.91292	1448.8442989999999	1449.0037379999999	1444.586607	1448.0862359999999	1449.509	1450.333	1.0	2.0	1.0	1.0					
1453.394	6.973999999999933	trials	1.0	1456.540478	1457.636966	1458.629084	1458.6880019999999	1455.701112	1458.033755	1459.288	1460.368	1.0	2.0	1.0	1.0					
1464.427	8.897000000000162	trials	1.0	1466.059802	1467.699723	1469.715442	1469.991303	1465.5174379999999	1468.737423			1.0	1.0	0.0	3.0					
1474.088	5.085000000000036	trials	1.0	1475.940165	1477.107555			1473.333842	1477.098677			1.0		0.0	2.0					
1483.227	16.08699999999999	trials	1.0	1495.275785	1496.7037129999999	1497.761528	1497.9407039999999	1494.398393	1497.081621	1498.393	1499.314	1.0	2.0	1.0	1.0					
1502.338	8.364000000000033	trials	1.0	1506.979911	1508.677431			1506.273276	1508.663303			1.0		0.0	2.0					
1512.749	6.219000000000051	trials	1.0	1514.460675	1516.414121			1513.7373539999999	1516.724475			2.0		1.0	1.0					
1521.533	7.956000000000131	trials	1.0	1525.635936	1526.927139			1525.031061	1527.261728			2.0		1.0	1.0					
1532.003	7.220000000000027	trials	1.0	1534.440012	1535.91798			1533.841043	1537.034396			2.0		1.0	1.0					
1542.783	12.035000000000082	trials	1.0	1547.105519	1548.2156539999999	1554.5080249999999	1554.806691	1546.155029	1548.9725369999999			1.0	1.0	0.0	3.0					
1556.866	7.606999999999971	trials	1.0	1560.08582	1561.911899			1559.283429	1562.386982			2.0		1.0	1.0					
1567.933	9.238000000000056	trials	1.0	1569.465578	1570.7879149999999	1576.85316	1577.166164	1568.798693	1571.37042			1.0	1.0	0.0	3.0					
1580.223	13.585000000000036	trials	1.0	1586.401731	1588.347521	1592.161793	1592.470257	1585.496633	1588.7677019999999	1592.868	1593.808	1.0	2.0	1.0	1.0					
1596.83	5.688000000000102	trials	1.0	1598.426178	1600.03443	1601.0757509999999	1601.093492	1597.3705459999999	1600.1585579999999	1601.723	1602.518	1.0	2.0	1.0	1.0					
1606.633	5.5349999999998545	trials	1.0	1608.431417	1609.598108	1610.62959	1610.665197	1607.548121	1609.9619519999999	1611.333	1612.168	1.0	2.0	1.0	1.0					
1614.257	13.260999999999967	trials	1.0	1622.810814	1624.625715	1625.788781	1625.994353	1622.141834	1624.620621	1626.524	1627.518	1.0	1.0	1.0	1.0					
1629.533	10.725000000000136	trials	1.0	1634.631239	1636.338345			1633.679461	1636.332989			2.0		0.0	2.0					
1640.345	6.163000000000011	trials	1.0	1641.871308	1642.583246			1640.265842	1642.579074			1.0		0.0	2.0					
1648.649	33.44900000000007	trials	1.0	1677.546774	1678.787553	1680.6859379999999	1680.9347639999999	1676.947917	1680.227768	1681.483	1682.098	1.0	2.0	1.0	1.0					
1686.118	4.912000000000035	trials	1.0	1687.886832	1689.019653			1686.175935	1689.013305			1.0		0.0	2.0					
1693.038	5.705999999999904	trials	1.0	1695.828111	1697.4205379999999	1698.385445	1698.494408	1694.885081	1697.73459			1.0	2.0	0.0	3.0					
1700.694	8.954999999999927	trials	1.0	1705.72137	1707.653082			1705.01679	1707.647321			1.0		0.0	2.0					
1713.688	19.875999999999976	trials	1.0	1729.771424	1731.508554			1728.99746	1731.504122			1.0		0.0	2.0					
1736.618	22.840000000000146	trials	1.0	1754.686554	1756.289814	1757.302998	1757.604915	1753.788681	1756.650156	1758.078	1759.458	1.0	2.0	1.0	1.0					
1762.043	7.4050000000002	trials	1.0	1765.34195	1766.885577			1764.530426	1767.23094			2.0		1.0	1.0					
1772.914	29.94900000000007	trials	1.0	1799.583252	1800.868964	1801.5592199999999	1801.698755	1798.779518	1800.859913			1.0		0.0	2.0					
1806.906	12.617999999999938	trials	1.0	1815.1475639999999	1816.575849	1817.886501	1818.18456	1814.5522859999999	1817.131871	1818.698	1819.524	1.0	2.0	1.0	1.0					
1823.583	5.865000000000009	trials	1.0	1825.441719	1826.698545			1824.622545	1827.314375			2.0		1.0	1.0					
1831.979	21.93399999999997	trials	1.0	1847.223243	1848.899705	1849.894763	1850.208351	1846.2734309999998	1849.3365919999999			1.0	1.0	0.0	3.0					
1854.268	8.005999999999858	trials	1.0	1858.993818	1860.324467	1861.949318	1862.21387	1858.435823	1861.287002			1.0	1.0	0.0	3.0					
1865.283	6.300000000000182	trials	1.0	1867.267679	1868.8304759999999	1870.0250939999999	1870.332756	1865.725185	1869.4005479999998	1870.818	1871.583	1.0	2.0	1.0	1.0					
1873.663	15.24499999999989	trials	1.0	1876.788932	1878.496819	1884.101564	1884.384843	1875.881057	1879.062189	1884.798	1885.828	1.0	1.0	1.0	1.0					
1889.889	5.925000000000182	trials	1.0	1891.78902	1893.001191			1888.920764	1893.545562			2.0		1.0	1.0					
1900.278	6.161000000000058	trials	1.0	1901.883644	1903.9386809999999			1901.032422	1904.230464			2.0		1.0	1.0					
1909.958	8.895999999999958	trials	1.0	1911.602508	1913.621727	1918.5358079999999	1918.723746	1910.834805	1913.921234			1.0	1.0	0.0	3.0					
1920.863	4.889999999999873	trials	1.0	1922.959449	1924.3124189999999	1925.427539	1925.602001	1922.133774	1924.795443			1.0	2.0	0.0	3.0					
1927.813	8.11999999999989	trials	1.0	1930.877601	1932.687363	1933.951001	1934.28413	1929.913166	1933.1576929999999	1934.693	1935.933	1.0	2.0	1.0	1.0					
1938.714	8.129000000000133	trials	1.0	1942.692155	1944.2828279999999			1941.729489	1944.5763259999999			2.0		1.0	1.0					
1949.308	9.2349999999999	trials	1.0	1954.262483	1955.988909			1953.558497	1956.437768			2.0		1.0	1.0					
1962.064	11.06899999999996	trials	1.0	1965.722525	1967.636013	1969.819679	1969.925159	1964.724365	1968.133435			1.0	1.0	0.0	3.0					
1973.149	9.929000000000087	trials	1.0	1974.682535	1976.555913	1981.227969	1981.459989	1973.142516	1976.727267	1981.918	1983.078	1.0	1.0	1.0	1.0					
1985.143	39.91000000000008	trials	1.0	1987.227524	1988.3596519999999	2024.7424369999999	2024.9705629999999	1986.305697	1988.800221			1.0	1.0	0.0	3.0					
2027.064	9.858999999999924	trials	1.0	2029.637049	2030.9397179999999	2035.833464	2036.1716509999999	2028.7696019999998	2031.236468			1.0	1.0	0.0	3.0					
2039.158	49.07999999999993	trials	1.0	2085.0683820000004	2087.0649230000004	2087.9064500000004	2088.196207	2084.408253	2087.111402			1.0	1.0	0.0	3.0					
2090.283	7.389999999999873	trials	1.0	2093.638209	2094.979925	2095.9962210000003	2096.2768840000003	2093.081795	2095.396932	2096.678	2097.673	1.0	2.0	1.0	1.0					
2101.604	5.939000000000306	trials	1.0	2103.5331960000003	2104.932045	2105.946297	2106.220149	2102.773301	2105.3260050000004	2106.758	2107.543	1.0	2.0	1.0	1.0					
2109.577	8.540999999999713	trials	1.0	2113.704882	2115.0841290000003	2116.3946920000003	2116.568127	2113.1556760000003	2115.696821	2117.083	2118.118	1.0	2.0	1.0	1.0					
2122.031	11.961999999999989	trials	1.0	2124.193047	2125.334202	2132.0395740000004	2132.398565	2123.46417	2126.165559	2132.694	2133.993	1.0	1.0	1.0	1.0					
2138.064	10.314000000000306	trials	1.0	2139.893943	2141.290695	2144.63897	2144.90211	2138.4525980000003	2141.3094960000003			1.0	1.0	0.0	3.0					
2148.963	37.929999999999836	trials	1.0	2182.649883	2184.0356340000003	2185.3918040000003	2185.651092	2181.9311110000003	2184.7595490000003	2186.195	2186.893	1.0	2.0	1.0	1.0					
2188.913	13.77599999999984	trials	1.0	2198.7599010000004	2199.935798			2198.1685500000003	2200.471437			2.0		1.0	1.0					
2205.267	8.711999999999989	trials	1.0	2207.198561	2208.570188	2213.009633	2213.3146100000004	2206.1345920000003	2208.8974660000003			1.0	1.0	0.0	3.0					
2215.343	4.75	trials	1.0	2216.904027	2218.1009520000002	2218.811141	2219.072999	2213.988625	2218.095893			1.0		0.0	2.0					
2223.104	4.984000000000378	trials	1.0	2225.3451320000004	2226.801021	2227.7268740000004	2228.1026580000002	2223.3059860000003	2227.143928			1.0	2.0	0.0	3.0					
2231.09	8.148999999999887	trials	1.0	2234.484003	2236.5531090000004	2237.6535230000004	2237.9823920000003	2233.706328	2236.778135	2238.354	2239.239	1.0	2.0	1.0	1.0					
2241.265	8.128000000000156	trials	1.0	2245.189299	2246.8262120000004	2247.903284	2248.026095	2244.199305	2247.2801940000004	2248.653	2249.393	1.0	2.0	1.0	1.0					
2251.464	8.753999999999905	trials	1.0	2256.469286	2257.485627	2258.6775540000003	2258.84286	2255.5467620000004	2257.902234	2259.423	2260.218	1.0	2.0	1.0	1.0					
2264.328	7.434999999999945	trials	1.0	2267.0541540000004	2268.825866	2270.043932	2270.263355	2266.4905780000004	2269.302063	2270.768	2271.763	1.0	2.0	1.0	1.0					
2273.753	44.97599999999966	trials	1.0	2280.7459630000003	2282.359695	2286.390315	2286.5337400000003	2280.0353010000003	2282.687933	2287.158	2318.729	1.0	1.0	1.0	1.0					
2321.79	6.007999999999811	trials	1.0	2324.1350820000002	2325.291107			2323.1786570000004	2325.558516			2.0		1.0	1.0					
2332.365	5.7840000000001055	trials	1.0	2334.014987	2335.53692			2332.446774	2335.898372			2.0		1.0	1.0					
2340.598	9.619000000000142	trials	1.0	2346.009822	2347.608984			2345.059697	2347.890629			2.0		1.0	1.0					
2354.653	8.260000000000218	trials	1.0	2356.5412250000004	2358.3867320000004	2362.801641	2362.9255620000004	2356.019327	2358.375215			1.0		0.0	2.0					
2363.436	7.373999999999796	trials	1.0	2367.68453	2369.4430810000003	2370.438971	2370.796797	2367.021666	2369.8131350000003			1.0	2.0	0.0	3.0					
2372.754	7.074000000000069	trials	1.0	2375.584961	2377.331399	2378.3690730000003	2378.539482	2374.753725	2377.766876	2379.158	2379.828	1.0	2.0	1.0	1.0					
2382.848	6.8650000000002365	trials	1.0	2385.880661	2387.12309	2388.108162	2388.388085	2384.943483	2387.507258	2388.828	2389.713	1.0	2.0	1.0	1.0					
2393.783	12.025000000000091	trials	1.0	2401.2794010000002	2402.820881	2404.254198	2404.461017	2400.473657	2403.6596400000003	2404.858	2405.808	1.0	2.0	1.0	1.0					
2409.871	6.961999999999989	trials	1.0	2412.2504790000003	2414.0068260000003	2415.0943850000003	2415.354216	2411.321319	2414.454455	2415.893	2416.833	1.0	2.0	1.0	1.0					
2419.738	14.2800000000002	trials	1.0	2429.489873	2431.136931	2432.1531160000004	2432.302404	2428.7230400000003	2431.502132	2432.778	2434.018	1.0	2.0	1.0	1.0					
2437.104	9.59900000000016	trials	1.0	2442.66636	2444.199752			2441.7167240000003	2444.6004460000004			2.0		1.0	1.0					
2450.231	6.741999999999734	trials	1.0	2452.7913750000002	2454.413336			2452.2067340000003	2454.752117			2.0		1.0	1.0					
2459.483	8.790999999999713	trials	1.0	2465.1354760000004	2466.2173190000003			2464.502763	2466.2135270000003			1.0		0.0	2.0					
2472.283	6.105000000000018	trials	1.0	2474.83583	2476.0875180000003	2476.835148	2476.934025	2474.199407	2476.190484	2477.683	2478.388	1.0	2.0	1.0	1.0					
2481.453	555.4009999999998	BlockDesign														1.0	181.0	215.0	10.0	50.0
2481.453	6.454999999999927	trials	2.0	2485.500566	2486.7271170000004	2487.529418	2487.9248700000003	2484.5472200000004	2486.9992530000004			1.0	2.0	0.0	3.0					
2490.898	5.875999999999749	trials	2.0	2492.8376160000003	2494.027313			2491.6039370000003	2494.4688760000004	2496.343	2496.774	2.0		1.0	1.0					
2498.798	10.995000000000346	trials	2.0	2504.6954800000003	2505.9142260000003	2508.140631	2508.379683	2503.9709970000004	2506.6885810000003	2509.018	2509.793	1.0	2.0	1.0	1.0					
2512.704	9.393999999999778	trials	2.0	2518.405311	2519.787945			2517.786294	2520.037944			2.0		1.0	1.0					
2524.643	11.75	trials	2.0	2530.1542590000004	2531.46779			2529.227586	2531.4634450000003			1.0		0.0	2.0					
2536.568	5.559999999999945	trials	2.0	2538.582191	2539.879653			2536.409267	2540.0479320000004			2.0		1.0	1.0					
2544.694	15.06399999999985	trials	2.0	2550.6296380000003	2552.642472	2557.9925350000003	2558.2246400000004	2549.914325	2552.9254760000003	2558.748	2559.758	1.0	1.0	1.0	1.0					
2562.778	6.995000000000346	trials	2.0	2564.3510290000004	2565.8929110000004			2563.581654	2565.8882940000003			1.0		0.0	2.0					
2571.958	11.224999999999909	trials	2.0	2578.5305030000004	2579.835801	2581.030217	2581.082213	2577.6145020000004	2580.3793720000003	2581.774	2583.183	1.0	2.0	1.0	1.0					
2584.863	11.425000000000182	trials	2.0	2592.3558620000003	2593.435926	2594.743965	2594.953992	2591.4185930000003	2594.126834	2595.381	2596.288	1.0	2.0	1.0	1.0					
2600.303	6.515000000000327	trials	2.0	2602.341335	2603.9382010000004	2604.8630420000004	2604.9810770000004	2601.835062	2604.2216900000003	2605.518	2606.818	1.0	2.0	1.0	1.0					
2608.888	50.684999999999945	trials	2.0	2617.1862600000004	2618.6331280000004	2658.447071	2658.792782	2616.4310880000003	2619.1431300000004			1.0	1.0	0.0	3.0					
2660.776	4.778000000000247	trials	2.0	2662.6419370000003	2663.5578400000004	2664.214617	2664.364986	2659.5889770000003	2663.5462380000004			1.0		0.0	2.0					
2669.568	8.184999999999945	trials	2.0	2673.4511820000002	2675.191373	2676.201641	2676.3973290000004	2672.5459920000003	2675.590943	2676.863	2677.753	1.0	2.0	1.0	1.0					
2680.778	8.595000000000255	trials	2.0	2686.1231890000004	2687.541369	2688.8285950000004	2688.930707	2685.425796	2688.1437			1.0	2.0	0.0	3.0					
2691.193	12.024999999999636	trials	2.0	2698.6321110000004	2700.665477			2697.9264110000004	2701.0056720000002			2.0		1.0	1.0					
2706.723	10.740000000000236	trials	2.0	2712.6563610000003	2714.2985270000004	2715.4063450000003	2715.5590380000003	2712.13736	2714.769248	2716.208	2717.463	1.0	2.0	1.0	1.0					
2719.491	34.37699999999995	trials	2.0	2726.257383	2728.29725	2753.553303	2753.8241620000003	2725.325631	2728.5900570000003			1.0	1.0	0.0	3.0					
2755.883	6.391000000000076	trials	2.0	2758.181786	2759.7136800000003			2757.429774	2760.1355110000004			2.0		1.0	1.0					
2765.803	5.450000000000273	trials	2.0	2767.721997	2769.7084520000003	2770.9312050000003	2771.131797	2766.724392	2770.3126740000002			1.0	2.0	0.0	3.0					
2775.258	11.795000000000073	trials	2.0	2776.9818320000004	2778.233376	2785.2597950000004	2785.477691	2775.747299	2778.727406	2786.004	2787.053	1.0	1.0	1.0	1.0					
2790.074	8.418999999999869	trials	2.0	2791.691909	2793.001107	2794.3117730000004	2794.4440400000003	2790.31898	2793.5956250000004			1.0	2.0	0.0	3.0					
2798.643	9.045999999999822	trials	2.0	2800.4063220000003	2802.009861			2798.5109650000004	2802.0007990000004			1.0		0.0	2.0					
2808.073	10.170000000000073	trials	2.0	2814.536883	2815.9357630000004			2813.9477920000004	2816.134235			2.0		1.0	1.0					
2822.698	8.829999999999927	trials	2.0	2824.627241	2826.5503900000003	2827.8057270000004	2828.117178	2823.4959040000003	2827.101306			1.0	2.0	0.0	3.0					
2832.138	4.820000000000164	trials	2.0	2834.1519620000004	2835.415763	2836.642257	2836.841726	2831.5443320000004	2835.917355			1.0	2.0	0.0	3.0					
2839.968	104.54500000000007	trials	2.0	2940.822183	2942.520597			2939.980845	2942.515914			1.0		0.0	2.0					
2946.528	5.6020000000003165	trials	2.0	2949.492161	2950.8907280000003	2951.817492	2952.105414	2948.6916060000003	2951.217215			1.0	2.0	0.0	3.0					
2955.143	4.875	trials	2.0	2956.6928030000004	2958.6396400000003	2959.649574	2960.035625	2955.9013630000004	2958.6743610000003			1.0	2.0	0.0	3.0					
2962.973	10.17599999999993	trials	2.0	2969.974325	2971.6861160000003	2972.725647	2972.950584	2968.9685470000004	2972.0349640000004			1.0	2.0	0.0	3.0					
2977.053	17.190000000000055	trials	2.0	2981.1393070000004	2982.751689	2989.944528	2990.307245	2980.3571460000003	2983.8785460000004			1.0	1.0	0.0	3.0					
2994.26	7.718999999999596	trials	2.0	2998.003514	2999.1593110000003	3000.386227	3000.711992	2997.439002	2999.8194700000004	3001.218	3001.979	1.0	2.0	1.0	1.0					
3004.046	15.562000000000353	trials	2.0	3015.04367	3016.845264			3014.4381860000003	3017.3768990000003			2.0		1.0	1.0					
3022.123	6.5	trials	2.0	3025.528083	3027.100245	3028.308759	3028.5534150000003	3024.989367	3027.5654470000004			1.0	2.0	0.0	3.0					
3030.679	6.174999999999727	trials	2.0	3033.017928	3034.1199490000004	3035.332902	3035.437187	3032.352131	3034.595198	3036.138	3036.854	1.0	2.0	1.0	1.0					
3039.948	4878.235000000001	BlockDesign														1.0	216.0	442.0	50.0	10.0
3039.948	6.900000000000091	trials	3.0	3043.6930260000004	3045.536574	3046.5355440000003	3046.732554	3043.1099120000003	3045.92909			1.0	2.0	0.0	3.0					
3050.858	4.799999999999727	trials	3.0	3052.7983440000003	3054.530744	3055.3407660000003	3055.375461	3051.363668	3054.5320500000003			1.0	2.0	0.0	3.0					
3059.665	9.18899999999985	trials	3.0	3064.948692	3066.8438229999997			3064.2605909999997	3066.845656			2.0		1.0	1.0					
3071.388	10.534999999999854	trials	3.0	3077.484489	3079.098396			3076.931127	3079.6190909999996			2.0		1.0	1.0					
3084.483	8.103999999999814	trials	3.0	3088.7727569999997	3089.8213069999997			3088.154318	3090.442572			2.0		1.0	1.0					
3096.106	8.391999999999825	trials	3.0	3098.283	3099.995454			3097.374317	3099.986782			1.0		0.0	2.0					
3105.068	15.33999999999969	trials	3.0	3117.82826	3118.9335709999996	3120.05925	3120.4052899999997	3117.076646	3119.2819289999998			1.0	2.0	0.0	3.0					
3124.393	21.4699999999998	trials	3.0	3142.158231	3143.4066279999997	3144.271402	3144.5928689999996	3141.501543	3143.7360689999996	3145.043	3145.863	1.0	2.0	1.0	1.0					
3149.878	5.725999999999658	trials	3.0	3151.583111	3152.942658	3155.26169	3155.539676	3150.6239579999997	3154.2789799999996			1.0	1.0	0.0	3.0					
3158.618	10.920000000000073	trials	3.0	3160.382925	3162.0361669999998	3169.2082739999996	3169.5271319999997	3159.3842099999997	3162.370355			1.0	2.0	0.0	3.0					
3171.551	7.097999999999956	trials	3.0	3175.043687	3177.0872539999996	3178.332627	3178.530221	3174.056984	3177.589893			1.0	2.0	0.0	3.0					
3180.658	11.769999999999982	trials	3.0	3189.9084709999997	3191.235601	3192.078399	3192.4282289999996	3188.9397729999996	3191.4857119999997			1.0	2.0	0.0	3.0					
3194.423	9.77200000000039	trials	3.0	3200.3882919999996	3201.6199159999996			3199.385164	3201.9497109999998			2.0		1.0	1.0					
3208.757	6.05600000000004	trials	3.0	3211.3978469999997	3212.8054009999996	3214.489752	3214.6753409999997	3210.6790279999996	3213.672984			1.0	2.0	0.0	3.0					
3216.818	42.004999999999654	trials	3.0	3255.2688359999997	3256.815846			3254.398018	3256.806236			2.0		0.0	2.0					
3260.883	5.016000000000076	trials	3.0	3262.6836599999997	3264.532068	3265.459833	3265.9021669999997	3261.5524899999996	3264.8387829999997			1.0	2.0	0.0	3.0					
3269.803	5.7800000000002	trials	3.0	3272.004054	3273.2026109999997	3275.2150349999997	3275.5828619999997	3271.3148279999996	3274.3825629999997			1.0	2.0	0.0	3.0					
3277.543	6.221999999999753	trials	3.0	3280.9335419999998	3282.4423039999997	3283.4325569999996	3283.674455	3280.1945779999996	3282.7870049999997			1.0	2.0	0.0	3.0					
3285.776	23.132000000000062	trials	3.0	3295.4854339999997	3297.333897	3305.2722409999997	3305.598728	3294.700149	3298.428438			1.0	1.0	0.0	3.0					
3309.658	13.769999999999982	trials	3.0	3320.294247	3322.157107	3322.9944029999997	3323.4308779999997	3319.2970459999997	3322.429941			1.0	2.0	0.0	3.0					
3327.323	10.876999999999953	trials	3.0	3334.7992679999998	3336.266612	3337.8041989999997	3338.1887399999996	3334.0742039999996	3337.2467349999997			1.0	2.0	0.0	3.0					
3341.149	7.153999999999996	trials	3.0	3345.1338749999995	3346.596479	3347.98506	3348.2814259999996	3344.5208669999997	3347.334336			1.0	2.0	0.0	3.0					
3351.313	15.074999999999818	trials	3.0	3363.4859779999997	3365.1906069999995	3366.0584919999997	3366.33411	3362.9389069999997	3365.4942509999996			1.0	2.0	0.0	3.0					
3369.399	12.389000000000124	trials	3.0	3377.7964349999997	3379.0207549999996			3376.849852	3379.583863			2.0		1.0	1.0					
3385.329	12.68899999999985	trials	3.0	3393.3394959999996	3395.196474	3396.3720479999997	3396.6878589999997	3392.7031129999996	3395.7892899999997	3397.218	3398.018	1.0	2.0	1.0	1.0					
3401.07	12.707999999999629	trials	3.0	3403.280702	3404.494472	3413.460231	3413.769155	3402.7487039999996	3405.5618729999997			1.0	2.0	0.0	3.0					
3415.796	10.097000000000207	trials	3.0	3418.469933	3420.283427	3425.3972909999998	3425.8980749999996	3417.5457229999997	3420.970593			1.0	2.0	0.0	3.0					
3428.729	20.929000000000087	trials	3.0	3447.2193629999997	3448.45695	3449.3313749999998	3449.6047999999996	3446.407968	3448.748862			1.0	2.0	0.0	3.0					
3452.673	16.070000000000164	trials	3.0	3461.6398409999997	3462.7614	3468.421196	3468.6173639999997	3460.6724449999997	3463.293155			1.0	1.0	0.0	3.0					
3470.753	6.304999999999836	trials	3.0	3473.3249149999997	3474.6958489999997			3472.456202	3474.931898			2.0		1.0	1.0					
3479.496	14.82699999999977	trials	3.0	3482.1247879999996	3484.0161959999996	3494.008215	3494.304017	3481.2014179999996	3484.564152			1.0	2.0	0.0	3.0					
3497.333	16.480999999999767	trials	3.0	3509.5354949999996	3511.001766			3508.6046699999997	3511.537223			2.0		1.0	1.0					
3517.328	8.195999999999913	trials	3.0	3521.3901069999997	3523.2119839999996			3520.396154	3523.446537			2.0		1.0	1.0					
3528.043	8.920000000000073	trials	3.0	3532.415252	3534.106038			3531.5971219999997	3534.6998519999997			2.0		1.0	1.0					
3541.464	10.494000000000142	trials	3.0	3544.564797	3546.166688	3551.6366129999997	3551.902698	3543.779154	3546.670475			1.0	1.0	0.0	3.0					
3553.968	4.2800000000002	trials	3.0	3555.9204809999997	3556.24266			3554.039606	3556.235291			1.0		0.0	2.0					
3562.258	38.5600000000004	trials	3.0	3587.282182	3588.372276	3600.456558	3600.8250679999996	3586.353827	3589.2537669999997			1.0	1.0	0.0	3.0					
3603.828	7.7800000000002	trials	3.0	3607.2657369999997	3609.2383529999997			3606.444951	3609.3178019999996			2.0		1.0	1.0					
3615.038	5.110999999999876	trials	3.0	3617.0956469999996	3618.2288679999997	3619.836413	3620.052762	3616.537711	3618.919997			1.0	2.0	0.0	3.0					
3624.218	5.235000000000127	trials	3.0	3626.071756	3627.6212149999997	3629.070746	3629.457759	3625.3800659999997	3628.2057779999996			1.0	2.0	0.0	3.0					
3633.393	12.409999999999854	trials	3.0	3642.915874	3644.65524	3645.487745	3645.7815779999996	3642.248182	3644.7769319999998			1.0	2.0	0.0	3.0					
3648.818	27.24599999999964	trials	3.0	3669.97531	3671.188091	3674.8213699999997	3675.0850889999997	3669.183311	3671.6466339999997			1.0	1.0	0.0	3.0					
3678.154	11.11999999999989	trials	3.0	3685.895745	3687.3777729999997	3688.956394	3689.279976	3684.9182699999997	3688.2078629999996			1.0	2.0	0.0	3.0					
3691.283	14.925000000000182	trials	3.0	3698.8797959999997	3700.2045799999996	3704.679882	3704.9859229999997	3698.249915	3700.558431			1.0	1.0	0.0	3.0					
3709.013	6.760999999999967	trials	3.0	3710.8458	3712.2080029999997	3714.004611	3714.0721679999997	3706.2125479999995	3712.799796	3714.613	3715.774	1.0	1.0	1.0	1.0					
3717.793	18.990999999999985	trials	3.0	3733.1724529999997	3734.647578	3736.317368	3736.788909	3732.6479849999996	3735.555692			1.0	2.0	0.0	3.0					
3740.649	15.06899999999996	trials	3.0	3753.0662359999997	3754.134626	3755.392051	3755.6511629999995	3752.4958469999997	3754.7607089999997			1.0	2.0	0.0	3.0					
3757.768	8.235999999999876	trials	3.0	3761.220892	3762.7135829999997	3764.3741119999995	3764.6323859999998	3760.508629	3763.6500739999997	3765.183	3766.004	1.0	2.0	1.0	1.0					
3768.063	25.0949999999998	trials	3.0	3787.7618599999996	3788.900264	3791.2079539999995	3791.5734409999995	3787.1259899999995	3790.172533	3791.908	3793.158	1.0	1.0	1.0	1.0					
3796.223	9.003000000000156	trials	3.0	3800.7827199999997	3802.45815			3800.028429	3802.9622499999996			2.0		1.0	1.0					
3809.748	10.259999999999764	trials	3.0	3813.821991	3814.973019	3818.157249	3818.428895	3813.10344	3815.203571	3819.024	3820.008	1.0	1.0	1.0	1.0					
3824.038	6.02599999999984	trials	3.0	3826.4614359999996	3828.2453379999997	3829.788799	3829.9881109999997	3825.830403	3828.731409			1.0	2.0	0.0	3.0					
3833.077	12.155999999999949	trials	3.0	3841.5332479999997	3843.2335139999996			3840.951849	3843.221298			2.0		0.0	2.0					
3849.253	40.190000000000055	trials	3.0	3882.8723099999997	3884.3789819999997	3887.505846	3887.8074479999996	3882.1999929999997	3885.331413	3888.314	3889.443	1.0	1.0	1.0	1.0					
3891.504	12.724999999999909	trials	3.0	3899.097395	3900.354974	3902.497458	3902.734931	3898.551324	3901.3537969999998	3903.248	3904.229	1.0	1.0	1.0	1.0					
3908.294	8.653999999999996	trials	3.0	3913.0265569999997	3914.8936009999998			3912.4039649999995	3914.8899599999995			1.0		0.0	2.0					
3919.958	26.440999999999804	trials	3.0	3933.3066599999997	3935.209	3946.0618729999997	3946.404964	3932.486826	3945.062392			1.0	1.0	0.0	3.0					
3949.403	8.621000000000095	trials	3.0	3954.332521	3956.023981			3953.4575939999995	3956.014612			1.0		0.0	2.0					
3962.033	13.695999999999913	trials	3.0	3970.5973489999997	3972.2100339999997	3973.801579	3974.073728	3969.910517	3972.942627	3974.458	3975.729	1.0	1.0	1.0	1.0					
3979.748	10.88000000000011	trials	3.0	3987.482216	3988.494558	3990.30408	3990.473921	3986.6040299999995	3989.4089369999997			1.0	1.0	0.0	3.0					
3994.638	6.760999999999967	trials	3.0	3997.1141939999998	3998.8403609999996			3996.3544669999997	3999.178004			2.0		1.0	1.0					
4003.907	8.417999999999665	trials	3.0	4009.1373959999996	4010.2785949999998			4008.2675309999995	4010.267333			1.0		0.0	2.0					
4015.338	27.829999999999927	trials	3.0	4039.3573039999997	4040.607795			4038.5492639999998	4040.966113			2.0		1.0	1.0					
4045.683	7.295999999999822	trials	3.0	4049.59482	4050.9792469999998			4048.6303359999997	4050.9691669999997			1.0		0.0	2.0					
4056.037	8.506000000000313	trials	3.0	4061.364311	4062.4793099999997	4063.612244	4063.6475699999996	4060.731023	4062.472284			1.0		0.0	2.0					
4068.599	56.53399999999965	trials	3.0	4121.454132	4123.0804069999995			4120.621395	4123.075337			2.0		0.0	2.0					
4128.158	8.365999999999985	trials	3.0	4130.368635	4132.010125	4134.576143	4134.942335	4129.590842	4133.671088	4135.274	4136.524	1.0	1.0	1.0	1.0					
4139.593	11.645000000000437	trials	3.0	4145.458719	4146.708275	4150.918455	4151.238122	4144.5688709999995	4147.010176			1.0	1.0	0.0	3.0					
4153.249	5.565000000000509	trials	3.0	4155.074619	4156.180311	4158.392669	4158.8215979999995	4154.537270999999	4157.757986			1.0	2.0	0.0	3.0					
4161.768	30.600000000000364	trials	3.0	4187.913681	4189.814716999999			4187.157128999999	4190.099582999999			2.0		1.0	1.0					
4194.947	8.96100000000024	trials	3.0	4199.628656999999	4201.59999			4198.716509	4201.781492			2.0		1.0	1.0					
4206.453	9.860999999999876	trials	3.0	4212.883644	4214.880985	4216.000335	4216.263507	4212.255927	4215.022471			1.0	2.0	0.0	3.0					
4218.324	13.40900000000056	trials	3.0	4226.486661	4227.580668	4229.755755	4230.101016	4225.849634	4228.784814	4230.433	4231.733	1.0	1.0	1.0	1.0					
4235.793	8.539999999999964	trials	3.0	4238.298417	4240.140278999999	4241.902319	4242.155570999999	4237.366359	4240.983189	4242.663	4244.333	1.0	1.0	1.0	1.0					
4248.393	22.960000000000036	trials	3.0	4267.637240999999	4269.287025			4266.664054999999	4269.282771			1.0		0.0	2.0					
4273.368	94.47499999999945	trials	3.0	4365.175241	4366.289541	4367.395958	4367.849107	4364.566626	4366.536531			1.0	2.0	0.0	3.0					
4370.726	40.66700000000037	trials	3.0	4407.244938	4408.371612	4411.068487	4411.361508	4406.485629	4409.123039			1.0	1.0	0.0	3.0					
4413.403	5.094999999999345	trials	3.0	4415.054912	4416.996294	4418.122818	4418.507078	4414.038168	4416.999129			1.0	2.0	0.0	3.0					
4422.443	13.824999999999818	trials	3.0	4432.661219	4434.611043	4435.9435889999995	4436.198488	4431.704184	4435.149461999999			1.0	2.0	0.0	3.0					
4439.278	22.3149999999996	trials	3.0	4457.325844999999	4459.033158			4456.367585	4459.360799			2.0		1.0	1.0					
4464.058	6.6710000000002765	trials	3.0	4467.06449	4469.074404	4470.418055	4470.618490999999	4466.495435999999	4469.5845469999995			1.0	2.0	0.0	3.0					
4473.781	33.40800000000036	trials	3.0	4503.765024	4505.19183			4502.78507	4505.185856			2.0		0.0	2.0					
4509.198	5.829999999999927	trials	3.0	4511.099936	4512.271445	4514.5779649999995	4514.845407	4510.399719	4513.4925			1.0	1.0	0.0	3.0					
4517.908	4.905999999999949	trials	3.0	4519.549827	4521.562328	4522.492494	4522.75225	4518.217124	4521.798665			1.0	2.0	0.0	3.0					
4524.873	28.88500000000022	trials	3.0	4549.82634	4550.913563			4548.825596	4551.551466999999			2.0		1.0	1.0					
4556.211	9.836999999999534	trials	3.0	4562.190081	4563.8482109999995	4565.73456	4565.98278	4561.497695999999	4564.790601			1.0	1.0	0.0	3.0					
4569.099	5.568999999999505	trials	3.0	4571.875604999999	4573.035728999999	4574.356341	4574.6269999999995	4570.877535	4573.616618			1.0	2.0	0.0	3.0					
4576.673	57.63000000000011	trials	3.0	4630.89543	4632.802453	4633.928205	4634.266223	4630.095198	4633.1580619999995			1.0	2.0	0.0	3.0					
4637.258	78.69000000000051	trials	3.0	4685.761383	4687.829659999999	4715.592245	4715.960126	4685.011571	4688.194206			1.0	2.0	0.0	3.0					
4718.868	29.75999999999931	trials	3.0	4735.881326	4737.802377	4748.252162	4748.596194	4735.167845	4738.449267			1.0	1.0	0.0	3.0					
4750.624	12.378999999999905	trials	3.0	4759.581447	4760.746284			4758.644778	4760.799164			2.0		1.0	1.0					
4767.523	14.840000000000146	trials	3.0	4771.926036	4773.683117	4782.040986	4782.358586	4770.942657	4774.062218			1.0	1.0	0.0	3.0					
4784.423	5.364999999999782	trials	3.0	4786.821911	4788.267938	4789.439093999999	4789.797764999999	4786.142834	4788.829716			1.0	2.0	0.0	3.0					
4793.796	22.951999999999316	trials	3.0	4803.827975	4805.001346	4814.595325	4814.9658739999995	4802.867704	4806.4051039999995	4815.278	4816.748	1.0	1.0	1.0	1.0					
4820.768	5.300000000000182	trials	3.0	4822.897641	4824.6251489999995	4825.7572279999995	4826.013306	4822.005026	4824.921306			1.0	2.0	0.0	3.0					
4829.078	17.811999999999898	trials	3.0	4831.781058	4833.746384	4846.579417999999	4846.860143	4831.128834	4834.5203			1.0	1.0	0.0	3.0					
4848.903	6.944999999999709	trials	3.0	4852.111591999999	4853.278405999999			4851.202146	4853.5984579999995			2.0		1.0	1.0					
4858.311	25.87800000000061	trials	3.0	4874.781347	4876.492381999999	4882.041155999999	4882.348688	4874.126792999999	4877.894378999999	4882.708	4884.189	1.0	1.0	1.0	1.0					
4887.233	14.210000000000036	trials	3.0	4890.49374	4892.468783	4899.439839	4899.769532	4889.7410279999995	4893.107253	4900.233	4901.443	1.0	1.0	1.0	1.0					
4905.338	5.7260000000005675	trials	3.0	4907.078534	4908.833036	4910.794535	4911.009672	4906.437680999999	4909.633207999999			1.0	2.0	0.0	3.0					
4915.093	11.265000000000327	trials	3.0	4921.981637999999	4923.058304	4924.780422	4925.032938	4921.11816	4923.889169	4925.439	4926.358	1.0	2.0	1.0	1.0					
4930.423	10.016000000000531	trials	3.0	4936.832623	4938.871593	4940.126447	4940.266581	4936.288097	4939.290545			1.0	2.0	0.0	3.0					
4943.453	77.3799999999992	trials	3.0	5017.251534	5019.054212	5020.510528999999	5020.6267769999995	5016.465957	5019.047688			1.0	1.0	0.0	3.0					
5024.843	6.574999999999818	trials	3.0	5027.4540799999995	5029.049532			5026.838469	5029.2891			2.0		1.0	1.0					
5034.909	14.945000000000618	trials	3.0	5037.072609	5039.013105	5047.976132	5048.242268	5036.5575229999995	5040.403437	5048.689	5049.854	1.0	1.0	1.0	1.0					
5053.87	7.01299999999992	trials	3.0	5057.111982	5058.830669			5056.145845	5058.825677999999			1.0		0.0	2.0					
5064.89	18.588999999999942	trials	3.0	5080.852865999999	5082.284052	5083.166238	5083.480022	5079.973727	5082.5303779999995			1.0	2.0	0.0	3.0					
5085.483	38.465000000000146	trials	3.0	5118.608045	5119.804656	5121.413468999999	5121.845697	5117.981733	5120.596686	5122.038	5123.948	1.0	1.0	1.0	1.0					
5125.838	10.636000000000422	trials	3.0	5132.369204	5133.851554999999			5131.75872	5134.187727			2.0		1.0	1.0					
5138.923	7.820999999999913	trials	3.0	5142.723459	5144.238729			5141.9356179999995	5144.503271			2.0		1.0	1.0					
5151.278	16.18499999999949	trials	3.0	5155.128647	5157.034353	5167.137296999999	5167.417524	5154.3535329999995	5157.519832			1.0	1.0	0.0	3.0					
5169.503	4.835000000000036	trials	3.0	5171.22801	5172.804749999999	5174.031813	5174.272564999999	5169.9077099999995	5173.271165			1.0	2.0	0.0	3.0					
5177.393	151.23099999999977	trials	3.0	5324.174105	5326.053102			5323.2066350000005	5326.347228			2.0		1.0	1.0					
5333.113	15.865999999999985	trials	3.0	5344.669398	5346.3411830000005	5348.671752	5348.867904	5344.150172	5346.812748			1.0	1.0	0.0	3.0					
5352.033	5.670000000000073	trials	3.0	5353.62095	5355.19483			5352.067209	5355.4608690000005			2.0		1.0	1.0					
5360.229	12.943999999999505	trials	3.0	5369.7461459999995	5371.72593	5372.748748	5373.186753	5369.042095999999	5372.020936999999			1.0	2.0	0.0	3.0					
5377.082	38.10099999999966	trials	3.0	5410.054323	5411.159496	5414.719545	5415.196593	5409.194853	5412.900747			1.0	1.0	0.0	3.0					
5419.043	4.6030000000000655	trials	3.0	5420.806908	5421.943206	5423.2665959999995	5423.633255	5419.388011	5422.472911999999			1.0	2.0	0.0	3.0					
5426.598	14.859999999999673	trials	3.0	5430.863813	5432.427221	5439.538672999999	5439.8397239999995	5429.880915	5432.767193	5440.278	5441.458	1.0	1.0	1.0	1.0					
5444.548	15.155000000000655	trials	3.0	5450.779946	5451.917804	5457.815768	5458.056011	5450.128758	5453.1358199999995	5458.618	5459.703	1.0	1.0	1.0	1.0					
5462.816	7.8770000000004075	trials	3.0	5466.524598	5468.141399			5465.5341069999995	5468.410357999999			2.0		1.0	1.0					
5475.171	15.216999999999643	trials	3.0	5477.073968	5478.618235	5489.861687	5490.129824	5476.1883419999995	5479.4259839999995			1.0	1.0	0.0	3.0					
5494.198	8.201000000000022	trials	3.0	5498.064585	5499.663431999999	5500.586482999999	5500.852421	5497.189788	5499.9322219999995	5501.243	5502.399	1.0	2.0	1.0	1.0					
5505.438	9.845000000000255	trials	3.0	5510.739261	5512.780914			5509.737641	5513.059628			2.0		1.0	1.0					
5517.798	24.345000000000255	trials	3.0	5539.069818	5540.151991999999			5538.250419	5540.143977			1.0		0.0	2.0					
5544.203	10.169999999999163	trials	3.0	5549.175636	5550.551982	5552.58054	5552.883083999999	5548.372735	5551.67346	5553.513	5554.373	1.0	2.0	1.0	1.0					
5557.403	6.121000000000095	trials	3.0	5560.980169	5562.031641	5563.1675940000005	5563.53532	5560.320915	5562.447166			1.0	2.0	0.0	3.0					
5565.483	8.942000000000007	trials	3.0	5571.180348	5572.84674	5574.11564	5574.176669	5570.658606	5573.211621			1.0	2.0	0.0	3.0					
5577.438	185.7460000000001	trials	3.0	5759.722006	5761.147832	5762.74667	5763.196545	5759.164407	5761.778441			1.0	2.0	0.0	3.0					
5765.098	171.65499999999975	trials	3.0	5934.43656	5934.764208			5933.673783	5934.749642999999			1.0		0.0	2.0					
5939.797	5.39600000000064	trials	3.0	5942.257460999999	5943.581681	5944.675797	5945.202443	5941.457028	5943.965832			1.0	2.0	0.0	3.0					
5947.044	31.833999999999833	trials	3.0	5974.248734	5975.804012	5978.550018	5978.893214	5973.711633	5976.85927			1.0	1.0	0.0	3.0					
5982.868	8.578999999999724	trials	3.0	5987.528797	5988.781797	5991.117189	5991.454691	5986.8108489999995	5990.298403999999			1.0	2.0	0.0	3.0					
5993.448	62.240999999999985	trials	3.0	6052.347524999999	6053.876252	6055.2865839999995	6055.707686	6051.431549	6054.396138			1.0	2.0	0.0	3.0					
6059.658	16.474999999999454	trials	3.0	6068.272523	6069.609092999999	6074.450279	6074.669454	6067.387129999999	6070.891688	6075.078	6076.133	1.0	1.0	1.0	1.0					
6078.235	13.968000000000757	trials	3.0	6083.732873	6085.579804	6090.282147	6090.515304	6082.778781	6085.868039	6090.973	6092.203	1.0	1.0	1.0	1.0					
6096.223	9.359999999999673	trials	3.0	6098.828658	6100.454237	6101.564711	6101.767961	6098.242398	6100.816166			1.0	2.0	0.0	3.0					
6105.893	5.475000000000364	trials	3.0	6107.499569	6109.12248			6105.599727	6109.100574			2.0		1.0	1.0					
6115.924	7.199999999999818	trials	3.0	6119.911275	6121.058295			6119.198465	6121.047264			1.0		0.0	2.0					
6126.138	35.10599999999977	trials	3.0	6152.858	6154.417281	6160.857428	6161.243025	6152.107769	6154.6772630000005			1.0	1.0	0.0	3.0					
6164.198	11.68499999999949	trials	3.0	6171.0612710000005	6172.602622	6174.245546	6174.652061	6170.294338	6173.557678	6174.933	6175.883	1.0	2.0	1.0	1.0					
6179.95	22.313000000000102	trials	3.0	6195.29238	6197.138176	6198.459213	6198.811864	6194.407698	6197.752838			1.0	2.0	0.0	3.0					
6202.796	76.07200000000012	trials	3.0	6273.398332	6275.213834	6277.049814	6277.319417	6272.654969	6275.923914	6277.774	6278.868	1.0	1.0	1.0	1.0					
6280.918	20.64600000000064	trials	3.0	6289.122281	6290.606195	6300.022764	6300.345158	6288.135965	6291.010253			1.0	1.0	0.0	3.0					
6303.365	8.378000000000611	trials	3.0	6306.877596	6308.1738000000005	6309.849351	6310.138256	6306.085413	6309.1271480000005	6310.613	6311.743	1.0	1.0	1.0	1.0					
6313.854	70.84400000000005	trials	3.0	6357.912776	6359.9480810000005	6361.135191	6361.438193	6357.260541	6360.365474	6361.958	6384.698	1.0	1.0	1.0	1.0					
6387.41	15.32800000000043	trials	3.0	6397.6877810000005	6399.558867	6400.803624	6401.017426	6397.058703	6400.029039	6401.588	6402.738	1.0	1.0	1.0	1.0					
6404.683	18.234999999999673	trials	3.0	6408.743283	6410.292744	6422.59269	6422.767634	6407.8034880000005	6410.7447090000005			1.0	1.0	0.0	3.0					
6424.973	15.199999999999818	trials	3.0	6436.712882	6438.1698830000005			6435.889502	6438.1586720000005			2.0		0.0	2.0					
6443.226	11.162000000000262	trials	3.0	6450.012815	6452.065547			6449.087337	6452.311875			2.0		1.0	1.0					
6458.904	6.128999999999905	trials	3.0	6460.9485620000005	6462.464631			6460.059441	6462.72669			2.0		1.0	1.0					
6467.533	13.579999999999927	trials	3.0	6470.9994990000005	6472.329763	6479.145939	6479.384045	6470.489388	6473.30789	6479.878	6481.113	1.0	1.0	1.0	1.0					
6484.128	14.445000000000618	trials	3.0	6494.859932	6496.568145			6494.152634	6496.563729			2.0		0.0	2.0					
6500.583	25.829999999999927	trials	3.0	6503.553302	6505.179884	6526.09555	6526.318233	6502.977294	6505.891533			1.0	1.0	0.0	3.0					
6529.423	16.127000000000407	trials	3.0	6541.503463	6542.684847	6545.2220130000005	6545.501942	6540.880852	6544.2225690000005			1.0	2.0	0.0	3.0					
6548.559	5.3400000000001455	trials	3.0	6550.228169	6551.559857			6549.101605	6551.813408			2.0		1.0	1.0					
6556.369	10.905000000000655	trials	3.0	6560.683647	6562.680275	6566.95016	6567.259524	6560.076174	6563.355882			1.0	1.0	0.0	3.0					
6570.313	5.345000000000255	trials	3.0	6572.369053	6574.192643	6575.274699	6575.661282	6571.714928	6574.644978			1.0	2.0	0.0	3.0					
6579.608	36.159999999999854	trials	3.0	6612.728856	6614.005796	6615.432728	6615.771852	6611.732193	6614.583642			1.0	1.0	0.0	3.0					
6617.749	27.009000000000015	trials	3.0	6642.034109	6643.110945	6644.272503	6644.47878	6641.191044	6643.587284			1.0	2.0	0.0	3.0					
6646.604	8.953999999999724	trials	3.0	6650.433729	6652.146024	6653.783955	6654.072125	6649.623617	6653.057895	6654.418	6655.558	1.0	1.0	1.0	1.0					
6658.573	6.569999999999709	trials	3.0	6661.34891	6663.320872	6664.617303	6664.837273	6660.4649150000005	6663.784604			1.0	1.0	0.0	3.0					
6668.979	13.573999999999614	trials	3.0	6678.389126	6680.291062			6677.671395	6680.520603			2.0		1.0	1.0					
6685.139	5.658999999999651	trials	3.0	6686.825599	6687.970776			6686.180454	6688.556841			2.0		1.0	1.0					
6694.253	18.045000000000073	trials	3.0	6695.994432	6697.414485	6710.393511	6710.697135	6695.198899	6698.021903	6711.008	6712.298	1.0	1.0	1.0	1.0					
6715.365	7.168000000000575	trials	3.0	6718.349161	6718.886048	6722.3564750000005	6722.537151	6717.729038	6718.878939			1.0		0.0	2.0					
6722.999	6.515000000000327	trials	3.0	6726.019508	6727.930924	6729.183233	6729.491783	6725.430506	6728.436966			1.0	2.0	0.0	3.0					
6733.468	79.69499999999971	trials	3.0	6784.709616	6786.502404	6812.742484	6813.165387	6783.775227	6786.497732			1.0	2.0	0.0	3.0					
6816.066	7.731999999999971	trials	3.0	6820.164864	6822.015011	6823.476345	6823.797663	6819.207698	6822.657443			1.0	1.0	0.0	3.0					
6827.851	32.3119999999999	trials	3.0	6855.310347000001	6856.346741	6858.196743	6858.5658	6854.486283	6857.485421	6858.963	6860.163	1.0	1.0	1.0	1.0					
6862.223	14.015000000000327	trials	3.0	6870.009986	6871.8379350000005			6869.339796	6871.831593			2.0		0.0	2.0					
6877.923	5.201000000000022	trials	3.0	6879.781643	6881.033402			6876.243012	6881.026176			1.0		0.0	2.0					
6886.182	5.6909999999998035	trials	3.0	6888.425293	6889.889207	6891.442584	6891.876657	6887.470043	6890.480744			1.0	2.0	0.0	3.0					
6895.774	8.368999999999687	trials	3.0	6899.032127	6900.596198	6902.492781	6902.825576	6898.306233	6901.649576	6903.183	6904.143	1.0	2.0	1.0	1.0					
6907.163	6.630000000000109	trials	3.0	6909.792288000001	6910.981875	6913.444539	6913.698287	6909.027077	6912.720264			1.0	2.0	0.0	3.0					
6917.768	20.039999999999964	trials	3.0	6933.737517	6935.24277			6933.155757	6935.683029			2.0		1.0	1.0					
6940.283	30.98999999999978	trials	3.0	6944.260733	6946.269251	6970.980341	6971.269886	6943.402473	6946.7447090000005			1.0	1.0	0.0	3.0					
6975.264	16.07300000000032	trials	3.0	6988.130854	6990.088213	6990.997982	6991.329947	6987.50406	6990.395681			1.0	2.0	0.0	3.0					
6993.338	35.110999999999876	trials	3.0	7024.466126	7025.772536	7027.992065	7028.454635	7023.639333	7027.268448			1.0	2.0	0.0	3.0					
7031.363	73.24099999999999	trials	3.0	7098.331414	7099.961807	7101.431807	7101.92337	7097.389948	7100.5380940000005			1.0	1.0	0.0	3.0					
7104.803	5.25	trials	3.0	7106.487734	7108.047831			7104.612141	7108.039926			2.0		0.0	2.0					
7112.064	13.549999999999272	trials	3.0	7119.956504	7121.853053			7119.052512	7123.454504			2.0		1.0	1.0					
7128.124	14.481999999999971	trials	3.0	7131.502448	7133.258187	7142.270859	7142.614236	7130.572845	7133.82578			1.0	1.0	0.0	3.0					
7146.604	8.703999999999724	trials	3.0	7151.003943	7152.203852000001	7154.860377	7155.312458	7150.084595	7154.216592			1.0	2.0	0.0	3.0					
7157.189	17.833999999999833	trials	3.0	7169.997165	7171.8043099999995	7174.4569790000005	7175.029689	7169.194083	7173.504296			1.0	1.0	0.0	3.0					
7177.783	19.38499999999931	trials	3.0	7192.917245000001	7194.078491	7196.526552	7197.173408000001	7192.280595	7195.861518			1.0	2.0	0.0	3.0					
7198.869	10.704000000000633	trials	3.0	7202.467524	7203.700083	7207.791942	7208.1635129999995	7201.845532	7206.894813	7208.487	7209.573	1.0	1.0	1.0	1.0					
7212.593	13.710000000000036	trials	3.0	7215.721862	7217.048606	7223.037497	7223.30936	7215.010167	7218.150492	7223.638	7226.303	1.0	1.0	1.0	1.0					
7229.104	18.16399999999976	trials	3.0	7234.948308	7236.491591	7245.295266	7245.425954	7234.124556	7237.127021	7245.973	7247.268	1.0	1.0	1.0	1.0					
7248.993	10.905999999999949	trials	3.0	7251.427316	7253.340642	7257.820554	7258.034871	7250.914094	7253.703947	7258.663	7259.899	1.0	1.0	1.0	1.0					
7261.948	15.764999999999418	trials	3.0	7268.493789	7270.010405	7273.453425	7273.739459	7267.740744000001	7270.183533			1.0	1.0	0.0	3.0					
7277.793	4.300000000000182	trials	3.0	7279.347165	7280.728624	7281.69717	7282.099365	7277.716899	7281.0520639999995			1.0	2.0	0.0	3.0					
7285.024	9.958999999999833	trials	3.0	7290.067389	7292.468924			7289.322308	7292.831928			2.0		1.0	1.0					
7299.503	9.655000000000655	trials	3.0	7304.908652	7306.054506			7304.368029	7307.032188			2.0		1.0	1.0					
7312.613	7.451000000000022	trials	3.0	7315.732337	7317.254333			7315.050551	7317.794198			2.0		1.0	1.0					
7322.587	20.596999999999753	trials	3.0	7330.963361	7331.999985	7340.457212	7340.710527	7330.234235	7332.552602			1.0	1.0	0.0	3.0					
7343.781	4.17200000000048	trials	3.0	7345.399184	7346.548805	7347.640335	7347.8692200000005	7343.188473	7346.881146			1.0	2.0	0.0	3.0					
7351.004	14.748999999999796	trials	3.0	7354.377872	7356.358929	7363.831277	7364.09436	7353.581274	7357.041605	7364.573	7365.753	1.0	1.0	1.0	1.0					
7369.768	5.789999999999964	trials	3.0	7371.342888	7372.514492			7370.246745	7373.320968			2.0		1.0	1.0					
7380.173	5.925000000000182	trials	3.0	7382.562768	7384.09509			7381.635423	7384.090075			1.0		0.0	2.0					
7388.124	11.798999999999978	trials	3.0	7396.618151000001	7398.609452000001	7399.606631000001	7399.878776	7395.91977	7398.9247350000005			1.0	2.0	0.0	3.0					
7401.933	18.177999999999884	trials	3.0	7407.427694	7408.901328	7419.713153000001	7420.076868	7406.502161	7409.684592			1.0	1.0	0.0	3.0					
7424.1	6.082999999999629	trials	3.0	7425.739391	7427.61584			7425.062333	7427.962796			2.0		1.0	1.0					
7433.683	6.341000000000349	trials	3.0	7436.078526	7437.238984	7439.700678	7439.917373	7435.551237	7438.827954			1.0	2.0	0.0	3.0					
7442.033	17.210000000000036	trials	3.0	7447.052969	7448.514641	7456.68188	7456.896957	7446.302282000001	7450.609883	7457.318	7459.243	1.0	1.0	1.0	1.0					
7461.589	7.051000000000386	trials	3.0	7464.949557	7466.621522			7464.301419	7466.61549			1.0		0.0	2.0					
7472.649	19.488999999999578	trials	3.0	7482.918867	7484.447726	7491.823176	7492.099143	7481.985687	7485.960873			1.0	1.0	0.0	3.0					
7496.193	10.679999999999382	trials	3.0	7502.438819	7504.064985			7501.592843	7504.6358629999995			2.0		1.0	1.0					
7509.385	6.912999999999556	trials	3.0	7511.865069	7513.451601			7511.095647	7513.824465	7515.868	7516.298	2.0		1.0	1.0					
7518.327	9.902000000000044	trials	3.0	7521.103431	7522.58261	7526.379375	7526.600174	7520.325597	7522.695597	7527.064	7528.229	1.0	1.0	1.0	1.0					
7531.248	10.705000000000837	trials	3.0	7535.183315	7536.933855	7540.003797	7540.231606	7534.196696	7536.97254	7540.698	7541.953	1.0	1.0	1.0	1.0					
7546.055	12.173999999999978	trials	3.0	7554.7088	7556.231424			7553.97059	7556.217974			2.0		0.0	2.0					
7561.288	7.0600000000004	trials	3.0	7563.119459	7564.386039	7566.71133	7566.91884	7561.973127	7565.004908	7567.418	7568.348	1.0	1.0	1.0	1.0					
7570.368	10.699999999999818	trials	3.0	7573.403321	7574.570556000001	7580.753297	7580.992236	7572.648464	7574.929562			1.0	1.0	0.0	3.0					
7585.078	101.65499999999975	trials	3.0	7683.42981	7684.601037	7686.417318	7686.700706	7682.572356000001	7685.581924			1.0	1.0	0.0	3.0					
7688.743	5.769999999999527	trials	3.0	7691.009615	7692.83375	7694.112209	7694.520881	7690.404476	7693.173084			1.0	2.0	0.0	3.0					
7696.448	30.514999999999418	trials	3.0	7723.924617000001	7725.157833	7726.648749	7726.957128	7723.225812000001	7725.7384870000005			1.0	2.0	0.0	3.0					
7730.973	37.6899999999996	trials	3.0	7759.910103	7761.392675	7767.025022	7767.249758	7759.332894	7762.377384	7767.758	7768.663	1.0	1.0	1.0	1.0					
7770.704	12.264000000000124	trials	3.0	7778.709993	7780.428645	7781.835153	7782.051495	7778.110609	7781.033367			1.0	1.0	1.0	1.0					
7786.378	19.351000000000568	trials	3.0	7796.235063	7797.661973	7805.399496	7805.658866	7795.506908	7798.000041			1.0	1.0	0.0	3.0					
7807.738	6.454999999999927	trials	3.0	7810.975068	7812.781416	7813.859069	7814.1999080000005	7810.301561	7813.2051			1.0	2.0	0.0	3.0					
7816.223	12.756000000000313	trials	3.0	7825.529832	7826.62712	7828.670741	7828.918085	7824.653653	7827.96914			1.0	1.0	0.0	3.0					
7832.99	26.114000000000487	trials	3.0	7837.411851	7839.047268	7858.787438	7859.068983	7836.735492	7839.835787			1.0	1.0	0.0	3.0					
7862.153	5.384999999999309	trials	3.0	7863.9003410000005	7865.236865			7862.953268	7865.478825			2.0		1.0	1.0					
7872.058	6.109999999999673	trials	3.0	7874.163424	7876.092114	7877.851224	7878.034737	7873.442062	7876.83597			1.0	1.0	0.0	3.0					
7881.223	15.199999999999818	trials	3.0	7891.835856	7893.212412	7894.5219290000005	7894.80984	7891.041864	7893.589931	7895.283	7896.423	1.0	1.0	1.0	1.0					
7899.439	18.743999999999687	trials	3.0	7901.577222	7902.747713	7916.333085	7916.61498	7900.83778	7903.392809	7917.024	7918.183	1.0	1.0	1.0	1.0					
7922.213	430.34500000000116	BlockDesign														1.0	443.0	472.0	90.0	50.0
7922.213	11.195000000000618	trials	4.0	7923.870941	7925.236272	7931.578044	7931.811491	7923.154433	7925.6938310000005	7932.433	7933.408	1.0	1.0	1.0	1.0					
7935.463	8.375	trials	4.0	7938.611304	7940.642828	7941.9048569999995	7942.18767	7938.037326	7941.150724	7942.633	7943.838	1.0	2.0	1.0	1.0					
7946.855	33.72900000000027	trials	4.0	7974.742251	7976.049878	7978.627944	7978.8747650000005	7973.825055	7976.475098	7979.354	7980.584	1.0	1.0	1.0	1.0					
7982.664	12.994000000000597	trials	4.0	7987.54665	7989.202088	7993.405232	7993.673307	7986.71906	7989.691668	7994.068	7995.658	1.0	1.0	1.0	1.0					
7997.674	8.03899999999976	trials	4.0	8002.29161	8003.713536			8001.536906	8003.708168			1.0		0.0	2.0					
8007.733	13.595999999999549	trials	4.0	8012.222676	8013.7401	8019.566597	8019.722123	8011.507947	8014.4175780000005	8020.308	8021.329	1.0	1.0	1.0	1.0					
8024.383	15.596000000000458	trials	4.0	8033.413049	8034.873653000001	8037.865541	8038.01933	8032.720728	8036.824209	8038.573	8039.979	1.0	1.0	1.0	1.0					
8043.003	11.140000000000327	trials	4.0	8045.956755	8047.4145690000005	8052.34291	8052.552344	8044.961787	8048.38445	8053.043	8054.143	1.0	1.0	1.0	1.0					
8058.171	17.103000000000065	trials	4.0	8062.581851	8064.143222000001	8073.435893	8073.634589	8061.615701000001	8064.502134	8074.193	8075.274	1.0	1.0	1.0	1.0					
8078.308	5.841000000000349	trials	4.0	8079.863688	8081.588552			8079.1298910000005	8082.0514920000005			2.0		1.0	1.0					
8086.756	8.636999999999716	trials	4.0	8091.426908	8092.888482			8090.6547709999995	8093.145825			2.0		1.0	1.0					
8099.95	6.6030000000000655	trials	4.0	8102.387478000001	8103.701158			8101.688387	8104.300908			2.0		1.0	1.0					
8109.979	11.743999999999687	trials	4.0	8111.882561	8112.974462	8121.408819	8121.635435	8110.679516	8113.685135			1.0	1.0	0.0	3.0					
8124.778	7.3049999999993815	trials	4.0	8126.771978	8128.273902	8130.356702	8130.628733	8126.162408	8129.224596	8131.163	8132.083	1.0	2.0	1.0	1.0					
8135.124	12.048999999999978	trials	4.0	8139.01692	8140.6188600000005	8145.400253	8145.699483	8138.2578300000005	8141.206484	8146.158	8147.173	1.0	1.0	1.0	1.0					
8151.189	5.394999999999527	trials	4.0	8152.993188	8154.0791659999995			8151.23826	8154.407433			2.0		1.0	1.0					
8161.189	14.969000000000051	trials	4.0	8165.906936	8167.264029	8174.334911	8174.611862	8165.188754	8167.752307000001	8175.098	8176.158	1.0	1.0	1.0	1.0					
8178.225	11.128999999999905	trials	4.0	8181.191579	8182.648682	8187.54666	8187.729348000001	8180.2780139999995	8182.861893	8188.328	8189.354	1.0	1.0	1.0	1.0					
8191.373	6.125	trials	4.0	8194.142153	8195.443689			8193.574467	8195.439264			1.0		0.0	2.0					
8201.555	14.44800000000032	trials	4.0	8207.57878	8209.595648	8214.04476	8214.352236	8206.757884999999	8209.969118	8214.683	8216.003	1.0	1.0	1.0	1.0					
8218.023	12.756000000001222	trials	4.0	8224.812359	8226.079167	8228.081016	8228.315802000001	8224.121038000001	8226.936880000001	8230.768	8230.779	1.0	2.0	1.0	1.0					
8231.686	20.522000000000844	trials	4.0	8248.409541	8249.696217			8247.813036	8250.079707			2.0		1.0	1.0					
8255.724	5.97899999999936	trials	4.0	8257.812296	8259.137974000001			8257.118805	8259.527849			2.0		1.0	1.0					
8266.155	9.53399999999965	trials	4.0	8268.762602	8269.826333	8273.68236	8273.991699	8268.048350000001	8270.222514000001	8274.428	8275.689	1.0	1.0	1.0	1.0					
8279.738	13.380000000001019	trials	4.0	8284.477632	8286.167087	8291.249531	8291.52323	8283.817436000001	8286.481567	8291.813	8293.118	1.0	1.0	1.0	1.0					
8296.138	10.159999999999854	trials	4.0	8298.5432	8299.721309	8304.296669	8304.497081	8297.603801000001	8299.801082	8305.073	8306.298	1.0	1.0	1.0	1.0					
8308.363	6.2409999999999854	trials	4.0	8310.888081000001	8312.290055			8310.202034	8312.500133			2.0		1.0	1.0					
8319.098	15.46600000000035	trials	4.0	8324.914238000001	8326.49925	8328.489143	8328.682095	8323.977954	8326.965625	8329.208	8330.584	1.0	1.0	1.0	1.0					
8334.628	4.435999999999694	trials	4.0	8336.579512	8337.068579			8334.578598	8337.059530999999			1.0		0.0	2.0					
8342.108	10.450000000000728	trials	4.0	8344.704785	8345.919918	8350.929722	8351.236525	8344.123442	8346.452592	8351.673	8352.558	1.0	2.0	1.0	1.0					
8356.633	3745.0300000000007	BlockDesign														1.0	473.0	635.0	10.0	50.0
8356.633	57.29500000000007	trials	5.0	8410.623446	8411.865156			8409.615	8411.861936000001			2.0		0.0	2.0					
8415.938	9.020000000000437	trials	5.0	8417.914499999999	8419.779783	8424.588992	8424.936672	8416.626287	8420.234012			1.0	1.0	0.0	3.0					
8428.908	6.3620000000009895	trials	5.0	8432.238915	8433.996306000001	8434.99083	8435.18623	8431.714868	8434.363455			1.0	2.0	0.0	3.0					
8439.283	51.03100000000086	trials	5.0	8484.838883	8486.408454			8484.130809	8487.273938	8489.198	8490.314	2.0		1.0	1.0					
8494.383	7.655000000000655	trials	5.0	8498.570574	8499.880582	8501.722475	8502.007331	8498.024024	8500.998847			1.0	2.0	0.0	3.0					
8504.063	7.479999999999563	trials	5.0	8507.554278	8508.79007	8511.224989	8511.554916000001	8506.625114	8509.136153			1.0	1.0	0.0	3.0					
8514.561	8.692000000000917	trials	5.0	8519.153333	8520.379553			8518.644029	8521.083114000001			2.0		1.0	1.0					
8527.716	30.55699999999888	trials	5.0	8555.209575	8556.21666			8554.283506	8556.207137			1.0		0.0	2.0					
8561.284	17.588999999999942	trials	5.0	8575.763939	8577.41628	8578.482917000001	8578.553823	8574.778332	8577.696621			1.0	2.0	0.0	3.0					
8580.798	12.7549999999992	trials	5.0	8589.959497	8591.450251	8593.248983	8593.49622	8589.102748000001	8592.412191			1.0	1.0	0.0	3.0					
8597.558	9.739999999999782	trials	5.0	8600.009439	8601.06096			8599.372344	8601.677597			2.0		1.0	1.0					
8607.325	12.483000000000175	trials	5.0	8613.239078999999	8614.437023	8617.712389	8617.910847	8612.306452	8615.066237	8618.413	8619.808	1.0	1.0	1.0	1.0					
8621.839	8.994000000000597	trials	5.0	8627.979026	8629.759635	8630.506897	8630.678380000001	8627.38887	8629.762727000001			1.0	2.0	0.0	3.0					
8634.843	27.430999999998676	trials	5.0	8644.849261	8646.465153000001	8661.944466	8662.194762	8644.166216	8646.930785			1.0	1.0	0.0	3.0					
8664.28	11.182999999999083	trials	5.0	8668.184551	8669.768514	8674.484428	8674.587117	8667.401088	8669.910375			1.0	1.0	0.0	3.0					
8677.814	4.6340000000000146	trials	5.0	8679.496519	8680.39176			8675.477031	8680.382785			1.0		0.0	2.0					
8685.458	77.54500000000007	trials	5.0	8759.793007	8761.008413			8758.974204	8761.003635000001			1.0		0.0	2.0					
8766.013	10.024999999999636	trials	5.0	8767.920485999999	8769.622206	8775.646839	8776.0523	8766.878964	8769.930014			1.0	1.0	0.0	3.0					
8778.008	14.024999999999636	trials	5.0	8787.695118	8789.187			8786.96724	8789.936622000001			2.0		1.0	1.0					
8795.498	7.415000000000873	trials	5.0	8799.171705	8800.857091			8798.224420999999	8800.852987			1.0		0.0	2.0					
8804.969	10.03900000000067	trials	5.0	8811.185576	8812.403278			8810.439522	8812.796693			2.0		1.0	1.0					
8817.443	5.930000000000291	trials	5.0	8820.52029	8821.65201	8823.05898	8823.265718999999	8819.856074	8822.179098			1.0	2.0	0.0	3.0					
8826.388	7.959999999999127	trials	5.0	8830.541567	8831.861273	8834.033373	8834.250198	8829.635422	8832.27561			1.0	2.0	0.0	3.0					
8838.404	7.41399999999885	trials	5.0	8841.670899	8842.771747	8845.462499000001	8845.824341	8841.037184	8844.499599			1.0	1.0	0.0	3.0					
8847.828	8.986000000000786	trials	5.0	8851.659926	8853.352185	8855.123409	8855.380582	8850.949220999999	8853.935453	8855.823	8856.814	1.0	2.0	1.0	1.0					
8859.879	37.800999999999476	trials	5.0	8894.056377	8895.639602			8893.530432	8895.631493			1.0		0.0	2.0					
8899.691	6.7519999999985885	trials	5.0	8903.315898	8904.600564	8906.139846	8906.445369000001	8902.347518	8905.306721			1.0	1.0	0.0	3.0					
8908.493	7.320999999999913	trials	5.0	8911.731002	8912.817268			8911.002248	8913.760013			2.0		1.0	1.0					
8918.343	12.529999999998836	trials	5.0	8923.190806999999	8924.722641	8929.849402	8930.070169999999	8922.22413	8925.301584			1.0	1.0	0.0	3.0					
8934.156	5.6819999999988795	trials	5.0	8936.122191	8937.274177			8930.886846	8937.564689			2.0		1.0	1.0					
8942.333	14.105999999999767	trials	5.0	8950.100769	8951.291097000001	8954.488107000001	8954.595773000001	8949.164856	8952.253112	8955.193	8956.439	1.0	1.0	1.0	1.0					
8960.538	8.77599999999984	trials	5.0	8965.627743000001	8967.318177000001			8964.656568	8967.309831			2.0		0.0	2.0					
8972.328	60.26500000000124	trials	5.0	9029.18634	9031.126499	9032.238724	9032.607477	9028.279021	9031.477679			1.0	2.0	0.0	3.0					
9035.553	6.575000000000728	trials	5.0	9038.292633000001	9039.931468	9041.734883000001	9042.142832	9037.419989	9040.917604			1.0	1.0	0.0	3.0					
9045.063	6.600000000000364	trials	5.0	9048.535851	9049.95294	9051.318416	9051.678207	9047.644088000001	9050.589597			1.0	2.0	0.0	3.0					
9053.64	7.533000000001266	trials	5.0	9057.106577	9058.502084	9060.82187	9061.155894	9056.363804	9059.933837			1.0	1.0	0.0	3.0					
9063.138	14.43999999999869	trials	5.0	9074.276693	9075.988390999999	9077.232768	9077.596041	9073.614042000001	9076.446743			1.0	2.0	0.0	3.0					
9081.558	10.894999999998618	trials	5.0	9085.462334	9086.712983	9089.199202	9089.491788	9084.477329000001	9088.418901000001			1.0	1.0	0.0	3.0					
9092.513	12.164999999999054	trials	5.0	9094.241469	9095.887142	9102.977773999999	9103.326747	9092.469855	9101.989104	9103.689	9104.678	1.0	2.0	1.0	1.0					
9107.698	12.240999999999985	trials	5.0	9113.748155000001	9115.520099000001	9118.104254	9118.471569000001	9112.760295	9115.961424000001	9118.798	9119.939	1.0	2.0	1.0	1.0					
9121.999	10.899999999999636	trials	5.0	9127.918695	9129.653395000001	9131.313265	9131.517323	9127.118543	9130.540792	9131.928	9132.899	1.0	2.0	1.0	1.0					
9136.003	8.725999999998749	trials	5.0	9139.962773	9141.749925	9142.853736000001	9143.082855	9139.277625	9142.103155	9143.668	9144.729	1.0	2.0	1.0	1.0					
9147.56	12.972999999999956	trials	5.0	9154.986568	9156.793398			9154.238685	9156.76377	9158.483	9160.533	2.0		1.0	1.0					
9164.558	7.949999999998909	trials	5.0	9169.958642	9171.049217	9172.200161	9172.269383	9169.381602	9171.440192			1.0	2.0	0.0	3.0					
9175.518	7.7960000000002765	trials	5.0	9179.748746000001	9181.055165000002			9169.381602	9181.055452			2.0		1.0	1.0					
9187.891	34.91200000000026	trials	5.0	9219.022372000001	9220.245692			9218.20506	9220.500378			2.0		1.0	1.0					
9227.406	6.902000000000044	trials	5.0	9229.922	9231.435494000001	9232.717057000002	9232.907326	9228.949997000002	9231.761857000001	9233.508	9234.308	1.0	2.0	1.0	1.0					
9236.373	14.020000000000437	trials	5.0	9242.202793	9243.864099	9249.246242000001	9249.577084	9241.321460000001	9243.903688			1.0	1.0	0.0	3.0					
9252.573	4.9909999999999854	trials	5.0	9254.443643	9255.504166	9256.382779000001	9256.423282000002	9250.396063000002	9255.498133000001			1.0		0.0	2.0					
9261.574	26.013999999999214	trials	5.0	9284.557622	9286.425004	9287.199848000002	9287.588102000002	9283.566034000001	9286.573486000001			1.0	2.0	0.0	3.0					
9291.528	8.899999999999636	trials	5.0	9296.378101	9297.799222000001	9300.061076000002	9300.428416	9295.831289000002	9298.935982			1.0	1.0	0.0	3.0					
9302.399	12.881000000001222	trials	5.0	9311.323192000002	9313.010150000002	9314.90537	9315.246788	9310.414694000001	9314.220658000002			1.0	2.0	0.0	3.0					
9318.283	1018.6560000000009	trials	5.0	10328.838578	10329.969204	10336.359391000002	10336.948316000002	10328.278979	10330.367999000002			1.0	1.0	0.0	3.0					
10340.74	26.972999999999956	trials	5.0	10364.083376	10365.452723			10363.329218	10365.665782000002			2.0		1.0	1.0					
10371.298	19.079999999999927	trials	5.0	10378.677752000001	10379.837162000002	10389.203198000001	10389.746329000001	10377.992672	10380.442368000002			1.0	1.0	0.0	3.0					
10392.528	4.079999999999927	trials	5.0	10394.473305000001	10394.605888000002			10390.382867	10394.595938			2.0		0.0	2.0					
10400.618	4.674999999999272	trials	5.0	10402.503380000002	10403.775415000002	10404.899431000002	10405.299673000001	10401.512624	10404.178765			1.0	2.0	0.0	3.0					
10409.249	21.229999999999563	trials	5.0	10426.058249000002	10427.609422000001	10428.848471000001	10429.143940000002	10425.207097	10428.058672000001	10429.609	10430.479	1.0	2.0	1.0	1.0					
10432.568	14.93500000000131	trials	5.0	10442.692472	10443.895018000001	10445.926507	10446.114683000002	10442.165723000002	10444.602391	10446.638	10447.503	1.0	2.0	1.0	1.0					
10451.525	6.308000000000902	trials	5.0	10454.075056000001	10455.831197000001			10453.205134000002	10455.82205			1.0		0.0	2.0					
10461.84	81.03299999999945	trials	5.0	10535.674192	10536.80621	10541.699332	10542.090785	10535.066292000001	10537.190849			1.0	1.0	0.0	3.0					
10545.028	6.770000000000437	trials	5.0	10546.619306	10547.725786	10551.584596	10551.806392	10542.881852	10547.712585000001			1.0		0.0	2.0					
10553.743	10.475000000000364	trials	5.0	10560.833942000001	10562.445257000001	10563.876106000002	10564.227447000001	10559.928287	10563.097184000002			1.0	1.0	0.0	3.0					
10566.211	17.188000000000102	trials	5.0	10580.805086	10581.893556	10582.933918	10583.406475000002	10580.207356	10582.338056			1.0	2.0	0.0	3.0					
10585.278	28.610000000000582	trials	5.0	10610.379060000001	10612.071679	10613.55961	10613.855501000002	10609.697524000001	10612.211261			1.0	1.0	0.0	3.0					
10615.934	8.394000000000233	trials	5.0	10620.438854000002	10622.070146000002			10619.457974	10622.238860000001			2.0		1.0	1.0					
10626.903	33.090000000000146	trials	5.0	10655.130722000002	10657.131112000001	10658.466670000002	10658.687096000001	10654.215424000002	10657.414658000002	10659.229	10659.993	1.0	2.0	1.0	1.0					
10663.054	16.013999999999214	trials	5.0	10674.544399	10676.278100000001	10677.595605	10677.720148	10673.561563000001	10676.548703	10678.248	10679.068	1.0	2.0	1.0	1.0					
10681.088	7.425000000001091	trials	5.0	10684.439411000001	10685.956580000002			10683.819827000001	10686.247007000002			2.0		1.0	1.0					
10692.079	13.679000000000087	trials	5.0	10702.099763000002	10703.758229000001			10701.265901	10703.752693			2.0		0.0	2.0					
10707.765	5.052999999999884	trials	5.0	10709.839702000001	10710.820787	10712.438578000001	10712.696662000002	10708.954634000002	10710.810763000001			1.0		0.0	2.0					
10714.827	15.799000000000888	trials	5.0	10727.069594	10728.981169	10730.080201	10730.632675	10726.409264000002	10729.390256			1.0	2.0	0.0	3.0					
10734.404	52.69999999999891	trials	5.0	10783.379882000001	10784.798555000001			10782.422116000002	10784.857988000002			2.0		1.0	1.0					
10790.618	7.625	trials	5.0	10792.595500000001	10794.114857	10797.85877	10798.083581	10792.072978	10797.028502000001			1.0	1.0	0.0	3.0					
10800.195	17.45299999999952	trials	5.0	10813.694929000001	10815.601847000002	10817.143943000001	10817.659723	10813.010417000001	10816.386329			1.0	2.0	0.0	3.0					
10821.473	20.93499999999949	trials	5.0	10825.030619000001	10826.305526	10841.935489000001	10842.417479000002	10824.297871	10827.533332			1.0	1.0	0.0	3.0					
10845.258	7.485000000000582	trials	5.0	10849.710803000002	10851.497404000002	10852.416155	10852.751988000002	10848.816377000001	10851.708604000001			1.0	2.0	0.0	3.0					
10855.793	8.780000000000655	trials	5.0	10860.201896	10861.652213000001	10863.043921	10863.306113	10859.490631	10862.321641	10863.788	10864.573	1.0	2.0	1.0	1.0					
10867.6	8.313000000000102	trials	5.0	10870.680116000001	10872.273463000001	10875.411809000001	10875.773543000001	10869.726178	10874.593948000002			1.0	2.0	0.0	3.0					
10878.753	8.5049999999992	trials	5.0	10883.287054	10884.747694000002			10882.565613	10885.117988000002			2.0		1.0	1.0					
10890.776	12.20299999999952	trials	5.0	10893.19685	10894.432331000002	10902.500882	10902.984734000001	10892.589119	10895.474662			1.0	1.0	0.0	3.0					
10904.868	7.494999999998981	trials	5.0	10906.940062000001	10908.811943	10910.715758000002	10910.969747000001	10906.025971000001	10909.682549000001	10911.448	10912.363	1.0	2.0	1.0	1.0					
10916.433	14.394999999998618	trials	5.0	10918.425784000001	10920.325397	10929.282464000002	10929.574661	10917.001970000001	10920.716512			1.0	1.0	0.0	3.0					
10932.6	8.753999999998996	trials	5.0	10934.606762000001	10935.951416000002	10939.604800000001	10939.824493000002	10930.837778000001	10935.947018	10940.463	10941.354	1.0	1.0	1.0	1.0					
10944.408	8.06000000000131	trials	5.0	10947.216074000002	10948.347775000002			10946.472650000002	10948.343507000001			1.0		0.0	2.0					
10954.423	8.600999999998749	trials	5.0	10956.440788000002	10957.168526000001			10952.479922	10957.158445000001			1.0		0.0	2.0					
10963.239	6.998999999999796	trials	5.0	10966.004702000002	10967.933350000001			10965.262433000002	10968.172448000001			2.0		1.0	1.0					
10973.753	7.5	trials	5.0	10975.811038000002	10977.785641	10979.240663	10979.547578000002	10974.783614000002	10978.226036000002	10980.024	10981.253	1.0	2.0	1.0	1.0					
10983.979	10.467000000000553	trials	5.0	10986.945655000001	10988.442271000002	10994.087032000001	10994.297543	10986.232486	10988.874436000002			1.0	1.0	0.0	3.0					
10996.503	7.864999999999782	trials	5.0	10999.881272	11001.447760000001	11002.717205	11002.936688000002	10999.220932	11002.057276000001	11003.398	11004.368	1.0	2.0	1.0	1.0					
11008.432	6.9759999999987485	trials	5.0	11010.846301000001	11012.845322000001			11010.115525000001	11013.135955000002			2.0		1.0	1.0					
11017.943	8.325000000000728	trials	5.0	11023.736168000001	11024.270143000002			11023.123159	11024.263298000002			1.0		0.0	2.0					
11028.283	11.790000000000873	trials	5.0	11031.235807000001	11032.632833000001	11039.009857000001	11039.228056000002	11030.283461	11032.75027			1.0	1.0	0.0	3.0					
11041.333	4.760000000000218	trials	5.0	11043.037693000002	11044.032536			11040.085705000001	11044.028581			1.0		0.0	2.0					
11050.098	38.159999999999854	trials	5.0	11084.066528000001	11085.604046	11087.995276000001	11088.133582	11083.439798000001	11086.179355			1.0	1.0	0.0	3.0					
11090.313	8.6299999999992	trials	5.0	11095.271399000001	11096.438203000002			11094.482791	11096.829775000002			2.0		1.0	1.0					
11103.5	11.022999999999229	trials	5.0	11106.511867000001	11107.92985	11113.438181000001	11113.658713	11105.906281000001	11108.709433000002			1.0	1.0	0.0	3.0					
11115.753	4.369999999998981	trials	5.0	11117.40796	11118.708395000001	11119.628032	11120.132527000002	11114.534015000001	11118.963325			1.0	2.0	0.0	3.0					
11123.953	8.445999999999913	trials	5.0	11128.236713000002	11129.918710000002			11127.706106000001	11130.142756000001	11131.899	11132.399	2.0		1.0	1.0					
11134.413	8.784999999999854	trials	5.0	11139.082202000001	11140.349107000002			11138.135957	11140.938434000002			2.0		1.0	1.0					
11146.668	10.180000000000291	trials	5.0	11149.082188	11150.223515000001	11154.748288	11155.065884000001	11148.539486000001	11151.039098000001			1.0	1.0	0.0	3.0					
11158.08	4.4760000000005675	trials	5.0	11160.001250000001	11160.510601000002			11156.857894	11160.500588			1.0		0.0	2.0					
11164.578	16.13000000000102	trials	5.0	11176.546838000002	11177.734370000002	11179.051567	11179.294588	11175.832300000002	11178.114288	11179.774	11180.708	1.0	2.0	1.0	1.0					
11184.733	17.860000000000582	trials	5.0	11199.118859000002	11200.452094	11202.283985000002	11202.527191000001	11198.128504	11200.779565			1.0	1.0	0.0	3.0					
11204.604	5.614000000001397	trials	5.0	11206.772119000001	11208.634877	11209.838422	11210.227919	11206.15976	11208.938698000002			1.0	2.0	0.0	3.0					
11214.211	18.688000000000102	trials	5.0	11229.342314000001	11230.799014	11232.502575000002	11232.719539000002	11228.556149	11231.459273			1.0	1.0	0.0	3.0					
11235.863	9.02599999999984	trials	5.0	11241.156914000001	11242.889435000001			11240.345233	11242.883764000002			2.0		0.0	2.0					
11246.899	5.65900000000147	trials	5.0	11249.102273	11250.749378	11252.229487	11252.501366	11248.377535000001	11251.178327000001			1.0	2.0	0.0	3.0					
11255.608	58.53199999999924	trials	5.0	11311.208299000002	11312.126317000002			11310.469043000001	11312.123039000002			1.0		0.0	2.0					
11316.187	9.67200000000048	trials	5.0	11320.252712000001	11322.255031	11325.258289000001	11325.477117000002	11319.46598	11322.709216000001			1.0	1.0	0.0	3.0					
11328.873	8.18500000000131	trials	5.0	11334.133025000001	11335.676360000001	11336.79491	11336.975441	11333.133257000001	11336.108432			1.0	2.0	0.0	3.0					
11339.068	12.420000000000073	trials	5.0	11343.522280000001	11344.846129000001	11351.179838	11351.445658	11342.945252000001	11346.035065			1.0	1.0	0.0	3.0					
11353.543	9.420000000000073	trials	5.0	11357.401388000002	11358.712673000002	11361.326206000002	11361.615331	11356.769287000001	11359.691579000002	11362.043	11362.963	1.0	2.0	1.0	1.0					
11366.063	8.114999999999782	trials	5.0	11369.902673	11371.674692			11368.928446000002	11372.018219000001			2.0		1.0	1.0					
11377.694	5.939000000000306	trials	5.0	11381.022896000002	11382.099842000001	11383.285076	11383.646494	11380.156628	11382.498985000002			1.0	2.0	0.0	3.0					
11387.628	25.296000000000276	trials	5.0	11408.362427	11409.721337	11410.864492	11411.132933	11407.590218000001	11410.093692000002			2.0		0.0	4.0					
11414.968	16.56999999999971	trials	5.0	11427.02812	11428.939532			11426.208694	11429.205242			2.0		1.0	1.0					
11435.033	5.915000000000873	trials	5.0	11438.010587	11439.529186000002	11440.527509000001	11440.960727000001	11437.432288000002	11439.813459			1.0	2.0	0.0	3.0					
11444.848	20.729999999999563	trials	5.0	11460.454525000001	11461.940012000001	11463.380176	11463.629712000002	11459.816387	11462.505329000001	11464.203	11465.578	1.0	2.0	1.0	1.0					
11467.008	15.225000000000364	trials	5.0	11473.503490000001	11475.015436000002	11480.426509	11480.726645	11472.631860000001	11475.177257000001	11481.123	11482.233	1.0	1.0	1.0	1.0					
11485.258	9.143000000000029	trials	5.0	11491.168525000001	11492.574729000002	11494.046245000001	11494.412996000001	11490.202981000002	11492.990662			1.0	2.0	0.0	3.0					
11498.368	5.377999999998792	trials	5.0	11500.165243000001	11501.689665000002	11503.434417	11503.672322000002	11499.637636000001	11502.555203000002			1.0	1.0	0.0	3.0					
11505.758	18.38500000000022	trials	5.0	11519.693111	11520.985006	11522.218487000002	11522.472548000002	11518.831901000001	11521.094768	11522.979	11524.143	1.0	2.0	1.0	1.0					
11527.009	8.969999999999345	trials	5.0	11529.737299	11531.324558	11535.660580000002	11535.820099	11529.075983	11531.980313			1.0	2.0	0.0	3.0					
11539.0	9.968000000000757	trials	5.0	11541.789680000002	11542.98493			11540.974625	11542.975519000001			1.0		0.0	2.0					
11549.061	5.122000000001208	trials	5.0	11550.974098	11552.525447	11553.858237	11554.089168000002	11548.979905	11552.906081000001			1.0	1.0	0.0	3.0					
11558.199	4.783999999999651	trials	5.0	11559.983665000002	11561.775206000002	11562.668963	11562.873564000001	11559.166418	11562.037393			1.0	2.0	0.0	3.0					
11564.999	8.69000000000051	trials	5.0	11569.446815000001	11571.185410000002			11568.718817	11571.492991000001			2.0		1.0	1.0					
11578.226	5.386999999998807	trials	5.0	11580.2237	11581.616864000001			11578.262932000001	11581.607798000001			1.0		0.0	2.0					
11587.626	5.387000000000626	trials	5.0	11589.385308	11590.510820000001			11588.775897000001	11590.941446			2.0		1.0	1.0					
11596.528	5.639999999999418	trials	5.0	11598.359024000001	11599.568034000002			11597.581542000002	11599.876963			2.0		1.0	1.0					
11604.609	8.568999999999505	trials	5.0	11608.455296	11609.896961000002	11611.581706	11611.675037	11607.601775000001	11610.264726000001	11612.278	11613.178	1.0	2.0	1.0	1.0					
11615.203	11.970000000001164	trials	5.0	11620.682060000001	11622.095327	11626.857345	11627.177278000001	11619.709658000002	11622.407804000002			1.0	1.0	0.0	3.0					
11630.189	7.158999999999651	trials	5.0	11632.359328	11633.943862	11635.209742000001	11635.442461	11631.68833	11634.325488000002	11635.863	11637.348	1.0	2.0	1.0	1.0					
11639.009	9.484000000000378	trials	5.0	11645.580845	11646.880859	11648.184643	11648.275337000001	11645.017178000002	11647.263657000001			1.0	2.0	0.0	3.0					
11651.503	14.549999999999272	trials	5.0	11662.099902000002	11663.646956	11665.538054	11665.805159000001	11661.479476	11664.512704			1.0	1.0	0.0	3.0					
11669.863	9.353000000000975	trials	5.0	11676.073765000001	11677.305965000001	11678.898503	11679.226028000001	11675.156347	11678.244464000001			1.0	2.0	0.0	3.0					
11683.213	11.354999999999563	trials	5.0	11687.564081	11689.213049000002	11691.354584	11691.624268000001	11686.923586	11690.441348			1.0	1.0	0.0	3.0					
11695.683	6.364999999999782	trials	5.0	11697.359743	11699.052561	11700.195272	11700.351926000001	11694.581390000001	11699.409719000001	11700.878	11702.048	1.0	2.0	1.0	1.0					
11706.129	8.048999999999069	trials	5.0	11709.920048000002	11711.206946000002	11712.208415000001	11712.471104	11709.025285000002	11711.525636000002	11712.913	11714.178	1.0	2.0	1.0	1.0					
11717.198	10.938000000000102	trials	5.0	11723.354774000001	11725.392565000002	11726.381887000001	11726.561321000001	11722.374512000002	11725.677205000002	11727.064	11728.136	1.0	2.0	1.0	1.0					
11730.197	87.76599999999962	trials	5.0	11813.460433	11815.366801			11812.547626000001	11815.781391			2.0		1.0	1.0					
11821.479	9.359000000000378	trials	5.0	11826.320212	11828.289392			11825.607090000001	11828.769419			2.0		1.0	1.0					
11833.403	5.315000000000509	trials	5.0	11835.735393	11836.994944000002	11838.258679	11838.729886000001	11834.859409	11837.454918000001			1.0	2.0	0.0	3.0					
11840.656	16.381999999999607	trials	5.0	11851.791918	11852.925410000002	11855.248946000002	11855.477969000001	11850.878227000001	11854.409684000002	11856.078	11857.038	1.0	2.0	1.0	1.0					
11859.063	14.290999999999258	trials	5.0	11865.780317	11867.413628000002			11865.161665000001	11867.406415000001			1.0		0.0	2.0					
11873.479	8.28400000000147	trials	5.0	11875.257394	11876.530151	11881.401749	11881.775996	11873.369044000001	11876.788693000002			1.0	1.0	0.0	3.0					
11884.749	6.619000000000597	trials	5.0	11887.255634000001	11888.774829000002			11886.315799000002	11889.07277			2.0		1.0	1.0					
11893.913	11.5049999999992	trials	5.0	11901.010526000002	11902.41416			11900.413165000002	11903.197732			2.0		1.0	1.0					
11908.93	17.557999999999083	trials	5.0	11923.865831000001	11925.114637	11926.048574	11926.502281000001	11923.211360000001	11925.396638000002			1.0	2.0	0.0	3.0					
11929.393	17.825000000000728	trials	5.0	11943.247505000001	11944.693814000002	11945.618002000001	11945.676837	11942.281312000001	11944.901218	11946.195	11947.218	1.0	2.0	1.0	1.0					
11950.253	7.185999999999694	trials	5.0	11953.530821	11954.821391000001	11955.699620000001	11955.894488000002	11952.614605	11954.896240000002	11956.573	11957.439	1.0	2.0	1.0	1.0					
11961.548	6.944999999999709	trials	5.0	11964.881162000001	11965.937347000001			11964.071107000002	11966.412367			2.0		1.0	1.0					
11971.017	14.871000000001004	trials	5.0	11974.671709000002	11976.217472	11981.825167	11982.250997000001	11974.072834	11976.700931000001			1.0	1.0	0.0	3.0					
11986.158	9.550000000001091	trials	5.0	11991.606132	11992.835282	11993.926967000001	11994.134614	11990.759621000001	11993.203916000002	11994.643	11995.708	1.0	2.0	1.0	1.0					
11999.733	6.831000000000131	trials	5.0	12004.015997000002	12005.237896	12006.155273	12006.579821000001	12003.267805000001	12005.557205000001			1.0	2.0	0.0	3.0					
12010.468	6.260999999998603	trials	5.0	12012.450645	12014.232794000001			12011.131198000001	12014.568313000002			2.0		1.0	1.0					
12020.268	8.5	trials	5.0	12025.582696000001	12026.773204000001			12024.748517	12026.769904			1.0		0.0	2.0					
12031.784	13.184000000001106	trials	5.0	12042.451249000002	12043.694957000002	12044.651856	12044.909633000001	12041.579605	12044.003303000001			1.0	2.0	0.0	3.0					
12048.979	16.27900000000045	trials	5.0	12060.891526000001	12062.169448	12063.529008000001	12063.746027000001	12060.332438000001	12062.773666000001	12064.213	12065.258	1.0	2.0	1.0	1.0					
12067.308	9.5	trials	5.0	12072.711644	12074.299667000001			12072.001669000001	12074.721895			2.0		1.0	1.0					
12079.363	6.480000000001382	trials	5.0	12082.017085000001	12083.340212000001			12081.153543	12083.741747			2.0		1.0	1.0					
12089.393	12.270000000000437	trials	5.0	12097.201541000002	12098.281307000001	12099.677381000001	12099.884305000001	12096.302243000002	12098.668428	12100.338	12101.663	1.0	2.0	1.0	1.0					
12103.684	585.2180000000008	BlockDesign														1.0	636.0	675.0	50.0	90.0
12103.684	18.51000000000022	trials	6.0	12117.437031000001	12119.260327000002	12120.65768	12120.792406	12116.497538000001	12119.242103	12121.368	12122.194	1.0	2.0	1.0	1.0					
12126.26	12.987999999999374	trials	6.0	12135.727025	12137.254903000001			12134.875784000002	12137.248352			2.0		0.0	2.0					
12141.258	6.320999999999913	trials	6.0	12142.837016000001	12143.563804000001			12141.789680000002	12143.558658000002			1.0		0.0	2.0					
12148.698	11.180000000000291	trials	6.0	12155.901981	12156.972322000001	12158.246882000001	12158.367326000001	12155.137620000001	12157.507901	12158.968	12159.878	1.0	2.0	1.0	1.0					
12161.899	13.84900000000016	trials	6.0	12166.207792000001	12167.399096000001	12171.495125000001	12171.901449	12165.334144	12167.46677			1.0	1.0	0.0	3.0					
12175.829	16.59900000000016	trials	6.0	12187.531822	12189.238639000001	12190.839761000001	12191.098217	12186.838321000001	12189.838673000002	12191.613	12192.428	1.0	2.0	1.0	1.0					
12196.453	4.931000000000495	trials	6.0	12198.212539	12199.301048000001	12200.953582000002	12201.401686000001	12197.430805000002	12200.169937			1.0	2.0	0.0	3.0					
12203.268	31.21099999999933	trials	6.0	12206.991662	12208.754309000002	12231.565478	12231.885950000002	12206.373118000001	12209.206096000002	12232.298	12234.479	1.0	2.0	1.0	1.0					
12235.869	10.708999999998923	trials	6.0	12242.279446999999	12243.995025999999			12241.710335	12244.283035999999			2.0		1.0	1.0					
12249.108	13.864999999999782	trials	6.0	12257.038	12258.379358999999	12261.264944999999	12261.449825	12256.046665	12258.376489999999	12262.003	12262.973	1.0	2.0	1.0	1.0					
12265.998	7.280000000000655	trials	6.0	12269.033558	12271.014626			12268.163611	12271.077521			2.0		1.0	1.0					
12275.898	8.456000000000131	trials	6.0	12280.59908	12281.844239			12279.633544999999	12282.132936	12278.048	12278.058	2.0		1.0	1.0					
12287.954	17.259000000000015	trials	6.0	12302.30828	12303.210857			12301.338758	12303.197932			1.0		0.0	2.0					
12309.265	13.483000000000175	trials	6.0	12319.631974	12320.742280999999	12321.659185999999	12321.699988	12318.668631999999	12320.729938999999			1.0		0.0	2.0					
12326.768	5.530000000000655	trials	6.0	12328.369432	12329.590075	12330.783185999999	12330.851443	12327.578827	12330.095546	12331.448	12332.298	1.0	2.0	1.0	1.0					
12335.361	12.216999999998734	trials	6.0	12342.698579	12344.594992999999	12345.631411	12345.787747999999	12341.860548999999	12344.916766999999	12346.378	12347.578	1.0	2.0	1.0	1.0					
12350.293	10.02100000000064	trials	6.0	12356.298395	12357.947627			12355.569538	12358.169773			2.0		1.0	1.0					
12363.783	8.740999999999985	trials	6.0	12367.678393999999	12369.136681	12370.458734	12370.742848	12367.13917	12369.544984	12371.128	12372.524	1.0	2.0	1.0	1.0					
12375.168	10.925000000001091	trials	6.0	12381.824148	12382.92541	12383.993371	12384.068496	12380.990429	12383.060218999999	12384.624	12386.093	1.0	2.0	1.0	1.0					
12389.943	10.411000000000058	trials	6.0	12396.320222	12398.290525			12395.389051	12398.285471			1.0		0.0	2.0					
12404.408	9.730000000001382	trials	6.0	12410.183266	12411.507661	12412.493294	12412.673009	12409.365974	12411.854189	12413.168	12414.138	1.0	2.0	1.0	1.0					
12417.158	14.756000000001222	trials	6.0	12424.268166	12425.987059			12423.361182999999	12425.981494			2.0		0.0	2.0					
12432.008	16.649999999999636	trials	6.0	12444.673873	12446.057977	12446.963932999999	12447.247384	12443.886406	12446.384151999999	12447.678	12448.658	1.0	2.0	1.0	1.0					
12451.765	8.549000000000888	trials	6.0	12455.973442999999	12457.505713999999	12458.606978	12458.835342999999	12455.391153999999	12457.937710999999	12459.483	12460.314	1.0	2.0	1.0	1.0					
12462.378	11.289999999999054	trials	6.0	12470.424256	12471.662429			12469.5034	12471.659246			1.0		0.0	2.0					
12475.726	5.837999999999738	trials	6.0	12478.579493	12479.555459	12480.295471	12480.673284999999	12477.614620999999	12479.544988			1.0		0.0	2.0					
12483.573	11.954999999999927	trials	6.0	12491.428963999999	12493.078402	12493.89847	12494.063146	12490.509035	12493.307139999999	12494.678	12495.528	1.0	2.0	1.0	1.0					
12498.563	5.440000000000509	trials	6.0	12500.579451	12501.996503	12502.736546	12502.90991	12499.563433	12501.989582			1.0		0.0	2.0					
12508.008	10.235000000000582	trials	6.0	12515.254039	12516.181357	12516.876973999999	12517.319551999999	12514.51822	12516.169033			1.0		0.0	2.0					
12521.298	50.5	trials	6.0	12567.249797	12569.231026			12566.463262	12569.540989			2.0		1.0	1.0					
12574.309	10.124000000001615	trials	6.0	12581.054913	12582.426169999999	12583.258749999999	12583.385384	12580.167196999999	12582.417086			1.0		0.0	2.0					
12586.488	6.360000000000582	trials	6.0	12589.125001999999	12590.340436999999	12591.775607	12591.999901	12588.611332999999	12591.116791999999			1.0	2.0	1.0	1.0					
12596.368	19.049999999999272	trials	6.0	12600.909958	12602.899445	12612.430766	12612.672311	12600.256366	12603.056369	12613.058	12615.418	1.0	2.0	1.0	1.0					
12617.433	8.880999999999403	trials	6.0	12622.745332999999	12624.308084999999			12621.952007	12624.300747			1.0		0.0	2.0					
12628.323	7.665999999999258	trials	6.0	12631.744870999999	12632.890594999999	12634.162229	12634.397794	12631.027715	12633.537515	12634.883	12635.989	1.0	2.0	1.0	1.0					
12639.055	4.897999999999229	trials	6.0	12640.656452	12641.948515	12643.080666	12643.202143999999	12639.957095	12641.940719			1.0		0.0	2.0					
12646.959	6.53899999999885	trials	6.0	12650.27341	12651.43664			12649.533781	12651.432284			1.0		0.0	2.0					
12655.533	11.900000000001455	trials	6.0	12663.446227999999	12664.656368	12665.614955	12665.802077	12662.49741	12665.019452	12666.348	12667.433	1.0	2.0	1.0	1.0					
12670.328	7.2450000000008	trials	6.0	12673.604701	12674.995909			12672.672704999999	12675.395521999999			2.0		1.0	1.0					
12682.088	6.814000000000306	trials	6.0	12684.305014	12685.793706999999	12686.897853999999	12687.141958	12683.371657	12686.079120999999	12687.653	12688.902	1.0	2.0	1.0	1.0					
12690.923	7008.686	BlockDesign														0.0	676.0	963.0	90.0	50.0
12690.923	12.286000000000058	trials	7.0	12699.156997	12700.643519	12701.613104	12701.774088	12698.207147	12700.885366999999	12702.368	12703.209	1.0	2.0	1.0	1.0					
12705.28	15.772999999999229	trials	7.0	12717.395322999999	12719.197456	12720.723124	12720.815483	12716.488411	12719.866135			1.0	2.0	0.0	3.0					
12725.113	7.050000000001091	trials	7.0	12727.796946999999	12729.25246	12730.577195	12730.783429	12727.218871	12729.902576999999	12731.173	12732.163	1.0	2.0	1.0	1.0					
12734.188	11.139999999999418	trials	7.0	12739.435282999999	12741.381994	12743.385339999999	12743.681932	12738.849375	12742.544741	12744.178	12745.328	1.0	1.0	1.0	1.0					
12747.389	9.954000000001543	trials	7.0	12753.415748	12755.010575			12752.639728999999	12755.132966			2.0		1.0	1.0					
12760.863	8.911000000000058	trials	7.0	12765.895664	12767.76659			12765.298302	12767.759301			1.0		0.0	2.0					
12771.828	6.850000000000364	trials	7.0	12774.630817	12776.108268			12773.836811	12776.373617			2.0		1.0	1.0					
12783.174	9.493999999998778	trials	7.0	12787.925847999999	12789.16289	12790.771877	12791.037728	12787.225973	12789.991256	12791.564	12792.668	1.0	2.0	1.0	1.0					
12794.718	10.094999999999345	trials	7.0	12801.032108	12802.899406999999	12804.219829	12804.362016	12800.500884	12803.351459			1.0	2.0	0.0	3.0					
12808.588	6.825000000000728	trials	7.0	12810.595485	12812.427302	12813.739007	12813.885468	12809.250059	12812.943554	12814.433	12815.413	1.0	2.0	1.0	1.0					
12818.483	6.4650000000001455	trials	7.0	12820.376156	12822.129914	12823.031729999999	12823.289187999999	12819.592067	12822.301902	12823.729	12824.948	1.0	2.0	1.0	1.0					
12827.03	12.852999999999156	trials	7.0	12834.362159	12836.203418	12838.032664999999	12838.303582999999	12833.497049	12836.520335	12838.638	12839.883	1.0	1.0	1.0	1.0					
12843.998	7.420000000000073	trials	7.0	12846.605362	12848.193263	12849.567464	12849.706796999999	12846.086390999999	12848.716481	12850.354	12851.418	1.0	2.0	1.0	1.0					
12855.439	10.183999999999287	trials	7.0	12860.621460999999	12861.91273	12863.059138999999	12863.275889	12859.847192	12862.217047	12863.729	12865.623	1.0	2.0	1.0	1.0					
12868.643	12.21099999999933	trials	7.0	12875.911525	12877.503098	12878.866025	12879.063869	12875.228705	12877.954649	12879.543	12880.854	1.0	2.0	1.0	1.0					
12883.943	8.550000000001091	trials	7.0	12889.885849	12890.999264	12892.17744	12892.366129	12889.151483	12891.405959			1.0	2.0	0.0	3.0					
12895.508	7.694999999999709	trials	7.0	12899.806352	12901.637993	12902.637302	12902.682133999999	12899.217901	12901.91426			1.0	2.0	0.0	3.0					
12905.963	14.104999999999563	trials	7.0	12916.782718999999	12917.80709	12919.761787	12920.060266	12916.193299999999	12918.88976			1.0	2.0	0.0	3.0					
12922.124	717.2299999999996	trials	7.0	13636.411420999999	13637.356867999999			13635.663227	13637.349664			2.0		0.0	2.0					
13642.363	12.161000000000058	trials	7.0	13650.91157	13651.966720999999			13650.015383	13652.443624			2.0		1.0	1.0					
13658.064	9.744000000000597	trials	7.0	13663.635296	13665.547098			13662.676602	13665.788606			2.0		1.0	1.0					
13670.333	7.139999999999418	trials	7.0	13674.195002	13675.471604	13676.323396	13676.42635	13673.580718	13675.460717			1.0		0.0	2.0					
13680.483	28.96600000000035	trials	7.0	13706.641144	13708.062068	13709.018665	13709.460382	13705.785539	13708.260502			1.0	2.0	0.0	3.0					
13713.393	22.6299999999992	trials	7.0	13732.395789999999	13734.423841	13735.627886	13736.032672	13731.714958999999	13734.707188			1.0	2.0	0.0	3.0					
13739.988	23.990999999999985	trials	7.0	13760.355142999999	13761.477192999999			13759.763875999999	13761.875371			2.0		1.0	1.0					
13768.588	18.485000000000582	trials	7.0	13783.860442	13785.152167	13786.680052	13787.080598	13782.998035999999	13785.809204			1.0	2.0	0.0	3.0					
13790.038	13.584999999999127	trials	7.0	13798.912352	13800.632585	13801.739062	13802.017864	13798.092289	13800.991093	13802.463	13803.623	1.0	2.0	1.0	1.0					
13806.668	7.184999999999491	trials	7.0	13809.956084	13811.462910999999	13813.460212	13813.856776999999	13809.39106	13812.601567			1.0	2.0	0.0	3.0					
13816.818	16.30000000000109	trials	7.0	13827.570464	13828.766421999999	13830.976246	13831.382656	13826.816826999999	13829.192363	13831.653	13833.118	1.0	1.0	1.0	1.0					
13836.189	6.113999999999578	trials	7.0	13839.645854	13840.66418	13841.927813	13842.038426	13838.737192999999	13841.062222999999			1.0	2.0	0.0	3.0					
13846.338	17.351000000000568	trials	7.0	13858.760929	13860.166082	13862.264423	13862.463760999999	13858.022498	13861.18569	13863.018	13863.689	1.0	2.0	1.0	1.0					
13866.753	7.2259999999987485	trials	7.0	13871.097604999999	13872.710384	13873.672998	13873.750093999999	13870.155437	13872.668596			1.0	2.0	0.0	3.0					
13876.034	10.938000000000102	trials	7.0	13882.906982	13884.965719			13882.378966	13884.904054999999			2.0		1.0	1.0					
13891.503	6.949999999998909	trials	7.0	13893.387152	13894.539907999999	13896.471137	13896.705197	13892.546988999999	13894.897433	13897.229	13898.453	1.0	1.0	1.0	1.0					
13901.378	9.834999999999127	trials	7.0	13905.162511999999	13906.914416	13908.345652	13908.476439999999	13904.478238	13907.230588999999			1.0	2.0	0.0	3.0					
13911.717	9.061999999999898	trials	7.0	13917.921725	13919.303257	13920.403304	13920.780907999999	13917.29079	13919.786307999999			1.0	2.0	0.0	3.0					
13924.768	75.16500000000087	trials	7.0	13993.001839999999	13995.019793	13997.891404	13998.298103	13992.386384	13995.919362999999	13998.698	13999.933	1.0	1.0	1.0	1.0					
14001.948	10.115999999999985	trials	7.0	14008.392355	14010.072941			14007.427834	14010.065859999999			2.0		0.0	2.0					
14016.098	78.48999999999978	trials	7.0	14088.187055	14089.754221	14092.829237	14093.171205999999	14087.193132999999	14090.926274	14093.643	14094.588	1.0	2.0	1.0	1.0					
14098.675	12.028000000000247	trials	7.0	14104.637149	14105.864549	14107.484301999999	14107.875786999999	14103.674834	14106.341496			1.0	2.0	0.0	3.0					
14111.834	14.418999999999869	trials	7.0	14117.972504	14119.544415999999			14117.240827	14119.834057			2.0		1.0	1.0					
14126.615	5.542999999999665	trials	7.0	14128.244071	14129.589517999999			14126.262136	14130.079936999999			2.0		1.0	1.0					
14134.613	10.036000000000058	trials	7.0	14139.218443	14140.99585	14142.608452	14142.671543	14138.377800999999	14141.554828999999	14143.374	14144.649	1.0	2.0	1.0	1.0					
14146.689	11.263999999999214	trials	7.0	14155.182818	14156.541819999999	14157.64789	14157.88166	14154.206903	14156.841328999999			1.0	2.0	0.0	3.0					
14159.963	18.76599999999962	trials	7.0	14162.348032	14163.605117	14176.726698999999	14177.029972999999	14161.646593	14165.366033	14177.393	14178.729	1.0	1.0	1.0	1.0					
14181.748	8.066000000000713	trials	7.0	14184.373819999999	14186.199176	14187.852525	14188.123655	14183.526609999999	14186.808025999999	14188.653	14189.814	1.0	2.0	1.0	1.0					
14191.643	9.989999999999782	trials	7.0	14197.437818	14199.287971			14196.841177999999	14199.519212			2.0		1.0	1.0					
14206.055	10.682999999999083	trials	7.0	14211.107431999999	14212.66838	14214.751723	14214.995101	14210.562505	14212.802768	14215.498	14216.738	1.0	1.0	1.0	1.0					
14219.608	11.489999999999782	trials	7.0	14227.062563	14228.170094	14229.233314	14229.461312	14226.064519	14228.483299	14229.979	14231.098	1.0	2.0	1.0	1.0					
14232.998	9.895000000000437	trials	7.0	14239.782723999999	14240.899811			14238.798058999999	14240.890021			1.0		0.0	2.0					
14244.908	8.430000000000291	trials	7.0	14248.812682	14250.649986999999	14251.716959	14251.911302	14247.941343999999	14250.962733999999	14252.524	14253.338	1.0	2.0	1.0	1.0					
14255.403	7.454999999999927	trials	7.0	14258.713109	14260.100136			14257.804016	14260.679998			2.0		1.0	1.0					
14266.464	8.600000000000364	trials	7.0	14269.418843	14271.132098			14268.696865	14271.125146			1.0		0.0	2.0					
14275.183	12.989999999999782	trials	7.0	14282.072815	14284.108312	14286.13733	14286.34858	14281.239615999999	14284.441233	14286.798	14288.173	1.0	1.0	1.0	1.0					
14291.2	10.38299999999981	trials	7.0	14293.236893	14294.345297	14299.716559	14299.891888999999	14292.471905999999	14294.912581999999	14300.453	14301.583	1.0	1.0	1.0	1.0					
14305.654	8.179000000000087	trials	7.0	14307.818228	14309.840606	14311.083154	14311.296834	14307.221633	14310.22425			1.0	2.0	0.0	3.0					
14315.413	20.860999999998967	trials	7.0	14332.317992	14334.220576			14331.685922	14334.214736			1.0		0.0	2.0					
14339.309	13.130000000001019	trials	7.0	14343.298507	14344.490709	14350.546071	14350.861531999999	14342.541479	14345.103285	14351.149	14352.439	1.0	1.0	1.0	1.0					
14354.498	15.980999999999767	trials	7.0	14362.705043	14364.689962	14368.524389	14368.848963999999	14361.91697	14365.235389	14369.308	14370.479	1.0	1.0	1.0	1.0					
14372.498	12.170000000000073	trials	7.0	14376.508877	14377.725489999999			14375.513045	14378.084176			2.0		1.0	1.0					
14384.8	6.054000000000087	trials	7.0	14386.79054	14387.490388			14384.680177999999	14387.482841			1.0		0.0	2.0					
14391.498	19.954999999999927	trials	7.0	14403.908906	14404.930639	14405.873956	14406.165687	14402.970038	14405.00954	14406.729	14407.568	1.0	2.0	1.0	1.0					
14411.598	5.925999999999476	trials	7.0	14413.269027999999	14414.766317			14411.465279	14415.343805			2.0		1.0	1.0					
14421.11	6.778000000000247	trials	7.0	14424.48352	14425.841711	14427.46811	14427.662091	14423.513487	14425.833185			1.0		0.0	2.0					
14431.939	12.75	trials	7.0	14441.023921	14442.188097			14440.134694	14442.51144			2.0		1.0	1.0					
14447.253	6.639999999999418	trials	7.0	14450.149744999999	14451.570577999999	14453.761655999999	14453.906409	14449.352026999999	14451.568233999998			1.0		0.0	2.0					
14457.721	6.442000000000917	trials	7.0	14459.823827	14461.614055999999	14462.5991	14462.768003	14459.000159	14462.041572999999	14463.368	14464.163	1.0	2.0	1.0	1.0					
14466.223	8.005999999999403	trials	7.0	14469.874738999999	14471.801324	14474.111203999999	14474.239216999998	14469.300685	14471.795461			1.0		0.0	2.0					
14476.848	6.716000000000349	trials	7.0	14479.324338999999	14480.832471			14478.771066	14481.200257	14483.128	14483.564	2.0		1.0	1.0					
14485.624	8.394000000000233	trials	7.0	14489.309054	14490.582097999999	14492.132785	14492.319383	14488.408503999999	14490.951803	14492.788	14494.018	1.0	2.0	1.0	1.0					
14495.849	16.78900000000067	trials	7.0	14506.584766	14508.086543			14505.657307	14508.083707			2.0		0.0	2.0					
14513.193	4.860000000000582	trials	7.0	14514.965033	14516.940932	14517.738991999999	14518.009205999999	14512.649997999999	14517.177806			1.0	2.0	0.0	3.0					
14521.078	61.92500000000109	trials	7.0	14574.889562	14576.576068999999	14582.685416	14582.982629	14574.240561999999	14577.105838			1.0	1.0	0.0	3.0					
14586.013	7.09099999999853	trials	7.0	14588.935223	14590.26181			14588.050333	14590.786868			2.0		1.0	1.0					
14596.574	10.759000000000015	trials	7.0	14600.226612999999	14601.632223999999	14604.035238999999	14604.263324	14599.493081	14601.629345			1.0		0.0	2.0					
14607.691	4.412999999998647	trials	7.0	14609.515253	14610.1125	14611.016242	14611.232025	14607.348527	14610.09963			1.0		0.0	2.0					
14614.113	6.076000000000931	trials	7.0	14617.175143	14618.927066	14619.875537	14620.193362999998	14616.267639	14619.288295999999			1.0	2.0	0.0	3.0					
14624.195	34.4380000000001	trials	7.0	14653.395155	14654.471088	14656.217578	14656.547761	14652.476419999999	14655.05682	14656.873	14658.633	1.0	1.0	1.0	1.0					
14661.658	6.790000000000873	trials	7.0	14664.570275	14665.946881			14663.572933	14666.303045			2.0		1.0	1.0					
14673.016	21.016999999999825	trials	7.0	14689.795474999999	14691.327164999999	14693.954991999999	14694.046798	14688.802402	14691.322367			1.0		0.0	2.0					
14697.393	6.579999999999927	trials	7.0	14700.020642	14701.414637			14699.126155999998	14701.747621999999			2.0		1.0	1.0					
14708.493	36.79999999999927	trials	7.0	14742.136631	14743.249287999999	14743.947381999998	14744.006578999999	14741.53588	14743.243177			1.0		0.0	2.0					
14747.303	10.155000000000655	trials	7.0	14753.600487	14755.462867	14757.212588999999	14757.397109	14752.856282	14755.455143			1.0		0.0	2.0					
14759.488	6.06000000000131	trials	7.0	14761.546391	14762.932405			14760.867788	14763.282729999999			2.0		1.0	1.0					
14768.0	13.798000000000684	trials	7.0	14772.660484	14774.152225	14780.087236	14780.354067	14772.079636999999	14774.539547	14780.899	14781.798	1.0	1.0	1.0	1.0					
14784.833	7.9099999999998545	trials	7.0	14787.025871	14788.412239	14790.966035	14791.207930999999	14786.45087	14789.969659999999	14791.703	14792.743	1.0	1.0	1.0	1.0					
14794.803	15.979999999999563	trials	7.0	14800.825292	14802.692622999999	14808.699901	14808.940347	14800.045764999999	14803.089247	14809.383	14810.783	1.0	1.0	1.0	1.0					
14813.803	12.925999999999476	trials	7.0	14820.81079	14822.668418	14824.936464999999	14825.129749	14820.026506999999	14823.030788	14825.763	14826.729	1.0	1.0	1.0	1.0					
14828.745	13.688999999998487	trials	7.0	14836.167309999999	14837.302999	14842.237867	14842.449949	14835.426304999999	14837.29162			1.0		0.0	2.0					
14843.308	9.319999999999709	trials	7.0	14847.922311999999	14849.607815	14850.63017	14850.821677	14846.943878	14849.962432	14851.528	14852.628	1.0	2.0	1.0	1.0					
14855.643	11.475000000000364	trials	7.0	14859.556547	14860.99497	14865.216788	14865.459298	14858.988656	14864.411542	14865.888	14867.118	1.0	2.0	1.0	1.0					
14871.139	10.925000000001091	trials	7.0	14876.648009	14877.822875	14879.464574	14879.582436	14875.770749	14878.470598			1.0	2.0	0.0	3.0					
14882.814	11.15899999999965	trials	7.0	14890.401235	14891.423313			14889.663874	14891.707053999999			2.0		1.0	1.0					
14896.483	8.995999999999185	trials	7.0	14901.373064	14902.64328	14903.706107	14903.873123	14900.658205	14902.916347999999	14904.386	14905.479	1.0	2.0	1.0	1.0					
14908.423	10.930999999998676	trials	7.0	14915.422816999999	14917.129004999999	14918.9414	14919.08165	14914.500023	14917.12601			1.0		0.0	2.0					
14922.203	5.15099999999984	trials	7.0	14924.561133	14926.249004	14927.049205	14927.215712	14923.765956	14926.377782			1.0	2.0	0.0	3.0					
14931.364	219.52900000000045	trials	7.0	15146.503477999999	15147.6087	15149.110333999999	15149.521313	15145.701229999999	15148.130206	15149.833	15150.893	1.0	2.0	1.0	1.0					
15154.953	5.954999999999927	trials	7.0	15156.874125999999	15158.609354			15155.100526	15158.620746999999			2.0		1.0	1.0					
15165.406	5.646999999999025	trials	7.0	15168.21307	15169.818559	15170.652224	15171.071265999999	15167.523365	15169.787053			1.0	2.0	0.0	3.0					
15172.983	78.53000000000065	trials	7.0	15248.624651	15250.000284	15251.133425	15251.53075	15247.986635	15250.373822			1.0	2.0	0.0	3.0					
15253.493	12.324999999998909	trials	7.0	15257.323639	15259.025248	15263.866016	15264.272744	15256.723922	15259.47085	15264.633	15265.818	1.0	1.0	1.0	1.0					
15267.882	9.221999999999753	trials	7.0	15272.678482	15274.426066	15275.496989	15275.741388999999	15271.963416999999	15274.759152999999	15276.208	15277.104	1.0	2.0	1.0	1.0					
15280.168	6.220000000001164	trials	7.0	15282.048841	15284.078812			15280.707394	15284.113511			2.0		1.0	1.0					
15289.893	6.440000000000509	trials	7.0	15291.750186	15293.494781	15294.732299	15294.873074	15291.018614	15293.937904999999	15295.468	15296.333	1.0	2.0	1.0	1.0					
15300.358	16.965000000000146	trials	7.0	15304.107782	15305.515512999998	15315.369001	15315.678140999999	15303.325923999999	15305.469328	15316.098	15317.323	1.0	1.0	1.0	1.0					
15320.383	6.635000000000218	trials	7.0	15324.523	15325.666107	15326.700330999998	15326.838371999998	15323.761095	15325.970175999999			1.0	2.0	0.0	3.0					
15331.074	6.693999999999505	trials	7.0	15332.857977	15334.181583999998	15335.653694999999	15335.892522999999	15331.769133	15334.616116	15336.323	15337.768	1.0	2.0	1.0	1.0					
15341.829	7.529000000000451	trials	7.0	15344.567745999999	15346.245174	15347.371732	15347.562391	15343.712205999998	15346.614652999999	15348.138	15349.358	1.0	2.0	1.0	1.0					
15352.379	11.173999999999069	trials	7.0	15359.688063999998	15360.985278999999			15358.776147999999	15361.264561999998			2.0		1.0	1.0					
15366.053	13.290000000000873	trials	7.0	15371.709006	15373.551422999999			15370.727063999999	15373.543568			2.0		0.0	2.0					
15379.608	5.959999999999127	trials	7.0	15381.414685	15382.93984	15383.862861999998	15384.095845	15379.348485999999	15383.183301	15384.693	15385.568	1.0	2.0	1.0	1.0					
15388.673	10.719999999999345	trials	7.0	15395.228732999998	15396.831046			15394.337146	15397.206525999998			2.0		1.0	1.0					
15402.918	12.485000000000582	trials	7.0	15410.938172999999	15412.825593999998			15410.2434	15413.227461999999			2.0		1.0	1.0					
15418.893	16.844999999999345	trials	7.0	15423.643144	15425.334786	15433.843792	15434.14885	15422.689946999999	15425.358741999999	15434.493	15435.738	1.0	1.0	1.0	1.0					
15438.803	7.290000000000873	trials	7.0	15443.11531	15444.835743999998	15445.765215	15446.057982999999	15442.347973	15444.856951999998			1.0	2.0	0.0	3.0					
15449.123	29.625	trials	7.0	15475.959585999999	15477.367486	15478.439647	15478.594406999999	15475.025049999998	15477.689449			1.0	2.0	0.0	3.0					
15480.758	110.72500000000036	trials	7.0	15585.634321999998	15587.218416999998	15588.444980999999	15588.887354999999	15584.918690999999	15587.680342	15589.128	15591.483	1.0	1.0	1.0	1.0					
15594.503	9.659999999999854	trials	7.0	15599.214595	15601.000821999998	15601.773798999999	15602.213952999999	15598.421217	15600.942007	15602.443	15604.163	1.0	1.0	1.0	1.0					
15608.253	15.685999999999694	trials	7.0	15618.705435999998	15619.914434999999	15621.824056	15622.226628999999	15617.783892	15620.567743			1.0	2.0	0.0	3.0					
15624.159	8.16400000000067	trials	7.0	15628.380963999998	15629.497662999998	15630.747367999998	15630.866381999998	15627.711221999998	15629.928651999999	15631.488	15632.323	1.0	2.0	1.0	1.0					
15634.382	12.971999999999753	trials	7.0	15637.741409999999	15639.121989	15645.298377	15645.690080999999	15637.054925999999	15644.312026	15646.048	15647.354	1.0	1.0	1.0	1.0					
15649.419	8.520000000000437	trials	7.0	15654.314305	15655.877519			15653.721695999999	15655.864362999999			1.0		0.0	2.0					
15661.948	18.039999999999054	trials	7.0	15676.045091999998	15677.148527	15678.227146	15678.556752999999	15675.354038	15677.549485	15678.933	15679.988	1.0	2.0	1.0	1.0					
15684.028	5.219999999999345	trials	7.0	15685.866203999998	15687.101588999998	15688.941861	15689.103786999998	15685.068297	15687.560629999998			1.0	2.0	0.0	3.0					
15693.303	15.670000000000073	trials	7.0	15704.889759	15706.650504			15704.153337999998	15706.716985			2.0		1.0	1.0					
15711.483	8.916999999999462	trials	7.0	15716.617086999999	15718.352219999999			15715.950402999999	15718.346178999998			1.0		0.0	2.0					
15722.413	12.090000000000146	trials	7.0	15730.025384999999	15731.945550999999			15729.060166	15732.376293			2.0		1.0	1.0					
15738.047	10.790999999999258	trials	7.0	15743.260621	15745.068087	15748.651864	15748.844943999999	15742.741519	15745.050975999999			1.0		0.0	2.0					
15749.075	8.798999999999069	trials	7.0	15753.915606999999	15755.670263999998	15757.490821	15757.885350999999	15753.333513	15756.784333999998			1.0	2.0	0.0	3.0					
15759.803	1010.375	trials	7.0	16765.667000999998	16767.027061999997	16768.590732999997	16768.920252	16765.014057	16767.759018	16769.229	16770.178	1.0	2.0	1.0	1.0					
16773.2	42.552999999999884	trials	7.0	16812.390613	16814.147063	16815.383716	16815.76732	16811.496111	16814.659724999998			1.0	2.0	0.0	3.0					
16819.693	8.815000000002328	trials	7.0	16822.82188	16824.234413	16825.982969999997	16826.228185	16822.091784	16824.620919999998			1.0	2.0	0.0	3.0					
16829.298	18.510000000002037	trials	7.0	16844.521188	16845.753435			16843.961805	16845.749820999998			2.0		0.0	2.0					
16849.864	21.013999999999214	trials	7.0	16865.602598999998	16866.945126	16869.040506999998	16869.319711	16864.848065	16867.211382999998	16857.413	16870.878	1.0	2.0	1.0	1.0					
16874.898	7.039999999997235	trials	7.0	16879.221351	16880.631493	16881.591987	16881.719709999998	16878.637516	16880.884959			1.0	2.0	0.0	3.0					
16884.905	41.26800000000003	trials	7.0	16922.990778	16924.183498			16922.445938999997	16924.172488			1.0		0.0	2.0					
16930.203	48.654999999998836	trials	7.0	16974.667798	16976.023254	16977.150208	16977.480226	16974.02062	16976.483232	16977.958	16978.858	1.0	2.0	1.0	1.0					
16981.908	8.630000000001019	trials	7.0	16987.026681	16989.038104	16990.131811	16990.55427	16986.096112	16989.448485			1.0	2.0	0.0	3.0					
16993.448	8.014999999999418	trials	7.0	16998.092542	16999.594747	17001.159573999998	17001.443589	16997.1996	17000.028879999998			1.0	2.0	0.0	3.0					
17003.473	39.36999999999898	trials	7.0	17031.317025	17032.454276999997	17040.83875	17041.114986	17030.480776	17033.964009	17041.524	17042.843	1.0	1.0	1.0	1.0					
17045.94	11.768000000000029	trials	7.0	17050.293470999997	17052.045189	17055.850071999997	17056.100227	17049.428233	17052.448850999997	17056.553	17057.708	1.0	1.0	1.0	1.0					
17061.748	208.60599999999977	trials	7.0	17266.907897999998	17268.510088	17270.050005999998	17270.146151999998	17266.387777	17269.026925			1.0	2.0	0.0	3.0					
17272.363	13.83599999999933	trials	7.0	17282.162979999997	17283.387637			17281.273310999997	17283.995617			2.0		1.0	1.0					
17290.733	13.895000000000437	trials	7.0	17297.352942999998	17298.739428999997	17302.54984	17302.646137	17296.720792	17300.773416	17303.243	17304.628	1.0	1.0	1.0	1.0					
17306.651	13.106999999999971	trials	7.0	17315.928514	17317.259880999998			17315.14734	17317.519527999997			2.0		1.0	1.0					
17322.288	19.959999999999127	trials	7.0	17335.303380999998	17336.5108			17334.306877	17336.507387999998			2.0		0.0	2.0					
17342.558	12.0099999999984	trials	7.0	17349.863083	17351.409949	17352.680711999998	17352.928883	17348.954133	17351.945789999998	17353.428	17354.568	1.0	2.0	1.0	1.0					
17358.64	7.988000000001193	trials	7.0	17360.528825999998	17361.690928	17364.410429	17364.723668	17358.731456999998	17362.640351	17365.173	17366.628	1.0	1.0	1.0	1.0					
17370.687	9.130999999997584	trials	7.0	17374.768980999997	17375.932641	17377.923709	17378.145449	17373.787098999997	17376.248386	17378.843	17379.818	1.0	1.0	1.0	1.0					
17382.874	8.81499999999869	trials	7.0	17387.783362	17388.895441			17386.800177999998	17389.463110999997			2.0		1.0	1.0					
17394.259	19.158000000003085	trials	7.0	17400.113629	17401.47061	17411.092435	17411.330759999997	17399.455533	17402.149917	17411.733	17413.417	1.0	1.0	1.0	1.0					
17415.074	17.679000000000087	trials	7.0	17419.889157999998	17421.529347	17430.462259	17430.658572	17419.271446	17421.983082	17431.118	17432.753	1.0	1.0	1.0	1.0					
17434.858	8.854999999999563	trials	7.0	17439.125191	17440.310505999998	17441.854983999998	17442.074309	17438.181074	17440.606227	17442.649	17443.713	1.0	1.0	1.0	1.0					
17446.733	8.325000000000728	trials	7.0	17451.109146	17452.508863			17450.348266	17452.853692999997			2.0		1.0	1.0					
17457.604	7.10399999999936	trials	7.0	17461.283768999998	17462.71633			17460.599347	17462.706895			1.0		0.0	2.0					
17467.733	27.224999999998545	trials	7.0	17490.394665	17491.462549	17493.047173	17493.433164	17489.750988	17491.827642	17493.858	17494.958	1.0	2.0	1.0	1.0					
17498.983	5.229999999999563	trials	7.0	17500.509974	17502.160827			17499.324591	17502.157051			1.0		0.0	2.0					
17507.266	11.297999999998865	trials	7.0	17514.149025	17516.011373999998			17513.356959999997	17516.362074			2.0		1.0	1.0					
17522.114	5.173999999999069	trials	7.0	17524.139681	17525.231461			17522.328675999997	17525.225201999998			1.0		0.0	2.0					
17530.293	7.119999999998981	trials	7.0	17532.295119	17534.311158999997	17535.427368	17535.676588	17531.719085999997	17534.705934999998	17536.198	17537.413	1.0	2.0	1.0	1.0					
17540.298	8.62000000000262	trials	7.0	17544.244158999998	17545.350038	17546.895813	17547.172231	17543.713873	17545.919836	17547.568	17548.918	1.0	2.0	1.0	1.0					
17550.952	15.440999999998894	trials	7.0	17559.017493	17560.758616	17564.49655	17564.726359	17558.2831	17560.742223999998			1.0		0.0	2.0					
17566.758	5.253999999997177	trials	7.0	17568.724533	17570.023353	17570.838970999997	17571.168277999997	17566.41292	17570.011774			1.0		0.0	2.0					
17576.028	4.708000000002357	trials	7.0	17577.816321	17579.382433	17580.386005	17580.756482999997	17576.951731	17579.710504			1.0	2.0	0.0	3.0					
17583.649	9.875	trials	7.0	17590.979943	17592.31572	17593.218699999998	17593.384557999998	17590.127699	17592.565066			1.0	2.0	0.0	3.0					
17596.533	7.299999999999272	trials	7.0	17599.63987	17600.901597	17602.111731999998	17602.386838	17598.638715999998	17601.37198	17602.814	17603.833	1.0	2.0	1.0	1.0					
17605.878	8.524999999997817	trials	7.0	17609.559945999998	17611.415617	17612.54983	17612.772746	17608.722694	17611.786731	17613.223	17614.403	1.0	2.0	1.0	1.0					
17618.468	8.760999999998603	trials	7.0	17623.63981	17625.191973999998	17626.441767	17626.557072	17622.782678	17625.187639			1.0		0.0	2.0					
17629.248	11.705000000001746	trials	7.0	17637.711561	17639.766261999997	17640.637800999997	17640.861456	17637.014943	17640.024831			1.0	2.0	0.0	3.0					
17642.958	13.066000000002532	trials	7.0	17651.990018999997	17653.472089			17651.024284	17653.839948999997			2.0		1.0	1.0					
17659.564	7.409000000003289	trials	7.0	17662.950114	17664.42337			17661.956328	17664.800239			2.0		1.0	1.0					
17669.488	14.62999999999738	trials	7.0	17675.376674	17676.823992999998	17682.036475	17682.280118	17674.797402	17677.252075	17682.738	17684.118	1.0	1.0	1.0	1.0					
17686.183	10.854999999999563	trials	7.0	17690.855292	17692.43842	17695.15911	17695.329589	17690.278167999997	17693.118454	17695.854	17697.038	1.0	1.0	1.0	1.0					
17700.108	7.395000000000437	trials	7.0	17705.110603	17705.517663			17704.215951	17705.509197			1.0		0.0	2.0					
17711.554	7.973999999998341	trials	7.0	17716.770586	17718.401991	17719.233486999998	17719.386001	17715.950836	17718.634519			1.0	2.0	0.0	3.0					
17723.533	19.0	trials	7.0	17738.257422	17740.236743999998			17737.686675999998	17740.44448			2.0		1.0	1.0					
17745.114	5.903999999998632	trials	7.0	17747.130842	17748.411784			17746.424326	17748.871696			2.0		1.0	1.0					
17753.518	8.506000000001222	trials	7.0	17757.970533	17759.476488			17757.029465	17759.821569			2.0		1.0	1.0					
17764.484	8.91899999999805	trials	7.0	17770.035065	17771.362405			17769.229069	17771.356706			1.0		0.0	2.0					
17776.411	10.141999999999825	trials	7.0	17783.260714	17784.504657999998	17785.510765	17785.659648	17782.526962	17784.493253			1.0		0.0	2.0					
17790.559	5.433999999997468	trials	7.0	17792.240791	17793.933375	17795.291472999997	17795.663586	17790.900739999997	17793.919893			1.0		0.0	2.0					
17800.0	12.149000000001251	trials	7.0	17808.275947	17809.533115	17810.501124	17810.709663999998	17807.598541	17809.82005	17811.268	17812.149	1.0	2.0	1.0	1.0					
17814.208	7.610000000000582	trials	7.0	17816.810858999997	17818.095075999998	17819.727116	17819.96515	17815.963929999998	17818.736005	17820.328	17821.818	1.0	2.0	1.0	1.0					
17825.403	8.795000000001892	trials	7.0	17830.370313	17832.209359	17833.916333	17834.104389	17829.474693	17832.199443999998			1.0		0.0	2.0					
17837.252	6.201000000000931	trials	7.0	17839.462159	17840.911442			17838.80758	17841.172956			2.0		1.0	1.0					
17846.074	6.1270000000004075	trials	7.0	17849.151074999998	17850.81277	17851.879659	17852.218182999997	17848.184755	17851.211456999998			1.0	2.0	0.0	3.0					
17855.203	15.159999999999854	trials	7.0	17858.485714	17859.845638	17868.337248	17868.558589	17857.793137	17860.399233	17869.178	17870.363	1.0	1.0	1.0	1.0					
17872.383	7.239999999997963	trials	7.0	17874.82618	17876.463426	17879.206196	17879.642266	17873.934631	17877.674395			1.0	2.0	0.0	3.0					
17881.473	12.944999999999709	trials	7.0	17891.681469	17892.777669	17894.116074999998	17894.37664	17890.781467	17893.467727			1.0	2.0	0.0	3.0					
17896.423	110.71000000000276	trials	7.0	18004.201642	18005.145189	18006.23907	18006.63414	18003.253015	18005.138322			1.0		0.0	2.0					
18009.194	10.259000000001834	trials	7.0	18015.097164	18016.911816	18017.742524999998	18017.976737999998	18014.495441	18016.858543	18018.573	18019.453	1.0	2.0	1.0	1.0					
18023.563	5.166000000001077	trials	7.0	18025.843258	18027.035142	18028.415775999998	18028.752270999998	18024.879919	18027.479332			1.0	2.0	0.0	3.0					
18031.758	22.864999999997963	trials	7.0	18046.156554999998	18048.054068999998			18045.441408	18048.400802			2.0		1.0	1.0					
18055.198	4.139999999999418	trials	7.0	18057.097212	18057.349194	18058.998894	18059.315683	18054.643975	18057.345995			1.0		0.0	2.0					
18062.391	7.50800000000163	trials	7.0	18066.661755	18068.653674999998	18069.550252	18069.908625	18065.843139	18068.948883999998			1.0	2.0	0.0	3.0					
18072.893	66.77000000000044	trials	7.0	18134.852602	18136.433781	18138.002821	18138.266329	18133.90293	18136.870518	18138.633	18139.663	1.0	2.0	1.0	1.0					
18142.768	38.19499999999971	trials	7.0	18176.277703	18177.389755	18179.118318999997	18179.475768	18175.425726999998	18177.951732999998	18179.854	18180.963	1.0	2.0	1.0	1.0					
18182.983	17.93999999999869	trials	7.0	18195.792685	18197.753548	18199.093118999997	18199.413939	18194.915723	18198.145121999998	18199.878	18200.923	1.0	2.0	1.0	1.0					
18203.991	13.121999999999389	trials	7.0	18211.542645999998	18213.544241	18214.785380999998	18215.006644	18210.851892	18214.063296	18215.568	18217.113	1.0	2.0	1.0	1.0					
18218.643	14.404999999998836	trials	7.0	18228.853864999997	18230.554704			18227.863971	18230.853664			2.0		1.0	1.0					
18237.573	8.604999999999563	trials	7.0	18239.589783	18240.293697999998	18245.769817	18246.200392	18237.9526	18240.285455999998			1.0		0.0	2.0					
18246.41	10.878000000000611	trials	7.0	18252.533253999998	18254.213032	18255.249024999997	18255.470817999998	18251.830168	18254.564427999998	18255.888	18257.288	1.0	2.0	1.0	1.0					
18259.308	9.569999999999709	trials	7.0	18264.593173999998	18266.329814999997			18263.850175	18266.601691			2.0		1.0	1.0					
18272.418	5.294999999998254	trials	7.0	18274.714541999998	18275.729841	18277.360543	18277.582111	18273.802337	18275.720608			1.0		0.0	2.0					
18280.723	65.79499999999825	trials	7.0	18343.058385999997	18344.480183	18345.937353999998	18346.541999999998	18342.107103	18344.796873			1.0	2.0	0.0	3.0					
18350.283	55.36999999999898	trials	7.0	18396.908906	18398.927967			18396.14157	18399.087504			2.0		1.0	1.0					
18405.708	6.545000000001892	trials	7.0	18407.673	18409.559008	18410.514882	18410.79728	18405.659967	18409.646346	18411.248	18412.253	1.0	2.0	1.0	1.0					
18416.274	7.443999999999505	trials	7.0	18419.911017	18421.144259			18419.227944	18421.479953			2.0		1.0	1.0					
18428.285	5.378000000000611	trials	7.0	18430.033595	18431.654732	18432.956377	18433.177800999998	18428.438661	18431.649691			1.0		0.0	2.0					
18437.718	21.950000000000728	trials	7.0	18454.192382	18456.161487	18457.620492	18457.829493	18453.195713	18456.1513			1.0		0.0	2.0					
18460.275	4.802999999999884	trials	7.0	18461.843357	18463.076607			18459.674106	18463.067154			2.0		0.0	2.0					
18467.128	5.825000000000728	trials	7.0	18468.708371	18470.693918			18467.397645	18470.942729			2.0		1.0	1.0					
18475.468	7.229999999999563	trials	7.0	18479.682758	18481.274463	18482.377865	18482.612173999998	18478.998569	18481.640178			1.0	2.0	0.0	3.0					
18484.708	54.25	trials	7.0	18535.5233	18536.95667	18537.646874	18537.780606	18534.702843	18536.938427			1.0		0.0	2.0					
18541.968	7.299999999999272	trials	7.0	18545.253866	18546.700732			18544.565079	18547.044951			2.0		1.0	1.0					
18551.844	8.028999999998632	trials	7.0	18555.793504	18557.615644999998			18555.129969	18557.732537			2.0		1.0	1.0					
18563.479	10.744000000002416	trials	7.0	18570.443483	18571.840254	18573.961853	18574.229756	18569.655615	18571.830582			1.0		0.0	2.0					
18575.848	10.404999999998836	trials	7.0	18581.623998	18583.610345	18584.477054	18584.715963	18580.919741	18583.930485	18585.238	18586.253	1.0	2.0	1.0	1.0					
18590.293	8.480999999999767	trials	7.0	18594.785522	18596.051289	18597.04232	18597.224519	18593.990468	18596.31186	18597.733	18598.774	1.0	2.0	1.0	1.0					
18601.849	10.837000000003172	trials	7.0	18608.615756	18609.86703			18608.080708	18610.471023			2.0		1.0	1.0					
18617.218	7.832999999998719	trials	7.0	18621.575574	18623.045595			18620.685303	18623.036604			1.0		0.0	2.0					
18627.077	6.9869999999973516	trials	7.0	18631.002867	18632.620845	18633.596823	18634.067976	18630.098717	18633.034002			1.0	2.0	0.0	3.0					
18637.923	89.56500000000233	trials	7.0	18721.669902	18723.560757	18725.740941	18725.835705	18720.934878	18723.921059	18726.488	18727.488	1.0	2.0	1.0	1.0					
18730.548	8.715000000000146	trials	7.0	18735.054531	18737.006197			18734.212463	18737.191482			2.0		1.0	1.0					
18742.833	11.030000000002474	trials	7.0	18747.700659	18749.15502	18751.776626	18752.007969	18747.039123	18749.569862	18752.573	18753.863	1.0	1.0	1.0	1.0					
18755.779	8.889000000002852	trials	7.0	18761.460267	18763.186212	18764.283801999998	18764.375532	18760.678402999998	18763.484303			1.0	2.0	0.0	3.0					
18768.628	8.364999999997963	trials	7.0	18772.740819	18773.83751	18775.075894999998	18775.279628	18771.846939	18774.377439	18775.814	18776.993	1.0	2.0	1.0	1.0					
18779.883	10.659999999999854	trials	7.0	18784.544894	18785.898659	18787.384385	18787.650129	18783.613667	18786.465219			1.0	2.0	0.0	3.0					
18790.747	5.710999999999331	trials	7.0	18792.460335	18793.805331	18796.12941	18796.293471	18791.528684	18794.721096			1.0	2.0	0.0	3.0					
18799.468	93.27000000000044	trials	7.0	18888.125586	18889.456074	18890.82252	18891.150279	18887.170183	18889.914553	18891.448	18892.738	1.0	2.0	1.0	1.0					
18895.806	7.691999999999098	trials	7.0	18898.000265	18899.467241	18901.006484	18901.400216	18897.159887	18900.03179	18901.79	18903.498	1.0	1.0	1.0	1.0					
18907.514	29.97899999999936	trials	7.0	18932.150346	18934.181999	18935.002433	18935.381597	18931.636827	18934.1612	18935.888	18937.493	1.0	2.0	1.0	1.0					
18941.329	7.193999999999505	trials	7.0	18945.315487	18946.361688	18948.059375	18948.355904	18944.553812	18946.887075			1.0	2.0	0.0	3.0					
18950.414	6.496999999999389	trials	7.0	18952.275599	18953.562012	18956.537505	18956.912855	18951.607767	18954.663105			1.0	1.0	0.0	3.0					
18958.893	10.099999999998545	trials	7.0	18965.885421	18967.837496	18968.67985	18968.988948	18964.986071	18968.13234			1.0	2.0	0.0	3.0					
18971.013	13.540000000000873	trials	7.0	18981.566931	18982.910975	18984.18897	18984.564206	18980.613402	18983.494236			1.0	1.0	0.0	3.0					
18987.473	9.07499999999709	trials	7.0	18993.310514	18994.552288	18995.862416	18996.15498	18992.448083	18994.542999			1.0		0.0	2.0					
18999.607	8.84100000000035	trials	7.0	19004.341223	19005.525933	19006.508923	19006.791608	19003.426403	19005.91499	19007.268	19008.448	1.0	2.0	1.0	1.0					
19011.469	10.969999999997526	trials	7.0	19018.140485	19019.567436	19020.696921	19020.964587	19017.145524	19019.893985	19021.498	19022.439	1.0	2.0	1.0	1.0					
19026.488	8.914999999997235	trials	7.0	19029.805581	19031.652717	19033.273008	19033.49969	19029.038301	19032.424389	19033.979	19035.403	1.0	1.0	1.0	1.0					
19037.275	9.233000000000175	trials	7.0	19042.334012	19043.93746			19041.555297	19044.217215			2.0		1.0	1.0					
19050.02	7.643000000000029	trials	7.0	19052.900399	19054.179718	19055.156343	19055.400543	19052.349301	19054.306131			1.0	2.0	0.0	3.0					
19058.498	13.180000000000291	trials	7.0	19069.235811	19070.409305	19071.357894	19071.564797	19068.541655	19070.712614			1.0	2.0	0.0	3.0					
19074.728	22.80500000000029	trials	7.0	19093.703001	19095.518904	19097.229433	19097.526448	19093.030228	19095.993384			1.0	2.0	0.0	3.0					
19101.553	7.246999999999389	trials	7.0	19103.867443	19105.907949	19106.927958	19107.160154	19103.305627	19106.231243	19107.643	19108.8	1.0	2.0	1.0	1.0					
19112.73	6.32300000000032	trials	7.0	19114.446123	19115.768192	19116.953579	19117.239545	19113.354494	19116.197222	19117.604	19119.053	1.0	1.0	1.0	1.0					
19121.114	11.088999999999942	trials	7.0	19127.09636	19128.609894	19130.019111	19130.143125	19126.130747	19129.179945	19130.743	19132.203	1.0	1.0	1.0	1.0					
19136.261	9.093000000000757	trials	7.0	19141.167159	19142.741855			19140.320725999998	19143.157255			2.0		1.0	1.0					
19149.803	11.014999999999418	trials	7.0	19155.166557	19157.213373	19158.765057	19159.026168	19154.603883	19157.752343	19159.503	19160.818	1.0	1.0	1.0	1.0					
19164.838	9.424999999999272	trials	7.0	19170.502113	19171.753668			19169.872272	19172.121252			2.0		1.0	1.0					
19177.784	6.939000000002125	trials	7.0	19181.226823	19182.720198	19184.081967	19184.27237	19180.308179	19182.714789			1.0		0.0	2.0					
19186.733	14.193999999999505	trials	7.0	19197.101303	19198.668691			19196.162749	19198.904679	19200.628	19200.927	2.0		1.0	1.0					
19205.476	6.3620000000009895	trials	7.0	19207.151741	19208.508477	19209.63012	19209.907844	19206.310188	19208.749407	19210.354	19211.838	1.0	2.0	1.0	1.0					
19213.909	11.199000000000524	trials	7.0	19221.587156999998	19223.632755	19224.795161	19224.93446	19221.025325	19223.962507			1.0	2.0	0.0	3.0					
19227.163	22.986000000000786	trials	7.0	19246.46832	19248.104124	19249.057088999998	19249.202914	19245.85001	19248.093932			1.0		0.0	2.0					
19253.249	9.390999999999622	trials	7.0	19257.551838	19259.488277	19260.983675	19261.213052	19257.040704	19259.931354	19261.774	19262.64	1.0	2.0	1.0	1.0					
19264.741	6.786999999996624	trials	7.0	19267.413456	19268.978333			19266.794171999998	19269.273009			2.0		1.0	1.0					
19276.064	30.52900000000227	trials	7.0	19303.288615999998	19305.16536	19306.26842	19306.598837	19302.674358	19305.507095			1.0	2.0	0.0	3.0					
19308.604	6.244000000002416	trials	7.0	19310.936909	19312.343994			19310.394222	19312.834039			2.0		1.0	1.0					
19318.403	9.09100000000035	trials	7.0	19322.312595	19323.763972	19325.614702	19325.856735	19321.364912	19324.14084	19326.403	19327.494	1.0	2.0	1.0	1.0					
19329.558	12.292999999997846	trials	7.0	19336.652346	19338.031464	19339.777718	19340.062979	19336.118594	19338.74999	19340.498	19341.851	1.0	1.0	1.0	1.0					
19345.87	11.138000000002648	trials	7.0	19353.947021	19355.000122999998			19353.080225	19354.989118			1.0		0.0	2.0					
19360.018	10.700000000000728	trials	7.0	19365.57212	19366.863734	19368.350162	19368.613989	19364.884448	19367.542427	19369.043	19370.718	1.0	1.0	1.0	1.0					
19374.783	5.091000000000349	trials	7.0	19377.119415	19377.875193			19376.300727	19377.867789			1.0		0.0	2.0					
19383.931	16.843000000000757	trials	7.0	19397.26799	19399.269256	19400.344826	19400.786828	19396.608465	19399.643379			1.0	2.0	0.0	3.0					
19403.663	16.290000000000873	trials	7.0	19415.538897	19417.19925			19415.01645	19417.829166			2.0		1.0	1.0					
19422.524	10.763999999999214	trials	7.0	19429.272896	19430.978064	19432.228362	19432.451592	19428.407781	19431.355751			1.0	1.0	1.0	1.0					
19436.854	13.234000000000378	trials	7.0	19445.257988	19447.168011	19448.273727	19448.504942	19444.748535	19447.571201	19449.024	19450.088	1.0	1.0	1.0	1.0					
19452.149	8.484000000000378	trials	7.0	19456.664184	19457.864161999998			19455.821678	19458.172754	19460.189	19460.633	2.0		1.0	1.0					
19464.703	8.409999999999854	trials	7.0	19468.62417	19469.835107	19471.398302	19471.522857	19467.782963	19470.333194	19472.058	19473.113	1.0	2.0	1.0	1.0					
19475.174	11.759000000001834	trials	7.0	19484.183538	19485.365193	19486.627104	19486.868448	19483.403408	19485.73559			1.0	2.0	0.0	3.0					
19489.98	7.773000000001048	trials	7.0	19493.612549999998	19494.666288			19492.980795	19495.550384			2.0		1.0	1.0					
19500.303	8.330000000001746	trials	7.0	19504.438016	19505.979507			19503.715582	19506.224798	19508.433	19508.633	2.0		1.0	1.0					
19512.703	6.719999999997526	trials	7.0	19515.943394	19517.109735	19518.368985	19518.521613	19515.273095	19517.437293			1.0	2.0	1.0	1.0					
19523.048	13.585000000002765	trials	7.0	19531.478313	19533.395273	19534.582365	19534.790556	19530.637404	19533.863452	19535.298	19536.633	1.0	1.0	1.0	1.0					
19540.503	6.757999999997992	trials	7.0	19542.464111	19543.740375	19545.026805	19545.42896	19541.128866	19544.19326	19545.848	19547.261	1.0	1.0	1.0	1.0					
19549.278	20.19000000000233	trials	7.0	19566.157883	19567.476612	19568.325618	19568.594156	19565.177582	19567.465533			1.0		0.0	2.0					
19572.488	5.774999999997817	trials	7.0	19575.108311	19576.265625			19573.02896	19576.260899			1.0		0.0	2.0					
19580.273	5.834999999999127	trials	7.0	19581.959256	19583.054084	19584.204485	19584.50745	19580.879801	19583.39372	19584.943	19586.108	1.0	2.0	1.0	1.0					
19589.216	5.345000000001164	trials	7.0	19591.323382	19593.070434	19594.198349	19594.518051	19590.41961	19593.497402			1.0	2.0	0.0	3.0					
19596.568	11.760000000002037	trials	7.0	19600.573743	19602.485046	19606.535475	19606.804175	19599.593082	19602.613413	19607.158	19608.328	1.0	1.0	1.0	1.0					
19611.348	5.554999999996653	trials	7.0	19613.258705	19614.560579			19611.891468	19614.61233			2.0		1.0	1.0					
19621.363	7.525999999998021	trials	7.0	19626.228941	19627.682949	19628.585902	19628.830703	19625.273117	19627.886841			1.0	2.0	0.0	3.0					
19631.951	8.787000000000262	trials	7.0	19636.473897	19637.620874	19638.89976	19639.023861	19635.521718	19638.0609	19639.743	19640.738	1.0	2.0	1.0	1.0					
19642.803	23.56999999999971	trials	7.0	19662.349363	19664.124023			19661.72744	19664.208452			2.0		1.0	1.0					
19670.954	9.791999999997643	trials	7.0	19675.653929	19677.276839	19680.584871	19680.760929	19674.956648	19677.262079			1.0		0.0	2.0					
19683.29	8.586999999999534	trials	7.0	19688.064195	19689.235496			19687.424316	19689.559041			2.0		1.0	1.0					
19694.323	5.286000000000058	trials	7.0	19697.424655	19697.556299			19696.895442	19697.553432			1.0		0.0	2.0					
