onset	duration	nwb_table	block	tone_on_time	tone_off_time	action_on_time	action_off_time	pokeC_on_time	pokeC_off_time	reward_on_time	reward_off_time	state	action	reward	result	FinishedBlock	FirstTrial	LastTrial	RewardRule_L	RewardRule_R
3.205	1084.092	BlockDesign														1.0	1.0	66.0	50.0	90.0
3.205	34.686	trials	1.0	33.013366999999995	34.325126999999995	36.342032999999994	36.560697	32.361	35.749984	37.071	37.891	1.0	2.0	1.0	1.0					
41.923	8.772999999999996	trials	1.0	45.973558	47.440211999999995	48.887699999999995	49.17471999999999	45.06546399999999	48.035917999999995	49.601	50.696	1.0	2.0	1.0	1.0					
52.541	14.52000000000001	trials	1.0	62.65827	64.16037	65.248983	65.590543	61.856994	64.788105	65.931	67.061	1.0	1.0	1.0	1.0					
71.091	5.715000000000003	trials	1.0	73.613244	75.039555	76.466946	76.729287	72.910917	75.996708			1.0	1.0	0.0	3.0					
80.816	16.569999999999993	trials	1.0	93.425163	94.863771			92.56781799999999	95.21718			2.0		1.0	1.0					
99.906	6.864999999999995	trials	1.0	102.033361	103.660023	105.243624	105.558717	101.3694	104.550366	105.911	106.771	1.0	2.0	1.0	1.0					
109.837	6.853999999999999	trials	1.0	111.943653	113.093245	114.93292299999999	115.16922699999999	111.20684399999999	114.37475099999999	115.596	116.691	1.0	2.0	1.0	1.0					
118.526	9.649999999999991	trials	1.0	122.82852299999999	124.640923	125.69152199999999	126.24574899999999	122.106607	125.214552			1.0	1.0	0.0	3.0					
129.083	11.703000000000003	trials	1.0	137.644137	139.580209	140.463829	140.712814	137.026593	139.98972			1.0	1.0	0.0	3.0					
144.797	26.23400000000001	trials	1.0	166.074312	167.365327	169.548552	169.753729	165.564898	169.06069499999998	170.291	171.031	1.0	2.0	1.0	1.0					
173.051	7.969999999999999	trials	1.0	176.583585	178.110615	179.373582	179.657556	175.744936	178.906907	180.056	181.021	1.0	1.0	1.0	1.0					
184.091	9.419999999999987	trials	1.0	188.704107	190.64810699999998	191.909824	192.15828	187.930036	191.240149	192.726	193.511	1.0	2.0	1.0	1.0					
196.541	13.455000000000013	trials	1.0	206.380689	207.93139			205.507772	207.927523			2.0		0.0	2.0					
212.006	4.8300000000000125	trials	1.0	213.594682	215.502965	216.455604	216.709798	212.222815	215.980179			1.0	1.0	0.0	3.0					
219.892	37.95400000000001	trials	1.0	253.819513	254.97956100000002	256.120279	256.47526500000004	253.000203	255.539323	256.871	257.846	1.0	2.0	1.0	1.0					
259.896	6.680000000000007	trials	1.0	262.559702	264.45174699999995	264.992248	265.269853	261.77532199999996	264.432462	265.631	266.576	1.0	2.0	1.0	1.0					
268.592	7.2450000000000045	trials	1.0	271.328944	272.540787	274.363165	274.547875	270.68659	273.869139	274.981	275.837	1.0	2.0	1.0	1.0					
278.866	9.444999999999993	trials	1.0	283.41946799999994	284.623911	286.292289	286.900706	282.810787	285.75209700000005			2.0		0.0	4.0					
290.321	13.759999999999991	trials	1.0	299.45410200000003	300.542511	302.519986	302.736349	298.86522	302.03482599999995	303.276	304.081	1.0	2.0	1.0	1.0					
308.123	7.418000000000006	trials	1.0	310.59817999999996	312.31140400000004	313.472536	313.82949499999995	309.648638	312.92856299999994	314.087	315.541	1.0	1.0	1.0	1.0					
319.597	7.1340000000000146	trials	1.0	322.47003700000005	324.15270399999997			321.47682399999997	324.55899999999997			2.0		1.0	1.0					
329.226	7.0	trials	1.0	331.840966	333.44644800000003	334.530262	334.866127	330.93748500000004	333.96624299999996	335.212	336.226	1.0	1.0	1.0	1.0					
339.243	7.523000000000025	trials	1.0	342.41949999999997	343.490809	344.957635	345.18914700000005	341.432902	344.43358	345.701	346.766	1.0	1.0	1.0	1.0					
350.791	8.475000000000023	trials	1.0	353.885441	355.14768100000003			353.29158599999994	355.132666			2.0		0.0	2.0					
361.158	25.88299999999998	trials	1.0	383.484961	384.94877299999996	386.76505199999997	387.028906	382.660393	386.15772400000003			1.0	2.0	0.0	3.0					
390.096	46.01999999999998	trials	1.0	430.835095	432.340097	434.035306	434.29787999999996	430.01682300000004	433.486362			2.0		0.0	4.0					
438.131	10.880000000000052	trials	1.0	445.16478099999995	446.98543900000004	448.66209000000003	449.012743	444.301332	448.25595999999996			1.0	1.0	0.0	3.0					
450.991	24.245000000000005	trials	1.0	470.59587	472.23872099999994	474.143875	474.50551799999994	469.85376899999994	473.64115300000003			1.0	1.0	0.0	3.0					
476.471	25.670999999999992	trials	1.0	497.37052500000004	498.45103299999994	501.80599499999994	502.09977000000003	496.654982	501.404305			1.0	1.0	0.0	3.0					
506.152	17.878999999999962	trials	1.0	518.136127	519.892696	522.481966	522.8778140000001	517.360236	521.94185	523.271	524.031	1.0	2.0	1.0	1.0					
527.051	5.737999999999943	trials	1.0	529.190587	531.187986	532.420849	532.7053940000001	528.303952	531.893901			1.0	1.0	0.0	3.0					
534.846	25.537000000000035	trials	1.0	551.9272930000001	553.74742			550.99699	554.167636			2.0		1.0	1.0					
560.832	5.619000000000028	trials	1.0	562.596768	563.875795			560.383264	564.311821			2.0		1.0	1.0					
569.901	10.215000000000032	trials	1.0	574.7504680000001	576.4648510000001	578.207384	578.482711	574.164301	577.6750900000001	578.941	580.116	1.0	1.0	1.0	1.0					
582.146	20.18500000000006	trials	1.0	596.250936	597.377656	600.316693	600.577006	595.400023	599.5837300000001			2.0		0.0	4.0					
605.341	20.269999999999982	trials	1.0	619.786018	621.572674	623.904397	624.340816	619.006492	623.4507580000001	624.591	625.611	1.0	1.0	1.0	1.0					
629.721	7.956999999999994	trials	1.0	633.496338	635.11369			632.6038540000001	635.559596			2.0		1.0	1.0					
641.186	5.940999999999917	trials	1.0	643.026154	644.4382350000001	645.304961	645.582268	641.855145	644.837383	646.161	647.127	1.0	1.0	1.0	1.0					
651.151	7.134999999999991	trials	1.0	652.901835	654.853432	656.220765	656.629267	651.608347	655.70473			2.0		0.0	4.0					
662.297	9.733999999999924	trials	1.0	665.718025	667.318561	669.951901	670.251511	665.105281	669.448392	670.736	672.031	1.0	2.0	1.0	1.0					
675.911	6.480000000000018	trials	1.0	677.420839	679.157838	680.8653820000001	681.077812	676.6972450000001	680.431599	681.666	682.391	1.0	1.0	1.0	1.0					
685.491	9.274999999999977	trials	1.0	691.656548	693.524479	694.445865	694.683684	690.905658	693.9829090000001			1.0	1.0	0.0	3.0					
697.777	46.63900000000001	trials	1.0	738.972292	740.0745440000001	742.945156	743.271792	738.0114060000001	742.474473	743.596	744.416	1.0	2.0	1.0	1.0					
748.441	6.375	trials	1.0	750.473104	751.559334	753.27913	753.600265	749.8153570000001	752.731363	754.047	754.816	1.0	2.0	1.0	1.0					
756.838	9.249000000000024	trials	1.0	760.821672	762.623794	764.072657	764.423548	760.198207	763.4186470000001			2.0		0.0	4.0					
769.096	17.914999999999964	trials	1.0	781.541768	782.693648	785.4248210000001	785.859679	780.568545	784.88599	786.051	787.011	1.0	2.0	1.0	1.0					
791.031	8.06000000000006	trials	1.0	793.876831	795.303889	797.3741180000001	797.692258	793.035686	796.880521	798.212	799.091	1.0	1.0	1.0	1.0					
801.106	9.200000000000045	trials	1.0	805.937494	807.694468	808.8653800000001	809.089395	805.019595	808.323634	809.601	810.306	1.0	2.0	1.0	1.0					
812.326	8.480000000000018	trials	1.0	816.352666	818.15875	819.290844	819.54345	815.648965	818.763655	819.967	820.806	1.0	2.0	1.0	1.0					
822.826	11.034999999999968	trials	1.0	830.252202	831.463429	832.4308960000001	832.60392	829.271389	831.960421	833.191	833.861	1.0	2.0	1.0	1.0					
836.931	6.288999999999987	trials	1.0	840.336752	841.199749			839.480539	841.189104			1.0		0.0	2.0					
846.231	19.66999999999996	trials	1.0	860.777368	862.66402	864.275523	864.50032	859.917673	863.814331	865.036	865.901	1.0	1.0	1.0	1.0					
869.011	13.580000000000041	trials	1.0	874.943724	876.161428	877.731126	878.099076	874.307238	877.269285			2.0		0.0	4.0					
883.862	18.139999999999986	trials	1.0	896.547765	898.311283	900.387913	900.64984	896.001109	899.793751	901.051	902.002	1.0	2.0	1.0	1.0					
903.846	26.039999999999964	trials	1.0	926.2230420000001	927.4748900000001	929.490479	929.888002	925.651074	929.0146990000001			1.0	1.0	0.0	3.0					
932.813	33.49300000000005	trials	1.0	961.082481	962.295733	964.799082	965.065657	960.1650450000001	964.2855890000001	965.526	966.306	1.0	2.0	1.0	1.0					
968.366	8.544999999999959	trials	1.0	972.4340950000001	974.36971			971.557938	974.76841			2.0		1.0	1.0					
979.457	11.188999999999965	trials	1.0	986.980129	988.150164	989.141467	989.386282	986.08513	988.624194	989.816	990.646	1.0	2.0	1.0	1.0					
992.761	10.725000000000023	trials	1.0	999.594708	1000.890199	1001.992066	1002.173088	998.990683	1001.488698	1002.681	1003.486	1.0	2.0	1.0	1.0					
1005.546	8.959999999999923	trials	1.0	1010.323044	1011.941692	1012.8624130000001	1013.194125	1009.663999	1012.379005	1013.651	1014.506	1.0	2.0	1.0	1.0					
1017.531	8.336000000000013	trials	1.0	1022.1037150000001	1023.755452	1025.483763	1025.873484	1021.2784210000001	1024.589247			1.0	1.0	0.0	3.0					
1028.857	8.683999999999969	trials	1.0	1033.2337029999999	1034.464912	1035.923806	1036.140529	1032.4897859999999	1035.425902	1036.636	1037.541	1.0	2.0	1.0	1.0					
1039.589	9.427000000000135	trials	1.0	1044.224287	1046.140917	1047.2924249999999	1047.528118	1043.453163	1046.797564	1048.116	1049.016	1.0	2.0	1.0	1.0					
1053.036	8.774999999999864	trials	1.0	1057.5483629999999	1059.056611	1059.9321009999999	1060.268271	1056.8614799999998	1059.454086	1060.661	1061.811	1.0	2.0	1.0	1.0					
1065.666	7.154999999999973	trials	1.0	1069.1133909999999	1070.319341	1072.5016979999998	1072.6030349999999	1068.247866	1071.9624549999999			1.0	2.0	0.0	3.0					
1075.877	11.420000000000073	trials	1.0	1082.635024	1084.086001	1085.280601	1085.721259	1081.90134	1084.7725899999998	1086.061	1087.297	1.0	2.0	1.0	1.0					
1090.316	2073.12	BlockDesign														1.0	67.0	185.0	10.0	50.0
1090.316	9.954999999999927	trials	2.0	1096.184536	1097.459968			1095.439066	1098.02535			2.0		1.0	1.0					
1102.862	6.139999999999873	trials	2.0	1105.818705	1106.9968139999999	1107.6809739999999	1107.8936589999998	1104.812172	1106.9818989999999			1.0		0.0	2.0					
1113.056	16.559999999999945	trials	2.0	1126.104112	1127.247283	1129.2843249999999	1129.5137499999998	1125.3359879999998	1128.816676			1.0	1.0	0.0	3.0					
1132.631	15.879999999999882	trials	2.0	1145.8286679999999	1146.966594	1147.9950939999999	1148.5150919999999	1144.9859729999998	1147.428311			1.0	2.0	0.0	3.0					
1150.326	50.450000000000045	trials	2.0	1181.918706	1183.55759	1200.4533609999999	1200.689166	1180.927966	1185.449185			1.0	2.0	0.0	3.0					
1202.786	94.81500000000005	trials	2.0	1293.699607	1294.787007			1292.9437289999998	1295.309554			2.0		1.0	1.0					
1301.167	9.884000000000015	trials	2.0	1305.674656	1306.9421189999998	1308.996573	1309.461763	1304.807464	1308.4466739999998	1309.666	1311.051	1.0	1.0	1.0	1.0					
1315.076	8.180000000000064	trials	2.0	1317.5259899999999	1318.561939	1320.7126329999999	1321.155235	1316.980159	1320.1050149999999			1.0	1.0	0.0	3.0					
1325.046	17.22499999999991	trials	2.0	1337.98013	1339.2107799999999	1341.8854809999998	1342.275567	1337.448183	1341.3480479999998			1.0	1.0	0.0	3.0					
1345.241	17.519999999999982	trials	2.0	1358.540035	1359.9445739999999			1357.730541	1360.523446			2.0		1.0	1.0					
1366.276	11.970000000000027	trials	2.0	1373.686113	1375.532143	1377.9248679999998	1378.204585	1373.079694	1377.468361			1.0	1.0	0.0	3.0					
1380.256	15.230000000000018	trials	2.0	1391.940709	1394.012358	1394.9750609999999	1395.4945269999998	1391.29431	1394.391801			1.0	2.0	0.0	3.0					
1397.357	16.71900000000005	trials	2.0	1407.545709	1409.1582669999998	1412.407467	1412.812581	1406.9524529999999	1411.9042869999998	1413.156	1414.076	1.0	1.0	1.0	1.0					
1418.096	8.775000000000091	trials	2.0	1421.190832	1422.297873			1420.284031	1424.6296229999998			2.0		1.0	1.0					
1430.372	5.558999999999969	trials	2.0	1432.025803	1433.8926669999998	1435.561608	1435.937166	1431.420942	1434.991237			1.0	1.0	0.0	3.0					
1437.886	12.394999999999982	trials	2.0	1445.820849	1447.8009069999998	1449.8631599999999	1450.2868349999999	1444.983699	1449.3023019999998			1.0	1.0	0.0	3.0					
1452.237	18.038999999999987	trials	2.0	1467.005579	1468.606531	1469.949291	1470.255575	1466.1584859999998	1469.442627			1.0	1.0	0.0	3.0					
1473.286	16.829999999999927	trials	2.0	1485.901234	1487.743015	1489.773898	1490.1236589999999	1484.9025849999998	1489.2664209999998			1.0	1.0	0.0	3.0					
1493.096	17.424999999999955	trials	2.0	1505.3913909999999	1506.967263	1508.887023	1509.230926	1504.814026	1508.3268549999998	1509.621	1510.521	1.0	2.0	1.0	1.0					
1514.541	15.315000000000055	trials	2.0	1524.920838	1526.9126099999999			1523.9453819999999	1527.350197	1529.116	1529.856	2.0		1.0	1.0					
1533.873	7.288000000000011	trials	2.0	1536.098004	1538.0108819999998	1539.466162	1539.717903	1535.447379	1538.940946	1540.146	1541.161	1.0	2.0	1.0	1.0					
1543.187	8.644000000000005	trials	2.0	1547.6263179999999	1549.493301	1550.424861	1550.635963	1547.0164109999998	1549.968385	1551.186	1551.831	1.0	2.0	1.0	1.0					
1554.886	8.394999999999982	trials	2.0	1560.22257	1561.2082229999999	1561.7756969999998	1562.0136089999999	1559.319931	1561.204331			1.0		0.0	2.0					
1567.291	6.664999999999964	trials	2.0	1569.175941	1570.308364	1572.4854309999998	1572.7521729999999	1568.5046849999999	1571.8476099999998	1573.146	1573.956	1.0	2.0	1.0	1.0					
1575.998	10.588999999999942	trials	2.0	1580.3967759999998	1582.041618	1584.530074	1584.8613149999999	1579.710056	1584.014727			2.0		0.0	4.0					
1590.597	15.605000000000018	trials	2.0	1600.416424	1602.2494359999998	1603.6143359999999	1604.049892	1599.5555729999999	1603.116977			1.0	1.0	0.0	3.0					
1607.98	22.722999999999956	trials	2.0	1625.532211	1627.256968	1629.084649	1629.3387149999999	1624.983634	1628.5897269999998	1629.846	1630.703	1.0	2.0	1.0	1.0					
1632.717	21.884000000000015	trials	2.0	1649.876439	1651.097284	1653.002871	1653.23424	1649.344467	1652.575623	1653.672	1654.601	1.0	2.0	1.0	1.0					
1656.627	9.45399999999995	trials	2.0	1661.4216099999999	1663.45407	1664.5988699999998	1664.850814	1660.8500259999998	1664.0955729999998	1665.241	1666.081	1.0	2.0	1.0	1.0					
1670.101	6.2999999999999545	trials	2.0	1672.1314109999998	1673.792254			1671.5689479999999	1674.241128			2.0		1.0	1.0					
1678.911	9.815000000000055	trials	2.0	1683.937506	1686.207105	1687.1978319999998	1687.493192	1683.2302169999998	1686.6709959999998	1687.962	1688.726	1.0	2.0	1.0	1.0					
1690.746	7.434999999999945	trials	2.0	1695.198408	1696.958794	1697.864572	1698.176254	1694.454597	1697.357233			1.0	2.0	0.0	3.0					
1702.196	7.226000000000113	trials	2.0	1706.38896	1707.483969	1709.047042	1709.430159	1705.743951	1708.584285			1.0	1.0	0.0	3.0					
1712.381	20.730000000000018	trials	2.0	1728.513773	1730.088526	1731.321996	1731.580822	1727.8997909999998	1730.814015	1732.076	1733.111	1.0	2.0	1.0	1.0					
1737.176	7.935000000000173	trials	2.0	1741.087124	1742.606323			1740.0994529999998	1742.975086			2.0		1.0	1.0					
1747.637	7.70900000000006	trials	2.0	1751.4339599999998	1753.3912389999998	1755.0310599999998	1755.3287129999999	1750.4480489999999	1754.480965			1.0	1.0	0.0	3.0					
1758.356	12.434999999999945	trials	2.0	1765.9805099999999	1767.974638			1764.98937	1768.5126249999998			2.0		1.0	1.0					
1775.35	28.61700000000019	trials	2.0	1799.354106	1801.0198289999998	1802.2398719999999	1802.575257	1798.6171479999998	1801.6932069999998	1803.087	1803.967	1.0	2.0	1.0	1.0					
1806.986	7.0949999999998	trials	2.0	1809.599237	1811.3064969999998	1812.539395	1812.824878	1808.95947	1812.0319749999999	1813.356	1814.081	1.0	2.0	1.0	1.0					
1818.151	5.619999999999891	trials	2.0	1820.677268	1821.8650739999998	1823.424427	1823.778147	1819.785394	1822.835854			1.0	2.0	0.0	3.0					
1826.756	60.02099999999996	trials	2.0	1883.1586209999998	1885.013364	1886.342528	1886.7847259999999	1882.2923099999998	1885.861837			1.0	1.0	0.0	3.0					
1889.728	9.592999999999847	trials	2.0	1895.489533	1896.7595979999999			1894.839057	1897.088493			2.0		1.0	1.0					
1902.887	6.339000000000169	trials	2.0	1904.689113	1906.660381			1903.7052039999999	1907.0100969999999			2.0		1.0	1.0					
1911.723	8.42100000000005	trials	2.0	1916.173272	1917.639858			1915.2745289999998	1917.9744569999998			2.0		1.0	1.0					
1924.661	5.108999999999924	trials	2.0	1926.3331409999998	1928.3949599999999	1929.432036	1929.776028	1924.672558	1928.87664			1.0	2.0	0.0	3.0					
1932.752	13.615999999999985	trials	2.0	1943.2045349999999	1944.625447	1945.984191	1946.376918	1942.3822539999999	1945.412823			1.0	1.0	0.0	3.0					
1948.311	15.670000000000073	trials	2.0	1960.3384509999998	1962.324934	1963.6485989999999	1963.97824	1959.5113299999998	1963.08136			1.0	1.0	0.0	3.0					
1967.996	8.528999999999996	trials	2.0	1972.7083599999999	1974.5013669999998	1976.109268	1976.5339979999999	1971.7375299999999	1975.5812879999999			1.0	1.0	0.0	3.0					
1979.431	14.545000000000073	trials	2.0	1991.1234909999998	1992.272254	1993.6010649999998	1993.987351	1990.4794439999998	1993.065322			1.0	2.0	0.0	3.0					
1995.931	14.924999999999955	trials	2.0	2006.1491259999998	2007.720184	2010.54414	2010.856947	2005.391962	2010.0566789999998			1.0	1.0	0.0	3.0					
2012.906	22.25	trials	2.0	2031.10032	2032.985989	2034.850684	2035.153464	2030.5772379999999	2034.4267149999998			1.0	1.0	0.0	3.0					
2038.166	16.330000000000155	trials	2.0	2049.41929	2051.410949	2052.510465	2052.808873	2048.543071	2052.036649	2053.201	2054.496	1.0	1.0	1.0	1.0					
2056.52	8.606999999999971	trials	2.0	2061.6948279999997	2063.705543	2064.823492	2065.116532	2060.716966	2064.2958289999997			1.0	1.0	0.0	3.0					
2068.136	14.849999999999909	trials	2.0	2078.640652	2080.4208209999997	2081.522601	2081.840298	2077.680145	2080.9574789999997	2082.306	2082.986	1.0	2.0	1.0	1.0					
2087.006	14.845000000000255	trials	2.0	2097.249516	2099.255929			2096.720113	2099.6580989999998			2.0		1.0	1.0					
2105.306	9.554999999999836	trials	2.0	2110.810909	2112.380725	2113.310439	2113.571609	2110.235998	2112.781732	2114.076	2114.861	1.0	2.0	1.0	1.0					
2117.886	14.485000000000127	trials	2.0	2128.409425	2130.211081	2130.824083	2131.0113349999997	2127.784971	2130.295618	2131.561	2132.371	1.0	2.0	1.0	1.0					
2134.437	12.963999999999942	trials	2.0	2144.286959	2145.403338	2145.943852	2146.073519	2143.5520389999997	2145.399867			1.0		0.0	2.0					
2150.411	18.22499999999991	trials	2.0	2164.205259	2165.645251	2167.256959	2167.4338119999998	2163.618262	2166.738379	2168.002	2168.636	1.0	2.0	1.0	1.0					
2170.656	7.825000000000273	trials	2.0	2175.726292	2177.0196229999997	2178.1664769999998	2178.450068	2175.2027319999997	2177.631352			1.0	2.0	0.0	3.0					
2182.521	9.11999999999989	trials	2.0	2187.355586	2188.7064809999997	2190.143268	2190.352657	2186.450139	2189.601462	2190.846	2191.641	1.0	2.0	1.0	1.0					
2193.703	6.3840000000000146	trials	2.0	2196.634747	2198.107231	2199.676954	2200.096525	2195.968927	2199.0913889999997			1.0	1.0	0.0	3.0					
2204.046	7.795000000000073	trials	2.0	2207.8656579999997	2209.046573	2210.26879	2210.5092489999997	2207.293809	2209.755364	2211.031	2211.841	1.0	2.0	1.0	1.0					
2215.906	10.0	trials	2.0	2222.0095499999998	2223.352221			2221.3315749999997	2223.831998			2.0		1.0	1.0					
2230.471	6.050000000000182	trials	2.0	2232.179505	2233.4824949999997	2234.453173	2234.666627	2231.40795	2233.913465			2.0		0.0	4.0					
2238.531	9.914999999999964	trials	2.0	2242.195429	2243.712643			2241.190522	2246.105346			2.0		1.0	1.0					
2252.757	8.11999999999989	trials	2.0	2255.937131	2257.897241	2259.04585	2259.439338	2255.172748	2258.4980539999997	2259.786	2260.877	1.0	1.0	1.0	1.0					
2263.896	7.739999999999782	trials	2.0	2267.745517	2269.747162	2271.318162	2271.639745	2267.200808	2270.7647039999997			1.0	1.0	0.0	3.0					
2274.646	19.404999999999745	trials	2.0	2290.360548	2291.377406	2293.6178299999997	2294.063245	2289.835395	2293.166821			1.0	2.0	0.0	3.0					
2295.937	8.735000000000127	trials	2.0	2301.231365	2302.9872809999997	2304.31644	2304.680088	2300.249796	2303.770367			1.0	1.0	0.0	3.0					
2307.641	20.034999999999854	trials	2.0	2323.77599	2325.742543	2327.0369499999997	2327.688169	2322.930004	2326.1235819999997			1.0	1.0	0.0	3.0					
2329.391	24.434999999999945	trials	2.0	2347.477331	2348.902909			2346.471835	2348.896116			2.0		0.0	2.0					
2353.972	5.904999999999745	trials	2.0	2356.175607	2357.372495			2353.83931	2357.742234			2.0		1.0	1.0					
2364.451	6.6590000000001055	trials	2.0	2367.312216	2368.33262	2370.732213	2371.0979429999998	2366.804763	2370.189282			1.0	2.0	0.0	3.0					
2373.095	12.847000000000207	trials	2.0	2382.537424	2384.574403	2385.563679	2385.923647	2381.8502439999997	2385.059232			1.0	1.0	0.0	3.0					
2387.956	17.985999999999876	trials	2.0	2402.666611	2404.5100709999997	2405.637199	2405.90389	2401.871071	2405.036974			1.0	2.0	0.0	3.0					
2408.956	19.59999999999991	trials	2.0	2425.135974	2426.3778549999997	2428.166097	2428.567238	2424.484234	2427.675613			1.0	1.0	0.0	3.0					
2432.536	19.644999999999982	trials	2.0	2447.331412	2448.7929879999997	2450.6395239999997	2450.889366	2446.7970849999997	2450.139499	2451.297	2452.181	1.0	2.0	1.0	1.0					
2455.243	5.998000000000047	trials	2.0	2458.3921	2459.488423	2460.688685	2461.254931	2457.4630119999997	2460.0988979999997			1.0	2.0	0.0	3.0					
2464.036	21.510999999999967	trials	2.0	2480.286451	2481.809433	2484.041877	2484.319834	2479.661735	2483.509705	2484.811	2485.547	1.0	2.0	1.0	1.0					
2489.606	7.925999999999931	trials	2.0	2493.778729	2495.033884			2492.8085969999997	2495.436134			2.0		1.0	1.0					
2501.066	5.960000000000036	trials	2.0	2503.346332	2505.16062	2506.4878289999997	2507.036674	2502.7439759999997	2505.867691			1.0	1.0	0.0	3.0					
2508.841	16.47499999999991	trials	2.0	2515.777144	2517.6179159999997	2523.139184	2523.639714	2514.814317	2518.659329	2523.806	2525.316	1.0	1.0	1.0	1.0					
2529.064	10.86700000000019	trials	2.0	2531.022406	2532.855226			2530.2837329999998	2533.37626			2.0		1.0	1.0					
2540.186	5.1909999999998035	trials	2.0	2541.768688	2543.3291489999997	2543.912354	2544.214138	2539.945783	2543.324115			1.0		0.0	2.0					
2547.386	16.76000000000022	trials	2.0	2559.087418	2560.517827	2563.770604	2564.157474	2558.561758	2563.22835			1.0	2.0	0.0	3.0					
2567.089	22.692000000000007	trials	2.0	2585.497192	2587.123778	2589.461625	2589.75843	2584.766622	2588.9617049999997			1.0	2.0	0.0	3.0					
2593.791	23.934999999999945	trials	2.0	2614.297508	2616.154224	2617.1892359999997	2617.74004	2613.3595689999997	2616.739186			1.0	1.0	0.0	3.0					
2621.519	14.287000000000262	trials	2.0	2632.117991	2633.223821	2635.496088	2635.736685	2631.242041	2634.912931			1.0	2.0	0.0	3.0					
2637.861	8.006000000000313	trials	2.0	2641.7122289999998	2643.1963809999997	2645.4900359999997	2645.878198	2641.1997929999998	2644.962706			1.0	1.0	0.0	3.0					
2648.811	17.184999999999945	trials	2.0	2660.5877219999998	2662.034568	2664.4833289999997	2664.738851	2659.987994	2663.986783	2665.146	2665.996	1.0	2.0	1.0	1.0					
2668.061	16.565999999999804	trials	2.0	2680.337394	2682.242259	2683.1495609999997	2683.385111	2679.460743	2682.637342	2683.911	2684.627	1.0	2.0	1.0	1.0					
2686.641	9.340999999999894	trials	2.0	2691.9530799999998	2693.036904	2695.641898	2695.99885	2691.02331	2695.106155			1.0	2.0	0.0	3.0					
2699.991	26.125	trials	2.0	2721.547831	2723.557942			2720.574661	2723.901046			2.0		1.0	1.0					
2728.637	7.802999999999884	trials	2.0	2731.903422	2733.8436039999997			2730.971211	2734.223699			2.0		1.0	1.0					
2739.896	13.8449999999998	trials	2.0	2750.0236959999997	2751.33145	2753.433352	2753.717892	2749.445732	2752.9767779999997			1.0	1.0	0.0	3.0					
2755.752	8.394000000000233	trials	2.0	2760.0980799999998	2761.719733	2762.616882	2762.893933	2759.431786	2762.150027	2763.371	2764.146	1.0	2.0	1.0	1.0					
2768.226	20.804999999999836	trials	2.0	2785.203406	2786.349509	2787.644551	2787.838629	2784.2779379999997	2787.155541	2788.346	2789.031	1.0	2.0	1.0	1.0					
2791.051	6.670000000000073	trials	2.0	2795.038477	2796.455251	2797.408779	2797.724212	2794.184948	2796.895432			1.0	2.0	0.0	3.0					
2800.731	7.770999999999731	trials	2.0	2804.044112	2806.00351			2803.1415509999997	2806.3612319999997			2.0		1.0	1.0					
2812.031	17.200000000000273	trials	2.0	2822.903997	2824.350019	2826.051169	2826.5799939999997	2822.29702	2825.554444			1.0	1.0	0.0	3.0					
2830.357	68.37400000000025	trials	2.0	2895.955378	2897.276245	2898.412638	2898.677547	2895.125791	2897.891784			1.0	2.0	0.0	3.0					
2901.746	14.179999999999836	trials	2.0	2911.190454	2912.976592	2915.500594	2915.9409029999997	2910.23548	2915.025025			1.0	1.0	0.0	3.0					
2917.814	19.970000000000255	trials	2.0	2933.263875	2935.232289			2932.684103	2935.55071			2.0		1.0	1.0					
2940.306	12.300000000000182	trials	2.0	2949.270924	2951.180718	2952.081495	2952.6230969999997	2948.6006279999997	2951.515564			1.0	2.0	0.0	3.0					
2955.441	20.820000000000164	trials	2.0	2970.099443	2972.158957			2969.132951	2972.2384159999997	2974.136	2976.261	2.0		1.0	1.0					
2980.355	8.295999999999822	trials	2.0	2982.390586	2984.214508	2987.118554	2987.39875	2981.626585	2985.215314	2987.917	2988.651	1.0	2.0	1.0	1.0					
2990.714	8.07400000000007	trials	2.0	2994.834754	2996.258295	2998.4397599999998	2998.80541	2994.1627559999997	2997.825421			1.0	1.0	0.0	3.0					
3001.797	9.309000000000196	trials	2.0	3005.664516	3007.6710869999997	3009.4238139999998	3009.714372	3004.888887	3008.959954	3010.101	3011.106	1.0	2.0	1.0	1.0					
3015.082	8.509000000000015	trials	2.0	3019.705648	3021.030273			3018.771936	3021.411172			2.0		1.0	1.0					
3026.051	5.875	trials	2.0	3029.1464	3030.206793	3031.601542	3031.934997	3028.606203	3031.0419039999997			1.0	2.0	0.0	3.0					
3033.967	18.338999999999942	trials	2.0	3046.844812	3048.232269	3050.7200279999997	3050.9820999999997	3046.3113789999998	3050.0271869999997	3051.356	3052.306	1.0	2.0	1.0	1.0					
3054.377	33.4340000000002	trials	2.0	3083.268159	3084.3819510000003	3086.340102	3086.5865710000003	3082.496	3085.834374	3087.041	3087.811	1.0	2.0	1.0	1.0					
3090.871	8.17599999999993	trials	2.0	3095.0891890000003	3096.413712			3094.3404570000002	3096.902376			2.0		1.0	1.0					
3101.5	7.360999999999876	trials	2.0	3104.638356	3106.094888			3104.08882	3106.6903780000002			2.0		1.0	1.0					
3111.381	19.539999999999964	trials	2.0	3125.4129700000003	3126.904478			3124.523736	3128.902767			2.0		1.0	1.0					
3135.48	10.771999999999935	trials	2.0	3141.533041	3143.334374	3144.407673	3144.727875	3140.8301140000003	3143.790061	3145.051	3146.252	1.0	2.0	1.0	1.0					
3149.321	6.785000000000309	trials	2.0	3152.6177620000003	3153.978621	3155.7757770000003	3156.001358	3152.0743420000003	3155.10631			1.0	2.0	0.0	3.0					
3158.115	5.321000000000367	trials	2.0	3160.193217	3162.168787	3163.347918	3163.763827	3159.6515440000003	3162.770527			1.0	2.0	0.0	3.0					
3165.686	661.5999999999999	BlockDesign														1.0	186.0	223.0	50.0	10.0
3165.686	12.815999999999804	trials	3.0	3174.4429090000003	3175.9302700000003			3173.540571	3176.408292			2.0		1.0	1.0					
3181.101	7.710000000000036	trials	3.0	3184.189342	3185.374779	3186.902547	3187.1848950000003	3183.551098	3186.3117300000004	3187.752	3188.811	1.0	1.0	1.0	1.0					
3191.877	6.7840000000001055	trials	3.0	3194.413224	3195.8343320000004			3193.726888	3196.539674			2.0		1.0	1.0					
3202.241	5.420000000000073	trials	3.0	3204.058884	3205.586286	3206.300953	3206.486503	3202.199485	3205.5831040000003			1.0		0.0	2.0					
3211.712	9.5	trials	3.0	3217.278307	3218.391997			3216.765733	3219.102516			2.0		1.0	1.0					
3224.742	7.804999999999836	trials	3.0	3229.263844	3231.220186	3232.1391790000002	3232.5448	3228.6635730000003	3231.6076980000003			1.0	1.0	0.0	3.0					
3234.478	10.023999999999887	trials	3.0	3241.023436	3243.047833	3244.179655	3244.4803660000002	3240.334941	3243.6610600000004			1.0	2.0	0.0	3.0					
3247.511	5.684999999999945	trials	3.0	3249.7893010000003	3251.693131	3252.81982	3253.19455	3248.9693310000002	3252.30728			1.0	1.0	0.0	3.0					
3257.171	25.700000000000273	trials	3.0	3280.0285830000003	3281.211048	3282.546934	3282.824916	3279.1648290000003	3282.01924			1.0	2.0	0.0	3.0					
3285.896	13.105999999999767	trials	3.0	3293.6091880000004	3295.601059	3297.266974	3297.5587330000003	3292.820217	3296.377002	3297.931	3299.002	1.0	2.0	1.0	1.0					
3303.017	6.460000000000036	trials	3.0	3305.92513	3307.4405530000004	3309.125818	3309.467575	3305.278813	3308.598249			1.0	1.0	0.0	3.0					
3313.472	6.317000000000007	trials	3.0	3315.994111	3317.777125	3318.3491710000003	3318.6013900000003	3315.071712	3317.7709950000003			1.0		0.0	2.0					
3322.801	11.75500000000011	trials	3.0	3331.349446	3332.71644	3334.2295360000003	3334.44355	3330.4215130000002	3333.761548			1.0	2.0	0.0	3.0					
3338.572	11.94399999999996	trials	3.0	3347.019529	3348.6523970000003	3350.184479	3350.518374	3346.2795770000002	3349.709847			1.0	1.0	0.0	3.0					
3352.508	29.92300000000023	trials	3.0	3378.571065	3379.856595			3377.799211	3380.186443			2.0		1.0	1.0					
3385.935	31.771000000000186	trials	3.0	3413.479633	3414.658414	3417.3830230000003	3417.70863	3412.5293610000003	3416.805179			1.0	2.0	0.0	3.0					
3419.706	15.769999999999982	trials	3.0	3431.054975	3433.101356	3435.069535	3435.4787490000003	3430.206091	3434.522548			1.0	2.0	0.0	3.0					
3439.396	26.355999999999767	trials	3.0	3462.149949	3463.9161790000003	3465.438125	3465.743687	3461.220727	3464.9016730000003			1.0	2.0	0.0	3.0					
3469.761	15.875	trials	3.0	3483.2205280000003	3483.371752	3485.533839	3485.6361660000002	3482.258404	3483.36745			1.0		0.0	2.0					
3487.446	12.039999999999964	trials	3.0	3493.8959130000003	3495.26224	3497.689597	3497.9295730000003	3493.363471	3497.1777970000003	3498.297	3499.486	1.0	1.0	1.0	1.0					
3502.377	16.47900000000027	trials	3.0	3514.544506	3516.013848	3517.1704280000004	3517.479281	3513.974725	3516.6625780000004	3517.911	3518.856	1.0	1.0	1.0	1.0					
3520.881	9.345000000000255	trials	3.0	3525.716749	3526.876669	3528.4555250000003	3528.786703	3524.749726	3527.889141	3529.191	3530.226	1.0	1.0	1.0	1.0					
3533.291	8.710999999999785	trials	3.0	3537.966937	3539.266471	3540.0595430000003	3540.3014630000002	3537.1306830000003	3539.6175670000002	3540.831	3542.002	1.0	1.0	1.0	1.0					
3543.826	9.942000000000007	trials	3.0	3549.636268	3550.747132	3552.082536	3552.377602	3548.793819	3551.615017	3552.956	3553.768	1.0	1.0	1.0	1.0					
3557.816	27.515000000000327	trials	3.0	3581.42727	3582.8191			3580.6742670000003	3583.1472280000003			2.0		1.0	1.0					
3587.924	6.076000000000022	trials	3.0	3590.0037070000003	3591.735954			3589.4445220000002	3591.985692			2.0		1.0	1.0					
3598.511	9.304999999999836	trials	3.0	3600.27156	3601.357547	3606.544653	3607.0766540000004	3599.135178	3602.093494			1.0	1.0	0.0	3.0					
3609.921	21.800000000000182	trials	3.0	3626.870401	3628.675451	3630.002821	3630.3155	3625.9209490000003	3629.468549	3630.771	3631.721	1.0	1.0	1.0	1.0					
3635.786	24.201000000000022	trials	3.0	3655.205925	3657.0806150000003	3658.171924	3658.4478910000003	3654.3747780000003	3657.693573	3659.127	3659.987	1.0	1.0	1.0	1.0					
3663.937	16.690000000000055	trials	3.0	3675.9673230000003	3678.018324			3675.391473	3678.485795			2.0		1.0	1.0					
3684.076	12.971000000000004	trials	3.0	3693.766462	3695.455159	3696.721227	3697.036422	3692.89239	3696.233439			1.0	1.0	0.0	3.0					
3699.056	26.764999999999873	trials	3.0	3721.1257880000003	3723.003001			3720.198217	3723.6105820000002			2.0		1.0	1.0					
3729.279	22.36700000000019	trials	3.0	3747.7864520000003	3749.213788	3751.30336	3751.6483420000004	3747.050796	3750.888472			1.0	1.0	0.0	3.0					
3753.671	15.825000000000273	trials	3.0	3764.3032000000003	3765.7557960000004	3767.530769	3768.012064	3763.6768930000003	3767.009673	3768.271	3769.496	1.0	1.0	1.0	1.0					
3772.524	7.927000000000135	trials	3.0	3777.178342	3778.443061			3776.513323	3778.433035			1.0		0.0	2.0					
3784.506	13.320000000000164	trials	3.0	3793.001799	3794.116978	3796.1540240000004	3796.49308	3792.108775	3795.6707180000003	3796.906	3797.826	1.0	1.0	1.0	1.0					
3799.866	12.704999999999927	trials	3.0	3808.0816290000002	3809.724631	3810.7006920000003	3811.098226	3807.154562	3810.229519	3811.377	3812.571	1.0	1.0	1.0	1.0					
3816.591	10.695000000000164	trials	3.0	3822.637849	3824.163547	3825.2884480000002	3825.631126	3821.9024470000004	3824.83435	3826.016	3827.286	1.0	1.0	1.0	1.0					
3829.366	2520.66	BlockDesign														1.0	224.0	321.0	90.0	50.0
3829.366	12.050000000000182	trials	4.0	3835.628005	3836.8246950000002	3839.332902	3839.7280570000003	3834.815559	3838.867431			2.0		0.0	4.0					
3844.426	10.670000000000073	trials	4.0	3850.4420760000003	3851.9836920000002	3853.548251	3853.772239	3849.5478820000003	3853.01083	3854.301	3855.096	1.0	2.0	1.0	1.0					
3859.142	10.260000000000218	trials	4.0	3864.9781270000003	3866.8890490000003			3863.992408	3867.3473780000004	3869.016	3869.161	2.0		1.0	1.0					
3871.985	8.076000000000022	trials	4.0	3875.8923950000003	3877.588701	3878.543063	3878.802079	3874.9483440000004	3878.0311340000003	3879.377	3880.061	1.0	2.0	1.0	1.0					
3884.181	5.780999999999949	trials	4.0	3886.3319410000004	3887.3640290000003	3888.3719490000003	3888.5956	3885.7251130000004	3887.8957720000003	3889.036	3889.962	1.0	2.0	1.0	1.0					
3892.978	8.851999999999862	trials	4.0	3897.37234	3899.250633			3896.763355	3899.604358			2.0		1.0	1.0					
3906.356	5.730999999999767	trials	4.0	3908.607876	3910.0741850000004	3910.716708	3910.908942	3907.9625990000004	3910.0654000000004			1.0		0.0	2.0					
3916.146	27.690999999999804	trials	4.0	3938.7028	3940.692957	3941.886387	3942.2236310000003	3938.016195	3941.4206910000003	3942.591	3943.837	1.0	1.0	1.0	1.0					
3946.852	5.650000000000091	trials	4.0	3949.483549	3950.514823	3951.808494	3952.005052	3948.508371	3951.301953			1.0	2.0	0.0	3.0					
3954.176	20.664999999999964	trials	4.0	3970.3778150000003	3972.320704	3973.194394	3973.512576	3969.5386630000003	3972.743254	3973.837	3974.841	1.0	1.0	1.0	1.0					
3977.911	6.054999999999836	trials	4.0	3981.006609	3982.550098	3983.625321	3983.9660620000004	3980.4237890000004	3983.139268			1.0	1.0	0.0	3.0					
3985.967	22.49499999999989	trials	4.0	4003.908136	4005.943977	4006.62054	4006.989887	4002.990456	4006.079908	4007.236	4008.462	1.0	1.0	1.0	1.0					
4012.551	11.50500000000011	trials	4.0	4019.123122	4020.505615	4021.983622	4022.3324470000002	4018.327553	4021.4378070000002			2.0		0.0	4.0					
4026.111	10.764000000000124	trials	4.0	4033.188415	4034.8701610000003			4032.342406	4034.865234			2.0		0.0	2.0					
4038.881	6.225000000000364	trials	4.0	4040.463188	4042.204901	4043.13517	4043.5615230000003	4039.2342590000003	4042.621845	4043.951	4045.106	1.0	1.0	1.0	1.0					
4049.127	6.989000000000033	trials	4.0	4051.6137580000004	4053.26283	4054.406425	4054.719595	4050.9581160000002	4053.874099	4054.984	4056.116	1.0	1.0	1.0	1.0					
4058.182	11.659000000000106	trials	4.0	4065.3334720000003	4067.055511	4068.126267	4068.334452	4064.6493870000004	4067.5882	4068.741	4069.841	1.0	1.0	1.0	1.0					
4073.908	6.523999999999887	trials	4.0	4076.286618	4077.6691530000003			4075.491504	4078.180257			2.0		1.0	1.0					
4083.956	5.440000000000055	trials	4.0	4086.288635	4087.807586	4088.917068	4089.400751	4085.628087	4088.2639980000004			1.0	2.0	0.0	3.0					
4092.279	16.9670000000001	trials	4.0	4105.378072	4107.370095	4108.780934	4109.251135	4104.530578	4108.313671			1.0	1.0	0.0	3.0					
4111.161	47.95499999999993	trials	4.0	4154.903773	4156.190872	4157.421228	4157.763897	4153.993215	4156.973527	4158.071	4159.116	1.0	1.0	1.0	1.0					
4162.172	8.75	trials	4.0	4164.023965	4166.028408	4169.861407	4170.352782	4163.460288	4166.633278			1.0	1.0	1.0	1.0					
4173.491	21.029999999999745	trials	4.0	4190.689297	4192.455751	4192.962334	4193.085828	4189.727575	4192.450416			1.0		0.0	2.0					
4198.576	14.475000000000364	trials	4.0	4208.364244	4209.726174	4211.160915	4211.428525	4207.62169	4210.674301	4211.976	4213.051	1.0	1.0	1.0	1.0					
4216.111	10.19000000000051	trials	4.0	4221.864408	4223.460727	4224.588939	4224.830652000001	4221.227521000001	4224.130981	4225.456	4226.301	1.0	1.0	1.0	1.0					
4229.371	11.84100000000035	trials	4.0	4236.829684	4237.9403010000005	4239.275473	4239.645639	4236.128353	4238.79396	4240.047	4241.212	1.0	1.0	1.0	1.0					
4243.226	16.009000000000015	trials	4.0	4256.154793	4257.183175			4255.205121	4257.178082			1.0		0.0	2.0					
4263.291	19.24499999999989	trials	4.0	4279.874982	4279.908292	4281.16412	4281.599758	4279.195939	4279.903765			1.0		0.0	2.0					
4283.965	17.365999999999985	trials	4.0	4296.199969	4297.519361000001	4299.853839	4300.070413	4295.648887	4299.318067	4300.716	4301.331	1.0	2.0	1.0	1.0					
4304.446	5.760000000000218	trials	4.0	4305.990897	4307.662956	4308.577725	4308.817758	4305.199596	4308.064122	4309.521	4310.206	1.0	2.0	1.0	1.0					
4313.271	8.88000000000011	trials	4.0	4317.544892	4319.552694			4316.599429	4320.024397			2.0		1.0	1.0					
4325.676	6.259999999999309	trials	4.0	4328.181502	4329.432477			4327.469952	4329.826719000001			2.0		1.0	1.0					
4336.536	17.44499999999971	trials	4.0	4349.050126	4350.341623			4348.419732	4351.647799			2.0		1.0	1.0					
4356.462	9.838999999999942	trials	4.0	4360.780933	4362.498742	4363.907385	4364.3356650000005	4360.2087630000005	4363.4038390000005	4364.587	4366.301	1.0	1.0	1.0	1.0					
4368.741	10.274999999999636	trials	4.0	4375.115259	4377.01081	4377.662107	4377.957042	4374.374067000001	4377.002502			1.0		0.0	2.0					
4382.026	17.625	trials	4.0	4395.490479	4397.15215	4399.054471	4399.655545	4394.546427	4398.423136			1.0	2.0	0.0	3.0					
4403.436	6.625	trials	4.0	4406.012142	4407.761892	4409.682177000001	4410.025587	4405.0723020000005	4409.1472810000005			1.0	2.0	0.0	3.0					
4413.05	17.62199999999939	trials	4.0	4425.293799	4426.618888	4428.705159	4429.218021000001	4424.29854	4428.230217	4429.481	4430.672	1.0	1.0	1.0	1.0					
4432.741	9.154999999999745	trials	4.0	4437.330256	4439.162358	4440.148465	4440.496963	4436.432034	4439.624794	4440.901	4441.896	1.0	1.0	1.0	1.0					
4445.916	9.599999999999454	trials	4.0	4449.895938	4451.001246	4453.777555000001	4454.071448000001	4449.211327	4453.29307	4454.462	4455.516	1.0	1.0	1.0	1.0					
4457.566	8.650000000000546	trials	4.0	4462.330708	4463.4549640000005	4464.50962	4464.768361	4461.460521	4464.048334	4465.252	4466.216	1.0	1.0	1.0	1.0					
4468.236	9.681000000000495	trials	4.0	4474.7953	4475.9129410000005	4476.904	4477.039189	4473.943484	4475.909319			1.0		0.0	2.0					
4479.975	15.010999999999513	trials	4.0	4491.155757	4492.493893	4494.175995	4494.465238000001	4490.637478000001	4493.644887			1.0	1.0	0.0	3.0					
4497.536	13.069999999999709	trials	4.0	4506.517972	4507.73797			4505.658855	4508.261302			2.0		1.0	1.0					
4513.021	9.020000000000437	trials	4.0	4517.215683	4518.33729	4520.288995	4520.5595730000005	4516.352119	4519.712281	4521.006	4522.041	1.0	2.0	1.0	1.0					
4525.065	8.036000000000058	trials	4.0	4528.911191	4529.967492	4531.559884	4531.864390000001	4528.3985920000005	4530.940243	4532.326	4533.101	1.0	2.0	1.0	1.0					
4537.161	7.9399999999996	trials	4.0	4540.5265500000005	4542.341701			4540.006587	4542.8484100000005			2.0		1.0	1.0					
4547.673	8.217999999999847	trials	4.0	4551.146328	4552.607845	4554.135072	4554.471445	4550.470846	4553.631828	4554.792	4555.891	1.0	1.0	1.0	1.0					
4559.997	7.458999999999833	trials	4.0	4564.311447	4565.766085	4567.146724	4567.3229440000005	4563.385735	4566.619069			1.0	2.0	0.0	3.0					
4570.466	15.18499999999949	trials	4.0	4581.061756	4582.872042	4583.93692	4584.21832	4580.120025	4583.478055	4584.587	4585.651	1.0	1.0	1.0	1.0					
4589.722	37.16400000000067	trials	4.0	4621.773141	4623.148753	4624.393851	4624.637511	4621.106238	4623.893331	4625.081	4626.886	1.0	1.0	1.0	1.0					
4630.961	9.259999999999309	trials	4.0	4632.723379	4634.3852320000005			4631.629054	4634.810124			2.0		1.0	1.0					
4640.442	4.475000000000364	trials	4.0	4642.151779	4642.8694590000005	4643.676174	4644.450508	4640.226618000001	4642.856623			1.0		0.0	2.0					
4647.941	10.436000000000604	trials	4.0	4652.517658000001	4654.548807			4651.6162810000005	4656.268755			2.0		1.0	1.0					
4662.821	7.9650000000001455	trials	4.0	4665.607183	4667.536347	4669.077015	4669.33806	4665.044625	4668.497193	4669.746	4670.786	1.0	1.0	1.0	1.0					
4672.887	9.753999999999905	trials	4.0	4678.492356000001	4680.477453	4681.024338	4681.227102	4677.632214	4680.505362	4681.676	4682.641	1.0	1.0	1.0	1.0					
4686.662	8.023999999999432	trials	4.0	4690.461979	4691.609185	4692.991696	4693.243102	4689.929116	4692.451991	4693.811	4694.686	1.0	1.0	1.0	1.0					
4697.741	9.24499999999989	trials	4.0	4702.621911	4704.269359	4705.157853000001	4705.484959	4701.779965	4704.470074	4705.851	4706.986	1.0	1.0	1.0	1.0					
4710.021	17.701000000000022	trials	4.0	4723.992243000001	4725.668877	4726.282135	4726.361595	4722.997533	4725.665731			1.0		0.0	2.0					
4729.776	15.635000000000218	trials	4.0	4741.252196	4742.408949000001			4740.497152	4742.996488000001	4744.801	4745.411	2.0		1.0	1.0					
4747.471	8.085000000000036	trials	4.0	4752.747459	4754.279796	4755.244335	4755.557982	4751.771283	4754.694487000001			1.0	2.0	0.0	3.0					
4759.561	11.00500000000011	trials	4.0	4767.202671	4768.564498			4766.288177	4768.557709000001			1.0		0.0	2.0					
4772.616	25.59600000000046	trials	4.0	4793.683942	4794.894828			4792.953439	4795.951789000001			2.0		1.0	1.0					
4801.673	6.568000000000211	trials	4.0	4803.559495	4805.421789			4802.679484	4805.962609			2.0		1.0	1.0					
4812.694	8.981999999999971	trials	4.0	4816.677694	4818.200665	4819.6728	4820.115443000001	4815.82017	4818.991983	4820.551	4821.676	1.0	1.0	1.0	1.0					
4823.597	9.365000000000691	trials	4.0	4828.117959	4830.168495	4830.851133	4831.098104000001	4827.464151	4830.159963	4831.502	4832.962	1.0	1.0	1.0	1.0					
4835.591	15.2549999999992	trials	4.0	4845.948223	4847.31109	4848.785246	4849.117704	4845.292564	4848.192699			2.0		0.0	4.0					
4852.901	12.760000000000218	trials	4.0	4861.407075	4862.820283	4864.07878	4864.424803	4860.473277	4863.556336	4864.736	4865.661	1.0	2.0	1.0	1.0					
4869.707	5.996000000000095	trials	4.0	4872.628123	4874.562481	4875.333861	4875.7031910000005	4871.757097	4874.81122			1.0	1.0	0.0	3.0					
4877.666	954.6710000000003	trials	4.0	5829.248785	5830.797735	5832.0338520000005	5832.296853	5828.274592	5831.291046			1.0	2.0	0.0	3.0					
5834.391	9.44000000000051	trials	4.0	5839.258671	5840.486097	5842.1308420000005	5842.458331	5838.531172	5841.460101000001	5842.831	5843.831	1.0	2.0	1.0	1.0					
5845.851	9.115000000000691	trials	4.0	5849.549202	5851.272067	5852.771244	5852.85112	5848.671319	5852.032912000001	5853.486	5854.966	1.0	1.0	1.0	1.0					
5857.941	8.96600000000035	trials	4.0	5861.244738	5862.265587	5864.855929	5865.271804	5860.642908	5864.317405			2.0		0.0	4.0					
5870.939	88.46900000000005	trials	4.0	5955.514029	5957.127238	5959.075211	5959.419175	5954.8653699999995	5958.415591			1.0	2.0	0.0	3.0					
5962.442	10.5600000000004	trials	4.0	5968.231087	5969.431103000001	5970.811078000001	5971.244292	5967.384232	5970.343615	5971.481	5973.002	1.0	1.0	1.0	1.0					
5977.031	8.704999999999927	trials	4.0	5980.934356	5982.72591	5983.707295	5984.210686	5980.278549000001	5983.140028	5984.531	5985.736	1.0	1.0	1.0	1.0					
5989.801	7.370999999999185	trials	4.0	5992.740441	5994.337705	5995.394031	5995.662232000001	5992.017358	5994.83637	5996.306	5997.172	1.0	1.0	1.0	1.0					
6000.236	8.94000000000051	trials	4.0	6004.84995	6005.913606	6007.36154	6007.586848	6003.892688	6006.792205	6008.061	6009.176	1.0	1.0	1.0	1.0					
6011.991	9.1899999999996	trials	4.0	6017.245012	6018.451749	6019.529638	6019.725211	6016.38651	6019.002793	6020.261	6021.181	1.0	1.0	1.0	1.0					
6024.271	33.77599999999984	trials	4.0	6053.68458	6055.22637	6056.299077	6056.605506	6052.837674	6055.8600160000005	6057.043	6058.047	1.0	1.0	1.0	1.0					
6062.106	6.155000000000655	trials	4.0	6063.871335	6065.61726	6066.652414	6066.820924	6063.338446	6066.079680000001	6067.446	6068.261	1.0	1.0	1.0	1.0					
6071.326	7.845999999999549	trials	4.0	6074.9453730000005	6076.622397			6073.96828	6077.117081			2.0		1.0	1.0					
6082.673	17.91400000000067	trials	4.0	6094.560216	6095.926567	6098.993442	6099.256077	6093.678438	6096.639808	6099.631	6100.587	1.0	2.0	1.0	1.0					
6102.606	10.690999999999804	trials	4.0	6110.625358	6112.088785	6112.9895830000005	6113.311594000001	6109.907401	6112.5045279999995			1.0	1.0	0.0	3.0					
6117.306	20.360000000000582	trials	4.0	6131.1323840000005	6132.778418	6137.251106000001	6137.665466	6130.219468	6132.766055			1.0		0.0	2.0					
6138.801	12.495999999999185	trials	4.0	6147.007279	6148.482956			6146.401	6149.06684	6140.712	6140.781	2.0		1.0	1.0					
6155.826	6.051000000000386	trials	4.0	6157.721251	6159.320528			6156.382665	6159.694936			2.0		1.0	1.0					
6164.391	7.7150000000001455	trials	4.0	6167.442766	6168.98347	6170.393206000001	6170.612777	6166.529555	6169.805231	6171.136	6172.106	1.0	1.0	1.0	1.0					
6174.123	11.432999999999993	trials	4.0	6180.486127	6182.395933000001	6183.768949	6184.082456	6179.792596	6183.116748	6184.471	6185.556	1.0	1.0	1.0	1.0					
6188.576	10.470999999999549	trials	4.0	6193.44625	6194.56279	6197.278508	6197.531387	6192.74881	6196.6969930000005	6198.047	6199.047	1.0	1.0	1.0	1.0					
6201.066	10.69000000000051	trials	4.0	6208.061579	6209.321525	6210.21778	6210.483501000001	6207.267124	6209.656935	6211.071	6211.756	1.0	2.0	1.0	1.0					
6214.776	26.38500000000022	trials	4.0	6238.406627	6239.723396	6240.841439	6241.093705	6237.434057	6240.367031000001			1.0	2.0	0.0	3.0					
6243.172	10.298999999999978	trials	4.0	6249.171207	6250.877867	6251.880501000001	6252.099296	6248.279906000001	6251.408761000001	6252.556	6253.471	1.0	1.0	1.0	1.0					
6255.506	28.085000000000036	trials	4.0	6279.802859	6281.318903	6282.51706	6282.784757	6279.072401	6282.094173			1.0	1.0	1.0	1.0					
6287.066	21.574999999999818	trials	4.0	6304.421026	6306.008695	6306.957195	6307.2459260000005	6303.463568	6306.515437	6307.641	6308.641	1.0	1.0	1.0	1.0					
6310.661	8.199999999999818	trials	4.0	6315.3664100000005	6316.809353000001			6314.848823	6316.801072			1.0		0.0	2.0					
6322.881	14.920000000000073	trials	4.0	6333.5575850000005	6334.667596			6333.016018	6335.638904			2.0		1.0	1.0					
6342.292	7.733999999999469	trials	4.0	6344.102293	6345.787082	6348.0325330000005	6348.343064000001	6343.418116	6347.526506	6348.781	6350.026	1.0	1.0	1.0	1.0					
6353.156	1537.9049999999997	BlockDesign														1.0	322.0	391.0	10.0	50.0
6353.156	8.100000000000364	trials	5.0	6357.096977	6358.623428			6356.536663	6359.043776			2.0		1.0	1.0					
6363.736	7.380000000000109	trials	5.0	6366.436939	6368.353764			6365.474402	6368.872979000001			2.0		1.0	1.0					
6374.676	7.085000000000036	trials	5.0	6378.086717	6379.574207000001	6381.362351	6381.765674	6377.481197	6380.851718			1.0	1.0	0.0	3.0					
6383.646	10.585000000000036	trials	5.0	6389.497109	6391.393997	6392.462587	6392.700931	6388.693663	6391.942603	6393.236	6394.231	1.0	2.0	1.0	1.0					
6397.048	6.632999999999811	trials	5.0	6401.087077	6402.754936	6403.355861	6403.609546000001	6400.543129000001	6402.8375080000005			1.0	1.0	0.0	3.0					
6407.737	7.243999999999687	trials	5.0	6411.579163	6412.9713950000005	6413.468872	6413.815214	6410.980147	6412.960862			1.0		0.0	2.0					
6416.991	121.02999999999975	trials	5.0	6532.7428	6533.9641360000005			6532.23269	6534.746204	6536.471	6538.021	2.0		1.0	1.0					
6540.038	17.299000000000888	trials	5.0	6553.063599	6554.774877			6552.234923	6555.125902			2.0		1.0	1.0					
6559.911	6.019999999999527	trials	5.0	6562.747694000001	6564.334650000001	6565.438827	6565.93678	6561.7959200000005	6564.947765			1.0	1.0	0.0	3.0					
6567.827	9.93499999999949	trials	5.0	6572.818444	6574.6150370000005	6576.133419	6576.395489	6572.206147	6575.595802	6576.741	6577.762	1.0	2.0	1.0	1.0					
6580.845	10.71099999999933	trials	5.0	6587.373334	6589.039315	6589.957588	6590.213364	6586.4750540000005	6589.436900000001	6590.596	6591.556	1.0	2.0	1.0	1.0					
6595.611	6.900000000000546	trials	5.0	6598.58795	6599.74828			6597.865738	6600.324031			2.0		1.0	1.0					
6606.041	4.755999999999403	trials	5.0	6607.913077	6609.500635	6610.483192000001	6610.754994	6607.368776	6609.870971			1.0	1.0	0.0	3.0					
6612.856	9.445000000000618	trials	5.0	6618.11387	6619.326326	6620.626204	6620.93804	6617.424284000001	6620.021063	6621.381	6622.301	1.0	2.0	1.0	1.0					
6626.326	22.3100000000004	trials	5.0	6645.26057	6647.200471	6648.289181	6648.5195810000005	6644.601941	6647.747136			1.0	2.0	0.0	3.0					
6651.691	6.3400000000001455	trials	5.0	6655.408893	6656.530676	6657.701312	6657.952085	6654.543229	6657.27026			1.0	1.0	0.0	3.0					
6661.046	12.864999999999782	trials	5.0	6670.698513	6672.69308	6673.527203000001	6673.917107	6669.955403	6672.987101000001			1.0	2.0	0.0	3.0					
6677.888	7.949000000000524	trials	5.0	6680.510101	6682.286099	6682.947412	6683.722847	6679.574663	6682.274170000001			1.0		0.0	2.0					
6686.332	19.97899999999936	trials	5.0	6702.99365	6704.597112	6705.98848	6706.166679	6702.356255000001	6705.504001			1.0	1.0	0.0	3.0					
6709.366	47.29500000000007	trials	5.0	6753.635928000001	6754.7945580000005	6756.191191	6756.66763	6752.975908	6755.661996000001			1.0	1.0	0.0	3.0					
6760.531	15.00500000000011	trials	5.0	6771.954014	6773.036029	6775.143454	6775.541711	6771.194944	6774.6733970000005			1.0	1.0	0.0	3.0					
6777.511	17.7549999999992	trials	5.0	6790.89998	6792.755306			6790.039633	6793.061659			2.0		1.0	1.0					
6799.796	6.824999999999818	trials	5.0	6802.470782	6803.59075	6806.149979	6806.628517	6801.568130000001	6805.6188440000005			1.0	1.0	0.0	3.0					
6810.479	17.67199999999957	trials	5.0	6821.754412	6823.643183	6825.67277	6826.0761760000005	6821.023205	6825.134073			1.0	2.0	0.0	3.0					
6830.036	13.104999999999563	trials	5.0	6838.899792	6840.78182	6842.083070000001	6842.457904	6838.142461	6841.521889000001			1.0	2.0	1.0	1.0					
6846.656	11.963999999999942	trials	5.0	6854.829947	6856.769835	6858.225863000001	6858.617624	6853.891559000001	6857.699432			1.0	1.0	0.0	3.0					
6860.612	9.899000000000342	trials	5.0	6865.50489	6867.292564	6868.957592000001	6869.218818	6864.946631000001	6868.4649930000005	6869.631	6870.511	1.0	2.0	1.0	1.0					
6872.528	10.72400000000016	trials	5.0	6878.11502	6880.066162	6881.197656	6881.534112	6877.294599000001	6880.468016000001			2.0		0.0	4.0					
6887.261	5.8159999999998035	trials	5.0	6890.181283	6891.7776890000005	6892.75416	6892.96687	6889.336036000001	6892.266012			1.0	2.0	0.0	3.0					
6897.091	40.746000000000095	trials	5.0	6933.695226	6935.291861000001	6937.453213000001	6937.8438240000005	6932.7580370000005	6936.962829			1.0	1.0	0.0	3.0					
6940.781	11.795000000000073	trials	5.0	6948.865219	6950.672171	6952.253561	6952.388881	6948.178631000001	6951.70581			1.0	1.0	0.0	3.0					
6954.582	22.768999999999323	trials	5.0	6970.674926000001	6971.771543000001			6969.807199	6975.177491			2.0		1.0	1.0					
6979.816	6.039999999999964	trials	5.0	6982.311248	6984.282167	6985.53538	6985.670814	6981.639349	6984.97354			1.0	1.0	0.0	3.0					
6989.906	37.84600000000046	trials	5.0	7022.925231	7024.610835	7026.1481890000005	7026.456137	7022.145918	7025.485974	7026.886	7027.752	1.0	2.0	1.0	1.0					
7030.776	6.199999999999818	trials	5.0	7033.432481	7034.922345	7036.5464870000005	7036.982651	7032.88627	7035.980158			1.0	2.0	0.0	3.0					
7039.935	23.570999999999913	trials	5.0	7060.472775	7062.162491	7063.190708	7063.445045	7059.605613000001	7062.693149000001			1.0	2.0	0.0	3.0					
7066.516	14.045000000000073	trials	5.0	7076.723248	7077.903551	7080.220712	7080.566512	7076.084549	7079.73242			1.0	1.0	0.0	3.0					
7084.601	51.01500000000033	trials	5.0	7123.276673	7124.684405	7131.739501	7132.363513	7122.559991	7125.599291			1.0	1.0	0.0	3.0					
7136.066	19.230999999999767	trials	5.0	7150.166618	7152.042953	7153.049557	7153.379522	7149.285787000001	7152.587905			1.0	1.0	0.0	3.0					
7155.381	15.589999999999236	trials	5.0	7166.73238	7167.963970000001			7165.792979	7168.752257			2.0		1.0	1.0					
7174.502	13.104999999999563	trials	5.0	7184.917109	7185.604948			7184.129248	7185.598021			1.0		0.0	2.0					
7189.616	14.989999999999782	trials	5.0	7200.716795	7202.3580010000005	7204.2421620000005	7204.616309	7199.839267	7203.700126			1.0	1.0	0.0	3.0					
7208.587	20.16899999999987	trials	5.0	7224.698568	7226.703725	7228.4417300000005	7228.717938	7223.85728	7227.90901			1.0	1.0	0.0	3.0					
7232.806	16.0	trials	5.0	7241.661961	7243.446562	7247.048075000001	7248.189896	7240.993948	7243.9888630000005			1.0	1.0	0.0	3.0					
7249.366	4.511000000000422	trials	5.0	7251.041829	7252.4461870000005	7253.559064	7253.849410000001	7248.813340000001	7252.9455100000005			1.0	2.0	0.0	3.0					
7256.939	22.75799999999981	trials	5.0	7275.862889	7276.9393150000005			7274.886494	7277.442998			2.0		1.0	1.0					
7284.216	11.09099999999944	trials	5.0	7291.502693	7292.699537			7290.826277	7293.065918			2.0		1.0	1.0					
7298.781	11.931000000000495	trials	5.0	7306.728145	7308.1496050000005			7306.085423	7308.612505			2.0		1.0	1.0					
7313.236	15.545000000000073	trials	5.0	7317.3422	7318.93961	7327.128194000001	7327.318108	7316.399783000001	7322.965789	7327.896	7328.781	1.0	2.0	1.0	1.0					
7331.806	8.015000000000327	trials	5.0	7335.889244	7337.750387	7339.3947610000005	7339.8305740000005	7334.983126	7338.638015			1.0	1.0	0.0	3.0					
7341.718	17.547999999999774	trials	5.0	7354.349647	7355.744398000001	7357.39562	7357.708355000001	7353.386357	7356.841112	7358.141	7359.266	1.0	2.0	1.0	1.0					
7362.087	31.433999999999287	trials	5.0	7389.028727000001	7390.6700710000005	7391.8535600000005	7392.044822	7388.058028	7391.351729	7392.481	7393.521	1.0	2.0	1.0	1.0					
7396.582	8.943999999999505	trials	5.0	7401.077897	7402.833829	7403.870113	7404.139835	7400.5459040000005	7403.264282	7404.621	7405.526	1.0	2.0	1.0	1.0					
7407.547	10.423999999999978	trials	5.0	7412.797969	7413.958936	7416.097721	7416.397874	7411.844768	7415.461486	7416.797	7417.971	1.0	2.0	1.0	1.0					
7422.026	9.31500000000051	trials	5.0	7429.418224	7430.49495	7431.038549000001	7431.333169	7428.6735340000005	7430.518115000001			1.0	2.0	0.0	3.0					
7435.347	20.694000000000415	trials	5.0	7452.643943	7454.635735	7455.723156	7456.038724	7451.881807	7455.055748000001			1.0	2.0	0.0	3.0					
7460.096	9.1850000000004	trials	5.0	7465.043549	7466.891447	7468.8764	7469.291806	7464.506044	7468.4066920000005			1.0	1.0	0.0	3.0					
7471.205	18.065999999999804	trials	5.0	7485.064228	7486.530722	7487.695267	7487.957513	7484.3873060000005	7487.20507	7488.476	7489.271	1.0	2.0	1.0	1.0					
7492.291	8.74499999999989	trials	5.0	7497.038628	7498.525720000001			7496.439373	7499.009977			2.0		1.0	1.0					
7503.586	30.034999999999854	trials	5.0	7529.060294000001	7530.715365	7532.108461	7532.395684	7528.478599	7531.532681000001	7532.976	7533.621	1.0	2.0	1.0	1.0					
7536.682	105.58399999999983	trials	5.0	7637.089721	7639.060117	7640.456104000001	7640.751418	7636.300738	7639.843611	7641.191	7642.266	1.0	2.0	1.0	1.0					
7644.329	7.179000000000087	trials	5.0	7647.774685	7649.782049	7651.029719	7651.51588	7647.088132000001	7650.497564			1.0	2.0	0.0	3.0					
7655.342	14.654000000000451	trials	5.0	7665.321191	7666.991317			7664.4058860000005	7667.937854			2.0		1.0	1.0					
7672.526	8.069999999999709	trials	5.0	7677.444952	7678.721680000001	7680.287266	7680.5961800000005	7676.701991	7679.63075			1.0	2.0	0.0	3.0					
7682.65	42.371000000000095	trials	5.0	7716.641517	7717.890839			7715.910949	7718.487262000001			2.0		1.0	1.0					
7725.191	6.324999999999818	trials	5.0	7727.105911000001	7729.0132490000005			7725.034128	7729.334870000001			2.0		1.0	1.0					
7734.031	12.545000000000073	trials	5.0	7741.240061	7743.231925	7744.897997	7745.214659	7740.48235	7744.256911	7745.541	7746.576	1.0	2.0	1.0	1.0					
7749.601	8.680000000000291	trials	5.0	7754.825539	7756.27759			7753.976444	7756.264838			1.0		0.0	2.0					
7761.317	120.9350000000004	trials	5.0	7877.227628000001	7878.578435	7880.412797	7880.681500000001	7876.427093	7879.829167	7881.131	7882.252	1.0	2.0	1.0	1.0					
7885.271	5.789999999999964	trials	5.0	7888.380829	7889.808497	7890.787765	7891.072459	7887.845936	7890.2778260000005			1.0	2.0	0.0	3.0					
7893.111	7923.311000000001	BlockDesign														1.0	392.0	696.0	50.0	90.0
7893.111	9.480000000000473	trials	6.0	7899.25102	7900.564741	7902.157688	7902.6048630000005	7898.5221710000005	7901.549569000001			1.0	1.0	0.0	3.0					
7905.536	21.34100000000035	trials	6.0	7922.361653	7923.636232000001	7925.216452000001	7925.510356000001	7921.651706000001	7924.707949000001	7925.931	7926.877	1.0	2.0	1.0	1.0					
7928.896	8.981000000000677	trials	6.0	7934.012495	7935.828347000001			7933.282274	7935.823792			2.0		0.0	2.0					
7940.911	21.399999999999636	trials	6.0	7953.886621000001	7955.746226	7960.02862	7960.563787	7953.243926	7956.394741	7960.816	7962.311	1.0	1.0	1.0	1.0					
7964.397	11.274999999999636	trials	6.0	7970.893156	7972.171945	7973.670875	7973.961937	7970.244712	7973.161021			2.0		0.0	4.0					
7977.681	22.3100000000004	trials	6.0	7996.382308	7998.326231	7999.6531700000005	8000.004871	7995.6574120000005	7999.094551			1.0	1.0	0.0	3.0					
8001.972	12.418999999999869	trials	6.0	8009.63162	8011.482863	8012.610344000001	8012.891222	8009.120428	8012.043862	8013.377	8014.391	1.0	2.0	1.0	1.0					
8017.271	21.765000000000327	trials	6.0	8034.313817	8035.91671	8037.504948	8037.733226	8033.466547	8036.976464	8038.142	8039.036	1.0	2.0	1.0	1.0					
8043.102	12.078999999999724	trials	6.0	8050.703513	8051.920817	8053.393253	8053.63904	8049.963574	8052.830851000001	8054.066	8055.181	1.0	2.0	1.0	1.0					
8059.205	9.29700000000048	trials	6.0	8065.492939	8066.453941	8067.162197000001	8067.252606	8064.531994	8066.450204000001			1.0		0.0	2.0					
8070.556	222.21200000000044	trials	6.0	8287.338101000001	8288.709003	8291.026628	8291.3226	8286.821455000001	8290.401044	8235.721	8292.768	1.0	2.0	1.0	1.0					
8295.801	15.739999999999782	trials	6.0	8307.908447	8308.974829			8307.168941	8309.400542			2.0		1.0	1.0					
8316.006	6.507999999999811	trials	6.0	8317.535654	8319.370492	8320.678604	8320.974025	8316.075395	8319.941894	8321.422	8322.514	1.0	2.0	1.0	1.0					
8325.441	7.869999999998981	trials	6.0	8328.910230000001	8330.735936000001			8328.401707	8331.06998			2.0		1.0	1.0					
8336.781	6.164999999999054	trials	6.0	8339.065097	8340.255238	8341.302536	8341.542836	8338.44745	8340.682977	8341.976	8342.946	1.0	2.0	1.0	1.0					
8345.006	9.480999999999767	trials	6.0	8351.04865	8352.490379	8353.184003	8353.552868	8350.056971	8352.480583			1.0		0.0	2.0					
8358.496	17.8650000000016	trials	6.0	8370.673495000001	8372.04664	8374.419606	8374.949677	8370.06128	8373.819358	8375.011	8376.361	1.0	1.0	1.0	1.0					
8379.381	8.121000000001004	trials	6.0	8383.178856	8384.361143	8385.682552	8385.930655	8382.640085	8385.083582	8386.326	8387.502	1.0	1.0	1.0	1.0					
8389.564	18.763999999999214	trials	6.0	8405.730884	8406.930684	8407.964243	8408.330075	8404.732421	8407.409653			1.0	1.0	0.0	3.0					
8412.276	15.149999999999636	trials	6.0	8422.924277	8424.33611			8422.182968000001	8425.103028000001			2.0		1.0	1.0					
8430.897	4.933999999999287	trials	6.0	8432.884082	8433.920834	8435.485669	8435.843837	8432.354678	8434.947143000001			1.0	2.0	0.0	3.0					
8439.838	17.243000000000393	trials	6.0	8453.445274	8455.255987	8456.507515000001	8457.095747	8452.695638000001	8456.063023			1.0	1.0	0.0	3.0					
8458.871	21.125	trials	6.0	8474.415008	8476.40819	8478.377814	8478.645982	8473.765354	8477.845177	8479.131	8479.996	1.0	2.0	1.0	1.0					
8484.05	7.251000000000204	trials	6.0	8486.731282	8488.726705000001			8485.828862	8489.14795			2.0		1.0	1.0					
8494.804	7.7369999999991705	trials	6.0	8497.704704	8498.946496	8500.619066	8500.91663	8496.848333	8500.018582	8501.321	8502.541	1.0	1.0	1.0	1.0					
8506.561	10.534999999999854	trials	6.0	8513.059714	8514.697895000001	8515.515220000001	8515.774682	8512.128518000001	8514.966852000001	8516.172	8517.096	1.0	2.0	1.0	1.0					
8520.116	9.1200000000008	trials	6.0	8526.075502	8527.860401	8528.597267000001	8528.955062	8525.441895	8527.810822			1.0	1.0	0.0	3.0					
8531.926	19.34100000000035	trials	6.0	8546.820674	8548.761524000001			8545.829083	8549.123798			2.0		1.0	1.0					
8555.886	5.087999999999738	trials	6.0	8557.710253000001	8559.543440000001	8560.652971	8560.983383	8557.139324	8560.01114			1.0	2.0	0.0	3.0					
8563.976	20.664999999999054	trials	6.0	8579.839967	8581.631567			8579.135699	8582.141017	8584.096	8584.641	2.0		1.0	1.0					
8586.706	13.885000000000218	trials	6.0	8598.089968	8599.364396	8600.128577	8600.607839	8597.293661	8599.628693			1.0	1.0	0.0	3.0					
8603.441	14.270999999998821	trials	6.0	8614.094906	8615.721718	8617.402586	8617.636716	8613.281257	8616.838585000001			1.0	1.0	0.0	3.0					
8621.716	11.19000000000051	trials	6.0	8627.526839	8628.754109000001	8631.290878	8631.612104	8626.876349	8630.728942	8632.031	8632.906	1.0	2.0	1.0	1.0					
8636.976	8.349999999998545	trials	6.0	8641.036988	8642.571815			8640.078668	8643.215422000001			2.0		1.0	1.0					
8647.852	7.293999999999869	trials	6.0	8651.316926	8653.097125	8653.691805	8654.051982	8650.618322	8653.091746			1.0		0.0	2.0					
8658.156	35.039999999999054	trials	6.0	8688.647218	8690.237767	8691.57529	8691.907825	8687.68822	8690.94879	8692.396	8693.196	1.0	2.0	1.0	1.0					
8696.271	14.590000000000146	trials	6.0	8707.595407	8708.827715	8710.516712	8710.87681	8706.732115	8709.943319			1.0	1.0	0.0	3.0					
8713.871	86.93000000000029	trials	6.0	8796.641567	8798.293133	8799.175933	8799.424147	8795.771213	8798.686859000001	8799.861	8800.801	1.0	1.0	1.0	1.0					
8804.867	9.055000000000291	trials	6.0	8810.983201000001	8811.92798	8812.508302	8812.843169	8810.035396	8811.916135			1.0		0.0	2.0					
8815.941	6.375	trials	6.0	8818.487204000001	8819.557577	8820.66228	8820.93593	8817.597884	8820.172006	8821.446	8822.316	1.0	1.0	1.0	1.0					
8824.381	16.63500000000022	trials	6.0	8832.821801	8834.195718	8839.863875000001	8840.376663000001	8831.893546	8835.237221			1.0	1.0	0.0	3.0					
8842.176	19.095000000001164	trials	6.0	8857.74211	8859.548421	8860.956952	8861.239175	8856.849857000001	8860.318345			1.0	1.0	0.0	3.0					
8864.328	120.22299999999996	trials	6.0	8981.188365	8982.618022	8983.547259	8983.836455	8980.46299	8983.027346			1.0	2.0	1.0	1.0					
8988.126	11.104999999999563	trials	6.0	8994.35888	8995.459559	8996.777529	8996.948095	8993.375240000001	8996.231771	8997.521	8999.231	1.0	2.0	1.0	1.0					
9003.286	7.985000000000582	trials	6.0	9006.882857	9008.040254	9009.276461000001	9009.521423	9006.074918	9008.590262	9010.002	9011.271	1.0	2.0	1.0	1.0					
9013.291	11.8650000000016	trials	6.0	9020.859238000001	9022.603919000001			9019.921856	9023.028605			2.0		1.0	1.0					
9027.66	14.781000000000859	trials	6.0	9037.552747	9039.473579000001	9040.165762	9040.545617	9036.920246	9039.549191	9040.826	9042.441	1.0	1.0	1.0	1.0					
9046.096	10.475000000000364	trials	6.0	9052.319162	9054.022502			9051.796568	9054.294749			2.0		1.0	1.0					
9061.071	4.2150000000001455	trials	6.0	9063.017882	9063.294866	9064.053098	9064.434212	9061.159463	9063.286820000001			1.0		0.0	2.0					
9069.292	14.434000000001106	trials	6.0	9079.81372	9081.176958			9078.937307	9081.604865000001	9075.666	9075.676	2.0		1.0	1.0					
9086.256	7.956000000000131	trials	6.0	9090.738286	9092.225189	9093.128317	9093.309746	9089.858549	9092.215363			1.0		0.0	2.0					
9096.241	20.761000000000422	trials	6.0	9112.900078	9114.309662	9115.449357000001	9115.691122	9111.992501	9114.883121	9116.161	9117.002	1.0	2.0	1.0	1.0					
9119.068	7.798000000000684	trials	6.0	9122.360173000001	9124.156984000001	9125.209634	9125.438737	9121.704037	9124.6649	9125.946	9126.866	1.0	2.0	1.0	1.0					
9128.883	33.798000000000684	trials	6.0	9159.181754000001	9160.690508			9158.254108000001	9160.67993			1.0		0.0	2.0					
9165.707	23.52900000000045	trials	6.0	9181.18155	9182.688006	9186.107184	9186.621815	9180.418062	9183.235501			1.0	1.0	0.0	3.0					
9189.456	27.375	trials	6.0	9212.846717	9214.188449	9215.340525	9215.601504	9212.266	9214.802662	9216.096	9216.831	1.0	2.0	1.0	1.0					
9220.942	7.859000000000378	trials	6.0	9224.411074	9225.80709	9226.84863	9227.306807	9223.488975	9226.257134	9227.556	9228.801	1.0	1.0	1.0	1.0					
9232.821	6.924999999999272	trials	6.0	9235.337993	9237.229724			9234.546063	9237.632399			2.0		1.0	1.0					
9243.267	5.924000000000888	trials	6.0	9244.946484	9246.614493000001			9244.326447	9247.064901			2.0		1.0	1.0					
9251.646	6.760000000000218	trials	6.0	9254.581365	9255.889629			9254.055229	9256.215762			2.0		1.0	1.0					
9261.962	11.529000000000451	trials	6.0	9267.351993	9269.371861	9273.071979	9273.48626	9266.604579	9269.775734			1.0	2.0	0.0	3.0					
9275.442	9.09900000000016	trials	6.0	9281.731679	9282.873851	9284.21076	9284.521539	9280.895775	9283.693767			1.0	1.0	0.0	3.0					
9288.551	23.911000000000058	trials	6.0	9307.956222	9309.568486	9310.87045	9311.279936	9307.097072	9310.355268	9311.646	9312.462	1.0	2.0	1.0	1.0					
9315.481	6.6599999999998545	trials	6.0	9319.778148	9321.180356	9321.775157	9322.142156	9318.802365	9321.229155			1.0	2.0	0.0	3.0					
9326.156	21.67399999999907	trials	6.0	9343.969443	9345.468804	9347.465897	9347.803932	9343.291575	9346.880979			1.0	1.0	0.0	3.0					
9351.816	20.674999999999272	trials	6.0	9367.916633	9369.099084	9370.39299	9370.731963	9367.120244	9369.914472	9371.151	9372.491	1.0	2.0	1.0	1.0					
9374.016	9.486000000000786	trials	6.0	9379.557458	9380.686425			9379.030224	9381.194082			2.0		1.0	1.0					
9387.971	6.531000000000859	trials	6.0	9390.372018	9391.452441	9392.915247	9393.211088	9389.512752	9392.299608	9393.726	9394.502	1.0	2.0	1.0	1.0					
9396.56	9.726000000000568	trials	6.0	9402.214068	9403.768712000001			9401.218095	9404.248026			2.0		1.0	1.0					
9410.866	8.584999999999127	trials	6.0	9414.812729	9416.703878	9417.733291	9418.12079	9414.046074	9417.196463	9418.377	9419.451	1.0	2.0	1.0	1.0					
9421.492	9.298999999999069	trials	6.0	9426.609635	9428.734256			9425.919863	9428.727804			2.0		0.0	2.0					
9434.847	9.588999999999942	trials	6.0	9439.357613	9440.906718	9442.490534	9442.891446	9438.816233	9441.942748	9443.176	9444.436	1.0	1.0	1.0	1.0					
9447.506	7.746000000001004	trials	6.0	9450.792294	9452.197574	9453.208014	9453.502827	9449.937996	9452.68146	9453.886	9455.252	1.0	1.0	1.0	1.0					
9457.101	10.27599999999984	trials	6.0	9463.379394	9464.551179	9465.837334	9466.095353	9462.627626	9465.340694	9466.536	9467.377	1.0	2.0	1.0	1.0					
9470.427	8.213999999999942	trials	6.0	9474.26334	9475.899660000001	9476.994522	9477.239295	9473.460341	9476.497085	9477.726	9478.641	1.0	2.0	1.0	1.0					
9481.741	7.739999999999782	trials	6.0	9485.152565	9486.96978	9487.829867	9488.102838	9484.223354	9487.330418	9488.521	9489.481	1.0	2.0	1.0	1.0					
9491.587	11.180000000000291	trials	6.0	9498.667663	9500.401318	9501.027822	9501.319466	9497.752169	9500.406276	9501.712	9502.767	1.0	1.0	1.0	1.0					
9505.816	7.099999999998545	trials	6.0	9510.013701	9510.905056	9511.568972000001	9511.655819	9509.439242	9510.900588			1.0		0.0	2.0					
9514.962	12.514000000001033	trials	6.0	9523.383677	9524.871691			9522.637953	9525.291774			2.0		1.0	1.0					
9529.996	8.095000000001164	trials	6.0	9534.456637	9536.025174	9536.647827	9536.929462	9533.731812	9536.021673			1.0		0.0	2.0					
9540.146	35.039999999999054	trials	6.0	9570.718999	9572.57844	9573.402339	9573.638382000001	9569.797524	9572.96805	9574.151	9575.186	1.0	1.0	1.0	1.0					
9577.148	9.963000000001557	trials	6.0	9583.478573	9585.105083			9582.643146	9585.09471			1.0		0.0	2.0					
9591.121	36.75600000000122	trials	6.0	9622.693689	9624.36749	9626.040852	9626.352764	9622.17779	9625.590636	9626.736	9627.877	1.0	1.0	1.0	1.0					
9630.911	7.319999999999709	trials	6.0	9634.164011	9635.650427			9633.56282	9636.114386			2.0		1.0	1.0					
9642.728	5.847999999999956	trials	6.0	9644.583653	9646.063371	9646.932983	9647.142403	9643.157022	9646.478163	9647.837	9648.576	1.0	1.0	1.0	1.0					
9652.657	8.074000000000524	trials	6.0	9656.759852	9657.90573			9655.968722	9658.573425			2.0		1.0	1.0					
9664.182	13.423999999999069	trials	6.0	9674.333565	9675.596412	9676.799665	9677.10182	9673.386685	9675.592557			1.0		0.0	2.0					
9681.616	10.501000000000204	trials	6.0	9689.014691	9690.58042	9691.732152	9692.113167	9688.186157	9691.104591			1.0	1.0	0.0	3.0					
9695.067	17.669000000001688	trials	6.0	9710.130759	9711.464822	9712.424831	9712.651964	9709.243493	9711.972209			1.0	1.0	0.0	3.0					
9716.791	42.20499999999993	trials	6.0	9754.664269	9755.850918	9757.30377	9757.572091	9753.711534	9756.766536	9758.071	9758.996	1.0	1.0	1.0	1.0					
9761.063	9.282999999999447	trials	6.0	9765.934871	9767.775267			9765.402771000001	9768.185102			2.0		1.0	1.0					
9773.816	9.029999999998836	trials	6.0	9778.181194	9779.920533	9780.857498	9781.181435	9777.214766000001	9780.320133	9781.656	9782.846	1.0	1.0	1.0	1.0					
9784.906	8.265999999999622	trials	6.0	9789.819616	9791.431516	9792.539438	9793.172641000001	9789.140801	9791.941317			1.0	1.0	0.0	3.0					
9794.896	15.730999999999767	trials	6.0	9806.756282	9808.036194	9809.161746	9809.340431	9806.078778	9808.671702	9809.922	9810.627	1.0	2.0	1.0	1.0					
9814.646	8.581000000000131	trials	6.0	9818.760805	9820.651559			9818.020461	9820.952722			2.0		1.0	1.0					
9826.716	8.161000000000058	trials	6.0	9831.209715	9833.172092	9834.388997	9834.879637	9830.655258	9833.822406			1.0	1.0	0.0	3.0					
9836.734	9.621999999999389	trials	6.0	9843.940347	9845.504033	9846.01235	9846.356403	9842.974034	9845.530579			1.0	2.0	0.0	3.0					
9849.391	79.94000000000051	trials	6.0	9925.216877	9926.562045	9927.597844	9927.844929	9924.333281	9927.083882	9928.341	9929.331	1.0	2.0	1.0	1.0					
9932.347	7.068999999999505	trials	6.0	9935.365497	9936.751836	9937.782974	9938.035713	9934.823612	9937.200083	9938.547	9939.416	1.0	2.0	1.0	1.0					
9942.436	10.194999999999709	trials	6.0	9947.685590000001	9949.637783	9950.851485	9951.008042	9946.962578	9950.253201	9951.561	9952.631	1.0	2.0	1.0	1.0					
9956.572	7.114999999999782	trials	6.0	9959.882651	9961.468374	9961.942427	9962.232741	9958.966569	9961.422657	9962.791	9963.687	1.0	2.0	1.0	1.0					
9965.696	10.149999999999636	trials	6.0	9972.391271	9973.792169			9971.462091	9973.785531			1.0		0.0	2.0					
9978.877	8.713999999999942	trials	6.0	9983.850804	9984.9843			9983.254313	9985.30121			2.0		1.0	1.0					
9992.066	10.605999999999767	trials	6.0	9998.316069	10000.022463	10001.074258	10001.39869	9997.418544	10000.558887	10001.741	10002.672	1.0	2.0	1.0	1.0					
10005.734	7.813000000000102	trials	6.0	10010.636915	10011.542721	10012.232668	10012.499993	10009.794293	10011.532650000001			1.0		0.0	2.0					
10016.606	26.920000000000073	trials	6.0	10039.416357	10040.558587	10041.842868	10042.156431	10038.707781000001	10041.321888	10042.547	10043.526	1.0	1.0	1.0	1.0					
10045.547	49.07999999999993	trials	6.0	10090.569206	10092.113537			10089.761915	10092.435972			2.0		1.0	1.0					
10097.206	6.467000000000553	trials	6.0	10100.561694	10102.278013	10103.345409	10103.674869	10099.823093	10102.766			1.0	2.0	0.0	3.0					
10105.731	7.566000000000713	trials	6.0	10110.177935	10111.848441	10112.849535	10113.300747	10109.346102	10112.31511			1.0	1.0	0.0	3.0					
10117.181	17.51800000000003	trials	6.0	10131.671658	10133.187761	10134.317255	10134.694013	10131.062545	10133.820224			1.0	1.0	0.0	3.0					
10138.676	57.845000000001164	trials	6.0	10192.707225	10193.948729			10192.109106	10194.397715			2.0		1.0	1.0					
10198.986	57.914999999999054	trials	6.0	10253.233821	10254.385764			10252.708037	10254.819035	10225.877	10225.886	2.0		1.0	1.0					
10259.411	129.57999999999993	trials	6.0	10385.429438	10386.985899	10387.61244	10387.946738	10384.458423	10386.978713			1.0		0.0	2.0					
10392.042	21.684000000001106	trials	6.0	10409.392518	10410.959765	10412.12625	10412.389940000001	10408.579203	10411.540872	10412.891	10413.726	1.0	2.0	1.0	1.0					
10417.791	8.590000000000146	trials	6.0	10422.126569	10423.656732	10424.507828	10424.914191	10421.332012	10424.009918	10425.34	10426.381	1.0	1.0	1.0	1.0					
10430.441	7.795000000000073	trials	6.0	10434.970128	10436.200663			10434.114888	10436.193283			1.0		0.0	2.0					
10440.287	17.939000000000306	trials	6.0	10453.73394	10455.183968	10456.607666	10456.930674	10452.849081	10456.05759	10457.306	10458.226	1.0	2.0	1.0	1.0					
10462.288	7.6340000000000146	trials	6.0	10464.818546	10466.884422	10467.91127	10468.244285	10464.216824	10467.245675			2.0		0.0	4.0					
10472.972	7.201000000000931	trials	6.0	10477.298313	10478.386999	10479.806708	10480.085037	10476.516708	10479.292236			1.0	1.0	0.0	3.0					
10483.226	26.49499999999898	trials	6.0	10506.658601	10507.87076	10509.235331	10509.72722	10505.734865	10508.695621			1.0	1.0	0.0	3.0					
10512.561	10.050000000001091	trials	6.0	10518.04383	10519.302762	10520.988831	10521.242885	10517.11219	10520.420151	10521.627	10522.611	1.0	2.0	1.0	1.0					
10525.631	8.483000000000175	trials	6.0	10530.314184	10532.057439	10532.891859	10533.15392	10529.690401	10532.053781			1.0		0.0	2.0					
10536.146	82.56999999999971	trials	6.0	10614.284762	10616.15109	10617.282881	10617.463799000001	10613.776695	10616.674439	10618.116	10618.716	1.0	2.0	1.0	1.0					
10622.782	5.0790000000015425	trials	6.0	10624.784807	10626.356467	10627.497155000001	10627.850222000001	10623.71134	10626.944874			1.0	1.0	0.0	3.0					
10631.872	21.739000000001397	trials	6.0	10649.294706	10651.035602			10648.414803	10651.526465			2.0		1.0	1.0					
10657.097	6.054000000000087	trials	6.0	10658.981133	10660.373214	10661.383092	10661.642459	10657.856838	10660.842603000001	10662.066	10663.151	1.0	1.0	1.0	1.0					
10666.221	9.865999999999985	trials	6.0	10671.235152	10673.274286			10670.413001	10673.909631			2.0		1.0	1.0					
10680.642	6.004000000000815	trials	6.0	10682.475098	10683.862004	10684.975542	10685.152446	10681.281659	10684.434716	10685.706	10686.646	1.0	2.0	1.0	1.0					
10688.581	30.09100000000035	trials	6.0	10713.985029	10715.741681	10717.149044	10717.440984	10713.392156	10716.577488	10704.531	10718.672	1.0	2.0	1.0	1.0					
10720.741	49.61499999999978	trials	6.0	10767.390929000001	10768.352934	10768.877825	10769.213306	10766.433193	10768.343852			1.0		0.0	2.0					
10774.411	5.511000000000422	trials	6.0	10776.200861	10777.362017			10775.099175	10777.83195			2.0		1.0	1.0					
10783.47	8.032000000001062	trials	6.0	10787.035709	10788.128951	10789.385692	10789.753557	10786.036253	10788.891812	10790.146	10791.502	1.0	2.0	1.0	1.0					
10794.521	25.38500000000022	trials	6.0	10815.391299	10817.397902			10814.781746	10817.865024			2.0		1.0	1.0					
10822.431	33.409999999999854	trials	6.0	10851.441126	10852.522761	10853.785656	10854.248553	10850.542254	10853.165901			2.0		0.0	4.0					
10858.873	15.463999999999942	trials	6.0	10870.120988	10871.577272			10869.331589	10872.16766			2.0		1.0	1.0					
10878.924	5.816999999999098	trials	6.0	10880.546	10882.35708	10883.221548	10883.459115	10879.507163	10882.743764	10883.962	10884.741	1.0	2.0	1.0	1.0					
10888.771	22.099999999998545	trials	6.0	10906.341101	10908.202712	10909.037755	10909.391304	10905.819264	10908.507243	10909.797	10910.871	1.0	1.0	1.0	1.0					
10914.886	6.709999999999127	trials	6.0	10918.586338000001	10919.592465			10917.606719	10919.583366			1.0		0.0	2.0					
10925.602	23.274999999999636	trials	6.0	10944.222786	10946.217608	10947.273466999999	10947.57986	10943.601461	10946.775489	10948.026	10948.877	1.0	2.0	1.0	1.0					
10952.923	61.26299999999901	trials	6.0	11010.216846	11011.880766			11009.374865	11011.938579			2.0		1.0	1.0					
11017.752	5.423999999999069	trials	6.0	11019.291833	11021.174549	11021.899985	11022.101952	11018.325549000001	11021.16779			1.0		0.0	2.0					
11025.229	66.25700000000143	trials	6.0	11083.598987	11085.119115	11089.165269000001	11089.688034	11082.610421	11085.621881			1.0	1.0	0.0	3.0					
11093.483	11.753000000000611	trials	6.0	11100.434339	11102.424101			11099.604759	11102.935287			2.0		1.0	1.0					
11108.742	23.13500000000022	trials	6.0	11127.572951	11128.984704	11130.235002	11130.572733	11126.587622	11129.704016	11130.931	11131.877	1.0	1.0	1.0	1.0					
11133.957	8.40899999999965	trials	6.0	11138.217528000001	11139.419096	11140.380365	11140.674353	11137.513044	11139.858171	11141.036	11142.366	1.0	1.0	1.0	1.0					
11144.172	8.564000000000306	trials	6.0	11149.313364	11150.703839			11148.315318	11150.694131			1.0		0.0	2.0					
11155.746	22.21600000000035	trials	6.0	11173.3133	11175.14991	11176.096415	11176.316475	11172.351416	11175.543896	11176.731	11177.962	1.0	1.0	1.0	1.0					
11181.991	35.47999999999956	trials	6.0	11213.358503	11215.351685	11217.15521	11217.344168	11212.362153	11216.660688			1.0	1.0	0.0	3.0					
11220.484	36.63199999999961	trials	6.0	11253.618642	11254.641623	11256.682704	11257.123263	11253.008718000001	11256.211218			1.0	2.0	0.0	3.0					
11259.056	13.195999999999913	trials	6.0	11267.858626000001	11269.619881999999	11270.729967	11271.018044	11267.127996	11270.213346	11271.462	11272.252	1.0	2.0	1.0	1.0					
11274.273	13.149000000001251	trials	6.0	11283.448347	11284.570601	11285.558868	11285.86644	11282.579988	11285.033348	11286.346	11287.422	1.0	1.0	1.0	1.0					
11289.484	11.621999999999389	trials	6.0	11296.274319	11298.272508	11299.301231	11299.597128	11295.759956	11298.741807	11300.201	11301.106	1.0	1.0	1.0	1.0					
11304.156	68.31999999999971	trials	6.0	11368.443966	11369.915664	11370.907547	11371.115822	11367.435203000001	11370.412229	11371.536	11372.476	1.0	2.0	1.0	1.0					
11374.496	8.710000000000946	trials	6.0	11379.129096	11380.555493	11381.597857	11381.90303	11378.330322	11381.112554	11382.273	11383.206	1.0	2.0	1.0	1.0					
11385.226	19.40099999999984	trials	6.0	11399.779364	11401.566291	11402.872958	11403.107265	11398.886654	11402.336423	11403.621	11404.627	1.0	2.0	1.0	1.0					
11407.568	10.103000000000975	trials	6.0	11413.423758	11414.575965	11415.866435	11416.161887	11412.491438000001	11415.315574	11416.726	11417.671	1.0	2.0	1.0	1.0					
11420.651	10.47400000000016	trials	6.0	11426.67422	11428.567157			11425.944397	11428.921275			2.0		1.0	1.0					
11435.618	166.58799999999974	trials	6.0	11597.48118	11599.313637	11600.001866	11600.331995	11596.606467	11599.421697	11600.686	11602.206	1.0	1.0	1.0	1.0					
11605.936	6.477000000000771	trials	6.0	11608.115538	11609.831832	11610.559154999999	11611.038815	11607.208619	11609.881917	11611.212	11612.413	1.0	1.0	1.0	1.0					
11614.431	13.5049999999992	trials	6.0	11624.610831	11625.887064	11626.686759	11626.904769	11624.066558999999	11625.884559			1.0		0.0	2.0					
11631.946	13.069999999999709	trials	6.0	11640.210581	11641.298964	11643.113339	11643.426054	11639.245926	11642.631027	11643.821	11645.016	1.0	1.0	1.0	1.0					
11649.106	11.055000000000291	trials	6.0	11655.995879	11657.43225	11658.04178	11658.320097	11655.297842	11657.467509	11658.706	11660.161	1.0	1.0	1.0	1.0					
11664.222	9.679000000000087	trials	6.0	11670.771519	11671.84268	11672.445552000001	11672.793399	11670.036875	11671.837596			1.0		0.0	2.0					
11676.956	697.1749999999993	trials	6.0	12369.540099000002	12370.681967	12372.147452000001	12372.5022	12369.021	12371.474546000001	12372.791	12374.131	1.0	2.0	1.0	1.0					
12376.936	6.641999999999825	trials	6.0	12380.415182	12382.073542	12383.216758	12383.556719	12379.540422	12382.596924000001			1.0	1.0	0.0	3.0					
12387.616	16.511000000000422	trials	6.0	12399.841568000002	12401.112692			12399.291542	12401.919267000001			2.0		1.0	1.0					
12406.701	22.6150000000016	trials	6.0	12424.007370000001	12425.500319	12427.247049000001	12427.733035000001	12423.254781000001	12426.709249000001			2.0		0.0	4.0					
12431.332	7.444999999999709	trials	6.0	12435.592285	12436.652444000001	12438.296100000001	12438.777864000002	12434.737829000002	12437.759987000001			1.0	1.0	0.0	3.0					
12440.672	38.388999999999214	trials	6.0	12474.431063	12475.984013000001	12477.477819000002	12477.7441	12473.555541000002	12476.959407	12478.297	12479.061	1.0	2.0	1.0	1.0					
12482.081	8.75	trials	6.0	12485.545254	12487.368335000001	12488.893935	12489.258363	12484.734455000002	12488.18718	12489.536	12490.831	1.0	1.0	1.0	1.0					
12494.861	21.170000000000073	trials	6.0	12512.810999000001	12514.657734	12515.706561	12515.987709	12512.258168	12515.209293			1.0	1.0	0.0	3.0					
12518.078	85.58300000000054	trials	6.0	12596.821698000002	12597.8633	12601.918399	12602.211534	12596.017864000001	12601.149172000001	12583.752	12603.661	1.0	2.0	1.0	1.0					
12606.691	7.56499999999869	trials	6.0	12609.271963000001	12610.594398000001	12612.617631000001	12612.807957	12608.748611	12611.976053	12613.246	12614.256	1.0	2.0	1.0	1.0					
12616.186	15.100000000000364	trials	6.0	12626.347316000001	12628.212845	12629.451645000001	12629.769267000001	12625.567008	12628.964526000002	12630.146	12631.286	1.0	1.0	1.0	1.0					
12634.196	8.765999999999622	trials	6.0	12640.678274000002	12641.795388	12642.433737000001	12642.963296	12639.761306	12641.762906			1.0	1.0	0.0	3.0					
12644.762	14.013999999999214	trials	6.0	12654.968114000001	12656.210936000001			12653.958875	12656.574309000001			2.0		1.0	1.0					
12661.306	8.683999999999287	trials	6.0	12665.787339	12667.379991000002			12665.060305	12667.808226000001			2.0		1.0	1.0					
12673.453	11.028000000000247	trials	6.0	12680.473529	12681.923859			12679.638557	12682.327192			2.0		1.0	1.0					
12687.041	9.040000000000873	trials	6.0	12691.642334	12692.749728	12694.206951	12694.441652000001	12690.918831	12693.576215000001	12694.886	12696.081	1.0	2.0	1.0	1.0					
12700.141	7.156000000000859	trials	6.0	12703.277226	12704.413584	12705.672488	12705.906151000001	12702.725939	12705.106719000001	12706.331	12707.297	1.0	2.0	1.0	1.0					
12710.361	9.18999999999869	trials	6.0	12715.90241	12717.239775	12717.847947	12718.107938000001	12714.967681	12717.296760000001	12718.466	12719.551	1.0	2.0	1.0	1.0					
12722.571	13.976000000000568	trials	6.0	12732.122297000002	12733.354383000002	12734.64147	12734.902587	12731.325446	12734.043642	12735.377	12736.547	1.0	2.0	1.0	1.0					
12740.566	10.53099999999904	trials	6.0	12747.719070000001	12749.092737	12749.822890000001	12750.163018000001	12747.160368	12749.078982			1.0		0.0	2.0					
12753.138	6.783999999999651	trials	6.0	12756.477678000001	12757.859547	12758.522714	12759.142867	12755.787238	12757.854204000001			1.0		0.0	2.0					
12761.927	20.60400000000118	trials	6.0	12779.603118	12781.434612000001	12782.211938	12782.399181	12778.691451	12781.708896			1.0	1.0	0.0	3.0					
12786.541	15.14100000000144	trials	6.0	12798.718971	12800.164083000001	12801.283472000001	12801.685941000002	12798.009890000001	12800.809547			1.0	1.0	0.0	3.0					
12805.616	8.729999999999563	trials	6.0	12809.712525	12811.359089000001	12812.638379	12812.869275000001	12808.834850000001	12812.009079000001	12813.331	12814.346	1.0	2.0	1.0	1.0					
12816.179	8.981999999999971	trials	6.0	12820.844585	12822.596204000001			12819.842119	12822.922224000002			2.0		1.0	1.0					
12827.716	9.911000000000058	trials	6.0	12834.55839	12835.628953000001	12836.487921	12836.80512	12833.756234	12835.619127			1.0		0.0	2.0					
12841.675	27.58600000000115	trials	6.0	12865.087897000001	12866.911107			12864.463154000001	12867.159489000001	12849.816	12849.971	2.0		1.0	1.0					
12871.771	9.494999999998981	trials	6.0	12877.337853	12878.708003000002			12876.556009	12879.030816			2.0		1.0	1.0					
12885.833	6.7629999999990105	trials	6.0	12888.42978	12890.021771000002			12887.684319	12890.365326000001			2.0		1.0	1.0					
12897.088	8.243000000000393	trials	6.0	12900.429880000002	12902.186306000001	12903.799640000001	12904.064196000001	12899.724513000001	12903.134804000001	12904.476	12905.331	1.0	2.0	1.0	1.0					
12908.395	9.050999999999476	trials	6.0	12914.055084000001	12915.394611000002	12915.990104	12916.362855000001	12913.117381	12915.384416			1.0		0.0	2.0					
12920.462	12.939000000000306	trials	6.0	12928.863440000001	12930.413612	12931.733567000001	12932.000370000002	12928.245614000001	12931.231431	12932.406	12933.401	1.0	1.0	1.0	1.0					
12936.417	11.389000000001033	trials	6.0	12944.583346000001	12946.251882	12947.490431	12947.642281	12944.007112000001	12947.021466			1.0	1.0	0.0	3.0					
12949.861	15.2599999999984	trials	6.0	12961.293552000001	12963.06594	12963.672858000002	12963.708433000002	12960.63815	12963.061289000001			1.0		0.0	2.0					
12968.131	14.760000000000218	trials	6.0	12979.059234	12980.250162	12981.422815000002	12981.689585	12978.205631	12980.92445	12982.131	12982.891	1.0	2.0	1.0	1.0					
12986.946	7.583000000000538	trials	6.0	12989.740491	12991.653101	12992.602182	12993.011586	12989.082939	12992.09453	12993.337	12994.529	1.0	1.0	1.0	1.0					
12998.589	6.461999999999534	trials	6.0	13001.143970000001	13002.411627000001	13003.550386	13003.80276	13000.521573	13002.996132	13004.306	13005.051	1.0	2.0	1.0	1.0					
13007.111	8.310999999999694	trials	6.0	13011.189221	13013.165237000001			13010.490375000001	13013.314602			2.0		1.0	1.0					
13018.962	7.2740000000012515	trials	6.0	13023.644133000002	13024.231368	13024.932884000002	13025.159822000001	13022.941369	13024.225889000001			1.0		0.0	2.0					
13028.283	10.583000000000538	trials	6.0	13035.293937	13036.460739	13037.507373	13037.593637	13034.503697	13037.014236	13038.081	13038.866	1.0	2.0	1.0	1.0					
13041.931	30.959999999999127	trials	6.0	13068.380550000002	13070.212374	13070.938691000001	13071.367629	13067.722083	13070.273735	13071.547	13072.891	1.0	1.0	1.0	1.0					
13074.852	10.795000000000073	trials	6.0	13081.136054	13083.057549000001	13083.581393	13083.898742000001	13080.369471	13083.074920000001			2.0		0.0	4.0					
13088.657	17.14900000000125	trials	6.0	13099.2649	13100.990997	13105.362753000001	13105.810316000001	13098.504402	13101.704194000002			1.0	1.0	0.0	3.0					
13108.696	16.726000000000568	trials	6.0	13121.409905	13122.536326000001	13123.74537	13124.055828	13120.554121000001	13123.225152	13124.656	13125.422	1.0	2.0	1.0	1.0					
13128.446	6.575000000000728	trials	6.0	13131.089424000002	13132.141845	13133.307443000002	13133.616654000001	13130.112343	13132.815362000001	13134.09	13135.021	1.0	1.0	1.0	1.0					
13138.071	6.445999999999913	trials	6.0	13141.395192	13142.966176000002	13144.111848	13144.523772	13140.460185	13143.589116000001			1.0	1.0	0.0	3.0					
13148.488	25.028000000000247	trials	6.0	13170.044523	13172.006119000001	13173.150436	13173.482685	13169.477666	13172.585465			1.0	1.0	0.0	3.0					
13175.501	16.100000000000364	trials	6.0	13186.740344000002	13188.635811	13190.013089	13190.277317	13186.115204000002	13189.499612000001	13190.801	13191.601	1.0	2.0	1.0	1.0					
13195.666	5.631000000001222	trials	6.0	13197.549741	13198.636304000001	13199.891148	13200.133157	13196.739801000002	13199.411351	13200.627	13201.297	1.0	2.0	1.0	1.0					
13204.362	7.475000000000364	trials	6.0	13208.215154000001	13209.272142000002	13210.313960000001	13210.512218	13207.55954	13209.862426000002	13211.056	13211.837	1.0	2.0	1.0	1.0					
13215.946	19.704999999999927	trials	6.0	13231.145706000001	13233.131784000001			13230.30867	13233.605409000002			2.0		1.0	1.0					
13240.22	5.846000000001368	trials	6.0	13242.620163000001	13244.013585			13242.016977000001	13244.010501			1.0		0.0	2.0					
13248.116	45.79999999999927	trials	6.0	13289.526628000001	13291.102572	13292.21548	13292.459969000001	13288.796708000002	13291.715852000001	13292.866	13293.916	1.0	1.0	1.0	1.0					
13297.016	22.075000000000728	trials	6.0	13314.940989	13316.277610000001	13317.434115	13317.653285	13314.38628	13316.989407000001	13318.206	13319.091	1.0	1.0	1.0	1.0					
13323.156	6.739999999999782	trials	6.0	13326.986078000002	13327.893444000001			13326.03771	13327.881786000002			1.0		0.0	2.0					
13332.901	11.360000000000582	trials	6.0	13338.815829000001	13340.603318000001	13342.680057000001	13342.940127000002	13338.304211	13342.241634000002	13343.486	13344.261	1.0	2.0	1.0	1.0					
13346.331	6.755999999999403	trials	6.0	13349.925281	13351.599003000001	13352.608869000002	13352.878685000001	13349.414613	13352.146301			1.0	2.0	0.0	3.0					
13355.931	18.789999999999054	trials	6.0	13371.920755000001	13373.183315	13374.404007000001	13374.642089	13371.239433	13373.970761			1.0	1.0	0.0	3.0					
13376.771	20.090000000000146	trials	6.0	13392.660917000001	13393.792598	13395.231662	13395.420992000001	13391.82126	13394.765514	13387.996	13396.861	1.0	2.0	1.0	1.0					
13400.691	7.929999999998472	trials	6.0	13404.076604000002	13406.110614000001			13403.155948000001	13406.464877			2.0		1.0	1.0					
13411.177	8.814000000000306	trials	6.0	13415.902718000001	13417.100648000001	13418.403807	13418.613294	13415.077718	13417.854812000001	13419.071	13419.991	1.0	2.0	1.0	1.0					
13421.906	11.140999999999622	trials	6.0	13428.932729	13430.651882	13431.557456	13431.738756	13428.246434	13431.079145000002	13432.261	13433.047	1.0	2.0	1.0	1.0					
13436.063	6.477999999999156	trials	6.0	13439.6973	13441.059368	13442.141751000001	13442.549037	13438.944878	13441.578644000001			1.0	1.0	0.0	3.0					
13446.471	16.170000000000073	trials	6.0	13458.741932	13460.134982000001			13458.230511000002	13460.592264			2.0		1.0	1.0					
13465.167	20.864000000001397	trials	6.0	13482.827106	13484.023654			13481.863778	13484.011604000001			1.0		0.0	2.0					
13489.084	8.167999999999665	trials	6.0	13492.653051000001	13494.242177			13491.935757000001	13495.101612			2.0		1.0	1.0					
13501.762	8.519999999998618	trials	6.0	13507.786968	13508.934908000001	13509.910869000001	13510.261931000001	13506.792606	13509.436281			1.0	2.0	0.0	3.0					
13512.281	25.099999999998545	trials	6.0	13532.737754000002	13534.307625000001	13535.431968	13535.672322	13532.207804000001	13534.909152	13536.206	13537.381	1.0	1.0	1.0	1.0					
13539.261	9.020000000000437	trials	6.0	13543.746974000002	13545.775017			13543.160322000002	13546.160732			2.0		1.0	1.0					
13551.856	6.0	trials	6.0	13554.772727000001	13555.854854000001	13556.530137000002	13556.637546000002	13553.791586000001	13555.849514000001			1.0		0.0	2.0					
13560.892	21.85399999999936	trials	6.0	13578.246853	13579.657190000002			13577.675747000001	13580.456378			2.0		1.0	1.0					
13585.247	9.444000000001324	trials	6.0	13590.572616000001	13591.600770000001	13592.849631000001	13593.215253	13589.914922	13592.387339	13593.541	13594.691	1.0	1.0	1.0	1.0					
13596.714	8.475000000000364	trials	6.0	13602.558797000002	13603.743917	13604.880929	13605.105372	13601.631422	13604.380211000002			1.0	1.0	0.0	3.0					
13608.246	20.170000000000073	trials	6.0	13620.892914	13622.921355	13626.260846000001	13626.819378	13620.046469	13623.365101000001	13626.936	13628.416	1.0	1.0	1.0	1.0					
13632.271	8.40099999999984	trials	6.0	13637.639487	13638.699492000002	13639.608521	13639.822272000001	13636.813313	13639.188730000002			1.0	1.0	1.0	1.0					
13645.236	33.654999999998836	trials	6.0	13674.398283	13676.387022			13673.491271	13676.750802			2.0		1.0	1.0					
13682.443	5.769000000000233	trials	6.0	13684.698258	13685.900016000001	13687.131074	13687.372515000001	13684.067981	13686.627713000002			1.0	2.0	1.0	1.0					
13690.694	23.707000000000335	trials	6.0	13711.503132000002	13713.488580000001	13714.087266	13714.307948000001	13710.637305	13713.575945			1.0	1.0	0.0	3.0					
13718.411	23.520000000000437	trials	6.0	13736.313519000001	13737.759390000001	13738.712324	13739.108814000001	13735.420592	13738.281034000001			1.0	2.0	0.0	3.0					
13743.048	32.40299999999843	trials	6.0	13771.178951000002	13772.982252000002	13773.867776000001	13774.155228000001	13770.554636	13773.422411000001	13774.621	13775.451	1.0	2.0	1.0	1.0					
13777.491	8.049999999999272	trials	6.0	13781.576242000001	13783.108776000001	13783.961506000001	13784.199921000001	13780.859970000001	13783.495133	13784.721	13785.541	1.0	2.0	1.0	1.0					
13788.607	7.645000000000437	trials	6.0	13792.415022000001	13794.180411000001			13791.837059000001	13794.168833000002			2.0		0.0	2.0					
13799.261	6.536000000000058	trials	6.0	13803.128874	13804.775738	13805.367330000001	13805.804756000001	13802.579823	13804.85115			1.0	1.0	0.0	3.0					
13809.646	287.4549999999999	trials	6.0	14092.570337000001	14094.501633			14091.843683000001	14094.998462000001			2.0		1.0	1.0					
14099.547	8.97899999999936	trials	6.0	14104.040675	14105.390523	14106.735635000001	14107.073981000001	14103.41667	14106.070251000001	14107.462	14108.526	1.0	2.0	1.0	1.0					
14112.587	8.674000000000888	trials	6.0	14117.964939000001	14119.208294	14120.780348	14121.271554	14117.010255000001	14120.185223			1.0	1.0	0.0	3.0					
14123.111	31.75	trials	6.0	14150.085246	14151.648138	14152.706774	14152.970924000001	14149.115849000002	14152.163686	14153.331	14154.861	1.0	1.0	1.0	1.0					
14157.697	8.298999999999069	trials	6.0	14163.391983000001	14163.943235	14164.654902	14164.881300000001	14162.429438000001	14163.937911			1.0		0.0	2.0					
14168.046	13.279999999998836	trials	6.0	14176.955562000001	14178.688764	14179.726031	14179.960889000002	14176.166051	14179.257672000002	14180.426	14181.326	1.0	2.0	1.0	1.0					
14184.366	8.261000000000422	trials	6.0	14188.116551000001	14189.152923000001	14190.823976000001	14191.139306000001	14187.245721000001	14190.302109	14191.581	14192.627	1.0	2.0	1.0	1.0					
14194.646	84.91499999999905	trials	6.0	14274.680864000002	14276.721102000001	14277.826761	14278.059809	14274.136593000001	14277.338353000001	14278.446	14279.561	1.0	2.0	1.0	1.0					
14281.502	165.35399999999936	trials	6.0	14442.064247	14443.204256	14445.161894	14445.437750000001	14441.08013	14444.642316000001	14446.076	14446.856	1.0	2.0	1.0	1.0					
14449.881	14.025000000001455	trials	6.0	14458.237946000001	14460.202563	14461.85373	14462.241324	14457.514055	14460.73997			2.0		0.0	4.0					
14467.916	9.180000000000291	trials	6.0	14473.143763	14474.294193000002			14472.131976	14474.999247			2.0		1.0	1.0					
14481.557	5.888999999999214	trials	6.0	14483.192667000001	14484.808784	14485.865628000001	14486.170822	14482.132574000001	14485.369353000002	14486.526	14487.446	1.0	2.0	1.0	1.0					
14490.466	31.245999999999185	trials	6.0	14516.979072000002	14518.159613	14519.861412	14520.157698	14516.423742	14519.396211000001	14520.506	14521.712	1.0	1.0	1.0	1.0					
14524.687	16.463999999999942	trials	6.0	14537.398481	14539.160922000001			14536.712862	14539.152504000001			2.0		0.0	2.0					
14545.158	32.15300000000025	trials	6.0	14572.519557000001	14574.555272000001	14575.59274	14575.798841	14571.676142	14575.095134000001	14576.221	14577.311	1.0	2.0	1.0	1.0					
14580.331	7.75	trials	6.0	14583.828011000001	14585.730411	14586.344334000001	14586.646780000001	14582.938199	14585.803046	14587.076	14588.081	1.0	2.0	1.0	1.0					
14592.126	9.454999999999927	trials	6.0	14596.502882	14598.245269000001	14599.52001	14599.909227	14595.764340000002	14598.934244			2.0		0.0	4.0					
14605.591	20.81999999999971	trials	6.0	14622.00833	14623.950224	14624.839292	14625.075969000001	14621.147573	14624.35152	14625.511	14626.411	1.0	2.0	1.0	1.0					
14628.433	19.232999999998356	trials	6.0	14645.114037000001	14646.754158	14647.361826	14647.682181	14644.24265	14646.857648000001			1.0	1.0	0.0	3.0					
14649.676	34.28600000000006	trials	6.0	14679.298487	14680.769525	14681.906802000001	14682.372953000002	14678.688447	14681.386543			2.0		0.0	4.0					
14688.021	17.065999999998894	trials	6.0	14700.744012000001	14701.967256			14700.101295	14702.806835000001			2.0		1.0	1.0					
14707.506	18.00500000000102	trials	6.0	14721.039191	14722.386951	14723.463064000001	14723.733303	14720.255069	14722.789334000001			2.0		0.0	4.0					
14727.521	20.06999999999971	trials	6.0	14743.04379	14744.331848000002	14745.60042	14745.903068000001	14742.536814000001	14745.095235	14746.351	14747.591	1.0	1.0	1.0	1.0					
14750.333	23.54399999999987	trials	6.0	14769.959469000001	14771.319566			14769.349929	14771.697593			2.0		1.0	1.0					
14776.366	27.840000000000146	trials	6.0	14799.529684000001	14801.592432000001	14802.677868	14802.861077000001	14798.866066	14802.252923	14803.337	14804.206	1.0	1.0	1.0	1.0					
14807.241	6.790000000000873	trials	6.0	14810.389473000001	14812.041353			14809.665209	14812.030104000001			1.0		0.0	2.0					
14818.081	16.284999999999854	trials	6.0	14831.106444000001	14832.881321	14834.060133	14834.233586	14830.184213	14833.588914			1.0	1.0	0.0	3.0					
14837.377	17.618999999998778	trials	6.0	14850.356354000001	14851.665608000001	14853.155334000001	14853.596952	14849.527049	14852.679543	14853.926	14854.996	1.0	1.0	1.0	1.0					
14857.016	9.220999999999549	trials	6.0	14862.580159000001	14864.241537000002			14861.657004	14864.234103			1.0		0.0	2.0					
14869.291	243.26500000000124	trials	6.0	15107.741757	15109.185948	15110.431923	15110.891766	15107.228225	15109.887682	15111.161	15112.556	1.0	1.0	1.0	1.0					
15116.596	10.11200000000099	trials	6.0	15123.336095	15125.208903	15126.352640000001	15126.727424	15122.624761000001	15125.888139			1.0	1.0	0.0	3.0					
15129.666	23.21100000000115	trials	6.0	15149.506383	15150.963152	15152.205382	15152.894576	15148.662401000001	15151.667856			1.0	1.0	0.0	3.0					
15156.521	167.88999999999942	trials	6.0	15315.427088	15317.478892	15322.151239	15322.770089	15314.89993	15317.666305	15322.786	15324.411	1.0	1.0	1.0	1.0					
15327.486	11.170000000000073	trials	6.0	15332.865131	15334.388936	15336.588755	15336.977161	15331.861	15336.069805			2.0		0.0	4.0					
15340.676	13.735000000000582	trials	6.0	15349.631976	15350.857828	15352.584176	15352.82708	15348.695747	15352.039342	15353.236	15354.411	1.0	2.0	1.0	1.0					
15357.318	32.4380000000001	trials	6.0	15385.010222	15386.647864	15388.001803	15388.323365	15384.496924	15387.488146	15388.636	15389.756	1.0	2.0	1.0	1.0					
15393.837	65.73400000000038	trials	6.0	15452.944033	15454.196122	15457.577662	15457.84088	15451.953604	15454.77259	15403.266	15459.571	1.0	2.0	1.0	1.0					
15462.521	9.614999999999782	trials	6.0	15467.830488	15469.512059	15470.422073	15470.696179999999	15467.24697	15469.908347	15471.141	15472.136	1.0	2.0	1.0	1.0					
15474.245	41.58599999999933	trials	6.0	15511.257622	15513.064448	15514.174334	15514.442449	15510.292595	15513.614087	15514.896	15515.831	1.0	2.0	1.0	1.0					
15517.851	8.594999999999345	trials	6.0	15523.000506	15524.384045	15524.945426	15525.440585	15522.105881	15524.376382			1.0		0.0	2.0					
15528.462	14.713999999999942	trials	6.0	15538.436236	15540.463768	15541.680551	15541.91264	15537.848513	15541.154615	15542.351	15543.176	1.0	2.0	1.0	1.0					
15545.253	18.972999999999956	trials	6.0	15559.686764	15561.656321	15562.714874	15562.934065	15559.069768	15562.233113	15563.386	15564.226	1.0	2.0	1.0	1.0					
15566.271	15.769999999998618	trials	6.0	15578.376032	15579.528205	15580.493742999999	15580.692749	15577.466397	15580.043161	15581.271	15582.041	1.0	2.0	1.0	1.0					
15585.101	6.114999999999782	trials	6.0	15587.871273	15589.050304	15590.109761	15590.352300999999	15587.337241	15589.579993			1.0	2.0	1.0	1.0					
15594.713	12.032999999999447	trials	6.0	15603.221672	15604.738313	15605.308406	15605.423491	15602.613158	15604.734238			1.0		0.0	2.0					
15609.802	28.174000000000888	trials	6.0	15634.008016	15635.918177	15636.40589	15636.837413	15633.403442	15635.91245			1.0		0.0	2.0					
15641.026	8.226000000000568	trials	6.0	15645.196328	15646.269416	15647.774441	15648.003897999999	15644.32154	15646.688955	15648.551	15649.252	1.0	2.0	1.0	1.0					
15652.271	15.779999999998836	trials	6.0	15663.812047	15665.742854			15662.835104	15665.980853			2.0		1.0	1.0					
15672.631	6.206000000000131	trials	6.0	15674.732624	15676.272193			15674.221454	15676.614607			2.0		1.0	1.0					
15682.431	6.403000000000247	trials	6.0	15685.758536	15687.36433	15688.455364	15688.838011	15685.104181	15687.918004			1.0	2.0	0.0	3.0					
15690.782	16.209000000000742	trials	6.0	15702.33629	15703.580206	15705.123933	15705.468641	15701.706012999999	15704.590937	15705.916	15706.991	1.0	2.0	1.0	1.0					
15710.808	9.732999999998356	trials	6.0	15716.16701	15718.033328	15718.793818	15719.004754	15715.435364	15718.318547	15719.561	15720.541	1.0	2.0	1.0	1.0					
15722.561	9.6200000000008	trials	6.0	15728.191925	15729.614189			15727.623569	15730.105109			2.0		1.0	1.0					
15735.636	11.3799999999992	trials	6.0	15743.867524	15745.665752	15746.474571	15747.020467	15743.302046	15745.913016			1.0	2.0	0.0	3.0					
15748.847	10.889000000001033	trials	6.0	15755.747265	15757.226993			15754.747652	15757.711346			2.0		1.0	1.0					
15762.291	11.006000000001222	trials	6.0	15770.562904	15771.879566	15772.902824	15773.296873	15769.939378	15772.31219			1.0	1.0	0.0	3.0					
15777.226	16.375	trials	6.0	15789.392728	15790.604431	15792.011962	15792.256999	15788.843101	15791.445142	15792.686	15793.601	1.0	2.0	1.0	1.0					
15797.531	6.5049999999992	trials	6.0	15800.062538	15801.59956	15802.533871	15802.711606	15799.425544	15801.954224	15803.156	15804.036	1.0	1.0	1.0	1.0					
15807.1	9.322000000000116	trials	6.0	15812.268251	15813.707252	15814.874633	15815.050796	15811.567213	15814.361719	15815.651	15816.422	1.0	2.0	1.0	1.0					
15820.531	4504.999999999998	BlockDesign														1.0	697.0	779.0	90.0	50.0
15820.531	6.0899999999983265	trials	7.0	15822.672515	15824.108894			15821.888396	15824.385859			2.0		1.0	1.0					
15829.189	10.93199999999888	trials	7.0	15835.242344	15837.010814	15838.595337	15838.671838	15834.591712	15837.899531	15839.321	15840.121	1.0	2.0	1.0	1.0					
15844.138	5.647999999999229	trials	7.0	15846.541373	15847.724942			15845.653355	15847.721299			1.0		0.0	2.0					
15853.801	8.433000000000902	trials	7.0	15859.377613	15860.50423	15861.847126	15862.239652	15858.849274	15861.32998			1.0	2.0	0.0	3.0					
15866.22	35.58600000000115	trials	7.0	15897.172417	15898.697767	15900.735449	15901.007009	15896.348614	15900.241763			1.0	2.0	1.0	1.0					
15904.337	12.34900000000016	trials	7.0	15913.203538	15914.674137	15915.288814	15915.498509	15912.366410999999	15914.664371			1.0		0.0	2.0					
15920.691	10.895999999998821	trials	7.0	15926.872937	15928.569704	15929.716062	15930.153368	15926.15872	15929.152924	15930.526	15931.587	1.0	1.0	1.0	1.0					
15933.647	17.22399999999834	trials	7.0	15946.569337	15948.310906			15945.861535	15948.719839			2.0		1.0	1.0					
15953.406	8.8799999999992	trials	7.0	15957.753155	15959.280101	15960.148163	15960.592396	15957.103507	15959.612589	15960.906	15962.286	1.0	1.0	1.0	1.0					
15966.096	7.694999999999709	trials	7.0	15970.720427	15971.726015			15970.100395	15971.720468			1.0		0.0	2.0					
15976.801	12.260000000000218	trials	7.0	15985.760261	15987.620455	15988.742903	15989.017581	15984.805465	15988.185353			1.0	2.0	0.0	3.0					
15992.116	8.459999999999127	trials	7.0	15996.793636	15998.099173999999	15998.81387	15999.126773	15995.915504	15998.378827	15999.636	16000.576	1.0	1.0	1.0	1.0					
16002.661	13.739999999999782	trials	7.0	16012.403472	16013.830437			16011.822285	16014.24984			2.0		1.0	1.0					
16020.867	5.654000000000451	trials	7.0	16022.864086	16024.185733	16024.898256	16025.123563	16022.056049	16024.407409	16025.646	16026.521	1.0	1.0	1.0	1.0					
16029.591	9.715000000000146	trials	7.0	16035.635501	16037.300678			16034.755445	16037.288572			2.0		0.0	2.0					
16042.366	30.7549999999992	trials	7.0	16069.010764999999	16070.800379	16071.316714	16071.675492	16068.096806	16070.794925	16071.981	16073.121	1.0	1.0	1.0	1.0					
16075.191	7.884999999998399	trials	7.0	16079.7985	16081.072391	16081.632916999999	16081.760767	16079.063884	16081.06555			1.0		0.0	2.0					
16086.082	26.96899999999914	trials	7.0	16108.889663	16110.234454			16108.183952	16110.912773			2.0		1.0	1.0					
16116.521	6.444999999999709	trials	7.0	16118.609435	16119.826208	16121.378192	16121.625677	16117.640858	16120.867769	16122.346	16122.966	1.0	2.0	1.0	1.0					
16125.936	8.755000000001019	trials	7.0	16130.414608	16132.12124			16129.459348	16132.432673			2.0		1.0	1.0					
16138.206	4.75	trials	7.0	16140.089254	16141.798135	16142.645264	16142.883367	16139.403727	16142.19361			1.0	1.0	0.0	3.0					
16145.976	14.96099999999933	trials	7.0	16156.577207	16158.211211	16159.25131	16159.536624	16155.861368	16158.793795	16159.991	16160.937	1.0	2.0	1.0	1.0					
16162.846	5.735000000000582	trials	7.0	16165.784381	16167.635736	16168.206508	16168.551832	16165.142227	16167.715907			1.0	2.0	0.0	3.0					
16170.536	60.60499999999956	trials	7.0	16227.261537	16228.836779	16229.333666	16229.777581	16226.294017	16228.864569	16230.087	16231.141	1.0	1.0	1.0	1.0					
16235.167	11.920000000000073	trials	7.0	16244.765428	16245.887036	16246.771237	16247.028563	16244.100308	16246.285996999999			1.0	2.0	0.0	3.0					
16249.131	8.360000000000582	trials	7.0	16254.085020999999	16255.488194	16256.0205	16256.192038	16253.505461	16255.48238			1.0		0.0	2.0					
16261.502	24.773999999999432	trials	7.0	16281.846965	16283.243231	16284.113236	16284.591011	16281.129365	16283.707441	16284.896	16286.276	1.0	1.0	1.0	1.0					
16288.346	10.0	trials	7.0	16293.611002	16295.452811	16296.289619	16296.616769	16292.966434	16295.826497			2.0		0.0	4.0					
16302.356	16.69499999999971	trials	7.0	16314.99083	16316.117311	16317.074564	16317.415223	16314.313885	16316.581348	16317.841	16319.051	1.0	2.0	1.0	1.0					
16320.981	11.975000000000364	trials	7.0	16329.821542	16330.957659			16328.989363	16330.949504			1.0		0.0	2.0					
16336.016	18.43499999999949	trials	7.0	16349.820914	16351.853876			16348.821802999999	16352.192645			2.0		1.0	1.0					
16356.991	8.295000000000073	trials	7.0	16360.64185	16362.322747	16363.340887	16363.597885	16360.119653	16362.795521	16363.968	16365.286	1.0	2.0	1.0	1.0					
16367.116	75.63600000000042	trials	7.0	16440.006188	16441.587224	16442.424297999998	16442.59912	16439.453249	16441.89224			1.0	2.0	0.0	3.0					
16445.802	35.184000000001106	trials	7.0	16477.241404	16478.413031			16476.539455	16478.861149			2.0		1.0	1.0					
16483.472	20.787999999996828	trials	7.0	16500.175907	16501.696603			16499.247173	16502.144678			2.0		1.0	1.0					
16508.81	10.755999999997584	trials	7.0	16516.392247	16517.564537	16518.235076	16518.358844	16515.513546	16517.555113			1.0		0.0	2.0					
16523.62	5.92699999999968	trials	7.0	16525.357103	16527.073505	16527.576835	16527.88624	16524.112988	16527.097391	16528.301	16529.547	1.0	1.0	1.0	1.0					
16533.58	8.276999999998225	trials	7.0	16539.242387	16539.855044			16538.570897	16539.849192			1.0		0.0	2.0					
16544.909	13.077000000001135	trials	7.0	16553.652289999998	16555.471257			16552.757058	16555.834426			2.0		1.0	1.0					
16561.516	5.695999999999913	trials	7.0	16563.756557	16565.158771	16565.668706	16565.868325	16562.865412	16565.152772			1.0		0.0	2.0					
16571.266	9.380000000001019	trials	7.0	16576.763549	16578.298312	16579.05805	16579.344931	16575.968679999998	16578.612682	16579.831	16580.646	1.0	2.0	1.0	1.0					
16584.712	11.375	trials	7.0	16592.482738	16594.038905	16594.718733	16594.804312	16591.813659	16594.034639			1.0		0.0	2.0					
16598.096	37.69499999999971	trials	7.0	16631.716748	16632.880955	16634.144398	16634.361886	16630.926305	16633.662374	16634.806	16635.791	1.0	1.0	1.0	1.0					
16637.852	485.6190000000024	trials	7.0	17119.445675	17120.752007	17121.397047	17121.982856	17118.670123	17120.838011	17122.091	17123.471	1.0	1.0	1.0	1.0					
17125.531	8.290000000000873	trials	7.0	17130.235483	17131.768477999998			17129.683019	17131.760752			1.0		0.0	2.0					
17136.869	320.77700000000186	trials	7.0	17453.952913	17455.454206	17455.981763	17456.269814	17453.350208	17455.443253999998	17456.716	17457.646	1.0	2.0	1.0	1.0					
17460.666	8.575000000000728	trials	7.0	17466.077525	17467.239548			17465.449118	17467.233533			1.0		0.0	2.0					
17473.292	27.604999999999563	trials	7.0	17497.567962	17499.543587	17500.313656	17500.9126	17496.968438	17499.810363			1.0	2.0	0.0	3.0					
17503.636	58.16100000000006	trials	7.0	17557.472549	17558.589409	17559.722322	17560.137805	17556.865682	17559.20987	17560.446	17561.797	1.0	1.0	1.0	1.0					
17564.858	27.097999999998137	trials	7.0	17587.803354	17589.339902			17587.101445	17589.712911			2.0		1.0	1.0					
17594.422	6.854000000002998	trials	7.0	17598.56437	17599.593631	17600.913073	17601.290871	17597.655147999998	17600.307933			1.0	2.0	0.0	3.0					
17604.241	7.7409999999981665	trials	7.0	17606.918288	17608.544585	17610.046841	17610.290651	17606.18171	17609.573389	17610.672	17611.982	1.0	1.0	1.0	1.0					
17614.881	7.59599999999773	trials	7.0	17618.038283	17619.316221	17620.499842	17620.97527	17617.50244	17619.954216	17621.186	17622.477	1.0	1.0	1.0	1.0					
17626.457	34.57099999999991	trials	7.0	17657.073281	17658.146658	17659.195478	17659.502518	17656.190608	17658.650908	17638.066	17661.028	1.0	1.0	1.0	1.0					
17662.976	28.05199999999968	trials	7.0	17687.69855	17688.9751	17689.561053999998	17689.649459	17686.839119	17688.969464			1.0		0.0	2.0					
17693.087	2175.189000000002	trials	7.0	0.0	0.0	36.342032999999994	36.560697	19862.976	19865.036	19866.377	19868.276	1.0	1.0	1.0	1.0					
19870.33	8.216999999996915	trials	7.0	19875.026772	19876.53886			19874.314987	19876.533315			1.0		0.0	2.0					
19881.557	14.78399999999965	trials	7.0	19892.377834	19893.892351	19894.505253	19894.910964	19891.432648	19893.903805	19895.172	19896.341	1.0	2.0	1.0	1.0					
19899.376	18.1349999999984	trials	7.0	19913.588001	19915.49753	19916.198152	19916.444731	19912.623753	19915.489761			1.0		0.0	2.0					
19920.551	8.220000000001164	trials	7.0	19924.017174	19925.805213	19927.002787	19927.296904	19923.425047	19926.56461	19927.837	19928.771	1.0	1.0	1.0	1.0					
19931.791	9.850999999998749	trials	7.0	19936.956418	19938.805105			19936.411645	19939.373245			2.0		1.0	1.0					
19944.137	8.588999999999942	trials	7.0	19948.562034	19950.237415	19950.807489	19951.250272	19947.771747	19950.22162	19951.531	19952.726	1.0	1.0	1.0	1.0					
19956.787	14.29399999999805	trials	7.0	19960.923148	19962.413454	19968.236902	19968.699987	19960.23018	19962.996334	19968.926	19971.081	1.0	1.0	1.0	1.0					
19974.722	8.448999999996886	trials	7.0	19978.969503	19980.091243			19978.330066	19980.863857			2.0		1.0	1.0					
19986.681	6.31499999999869	trials	7.0	19988.447272	19990.432275			19987.61764	19990.892355			2.0		1.0	1.0					
19997.548	6.3880000000026484	trials	7.0	19999.682136	20000.869387			19999.0966	20001.790059			2.0		1.0	1.0					
20007.401	6.319999999999709	trials	7.0	20009.666885	20011.207257	20011.851325	20012.149855	20008.822086	20011.351392	20012.606	20013.721	1.0	1.0	1.0	1.0					
20016.781	10.510000000002037	trials	7.0	20024.111992	20025.274428	20026.049742	20026.404184	20023.319559	20025.260598			1.0		0.0	2.0					
20031.341	7.3400000000001455	trials	7.0	20036.03727	20037.840541	20038.349967	20038.584426	20035.432384	20037.85171			1.0	1.0	0.0	3.0					
20040.737	9.41899999999805	trials	7.0	20046.747327	20048.15001	20048.710143	20048.984683	20046.028819	20048.137476			1.0		0.0	2.0					
20052.166	7.770000000000437	trials	7.0	20055.932964	20057.579235	20058.17191	20058.588456999998	20054.954742	20057.705127	20058.866	20059.936	1.0	1.0	1.0	1.0					
20062.002	13.06499999999869	trials	7.0	20069.852454	20070.981412	20072.983314	20073.253337	20068.911991	20072.530633			2.0		0.0	4.0					
20077.076	12.87999999999738	trials	7.0	20085.452457	20087.440075			20084.883553	20087.818848			2.0		1.0	1.0					
20092.526	5.799999999999272	trials	7.0	20095.452571	20096.88129	20098.003873	20098.222134	20094.513042	20097.496996			1.0	2.0	0.0	3.0					
20102.337	37.443999999999505	trials	7.0	20129.237602	20130.284703	20139.450553	20139.772741	20128.39681	20132.483988			1.0	2.0	0.0	3.0					
20143.786	12.485000000000582	trials	7.0	20150.894568	20152.868053	20154.084939	20154.616819	20150.261742	20153.584746	20154.936	20156.271	1.0	1.0	1.0	1.0					
20159.377	9.96900000000096	trials	7.0	20164.689208	20166.482520999998	20167.571997	20167.805158	20163.970333	20167.011037	20168.377	20169.346	1.0	1.0	1.0	1.0					
20173.408	9.648000000001048	trials	7.0	20177.443524	20179.151573	20181.226939	20181.436389	20176.653828	20180.66434	20181.896	20183.056	1.0	1.0	1.0	1.0					
20185.078	25.96799999999712	trials	7.0	20207.648196	20209.23513	20210.682556	20210.919372	20207.042104	20209.941858			1.0	2.0	0.0	3.0					
20214.049	26.84700000000157	trials	7.0	20236.418587	20238.383031			20235.469446	20238.808156			2.0		1.0	1.0					
20243.476	35.720000000001164	trials	7.0	20274.724281	20276.154688	20277.461659	20277.68499	20273.936985	20276.926485	20278.176	20279.196	1.0	1.0	1.0	1.0					
20283.166	27.70499999999811	trials	7.0	20306.064739	20308.063219	20308.867402	20309.350833	20305.096746	20308.011034	20309.531	20310.871	1.0	1.0	1.0	1.0					
20312.933	12.597999999998137	trials	7.0	20321.043394	20322.616477	20323.677374	20323.871001	20320.532963	20323.136548	20324.341	20325.531	1.0	1.0	1.0	1.0					
20328.677	1987.3990000000013	BlockDesign														1.0	780.0	829.0	50.0	10.0
20328.677	11.559000000001106	trials	8.0	20334.819331	20336.472835			20334.247881	20337.999201			2.0		1.0	1.0					
20343.811	9.144999999996799	trials	8.0	20348.759878	20350.54171	20351.101036	20351.399430999998	20347.955886	20350.578976	20351.841	20352.956	1.0	1.0	1.0	1.0					
20354.976	8.694999999999709	trials	8.0	20360.668681	20362.053196	20363.347672	20363.6241	20359.680916	20362.85124			1.0	1.0	0.0	3.0					
20367.681	13.6349999999984	trials	8.0	20376.974609	20378.500591	20379.436434	20379.678877	20376.091164999998	20378.97142	20380.221	20381.316	1.0	1.0	1.0	1.0					
20383.337	7.415000000000873	trials	8.0	20387.80983	20389.360728	20390.233594	20390.754285	20386.938402	20389.753275			1.0	1.0	0.0	3.0					
20394.571	19.418000000001484	trials	8.0	20410.804384	20412.295815999998	20413.582686	20413.986558	20409.996196	20413.042491			1.0	2.0	0.0	3.0					
20416.926	19.650000000001455	trials	8.0	20432.859487	20434.570101999998	20435.09393	20435.281686	20432.159934	20434.554532			1.0		0.0	2.0					
20440.583	50.51300000000265	trials	8.0	20482.834852	20484.068894	20490.777391	20490.994752	20481.863716	20484.673088			1.0	2.0	0.0	3.0					
20493.151	8.679999999996653	trials	8.0	20496.980148	20498.741659	20499.858693	20500.202736	20496.236877	20499.350575	20500.621	20501.831	1.0	1.0	1.0	1.0					
20504.851	6.895000000000437	trials	8.0	20508.699735	20509.880501	20511.327567	20511.746511	20507.965857	20510.825803			1.0	1.0	0.0	3.0					
20515.703	747.5629999999983	trials	8.0	21259.369495	21261.206251	21261.864748	21261.978333	21258.541054	21261.200451			1.0		0.0	2.0					
21265.276	30.520999999997002	trials	8.0	21291.874582	21293.731952000002	21294.290319	21294.409447	21291.232636	21293.726313			1.0		0.0	2.0					
21299.811	80.01499999999942	trials	8.0	21375.772198	21377.277162	21378.868027	21379.833709	21375.221041	21378.348808			1.0	2.0	0.0	3.0					
21382.241	11.62999999999738	trials	8.0	21389.395222	21391.25262			21388.87435	21391.706126			2.0		1.0	1.0					
21398.351	7.125	trials	8.0	21400.136993	21401.71106	21403.466376	21403.782705	21399.423157	21402.975172			2.0		0.0	4.0					
21407.486	18.15299999999843	trials	8.0	21423.361650000003	21424.072277000003	21425.298486000003	21425.629674000003	21399.423157	21424.716557000003			1.0	2.0	0.0	3.0					
21429.686	8.269999999996799	trials	8.0	21432.866702000003	21434.097399000002	21435.889040000002	21436.359144000002	21432.352572000003	21435.322257000003	21436.576	21437.956	1.0	1.0	1.0	1.0					
21439.991	9.0	trials	8.0	21445.596981000002	21446.75526	21448.667801000003	21448.880949000002	21445.076	21448.153134000004			1.0	1.0	0.0	3.0					
21452.042	15.758999999998196	trials	8.0	21462.625218	21464.123135	21465.889980000004	21466.176803000002	21462.037073000003	21465.368537000002	21466.581	21467.801	1.0	1.0	1.0	1.0					
21471.861	86.29499999999825	trials	8.0	21552.697362000003	21554.490845000004	21556.329090000003	21556.704801000003	21552.040211000003	21554.976231000004	21557.096	21558.156	1.0	2.0	1.0	1.0					
21561.052	55.10900000000038	trials	8.0	21611.581527000002	21613.091229			21610.941380000004	21614.011080000004			2.0		1.0	1.0					
21618.681	6.06499999999869	trials	8.0	21621.853202000002	21623.079365	21624.425534	21624.725988000002	21621.102002000003	21623.797017			1.0	2.0	0.0	3.0					
21626.801	9.275000000001455	trials	8.0	21630.893862	21632.199573			21630.141893000004	21633.706920000004			2.0		1.0	1.0					
21639.531	7.705000000001746	trials	8.0	21643.207914000002	21644.664695000003			21642.266565	21645.095498000002			2.0		1.0	1.0					
21650.701	5.834999999999127	trials	8.0	21653.577795	21654.749330000002	21656.108637	21656.533083000002	21652.590793000003	21655.539717000003			1.0	1.0	0.0	3.0					
21658.482	18.85900000000038	trials	8.0	21673.033047	21674.778410000003	21675.490088000002	21675.897723000002	21672.102021000002	21675.004305000002	21676.191	21677.341	1.0	1.0	1.0	1.0					
21681.382	41.04899999999907	trials	8.0	21719.509742000002	21720.774921000004	21722.047766000003	21722.393766	21718.569251	21721.467009000004			1.0	2.0	0.0	3.0					
21726.411	6.994999999998981	trials	8.0	21729.228762000002	21730.894656000004			21728.571829000004	21731.253711			2.0		1.0	1.0					
21736.931	6.009999999998399	trials	8.0	21739.457979000003	21740.690361	21742.616081000004	21742.854221	21738.849858	21741.868152000003			1.0	2.0	0.0	3.0					
21745.956	18.278000000002066	trials	8.0	21760.823526000004	21762.487821000002	21763.963209	21764.184535000004	21760.223792000004	21763.309523000004			1.0	2.0	0.0	3.0					
21766.246	7.217000000000553	trials	8.0	21770.523831000002	21771.882857000004	21773.126015	21773.461438000002	21769.86963	21772.700399			1.0	1.0	0.0	3.0					
21776.466	29.830999999998312	trials	8.0	21802.764009000002	21804.828951000003	21805.941431000003	21806.299091	21801.970958	21805.451172			1.0	1.0	0.0	3.0					
21808.276	14.538999999997031	trials	8.0	21817.859175	21819.495429000002			21817.249527000004	21820.722456000003			2.0		1.0	1.0					
21827.337	5.734000000000378	trials	8.0	21830.054607000002	21831.605136000002	21832.730705	21833.063102000004	21829.197534000003	21832.081181			1.0	2.0	0.0	3.0					
21837.081	52.63100000000122	trials	8.0	21886.324566000003	21887.711162000003	21889.391901000003	21889.590864	21885.526662000004	21888.062312000002			1.0	1.0	0.0	3.0					
21892.716	47.370999999999185	trials	8.0	21936.41961	21937.51233			21935.853816000003	21937.884114000004			2.0		1.0	1.0					
21943.587	5.4979999999995925	trials	8.0	21945.614447000004	21947.431778000002	21948.701979	21949.089095000003	21944.880561	21948.194745			1.0	1.0	0.0	3.0					
21953.048	13.549000000002707	trials	8.0	21962.015312000003	21964.084348000004			21961.440240000004	21964.522724000002			2.0		1.0	1.0					
21969.134	7.442000000002736	trials	8.0	21974.083677000002	21975.325930000003	21976.240257	21976.523034	21973.282046000004	21975.760821000003			1.0	1.0	0.0	3.0					
21978.595	21.550999999999476	trials	8.0	21995.449711	21997.094192000004	21998.20445	21998.555871000004	21994.639819000004	21997.677092	21999.051	22000.146	1.0	1.0	1.0	1.0					
22004.172	128.14900000000125	trials	8.0	22127.217072000003	22128.597828	22130.140119000003	22130.741553000003	22126.376009000003	22129.625283	22130.871	22132.321	1.0	1.0	1.0	1.0					
22134.386	12.765000000003056	trials	8.0	22140.990855000004	22142.425235000002	22145.094371000003	22145.507678	22140.440046000003	22144.524225			2.0		0.0	4.0					
22150.156	23.157999999999447	trials	8.0	22170.000904000004	22171.263224000002	22173.034853	22173.318774000003	22169.428706000002	22172.596245000004			1.0	1.0	0.0	3.0					
22176.307	33.309000000001106	trials	8.0	22205.111553000002	22207.098471	22207.644426000003	22208.1032	22204.224959000003	22207.163480000003	22208.316	22209.616	1.0	1.0	1.0	1.0					
22211.681	9.990999999998166	trials	8.0	22216.992850000002	22218.228546000002	22219.533539000004	22219.799844	22216.046543000004	22219.027657000002	22220.351	22221.672	1.0	1.0	1.0	1.0					
22223.733	10.60399999999936	trials	8.0	22229.927862000004	22231.572923000003			22229.242416	22232.225687000002			2.0		1.0	1.0					
22236.866	7.984999999996944	trials	8.0	22241.916291	22243.304118000004	22244.361009000004	22244.854484000003	22241.257981000002	22243.720184			1.0	1.0	0.0	3.0					
22247.696	22.93500000000131	trials	8.0	22267.01738	22268.541455000002	22270.164981	22270.636461000002	22266.424349	22269.224946000002			1.0	1.0	0.0	3.0					
22274.531	30.409999999999854	trials	8.0	22299.576954000004	22301.573669	22303.074948	22303.313545	22298.824554000003	22302.591987000003	22303.846	22304.941	1.0	1.0	1.0	1.0					
22308.797	7.27900000000227	trials	8.0	22311.202366	22312.470337000002	22313.834993000004	22314.110602000004	22310.328102000003	22313.356919	22314.633	22316.076	1.0	1.0	1.0	1.0					
22318.198	570.2239999999983	BlockDesign														0.0	830.0	856.0	50.0	90.0
22318.198	15.179000000000087	trials	9.0	22330.746628	22332.149784	22333.047828000002	22333.289629000003	22329.831888000004	22332.529218000003			1.0	1.0	0.0	3.0					
22335.396	15.020000000000437	trials	9.0	22346.206920000004	22347.582723000003	22348.625333000004	22348.819533	22345.635510000004	22348.159247000003	22349.286	22350.416	1.0	1.0	1.0	1.0					
22352.464	19.92199999999866	trials	9.0	22368.392357000004	22369.870461000002			22367.525610000004	22370.171511000004			2.0		1.0	1.0					
22376.991	7.619999999998981	trials	9.0	22382.023773	22383.38288	22384.253691	22384.604457	22381.325918000002	22383.725303000003			1.0	1.0	0.0	3.0					
22388.601	17.890000000003056	trials	9.0	22402.196997000003	22403.671278			22401.380915	22404.230502000002			2.0		1.0	1.0					
22410.058	9.278999999998632	trials	9.0	22415.452970000002	22416.579444000003			22414.501928	22417.087035000004			2.0		1.0	1.0					
22422.906	9.360000000000582	trials	9.0	22427.554350000002	22428.929285000002	22430.367414000004	22430.605065000003	22427.011547000002	22429.798313000003	22430.996	22432.266	1.0	1.0	1.0	1.0					
22435.301	8.755000000001019	trials	9.0	22440.138048	22441.258436000004	22442.282216000003	22442.537393000002	22439.207379000003	22441.628709000004	22442.941	22444.056	1.0	2.0	1.0	1.0					
22448.116	9.309999999997672	trials	9.0	22452.953193	22454.556744	22455.672119000003	22455.929469000002	22452.077563000003	22455.073766	22456.406	22457.426	1.0	1.0	1.0	1.0					
22460.476	10.570999999999913	trials	9.0	22466.594162	22468.138676000002	22469.281234000002	22469.495318	22465.984958	22468.690410000003	22470.002	22471.047	1.0	1.0	1.0	1.0					
22475.061	10.57499999999709	trials	9.0	22481.563322	22483.076183			22480.748986000002	22483.383380000003			2.0		1.0	1.0					
22488.111	9.114999999997963	trials	9.0	22493.327684000004	22494.604141000003			22492.448733	22495.018078			2.0		1.0	1.0					
22500.672	5.429000000000087	trials	9.0	22502.983026	22504.983727000003	22505.706090000003	22506.106166	22502.12178	22505.080269000002			1.0	1.0	0.0	3.0					
22510.038	13.733000000000175	trials	9.0	22515.623720000003	22517.596449000004	22523.354898	22523.776352	22514.997374000002	22521.590547000003			1.0	2.0	0.0	3.0					
22525.681	16.56000000000131	trials	9.0	22539.510015000003	22540.629167000003	22541.906384	22542.209952	22538.958477000004	22541.432751000004			1.0	1.0	0.0	3.0					
22544.292	132.09399999999732	trials	9.0	22672.629402000002	22674.384210000004			22672.027778000003	22674.371382			1.0		0.0	2.0					
22679.441	19.5	trials	9.0	22694.309804000004	22695.325906000002	22697.098787000003	22697.389899	22693.520903000004	22696.512488000004	22697.811	22698.941	1.0	2.0	1.0	1.0					
22702.781	11.096000000001368	trials	9.0	22709.729396000002	22711.639007	22712.233228	22712.460693	22708.726503	22711.708991000003	22712.906	22713.877	1.0	2.0	1.0	1.0					
22715.941	8.010000000002037	trials	9.0	22720.355108000003	22721.947314	22722.685386	22722.787800000002	22719.632834000004	22721.944013000004			1.0		0.0	2.0					
22727.002	19.824000000000524	trials	9.0	22742.977460000002	22744.261859000002			22742.077481000004	22744.622058			2.0		1.0	1.0					
22750.346	5.474999999998545	trials	9.0	22752.530279000002	22753.8224			22751.996087000003	22753.814265			1.0		0.0	2.0					
22757.831	22.24500000000262	trials	9.0	22775.056524000003	22776.952272000002	22778.005106000004	22778.291813000003	22774.215535000003	22777.515236000003	22778.726	22780.076	1.0	1.0	1.0	1.0					
22781.811	17.599999999998545	trials	9.0	22796.245112000004	22798.201646	22799.015108000003	22799.416941000003	22795.336727	22798.545738			1.0	1.0	0.0	3.0					
22803.346	36.919999999998254	trials	9.0	22836.558777000002	22837.739076	22838.417901	22838.864747000003	22835.678943000003	22837.929270000004	22839.261	22840.266	1.0	1.0	1.0	1.0					
22844.332	8.689000000002125	trials	9.0	22848.665213000004	22850.348514	22851.152966	22851.402189000004	22847.913152	22850.665034	22851.821	22853.021	1.0	1.0	1.0	1.0					
22856.08	13.131999999997788	trials	9.0	22865.310996000004	22866.44247	22867.521236000004	22867.816023000003	22864.354244000002	22866.983516000004	22868.172	22869.212	1.0	1.0	1.0	1.0					
22871.276	17.145999999997002	trials	9.0	22884.880121000002	22886.421558000002			22884.149265000004	22886.414706000003			1.0		0.0	2.0					
