onset	duration	nwb_table	block	tone_on_time	tone_off_time	action_on_time	action_off_time	pokeC_on_time	pokeC_off_time	reward_on_time	reward_off_time	state	action	reward	result	FinishedBlock	FirstTrial	LastTrial	RewardRule_L	RewardRule_R
4.338	317.44899999999996	BlockDesign														1.0	1.0	30.0	10.0	50.0
4.338	12.509999999999998	trials	1.0	12.92615	13.987063	15.682113000000001	16.163335	11.923	14.555915000000002			1.0	2.0	0.0	3.0					
19.028	6.015000000000001	trials	1.0	20.671301	21.91898	24.450239	25.044797	16.84768	21.912536			1.0		0.0	2.0					
26.999	8.864	trials	1.0	31.535479000000002	33.373646	34.545452	35.121698	30.738788	33.601448			1.0	2.0	0.0	3.0					
37.873	6.206000000000003	trials	1.0	39.725945	40.952975			35.862845	40.935731000000004			1.0		0.0	2.0					
44.97	5.194000000000003	trials	1.0	47.306351	47.661002			46.369633	47.655214			2.0		0.0	2.0					
52.72	8.453000000000003	trials	1.0	56.61079	57.85141			56.08041	58.897556	60.853	61.058	2.0		1.0	1.0					
63.697	8.786000000000001	trials	1.0	67.410964	68.836413	71.82855599999999	72.484272	66.400723	70.66373200000001			1.0	1.0	0.0	3.0					
74.173	8.866	trials	1.0	78.701099	79.76356999999999	82.36544799999999	83.03894600000001	77.869936	81.579308			1.0	1.0	0.0	3.0					
86.713	7.555000000000007	trials	1.0	90.47654499999999	92.28279599999999	93.88297700000001	94.266742	89.625651	93.114803			1.0	2.0	0.0	3.0					
98.233	9.774999999999991	trials	1.0	101.89178799999999	103.427816	106.09490299999999	106.69397000000001	101.091271	105.20313200000001	106.903	108.008	1.0	2.0	1.0	1.0					
111.079	6.359000000000009	trials	1.0	113.326412	114.92364699999999			112.413883	115.376836	117.108	117.283	2.0		1.0	1.0					
119.996	6.817000000000007	trials	1.0	122.181476	124.01068900000001	126.17653000000001	126.81272000000001	121.25121999999999	125.40047800000002			1.0	2.0	0.0	3.0					
129.518	8.889999999999986	trials	1.0	132.221476	133.298413	138.081333	138.39735100000001	131.512694	137.006089			1.0	1.0	0.0	3.0					
141.418	8.965000000000003	trials	1.0	144.181642	145.887113	148.565087	148.83901600000002	143.520377	147.712948	149.553	150.383	1.0	2.0	1.0	1.0					
154.401	6.411999999999978	trials	1.0	156.231848	157.72281700000002	159.05084	159.455488	154.941563	158.16021700000002	159.893	160.813	1.0	2.0	1.0	1.0					
162.833	8.094999999999999	trials	1.0	165.851507	167.749462	168.921515	169.42394000000002	165.15965500000001	167.883688	169.718	170.928	1.0	2.0	1.0	1.0					
173.028	8.551000000000016	trials	1.0	175.896604	177.933412	179.459473	179.99228200000002	175.383554	178.618447	180.258	181.579	1.0	2.0	1.0	1.0					
185.634	6.214000000000027	trials	1.0	187.253126	188.294801	189.77514100000002	190.253311	185.82144200000002	189.008777	190.628	191.848	1.0	2.0	1.0	1.0					
195.908	6.265000000000015	trials	1.0	197.547175	198.85360400000002			196.084292	199.869043	201.829	201.928	2.0		1.0	1.0					
205.708	6.840000000000003	trials	1.0	207.38712800000002	209.301149	210.733853	211.426264	206.298305	209.88821900000002			1.0	2.0	0.0	3.0					
215.108	5.769999999999982	trials	1.0	217.021997	218.309765			212.548919	218.70697900000002	220.668	220.718	2.0		1.0	1.0					
223.418	6.870999999999981	trials	1.0	225.918308	227.213809			225.29548300000002	228.045998			2.0		1.0	1.0					
232.763	8.109999999999985	trials	1.0	234.962605	236.851193	240.472313	240.875255	234.338375	238.442684			1.0	1.0	0.0	3.0					
243.833	4.455999999999989	trials	1.0	245.477335	246.278933			244.16699	246.275132			1.0		0.0	2.0					
250.299	17.825000000000017	trials	1.0	263.08364	264.203474	267.340786	268.125581	262.468246	266.740223			1.0	2.0	0.0	3.0					
271.673	9.894999999999982	trials	1.0	276.402418	277.931077	279.764506	280.090694	275.825345	278.541919	280.488	281.568	1.0	2.0	1.0	1.0					
285.633	6.7000000000000455	trials	1.0	287.34743000000003	288.59924	290.308393	290.95646	285.842824	289.56595300000004	291.073	292.333	1.0	2.0	1.0	1.0					
294.352	8.062000000000012	trials	1.0	297.672542	299.269489	300.393195	300.858751	296.867891	299.68342	301.088	302.414	1.0	2.0	1.0	1.0					
304.438	6.900000000000034	trials	1.0	307.482017	309.27468500000003			306.967249	309.262511			1.0		0.0	2.0					
314.348	7.4389999999999645	trials	1.0	317.536808	319.105551	321.716366	322.399909	316.77034100000003	320.943346			1.0	2.0	0.0	3.0					
326.058	1738.7800000000002	BlockDesign														1.0	31.0	171.0	50.0	10.0
326.058	5.5849999999999795	trials	2.0	327.968086	329.635036			323.005222	329.62174600000003			1.0		0.0	2.0					
333.653	74.60999999999996	trials	2.0	404.487691	406.220116	407.589082	408.264764	403.710218	406.824763			1.0	2.0	0.0	3.0					
411.923	10.004999999999995	trials	2.0	418.183115	419.55514600000004	421.209851	421.927826	417.346448	420.55466			1.0	2.0	0.0	3.0					
423.553	8.309000000000026	trials	2.0	428.084183	429.232798			427.221391	429.727835	431.468	431.624	2.0		1.0	1.0					
434.306	9.907000000000039	trials	2.0	436.28728	437.93951500000003			435.571864	438.41801300000003	440.133	440.633	2.0		1.0	1.0					
444.653	6.394999999999982	trials	2.0	446.69259700000003	448.284847			444.21511300000003	449.02411	450.778	450.973	2.0		1.0	1.0					
453.573	10.569999999999993	trials	2.0	457.322544	459.355427	461.496197	462.655591	456.78269	460.32498200000003	462.204	464.143	1.0	1.0	1.0	1.0					
467.165	9.132999999999981	trials	2.0	470.008123	471.176558	474.834137	475.596677	469.150535	473.847292			1.0	2.0	0.0	3.0					
478.221	6.391999999999996	trials	2.0	479.959352	481.297405	482.334803	483.171082	476.299717	481.456696	483.063	484.613	1.0	1.0	1.0	1.0					
488.633	7.895000000000039	trials	2.0	490.40788000000003	491.48618	494.807407	495.665359	489.429155	494.200588			1.0	1.0	0.0	3.0					
499.162	4.93100000000004	trials	2.0	501.158855	502.084649			496.527782	502.07451100000003			1.0		0.0	2.0					
507.108	6.380000000000052	trials	2.0	509.223181	510.608642	512.773568	513.488928	508.561753	512.087129			1.0	2.0	0.0	3.0					
517.15	9.375	trials	2.0	522.697151	524.421609			521.770988	524.4140239999999			2.0		0.0	2.0					
528.543	8.700000000000045	trials	2.0	530.2636809999999	531.848719			529.3211259999999	532.0665829999999	533.823	533.883	2.0		1.0	1.0					
538.638	12.329999999999927	trials	2.0	540.504963	542.1351259999999	548.7812319999999	549.46634	537.243445	542.348455	549.603	550.968	1.0	1.0	1.0	1.0					
553.993	11.944999999999936	trials	2.0	556.493064	558.286158	565.44002	565.9385649999999	555.8739529999999	562.046039			1.0	2.0	0.0	3.0					
568.773	8.610000000000014	trials	2.0	571.2783909999999	572.6426869999999	574.9966159999999	575.838261	570.7315269999999	573.891002	575.704	577.383	1.0	1.0	1.0	1.0					
579.403	15.516999999999939	trials	2.0	589.113473	591.105295	592.357775	593.406476	588.1174639999999	591.5408199999999	593.039	594.92	1.0	1.0	1.0	1.0					
596.983	7.425000000000068	trials	2.0	600.103442	602.0397519999999			599.2432869999999	602.218841	604.173	604.238	2.0		1.0	1.0					
606.903	8.625	trials	2.0	610.928825	612.7083769999999	614.112269	614.6927049999999	610.330787	613.348983			1.0	2.0	0.0	3.0					
617.443	4.529999999999973	trials	2.0	619.384101	619.966289			615.529106	619.961778			1.0		0.0	2.0					
624.979	9.228999999999928	trials	2.0	628.658546	630.445389	631.795	632.7601629999999	627.713397	631.041564	632.499	634.208	1.0	1.0	1.0	1.0					
637.325	6.713999999999942	trials	2.0	638.983898	640.631006	641.8762429999999	643.3143339999999	637.8118179999999	641.076515			1.0	1.0	0.0	3.0					
645.205	5.208999999999946	trials	2.0	647.158951	648.405728	649.215505	649.6449429999999	644.0429349999999	648.395769			1.0		0.0	2.0					
652.428	11.754999999999995	trials	2.0	656.9788699999999	658.1406199999999	661.066882	661.6551519999999	656.3555329999999	660.33463			1.0	2.0	0.0	3.0					
665.408	5.5499999999999545	trials	2.0	667.6136329999999	669.54621	670.636318	670.9643199999999	666.758195	669.521089			1.0	2.0	0.0	3.0					
672.973	6.7549999999999955	trials	2.0	677.453956	677.6653809999999			676.4896389999999	677.6621289999999			1.0		0.0	2.0					
683.778	8.355000000000018	trials	2.0	686.9696469999999	688.395003	689.888246	690.725775	686.306838	688.832097	690.598	692.133	1.0	1.0	1.0	1.0					
695.159	6.673999999999978	trials	2.0	696.943775	698.597223	700.5332719999999	701.8387359999999	695.7211329999999	699.683318			1.0	1.0	0.0	3.0					
703.868	10.324999999999932	trials	2.0	707.8497739999999	709.6363309999999	712.2657499999999	712.6727169999999	706.945298	710.94218	712.938	714.193	1.0	1.0	1.0	1.0					
716.258	7.769999999999982	trials	2.0	718.7890329999999	720.031084	722.2046919999999	723.1404319999999	718.142218	721.2442279999999			1.0	1.0	0.0	3.0					
724.558	5.294999999999959	trials	2.0	726.3242769999999	727.731002	729.3331089999999	729.8585479999999	724.0330879999999	728.6589819999999			1.0	2.0	0.0	3.0					
733.658	6.409999999999968	trials	2.0	735.7791619999999	736.9375269999999	738.8047009999999	739.4942169999999	734.871956	737.9877879999999			1.0	2.0	0.0	3.0					
743.173	7.470000000000027	trials	2.0	744.789016	744.986189			740.0723409999999	744.9813079999999			1.0		0.0	2.0					
751.064	5.364000000000033	trials	2.0	753.0641449999999	754.605558	755.8917819999999	756.432603	750.64631	755.1707829999999			1.0	2.0	0.0	3.0					
759.228	45.476	trials	2.0	801.0146719999999	802.135643			800.299532	802.559133	804.228	804.343	2.0		1.0	1.0					
809.218	7.446000000000026	trials	2.0	812.7616129999999	814.401268			811.860914	814.5831189999999	816.433	816.513	2.0		1.0	1.0					
821.173	7.644999999999982	trials	2.0	823.569578	825.131182			822.634599	825.1218339999999			2.0		0.0	2.0					
830.15	13.613000000000056	trials	2.0	840.5748649999999	842.011729	843.0358699999999	843.76815	839.665391	842.2191409999999			1.0	2.0	0.0	3.0					
846.369	19.399	trials	2.0	861.110152	862.1689369999999	863.5885509999999	864.2940739999999	860.1626749999999	862.9369519999999	864.303	865.768	1.0	1.0	1.0	1.0					
868.789	6.75	trials	2.0	871.024783	873.010783			870.3204549999999	873.26776	875.263	875.539	2.0		1.0	1.0					
879.558	6.816000000000031	trials	2.0	881.555207	883.3423419999999	885.8300889999999	886.376939	880.568717	883.329992			2.0		0.0	2.0					
888.363	11.621999999999957	trials	2.0	893.1607779999999	894.541299	897.79575	899.107588	892.577997	897.059998			1.0	1.0	0.0	3.0					
902.138	5.29099999999994	trials	2.0	903.7204059999999	905.428145	906.3610299999999	906.762068	899.989778	905.4223549999999			1.0		0.0	2.0					
909.443	12.18100000000004	trials	2.0	917.624527	919.262081			916.6706839999999	919.433963	921.398	921.499	2.0		1.0	1.0					
925.103	9.436000000000035	trials	2.0	928.205029	929.731739	931.95975	932.965159	927.286434	931.079068	932.638	934.539	1.0	1.0	1.0	1.0					
936.561	9.716999999999985	trials	2.0	940.615011	942.1909129999999	945.0014739999999	945.579398	939.844751	943.809888			1.0	2.0	0.0	3.0					
947.373	5.2450000000000045	trials	2.0	949.090975	950.558684			946.281204	950.5464489999999			1.0		0.0	2.0					
954.634	6.854000000000042	trials	2.0	956.9705809999999	958.7134639999999	960.725999	961.490516	956.276044	959.850645			1.0	1.0	0.0	3.0					
963.058	29.99000000000001	trials	2.0	977.565435	979.406942	990.4814749999999	991.215242	976.713434	979.9635679999999			1.0	2.0	0.0	3.0					
993.818	11.024999999999977	trials	2.0	999.655183	1001.062517	1004.4346549999999	1004.8460409999999	998.8726429999999	1003.544236			1.0	2.0	0.0	3.0					
1006.813	11.800000000000068	trials	2.0	1011.510773	1012.722397	1016.031535	1016.93635	1010.689319	1015.2927139999999	1016.773	1018.613	1.0	1.0	1.0	1.0					
1020.674	9.81899999999996	trials	2.0	1025.711855	1027.127528	1028.379682	1029.822689	1024.9700870000001	1027.8535160000001			1.0	1.0	0.0	3.0					
1031.705	5.47400000000016	trials	2.0	1033.400863	1034.8622090000001			1030.498121	1035.090613	1036.999	1037.048	2.0		1.0	1.0					
1039.653	7.775000000000091	trials	2.0	1042.530365	1043.823545	1046.773657	1047.43381	1041.696506	1046.08563			1.0	1.0	0.0	3.0					
1049.103	9.105000000000018	trials	2.0	1053.950573	1055.47276	1057.6874890000001	1058.213015	1053.154538	1057.032764			1.0	2.0	0.0	3.0					
1062.053	12.284999999999854	trials	2.0	1066.1606120000001	1067.761039	1069.2003320000001	1069.684316	1065.2689990000001	1068.517945	1069.978	1070.874	1.0	2.0	1.0	1.0					
1074.938	9.3599999999999	trials	2.0	1076.5402040000001	1077.886174			1074.343321	1078.185569	1080.133	1080.258	2.0		1.0	1.0					
1085.023	6.360000000000127	trials	2.0	1086.861092	1087.90253	1089.483299	1090.0549330000001	1084.305464	1088.7656240000001			1.0	2.0	0.0	3.0					
1092.843	11.214999999999918	trials	2.0	1097.14118	1099.042987	1103.1197750000001	1104.064865	1096.607086	1102.478219			1.0	1.0	0.0	3.0					
1106.448	9.659999999999854	trials	2.0	1111.365919	1113.3719290000001	1115.208366	1116.114692	1110.467009	1114.440824			1.0	2.0	0.0	3.0					
1118.561	37.30300000000011	trials	2.0	1151.910844	1153.597084	1155.52466	1155.86635	1150.937423	1153.948228			1.0	2.0	0.0	3.0					
1157.848	50.01999999999998	trials	2.0	1203.566675	1205.01673	1207.4836340000002	1207.873397	1202.817493	1206.8111840000001			1.0	2.0	0.0	3.0					
1211.803	6.529999999999973	trials	2.0	1214.8830830000002	1216.657918	1217.551702	1218.339353	1214.2026250000001	1216.86347			1.0	1.0	0.0	3.0					
1219.919	12.241999999999962	trials	2.0	1228.8215480000001	1230.6677630000001	1231.7618	1232.161259	1228.066004	1230.616655			1.0	2.0	0.0	3.0					
1235.098	9.120000000000118	trials	2.0	1240.5415930000001	1242.613211	1243.8949870000001	1247.80805	1239.961321	1242.8192900000001			1.0	1.0	0.0	3.0					
1246.269	16.223999999999933	trials	2.0	1258.686715	1259.914931	1261.9810730000002	1262.498426	1258.093301	1261.2389540000001			1.0	1.0	0.0	3.0					
1265.298	7.829999999999927	trials	2.0	1268.871359	1270.161646	1272.500734	1273.1341280000001	1267.930489	1271.9368690000001			1.0	2.0	0.0	3.0					
1276.833	12.254999999999882	trials	2.0	1283.626346	1285.526401	1287.1873400000002	1288.643417	1282.990234	1286.1904120000002			1.0	1.0	0.0	3.0					
1290.568	13.944999999999936	trials	2.0	1300.741743	1302.134882	1303.9147480000001	1304.5211450000002	1299.900065	1303.238636			1.0	2.0	0.0	3.0					
1307.278	7.471000000000004	trials	2.0	1310.852176	1312.734811			1309.985312	1312.731904			2.0		0.0	2.0					
1318.758	4.855000000000018	trials	2.0	1320.387367	1321.6091470000001			1319.17543	1321.60493			2.0		0.0	2.0					
1325.624	8.44399999999996	trials	2.0	1327.6167010000001	1329.333449	1333.5586720000001	1334.076199	1326.993968	1332.911255			1.0	2.0	0.0	3.0					
1336.888	11.835000000000036	trials	2.0	1342.0125890000002	1344.176009	1346.736815	1347.230999	1341.0470480000001	1344.716662	1347.468	1348.723	1.0	1.0	1.0	1.0					
1350.783	10.415000000000191	trials	2.0	1354.1218430000001	1355.972993			1353.396352	1355.959325			2.0		0.0	2.0					
1361.993	4.9500000000000455	trials	2.0	1363.691323	1364.8859320000001	1366.5336340000001	1366.9392050000001	1361.205479	1364.875647			1.0		0.0	2.0					
1370.954	6.514000000000124	trials	2.0	1372.892374	1374.64416			1371.9634210000002	1375.34921	1377.198	1377.289	2.0		1.0	1.0					
1379.923	8.809999999999945	trials	2.0	1383.692047	1385.253866	1387.661665	1388.290124	1382.843852	1386.9029110000001			1.0	1.0	1.0	1.0					
1392.293	11.190000000000055	trials	2.0	1397.62175	1399.45136	1401.211031	1401.9809890000001	1396.9859960000001	1400.517437	1401.973	1403.483	1.0	1.0	1.0	1.0					
1407.509	6.033999999999878	trials	2.0	1409.298792	1410.780068	1412.5736450000002	1413.548829	1407.999573	1411.844791			1.0	1.0	0.0	3.0					
1414.933	12.184999999999945	trials	2.0	1421.992234	1423.770277	1425.60463	1425.8750830000001	1421.201878	1424.7780830000002	1426.378	1427.118	1.0	2.0	1.0	1.0					
1431.165	5.823000000000093	trials	2.0	1432.996996	1434.62633			1431.886537	1434.821478			2.0		1.0	1.0					
1440.517	6.120999999999867	trials	2.0	1442.063245	1444.054388	1445.1655190000001	1445.757701	1440.6177910000001	1444.515452			1.0	2.0	0.0	3.0					
1447.489	5.214999999999918	trials	2.0	1449.3477320000002	1450.70839			1446.644456	1450.701647			2.0		0.0	2.0					
1455.708	6.79099999999994	trials	2.0	1457.847803	1458.9442450000001	1460.301071	1461.240982	1455.7144640000001	1459.557476	1461.033	1462.499	1.0	1.0	1.0	1.0					
1466.515	8.838999999999942	trials	2.0	1468.402859	1469.699132			1466.631329	1469.933959	1471.693	1471.738	2.0		1.0	1.0					
1475.558	6.770999999999958	trials	2.0	1477.303094	1479.079868	1479.8752120000001	1480.87715	1475.3580080000002	1479.0861400000001	1480.533	1482.329	1.0	1.0	1.0	1.0					
1484.348	8.095000000000027	trials	2.0	1486.612858	1488.6615920000002	1489.848316	1490.97781	1486.041357	1489.0762220000001	1490.648	1492.443	1.0	1.0	1.0	1.0					
1495.464	8.419000000000096	trials	2.0	1498.10762	1499.139511	1501.448474	1502.394047	1497.5059700000002	1500.7987520000001	1502.249	1503.883	1.0	1.0	1.0	1.0					
1505.945	6.623000000000047	trials	2.0	1508.822678	1510.268522	1511.304368	1512.576401	1507.996051	1510.6609210000001			1.0	1.0	0.0	3.0					
1514.628	9.039999999999964	trials	2.0	1518.542664	1519.860874	1521.805121	1522.330844	1517.78636	1520.932559			1.0	2.0	0.0	3.0					
1526.178	9.376999999999953	trials	2.0	1530.563077	1532.300017	1533.461491	1534.5069190000002	1529.583485	1532.35877			1.0	1.0	0.0	3.0					
1536.793	5.036000000000058	trials	2.0	1538.359637	1539.82988			1535.5590980000002	1539.8249620000001			1.0		0.0	2.0					
1545.88	8.067999999999984	trials	2.0	1549.4285710000001	1551.3793990000001			1548.5981510000001	1551.634252	1553.548	1553.658	2.0		1.0	1.0					
1556.418	6.617000000000189	trials	2.0	1558.853078	1560.779734			1558.276403	1560.925571	1562.773	1562.848	2.0		1.0	1.0					
1566.553	7.564999999999827	trials	2.0	1568.247494	1570.055102	1571.69944	1572.702683	1566.564943	1570.830334	1572.403	1574.118	1.0	1.0	1.0	1.0					
1577.168	6.621000000000095	trials	2.0	1579.243253	1580.564809	1582.551029	1583.794534	1578.413041	1581.77819			1.0	1.0	0.0	3.0					
1586.888	6.365000000000009	trials	2.0	1588.4650100000001	1590.3251050000001	1592.621051	1593.260767	1587.936068	1591.834763			1.0	1.0	0.0	3.0					
1597.003	9.50500000000011	trials	2.0	1600.7633480000002	1602.427372	1604.763247	1605.772201	1599.966159	1603.860413			1.0	2.0	0.0	3.0					
1607.088	4.875	trials	2.0	1608.618277	1609.900079			1606.5140350000001	1609.8962530000001			1.0		0.0	2.0					
1613.978	7.2849999999998545	trials	2.0	1616.188216	1617.6908620000002	1620.4557670000002	1621.2696760000001	1615.4811200000001	1619.462098			1.0	1.0	0.0	3.0					
1624.798	8.855000000000018	trials	2.0	1628.523224	1630.154728	1632.393665	1633.073842	1627.595153	1631.561612			1.0	2.0	0.0	3.0					
1634.765	5.288000000000011	trials	2.0	1636.43341	1637.995603			1633.658167	1637.987634			2.0		0.0	2.0					
1642.063	6.524999999999864	trials	2.0	1643.5993270000001	1645.5840560000001	1647.784517	1648.596824	1642.422334	1646.792159			1.0	1.0	0.0	3.0					
1650.108	13.68100000000004	trials	2.0	1659.164252	1660.580381	1663.085667	1663.797612	1658.388422	1661.915968			1.0	1.0	0.0	3.0					
1667.463	7.7409999999999854	trials	2.0	1671.6486220000002	1673.209396			1670.6607040000001	1673.201242			2.0		0.0	2.0					
1678.223	6.9650000000001455	trials	2.0	1680.668157	1682.337835	1684.626049	1685.1966220000002	1678.854593	1683.895843			1.0	2.0	0.0	3.0					
1687.96	14.457999999999856	trials	2.0	1699.2086590000001	1700.525728	1701.791162	1702.428047	1698.700634	1701.038657			1.0	1.0	0.0	3.0					
1704.108	13.865000000000009	trials	2.0	1714.283957	1715.674461	1717.1873500000002	1717.981469	1713.3216830000001	1716.369637			1.0	1.0	0.0	3.0					
1719.513	11.310000000000173	trials	2.0	1726.5236320000001	1727.775515	1730.306849	1730.832505	1725.775408	1729.502046			1.0	2.0	0.0	3.0					
1733.67	11.14799999999991	trials	2.0	1740.524116	1742.248307			1739.908881	1742.5283980000002			2.0		1.0	1.0					
1747.309	7.065000000000055	trials	2.0	1750.404047	1751.668079			1749.831203	1752.084904	1753.999	1754.374	2.0		1.0	1.0					
1757.488	8.375	trials	2.0	1759.359584	1761.339637	1763.655268	1764.563542	1758.099441	1762.912051	1764.398	1765.863	1.0	1.0	1.0	1.0					
1769.958	7.059999999999945	trials	2.0	1771.889371	1773.635134	1774.6448870000002	1775.573495	1770.072116	1774.063247	1775.289	1777.018	1.0	1.0	1.0	1.0					
1779.069	7.854000000000042	trials	2.0	1781.4038050000001	1783.136956	1784.415144	1785.469654	1780.7958230000002	1783.7044190000001	1785.128	1786.923	1.0	1.0	1.0	1.0					
1790.013	6.925000000000182	trials	2.0	1792.31447	1793.401112	1795.616213	1796.9446480000001	1791.509236	1794.364337			1.0	1.0	1.0	1.0					
1799.258	9.164999999999964	trials	2.0	1804.204222	1805.912176	1807.026211	1808.433209	1803.3530230000001	1806.4420790000001			1.0	1.0	0.0	3.0					
1811.348	7.505000000000109	trials	2.0	1813.1490760000002	1815.020185	1817.663558	1818.249344	1812.581425	1816.9736110000001			1.0	2.0	0.0	3.0					
1819.993	8.600000000000136	trials	2.0	1821.639629	1823.186543			1818.861693	1823.182479			1.0		0.0	2.0					
1829.204	6.72400000000016	trials	2.0	1830.909188	1832.467628	1834.285673	1835.06633	1828.6032830000001	1832.46386			1.0		0.0	2.0					
1837.543	4.968000000000075	trials	2.0	1839.8405870000001	1840.4680970000002			1835.9370940000001	1840.4638			1.0		0.0	2.0					
1846.573	8.519999999999982	trials	2.0	1850.0155550000002	1851.671084	1852.695121	1853.802224	1849.242752	1852.0666390000001	1853.443	1855.093	1.0	1.0	1.0	1.0					
1858.153	9.525000000000091	trials	2.0	1859.7542	1861.2409360000001	1862.074366	1863.06989	1858.9777390000002	1861.5698650000002	1862.773	1864.478	1.0	1.0	1.0	1.0					
1868.494	4.5750000000000455	trials	2.0	1870.163978	1871.485406	1872.210649	1873.075544	1867.684946	1871.518039			1.0	1.0	0.0	3.0					
1874.548	9.6099999999999	trials	2.0	1879.4191270000001	1881.330396	1882.840975	1883.341024	1878.514306	1882.208059			1.0	2.0	0.0	3.0					
1887.159	8.478999999999814	trials	2.0	1890.6194950000001	1892.045393	1893.836434	1894.289747	1889.721246	1893.03115	1894.673	1895.638	1.0	1.0	1.0	1.0					
1898.698	12.429999999999836	trials	2.0	1903.0742890000001	1904.638177			1902.381194	1904.946373	1906.718	1906.838	2.0		1.0	1.0					
1911.704	4.969000000000051	trials	2.0	1913.3010530000001	1914.616588			1911.136811	1914.6121540000001			2.0		0.0	2.0					
1919.683	5.724999999999909	trials	2.0	1921.644862	1923.060071			1919.731172	1923.070181			2.0		1.0	1.0					
1927.843	6.480000000000018	trials	2.0	1929.739673	1931.731559	1933.368944	1934.332603	1929.137897	1932.6785690000002			1.0	1.0	0.0	3.0					
1935.653	11.098999999999933	trials	2.0	1940.7166100000002	1942.826614			1939.7992510000001	1942.822294			2.0		0.0	2.0					
1946.9	6.252999999999929	trials	2.0	1948.4801300000001	1950.0777500000002	1952.304901	1953.162303	1946.75782	1951.576643			1.0	1.0	0.0	3.0					
1955.678	10.184999999999945	trials	2.0	1962.2204120000001	1963.4915620000002	1965.3885950000001	1965.872134	1961.28719	1964.185123			1.0	2.0	0.0	3.0					
1967.766	10.34199999999987	trials	2.0	1973.2849720000002	1974.445708	1977.4904960000001	1978.114789	1972.5749270000001	1976.7244460000002			1.0	1.0	0.0	3.0					
1979.823	10.215999999999894	trials	2.0	1986.060559	1988.077733	1989.501625	1990.0490570000002	1985.2541410000001	1988.748653			1.0	2.0	0.0	3.0					
1992.829	9.594000000000051	trials	2.0	1998.829604	2000.703866	2001.701497	2002.432726	1998.100195	2000.961113			1.0	1.0	0.0	3.0					
2004.028	23.05600000000004	trials	2.0	2020.856387	2022.241946			2020.0458740000001	2022.239123			2.0		0.0	2.0					
2027.363	5.309999999999945	trials	2.0	2029.031228	2030.417662			2027.091695	2030.415574			2.0		1.0	1.0					
2037.223	6.384999999999991	trials	2.0	2039.26177	2040.972679	2042.840167	2043.6158950000001	2038.5978850000001	2042.021119			1.0	1.0	0.0	3.0					
2045.164	11.618999999999915	trials	2.0	2050.160404	2051.9674290000003	2054.5461450000003	2055.476727	2049.388049	2052.438718	2055.268	2056.783	1.0	1.0	1.0	1.0					
2060.806	4.032000000000153	trials	2.0	2062.341605	2063.5418990000003	2064.758272	2065.574866	2061.460245	2064.145272			1.0	1.0	0.0	3.0					
2069.143	359.2750000000001	BlockDesign														1.0	172.0	209.0	90.0	50.0
2069.143	6.710000000000036	trials	3.0	2072.1614720000002	2073.293764	2075.346862	2075.863025	2071.437395	2074.555057			1.0	2.0	0.0	3.0					
2077.668	10.879999999999654	trials	3.0	2082.165272	2084.2119860000003	2086.170827	2087.1450720000003	2081.4072260000003	2085.2953310000003	2086.834	2088.548	1.0	1.0	1.0	1.0					
2092.662	6.1710000000002765	trials	3.0	2094.541495	2095.575713	2096.726909	2097.4821540000003	2093.005363	2096.040074	2097.438	2098.833	1.0	1.0	1.0	1.0					
2100.899	9.615000000000236	trials	3.0	2103.262172	2104.6169680000003			2102.338889	2104.875695	2106.838	2106.888	2.0		1.0	1.0					
2111.664	5.289999999999964	trials	3.0	2113.435562	2114.958283			2110.5240440000002	2114.951845			1.0		0.0	2.0					
2119.009	9.945000000000164	trials	3.0	2123.225947	2124.667261			2122.586929	2124.663571			2.0		0.0	2.0					
2130.783	6.8409999999998945	trials	3.0	2132.707655	2134.1004040000003	2135.305582	2136.2166740000002	2128.9617080000003	2134.0743190000003	2135.954	2137.624	1.0	1.0	1.0	1.0					
2140.643	6.514999999999873	trials	3.0	2142.845984	2144.11112	2144.702177	2145.787817	2140.814279	2144.077748	2145.533	2147.158	1.0	1.0	1.0	1.0					
2150.178	6.095000000000255	trials	3.0	2151.842201	2152.892726	2153.758715	2155.012874	2150.789507	2153.275916	2154.503	2156.273	1.0	1.0	1.0	1.0					
2158.34	7.038000000000011	trials	3.0	2160.302512	2161.714158	2162.552528	2163.914359	2159.203309	2161.9364610000002	2163.204	2165.378	1.0	1.0	1.0	1.0					
2168.398	6.369999999999891	trials	3.0	2170.381365	2171.5036680000003	2172.427052	2173.459604	2169.192758	2171.838489	2173.158	2174.768	1.0	1.0	1.0	1.0					
2177.784	8.009000000000015	trials	3.0	2179.660849	2181.228572			2177.954033	2181.21725			2.0		0.0	2.0					
2187.318	4.824999999999818	trials	3.0	2189.255714	2190.087532			2185.802146	2190.081718			1.0		0.0	2.0					
2195.158	5.635000000000218	trials	3.0	2197.1967560000003	2198.539652	2199.6191320000003	2200.802072	2195.711234	2198.99348			1.0	1.0	1.0	1.0					
2204.241	6.713000000000193	trials	3.0	2207.735918	2208.948055			2207.217604	2208.943561			1.0		0.0	2.0					
2215.009	5.78899999999976	trials	3.0	2216.831083	2218.127513	2218.994477	2220.167806	2215.736099	2218.123442			1.0		0.0	2.0					
2222.244	5.148999999999887	trials	3.0	2223.8965900000003	2225.38808			2220.809969	2225.368712	2227.124	2227.133	2.0		1.0	1.0					
2229.909	7.464999999999691	trials	3.0	2233.722059	2235.3087920000003			2232.892748	2235.301538			1.0		0.0	2.0					
2240.435	7.572999999999865	trials	3.0	2243.231441	2245.248848	2246.305306	2246.760887	2242.596648	2245.714993	2246.988	2248.008	1.0	2.0	1.0	1.0					
2250.089	10.144000000000233	trials	3.0	2251.817636	2253.56225	2255.111411	2255.586821	2250.947114	2254.356233	2255.928	2256.888	1.0	2.0	1.0	1.0					
2260.953	4.635000000000218	trials	3.0	2262.762448	2263.587361	2264.356132	2264.69456	2260.242304	2263.577649			1.0		0.0	2.0					
2269.619	5.873000000000047	trials	3.0	2271.4861260000002	2272.9830580000003			2269.636452	2273.290861	2275.124	2275.263	2.0		1.0	1.0					
2278.039	9.334999999999582	trials	3.0	2280.116339	2281.8377960000003			2279.148448	2282.0096200000003	2283.783	2283.978	2.0		1.0	1.0					
2287.613	5.080000000000382	trials	3.0	2289.24118	2290.69372	2291.355398	2292.221464	2287.383044	2290.6841090000003			1.0		0.0	2.0					
2294.704	6.573999999999614	trials	3.0	2297.592725	2299.522448	2300.5722530000003	2301.2863580000003	2296.8314920000003	2300.019131			1.0	1.0	0.0	3.0					
2303.933	13.6550000000002	trials	3.0	2309.2812320000003	2311.006759	2311.995197	2312.385526	2308.597403	2311.265733	2312.738	2313.618	1.0	2.0	1.0	1.0					
2317.724	4.963999999999942	trials	3.0	2319.4367190000003	2320.6887580000002	2321.4481920000003	2321.9245570000003	2317.6006620000003	2320.681744			1.0		0.0	2.0					
2326.698	5.9210000000002765	trials	3.0	2328.611451	2330.057512			2327.455781	2330.482949	2332.124	2332.133	2.0		1.0	1.0					
2335.133	7.525000000000091	trials	3.0	2337.404837	2339.135908	2340.38374	2341.433009	2336.6144010000003	2339.762354	2341.293	2342.658	1.0	1.0	1.0	1.0					
2345.673	5.651000000000295	trials	3.0	2347.6518300000002	2349.323489			2345.729582	2349.313487			2.0		0.0	2.0					
2353.333	11.9699999999998	trials	3.0	2355.086501	2356.207416	2358.7635290000003	2359.9539170000003	2354.2604260000003	2358.056879	2359.588	2361.323	1.0	1.0	1.0	1.0					
2365.389	9.125	trials	3.0	2366.9821540000003	2368.558892	2369.625098	2370.0965690000003	2365.313402	2368.556261			1.0		0.0	2.0					
2374.579	7.013999999999669	trials	3.0	2376.192422	2378.0635230000003	2378.901605	2380.1267000000003	2374.525816	2378.257333	2379.633	2381.593	1.0	1.0	1.0	1.0					
2383.613	8.320000000000164	trials	3.0	2386.126619	2388.181007	2389.106797	2390.549482	2385.555562	2388.5321790000003	2389.718	2391.933	1.0	1.0	1.0	1.0					
2394.949	5.53899999999976	trials	3.0	2396.621766	2398.128224			2395.4512210000003	2398.338514	2400.103	2400.268	2.0		1.0	1.0					
2403.958	7.460000000000036	trials	3.0	2406.126479	2407.760429	2408.754929	2409.874046	2405.350172	2408.149776	2409.503	2411.418	1.0	1.0	1.0	1.0					
2414.388	6.710000000000036	trials	3.0	2416.0766830000002	2417.700727	2418.444466	2419.625324	2414.6983960000002	2417.817301	2419.098	2421.098	1.0	1.0	1.0	1.0					
2424.148	4.269999999999982	trials	3.0	2426.34745	2427.698728	2428.358891	2429.568578	2425.4650970000002	2427.732962			1.0	1.0	0.0	3.0					
2430.688	1594.1099999999997	BlockDesign														1.0	210.0	362.0	50.0	90.0
2430.688	9.545000000000073	trials	4.0	2434.987153	2436.6688910000003	2437.923998	2438.393511	2434.168189	2437.2073	2438.568	2440.233	1.0	2.0	1.0	1.0					
2442.29	5.528000000000247	trials	4.0	2444.098321	2445.748766	2446.5711380000002	2446.925776	2443.045391	2445.74537			1.0		0.0	2.0					
2449.829	12.893999999999778	trials	4.0	2453.893382	2455.0596020000003	2457.2268910000003	2458.047364	2453.12698	2456.502395	2458.033	2459.533	1.0	1.0	1.0	1.0					
2463.553	5.119999999999891	trials	4.0	2465.496957	2466.644544	2467.427944	2468.512028	2462.736727	2466.638432			1.0		0.0	2.0					
2471.738	9.4050000000002	trials	4.0	2473.8976780000003	2474.975281			2472.640819	2475.190891	2476.868	2476.993	2.0		1.0	1.0					
2481.758	5.400000000000091	trials	4.0	2483.51372	2484.599467			2481.153355	2484.9698980000003	2486.749	2486.874	2.0		1.0	1.0					
2489.638	5.106000000000222	trials	4.0	2491.35728	2493.0339320000003	2493.9610310000003	2494.754602	2489.854063	2493.390242			1.0	1.0	0.0	3.0					
2496.338	9.105000000000018	trials	4.0	2500.30397	2502.010201	2503.549491	2504.005109	2499.67762	2502.792075	2504.253	2505.443	1.0	2.0	1.0	1.0					
2508.471	4.943000000000211	trials	4.0	2510.292067	2511.920945	2512.699088	2513.4264980000003	2508.516475	2511.935076			1.0	2.0	0.0	3.0					
2516.043	11.996000000000095	trials	4.0	2524.547061	2525.7292700000003			2523.704564	2525.901806			2.0		1.0	1.0					
2530.573	6.039999999999964	trials	4.0	2532.812592	2533.962263	2535.7189630000003	2536.624906	2531.995343	2535.064489			1.0	1.0	0.0	3.0					
2539.092	8.115999999999985	trials	4.0	2542.312852	2543.724657	2545.3990360000003	2545.878869	2541.402611	2544.7008220000002	2546.113	2547.208	1.0	2.0	1.0	1.0					
2549.297	12.541000000000167	trials	4.0	2552.737792	2553.860303	2556.226931	2556.6957620000003	2551.993861	2555.597165	2556.958	2558.113	1.0	2.0	1.0	1.0					
2562.148	4.984999999999673	trials	4.0	2563.822505	2565.0842390000003	2566.08691	2566.640008	2561.8489250000002	2565.077389			1.0		0.0	2.0					
2571.185	6.5779999999999745	trials	4.0	2572.882228	2574.831109	2576.033996	2576.514284	2571.504201	2575.203383	2576.988	2577.763	1.0	2.0	1.0	1.0					
2581.823	6.809999999999945	trials	4.0	2583.6528710000002	2585.0891970000002			2582.466145	2585.081378			2.0		0.0	2.0					
2590.134	5.036000000000058	trials	4.0	2592.382148	2593.694483	2594.481192	2595.181411	2588.6458740000003	2593.774963			1.0	1.0	0.0	3.0					
2597.805	9.853000000000065	trials	4.0	2603.749804	2604.846151			2602.854693	2605.406521	2607.253	2607.318	2.0		1.0	1.0					
2610.128	7.399999999999636	trials	4.0	2611.764782	2613.5865320000003	2614.903793	2616.030457	2610.669841	2614.183472	2617.374	2617.528	1.0	1.0	1.0	1.0					
2618.559	13.253999999999905	trials	4.0	2623.417426	2625.044105	2626.17958	2627.204681	2622.596587	2625.418631	2627.103	2628.798	1.0	1.0	1.0	1.0					
2632.818	4.944999999999709	trials	4.0	2634.4292020000003	2635.765168	2636.772946	2637.274178	2631.824725	2635.7547640000003			1.0		0.0	2.0					
2640.808	9.3449999999998	trials	4.0	2644.158022	2645.919437	2647.5151730000002	2648.7080730000002	2643.450044	2646.514361	2648.233	2650.153	1.0	1.0	1.0	1.0					
2654.212	5.405999999999949	trials	4.0	2656.148071	2657.620523			2654.5118780000003	2657.613806			2.0		0.0	2.0					
2662.668	7.670000000000073	trials	4.0	2664.938457	2666.5857180000003	2667.687239	2668.837571	2663.2073800000003	2667.014615	2668.388	2670.338	1.0	1.0	1.0	1.0					
2673.415	9.403000000000247	trials	4.0	2675.3936630000003	2676.861419			2674.26404	2676.856954			1.0		0.0	2.0					
2682.918	6.629999999999654	trials	4.0	2684.84465	2686.138646	2687.54072	2688.043525	2682.8279390000002	2686.836722	2688.193	2689.548	1.0	2.0	1.0	1.0					
2691.583	6.150000000000091	trials	4.0	2693.783513	2695.400126	2696.663828	2697.087071	2693.065403	2695.8727440000002			1.0	2.0	1.0	1.0					
2701.258	10.620000000000346	trials	4.0	2705.75767	2706.864947	2708.825272	2710.0305240000002	2704.795166	2708.073278	2709.568	2711.878	1.0	1.0	1.0	1.0					
2714.948	5.175999999999931	trials	4.0	2716.747966	2718.1244420000003	2719.431839	2719.6674000000003	2716.044562	2718.116672			1.0		0.0	2.0					
2723.134	11.469000000000051	trials	4.0	2725.345337	2727.170098	2728.519316	2729.736878	2724.2495010000002	2727.90787	2729.218	2731.283	1.0	1.0	1.0	1.0					
2735.308	5.0	trials	4.0	2736.878104	2738.250314			2734.61474	2738.23868			1.0		0.0	2.0					
2742.318	19.21199999999999	trials	4.0	2753.8137460000003	2755.084928	2756.8857900000003	2757.38591	2753.244742	2755.7591780000002	2757.713	2758.603	1.0	2.0	1.0	1.0					
2762.618	5.195000000000164	trials	4.0	2764.228975	2765.815928	2766.412558	2766.906524	2761.545479	2765.811746			1.0		0.0	2.0					
2769.864	7.543999999999869	trials	4.0	2774.1286760000003	2775.650471	2776.6753870000002	2777.419051	2773.126771	2775.889865			1.0	1.0	0.0	3.0					
2780.003	7.039999999999964	trials	4.0	2782.2137390000003	2783.869972	2785.640179	2786.268386	2781.682016	2784.8438220000003			1.0	2.0	0.0	3.0					
2788.958	8.855000000000018	trials	4.0	2792.765606	2793.795346	2795.3244290000002	2796.393025	2791.770362	2794.30525	2796.073	2797.813	1.0	1.0	1.0	1.0					
2801.833	10.429999999999836	trials	4.0	2803.453462	2804.594545	2805.6624890000003	2806.88855	2801.8897580000003	2805.109732	2806.539	2808.414	1.0	1.0	1.0	1.0					
2812.48	8.97400000000016	trials	4.0	2814.470306	2815.6552890000003			2812.276811	2815.918105	2817.888	2817.914	2.0		1.0	1.0					
2821.738	5.176000000000386	trials	4.0	2823.6940050000003	2824.86583			2821.4696480000002	2824.863114			2.0		0.0	2.0					
2828.963	6.8449999999998	trials	4.0	2830.663823	2832.571607	2833.910089	2834.4155530000003	2829.571754	2833.1134970000003	2834.698	2835.808	1.0	2.0	1.0	1.0					
2837.873	7.166000000000167	trials	4.0	2840.984297	2842.061237	2842.938935	2843.371517	2840.030756	2842.281716	2843.763	2845.039	1.0	2.0	1.0	1.0					
2848.088	6.0	trials	4.0	2850.2840380000002	2851.4334830000003	2852.142384	2852.569093	2848.44839	2851.4402880000002	2852.898	2854.088	1.0	2.0	1.0	1.0					
2856.153	10.051000000000386	trials	4.0	2859.5645600000003	2860.876227			2858.628473	2860.864069			1.0		0.0	2.0					
2866.987	6.9409999999998035	trials	4.0	2868.519422	2869.925861			2866.216511	2869.917741			2.0		0.0	2.0					
2874.038	6.882999999999811	trials	4.0	2875.993802	2877.328126	2878.364618	2879.549747	2873.943039	2877.777653	2879.073	2880.921	1.0	1.0	1.0	1.0					
2882.964	9.31399999999985	trials	4.0	2885.430727	2886.986045			2884.527332	2887.0215900000003	2888.874	2889.103	2.0		1.0	1.0					
2893.813	4.994999999999891	trials	4.0	2895.5197430000003	2896.8172090000003			2892.292912	2896.80872			1.0		0.0	2.0					
2900.815	11.16800000000012	trials	4.0	2903.734891	2905.294681			2903.079538	2906.767054	2908.555	2908.588	2.0		1.0	1.0					
2912.313	5.8849999999997635	trials	4.0	2914.288943	2915.8930880000003	2917.139022	2918.208665	2911.995868	2916.595418			1.0	1.0	0.0	3.0					
2920.458	12.496000000000095	trials	4.0	2924.4145	2926.1883040000002	2927.830178	2928.311957	2923.528657	2927.104825	2928.568	2930.079	1.0	2.0	1.0	1.0					
2934.143	9.079999999999927	trials	4.0	2935.93451	2937.114104			2932.96741	2937.8397170000003	2939.628	2939.688	2.0		1.0	1.0					
2944.463	8.4699999999998	trials	4.0	2946.330972	2947.107002	2947.903457	2948.390413	2943.234551	2947.103453			1.0		0.0	2.0					
2953.164	5.188999999999851	trials	4.0	2954.8604020000002	2956.357046	2957.3343720000003	2957.662984	2952.9456490000002	2956.350433			1.0		0.0	2.0					
2961.404	8.248999999999796	trials	4.0	2965.849721	2967.606565			2965.212751	2967.600245			2.0		0.0	2.0					
2971.708	43.91599999999971	trials	4.0	3012.2397610000003	3013.63148			3011.236649	3013.6276080000002			1.0		0.0	2.0					
3017.678	10.486000000000331	trials	4.0	3019.744454	3021.700643	3022.6327380000002	3023.049989	3019.119475	3022.053386	3023.283	3024.374	1.0	2.0	1.0	1.0					
3028.44	4.79300000000012	trials	4.0	3030.380474	3031.18316	3032.000854	3032.266531	3028.177661	3031.177712			1.0		0.0	2.0					
3035.249	12.0	trials	4.0	3038.6599340000002	3039.736051	3041.1280850000003	3042.1289	3037.7044060000003	3040.442807	3041.789	3043.603	1.0	1.0	1.0	1.0					
3047.628	4.161000000000058	trials	4.0	3049.155221	3049.7978040000003	3050.59331	3050.7916490000002	3047.264683	3049.7908820000002			1.0		0.0	2.0					
3055.798	5.576000000000022	trials	4.0	3057.793179	3059.3252939999998	3060.378582	3060.714762	3057.681099	3059.3190329999998			1.0		0.0	2.0					
3064.383	8.321000000000367	trials	4.0	3067.243785	3068.410131	3070.047225	3071.295939	3066.272598	3069.440345	3070.733	3072.704	1.0	1.0	1.0	1.0					
3076.805	4.593000000000302	trials	4.0	3078.353949	3079.391736	3080.492966	3081.4102009999997	3076.805	3079.852278			1.0	1.0	0.0	3.0					
3082.813	7.710000000000036	trials	4.0	3086.458494	3087.915298			3085.738766	3088.315356	3090.113	3090.124	2.0		1.0	1.0					
3093.028	5.326000000000022	trials	4.0	3094.818941	3096.321046	3097.178163	3098.3689059999997	3093.5560259999997	3096.6165029999997			1.0	1.0	0.0	3.0					
3101.494	6.523999999999887	trials	4.0	3103.243845	3104.88687	3105.970553	3106.4726849999997	3102.323982	3105.179988	3106.648	3108.018	1.0	2.0	1.0	1.0					
3111.079	9.573999999999614	trials	4.0	3113.095434	3114.6033119999997	3115.653261	3116.222057	3112.1477099999997	3115.030617	3116.289	3117.633	1.0	2.0	1.0	1.0					
3121.704	5.303999999999633	trials	4.0	3123.26527	3124.3156799999997	3125.181348	3125.642003	3120.663498	3124.463307	3125.928	3127.008	1.0	2.0	1.0	1.0					
3130.028	6.051000000000386	trials	4.0	3131.998517	3133.724363			3130.461774	3133.7681	3135.633	3135.733	2.0		1.0	1.0					
3138.508	8.539999999999964	trials	4.0	3141.083925	3142.2709489999997	3144.743442	3145.431524	3140.49656	3144.019476			1.0	2.0	0.0	3.0					
3147.073	10.55099999999993	trials	4.0	3152.508495	3153.620603	3155.186053	3156.197732	3151.68524	3154.5640009999997	3155.918	3157.624	1.0	1.0	1.0	1.0					
3160.673	4.885000000000218	trials	4.0	3162.583568	3163.861716	3164.700101	3165.5706769999997	3160.998198	3164.1408109999998			1.0	1.0	0.0	3.0					
3167.028	8.545000000000073	trials	4.0	3172.189076	3173.934521	3175.034918	3175.585884	3171.239228	3174.383253			1.0	1.0	0.0	3.0					
3178.406	15.967999999999847	trials	4.0	3187.444363	3188.97278			3186.5667	3188.9671479999997			2.0		0.0	2.0					
3195.023	7.339999999999691	trials	4.0	3196.739006	3198.151597			3194.3888389999997	3198.134958			2.0		0.0	2.0					
3203.158	7.789999999999964	trials	4.0	3207.744324	3208.951469	3209.6285399999997	3209.811003	3206.997797	3208.946564			1.0		0.0	2.0					
3213.958	9.674999999999727	trials	4.0	3218.689751	3220.695968	3221.8872499999998	3222.402356	3217.884807	3221.216679	3222.658	3223.633	1.0	2.0	1.0	1.0					
3225.668	7.739999999999782	trials	4.0	3227.664156	3228.7540879999997	3231.4633249999997	3232.080149	3226.740545	3230.838606	3232.153	3233.408	1.0	2.0	1.0	1.0					
3236.433	9.291000000000167	trials	4.0	3238.309851	3239.8308739999998			3237.234887	3239.966051	3241.783	3241.923	2.0		1.0	1.0					
3246.705	8.139000000000124	trials	4.0	3248.57946	3249.861994			3245.735579	3249.849408			2.0		0.0	2.0					
3254.902	5.255999999999858	trials	4.0	3256.760922	3258.4017479999998	3259.3545639999998	3260.170022	3254.860038	3258.7297909999998			1.0	1.0	0.0	3.0					
3262.624	9.00400000000036	trials	4.0	3266.409632	3267.54483	3269.593215	3270.052932	3265.720411	3268.8972599999997	3270.374	3271.628	1.0	2.0	1.0	1.0					
3273.681	7.541999999999916	trials	4.0	3276.4396189999998	3278.260335	3279.315107	3279.763881	3275.775476	3278.673759	3280.103	3281.223	1.0	2.0	1.0	1.0					
3283.29	6.557999999999993	trials	4.0	3285.405666	3287.066919	3287.919978	3288.38312	3284.558508	3287.160888	3288.633	3289.848	1.0	2.0	1.0	1.0					
3291.959	7.314000000000306	trials	4.0	3294.430859	3296.1710479999997	3297.352184	3297.756104	3293.511216	3296.674305	3298.048	3299.273	1.0	2.0	1.0	1.0					
3303.339	5.56899999999996	trials	4.0	3305.070014	3306.846671			3303.3718879999997	3306.837385			2.0		1.0	1.0					
3311.403	8.346000000000004	trials	4.0	3313.379163	3314.473176			3311.8079	3314.877921			2.0		1.0	1.0					
3320.528	5.190000000000055	trials	4.0	3322.169736	3323.723313	3324.783699	3325.298691	3319.7601409999997	3323.715603			1.0		0.0	2.0					
3327.769	6.264000000000124	trials	4.0	3330.275288	3331.986696			3329.596929	3331.9841939999997			2.0		0.0	2.0					
3337.063	7.13799999999992	trials	4.0	3339.520205	3340.991535	3342.262743	3342.787356	3337.827186	3341.5510649999997	3343.023	3344.201	1.0	2.0	1.0	1.0					
3347.316	6.4220000000000255	trials	4.0	3349.1296979999997	3350.296395	3351.713217	3352.256996	3347.792828	3350.926062	3352.443	3353.738	1.0	2.0	1.0	1.0					
3356.763	5.485999999999876	trials	4.0	3359.009361	3360.254946	3361.0664159999997	3361.673695	3357.560136	3360.248117			1.0		0.0	2.0					
3366.303	6.026000000000295	trials	4.0	3367.971628	3369.081518			3366.820404	3370.1937789999997	3372.043	3372.083	2.0		1.0	1.0					
3374.914	10.263999999999669	trials	4.0	3376.806455	3378.331406	3379.9940149999998	3380.753058	3375.642909	3379.281977	3380.749	3382.073	1.0	2.0	1.0	1.0					
3386.181	5.58199999999988	trials	4.0	3387.940627	3388.956669	3389.848416	3390.225669	3385.1925389999997	3389.1550469999997	3390.548	3391.763	1.0	2.0	1.0	1.0					
3394.806	6.032999999999902	trials	4.0	3396.6299289999997	3398.051062	3398.7666179999997	3399.322069	3395.064155	3398.055321	3399.483	3400.839	1.0	2.0	1.0	1.0					
3404.863	6.039999999999964	trials	4.0	3406.431821	3408.076842	3408.911216	3409.444038	3405.046724	3408.068966			1.0		0.0	2.0					
3413.108	8.359999999999673	trials	4.0	3416.181569	3417.851404	3420.624207	3421.4812819999997	3415.601922	3419.738421			1.0	1.0	0.0	3.0					
3422.994	15.103999999999814	trials	4.0	3434.071401	3435.522261	3436.23357	3436.722726	3433.427346	3435.528528	3437.063	3438.098	1.0	1.0	1.0	1.0					
3442.118	6.58600000000024	trials	4.0	3444.06045	3445.179075	3446.168805	3447.3067459999997	3442.3060219999998	3445.60605	3448.688	3448.704	1.0	1.0	1.0	1.0					
3450.7	6.493000000000393	trials	4.0	3453.6103169999997	3455.0430619999997	3456.180771	3457.205247	3452.710395	3455.65476			1.0	1.0	0.0	3.0					
3460.508	8.055000000000291	trials	4.0	3465.090534	3466.2373979999998			3464.238684	3466.4089409999997	3468.213	3468.278	2.0		1.0	1.0					
3471.073	6.120000000000346	trials	4.0	3472.965042	3474.094772	3475.234137	3475.716237	3471.6695569999997	3474.510804	3475.918	3477.193	1.0	2.0	1.0	1.0					
3479.254	10.664000000000215	trials	4.0	3481.846982	3483.168045	3484.163611	3484.730009	3481.231299	3483.443762	3484.914	3486.249	1.0	2.0	1.0	1.0					
3490.277	6.166000000000167	trials	4.0	3491.861194	3492.533204			3489.931458	3492.5196			1.0		0.0	2.0					
3498.579	9.94399999999996	trials	4.0	3505.057166	3506.533155			3504.2246889999997	3506.524167			2.0		0.0	2.0					
3510.533	14.03500000000031	trials	4.0	3519.731061	3521.401665	3522.5321129999998	3523.0015049999997	3518.8951309999998	3521.921441	3523.329	3524.568	1.0	2.0	1.0	1.0					
3527.593	5.338999999999942	trials	4.0	3529.545627	3531.036268	3531.874176	3532.39331	3528.306846	3530.985072			1.0	2.0	1.0	1.0					
3536.458	16.40000000000009	trials	4.0	3544.335543	3545.9198429999997	3547.128048	3547.614235	3543.769343	3546.486504	3547.853	3549.143	1.0	2.0	1.0	1.0					
3553.164	8.289999999999964	trials	4.0	3554.8857359999997	3555.746927			3552.8747909999997	3555.738105			1.0		0.0	2.0					
3561.763	6.605000000000018	trials	4.0	3563.642038	3565.177589	3566.945259	3567.4645849999997	3561.465169	3565.17151			1.0		0.0	2.0					
3570.331	5.061999999999898	trials	4.0	3572.571171	3573.342452	3574.2204	3574.519148	3568.381394	3573.338046			1.0		0.0	2.0					
3579.404	8.050000000000182	trials	4.0	3583.812076	3585.463884			3582.945366	3585.456992			2.0		0.0	2.0					
3590.464	8.09900000000016	trials	4.0	3592.9863689999997	3594.269375	3595.893161	3597.025479	3592.198656	3595.0428039999997	3596.648	3598.563	1.0	1.0	1.0	1.0					
3600.671	8.177000000000135	trials	4.0	3603.236073	3605.0230109999998	3606.0862309999998	3607.33209	3602.439672	3605.494267	3606.838	3608.848	1.0	1.0	1.0	1.0					
3610.913	6.585999999999785	trials	4.0	3614.151457	3615.425612	3616.534392	3617.514256	3613.226616	3615.908661			1.0	1.0	0.0	3.0					
3619.884	7.753000000000156	trials	4.0	3623.989518	3625.600122			3623.226945	3625.589742			2.0		0.0	2.0					
3629.648	8.449999999999818	trials	4.0	3632.871537	3633.9532019999997	3636.2734579999997	3636.8076899999996	3632.348634	3635.583048	3637.033	3638.098	1.0	2.0	1.0	1.0					
3640.154	7.7289999999998145	trials	4.0	3642.091097	3643.960392	3646.031657	3646.478919	3641.252028	3645.349746	3646.713	3647.883	1.0	2.0	1.0	1.0					
3649.946	6.251999999999953	trials	4.0	3652.4725829999998	3654.1483129999997			3651.524293	3654.145985			1.0		0.0	2.0					
3659.214	10.019000000000233	trials	4.0	3661.057758	3662.687676			3660.0067609999996	3663.821928			2.0		1.0	1.0					
3669.498	9.971000000000004	trials	4.0	3671.376244	3673.208073			3669.247722	3673.49449	3675.468	3675.523	2.0		1.0	1.0					
3680.223	5.066000000000258	trials	4.0	3682.211582	3683.293429	3684.158071	3684.898072	3679.486882	3683.290458			1.0		0.0	2.0					
3688.298	6.900000000000091	trials	4.0	3690.97316	3692.678817	3694.4454779999996	3695.214673	3690.1923239999996	3693.476476			1.0	1.0	0.0	3.0					
3696.758	35.600000000000364	trials	4.0	3727.21648	3728.628251	3730.371804	3730.870692	3726.588389	3729.639554	3731.023	3732.358	1.0	2.0	1.0	1.0					
3735.378	5.014999999999873	trials	4.0	3736.9874839999998	3738.3431499999997			3735.723001	3738.338146			1.0		0.0	2.0					
3744.403	9.152000000000044	trials	4.0	3748.486743	3750.082384	3751.538394	3752.016141	3747.58172	3750.800457	3752.168	3753.555	1.0	2.0	1.0	1.0					
3755.618	12.559999999999945	trials	4.0	3759.1364	3760.289432	3762.483231	3763.028565	3758.221424	3761.61906	3763.218	3764.545	1.0	2.0	1.0	1.0					
3768.563	8.269999999999982	trials	4.0	3770.281694	3771.5682269999998			3768.192369	3771.55418			1.0		0.0	2.0					
3777.618	6.054999999999836	trials	4.0	3779.6435039999997	3781.37247			3776.847797	3781.475752	3783.383	3783.418	2.0		1.0	1.0					
3786.208	5.224999999999909	trials	4.0	3787.956792	3789.439065			3786.894314	3789.4289879999997			1.0		0.0	2.0					
3793.463	10.160999999999603	trials	4.0	3798.282239	3799.398251	3801.658521	3802.15263	3797.603628	3800.527039	3802.329	3803.624	1.0	2.0	1.0	1.0					
3806.683	6.510000000000218	trials	4.0	3808.692245	3810.1334659999998	3811.247789	3811.790927	3807.599976	3810.5554439999996	3811.948	3813.193	1.0	2.0	1.0	1.0					
3816.218	6.3279999999999745	trials	4.0	3817.886702	3819.368725	3820.4746459999997	3820.9992389999998	3817.0384249999997	3819.831753	3821.148	3822.546	1.0	2.0	1.0	1.0					
3825.563	9.45199999999977	trials	4.0	3829.567508	3830.744391			3828.615057	3830.738867			2.0		0.0	2.0					
3836.749	7.550000000000182	trials	4.0	3838.652955	3839.4759169999998			3835.032107	3839.472926			1.0		0.0	2.0					
3845.478	5.270999999999731	trials	4.0	3847.04666	3848.159556			3844.312305	3848.431518	3850.323	3850.403	2.0		1.0	1.0					
3854.249	7.62900000000036	trials	4.0	3856.433916	3857.584917			3855.478629	3857.577167			2.0		0.0	2.0					
3862.63	6.127999999999702	trials	4.0	3864.837044	3866.01006			3861.893347	3866.735546	3868.428	3868.483	2.0		1.0	1.0					
3871.276	5.042000000000371	trials	4.0	3872.982657	3874.6937829999997	3875.6708479999998	3876.33389	3871.600496	3875.070218			1.0	2.0	0.0	3.0					
3878.999	10.359000000000378	trials	4.0	3884.5121099999997	3886.1486969999996	3887.5685489999996	3888.036321	3883.716149	3886.842109	3888.228	3889.358	1.0	2.0	1.0	1.0					
3892.379	4.564000000000306	trials	4.0	3893.95259	3894.955161	3895.7577499999998	3896.272725	3892.5046119999997	3894.945807			1.0		0.0	2.0					
3898.954	7.903999999999996	trials	4.0	3902.802028	3904.11405			3902.076011	3904.699861	3906.533	3906.633	2.0		1.0	1.0					
3909.386	7.766999999999825	trials	4.0	3911.132169	3912.636635	3915.0027179999997	3915.873284	3910.499346	3914.330739	3915.778	3917.153	1.0	1.0	1.0	1.0					
3921.214	6.2590000000000146	trials	4.0	3922.947981	3924.162948	3925.5423809999998	3926.027972	3921.475598	3924.7872509999997	3926.222	3927.473	1.0	2.0	1.0	1.0					
3930.498	7.045000000000073	trials	4.0	3932.322832	3934.313256	3935.228863	3935.785077	3931.023087	3934.609815	3936.164	3937.543	1.0	2.0	1.0	1.0					
3939.573	7.010000000000218	trials	4.0	3941.643831	3943.588851	3944.7038519999996	3945.184805	3940.6969019999997	3943.592675	3945.363	3946.583	1.0	2.0	1.0	1.0					
3949.693	6.474999999999909	trials	4.0	3951.502308	3952.727219	3954.145651	3954.641577	3950.924927	3953.3938369999996	3954.938	3956.168	1.0	2.0	1.0	1.0					
3960.188	13.560999999999694	trials	4.0	3970.092452	3971.759564			3969.467369	3971.755063			1.0		0.0	2.0					
3975.758	13.875	trials	4.0	3980.757605	3982.711521	3983.509056	3984.65693	3980.1223489999998	3982.775636	3984.118	3986.043	1.0	1.0	1.0	1.0					
3990.103	4.775000000000091	trials	4.0	3991.823133	3992.976758	3993.9478249999997	3994.895498	3989.649019	3993.281921			1.0	1.0	0.0	3.0					
3996.263	8.730000000000018	trials	4.0	4001.269111	4002.643168			4000.3084019999997	4002.648824			2.0		1.0	1.0					
4009.528	7.080000000000382	trials	4.0	4011.7731949999998	4013.4510419999997	4014.718659	4015.197153	4011.166362	4014.004385	4015.473	4016.608	1.0	2.0	1.0	1.0					
4018.638	6.1599999999998545	trials	4.0	4020.2527919999998	4021.4484079999997	4022.832932	4023.3755	4019.688768	4022.204592	4023.573	4024.798	1.0	2.0	1.0	1.0					
4026.844	1665.9489999999996	BlockDesign														1.0	363.0	497.0	10.0	50.0
4026.844	9.844000000000051	trials	5.0	4028.778284	4030.424393	4031.600958	4032.054818	4028.2198289999997	4030.8665039999996	4032.378	4033.723	1.0	2.0	1.0	1.0					
4036.743	7.8650000000002365	trials	5.0	4038.9385629999997	4040.429876			4036.703453	4040.426877			2.0		0.0	2.0					
4046.535	5.347999999999956	trials	5.0	4048.2432599999997	4049.893854			4044.625296	4049.885433			1.0		0.0	2.0					
4055.894	6.903999999999996	trials	5.0	4059.006266	4060.242324	4062.124512	4062.813072	4058.468159	4061.435658			1.0	1.0	0.0	3.0					
4065.383	15.925000000000182	trials	5.0	4077.934644	4079.8555499999998	4080.7412999999997	4081.32687	4077.4232309999998	4079.970903			1.0	2.0	0.0	3.0					
4084.058	10.6550000000002	trials	5.0	4091.123229	4092.467159			4090.365074	4092.694502	4094.348	4094.438	2.0		1.0	1.0					
4098.244	5.149000000000342	trials	5.0	4100.313738	4101.752166	4102.7265449999995	4103.411433	4099.491732	4101.992045			1.0	2.0	0.0	3.0					
4107.044	9.434000000000196	trials	5.0	4110.073671	4112.040021	4114.2108499999995	4114.681232	4109.53482	4113.457933			1.0	2.0	0.0	3.0					
4117.577	9.530999999999949	trials	5.0	4122.989022	4124.8141049999995			4122.2568	4124.860205999999	4126.793	4126.803	2.0		1.0	1.0					
4131.718	5.780999999999949	trials	5.0	4133.843079	4135.256732			4132.838336	4135.4972099999995			2.0		1.0	1.0					
4141.063	6.234999999999673	trials	5.0	4142.943566	4144.381251	4145.484331	4146.026145	4141.839247	4144.812443	4146.338	4147.298	1.0	2.0	1.0	1.0					
4151.337	7.1359999999995125	trials	5.0	4153.338423	4155.258426	4156.255164	4156.873052999999	4151.385903	4155.539864	4156.978	4158.473	1.0	2.0	1.0	1.0					
4160.493	6.170999999999367	trials	5.0	4163.338820999999	4164.675593			4162.574774	4164.66836			1.0		0.0	2.0					
4168.713	5.900000000000546	trials	5.0	4170.553727	4172.005143			4169.912416	4172.4952969999995	4174.249	4174.393	2.0		1.0	1.0					
4177.128	6.875	trials	5.0	4179.663495	4181.254295			4178.775186	4181.780748	4183.733	4183.918	2.0		1.0	1.0					
4186.563	5.5900000000001455	trials	5.0	4188.428373	4190.165609			4187.273255	4190.156964			1.0		0.0	2.0					
4196.164	5.128999999999905	trials	5.0	4198.138676	4199.469653	4200.623637	4201.310085	4196.867208	4199.91195			1.0	1.0	0.0	3.0					
4202.945	10.020000000000437	trials	5.0	4209.754016	4211.1705569999995	4212.546977	4212.9790649999995	4209.194609	4211.507224999999			1.0	2.0	0.0	3.0					
4216.878	7.286000000000058	trials	5.0	4220.123991	4221.445946	4223.022714	4223.5822769999995	4219.616862	4222.243178			1.0	2.0	0.0	3.0					
4225.373	4.1010000000005675	trials	5.0	4227.364289	4227.481787			4224.183478999999	4227.471579999999			1.0		0.0	2.0					
4231.491	7.622000000000298	trials	5.0	4234.444014	4236.335739	4237.969462999999	4239.130161	4233.894158	4236.993598999999			1.0	1.0	0.0	3.0					
4241.329	26.009000000000015	trials	5.0	4264.038855	4265.210505999999	4266.535406	4267.357589	4263.288471	4265.753846			1.0	1.0	0.0	3.0					
4269.898	9.109999999999673	trials	5.0	4276.00913	4277.086370999999	4278.23571	4279.024778999999	4275.009395	4277.474525			1.0	1.0	0.0	3.0					
4282.563	19.13000000000011	trials	5.0	4288.174967999999	4290.190752	4301.034332	4301.712363	4287.197477	4290.3881839999995			1.0	2.0	0.0	3.0					
4303.363	10.34099999999944	trials	5.0	4309.18586	4310.342451	4312.95657	4313.719278	4308.483959	4311.676428			1.0	1.0	0.0	3.0					
4316.273	30.18499999999949	trials	5.0	4333.935692999999	4335.344553	4345.81488	4346.477921	4333.401918	4336.069652			1.0	2.0	0.0	3.0					
4348.168	8.555000000000291	trials	5.0	4353.115169	4354.170966			4352.528376	4354.572654	4356.418	4356.638	2.0		1.0	1.0					
4359.183	7.1850000000004	trials	5.0	4361.743667	4362.991973	4365.714093	4366.384185	4360.976583	4365.028923			1.0	2.0	0.0	3.0					
4368.039	11.918999999999869	trials	5.0	4376.444946	4378.346148	4379.466770999999	4379.978901	4375.821672	4378.732241			1.0	2.0	0.0	3.0					
4382.818	11.154999999999745	trials	5.0	4386.941132	4388.221047			4386.296097	4388.695932	4390.548	4390.638	2.0		1.0	1.0					
4394.289	7.594000000000051	trials	5.0	4396.044312	4397.328357			4393.993616	4397.316471			2.0		0.0	2.0					
4403.325	4.94800000000032	trials	5.0	4405.0092349999995	4406.16079	4407.546464999999	4408.2938429999995	4401.901148	4406.7867289999995			1.0	2.0	0.0	3.0					
4410.874	9.704999999999927	trials	5.0	4416.744638	4418.268816	4420.026231	4420.596347	4416.033797	4419.106143			1.0	1.0	0.0	3.0					
4422.394	14.983999999999469	trials	5.0	4430.1550879999995	4431.553667	4435.181564	4435.702304	4429.176767999999	4434.301857	4435.874	4437.378	1.0	2.0	1.0	1.0					
4441.443	5.706000000000131	trials	5.0	4442.981091	4444.890660999999	4446.740186999999	4447.167267	4441.906946	4444.879437			1.0		0.0	2.0					
4448.893	23.375	trials	5.0	4453.311777	4454.377574	4466.811363	4467.2708569999995	4452.71586	4455.782621	4467.608	4468.559	1.0	2.0	1.0	1.0					
4472.577	5.530999999999949	trials	5.0	4474.477083	4476.118421	4477.719602	4478.053866	4472.288649	4476.113295			1.0		0.0	2.0					
4481.163	11.20300000000043	trials	5.0	4486.264646	4488.269706	4490.544726	4490.9949990000005	4485.468677	4489.8014029999995	4491.148	4492.366	1.0	2.0	1.0	1.0					
4494.383	6.6850000000004	trials	5.0	4496.936433	4498.297763	4500.524013	4501.08879	4496.253759	4499.748866			1.0	1.0	0.0	3.0					
4502.838	11.355000000000473	trials	5.0	4508.339868	4510.298232	4512.198075	4512.660413	4507.7411059999995	4511.431205	4512.948	4514.193	1.0	2.0	1.0	1.0					
4517.263	7.350000000000364	trials	5.0	4520.870846	4522.457292	4524.298901	4524.305909	4520.081228999999	4523.49378			1.0	1.0	0.0	3.0					
4526.624	19.519000000000233	trials	5.0	4540.135295	4541.283213	4544.334936	4544.717477	4539.4515169999995	4542.942586	4544.948	4546.143	1.0	2.0	1.0	1.0					
4549.164	5.429000000000087	trials	5.0	4551.330458	4552.669884	4553.9541229999995	4554.610401	4550.528694	4553.130682999999			1.0	2.0	0.0	3.0					
4556.303	11.034999999999854	trials	5.0	4561.050562	4562.594967	4566.826749	4567.358024	4560.119282	4564.4156299999995			1.0	1.0	0.0	3.0					
4570.153	13.27099999999973	trials	5.0	4578.601848	4580.676368			4577.753863	4581.322871			2.0		1.0	1.0					
4587.983	6.199999999999818	trials	5.0	4589.937524999999	4591.622217			4588.158776	4591.906668	4593.813	4593.928	2.0		1.0	1.0					
4597.633	6.895000000000437	trials	5.0	4599.24591	4600.705521	4603.907711	4604.440735	4598.466462	4603.037969999999			1.0	2.0	0.0	3.0					
4607.274	7.8049999999993815	trials	5.0	4610.186939	4611.267291	4613.947749	4615.097032	4609.362944	4612.866017			1.0	1.0	1.0	1.0					
4619.54	9.693000000000211	trials	5.0	4621.940993	4623.099466			4621.416531	4624.019258			2.0		1.0	1.0					
4630.698	5.505999999999403	trials	5.0	4632.606293	4634.217723	4635.076401	4635.603596	4629.250664	4634.2124029999995			1.0		0.0	2.0					
4640.215	7.283999999999651	trials	5.0	4644.28147	4645.512806	4646.4379069999995	4646.814743999999	4643.431812	4645.509606			1.0		0.0	2.0					
4651.505	5.213999999999942	trials	5.0	4653.340814	4654.451369	4656.067658	4656.739329	4651.740672	4655.109528			1.0	1.0	0.0	3.0					
4658.383	24.820999999999913	trials	5.0	4680.317702	4681.744893	4682.524214	4683.226232	4679.525598	4681.808059999999			1.0	2.0	0.0	3.0					
4685.892	7.561999999999898	trials	5.0	4689.781224	4690.969536	4692.550944	4693.475628	4689.157023	4691.824355			1.0	1.0	0.0	3.0					
4695.933	11.329999999999927	trials	5.0	4702.86699	4704.137649	4705.477661	4705.935002	4702.048343	4704.654245	4706.233	4707.263	1.0	2.0	1.0	1.0					
4711.293	6.289999999999964	trials	5.0	4713.1662479999995	4714.293023	4715.677444999999	4716.172896	4711.973787	4714.978665	4716.508	4717.583	1.0	2.0	1.0	1.0					
4721.603	6.515000000000327	trials	5.0	4724.1639319999995	4726.064729			4723.549172999999	4726.060557			1.0		0.0	2.0					
4731.128	6.9450000000006185	trials	5.0	4733.581107	4735.153115	4737.415556	4738.091252	4732.337945	4736.701508			1.0	1.0	0.0	3.0					
4739.768	12.529999999999745	trials	5.0	4745.103016999999	4746.624232			4744.582424	4747.089086	4748.789	4748.914	2.0		1.0	1.0					
4752.723	8.595000000000255	trials	5.0	4754.291222	4755.3231749999995			4752.318798	4755.718043	4757.483	4757.763	2.0		1.0	1.0					
4762.421	5.242999999999483	trials	5.0	4764.397994	4765.613553			4761.336207	4765.607958			1.0		0.0	2.0					
4771.699	5.389000000000124	trials	5.0	4773.688028	4775.431289	4776.501028	4777.109915999999	4771.925928	4775.567192			1.0	2.0	0.0	3.0					
4780.868	7.934999999999491	trials	5.0	4784.111618999999	4785.307457	4787.861249	4788.8216059999995	4783.361882	4786.4932499999995			1.0	1.0	0.0	3.0					
4791.178	17.27599999999984	trials	5.0	4804.756251	4806.371559			4804.227248	4806.327416	4808.043	4808.293	2.0		1.0	1.0					
4811.923	5.850000000000364	trials	5.0	4813.681232999999	4815.543251	4817.193885	4817.793981	4812.433928	4816.427351			1.0	2.0	0.0	3.0					
4820.518	7.654999999999745	trials	5.0	4823.661855	4825.053194	4827.54933	4828.193534	4822.679676	4826.627909			1.0	1.0	0.0	3.0					
4829.858	11.050000000000182	trials	5.0	4836.772967	4838.459451	4840.194773	4840.926323	4836.045077	4839.287589			1.0	2.0	0.0	3.0					
4842.508	30.775000000000546	trials	5.0	4859.417034	4860.958619999999	4872.050646	4872.5540249999995	4858.737204999999	4861.468848			1.0	2.0	0.0	3.0					
4874.374	4.984000000000378	trials	5.0	4876.141317	4877.584142	4878.680826	4879.378811	4873.305719	4877.954046			1.0	1.0	0.0	3.0					
4882.033	13.764999999999418	trials	5.0	4888.313652	4889.592485			4887.424676	4889.8838	4891.923	4891.954	2.0		1.0	1.0					
4896.653	5.460000000000036	trials	5.0	4898.357243	4900.123605			4895.817927	4900.110234			1.0		0.0	2.0					
4904.153	12.220999999999549	trials	5.0	4912.422009	4914.389055			4911.873417	4914.384615			2.0		0.0	2.0					
4918.383	9.414999999999964	trials	5.0	4921.672106	4922.911277	4926.047957	4926.487131	4921.004609	4925.105678	4926.843	4927.798	1.0	2.0	1.0	1.0					
4931.815	6.803000000000793	trials	5.0	4933.587555	4934.956988	4936.721117	4937.203605	4932.156239	4935.981433999999	4937.454	4938.618	1.0	2.0	1.0	1.0					
4942.639	5.6340000000000146	trials	5.0	4944.52398	4945.6691	4947.754247	4948.29479	4942.683078	4946.865039			1.0	2.0	0.0	3.0					
4950.108	7.324999999999818	trials	5.0	4953.237827999999	4954.696376			4952.682755	4955.200815	4957.144	4957.278	2.0		1.0	1.0					
4961.004	5.748999999999796	trials	5.0	4962.617528	4963.949248	4965.708419	4966.157787	4961.45235	4965.027771			1.0	2.0	1.0	1.0					
4969.318	7.3400000000001455	trials	5.0	4973.007291	4974.313886	4976.004147	4976.676966	4972.310721	4975.360493			1.0	2.0	0.0	3.0					
4978.318	13.109999999999673	trials	5.0	4983.283073	4985.053961			4982.339349	4985.365517	4987.223	4987.268	2.0		1.0	1.0					
4992.083	4.960000000000036	trials	5.0	4994.038281	4994.934536	4996.775516	4997.065302	4991.451633	4994.922291			1.0		0.0	2.0					
4999.044	9.594000000000051	trials	5.0	5003.24264	5004.4992569999995	5006.291757	5007.144704	5002.265928	5005.507515	5007.013	5008.638	1.0	1.0	1.0	1.0					
5010.704	7.119000000000597	trials	5.0	5014.354142	5015.834784	5017.145613	5017.645071	5013.457452	5015.828015			1.0		0.0	2.0					
5020.833	5.880000000000109	trials	5.0	5023.153007	5024.544831	5025.891989	5026.73456	5022.235614	5025.189523999999			1.0	1.0	0.0	3.0					
5028.249	9.753999999999905	trials	5.0	5033.242928	5034.508194	5036.172324	5036.555768	5032.468251	5035.317281	5036.829	5038.003	1.0	2.0	1.0	1.0					
5041.023	5.309999999999491	trials	5.0	5042.899007	5044.754435	5045.713244	5046.357468	5042.250035999999	5044.981955			1.0	2.0	0.0	3.0					
5050.043	10.355000000000473	trials	5.0	5051.9322059999995	5053.434357			5051.294432	5054.079701	5055.914	5056.018	2.0		1.0	1.0					
5060.749	7.889000000000124	trials	5.0	5062.729284	5063.459633			5060.418837	5063.450056			1.0		0.0	2.0					
5069.464	5.378999999999905	trials	5.0	5071.243052	5072.549472			5068.658268	5072.805549			2.0		1.0	1.0					
5077.388	6.395000000000437	trials	5.0	5080.064437999999	5081.538092			5079.251903	5081.612471	5083.418	5083.528	2.0		1.0	1.0					
5087.303	5.914999999999964	trials	5.0	5090.328225	5091.231566			5089.34642	5091.225931999999			1.0		0.0	2.0					
5096.248	4.910000000000764	trials	5.0	5098.193595	5099.120176			5096.414252	5099.113098			1.0		0.0	2.0					
5103.213	9.076000000000022	trials	5.0	5109.423382999999	5110.305881			5108.76292	5110.302984			1.0		0.0	2.0					
5115.358	17.215000000000146	trials	5.0	5127.290655	5128.924956	5130.663038	5131.855254	5126.546909	5128.9219570000005			1.0		0.0	2.0					
5134.019	11.088999999999942	trials	5.0	5141.663048	5143.111464	5144.619067	5145.1317930000005	5140.720005	5143.506336			1.0	1.0	0.0	3.0					
5146.938	8.545000000000073	trials	5.0	5151.729743	5153.320265	5154.897354	5155.503231	5150.736585000001	5153.8924480000005			1.0	2.0	0.0	3.0					
5158.253	11.225000000000364	trials	5.0	5161.868243	5163.111863			5161.340115	5163.247561	5165.043	5165.053	2.0		1.0	1.0					
5169.898	4.675000000000182	trials	5.0	5171.748479	5172.783947	5173.870347	5174.59391	5169.500303	5173.260496999999			1.0	1.0	0.0	3.0					
5177.253	8.06500000000051	trials	5.0	5182.012343	5183.625596	5184.818964	5185.3408930000005	5181.096813	5184.129288			1.0	2.0	0.0	3.0					
5188.173	12.75	trials	5.0	5190.47323	5191.794888	5195.366763	5195.783448	5189.836832999999	5192.865732	5196.088	5197.088	1.0	2.0	1.0	1.0					
5201.113	4.894999999999527	trials	5.0	5203.028804	5204.189378	5205.330032	5206.0300210000005	5200.947937999999	5204.582805			1.0	2.0	0.0	3.0					
5207.638	9.199999999999818	trials	5.0	5212.758411999999	5214.953751	5216.03259	5216.863223	5211.838458	5215.359324			1.0	1.0	0.0	3.0					
5220.339	11.509000000000015	trials	5.0	5228.65451	5229.811261999999			5228.074066	5229.805483			2.0		0.0	2.0					
5233.858	6.934999999999491	trials	5.0	5236.46855	5238.315108	5240.171172	5240.8164400000005	5235.831942	5239.282494			1.0	1.0	0.0	3.0					
5244.43	30.037999999999556	trials	5.0	5270.540478	5272.421439			5269.975001	5272.412557			1.0		0.0	2.0					
5277.483	20.38500000000022	trials	5.0	5284.5183560000005	5285.62059	5297.167031999999	5297.889954	5283.602376	5286.202386			1.0	1.0	0.0	3.0					
5301.426	8.621999999999389	trials	5.0	5307.093767	5308.325462	5309.5656930000005	5310.072437999999	5306.267647000001	5308.728736			1.0	2.0	0.0	3.0					
5312.865	6.083000000000538	trials	5.0	5315.544041	5316.708232999999			5314.748786	5316.875889	5318.539	5318.628	2.0		1.0	1.0					
5321.528	11.164999999999964	trials	5.0	5327.41944	5329.366188	5330.817428	5331.240138	5326.642162	5330.139477	5331.499	5332.693	1.0	2.0	1.0	1.0					
5334.763	6.77599999999984	trials	5.0	5338.244535	5339.6564880000005	5340.834242999999	5341.562744	5337.275754	5340.137316			1.0	1.0	0.0	3.0					
5343.188	17.75500000000011	trials	5.0	5356.884287999999	5358.305503			5355.956738999999	5358.841122	5360.588	5360.613	2.0		1.0	1.0					
5364.384	10.814000000000306	trials	5.0	5370.459256	5371.810509	5374.639051	5375.222089999999	5369.5794989999995	5373.9070950000005			1.0	1.0	0.0	3.0					
5377.988	16.074999999999818	trials	5.0	5386.080537	5387.095848			5385.075076	5387.5134880000005	5389.383	5389.539	2.0		1.0	1.0					
5394.148	6.475999999999658	trials	5.0	5395.763895	5397.125189	5400.200441999999	5400.648889	5394.084312	5397.877103999999			1.0	2.0	0.0	3.0					
5404.508	10.400000000000546	trials	5.0	5410.195055	5411.386383	5414.195465	5414.929282	5409.264216	5412.249755			1.0	1.0	0.0	3.0					
5418.513	8.460000000000036	trials	5.0	5424.070125	5425.27773	5426.55616	5426.994353	5423.236902000001	5425.780401			1.0	2.0	0.0	3.0					
5428.914	11.923999999999978	trials	5.0	5437.299725	5438.796358			5436.332123	5438.790156			2.0		0.0	2.0					
5443.853	19.99499999999989	trials	5.0	5449.235044999999	5451.385324999999	5463.342221	5463.869852	5448.463916	5451.774382			1.0	2.0	0.0	3.0					
5466.693	10.204999999999927	trials	5.0	5469.321984	5470.55138	5475.180702	5475.565499	5468.624804	5472.149296	5475.888	5476.898	1.0	2.0	1.0	1.0					
5479.958	6.900000000000546	trials	5.0	5483.320298000001	5484.872869999999			5482.351889	5484.868249			1.0		0.0	2.0					
5488.909	11.804000000000087	trials	5.0	5492.779608	5494.42655	5498.712051	5499.112305000001	5492.006385	5494.917429	5499.358	5500.713	1.0	2.0	1.0	1.0					
5502.778	11.154999999999745	trials	5.0	5507.97429	5509.386517999999			5507.228295	5509.381402999999			2.0		0.0	2.0					
5514.449	6.404000000000451	trials	5.0	5516.635097	5517.806243999999	5519.105498	5519.586762	5513.959101	5517.906801	5519.938	5520.853	1.0	2.0	1.0	1.0					
5524.963	6.085000000000036	trials	5.0	5527.339925	5529.002295			5526.541535	5528.991015			1.0		0.0	2.0					
5533.103	7.710000000000036	trials	5.0	5536.325622	5538.274799			5535.463943	5538.578512			2.0		1.0	1.0					
5543.333	8.385000000000218	trials	5.0	5547.280548	5548.950567	5551.136901	5551.740152	5546.539509	5550.3537			1.0	2.0	0.0	3.0					
5555.454	8.420000000000073	trials	5.0	5558.436711	5560.393437	5561.987528	5562.465845	5557.789027999999	5560.992473	5562.648	5563.874	1.0	2.0	1.0	1.0					
5565.898	7.072000000000116	trials	5.0	5569.445769	5571.024437	5572.324875	5572.990274	5568.60591	5571.559934999999			1.0	2.0	0.0	3.0					
5576.638	7.045000000000073	trials	5.0	5578.840134	5580.893457	5583.1152170000005	5583.706212	5578.132283999999	5582.338727			1.0	2.0	0.0	3.0					
5586.423	15.451000000000022	trials	5.0	5596.845171	5598.730167	5601.298346	5601.894455	5595.879234	5599.325832			1.0	1.0	0.0	3.0					
5605.603	29.034999999999854	trials	5.0	5630.706629	5632.427423	5634.36024	5634.663173999999	5629.820643	5632.4142329999995			1.0		0.0	2.0					
5638.428	8.360999999999876	trials	5.0	5641.791341	5643.2473709999995	5645.083409999999	5645.371662	5641.157336	5644.207808	5645.889	5646.789	1.0	2.0	1.0	1.0					
5648.848	8.699999999999818	trials	5.0	5652.755304	5654.657458	5655.736073	5656.14568	5652.146054999999	5654.980573999999	5656.396	5657.548	1.0	2.0	1.0	1.0					
5660.599	9.068999999999505	trials	5.0	5665.345686000001	5666.790734	5669.261004	5669.693966	5664.724802	5668.37691			1.0	2.0	0.0	3.0					
5672.593	7.530999999999949	trials	5.0	5675.420982	5676.891965			5674.432299	5677.127994	5678.781	5680.124	2.0		1.0	1.0					
5683.145	9.647999999999229	trials	5.0	5686.991123	5688.9371630000005	5690.842769999999	5691.2871749999995	5686.149213	5689.997874	5691.603	5692.793	1.0	2.0	1.0	1.0					
5694.818	808.46	BlockDesign														1.0	498.0	571.0	90.0	50.0
5694.818	10.13000000000011	trials	6.0	5699.020565	5700.76699	5702.922918	5703.406917	5698.368759	5702.009782	5703.719	5704.948	1.0	2.0	1.0	1.0					
5709.009	6.5590000000001965	trials	6.0	5710.930544999999	5712.048365000001	5713.938324	5714.169932	5710.298113999999	5713.131518	5714.638	5715.568	1.0	2.0	1.0	1.0					
5719.638	7.369999999999891	trials	6.0	5721.875991	5723.02995	5724.882975	5725.385388	5720.978469	5724.108876	5725.544	5727.008	1.0	2.0	1.0	1.0					
5729.079	7.0090000000000146	trials	6.0	5733.100731	5734.2792150000005	5735.378916	5736.113665999999	5732.399589000001	5734.596944999999			1.0	2.0	0.0	3.0					
5739.683	9.640000000000327	trials	6.0	5744.527872000001	5745.740836999999	5748.8818790000005	5749.347102	5744.0100330000005	5747.973862999999			1.0	2.0	0.0	3.0					
5753.208	7.555000000000291	trials	6.0	5754.817746	5755.98079	5758.873604	5759.40572	5754.100237000001	5757.845615	5759.668	5760.763	1.0	2.0	1.0	1.0					
5762.829	7.104000000000269	trials	6.0	5766.1563989999995	5767.177494	5769.160032	5769.956931	5765.477346	5768.284056			1.0	2.0	0.0	3.0					
5771.513	4.235999999999876	trials	6.0	5773.241217	5773.763367			5771.573582999999	5773.75301			1.0		0.0	2.0					
5777.758	12.840000000000146	trials	6.0	5784.336003	5785.961966999999	5788.238491	5788.97908	5783.33193	5787.089989	5788.988	5790.598	1.0	1.0	1.0	1.0					
5793.618	6.579999999999927	trials	6.0	5795.982551	5797.158386			5795.29979	5798.044667			2.0		1.0	1.0					
5802.783	10.539999999999964	trials	6.0	5805.061122	5806.26391	5810.702099	5811.752114	5804.19834	5809.5814310000005	5811.368	5813.323	1.0	1.0	1.0	1.0					
5817.343	6.204999999999927	trials	6.0	5819.096022	5820.717538999999	5822.439679	5823.574655	5817.5913980000005	5821.428217			1.0	2.0	0.0	3.0					
5824.749	5.003999999999905	trials	6.0	5826.5610400000005	5827.718111			5824.836671	5827.7117020000005			1.0		0.0	2.0					
5832.763	10.980000000000473	trials	6.0	5838.211875	5840.238662	5841.997326	5842.3982510000005	5837.4028610000005	5840.810065	5842.678	5843.743	1.0	2.0	1.0	1.0					
5846.809	5.91399999999976	trials	6.0	5849.09148	5850.492	5852.1067889999995	5852.748184	5848.13181	5851.298156			1.0	2.0	0.0	3.0					
5855.463	11.835000000000036	trials	6.0	5859.831818000001	5861.363415	5865.508323	5865.922973	5858.89905	5864.39744	5866.143	5867.298	1.0	2.0	1.0	1.0					
5869.358	9.1899999999996	trials	6.0	5872.823192	5874.694917	5876.446642999999	5876.914653	5872.116368999999	5875.552845	5877.108	5878.548	1.0	2.0	1.0	1.0					
5882.568	5.880000000000109	trials	6.0	5884.616733	5885.958522			5884.055063	5886.345565			2.0		1.0	1.0					
5892.028	6.989999999999782	trials	6.0	5893.906851	5895.609415999999	5897.382126	5898.023217	5892.764714999999	5896.362836			1.0	2.0	0.0	3.0					
5901.733	4.4399999999996	trials	6.0	5903.306635999999	5904.192335	5905.232731	5905.656664	5899.042767	5904.183702			1.0		0.0	2.0					
5908.227	9.561999999999898	trials	6.0	5913.7067480000005	5915.550294000001			5912.7245490000005	5915.746474	5917.503	5917.573	2.0		1.0	1.0					
5921.303	8.329999999999927	trials	6.0	5923.278087	5925.08733	5926.971146	5928.057782	5922.338605999999	5926.086276	5927.628	5929.633	1.0	1.0	1.0	1.0					
5932.678	9.56500000000051	trials	6.0	5934.837152	5936.658902			5934.1597440000005	5936.8100429999995	5938.499	5938.643	2.0		1.0	1.0					
5942.414	8.064000000000306	trials	6.0	5944.2425490000005	5946.143495	5947.580634	5948.962253	5942.268722	5946.6479340000005	5948.228	5950.478	1.0	1.0	1.0	1.0					
5953.539	9.744000000000597	trials	6.0	5955.247262999999	5956.504755			5954.552328	5956.804214	5958.643	5958.749	2.0		1.0	1.0					
5963.555	5.433999999999287	trials	6.0	5965.174208	5966.463748			5963.308292	5966.9199659999995	5968.638	5968.989	2.0		1.0	1.0					
5973.008	7.760000000000218	trials	6.0	5975.028333	5976.982587	5978.114393	5979.41583	5973.271529	5977.020563	5978.848	5980.768	1.0	1.0	1.0	1.0					
5982.833	8.720000000000255	trials	6.0	5984.95241	5986.018534999999	5989.109845999999	5990.030941999999	5984.35804	5988.260471	5989.888	5991.553	1.0	1.0	1.0	1.0					
5994.618	6.670999999999367	trials	6.0	5996.207405	5997.754079	5999.278948	5999.943101999999	5995.352975	5998.462341			1.0	2.0	0.0	3.0					
6002.673	7.842000000000553	trials	6.0	6006.918425	6008.0235379999995			6005.968285999999	6008.281155000001	6010.268	6010.374	2.0		1.0	1.0					
6014.108	5.8859999999995125	trials	6.0	6016.032825	6017.964069	6019.552266	6020.022104	6014.834917	6018.755429			1.0	2.0	0.0	3.0					
6022.903	9.510999999999513	trials	6.0	6027.742383	6028.927227			6027.039052	6030.187535999999	6032.093	6032.204	2.0		1.0	1.0					
6034.933	12.38000000000011	trials	6.0	6038.072787	6039.519561	6040.948673	6042.19754	6037.072319	6040.033422	6041.558	6043.863	1.0	1.0	1.0	1.0					
6047.914	8.253999999999905	trials	6.0	6049.597267	6051.599114000001			6047.338048	6051.5915939999995			2.0		0.0	2.0					
6056.588	7.3659999999999854	trials	6.0	6058.722723	6059.7543559999995	6061.965362	6062.5739269999995	6056.196398	6060.754629	6062.62	6063.954	1.0	2.0	1.0	1.0					
6068.018	10.1899999999996	trials	6.0	6069.897322999999	6071.479218			6069.353209999999	6071.744037			2.0		1.0	1.0					
6078.533	6.46599999999944	trials	6.0	6080.118273	6081.533366	6083.115197	6083.646729	6078.233957	6082.180944	6083.914	6084.999	1.0	2.0	1.0	1.0					
6087.063	11.954999999999927	trials	6.0	6091.282959	6092.756864999999	6094.101404999999	6094.558755	6090.339849	6093.272965	6094.928	6096.098	1.0	2.0	1.0	1.0					
6099.118	13.375	trials	6.0	6101.003076	6102.039653	6111.678522	6112.517651	6099.042253	6102.354423			1.0	2.0	0.0	3.0					
6114.983	11.319999999999709	trials	6.0	6118.484842	6118.485892	6120.938625	6121.568604	6107.656027999999	6119.312118	6121.683	6123.023	1.0	1.0	1.0	1.0					
6127.048	7.289999999999964	trials	6.0	6129.015201	6130.281463	6131.319968	6132.682932	6126.301542	6130.641151	6132.133	6134.338	1.0	1.0	1.0	1.0					
6136.4	10.557999999999993	trials	6.0	6139.831641	6141.226909			6138.893	6141.389868	6143.183	6143.233	2.0		1.0	1.0					
6148.089	5.404000000000451	trials	6.0	6149.739706	6151.349596	6152.741614	6153.491225	6146.957722	6151.342793			1.0		0.0	2.0					
6155.384	7.838999999999942	trials	6.0	6158.465086	6160.286323	6162.498184	6163.221509999999	6157.45612	6161.700025			1.0	2.0	0.0	3.0					
6166.848	5.635000000000218	trials	6.0	6168.480128	6170.038543	6171.240267	6172.48318	6167.333332	6170.505465			1.0	1.0	1.0	1.0					
6174.863	8.385999999999513	trials	6.0	6178.640824	6179.99787	6181.921608	6182.501136	6178.065789	6180.981046			1.0	2.0	0.0	3.0					
6184.293	4.730000000000473	trials	6.0	6186.025144	6187.014381999999	6188.128608999999	6188.91526	6183.247942	6187.002783			1.0		0.0	2.0					
6192.079	13.274000000000342	trials	6.0	6195.105092	6196.311193	6199.894452	6200.553747	6194.246048999999	6199.132882	6200.608	6201.933	1.0	2.0	1.0	1.0					
6206.003	6.720000000000255	trials	6.0	6207.850092	6209.524888	6210.7534399999995	6211.30128	6205.351762	6209.9439			1.0	2.0	0.0	3.0					
6213.093	19.324999999999818	trials	6.0	6226.7255079999995	6228.076851	6231.937791	6232.416916	6225.725461	6231.201816			1.0	2.0	0.0	3.0					
6234.384	15.444999999999709	trials	6.0	6241.245124	6243.140754	6247.8022949999995	6248.344803	6240.676374	6246.8986239999995	6248.458	6249.829	1.0	2.0	1.0	1.0					
6252.848	13.215000000000146	trials	6.0	6256.990675	6258.746975999999			6256.331125	6259.340179	6261.249	6261.283	2.0		1.0	1.0					
6266.153	7.579999999999927	trials	6.0	6268.145527	6269.432188	6270.910158	6272.266867	6266.064792	6270.081231	6271.558	6273.733	1.0	1.0	1.0	1.0					
6277.763	10.440999999999804	trials	6.0	6279.725433	6281.726188	6285.483157	6286.7470809999995	6278.945107	6284.745811	6286.168	6288.204	1.0	1.0	1.0	1.0					
6290.218	10.230000000000473	trials	6.0	6294.060805	6295.8201579999995	6297.656113	6298.916712	6293.368983	6296.972454	6298.383	6300.448	1.0	1.0	1.0	1.0					
6303.468	8.520000000000437	trials	6.0	6305.501944	6307.097814	6309.050474	6310.36816	6304.887487	6308.3035979999995	6309.693	6311.988	1.0	1.0	1.0	1.0					
6316.008	7.380000000000109	trials	6.0	6317.520739	6319.3974579999995	6320.4254789999995	6321.871344	6316.220053	6319.59016	6321.128	6323.388	1.0	1.0	1.0	1.0					
6325.449	9.064000000000306	trials	6.0	6330.360672	6332.251666			6329.645029	6332.366785	6334.118	6334.233	2.0		1.0	1.0					
6337.068	7.994999999999891	trials	6.0	6338.941234	6340.682635	6342.199071	6343.457926	6337.901989	6341.416891	6342.954	6345.063	1.0	1.0	1.0	1.0					
6349.178	8.390000000000327	trials	6.0	6351.570856	6353.628992	6354.8009919999995	6356.029294	6350.936497	6353.831185	6355.569	6357.568	1.0	1.0	1.0	1.0					
6360.588	7.255000000000109	trials	6.0	6362.797326	6364.254629999999	6366.708028	6367.843542	6361.942419999999	6365.884029			1.0	1.0	0.0	3.0					
6371.044	6.264000000000124	trials	6.0	6373.450626	6374.602744	6376.496935	6377.306368	6372.500664	6375.670018			1.0	2.0	0.0	3.0					
6379.833	11.225000000000364	trials	6.0	6384.070866	6385.24585	6387.270424	6388.351136	6383.561638	6386.520917	6387.943	6391.058	1.0	1.0	1.0	1.0					
6394.114	6.9650000000001455	trials	6.0	6397.3668	6398.449057			6396.5288279999995	6398.922784	6400.643	6401.079	2.0		1.0	1.0					
6403.098	8.480999999999767	trials	6.0	6405.446085	6406.56322	6408.804321	6409.978475	6404.788345	6407.9103509999995	6409.503	6411.579	1.0	1.0	1.0	1.0					
6415.678	7.7849999999998545	trials	6.0	6417.226024	6418.513881	6420.677275999999	6421.802016	6415.905855	6419.8882029999995	6421.349	6423.463	1.0	1.0	1.0	1.0					
6426.499	7.609000000000378	trials	6.0	6429.3330399999995	6430.504351	6433.205086	6434.109358	6428.803304999999	6431.890715			1.0	2.0	0.0	3.0					
6435.583	10.070000000000618	trials	6.0	6438.4315	6439.468521	6442.759512	6443.946948	6437.544111	6441.930838	6443.448	6445.653	1.0	1.0	1.0	1.0					
6447.719	8.764000000000124	trials	6.0	6450.097674	6451.682721	6453.494016	6454.850064	6449.444348999999	6452.714317	6454.168	6456.483	1.0	1.0	1.0	1.0					
6458.547	8.371000000000095	trials	6.0	6461.066820999999	6462.563312	6463.626163	6465.196727	6460.432229	6462.904587999999	6464.368	6466.918	1.0	1.0	1.0	1.0					
6469.978	5.229999999999563	trials	6.0	6471.62101	6472.942225			6470.808618	6473.163265	6474.798	6474.888	2.0		1.0	1.0					
6477.829	11.545000000000073	trials	6.0	6479.76739	6481.577717	6482.787225	6484.192197	6478.272997	6481.98948	6483.443	6485.818	1.0	1.0	1.0	1.0					
6489.843	5.4650000000001455	trials	6.0	6491.636922	6493.29907			6489.373985	6493.286532			2.0		0.0	2.0					
6498.323	4.954999999999927	trials	6.0	6500.066998	6501.660292	6503.238889	6504.0055569999995	6498.487539	6502.370199			1.0	1.0	0.0	3.0					
6506.588	1700.5950000000012	BlockDesign														1.0	572.0	704.0	50.0	10.0
6506.588	13.176000000000386	trials	7.0	6512.018067999999	6513.601852			6511.184449	6513.795967	6515.653	6515.678	2.0		1.0	1.0					
6520.431	5.257000000000517	trials	7.0	6522.358762	6523.618602			6519.764953	6523.614294			1.0		0.0	2.0					
6528.704	22.079000000000633	trials	7.0	6547.406563	6548.813442	6550.336507	6550.782681	6546.774691	6549.368206			1.0	2.0	0.0	3.0					
6554.724	20.65399999999954	trials	7.0	6570.246876	6571.357171	6573.01085	6573.912145	6569.368987	6572.050491	6573.808	6575.378	1.0	1.0	1.0	1.0					
6577.398	8.24499999999989	trials	7.0	6579.708297	6581.1424529999995	6583.964065	6584.737131	6578.813892	6583.19632			1.0	1.0	0.0	3.0					
6586.308	5.605999999999767	trials	7.0	6588.262731	6589.653863			6585.643473	6589.837712	6591.579	6591.838	2.0		1.0	1.0					
6594.468	9.610999999999876	trials	7.0	6598.092609	6599.208818	6602.313954	6602.673592	6597.380087	6600.6307799999995	6603.068	6604.079	1.0	1.0	1.0	1.0					
6606.098	7.864999999999782	trials	7.0	6609.442018	6610.533339	6612.90787	6613.964686	6608.696173	6612.234619			1.0	1.0	0.0	3.0					
6617.253	6.210000000000036	trials	7.0	6619.822001	6621.325656999999	6622.975881	6623.464876999999	6619.288582	6621.9563339999995			1.0	2.0	0.0	3.0					
6625.393	11.260000000000218	trials	7.0	6628.482664	6630.050434	6634.855278999999	6635.253273	6627.687669	6633.8716699999995	6635.579	6636.653	1.0	1.0	1.0	1.0					
6639.674	5.41399999999976	trials	7.0	6641.798279	6643.0794989999995			6640.820874999999	6643.068882			1.0		0.0	2.0					
6647.103	13.604999999999563	trials	7.0	6656.367533	6657.404082	6660.058296	6660.712375	6655.818983	6658.994343			1.0	1.0	0.0	3.0					
6662.403	21.385999999999513	trials	7.0	6680.322123	6681.879765	6683.326349999999	6683.793288	6679.63807	6682.280266			1.0	2.0	0.0	3.0					
6687.658	9.524999999999636	trials	7.0	6691.717705	6693.359053	6694.981051	6695.744425	6690.785335	6694.134362	6695.643	6697.183	1.0	1.0	1.0	1.0					
6699.22	9.278999999999542	trials	7.0	6702.442578	6703.804998			6701.570667	6703.802044			2.0		0.0	2.0					
6708.869	5.8840000000000146	trials	7.0	6710.907203	6712.432282	6714.1280019999995	6714.754371999999	6708.499502	6713.139145			1.0	1.0	0.0	3.0					
6717.463	10.11999999999989	trials	7.0	6723.6627849999995	6725.524633999999			6723.145915	6725.518414			2.0		0.0	2.0					
6730.596	8.452000000000226	trials	7.0	6733.4128599999995	6734.815514	6737.4880109999995	6738.1114	6732.839007	6736.553941			1.0	1.0	0.0	3.0					
6740.858	5.029999999999745	trials	7.0	6742.8434019999995	6744.238976	6745.2436769999995	6745.887739	6739.051244	6744.285022			1.0	2.0	0.0	3.0					
6749.59	10.073999999999614	trials	7.0	6756.357855	6757.654358	6759.171424	6759.666271	6755.4286919999995	6758.271658			1.0	1.0	0.0	3.0					
6761.539	13.154000000000451	trials	7.0	6769.942888	6771.929803			6769.3510289999995	6772.673903	6774.368	6774.513	2.0		1.0	1.0					
6778.218	8.715000000000146	trials	7.0	6780.682955	6781.749904	6784.979455	6785.857659	6779.983121	6784.056262			1.0	1.0	0.0	3.0					
6789.318	4.194999999999709	trials	7.0	6791.318132	6791.504919			6786.937361	6791.497051			1.0		0.0	2.0					
6796.573	13.989999999999782	trials	7.0	6800.9334659999995	6802.260874	6809.163841	6810.566701	6800.123737	6802.919576			1.0	2.0	0.0	3.0					
6813.493	105.89099999999962	trials	7.0	6914.448443	6915.5938989999995			6913.7558229999995	6917.139666	6919.033	6919.384	2.0		1.0	1.0					
6923.398	10.680999999999585	trials	7.0	6926.6038659999995	6928.289929	6931.434118	6931.848108	6925.816253999999	6930.260826			1.0	2.0	0.0	3.0					
6934.771	5.373000000000502	trials	7.0	6936.769027	6938.069982999999	6939.4429629999995	6940.14867	6934.082757	6938.059123			1.0		0.0	2.0					
6942.088	11.780000000000655	trials	7.0	6948.520276	6950.400589	6953.374032	6953.871175	6947.647027	6952.087294			1.0	2.0	0.0	3.0					
6957.749	20.23400000000038	trials	7.0	6965.373729999999	6966.766285	6975.954916	6976.348725	6964.720669	6971.578348	6976.698	6977.983	1.0	2.0	1.0	1.0					
6980.003	11.865000000000691	trials	7.0	6985.949382	6987.539619	6989.891887	6990.4100069999995	6985.411099	6988.697947	6990.793	6991.868	1.0	2.0	1.0	1.0					
6994.934	9.514000000000124	trials	7.0	6997.564197	6998.839516	7001.856192	7002.815946	6996.678666	7000.927142	7002.579	7004.448	1.0	1.0	1.0	1.0					
7008.468	8.860999999999876	trials	7.0	7010.929603	7012.212552999999	7014.3686259999995	7015.7277429999995	7010.0986379999995	7013.621851	7015.223	7017.329	1.0	1.0	1.0	1.0					
7020.358	7.945999999999913	trials	7.0	7022.774407	7024.597256999999	7026.760474	7028.304378	7021.94995	7025.924857			1.0	1.0	0.0	3.0					
7030.135	11.337999999999738	trials	7.0	7034.211053	7035.415846	7038.549591	7039.745836	7033.292563	7037.577483	7039.343	7041.473	1.0	1.0	1.0	1.0					
7045.539	5.869000000000597	trials	7.0	7047.454027	7049.302648			7045.571867	7049.238974	7051.108	7051.143	2.0		1.0	1.0					
7053.926	10.521999999999935	trials	7.0	7056.969778	7058.136598			7056.29548	7058.539924	7060.293	7060.408	2.0		1.0	1.0					
7065.159	7.494000000000597	trials	7.0	7066.8243999999995	7068.483628	7069.905035	7071.061744	7064.452122	7069.020978	7070.708	7072.653	1.0	1.0	1.0	1.0					
7076.682	13.872000000000298	trials	7.0	7086.631524	7088.655145	7090.071757	7090.556221	7086.091845999999	7089.210712			1.0	2.0	0.0	3.0					
7092.415	7.07300000000032	trials	7.0	7095.03004	7096.621206			7094.459004	7097.358247	7099.053	7099.148	2.0		1.0	1.0					
7102.028	10.604999999999563	trials	7.0	7104.914304	7106.320781	7108.911051	7110.778688	7104.0890739999995	7107.938083999999	7109.648	7112.633	1.0	1.0	1.0	1.0					
7115.66	7.128999999999905	trials	7.0	7118.474673	7120.236148	7121.828334	7122.792891	7117.944797	7121.1232629999995			1.0	1.0	0.0	3.0					
7125.164	11.444000000000415	trials	7.0	7128.553723	7129.581207	7135.156396	7135.568911	7127.925079	7134.058686			1.0	2.0	0.0	3.0					
7138.492	6.791000000000167	trials	7.0	7140.359614	7141.924627	7144.846568999999	7145.285056	7136.611519	7144.048903			1.0	1.0	0.0	3.0					
7149.168	13.706000000000131	trials	7.0	7152.43069	7153.690603	7161.359848	7161.8624979999995	7151.761687	7157.725713			1.0	2.0	0.0	3.0					
7165.733	5.614999999999782	trials	7.0	7167.499458	7168.588054			7162.879059999999	7169.310351	7171.008	7171.098	2.0		1.0	1.0					
7173.915	8.82300000000032	trials	7.0	7175.564919	7177.557336	7181.124938999999	7181.6782	7174.914823	7180.293505			1.0	1.0	0.0	3.0					
7183.463	6.020000000000437	trials	7.0	7185.399289999999	7186.842204	7188.8090219999995	7189.486749	7182.7398539999995	7187.930152			1.0	2.0	0.0	3.0					
7193.168	11.706000000000131	trials	7.0	7197.780145	7198.882849	7202.258197	7203.247687	7197.168879	7201.154603999999	7203.018	7204.874	1.0	1.0	1.0	1.0					
7207.893	6.060999999999694	trials	7.0	7209.805264	7210.951089			7209.041266	7211.462764	7213.933	7213.954	2.0		1.0	1.0					
7217.069	8.588999999999942	trials	7.0	7221.499836999999	7222.899975	7225.067574	7225.6616189999995	7220.696540999999	7224.189630999999			1.0	2.0	0.0	3.0					
7227.398	11.875	trials	7.0	7233.20504	7234.9118339999995	7237.724701	7238.381751999999	7232.6428829999995	7236.887889			1.0	1.0	0.0	3.0					
7240.087	5.84099999999944	trials	7.0	7241.575252	7243.36198			7239.278317	7243.653824999999	7245.563	7245.643	2.0		1.0	1.0					
7248.434	6.72400000000016	trials	7.0	7250.655094	7252.052653			7250.041609	7252.816586999999	7254.733	7254.838	2.0		1.0	1.0					
7259.603	8.475999999999658	trials	7.0	7261.240525	7262.602573	7265.169738	7266.492269	7259.920094	7264.291284	7266.013	7268.079	1.0	1.0	1.0	1.0					
7270.133	7.640000000000327	trials	7.0	7273.2122739999995	7275.084882	7276.274775	7277.778855	7272.429075	7275.535415			1.0	1.0	0.0	3.0					
7279.608	12.819999999999709	trials	7.0	7284.563371	7285.895812			7283.786509	7286.475267	7288.348	7288.448	2.0		1.0	1.0					
7293.218	5.890000000000327	trials	7.0	7295.176098	7296.544852			7292.432869	7296.861048	7298.79	7298.999	2.0		1.0	1.0					
7301.623	10.081000000000131	trials	7.0	7303.686378	7305.355846	7309.183093	7310.158146	7302.978826	7308.4556489999995	7309.898	7311.704	1.0	1.0	1.0	1.0					
7314.723	11.329999999999927	trials	7.0	7316.494102	7318.127254	7319.74896	7321.125202	7315.859182	7318.993735	7320.488	7322.829	1.0	1.0	1.0	1.0					
7326.848	5.225000000000364	trials	7.0	7328.712588	7329.952248	7330.778037	7332.079906	7326.058958	7330.052541			1.0	1.0	0.0	3.0					
7333.103	9.246000000000095	trials	7.0	7338.0560159999995	7339.35744	7340.625445	7341.40473	7337.218138	7339.87549			1.0	1.0	0.0	3.0					
7343.983	4.684999999999491	trials	7.0	7345.621002	7346.8773089999995	7348.147728	7348.673604	7342.35361	7347.431668			1.0	2.0	0.0	3.0					
7350.423	9.530999999999949	trials	7.0	7354.266702999999	7355.560476	7358.4510549999995	7358.957473	7353.687258	7357.51603			1.0	1.0	0.0	3.0					
7362.778	4.649999999999636	trials	7.0	7364.437427	7365.372765	7366.369248999999	7366.661169	7359.958843	7365.369462			1.0		0.0	2.0					
7371.438	7.994999999999891	trials	7.0	7373.366418	7374.883336	7377.952666	7378.520118	7372.35207	7376.807511999999			1.0	1.0	0.0	3.0					
7381.328	4.0549999999993815	trials	7.0	7383.141285	7383.382049			7379.439208	7383.371666999999			1.0		0.0	2.0					
7389.395	7.132999999999811	trials	7.0	7392.176316	7394.01625			7391.494993	7394.370391	7396.283	7396.313	2.0		1.0	1.0					
7399.058	9.315999999999804	trials	7.0	7402.02169	7403.259418	7405.947792999999	7406.909197	7401.072114	7405.187296	7406.633	7408.374	1.0	1.0	1.0	1.0					
7412.389	7.354999999999563	trials	7.0	7414.011421	7415.885976	7417.891503	7418.589003	7413.480258	7417.141758			1.0	1.0	0.0	3.0					
7420.268	5.345000000000255	trials	7.0	7421.8262589999995	7423.358902			7419.749428	7423.413247	7425.278	7425.583	2.0		1.0	1.0					
7428.148	8.375	trials	7.0	7430.721878	7432.080882	7436.024622	7436.527468	7429.740859	7434.865669			1.0	2.0	0.0	3.0					
7439.348	9.77599999999984	trials	7.0	7442.121426	7443.276406	7447.953447	7448.309095	7441.49998	7445.5707489999995			1.0	2.0	0.0	3.0					
7451.294	4.994999999999891	trials	7.0	7452.906455	7454.288662	7455.072663	7455.345744	7449.128194	7454.27664			1.0		0.0	2.0					
7459.343	4.994999999999891	trials	7.0	7461.391516	7462.338588	7463.375233	7463.678610999999	7456.268989	7462.325551			1.0		0.0	2.0					
7466.39	14.752999999999702	trials	7.0	7474.633204	7476.550096999999	7478.557909	7479.520767	7473.703992	7477.244208	7479.293	7481.143	1.0	1.0	1.0	1.0					
7484.173	7.1599999999998545	trials	7.0	7487.28663	7488.498941	7490.171061999999	7491.341181	7486.317661	7488.487861			2.0		0.0	2.0					
7494.516	12.342000000000553	trials	7.0	7500.508354	7502.55383	7506.293509	7506.863313	7499.541292	7503.798175			1.0	2.0	0.0	3.0					
7509.674	12.904999999999745	trials	7.0	7516.081482	7517.458062	7519.977771	7521.108939	7515.424461	7519.025908	7520.693	7522.579	1.0	1.0	1.0	1.0					
7526.638	5.90099999999984	trials	7.0	7528.6730529999995	7529.719062	7531.356697	7532.547337	7527.784820999999	7530.558631			1.0	1.0	0.0	3.0					
7534.693	18.86200000000008	trials	7.0	7548.99679	7550.153781	7552.939014	7553.560882	7548.326976	7551.218145			1.0	2.0	0.0	3.0					
7556.319	13.673999999999978	trials	7.0	7562.558935	7563.671426999999	7567.060864	7568.216307	7561.626824999999	7566.019593999999	7568.023	7569.993	1.0	1.0	1.0	1.0					
7573.028	10.414999999999964	trials	7.0	7577.391013	7579.083307	7580.379419999999	7581.753442	7576.633033	7579.576315	7581.039	7583.443	1.0	1.0	1.0	1.0					
7585.508	10.25500000000011	trials	7.0	7589.362137	7591.046413	7592.611047	7594.054903	7588.663542	7591.825635	7593.433	7595.763	1.0	1.0	1.0	1.0					
7597.827	7.735999999999876	trials	7.0	7601.072217999999	7603.130991	7604.9600709999995	7605.567598	7600.3009	7603.535271			1.0	1.0	0.0	3.0					
7608.289	9.47400000000016	trials	7.0	7612.622143	7613.9877989999995	7616.458696	7616.983217999999	7611.632092	7615.410773			1.0	2.0	0.0	3.0					
7618.79	5.943000000000211	trials	7.0	7620.643119	7622.300612999999	7624.075497	7624.739626	7617.770232	7623.250233			1.0	1.0	0.0	3.0					
7626.414	19.23400000000038	trials	7.0	7639.626797999999	7641.439333	7642.894964	7644.040462	7638.672354	7641.984252	7643.638	7645.648	1.0	1.0	1.0	1.0					
7648.713	6.645000000000437	trials	7.0	7651.167417	7652.844633			7650.646011	7653.210301	7655.088	7655.098	2.0		1.0	1.0					
7657.929	10.769000000000233	trials	7.0	7661.3322929999995	7663.019958999999	7665.821668	7667.086357	7660.440736	7665.003307999999	7666.588	7668.698	1.0	1.0	1.0	1.0					
7672.718	9.327000000000226	trials	7.0	7674.647518	7675.926082			7673.536182	7676.268538	7678.087	7678.374	2.0		1.0	1.0					
7682.974	5.793999999999869	trials	7.0	7684.930017	7686.184965	7687.844972999999	7688.775525999999	7682.054026	7687.05456			1.0	1.0	0.0	3.0					
7691.173	11.86999999999989	trials	7.0	7700.097801	7701.189741	7702.649617	7703.0504679999995	7699.091775999999	7701.813724			1.0	2.0	0.0	3.0					
7705.973	11.105999999999767	trials	7.0	7710.557823	7712.425912	7714.362451999999	7715.422602	7709.88783	7713.585498	7715.013	7717.079	1.0	1.0	1.0	1.0					
7719.108	8.50500000000011	trials	7.0	7722.277629	7723.681279	7726.289343	7727.617991	7721.760751	7725.534147			1.0	1.0	0.0	3.0					
7730.633	9.86999999999989	trials	7.0	7732.993175	7734.139977	7738.699638	7739.365887	7732.358415	7737.801786			1.0	1.0	0.0	3.0					
7743.018	5.0	trials	7.0	7744.69845	7745.935083	7747.481073	7748.025355	7740.508902	7746.50041			1.0	2.0	0.0	3.0					
7750.808	9.5	trials	7.0	7754.452567	7755.723019	7758.743666	7759.416195	7753.691857	7757.807971			1.0	1.0	0.0	3.0					
7763.025	4.413000000000466	trials	7.0	7764.549534	7765.79862	7767.057022999999	7767.443094	7760.317203	7766.04048			1.0	2.0	0.0	3.0					
7769.4	21.353000000000065	trials	7.0	7786.253097	7788.19491			7785.594429	7788.459994	7790.723	7790.744	2.0		1.0	1.0					
7795.273	10.595000000000255	trials	7.0	7801.603218	7803.346221	7805.810148	7805.875494	7801.0050519999995	7803.3383619999995			2.0		0.0	2.0					
7809.405	6.923999999999978	trials	7.0	7812.569844	7814.032761	7815.820498	7816.335724	7811.831844	7814.51663			1.0	2.0	0.0	3.0					
7818.163	11.320000000000618	trials	7.0	7823.073048	7824.179536	7828.045368	7829.487927	7822.137721	7827.04326			1.0	1.0	0.0	3.0					
7831.963	10.170000000000073	trials	7.0	7837.748128	7839.382203			7837.146466	7839.886468	7841.914	7841.963	2.0		1.0	1.0					
7844.688	7.854999999999563	trials	7.0	7847.593755	7849.489974			7846.92508	7850.308829	7852.233	7852.273	2.0		1.0	1.0					
7856.098	6.204999999999927	trials	7.0	7858.43401	7859.547501			7857.436153	7860.283722	7862.039	7862.103	2.0		1.0	1.0					
7865.858	8.465000000000146	trials	7.0	7868.603940999999	7870.155348	7872.364670999999	7873.346439	7867.649171999999	7871.555985			1.0	1.0	0.0	3.0					
7875.698	5.529999999999745	trials	7.0	7877.264193999999	7878.825595	7880.800251	7881.234124	7874.329675999999	7879.692298			1.0	2.0	0.0	3.0					
7883.164	26.90400000000045	trials	7.0	7901.373686999999	7902.560896999999			7900.729092	7903.392297	7905.308	7905.368	2.0		1.0	1.0					
7910.124	5.904000000000451	trials	7.0	7911.9252639999995	7913.963658			7910.074209	7913.906005	7915.673	7915.893	2.0		1.0	1.0					
7918.484	8.828999999999724	trials	7.0	7921.293847	7922.442292	7925.321704	7926.178105999999	7920.489597	7924.549792			1.0	1.0	0.0	3.0					
7927.643	5.140000000000327	trials	7.0	7929.359938	7930.688314	7932.369701	7932.792375	7927.322361	7931.475007			1.0	2.0	0.0	3.0					
7936.7	12.592999999999847	trials	7.0	7942.113765	7943.211708	7946.565816	7947.730231	7941.172528	7945.328165999999	7947.243	7949.293	1.0	1.0	1.0	1.0					
7951.313	10.729999999999563	trials	7.0	7954.99385	7956.403249			7954.035871	7956.562069	7958.423	7958.539	2.0		1.0	1.0					
7962.253	7.525000000000546	trials	7.0	7963.8240399999995	7965.342278	7966.97005	7968.238332	7962.053535999999	7966.045587	7967.603	7969.778	1.0	1.0	1.0	1.0					
7972.843	7.475000000000364	trials	7.0	7975.175968	7976.481109	7978.811538	7980.325608	7974.1973259999995	7977.811044			1.0	1.0	0.0	3.0					
7983.178	10.5600000000004	trials	7.0	7986.160014	7987.395927			7985.465752	7987.938958	7989.763	7989.874	2.0		1.0	1.0					
7994.733	5.630000000000109	trials	7.0	7996.349824	7997.460778			7993.748248	7998.109914	7999.928	8000.063	2.0		1.0	1.0					
8002.803	8.820999999999913	trials	7.0	8004.65914	8006.505897999999	8010.322897	8010.73827	8003.753882999999	8008.743331			1.0	2.0	0.0	3.0					
8013.688	17.859999999999673	trials	7.0	8024.829243	8026.231602	8028.906402	8030.119776	8024.041444	8028.065286	8029.603	8031.548	1.0	1.0	1.0	1.0					
8035.563	4.960000000000036	trials	7.0	8037.429612	8038.468498			8035.572091	8038.454315999999			1.0		0.0	2.0					
8044.529	29.773999999999432	trials	7.0	8050.645176	8052.380859999999	8071.814704	8072.883397	8050.095230999999	8053.035876	8072.568	8074.303	1.0	1.0	1.0	1.0					
8076.41	9.38799999999992	trials	7.0	8080.011319	8081.608461	8083.041762	8084.267956	8079.455215	8082.2730329999995	8083.853	8085.798	1.0	1.0	1.0	1.0					
8088.874	7.6840000000001965	trials	7.0	8090.724973	8092.505911	8093.684859999999	8095.035517	8089.927693	8093.038488	8094.431	8096.558	1.0	1.0	1.0	1.0					
8098.593	7.355000000000473	trials	7.0	8101.466323	8102.682301	8104.723798	8105.956963	8100.63253	8104.071970999999			1.0	1.0	1.0	1.0					
8110.303	8.585000000000036	trials	7.0	8112.994788	8114.137998	8116.953541	8117.765579999999	8112.420042	8116.24099			1.0	1.0	0.0	3.0					
8119.275	4.953000000000429	trials	7.0	8121.084264	8122.227575999999	8123.197114	8123.553616	8118.896484	8122.211265			1.0		0.0	2.0					
8127.238	7.399999999999636	trials	7.0	8129.835081	8130.995728	8133.096421	8133.832996	8128.8706139999995	8132.318341			1.0	1.0	0.0	3.0					
8136.418	4.920000000000073	trials	7.0	8138.329693	8139.286798	8140.1668	8140.551486	8134.647496	8139.282106			1.0		0.0	2.0					
8143.358	14.24499999999989	trials	7.0	8152.886479	8154.468627	8156.840536	8157.613222	8152.021789	8156.1577689999995			1.0	1.0	0.0	3.0					
8161.16	10.01299999999992	trials	7.0	8166.567548	8168.1976620000005	8170.827535	8171.182615	8165.569605	8168.186791			1.0		0.0	2.0					
8174.208	13.395000000000437	trials	7.0	8183.730458	8184.846896			8182.7653740000005	8185.421634	8187.193	8187.353	2.0		1.0	1.0					
8191.162	6.781999999999243	trials	7.0	8192.690542	8193.897909	8195.89077	8196.62291	8191.7041580000005	8195.106826	8196.723	8197.944	1.0	1.0	1.0	1.0					
8199.963	7.220000000001164	trials	7.0	8203.245025	8204.349040000001	8207.106974999999	8207.968444	8202.492029000001	8206.439284			1.0	1.0	0.0	3.0					
8211.519	3551.4349999999995	BlockDesign														0.0	705.0	991.0	50.0	90.0
8211.519	8.773999999999432	trials	8.0	8215.004691	8216.578056999999	8218.568449	8219.027877	8214.464691	8217.32988	8219.289	8220.293	1.0	2.0	1.0	1.0					
8222.309	9.44300000000112	trials	8.0	8226.405717	8228.431894	8229.800815	8230.291551	8225.879670999999	8229.025163999999	8230.588	8231.752	1.0	2.0	1.0	1.0					
8233.789	7.72899999999936	trials	8.0	8236.416915	8237.732788	8239.572666	8239.920331	8235.761875	8238.593872	8240.258	8241.518	1.0	2.0	1.0	1.0					
8244.549	6.364999999999782	trials	8.0	8247.325585	8248.597702			8246.379942	8248.728996	8250.478	8250.608	2.0		1.0	1.0					
8253.425	6.75800000000163	trials	8.0	8255.975788	8257.920224	8259.223506999999	8260.194292	8255.092108	8258.468582			1.0	1.0	0.0	3.0					
8262.563	9.674999999999272	trials	8.0	8266.950255	8268.749596	8270.646733	8271.45519	8266.141438999999	8269.713781			1.0	2.0	0.0	3.0					
8273.999	5.22400000000016	trials	8.0	8275.556073	8277.223515			8272.245359	8277.217800999999			2.0		0.0	2.0					
8282.278	7.744999999998981	trials	8.0	8284.580533	8286.237417	8288.35726	8289.035781999999	8283.146086	8287.53196			1.0	1.0	0.0	3.0					
8290.733	6.039999999999054	trials	8.0	8292.645775	8294.462072999999			8290.033377	8294.488474	8296.383	8296.653	2.0		1.0	1.0					
8301.233	5.970999999999549	trials	8.0	8303.255259	8304.948615			8301.869743	8305.177791	8306.968	8307.063	2.0		1.0	1.0					
8309.766	9.627000000000407	trials	8.0	8311.915574999999	8313.038445	8317.568714	8318.040819	8310.994582	8316.684358	8318.338	8319.393	1.0	2.0	1.0	1.0					
8323.458	6.795000000000073	trials	8.0	8325.071193	8326.919808999999	8328.169306	8328.539724	8324.432982	8327.353783	8328.948	8330.253	1.0	2.0	1.0	1.0					
8334.278	6.434999999999491	trials	8.0	8336.280780000001	8337.594285	8338.757658999999	8339.12615	8334.358225	8337.911266	8339.518	8340.713	1.0	2.0	1.0	1.0					
8343.759	36.949000000000524	trials	8.0	8372.552766	8374.315548999999	8375.102154	8375.395183	8371.918169	8374.266226	8375.778	8376.898	1.0	2.0	1.0	1.0					
8380.918	4.706000000000131	trials	8.0	8382.531152	8383.608242999999	8384.562673	8385.173599	8380.717998	8383.783903			1.0	2.0	1.0	1.0					
8390.158	6.895000000000437	trials	8.0	8392.501215	8393.708063	8395.091355	8395.532905	8391.742201000001	8394.295536	8395.833	8397.053	1.0	2.0	1.0	1.0					
8400.164	6.673999999999069	trials	8.0	8401.927872	8403.146536	8404.803454	8405.263263	8401.04029	8404.055699	8405.514	8406.838	1.0	2.0	1.0	1.0					
8409.908	7.1599999999998545	trials	8.0	8412.106663	8413.572414999999	8414.871084999999	8415.329056	8410.96669	8414.042589	8415.638	8417.068	1.0	2.0	1.0	1.0					
8419.085	6.3290000000015425	trials	8.0	8422.041381	8423.419954	8424.255399	8424.904885	8421.049339	8423.407768000001			1.0		0.0	2.0					
8428.468	15.5049999999992	trials	8.0	8436.152055	8437.813179			8435.572381	8438.506927	8440.493	8440.523	2.0		1.0	1.0					
8444.233	6.3400000000001455	trials	8.0	8446.006071	8447.255551	8447.906739	8449.046106	8443.984776	8447.238164999999	8448.768	8450.573	1.0	1.0	1.0	1.0					
8454.628	10.805000000000291	trials	8.0	8456.421282	8457.600339	8459.324934	8460.440601999999	8454.761416	8458.604847	8459.993	8462.249	1.0	1.0	1.0	1.0					
8466.294	5.459000000000742	trials	8.0	8468.131347999999	8469.693814			8465.445136	8469.687238			2.0		0.0	2.0					
8473.775	9.389000000001033	trials	8.0	8476.456283	8477.884852	8480.35746	8481.521706	8475.516865	8479.47394	8481.039	8483.164	1.0	1.0	1.0	1.0					
8485.263	7.0049999999992	trials	8.0	8487.586582	8488.832551	8490.334112	8491.12513	8486.8179	8489.635087999999			1.0	1.0	0.0	3.0					
8492.645	5.363999999999578	trials	8.0	8494.626208	8495.913886	8496.902219	8497.352884	8492.281153	8495.903247			1.0		0.0	2.0					
8501.924	8.489999999999782	trials	8.0	8503.50153	8504.685993	8507.438138	8508.428265999999	8502.458707	8506.556989	8508.108	8510.414	1.0	1.0	1.0	1.0					
8512.515	8.57300000000032	trials	8.0	8515.08139	8516.88715	8518.448145	8519.552887	8514.427831	8517.761899	8519.118	8521.088	1.0	1.0	1.0	1.0					
8523.153	7.905000000000655	trials	8.0	8525.50666	8527.343816	8527.991532	8529.335328	8524.601991	8527.299519	8528.601	8531.058	1.0	1.0	1.0	1.0					
8533.079	7.213999999999942	trials	8.0	8535.31215	8536.692663			8534.341521	8537.096017	8538.888	8540.293	2.0		1.0	1.0					
8543.324	7.593999999999141	trials	8.0	8545.392087	8547.198948	8549.568175	8550.337426	8544.484893	8548.560357999999			1.0	2.0	0.0	3.0					
8553.895	14.66399999999885	trials	8.0	8564.617482	8566.274526	8568.117714	8568.569143	8563.706938	8566.267098			1.0		0.0	2.0					
8571.388	40.21899999999914	trials	8.0	8607.37222	8608.595804			8606.477711	8609.443992			2.0		1.0	1.0					
8616.138	7.65099999999984	trials	8.0	8618.098915	8619.79988	8621.768335	8622.300211	8616.246192	8620.273089	8622.558	8623.789	1.0	2.0	1.0	1.0					
8625.858	9.056000000000495	trials	8.0	8628.756834	8629.891057	8632.586896	8633.782553000001	8628.225204	8631.549852			1.0	1.0	0.0	3.0					
8635.903	5.2549999999992	trials	8.0	8637.57015	8639.104486	8640.343816	8640.681699	8634.924871	8639.098567000001			1.0		0.0	2.0					
8645.168	11.989999999999782	trials	8.0	8652.312792	8653.578804	8655.444064	8656.288684	8651.787288	8654.575635			1.0	1.0	0.0	3.0					
8657.793	8.361000000000786	trials	8.0	8659.598071	8660.881762	8663.856577	8664.644468999999	8657.171568	8662.802619	8664.593	8666.154	1.0	2.0	1.0	1.0					
8668.223	9.68499999999949	trials	8.0	8671.662639	8673.549213	8675.204079	8676.343861	8670.824795	8674.14268	8675.893	8677.908	1.0	1.0	1.0	1.0					
8680.973	7.635000000000218	trials	8.0	8684.027705	8685.538875	8687.122198000001	8688.621854	8683.032207	8686.239375			1.0	1.0	0.0	3.0					
8691.449	10.828999999999724	trials	8.0	8695.422577	8696.625538	8699.876559	8700.589919	8694.713892	8698.826734	8700.638	8702.278	1.0	2.0	1.0	1.0					
8706.298	7.075999999999112	trials	8.0	8708.157846	8710.042725	8711.379646	8711.836739999999	8706.904167	8710.478102000001	8712.173	8713.374	1.0	2.0	1.0	1.0					
8716.392	7.265999999999622	trials	8.0	8718.639654999999	8719.88436	8721.96652	8722.607848	8717.70675	8721.057114			1.0	2.0	0.0	3.0					
8725.278	4.675999999999476	trials	8.0	8726.808043	8727.904926			8723.668582	8727.900865			1.0		0.0	2.0					
8732.998	9.335000000000946	trials	8.0	8735.548913999999	8737.240227	8739.132851999999	8740.397119	8733.410648000001	8738.056528000001	8739.789	8742.333	1.0	1.0	1.0	1.0					
8744.363	10.255000000001019	trials	8.0	8748.738031	8750.63434	8751.861423999999	8753.033122	8747.97978	8751.171963	8752.553	8754.618	1.0	1.0	1.0	1.0					
8756.686	6.393000000000029	trials	8.0	8759.088102	8760.235023			8758.138758000001	8760.901363	8762.708	8762.868	2.0		1.0	1.0					
8766.584	9.068999999999505	trials	8.0	8768.198236	8769.629427			8766.637857	8769.888435	8771.733	8772.048	2.0		1.0	1.0					
8776.648	5.730000000001382	trials	8.0	8778.344797	8779.784956			8775.664506	8780.077041	8782.008	8782.073	2.0		1.0	1.0					
8786.893	10.885000000000218	trials	8.0	8793.363607	8794.766094	8796.694707999999	8797.787571	8792.676535	8795.875704			1.0	1.0	0.0	3.0					
8800.063	7.520000000000437	trials	8.0	8803.498077	8805.037159			8802.978219	8805.362771	8807.208	8807.363	2.0		1.0	1.0					
8810.098	7.816000000000713	trials	8.0	8812.429591	8814.084194	8815.900194	8816.435244	8811.650690999999	8814.727828	8816.738	8817.914	1.0	2.0	1.0	1.0					
8819.971	7.0680000000011205	trials	8.0	8822.693629	8824.488615999999			8822.088928	8824.951621	8826.713	8826.973	2.0		1.0	1.0					
8829.553	6.020000000000437	trials	8.0	8831.533152	8832.727278999999	8834.793244	8835.582828	8830.514671	8833.729546			1.0	2.0	0.0	3.0					
8838.164	13.703999999999724	trials	8.0	8841.003345	8842.846559	8845.434451	8846.373421	8840.340107	8844.555327	8846.079	8847.914	1.0	1.0	1.0	1.0					
8851.938	5.729999999999563	trials	8.0	8853.679994	8854.770542999999	8856.372091	8857.683489	8851.881282999999	8855.647138			1.0	1.0	0.0	3.0					
8858.724	9.91400000000067	trials	8.0	8862.771445	8863.964845	8866.658727	8867.117032	8862.002779	8865.719812	8867.448	8868.638	1.0	2.0	1.0	1.0					
8870.658	12.635000000000218	trials	8.0	8874.713418	8876.425071	8878.262475	8878.757951	8873.804024000001	8877.401191	8879.008	8880.168	1.0	2.0	1.0	1.0					
8884.188	6.625	trials	8.0	8886.038362	8887.880755	8889.02684	8889.311345	8883.309061	8888.271909	8889.723	8890.813	1.0	2.0	1.0	1.0					
8894.833	5.225000000000364	trials	8.0	8896.698709	8898.064999	8898.992914	8899.501260000001	8894.880417	8898.056566			1.0		0.0	2.0					
8902.089	8.273999999999432	trials	8.0	8904.903918	8906.766813	8908.328555	8908.810849	8904.143809	8907.370493999999	8908.976	8910.363	1.0	2.0	1.0	1.0					
8914.428	6.979999999999563	trials	8.0	8916.430173	8918.057534	8919.598452	8920.017065	8914.816237	8918.182603	8920.303	8921.408	1.0	2.0	1.0	1.0					
8924.47	10.279000000000451	trials	8.0	8927.37384	8929.383792			8926.476698999999	8929.602979	8931.414	8931.608	2.0		1.0	1.0					
8935.213	9.670000000000073	trials	8.0	8936.989254	8938.477615			8934.764005	8939.306219	8941.293	8941.318	2.0		1.0	1.0					
8945.079	6.549000000000888	trials	8.0	8947.019253999999	8948.790427	8949.710052999999	8950.170385	8944.896561	8948.935527	8950.313	8951.628	1.0	2.0	1.0	1.0					
8953.683	8.065999999998894	trials	8.0	8956.538902	8958.209452	8959.442511	8959.925122	8955.818427	8958.688525	8960.068	8961.749	1.0	2.0	1.0	1.0					
8965.79	9.743999999998778	trials	8.0	8967.798796	8969.363944	8970.229691	8970.716437	8966.435182	8969.380848	8971.073	8972.323	1.0	2.0	1.0	1.0					
8976.403	4.868000000000393	trials	8.0	8977.984474	8979.228546	8980.071024	8980.502682	8975.548319	8979.225709			1.0		0.0	2.0					
8984.283	6.065000000000509	trials	8.0	8986.802566	8988.196533	8989.806465	8990.35923	8984.532502	8988.190622			1.0		0.0	2.0					
8993.268	7.114999999999782	trials	8.0	8996.008746	8997.312018			8995.460482	8998.18555	8999.983	9000.098	2.0		1.0	1.0					
9002.848	11.18499999999949	trials	8.0	9005.374138	9006.48616	9007.943845	9008.648698	9004.497916	9007.161283	9008.673	9010.218	1.0	2.0	1.0	1.0					
9014.289	10.273999999999432	trials	8.0	9016.048773	9017.576226	9018.329223	9018.94119	9014.046031	9017.528376999999	9018.993	9020.583	1.0	2.0	1.0	1.0					
9024.604	9.350000000000364	trials	8.0	9026.269855	9027.686664			9024.577495	9028.778333999999			2.0		1.0	1.0					
9034.459	7.193999999999505	trials	8.0	9036.294321	9037.396847	9039.334488	9039.828484	9033.965676	9038.431492	9040.058	9041.653	1.0	2.0	1.0	1.0					
9044.673	6.774999999999636	trials	8.0	9046.503924	9048.186603	9049.286026	9049.828281	9045.426363999999	9048.386443	9050.133	9051.448	1.0	2.0	1.0	1.0					
9053.488	6.7450000000008	trials	8.0	9055.562109999999	9056.802931	9058.541463	9059.463145	9055.029502	9057.693444			1.0	2.0	0.0	3.0					
9061.888	4.8799999999992	trials	8.0	9063.689891	9064.775302			9060.245718	9064.767641999999			1.0		0.0	2.0					
9068.793	10.399999999999636	trials	8.0	9074.579249999999	9075.921161999999			9073.573087	9076.792755999999	9078.728	9079.193	2.0		1.0	1.0					
9082.228	8.640000000001237	trials	8.0	9084.226000999999	9085.849242	9087.384113	9088.722565	9083.177813999999	9086.27295	9088.153	9090.868	1.0	1.0	1.0	1.0					
9094.938	6.194999999999709	trials	8.0	9096.919722999999	9098.058751	9099.327642	9100.11648	9095.020203	9098.523504			1.0	1.0	0.0	3.0					
9103.674	42.018999999998414	trials	8.0	9140.105007	9141.373137999999	9143.701622	9144.130867	9139.33132	9142.418022	9144.448	9145.693	1.0	1.0	1.0	1.0					
9148.753	6.899999999999636	trials	8.0	9151.181572	9152.435964	9153.608671	9154.198857	9150.515844	9152.806026999999	9154.293	9155.653	1.0	2.0	1.0	1.0					
9157.718	6.454999999999927	trials	8.0	9160.325556	9161.772415	9163.809798999999	9164.188275	9159.791071	9161.769607			1.0		0.0	2.0					
9165.868	10.239999999999782	trials	8.0	9171.080491	9173.018586	9174.458418	9175.209072	9170.247238	9173.718182			1.0	1.0	0.0	3.0					
9177.79	4.302999999999884	trials	8.0	9179.404834	9180.084088000001	9181.11247	9181.363876000001	9170.247238	9180.080179			1.0		0.0	2.0					
9186.099	6.899999999999636	trials	8.0	9187.880941000001	9189.159376000001			9187.227015	9190.769982000002	9192.638	9192.818	2.0		1.0	1.0					
9195.494	6.493999999998778	trials	8.0	9197.631048000001	9198.882823000002			9196.893	9199.689978	9201.539	9201.749	2.0		1.0	1.0					
9205.513	8.7599999999984	trials	8.0	9209.820613000002	9211.667166000001			9209.072917000001	9212.066358	9213.874	9213.964	2.0		1.0	1.0					
9217.744	6.673999999999069	trials	8.0	9219.306089000002	9220.834099000002			9217.862769000001	9222.121486	9224.124	9224.228	2.0		1.0	1.0					
9226.913	11.619999999998981	trials	8.0	9228.966040000001	9230.209692	9231.842697	9233.138683000001	9228.005268	9230.953957000002	9232.514	9234.648	1.0	1.0	1.0	1.0					
9238.756	5.67200000000048	trials	8.0	9240.650793	9242.004052	9243.279547	9244.429402000002	9238.534446000001	9242.494695000001			1.0	1.0	0.0	3.0					
9246.648	10.715000000000146	trials	8.0	9249.752124	9250.901308			9249.237064	9251.644012	9253.374	9253.488	2.0		1.0	1.0					
9258.253	8.555000000000291	trials	8.0	9260.035393	9261.213855	9263.578510000001	9264.042075000001	9257.363914000001	9261.205767000001			1.0		0.0	2.0					
9267.28	10.977999999999156	trials	8.0	9272.591172	9274.071632000001	9275.572162	9276.679057000001	9271.719093000002	9274.650342	9276.398	9278.258	1.0	1.0	1.0	1.0					
9280.278	10.164999999999054	trials	8.0	9283.315917000002	9284.846254			9282.319393000002	9285.083359	9286.793	9286.908	2.0		1.0	1.0					
9290.643	6.459999999999127	trials	8.0	9292.436160000001	9293.657569	9294.893452	9295.314658000001	9290.442345000001	9294.074331000002			1.0	2.0	0.0	3.0					
9297.258	14.340000000000146	trials	8.0	9305.082777000001	9306.548301	9308.890822000001	9309.981502	9304.551006000002	9308.138550000001	9309.579	9311.598	1.0	1.0	1.0	1.0					
9313.638	9.27599999999984	trials	8.0	9317.582884000001	9318.794932	9320.097138000001	9321.277278000001	9316.774928	9319.397034000001	9320.823	9322.914	1.0	1.0	1.0	1.0					
9325.019	11.65899999999965	trials	8.0	9327.536166000002	9328.676986	9330.539242	9331.75927	9326.552176000001	9329.885488000002	9331.173	9333.308	1.0	1.0	1.0	1.0					
9337.374	5.033999999999651	trials	8.0	9339.003093000001	9340.213925	9341.829865000002	9342.409708000001	9336.678559	9340.210783			1.0		0.0	2.0					
9344.28	7.912999999998647	trials	8.0	9347.431558	9348.601908	9350.057683	9350.721010000001	9346.916794	9349.120232000001	9350.883	9352.193	1.0	2.0	1.0	1.0					
9355.254	7.97899999999936	trials	8.0	9357.767590000001	9359.823658000001	9361.151009000001	9361.712182000001	9356.990169	9360.222163	9361.756	9363.233	1.0	2.0	1.0	1.0					
9366.319	7.069000000001324	trials	8.0	9368.231206	9370.213579000001	9371.100489	9371.737968000001	9366.758968	9370.175005000001	9371.883	9373.388	1.0	2.0	1.0	1.0					
9377.433	6.3799999999992	trials	8.0	9379.016544	9380.536473	9381.791767	9382.246293	9377.494568	9380.947785	9382.438	9383.813	1.0	2.0	1.0	1.0					
9386.878	6.495999999999185	trials	8.0	9388.958139	9390.804432			9388.404750000002	9391.152901000001	9393.043	9393.088	2.0		1.0	1.0					
9395.848	8.930000000000291	trials	8.0	9397.411380000001	9398.923776000001			9396.535345	9399.505896	9401.418	9401.549	2.0		1.0	1.0					
9405.253	24.924999999999272	trials	8.0	9407.196595000001	9408.422355	9428.166271	9428.688495	9404.780145	9409.611285	9428.888	9430.178	1.0	2.0	1.0	1.0					
9434.204	11.34400000000096	trials	8.0	9441.531799	9443.389449	9444.362308000002	9444.776134000002	9440.690353000002	9443.38262			1.0		0.0	2.0					
9447.408	4.2450000000008	trials	8.0	9449.378260000001	9449.578519			9445.549375	9449.574546000002			1.0		0.0	2.0					
9455.705	22.938000000000102	trials	8.0	9474.477040000002	9475.881259000002			9473.48155	9476.604010000001	9478.213	9478.298	2.0		1.0	1.0					
9481.181	14.221999999999753	trials	8.0	9491.861991000002	9493.389309	9495.189194	9495.406021	9491.307907	9493.381746000001			1.0		0.0	2.0					
9499.398	41.76600000000144	trials	8.0	9537.902548	9539.149803	9540.389549000001	9540.596248000002	9537.169198000001	9539.144232			1.0		0.0	2.0					
9545.173	5.9909999999999854	trials	8.0	9546.96744	9548.997554000001	9550.481292	9551.162447	9545.730451000001	9549.392605000001			1.0	1.0	0.0	3.0					
9552.803	9.260000000000218	trials	8.0	9554.552839	9556.547627	9560.117216	9560.593669000002	9553.242625	9559.161451	9560.874	9562.063	1.0	2.0	1.0	1.0					
9565.124	9.529000000000451	trials	8.0	9568.152082	9569.658787	9572.691057	9573.16806	9567.38311	9571.916953	9573.458	9574.653	1.0	2.0	1.0	1.0					
9576.718	9.324999999998909	trials	8.0	9581.052777	9582.474462	9584.016957000002	9584.537644	9580.418785000002	9582.952716000002	9584.693	9586.043	1.0	2.0	1.0	1.0					
9589.108	15.806000000000495	trials	8.0	9599.522943	9601.21569	9602.840326000001	9603.331071	9598.593334000001	9601.809525	9603.628	9604.914	1.0	2.0	1.0	1.0					
9608.022	8.226999999998952	trials	8.0	9610.258171000001	9612.182731	9613.837308	9614.677823	9609.082542	9612.636910000001	9614.704	9616.249	1.0	1.0	1.0	1.0					
9618.318	9.846000000001368	trials	8.0	9620.43799	9622.310494000001			9619.905601	9622.300173000001			1.0		0.0	2.0					
9628.374	8.665000000000873	trials	8.0	9629.907523000002	9631.364049000002	9632.771110000001	9633.228145000001	9628.164016	9631.355012			1.0		0.0	2.0					
9637.423	11.7549999999992	trials	8.0	9643.232624	9644.778514000001	9646.945981	9647.363745	9642.636279	9646.23391	9647.708	9649.178	1.0	2.0	1.0	1.0					
9652.244	7.8840000000000146	trials	8.0	9655.122640000001	9656.716066	9658.282441000001	9658.741015000001	9654.201895	9656.703885			1.0		0.0	2.0					
9660.733	8.619999999998981	trials	8.0	9664.919124	9666.533248000002			9664.397347	9667.22738	9669.124	9669.138	2.0		1.0	1.0					
9672.863	23.975000000000364	trials	8.0	9691.193415000002	9692.249593	9694.819117000001	9695.176924000001	9690.4945	9693.901762000001	9695.469	9696.838	1.0	2.0	1.0	1.0					
9699.884	8.03399999999965	trials	8.0	9702.773825	9704.562157	9705.832171	9706.271469000001	9701.982285	9705.024503	9706.513	9707.918	1.0	2.0	1.0	1.0					
9711.981	7.061999999999898	trials	8.0	9713.727988	9715.229899000002	9716.813436	9717.287956	9712.339911000001	9715.943401	9717.503	9719.043	1.0	2.0	1.0	1.0					
9721.15	13.603000000000975	trials	8.0	9727.795113	9729.336968000001			9727.101376	9729.331636			2.0		0.0	2.0					
9735.414	8.429000000000087	trials	8.0	9737.303692000001	9739.325286000001	9741.006157000002	9742.017682000002	9734.75582	9740.014078	9741.708	9743.843	1.0	1.0	1.0	1.0					
9746.908	6.454999999999927	trials	8.0	9748.538367000001	9750.086699000001	9752.814775	9753.364813	9748.028071	9751.806498000002			1.0	2.0	0.0	3.0					
9755.148	12.165000000000873	trials	8.0	9758.408085000001	9759.553080000002			9757.860619000001	9760.812697000001	9763.323	9763.383	2.0		1.0	1.0					
9768.158	8.415000000000873	trials	8.0	9769.883570000002	9771.050467000001	9773.9194	9774.889983000001	9767.313694	9772.733814000001	9774.704	9776.573	1.0	1.0	1.0	1.0					
9778.653	9.350000000000364	trials	8.0	9781.068780000001	9782.935264000002	9785.468578	9785.998989000002	9780.536916000001	9784.495598000001	9786.374	9788.003	1.0	2.0	1.0	1.0					
9791.07	8.548000000000684	trials	8.0	9792.799917	9794.046778	9796.962483000001	9797.880911	9791.575177	9795.981658	9797.648	9799.618	1.0	1.0	1.0	1.0					
9802.678	7.625	trials	8.0	9805.113186	9806.421829	9808.507293	9809.343268	9804.344955	9807.674572			1.0	1.0	0.0	3.0					
9811.884	5.343999999999141	trials	8.0	9813.880356000001	9815.220999000001	9816.156877000001	9816.690124	9810.304093	9815.217757			1.0		0.0	2.0					
9820.238	11.415000000000873	trials	8.0	9822.594022000001	9823.758873	9829.091487000002	9829.986756	9822.033981	9828.131129000001	9829.823	9831.653	1.0	1.0	1.0	1.0					
9834.733	7.862999999999374	trials	8.0	9836.328544	9837.933058	9839.585560000001	9840.836394000002	9835.480432	9838.536231	9840.323	9842.596	1.0	1.0	1.0	1.0					
9845.658	5.960000000000946	trials	8.0	9847.170035000001	9848.352727000001			9846.568935000001	9849.406293	9851.273	9851.345	2.0		1.0	1.0					
9854.149	12.259000000000015	trials	8.0	9857.509382	9859.21241			9856.615083	9859.807900000002	9861.608	9861.763	2.0		1.0	1.0					
9866.533	6.610000000000582	trials	8.0	9868.538307	9869.805096	9871.227223000002	9872.191278	9866.409995000002	9870.338893			1.0	1.0	0.0	3.0					
9875.618	10.449999999998909	trials	8.0	9877.554224000001	9879.310714000001			9873.144051000001	9879.778174000001	9881.488	9881.598	2.0		1.0	1.0					
9886.343	6.799999999999272	trials	8.0	9888.309249000002	9889.491638000001			9886.073044	9889.483522			1.0		0.0	2.0					
9893.547	17.435999999999694	trials	8.0	9905.20122	9906.521335000001	9908.291216000001	9909.210793	9904.529254000001	9907.144744000001	9909.173	9910.983	1.0	1.0	1.0	1.0					
9915.074	7.123999999999796	trials	8.0	9916.969234	9918.705963	9920.273044000001	9921.126953	9915.512207000002	9919.360441			1.0	1.0	0.0	3.0					
9924.648	5.255000000001019	trials	8.0	9926.594410000002	9927.837638	9928.892458	9929.407118000001	9922.201063	9927.824703			1.0		0.0	2.0					
9931.949	8.929000000000087	trials	8.0	9936.444385	9938.266898000002			9935.704487	9938.621404000001	9940.483	9940.818	2.0		1.0	1.0					
9944.389	6.838999999999942	trials	8.0	9946.84466	9948.87108			9945.924435	9948.926988000001	9950.863	9951.103	2.0		1.0	1.0					
9954.664	7.863999999999578	trials	8.0	9956.439758	9958.205791	9960.699339	9961.172422000001	9955.872882000001	9959.693821			1.0	2.0	0.0	3.0					
9965.079	3.835000000000946	trials	8.0	9966.850019000001	9966.857443			9962.531104000002	9966.853422			1.0		0.0	2.0					
9970.92	10.468000000000757	trials	8.0	9974.671105000001	9976.109871	9979.639042	9980.233507	9973.897005	9978.693888000002			1.0	1.0	0.0	3.0					
9982.023	5.485000000000582	trials	8.0	9984.014639	9985.504742000001	9986.67898	9987.09532	9981.392286	9985.496587000001			1.0		0.0	2.0					
9990.558	9.834999999999127	trials	8.0	9996.144863000001	9997.286053000002			9995.537226	9998.157133			2.0		1.0	1.0					
10004.913	16.82499999999891	trials	8.0	10016.188216	10017.766712	10019.790266	10020.246268	10015.64479	10018.827715000001	10020.613	10021.738	1.0	2.0	1.0	1.0					
10023.763	7.2849999999998545	trials	8.0	10026.470116	10027.821228	10029.145489	10029.463603	10025.87815	10028.18001	10029.893	10031.048	1.0	2.0	1.0	1.0					
10033.114	8.879000000000815	trials	8.0	10036.409687000001	10038.136791	10039.622838000001	10040.069800000001	10035.496267	10038.772401	10040.345	10041.993	1.0	2.0	1.0	1.0					
10044.014	9.56500000000051	trials	8.0	10047.760035000001	10049.751867	10051.460955	10051.840719000002	10047.167069000001	10050.601167	10052.108	10053.579	1.0	2.0	1.0	1.0					
10057.647	7.455999999998312	trials	8.0	10060.164316	10061.923328	10063.811542000001	10064.25453	10059.165169000002	10061.920268000002			1.0		0.0	2.0					
10066.968	4.2849999999998545	trials	8.0	10069.225141	10069.251703000002			10065.105996	10069.241958			1.0		0.0	2.0					
10075.263	8.690999999998894	trials	8.0	10078.664683	10079.871327	10082.015074	10082.558095	10077.701866000001	10081.127101	10082.829	10083.954	1.0	2.0	1.0	1.0					
10086.018	7.735000000000582	trials	8.0	10088.5951	10090.256568	10091.722168	10092.074227000001	10087.695127	10090.538645	10092.488	10093.753	1.0	1.0	1.0	1.0					
10096.827	7.596000000001368	trials	8.0	10098.975459000001	10100.501183	10101.9573	10102.640017000002	10098.041467000001	10101.025783000001			1.0	1.0	0.0	3.0					
10106.333	4.385000000000218	trials	8.0	10107.900294000001	10109.078193000001	10110.073938000001	10110.720251	10104.427165000001	10109.157982			1.0	2.0	0.0	3.0					
10114.418	7.371000000001004	trials	8.0	10117.015454	10118.199066000001	10120.338561	10120.796859	10116.015297000002	10119.016026000001			1.0	1.0	0.0	3.0					
10122.668	5.831000000000131	trials	8.0	10124.664555000001	10125.693053			10121.791124000001	10126.237006000001	10128.133	10128.193	2.0		1.0	1.0					
10132.018	6.029000000000451	trials	8.0	10133.825117	10135.416595			10132.223389	10135.925464	10137.598	10137.704	2.0		1.0	1.0					
10140.553	11.145000000000437	trials	8.0	10142.550940000001	10144.487029	10149.687553000002	10150.191814000002	10141.726299000002	10148.779357000001	10150.323	10151.698	1.0	2.0	1.0	1.0					
10155.763	7.594999999999345	trials	8.0	10157.699916000001	10159.267259	10161.25573	10161.78361	10157.177308	10160.303417000001	10162.124	10163.358	1.0	2.0	1.0	1.0					
10165.383	7.760000000000218	trials	8.0	10167.570331	10169.298532	10171.282186	10171.707840000001	10167.037514000001	10170.353843	10171.948	10173.143	1.0	2.0	1.0	1.0					
10176.166	7.061999999999898	trials	8.0	10178.37613	10179.716086	10181.713585000001	10182.399379	10177.66237	10180.778982000002			1.0	2.0	0.0	3.0					
10184.05	4.3180000000011205	trials	8.0	10185.757098	10186.364196			10183.230681000001	10186.357549			1.0		0.0	2.0					
10190.428	7.625	trials	8.0	10192.115809	10193.558506000001	10195.134157	10196.189007	10191.114364000001	10194.140767	10195.769	10198.053	1.0	1.0	1.0	1.0					
10201.123	7.110000000000582	trials	8.0	10202.890704000001	10204.759693			10202.077495000001	10205.222508	10206.914	10208.233	2.0		1.0	1.0					
10212.293	7.649999999999636	trials	8.0	10214.256781	10216.06492	10217.641363	10218.218568	10212.453778000001	10216.499254	10218.454	10219.943	1.0	2.0	1.0	1.0					
10223.05	11.643000000000029	trials	8.0	10226.595723	10227.998338000001			10226.081849	10229.144101000002	10231.039	10231.103	2.0		1.0	1.0					
10235.848	7.420000000000073	trials	8.0	10237.410904	10238.593007000001	10240.513306	10241.53254	10234.697922000001	10239.044932	10241.204	10243.268	1.0	1.0	1.0	1.0					
10246.33	7.092000000000553	trials	8.0	10249.132453	10250.590447			10248.282609000002	10251.229906	10252.999	10253.408	2.0		1.0	1.0					
10257.858	6.604999999999563	trials	8.0	10259.530675000002	10261.362345000001			10258.733091	10262.291861000002	10264.073	10264.208	2.0		1.0	1.0					
10267.92	8.962999999999738	trials	8.0	10269.565978	10270.887807000001	10274.569207	10275.024751	10269.015352	10273.538975000001	10275.353	10276.883	1.0	2.0	1.0	1.0					
10278.949	21.873999999999796	trials	8.0	10295.297592	10297.023664	10298.357971000001	10298.932132000002	10294.502403	10297.366314	10299.149	10300.823	1.0	2.0	1.0	1.0					
10303.843	6.914999999999054	trials	8.0	10305.74551	10307.018106000001	10310.025957000002	10310.765395	10305.202873	10308.132666000001			1.0	1.0	0.0	3.0					
10312.408	18.56000000000131	trials	8.0	10325.250478000002	10326.714472000001	10328.543782	10329.075459000002	10324.614547000001	10327.65726	10329.263	10330.968	1.0	2.0	1.0	1.0					
10333.058	6.829999999999927	trials	8.0	10336.837702	10337.827882000001	10338.819403000001	10339.516857	10336.012143	10337.823187000002			1.0		0.0	2.0					
10341.938	11.664999999999054	trials	8.0	10349.231343000001	10351.252204			10348.32975	10351.444338000001	10353.138	10353.283	2.0		1.0	1.0					
10356.106	9.707000000000335	trials	8.0	10359.001009000001	10360.744912	10362.152728000001	10362.821553000002	10358.328067	10361.127574			1.0	1.0	0.0	3.0					
10366.533	29.5	trials	8.0	10392.071839	10393.368857000001	10395.330466000001	10396.039971	10391.216008000001	10393.356987000001			1.0		0.0	2.0					
10398.418	10.75	trials	8.0	10404.027031000001	10405.718761			10403.054118	10406.755992	10408.688	10409.168	2.0		1.0	1.0					
10413.273	25.601000000000568	trials	8.0	10434.548185000001	10435.63858	10437.255684000002	10437.973387000002	10433.720463000001	10436.191476			1.0	1.0	0.0	3.0					
10440.673	6.274999999999636	trials	8.0	10442.491803	10443.568522000001	10444.786212	10445.375208000001	10438.881522000001	10443.853542	10445.579	10446.948	1.0	2.0	1.0	1.0					
10449.964	17.09400000000096	trials	8.0	10462.701691	10463.991349	10465.029817	10465.461922	10461.801757000001	10464.107382	10465.903	10467.058	1.0	2.0	1.0	1.0					
10470.079	16.52900000000045	trials	8.0	10481.892273000001	10482.989118000001	10484.461864	10484.954559000002	10480.90528	10483.605613000002	10485.148	10486.608	1.0	2.0	1.0	1.0					
10488.628	9.545000000000073	trials	8.0	10493.451667000001	10495.003065	10496.131317000001	10496.562346	10492.902132000001	10494.999799000001	10496.783	10498.173	1.0	2.0	1.0	1.0					
10501.278	7.819999999999709	trials	8.0	10503.972036000001	10505.275140000002	10506.896094000002	10507.345580000001	10503.273972	10505.781001000001	10509.088	10509.098	1.0	2.0	1.0	1.0					
10510.438	10.344999999999345	trials	8.0	10515.798589000002	10517.167197	10518.325074	10518.808365	10515.249885000001	10517.381662000002	10518.983	10520.783	1.0	2.0	1.0	1.0					
10524.859	10.833999999998923	trials	8.0	10527.968352	10529.53857			10527.113754000002	10529.968398	10531.793	10531.883	2.0		1.0	1.0					
10536.623	7.225000000000364	trials	8.0	10538.437153	10539.918636	10541.522973000001	10542.144600000001	10535.700651000001	10540.521862000001	10542.313	10543.848	1.0	2.0	1.0	1.0					
10546.938	15.409999999999854	trials	8.0	10556.802472000001	10558.49371	10560.018629	10560.550123	10556.187289000001	10559.106708000001	10560.723	10562.348	1.0	2.0	1.0	1.0					
10564.41	9.043999999999869	trials	8.0	10569.298861000001	10571.198876			10568.601775000001	10571.413635	10573.084	10573.273	2.0		1.0	1.0					
10575.983	6.1299999999992	trials	8.0	10578.542395	10580.054656	10580.837085000001	10581.373774000002	10577.771802000001	10580.05125			1.0		0.0	2.0					
10586.124	4.829999999999927	trials	8.0	10587.967993	10588.889737000001			10587.280963000001	10588.885478			1.0		0.0	2.0					
10595.009	11.619000000000597	trials	8.0	10600.968557	10602.544236000002	10603.941057	10604.988860000001	10600.136506	10602.81595	10604.666	10606.628	1.0	1.0	1.0	1.0					
10608.688	9.204999999999927	trials	8.0	10611.642673	10613.091946	10615.593831	10616.243604000001	10610.869303000001	10614.302524	10616.173	10617.893	1.0	2.0	1.0	1.0					
10619.956	10.106999999999971	trials	8.0	10623.417221000002	10624.944228	10627.869733000001	10628.40409	10622.791546	10626.936649000001	10628.624	10630.063	1.0	2.0	1.0	1.0					
10633.128	8.594999999999345	trials	8.0	10636.103938	10637.998794000001	10639.474983	10640.045662	10635.367719000002	10638.413916000001	10640.168	10641.723	1.0	2.0	1.0	1.0					
10645.743	8.984999999998763	trials	8.0	10647.348199	10648.569607000001	10651.830063000001	10652.962258000001	10646.127754000001	10649.569012	10652.633	10654.728	1.0	1.0	1.0	1.0					
10656.759	10.263999999999214	trials	8.0	10659.808197	10661.263824000001	10663.450392	10664.143054	10659.124993000001	10662.439087	10664.228	10667.023	1.0	2.0	1.0	1.0					
10671.043	8.675000000001091	trials	8.0	10673.042640000001	10674.260566	10676.563755000001	10677.746844000001	10671.346297	10674.876891	10677.273	10679.718	1.0	1.0	1.0	1.0					
10682.792	7.602000000000771	trials	8.0	10685.853492	10687.083724			10684.926778000001	10688.19181	10690.118	10690.204	2.0		1.0	1.0					
10693.953	8.230000000001382	trials	8.0	10696.593496000001	10698.629931000001			10695.649365000001	10699.284000000001	10701.148	10702.183	2.0		1.0	1.0					
10706.204	8.47400000000016	trials	8.0	10708.00237	10710.020551000001	10711.910245000001	10712.964217	10706.441608000001	10710.694621	10712.668	10714.678	1.0	1.0	1.0	1.0					
10718.714	6.739999999999782	trials	8.0	10720.417633000001	10722.35596	10724.887186	10725.459552	10719.398802000002	10722.347004000001			1.0		0.0	2.0					
10728.404	8.933999999999287	trials	8.0	10732.793019	10733.971371000001	10736.423470000002	10737.343317	10731.827431000002	10735.091258			1.0	1.0	0.0	3.0					
10738.751	12.106999999999971	trials	8.0	10745.237995000001	10746.390042	10748.501877	10749.047275	10744.552086000002	10747.357113000002	10749.204	10750.858	1.0	2.0	1.0	1.0					
10753.878	10.649999999999636	trials	8.0	10758.358914	10759.404937000001	10762.113468000001	10762.768509000001	10757.497456000001	10760.854783	10762.733	10764.528	1.0	2.0	1.0	1.0					
10768.589	6.963999999999942	trials	8.0	10770.488461	10772.035666000002			10769.833977	10773.297262	10775.238	10775.268	2.0		1.0	1.0					
10779.103	8.8650000000016	trials	8.0	10780.993105000001	10782.305268	10785.088738	10786.254876	10780.096393000002	10784.106753	10785.749	10787.968	1.0	1.0	1.0	1.0					
10792.028	5.886000000000422	trials	8.0	10794.003012000001	10795.565106000002	10797.291958000002	10797.922752	10792.884237	10796.231188000002			1.0	1.0	0.0	3.0					
10799.65	10.378000000000611	trials	8.0	10804.388857000002	10806.080653	10807.507459	10808.142402000001	10803.385471000001	10806.555526	10808.268	10810.028	1.0	2.0	1.0	1.0					
10813.087	8.431000000000495	trials	8.0	10817.458620000001	10818.971773000001	10820.382273000001	10820.757087000002	10816.627251000002	10818.967863000002			1.0		0.0	2.0					
10823.028	5.886000000000422	trials	8.0	10824.549822	10826.055895000001			10821.524326	10826.691159000002	10828.518	10828.743	2.0		1.0	1.0					
10833.434	7.404000000000451	trials	8.0	10835.288170000002	10837.280272	10839.155161	10839.833509	10833.571414000002	10837.632703000001			1.0	1.0	0.0	3.0					
10841.514	7.124000000001615	trials	8.0	10843.223715	10845.115191	10846.412929	10846.979050000002	10840.843579	10845.569644000001	10847.178	10848.638	1.0	2.0	1.0	1.0					
10850.683	18.64599999999882	trials	8.0	10865.179746000002	10867.024285000001			10864.212372000002	10867.220673000002	10869.093	10869.278	2.0		1.0	1.0					
10872.854	9.069000000001324	trials	8.0	10875.538702000002	10876.854179000002	10879.400420000002	10880.048425	10875.026307	10878.124201	10880.088	10881.923	1.0	2.0	1.0	1.0					
10884.993	10.284999999999854	trials	8.0	10889.664102	10890.861001000001	10892.848068000001	10893.648585	10888.722316000001	10891.656445	10893.473	10895.278	1.0	2.0	1.0	1.0					
10897.313	11.450000000000728	trials	8.0	10903.649016000001	10905.210308000002	10906.573849	10907.103468000001	10903.096938	10905.535981	10907.198	10908.763	1.0	2.0	1.0	1.0					
10911.807	6.880999999999403	trials	8.0	10914.224310000001	10915.620126000002			10913.683207000002	10916.473441	10918.333	10918.528	2.0		1.0	1.0					
10921.202	9.79700000000048	trials	8.0	10924.675639000001	10926.565113	10928.717236	10929.373918000001	10923.730689	10927.702182	10929.398	10930.999	1.0	2.0	1.0	1.0					
10934.018	8.239999999999782	trials	8.0	10936.319314	10937.455827000002	10939.80037	10940.432431000001	10935.804817	10938.633934000001	10940.424	10942.258	1.0	2.0	1.0	1.0					
10944.329	14.193999999999505	trials	8.0	10949.550541	10950.920625	10952.542024	10953.094368000002	10948.928601000001	10951.392543000002	10953.273	10954.823	1.0	2.0	1.0	1.0					
10958.883	7.570999999999913	trials	8.0	10960.716015000002	10961.837832000001	10964.386554	10964.875989	10958.530389000001	10962.802774000002	10965.079	10966.454	1.0	2.0	1.0	1.0					
10968.488	8.505000000001019	trials	8.0	10971.784228	10972.901029			10971.028668	10974.070006000002	10976.593	10976.708	2.0		1.0	1.0					
10980.533	8.079999999999927	trials	8.0	10982.458792000001	10984.138378000001	10986.310354000001	10986.908697	10980.574135	10985.180299000001	10987.085	10988.613	1.0	2.0	1.0	1.0					
10991.638	9.799999999999272	trials	8.0	10993.564719000002	10994.651242	10999.816326	11000.346864000001	10992.912803000001	10998.254978			1.0	1.0	0.0	3.0					
11004.148	6.065000000000509	trials	8.0	11005.869229	11007.405981			11001.445789000001	11008.037997000001	11009.874	11010.033	2.0		1.0	1.0					
11013.718	7.110999999998967	trials	8.0	11015.426313	11016.82615	11018.489839000002	11018.997556	11013.812067	11017.381203	11019.218	11020.829	1.0	2.0	1.0	1.0					
11024.893	6.889999999999418	trials	8.0	11026.526347	11028.316345000001	11029.352375	11029.991859000002	11025.520803000001	11028.315136000001	11030.053	11031.783	1.0	2.0	1.0	1.0					
11035.848	15.101000000000568	trials	8.0	11042.204575000002	11043.596812000002	11049.006422	11049.431868000001	11041.544865	11047.882654000001	11049.688	11050.949	1.0	1.0	1.0	1.0					
11053.964	5.629000000000815	trials	8.0	11055.609697	11057.278585	11059.171207000001	11059.602205000001	11054.788611	11057.272635000001			1.0		0.0	2.0					
11061.289	23.433999999999287	trials	8.0	11078.564909	11080.162351	11082.152310000001	11083.015231000001	11077.741575	11081.222851	11082.753	11084.723	1.0	1.0	1.0	1.0					
11086.798	11.173999999999069	trials	8.0	11092.176649	11094.165339000001	11096.060863	11096.794122000001	11091.287486000001	11094.967807			1.0	2.0	0.0	3.0					
11098.378	9.661000000000058	trials	8.0	11100.341581	11102.398060000001	11105.34978	11106.221931	11097.97693	11103.465523	11106.178	11108.039	1.0	1.0	1.0	1.0					
11112.098	6.730999999999767	trials	8.0	11114.369646000001	11116.269024000001			11113.645039	11116.64199	11118.393	11118.493	2.0		1.0	1.0					
11122.324	7.208999999998923	trials	8.0	11124.320356	11125.831401000001			11123.028288000001	11126.834712	11128.768	11129.533	2.0		1.0	1.0					
11131.553	10.335000000000946	trials	8.0	11134.534933	11136.540178000001	11139.14019	11140.088796	11133.794224000001	11138.066319000001	11139.978	11141.888	1.0	1.0	1.0	1.0					
11144.943	12.895000000000437	trials	8.0	11152.401225000001	11153.774058			11151.579667000002	11155.640977000001	11157.593	11157.698	2.0		1.0	1.0					
11161.385	7.20299999999952	trials	8.0	11163.289747	11164.947208000001			11162.65399	11165.413755000001	11167.093	11168.588	2.0		1.0	1.0					
11170.608	32.95000000000073	trials	8.0	11198.545489	11199.697551000001	11201.259100000001	11201.744043	11197.552959	11200.305742	11201.893	11203.558	1.0	2.0	1.0	1.0					
11205.454	9.13299999999981	trials	8.0	11209.860475000001	11210.969388000001			11208.869262	11212.230114000002	11214.198	11214.283	2.0		1.0	1.0					
11217.034	11.795000000000073	trials	8.0	11221.255404000001	11222.674156000001	11228.162612	11228.840947	11220.372217	11225.963926			1.0	1.0	0.0	3.0					
11232.533	11.140000000001237	trials	8.0	11236.306053	11237.392704000002	11241.218641000001	11241.832871	11235.769558	11240.106306000001	11241.988	11243.673	1.0	2.0	1.0	1.0					
11246.738	5.114999999999782	trials	8.0	11248.682824000001	11249.858216			11247.720584	11249.846542000001			1.0		0.0	2.0					
11253.903	12.386000000000422	trials	8.0	11260.045114	11261.162491000001	11264.102619000001	11264.676685	11259.388785000001	11262.779221	11264.898	11266.289	1.0	2.0	1.0	1.0					
11268.313	7.815000000000509	trials	8.0	11270.761936	11272.259656	11273.796248	11274.391235000001	11270.197269	11272.809324000002	11274.583	11276.128	1.0	2.0	1.0	1.0					
11280.198	7.020000000000437	trials	8.0	11281.856020000001	11282.928439000001	11284.909199000002	11285.485184000001	11280.779104000001	11283.827668000002	11285.658	11287.218	1.0	2.0	1.0	1.0					
11291.303	7.204999999999927	trials	8.0	11293.295872	11294.662465000001	11296.185123000001	11296.794886000001	11292.409329000002	11295.212809	11296.983	11298.508	1.0	2.0	1.0	1.0					
11302.539	8.088999999999942	trials	8.0	11304.286226	11306.210592000001	11308.015942000002	11308.711468000001	11303.425066	11307.127552000002			1.0	2.0	0.0	3.0					
11311.374	21.05999999999949	trials	8.0	11328.880641	11330.372675			11328.337011000001	11330.370123			1.0		0.0	2.0					
11335.448	23.310999999999694	trials	8.0	11355.956165000001	11356.707690000001	11357.78699	11358.023139	11355.329431000002	11356.704339			1.0		0.0	2.0					
11362.809	13.718000000000757	trials	8.0	11371.745823000001	11373.719574			11370.910375000001	11374.385094000001	11376.113	11376.193	2.0		1.0	1.0					
11380.028	10.289999999999054	trials	8.0	11384.901175	11386.118035000001	11388.042241000001	11388.604901	11383.910848000001	11386.732789000002	11388.818	11390.318	1.0	2.0	1.0	1.0					
11393.358	16.43499999999949	trials	8.0	11396.041264000001	11397.233362	11408.022992000002	11408.280279	11395.078080000001	11402.798161	11408.818	11409.793	1.0	2.0	1.0	1.0					
11413.817	6.936000000001513	trials	8.0	11415.491605000001	11417.193564000001	11418.80289	11419.308249000002	11413.832154	11417.802076			1.0	2.0	0.0	3.0					
11422.133	7.125	trials	8.0	11423.710911000002	11425.413118	11426.522341	11427.419709000002	11420.764558	11425.411090000001	11427.323	11429.258	1.0	1.0	1.0	1.0					
11431.325	11.88799999999901	trials	8.0	11434.506172000001	11436.060822000001			11433.743692	11436.684445	11438.483	11438.749	2.0		1.0	1.0					
11443.449	6.218999999999141	trials	8.0	11445.40176	11447.313552000001			11443.223055	11447.51599			2.0		1.0	1.0					
11452.158	9.136000000000422	trials	8.0	11454.043427	11455.679802	11459.020399	11459.674678000001	11453.415953	11458.014675	11459.749	11461.294	1.0	2.0	1.0	1.0					
11463.313	9.289999999999054	trials	8.0	11465.751627000001	11466.917596000001	11469.960004	11470.965976000001	11464.945914	11469.091834	11470.613	11472.603	1.0	1.0	1.0	1.0					
11476.638	5.854999999999563	trials	8.0	11478.356908000002	11479.923081	11481.385747	11482.505796000001	11477.093009	11480.531485000001			1.0	1.0	0.0	3.0					
11484.733	8.789999999999054	trials	8.0	11488.906825000002	11490.493788	11492.917981	11493.533098	11488.021470000002	11490.489889			1.0		0.0	2.0					
11494.528	11.204999999999927	trials	8.0	11499.647412	11501.61792	11503.220274000001	11504.055445000002	11498.871111	11502.15947	11503.863	11505.733	1.0	1.0	1.0	1.0					
11507.789	6.7590000000000146	trials	8.0	11510.456838000002	11511.56379			11509.652608	11512.163368000001	11514.133	11514.548	2.0		1.0	1.0					
11517.608	6.924999999999272	trials	8.0	11519.36223	11520.69411	11522.812917000001	11523.451918	11517.910672000002	11521.921878000001			1.0	1.0	0.0	3.0					
11525.183	5.549999999999272	trials	8.0	11526.921620000001	11528.735095			11524.543879	11528.730113000001			2.0		0.0	2.0					
11533.743	10.020000000000437	trials	8.0	11537.867269	11539.822194	11541.692941000001	11542.176073	11537.164219	11540.650168	11542.418	11543.763	1.0	2.0	1.0	1.0					
11546.826	8.36200000000099	trials	8.0	11548.888312000001	11550.182622	11552.930520000002	11553.427671000001	11548.061779000001	11551.069771	11553.633	11555.188	1.0	2.0	1.0	1.0					
11559.208	8.620999999999185	trials	8.0	11562.882258000001	11564.147636000002	11565.626841000001	11566.069468000002	11561.909803	11564.690689000001	11566.323	11567.829	1.0	2.0	1.0	1.0					
11570.888	8.784999999999854	trials	8.0	11573.382093	11575.176603	11576.704356	11577.300353	11572.498359000001	11575.859161	11577.443	11579.673	1.0	2.0	1.0	1.0					
11582.734	7.558999999999287	trials	8.0	11584.91213	11586.012727000001	11588.171914	11588.716084000002	11584.281247	11587.281829000001	11588.914	11590.293	1.0	2.0	1.0	1.0					
11592.313	14.854999999999563	trials	8.0	11597.958081	11599.883326000001			11597.018379000001	11600.397690000002	11602.518	11602.628	2.0		1.0	1.0					
11607.303	7.335000000000946	trials	8.0	11608.942909000001	11610.078235	11612.460921000002	11613.000453	11607.181571000001	11611.310026000001	11613.213	11614.638	1.0	2.0	1.0	1.0					
11616.693	13.675000000001091	trials	8.0	11625.770465000001	11627.471484000002	11628.271554	11628.809932	11624.909164	11627.417925000002	11628.948	11630.368	1.0	2.0	1.0	1.0					
11634.388	6.474999999998545	trials	8.0	11636.357773	11637.502546	11638.767886000001	11639.221468	11635.653353000002	11637.857161	11639.548	11640.863	1.0	2.0	1.0	1.0					
11642.925	29.50300000000061	trials	8.0	11668.598096000002	11669.869544000001			11667.887226	11670.333117000002	11672.148	11672.208	2.0		1.0	1.0					
11676.898	5.954999999999927	trials	8.0	11678.492472000002	11680.084596	11682.380145000001	11682.863577	11676.911614	11680.078054000001			1.0		0.0	2.0					
11685.133	37.63500000000022	trials	8.0	11717.723497	11718.951825	11720.806213	11721.203574000001	11716.846234	11719.372467000001	11721.518	11722.768	1.0	2.0	1.0	1.0					
11726.829	10.889000000001033	trials	8.0	11733.398425000001	11734.645879000002	11737.435401	11737.731438	11732.559177000001	11734.63722			1.0		0.0	2.0					
11738.704	24.25	trials	8.0	11759.469855000001	11761.125097	11762.299027000001	11762.966022	11758.693799	11761.48817			1.0	1.0	0.0	3.0					
