onset	duration	nwb_table	block	tone_on_time	tone_off_time	action_on_time	action_off_time	pokeC_on_time	pokeC_off_time	reward_on_time	reward_off_time	state	action	reward	result	FinishedBlock	FirstTrial	LastTrial	RewardRule_L	RewardRule_R
3.28	1100.3500000000001	BlockDesign														1.0	1.0	72.0	90.0	50.0
3.28	45.31	trials	1.0	46.11	46.52165			45.207664	46.516428000000005			1.0		0.0	2.0					
51.6	59.26499999999999	trials	1.0	107.23499000000001	109.13587799999999	110.444368	110.86746600000001	106.67932200000001	109.87675000000002			1.0	1.0	0.0	3.0					
114.805	19.689999999999998	trials	1.0	130.141326	131.220768	132.74895	133.28143799999998	129.45139799999998	132.034932	133.5	134.495	1.0	2.0	1.0	1.0					
136.515	16.55000000000001	trials	1.0	149.101352	150.766884	151.459372	151.903684	148.50043399999998	150.997056	152.08	153.065	1.0	1.0	1.0	1.0					
157.14	10.161000000000001	trials	1.0	161.57509	163.264714	165.777302	166.198748	160.623552	164.877008	166.596	167.301	1.0	1.0	1.0	1.0					
170.365	8.405000000000001	trials	1.0	174.23035	175.598942	177.01634199999998	177.623196	173.58438999999998	176.13781799999998	177.655	178.77	1.0	1.0	1.0	1.0					
182.84	7.569999999999993	trials	1.0	184.79001	186.25874	189.13716	190.41021	183.81031	187.94925			1.0	2.0	0.0	3.0					
191.512	11.062999999999988	trials	1.0	196.384982	197.94772799999998			195.685642	199.56686399999998	201.74	202.575	2.0		1.0	1.0					
204.67	12.110000000000014	trials	1.0	207.464954	208.487628	215.000296	215.500364	206.512038	210.821172	215.79	216.78	1.0	1.0	1.0	1.0					
219.86	21.065999999999974	trials	1.0	222.17525	223.82626199999999	239.087266	239.459716	221.254446	225.627268	239.84	240.926	1.0	2.0	1.0	1.0					
244.945	6.450000000000017	trials	1.0	246.950282	248.796832	250.70056	251.39649	245.343344	249.10799599999999			1.0	2.0	0.0	3.0					
255.055	8.409999999999968	trials	1.0	256.806742	258.659154	261.485104	262.070658	255.08471400000002	260.80357399999997	262.285	263.465	1.0	1.0	1.0	1.0					
265.482	9.95799999999997	trials	1.0	269.155872	270.742104	273.241792	273.753438	268.31959	272.316826	274.085	275.44	1.0	1.0	1.0	1.0					
278.511	13.003999999999962	trials	1.0	286.52609	287.687482	289.778296	290.302256	285.977764	289.038406	290.62	291.515	1.0	1.0	1.0	1.0					
293.535	9.489999999999952	trials	1.0	296.455432	297.801958			295.587598	299.02063	300.74	303.025	2.0		1.0	1.0					
305.084	11.44599999999997	trials	1.0	307.845398	309.022602	314.388754	314.910918	307.29105599999997	313.76396	315.17	316.53	1.0	1.0	1.0	1.0					
319.597	9.988	trials	1.0	322.070812	323.602748	327.525226	328.070998	320.27457	326.288754	328.295	329.585	1.0	1.0	1.0	1.0					
331.691	11.329000000000008	trials	1.0	336.67596199999997	337.990842	341.113476	341.584678	336.12372799999997	340.126776	341.86	343.02	1.0	2.0	1.0	1.0					
346.09	9.055000000000007	trials	1.0	347.73584999999997	348.902454	353.362894	353.800904	346.791738	350.87899	354.085	355.145	1.0	2.0	1.0	1.0					
357.225	10.67999999999995	trials	1.0	359.642442	361.086186			359.12933599999997	365.648178			2.0		1.0	1.0					
372.38	14.769999999999982	trials	1.0	383.575744	385.144446			382.918358	385.134052			2.0		0.0	2.0					
389.201	14.198999999999955	trials	1.0	390.98645	392.41248	397.820658	398.36656999999997	390.36327	395.917776	398.605	399.645	1.0	1.0	1.0	1.0					
403.695	8.795000000000016	trials	1.0	405.692018	407.09862	410.501084	411.038788	403.405108	409.06857	411.185	412.49	1.0	2.0	1.0	1.0					
415.595	10.644999999999982	trials	1.0	418.75588799999997	420.581242	424.336758	424.859346	417.820542	422.797908	425.12	426.24	1.0	1.0	1.0	1.0					
430.263	8.242000000000019	trials	1.0	432.10266	434.087366			430.75759999999997	435.278692	437.14	438.505	2.0		1.0	1.0					
441.525	11.04000000000002	trials	1.0	443.84081199999997	445.27307			443.04514	446.79344	448.95	452.565	2.0		1.0	1.0					
454.665	9.346000000000004	trials	1.0	456.688836	458.243684	462.12982999999997	462.600406	456.10799	460.868594	462.846	464.011	1.0	2.0	1.0	1.0					
466.08	10.670000000000016	trials	1.0	468.861262	470.62582	474.734672	475.25523	467.94642799999997	473.427858	475.42	476.75	1.0	1.0	1.0	1.0					
479.771	6.94399999999996	trials	1.0	481.776664	482.96274999999997	486.101348	486.719128	480.863682	484.814108			1.0	2.0	0.0	3.0					
488.425	10.360000000000014	trials	1.0	491.089866	493.106988	496.76259799999997	497.24536	490.442838	495.800398	497.48	498.785	1.0	1.0	1.0	1.0					
502.82	20.48100000000005	trials	1.0	517.2112420000001	518.712162	521.5684500000001	522.101122	516.509128	520.813898	522.465	523.301	1.0	1.0	1.0	1.0					
526.335	12.219999999999914	trials	1.0	531.760802	533.1227980000001			531.091536	535.229728	537.02	538.555	2.0		1.0	1.0					
540.575	9.669999999999959	trials	1.0	543.1515700000001	545.118462	549.814466	550.24692	542.522374	546.56635			1.0	2.0	0.0	3.0					
552.145	9.875	trials	1.0	554.5617460000001	555.5783	560.0351720000001	560.5418800000001	553.5812380000001	559.031282	560.69	562.02	1.0	1.0	1.0	1.0					
566.08	6.649999999999977	trials	1.0	567.6264120000001	569.40938	570.8321440000001	571.3869460000001	566.263866	569.926806	571.636	572.73	1.0	1.0	1.0	1.0					
575.756	9.965000000000032	trials	1.0	577.406954	579.4352960000001	583.724916	584.2171780000001	576.3131000000001	582.1519480000001	584.42	585.721	1.0	1.0	1.0	1.0					
587.826	9.468999999999937	trials	1.0	590.251666	591.8877980000001			589.4711080000001	593.935818	596.245	597.295	2.0		1.0	1.0					
601.35	11.139999999999986	trials	1.0	603.0272000000001	604.4379120000001	607.2372660000001	607.745486	601.3559680000001	606.1259960000001	608.035	609.075	1.0	2.0	1.0	1.0					
613.17	6.970000000000027	trials	1.0	614.741804	616.7086720000001	618.1181720000001	618.6567	612.495658	617.2902	618.86	620.14	1.0	1.0	1.0	1.0					
623.18	21.041000000000054	trials	1.0	625.34131	626.7039540000001	643.758512	644.2253340000001	623.8033780000001	631.712042			1.0	2.0	0.0	3.0					
648.146	13.51400000000001	trials	1.0	651.7114300000001	653.7296980000001	655.93857	656.48897	651.155076	655.3610940000001	656.636	657.805	1.0	1.0	1.0	1.0					
661.841	11.124000000000024	trials	1.0	663.71649	665.128414			661.6630980000001	667.3377800000001	669.09	670.125	2.0		1.0	1.0					
674.15	8.970000000000027	trials	1.0	675.7418140000001	676.894936	681.173204	681.7272800000001	672.96999	679.0825860000001	682.03	683.12	1.0	1.0	1.0	1.0					
686.14	19.331000000000017	trials	1.0	688.471394	690.433026	703.5589580000001	704.2623920000001	687.6508520000001	693.81695	704.32	705.471	1.0	1.0	1.0	1.0					
708.486	8.610000000000014	trials	1.0	710.221568	711.545342			708.9454340000001	713.7127360000001	715.535	717.096	2.0		1.0	1.0					
719.16	10.290000000000077	trials	1.0	720.716748	722.322394	729.0207280000001	729.45577	720.151514	724.667504			1.0	2.0	0.0	3.0					
732.386	12.729000000000042	trials	1.0	734.0372440000001	735.7537580000001			732.97554	739.1019520000001	740.886	742.301	2.0		1.0	1.0					
745.411	7.100000000000023	trials	1.0	747.23728	748.6494260000001	751.9689020000001	752.5176160000001	745.118944	748.64682			1.0		0.0	2.0					
752.695	14.8599999999999	trials	1.0	756.7728480000001	758.6074580000001			756.22108	760.94518	762.785	763.846	2.0		1.0	1.0					
767.87	7.611999999999966	trials	1.0	769.768714	770.9446280000001	773.8427360000001	774.1581940000001	767.5618380000001	771.398582	774.575	775.482	1.0	1.0	1.0	1.0					
778.497	10.397000000000048	trials	1.0	785.3323160000001	786.8743880000001	787.686444	787.8725400000001	784.6540520000001	786.8686160000001			1.0		0.0	2.0					
790.902	24.608999999999924	trials	1.0	797.022822	798.679936	812.1131620000001	812.63372	796.3036500000001	800.687888	812.87	815.511	1.0	1.0	1.0	1.0					
817.59	48.35000000000002	trials	1.0	857.53759	858.8383	860.554876	861.1766520000001	856.7886400000001	859.9841720000001	861.301	865.94	1.0	1.0	1.0	1.0					
869.004	10.115999999999985	trials	1.0	873.697846	875.2794180000001	877.495932	878.037048	872.7542040000001	876.640896	878.18	879.12	1.0	1.0	1.0	1.0					
882.165	6.151000000000067	trials	1.0	883.867974	885.652228	887.82748	888.3203860000001	882.9042360000001	886.438792			1.0	2.0	0.0	3.0					
891.205	10.194999999999936	trials	1.0	893.108202	894.496124	899.1668400000001	899.57852	891.3598000000001	896.2636100000001	899.865	901.4	1.0	1.0	1.0	1.0					
905.465	8.774999999999977	trials	1.0	907.4430460000001	908.5744880000001			906.3157640000001	911.14128	913.33	914.24	2.0		1.0	1.0					
916.336	12.32899999999995	trials	1.0	918.947836	920.4912860000001	927.073702	927.477802	918.128514	922.2009760000001	927.846	928.665	1.0	2.0	1.0	1.0					
930.731	18.563999999999965	trials	1.0	941.5477820000001	942.6932	947.4299840000001	947.994776	940.74552	946.945	948.23	949.295	1.0	1.0	1.0	1.0					
952.315	7.8549999999999045	trials	1.0	954.229552	955.744726	958.241304	958.897734	953.4299120000001	957.172858	958.926	960.17	1.0	1.0	1.0	1.0					
963.235	6.819999999999936	trials	1.0	966.229648	967.445952	969.600236	970.0629200000001	965.245082	968.4058660000001			1.0	1.0	0.0	3.0					
973.93	7.610000000000014	trials	1.0	975.748314	977.2533520000001	980.0833660000001	980.2269060000001	974.318126	978.634482	980.545	981.54	2.0		1.0	1.0					
983.602	11.908999999999992	trials	1.0	986.4581860000001	988.370706			985.611028	990.2126420000001	992.54	995.511	2.0		1.0	1.0					
997.571	11.119000000000028	trials	1.0	1001.4081520000001	1002.915706			1000.857014	1006.134582	1007.855	1008.69	2.0		1.0	1.0					
1012.785	8.965000000000032	trials	1.0	1015.0636280000001	1016.804802	1020.6717880000001	1021.1686440000001	1014.4944340000001	1019.9042860000001			1.0	1.0	1.0	1.0					
1025.246	10.493999999999915	trials	1.0	1028.498234	1029.684908	1033.676546	1033.9964559999999	1027.569252	1032.7267399999998	1034.495	1035.74	1.0	1.0	1.0	1.0					
1037.845	10.095000000000027	trials	1.0	1042.809662	1043.90039	1047.462552	1047.94725	1042.079454	1043.895566			1.0		0.0	2.0					
1048.965	13.54600000000005	trials	1.0	1052.458374	1054.445272			1051.723796	1055.571242	1057.346	1058.511	2.0		1.0	1.0					
1062.555	7.830999999999904	trials	1.0	1064.293168	1065.3972179999998	1068.162812	1068.6337919999999	1062.5179839999998	1067.0779459999999	1068.945	1070.386	1.0	1.0	1.0	1.0					
1072.446	8.913999999999987	trials	1.0	1074.473022	1076.213962	1079.6227159999999	1079.9995999999999	1073.8684039999998	1078.5732859999998	1080.485	1081.36	1.0	2.0	1.0	1.0					
1084.41	12.99499999999989	trials	1.0	1086.6850279999999	1087.724602	1091.7298799999999	1092.344596	1085.7653739999998	1090.65967	1092.46	1093.636	1.0	1.0	1.0	1.0					
1097.68	5.9500000000000455	trials	1.0	1099.4283	1100.510524	1101.776586	1102.136826	1097.4124259999999	1101.092596	1102.636	1103.63	1.0	1.0	1.0	1.0					
1105.67	778.2749999999999	BlockDesign														1.0	73.0	129.0	50.0	10.0
1105.67	6.710000000000036	trials	2.0	1108.133472	1109.2454719999998	1111.887772	1112.384588	1107.5426619999998	1111.130882			1.0	1.0	0.0	3.0					
1116.215	10.195000000000164	trials	2.0	1118.413494	1120.415628	1124.518626	1125.020482	1117.6622579999998	1123.932366	1125.215	1126.41	1.0	1.0	1.0	1.0					
1128.43	8.059999999999945	trials	2.0	1131.1088419999999	1132.3218219999999	1135.777378	1136.4952739999999	1130.288084	1134.722936			1.0	2.0	0.0	3.0					
1140.16	13.334999999999809	trials	2.0	1142.020116	1143.795112			1140.491984	1145.538384	1147.275	1149.9	2.0		1.0	1.0					
1153.941	7.314000000000078	trials	2.0	1155.723446	1157.555238	1159.459502	1159.975874	1153.499536	1158.569266	1160.176	1161.255	1.0	1.0	1.0	1.0					
1163.275	6.439999999999827	trials	2.0	1165.9286419999999	1167.710136	1168.408056	1168.662498	1164.97843	1167.700032			1.0		0.0	2.0					
1171.725	8.050000000000182	trials	2.0	1173.444334	1174.5354579999998	1179.3078	1179.77999	1172.7088039999999	1178.550344			1.0	2.0	0.0	3.0					
1183.67	12.755999999999858	trials	2.0	1185.258636	1186.683016			1183.77364	1189.49874	1191.79	1192.625	2.0		1.0	1.0					
1196.68	9.819999999999936	trials	2.0	1198.709248	1200.30839	1204.550986	1205.0682239999999	1196.430304	1202.34305	1205.275	1206.5	1.0	1.0	1.0	1.0					
1209.52	12.740999999999985	trials	2.0	1211.449038	1213.1717039999999	1218.186262	1218.6040619999999	1210.296232	1215.797184			1.0	1.0	0.0	3.0					
1222.526	5.593999999999824	trials	2.0	1224.339052	1225.600358	1227.4324359999998	1228.125798	1222.267422	1226.782908			1.0	2.0	0.0	3.0					
1229.771	8.359000000000151	trials	2.0	1232.730486	1234.051166	1237.507148	1238.1351339999999	1231.824252	1236.837916			1.0	1.0	0.0	3.0					
1240.845	7.805000000000064	trials	2.0	1243.77436	1245.073884	1248.3223	1248.6567459999999	1242.836022	1247.737962			1.0	2.0	0.0	3.0					
1250.7	12.395999999999958	trials	2.0	1255.855934	1257.8913559999999			1255.026146	1260.0891199999999	1261.865	1263.096	2.0		1.0	1.0					
1266.161	21.18899999999985	trials	2.0	1268.0112259999999	1269.97568	1285.566132	1286.1118219999998	1266.439958	1272.796244	1286.301	1287.35	1.0	1.0	1.0	1.0					
1290.416	24.278999999999996	trials	2.0	1309.2239359999999	1310.2977939999998	1314.0711999999999	1314.702376	1308.3058059999998	1312.499464			1.0	2.0	0.0	3.0					
1317.46	8.840999999999894	trials	2.0	1319.124388	1320.833492			1318.3212079999998	1322.394794	1324.39	1326.301	2.0		1.0	1.0					
1329.366	9.364000000000033	trials	2.0	1330.900166	1332.8419119999999	1337.06847	1337.44946	1329.372752	1335.17434	1337.9	1338.73	1.0	2.0	1.0	1.0					
1341.75	10.190000000000055	trials	2.0	1343.3148979999999	1344.7035959999998	1349.7139559999998	1350.213914	1342.735698	1348.73918	1350.435	1351.94	1.0	1.0	1.0	1.0					
1354.003	7.622000000000071	trials	2.0	1357.2351139999998	1359.055644			1356.469304	1359.34689			2.0		1.0	1.0					
1365.14	5.819999999999936	trials	2.0	1366.9402659999998	1368.8008499999999	1370.622772	1370.956254	1365.9889919999998	1369.569966			1.0	1.0	0.0	3.0					
1373.955	7.779999999999973	trials	2.0	1375.924732	1377.867416	1381.3910899999998	1381.743524	1374.7494319999998	1380.7144859999999			1.0	1.0	0.0	3.0					
1383.725	10.470000000000027	trials	2.0	1387.129636	1388.4715199999998	1393.7244019999998	1394.199776	1386.237504	1391.7314259999998			1.0	1.0	0.0	3.0					
1398.055	7.064999999999827	trials	2.0	1400.061328	1401.6416339999998	1404.4834979999998	1405.128136	1398.823746	1403.905018			1.0	2.0	0.0	3.0					
1406.82	8.215000000000146	trials	2.0	1409.800004	1411.451916	1414.6038899999999	1415.040242	1408.9658239999999	1413.72995			1.0	1.0	0.0	3.0					
1418.973	6.11200000000008	trials	2.0	1420.940198	1422.8313899999998			1419.9480019999999	1422.9638559999999			2.0		1.0	1.0					
1428.615	5.529999999999973	trials	2.0	1430.6696419999998	1431.88637			1430.05497	1431.897782			2.0		1.0	1.0					
1436.71	7.879999999999882	trials	2.0	1439.8651619999998	1441.486886	1444.0793079999999	1444.596272	1438.9198999999999	1443.408338			1.0	1.0	0.0	3.0					
1448.465	5.884999999999991	trials	2.0	1450.1347899999998	1451.837806	1453.86618	1454.359624	1448.4984459999998	1452.955252			1.0	2.0	0.0	3.0					
1456.24	12.990000000000009	trials	2.0	1460.8797379999999	1462.313594			1460.24977	1464.450414	1467.39	1469.23	2.0		1.0	1.0					
1472.257	25.128999999999905	trials	2.0	1474.150594	1475.397468	1493.1968359999998	1493.818196	1473.099606	1477.1676499999999			1.0	1.0	0.0	3.0					
1497.522	5.678000000000111	trials	2.0	1499.061894	1500.442262	1502.738388	1503.20589	1497.391028	1501.4667419999998			1.0	2.0	0.0	3.0					
1507.096	10.659000000000106	trials	2.0	1508.8048	1510.006774	1517.38044	1517.76238	1508.183566	1513.435088			1.0	2.0	0.0	3.0					
1519.7	10.270999999999958	trials	2.0	1522.316004	1523.532148	1528.237242	1528.7461879999998	1521.751332	1527.4727779999998	1528.94	1529.971	1.0	1.0	1.0	1.0					
1532.985	9.095000000000027	trials	2.0	1536.750622	1537.886732	1541.588696	1542.0888539999999	1536.123684	1540.9389939999999			1.0	1.0	0.0	3.0					
1544.915	11.039999999999964	trials	2.0	1549.7756359999998	1550.8621719999999	1555.2776059999999	1555.9625039999999	1549.086628	1554.648862			1.0	2.0	0.0	3.0					
1559.605	9.674999999999955	trials	2.0	1561.890044	1563.1338939999998	1568.864902	1569.285142	1561.038198	1568.298754			1.0	1.0	0.0	3.0					
1572.225	8.969000000000051	trials	2.0	1578.260164	1579.192832			1577.694624	1579.186592			2.0		0.0	2.0					
1585.256	14.493999999999915	trials	2.0	1589.775738	1591.176902	1598.066112	1598.525242	1589.259292	1595.497938	1598.85	1599.75	1.0	1.0	1.0	1.0					
1602.82	8.710000000000036	trials	2.0	1605.3209259999999	1606.392054			1604.7531199999999	1606.382568			2.0		0.0	2.0					
1612.4	7.389999999999873	trials	2.0	1614.1469519999998	1615.29773	1617.606886	1618.219558	1611.53557	1617.0449939999999	1618.34	1619.79	1.0	1.0	1.0	1.0					
1622.81	8.25500000000011	trials	2.0	1625.187124	1627.0882259999998			1624.2030499999998	1628.468938	1630.426	1631.065	2.0		1.0	1.0					
1633.082	10.277999999999793	trials	2.0	1635.555406	1637.23644	1641.672208	1642.057104	1634.968332	1639.7189939999998	1642.355	1643.36	1.0	1.0	1.0	1.0					
1647.465	8.740000000000009	trials	2.0	1649.155926	1650.615978			1647.904164	1651.72715	1654.795	1656.205	2.0		1.0	1.0					
1658.225	22.690000000000055	trials	2.0	1660.875646	1662.5524679999999	1679.0251899999998	1679.3716339999999	1659.9023559999998	1664.43365	1679.705	1680.915	1.0	1.0	1.0	1.0					
1682.98	23.144999999999982	trials	2.0	1686.380592	1687.403214	1705.751562	1706.134034	1685.771902	1690.7654499999999			1.0	1.0	0.0	3.0					
1709.08	8.965000000000146	trials	2.0	1711.3506539999998	1713.0424639999999	1717.591338	1718.051342	1710.691986	1714.2257439999998			1.0	1.0	0.0	3.0					
1719.926	9.984000000000151	trials	2.0	1723.3661299999999	1725.0495099999998	1729.4475499999999	1729.9159499999998	1722.4577399999998	1727.7136679999999			1.0	2.0	0.0	3.0					
1732.835	10.5	trials	2.0	1736.216064	1738.20787	1741.511246	1742.057488	1735.5429299999998	1739.23134	1742.276	1743.335	1.0	1.0	1.0	1.0					
1747.355	21.894999999999982	trials	2.0	1749.232556	1750.736706	1768.6696339999999	1769.26043	1748.156714	1753.127			1.0	1.0	0.0	3.0					
1770.995	8.2800000000002	trials	2.0	1774.126268	1775.667874	1778.7359279999998	1779.282092	1773.278262	1778.0832639999999			1.0	2.0	0.0	3.0					
1781.095	12.394999999999982	trials	2.0	1785.5811999999999	1787.360696	1791.46173	1792.008044	1784.689752	1789.5874219999998	1792.09	1793.49	1.0	1.0	1.0	1.0					
1795.506	17.45399999999995	trials	2.0	1804.225944	1805.9034179999999	1812.599428	1812.9674559999999	1803.559152	1808.87447			1.0	1.0	0.0	3.0					
1816.965	32.555000000000064	trials	2.0	1840.401848	1842.1214559999999			1839.5918219999999	1842.7383479999999	1844.59	1846.31	2.0		1.0	1.0					
1850.37	7.641000000000076	trials	2.0	1852.166594	1853.5220199999999	1856.130216	1856.660602	1849.526818	1854.571178	1856.85	1858.011	1.0	1.0	1.0	1.0					
1860.09	10.654999999999973	trials	2.0	1862.886456	1864.8198579999998	1868.978114	1869.4766399999999	1862.271202	1867.901248	1869.69	1870.745	1.0	1.0	1.0	1.0					
1873.763	10.182000000000016	trials	2.0	1875.99229	1877.0578859999998	1881.76237	1882.351704	1875.358554	1881.1365939999998	1882.45	1883.945	1.0	1.0	1.0	1.0					
1888.019	1242.541	BlockDesign														1.0	130.0	221.0	50.0	90.0
1888.019	4.891000000000076	trials	3.0	1889.773158	1890.9129639999999			1888.436284	1890.90412			2.0		0.0	2.0					
1894.92	11.974999999999909	trials	3.0	1896.938122	1898.106254	1905.002056	1905.50842	1896.00991	1902.97851	1905.78	1906.895	1.0	2.0	1.0	1.0					
1909.97	13.599999999999909	trials	3.0	1911.861968	1913.564926	1921.8334519999999	1922.2003339999999	1910.960774	1917.031266	1922.551	1923.57	1.0	1.0	1.0	1.0					
1925.69	9.554999999999836	trials	3.0	1928.906956	1930.058252	1934.713726	1935.253014	1927.998284	1933.847334			1.0	1.0	0.0	3.0					
1937.045	14.630999999999858	trials	3.0	1941.037174	1942.29889	1950.605178	1951.1256979999998	1940.045326	1946.6738	1951.295	1951.305	1.0	1.0	1.0	1.0					
1955.148	9.982000000000198	trials	3.0	1958.4423359999998	1959.563234	1964.479124	1965.1408119999999	1957.514422	1963.630318			1.0	1.0	0.0	3.0					
1967.805	9.3599999999999	trials	3.0	1969.992524	1971.673758			1969.364584	1974.399352	1976.115	1977.165	2.0		1.0	1.0					
1980.21	10.684999999999945	trials	3.0	1983.7421259999999	1985.659588	1990.257916	1990.9049539999999	1983.094772	1989.424902			1.0	1.0	0.0	3.0					
1993.632	13.893000000000029	trials	3.0	1999.5972339999998	2001.5691	2005.563684	2006.03423	1998.934794	2003.91492	2006.41	2007.525	1.0	2.0	1.0	1.0					
2011.582	12.917999999999893	trials	3.0	2013.587072	2014.824396	2022.568518	2023.0703979999998	2012.53002	2018.44131	2023.35	2024.5	1.0	2.0	1.0	1.0					
2026.55	10.190000000000055	trials	3.0	2029.242296	2031.119066	2034.709188	2035.286828	2028.615098	2033.879412	2035.605	2036.74	1.0	1.0	1.0	1.0					
2038.805	7.4249999999999545	trials	3.0	2041.983626	2043.4223399999998			2041.4007279999998	2043.974872			2.0		1.0	1.0					
2050.79	9.610000000000127	trials	3.0	2052.6889419999998	2053.905516	2058.749898	2059.231224	2050.793564	2055.1376179999997	2059.426	2060.4	1.0	1.0	1.0	1.0					
2062.46	19.340999999999894	trials	3.0	2067.262032	2068.624278	2076.023008	2076.442088	2066.632048	2071.496886	2076.77	2077.82	1.0	2.0	1.0	1.0					
2081.847	8.307999999999993	trials	3.0	2083.51696	2084.9404759999998	2087.610196	2088.157948	2081.808174	2086.639802	2088.445	2090.155	1.0	2.0	1.0	1.0					
2093.26	8.022999999999683	trials	3.0	2094.957598	2096.429016	2100.87468	2101.2907999999998	2093.609312	2098.796354			1.0	1.0	0.0	3.0					
2104.239	7.351000000000113	trials	3.0	2106.337328	2108.029642			2105.444934	2109.4354439999997			2.0		1.0	1.0					
2114.146	17.654999999999745	trials	3.0	2116.29761	2117.591234	2131.483984	2131.7290279999997	2115.434988	2121.68864			1.0	2.0	0.0	3.0					
2135.806	6.1039999999998145	trials	3.0	2137.8588959999997	2139.139746	2141.528862	2141.9220139999998	2137.102212	2140.472762			1.0	1.0	0.0	3.0					
2144.91	9.695000000000164	trials	3.0	2146.773986	2148.449506			2146.1351999999997	2149.823304	2151.886	2154.605	2.0		1.0	1.0					
2158.665	5.704999999999927	trials	3.0	2160.533376	2162.087692	2163.775798	2164.378836	2159.577174	2162.559126			1.0	1.0	0.0	3.0					
2166.146	17.338999999999942	trials	3.0	2171.0328879999997	2172.158602			2170.204916	2174.466218	2176.445	2179.53	2.0		1.0	1.0					
2183.59	6.704999999999927	trials	3.0	2185.158014	2186.7444259999997	2188.464136	2188.925628	2183.494402	2187.7654079999998	2189.225	2190.295	1.0	2.0	1.0	1.0					
2192.335	9.579999999999927	trials	3.0	2194.618112	2196.0660279999997	2201.493744	2201.9229259999997	2193.79545	2198.406326			1.0	1.0	0.0	3.0					
2204.825	7.550000000000182	trials	3.0	2206.618496	2208.441006	2211.26852	2211.823012	2206.005802	2210.692268			1.0	2.0	1.0	1.0					
2216.89	7.775000000000091	trials	3.0	2218.454054	2219.934568	2222.6813039999997	2223.141228	2217.183724	2221.55887	2223.36	2224.665	1.0	2.0	1.0	1.0					
2227.69	10.460000000000036	trials	3.0	2229.603058	2231.598866	2236.2601019999997	2236.774844	2228.827884	2235.303714	2236.813	2238.15	1.0	1.0	1.0	1.0					
2240.17	11.8449999999998	trials	3.0	2242.65366	2243.8379179999997	2251.641098	2252.024812	2242.054174	2247.255016			1.0	1.0	0.0	3.0					
2254.006	9.72900000000027	trials	3.0	2257.064536	2259.054744			2256.472824	2260.064472	2262.28	2263.735	2.0		1.0	1.0					
2266.801	11.795000000000073	trials	3.0	2268.512818	2270.026324	2276.83316	2277.363586	2267.035114	2272.700908	2277.676	2278.596	1.0	1.0	1.0	1.0					
2280.658	8.557000000000244	trials	3.0	2283.243576	2285.030316	2288.84582	2289.218886	2282.4647139999997	2286.069602			1.0	1.0	0.0	3.0					
2291.195	8.074999999999818	trials	3.0	2293.227672	2294.415052	2297.35391	2297.879778	2292.689964	2296.496858	2298.24	2299.27	1.0	2.0	1.0	1.0					
2303.34	8.545999999999822	trials	3.0	2305.318734	2307.205726			2304.004088	2307.884246	2310.895	2311.886	2.0		1.0	1.0					
2313.95	10.601000000000113	trials	3.0	2316.303174	2318.246126	2322.526166	2322.9881339999997	2315.422254	2321.353868	2323.24	2324.551	1.0	2.0	1.0	1.0					
2326.585	11.096000000000004	trials	3.0	2329.193698	2330.691562	2337.312922	2337.6757159999997	2328.403468	2333.731268			1.0	1.0	0.0	3.0					
2341.636	5.56899999999996	trials	3.0	2343.56896	2345.155488	2345.890114	2346.030182	2342.03592	2345.1514819999998			1.0		0.0	2.0					
2350.215	12.279999999999745	trials	3.0	2358.253494	2359.575584	2361.912624	2362.505088	2357.323174	2360.71212			1.0	1.0	0.0	3.0					
2365.285	8.396999999999935	trials	3.0	2367.31537	2369.165418	2373.222378	2373.6896739999997	2366.739604	2370.578518			1.0	2.0	0.0	3.0					
2376.57	10.029999999999745	trials	3.0	2378.768522	2380.32598	2384.188662	2384.507256	2378.099652	2383.097186	2384.945	2386.6	1.0	1.0	1.0	1.0					
2389.665	12.849999999999909	trials	3.0	2395.914204	2397.130346	2400.719648	2401.165232	2395.02994	2398.73589	2401.511	2402.515	1.0	2.0	1.0	1.0					
2406.566	8.485000000000127	trials	3.0	2408.12866	2410.1129459999997			2406.574302	2412.406828	2414.38	2415.051	2.0		1.0	1.0					
2418.115	7.095000000000255	trials	3.0	2419.650044	2420.970324	2424.756116	2424.900256	2418.460878	2422.79596			1.0	1.0	0.0	3.0					
2427.225	12.420000000000073	trials	3.0	2429.275622	2430.3256579999997			2428.7374999999997	2432.487524	2434.44	2436.025	2.0		1.0	1.0					
2440.085	20.585000000000036	trials	3.0	2441.853592	2443.504546	2458.7651419999997	2459.179904	2439.655354	2444.0978219999997	2459.515	2460.67	1.0	2.0	1.0	1.0					
2464.69	8.38000000000011	trials	3.0	2466.509024	2468.572852	2470.865956	2471.39629	2465.693722	2470.048486	2471.545	2473.07	1.0	2.0	1.0	1.0					
2476.115	10.585000000000036	trials	3.0	2478.094458	2479.1118579999998	2484.8651139999997	2485.32835	2477.41122	2483.4835239999998	2485.515	2486.7	1.0	2.0	1.0	1.0					
2490.763	12.507000000000062	trials	3.0	2492.74896	2494.28132			2491.36525	2496.11289	2498.775	2499.62	2.0		1.0	1.0					
2503.644	19.726000000000113	trials	3.0	2505.275918	2506.765582	2521.298938	2521.8166659999997	2503.279804	2508.76314	2522.065	2523.37	1.0	2.0	1.0	1.0					
2527.415	9.596000000000004	trials	3.0	2529.289276	2531.169504	2535.382348	2535.667406	2528.309754	2532.78145	2536.16	2537.011	1.0	2.0	1.0	1.0					
2539.03	5.679999999999836	trials	3.0	2541.459606	2542.712048			2540.786122	2542.7057999999997			2.0		0.0	2.0					
2546.716	8.960000000000036	trials	3.0	2548.319704	2549.588596	2553.610154	2554.043772	2546.9317419999998	2552.329852	2554.33	2555.676	1.0	2.0	1.0	1.0					
2558.707	14.719000000000051	trials	3.0	2561.769046	2563.1201379999998	2567.764028	2568.239702	2561.135362	2565.0427919999997	2568.492	2569.74	1.0	2.0	1.0	1.0					
2573.761	9.014000000000124	trials	3.0	2575.4447179999997	2576.805592			2573.439352	2578.66122	2581.565	2582.775	2.0		1.0	1.0					
2584.795	9.355000000000018	trials	3.0	2586.589384	2588.299932	2593.836392	2594.140254	2585.817352	2591.5878079999998			1.0	1.0	0.0	3.0					
2597.157	8.353999999999814	trials	3.0	2599.1439139999998	2600.90379			2597.460902	2602.77243	2604.65	2605.511	2.0		1.0	1.0					
2607.575	10.316000000000258	trials	3.0	2609.890518	2611.241066			2609.054168	2614.3158559999997	2616.41	2617.891	2.0		1.0	1.0					
2619.952	9.35299999999961	trials	3.0	2621.669794	2622.794926	2626.841386	2627.303346	2620.948566	2624.72757	2627.555	2629.305	1.0	2.0	1.0	1.0					
2632.365	7.425000000000182	trials	3.0	2633.9502079999997	2635.046344	2638.88895	2639.1942559999998	2632.871558	2636.896166			1.0	1.0	0.0	3.0					
2641.825	12.476000000000113	trials	3.0	2647.134336	2649.121632	2652.689902	2653.150156	2646.446762	2651.297774	2653.37	2654.301	1.0	1.0	1.0	1.0					
2657.362	6.2979999999997744	trials	3.0	2659.39478	2660.656888			2658.869724	2661.596612			2.0		1.0	1.0					
2667.207	8.597999999999956	trials	3.0	2669.059388	2670.645216	2673.954008	2674.472574	2667.68405	2673.138602	2674.825	2675.805	1.0	1.0	1.0	1.0					
2679.825	7.400000000000091	trials	3.0	2681.67468	2683.587346	2685.28609	2685.6714939999997	2680.751632	2684.067318	2686.04	2687.225	1.0	2.0	1.0	1.0					
2690.29	40.97200000000021	trials	3.0	2724.590054	2725.985748	2727.118134	2727.718352	2723.965132	2726.593312			1.0	1.0	0.0	3.0					
2731.484	5.005999999999858	trials	3.0	2733.410372	2734.4367859999998	2735.464664	2735.565284	2731.275356	2734.432688			1.0		0.0	2.0					
2739.545	16.014999999999873	trials	3.0	2751.116152	2752.506974			2750.296832	2753.266264			2.0		1.0	1.0					
2758.025	7.65099999999984	trials	3.0	2760.005004	2761.551446	2765.20676	2765.6902959999998	2758.514898	2762.91245			1.0	2.0	0.0	3.0					
2767.582	8.16800000000012	trials	3.0	2769.550012	2771.35786	2773.897548	2774.4383279999997	2768.535464	2773.2899039999998	2774.596	2775.75	1.0	1.0	1.0	1.0					
2779.77	9.760000000000218	trials	3.0	2781.416166	2783.326902	2787.632994	2788.090774	2780.064626	2784.896064	2788.365	2789.53	1.0	2.0	1.0	1.0					
2791.595	21.570000000000164	trials	3.0	2795.035344	2797.056576	2812.797786	2813.176842	2794.173954	2800.39383			1.0	1.0	0.0	3.0					
2816.105	9.155999999999949	trials	3.0	2818.112188	2819.676922	2823.268228	2823.75	2817.443054	2821.46856	2824.051	2825.261	1.0	2.0	1.0	1.0					
2829.35	9.720000000000255	trials	3.0	2831.1960599999998	2832.590462	2837.2663199999997	2837.680448	2829.3719499999997	2835.142898	2837.965	2839.07	1.0	2.0	1.0	1.0					
2842.131	10.134000000000015	trials	3.0	2843.9107759999997	2845.610396	2850.448904	2850.98494	2842.663618	2848.718286	2851.15	2852.265	1.0	1.0	1.0	1.0					
2856.315	12.030999999999949	trials	3.0	2858.200992	2860.153818	2864.18442	2864.968026	2857.4145559999997	2863.249268			1.0	1.0	0.0	3.0					
2868.546	8.394000000000233	trials	3.0	2870.435102	2872.312144	2874.9779439999998	2875.455948	2868.355632	2873.6986699999998	2875.65	2876.94	1.0	2.0	1.0	1.0					
2879.047	10.958000000000084	trials	3.0	2882.290582	2883.47167			2881.34035	2886.745494	2888.676	2890.005	2.0		1.0	1.0					
2893.04	11.9050000000002	trials	3.0	2895.450794	2897.167588	2902.59847	2903.174372	2894.90216	2900.649712	2903.305	2904.945	1.0	2.0	1.0	1.0					
2906.971	15.284000000000106	trials	3.0	2909.7918059999997	2911.400088	2916.2034639999997	2916.5964719999997	2909.1113	2915.1245599999997	2916.87	2918.265	1.0	2.0	1.0	1.0					
2922.295	10.069999999999709	trials	3.0	2924.101776	2925.771816	2930.278306	2930.738292	2922.26607	2929.387788	2931.075	2932.365	1.0	2.0	1.0	1.0					
2936.424	9.530999999999949	trials	3.0	2938.430796	2939.587424			2936.6333919999997	2943.005352	2945.655	2945.77	2.0		1.0	1.0					
2948.435	14.440000000000055	trials	3.0	2950.251026	2951.332484	2956.899008	2957.321934	2949.65949	2956.053292	2957.535	2958.95	1.0	2.0	1.0	1.0					
2963.06	9.411000000000058	trials	3.0	2964.90252	2966.754402			2962.885674	2969.594002	2971.46	2972.471	2.0		1.0	1.0					
2974.519	24.83600000000024	trials	3.0	2976.805964	2978.69835	2997.535354	2997.945692	2976.2026339999998	2982.473904	2998.255	2999.355	1.0	2.0	1.0	1.0					
3001.37	16.825000000000273	trials	3.0	3003.86643	3005.25821	3012.005176	3012.509086	3003.306102	3009.655564	3012.815	3014.195	1.0	2.0	1.0	1.0					
3018.26	11.210999999999785	trials	3.0	3020.121448	3022.09289	3025.717904	3026.170846	3018.209116	3022.860944			1.0	1.0	0.0	3.0					
3030.075	11.03500000000031	trials	3.0	3031.661616	3033.18734	3035.4503019999997	3035.978194	3029.481482	3034.588202	3036.19	3037.471	1.0	2.0	1.0	1.0					
3041.495	6.815000000000055	trials	3.0	3043.56184	3044.982688			3041.1234	3046.03944	3047.881	3048.12	2.0		1.0	1.0					
3050.765	11.200000000000273	trials	3.0	3052.7963059999997	3054.391172	3059.759088	3060.18048	3052.11031	3058.53795	3060.471	3061.965	1.0	2.0	1.0	1.0					
3065.85	11.220000000000255	trials	3.0	3067.4937019999998	3069.0928719999997	3075.166462	3075.581574	3066.3474659999997	3073.814848	3075.825	3077.07	1.0	2.0	1.0	1.0					
3081.09	9.7199999999998	trials	3.0	3082.766134	3084.461262	3088.6642739999998	3089.134632	3081.361992	3087.610226	3089.465	3090.81	1.0	2.0	1.0	1.0					
3093.875	8.485000000000127	trials	3.0	3095.877102	3097.4013059999997	3100.511076	3100.888862	3094.569344	3098.870554	3101.13	3102.36	1.0	2.0	1.0	1.0					
3105.387	16.277999999999793	trials	3.0	3107.28192	3108.373812	3116.678688	3116.777456	3106.486986	3112.149038	3117.301	3118.745	2.0		1.0	1.0					
3121.765	8.795000000000073	trials	3.0	3123.481298	3125.3833059999997	3128.471544	3129.034576	3121.67691	3127.698586	3129.265	3130.56	1.0	2.0	1.0	1.0					
3133.605	1652.975	BlockDesign														1.0	222.0	350.0	10.0	50.0
3133.605	8.320999999999913	trials	4.0	3135.471598	3137.378418	3139.843004	3140.270642	3134.005714	3139.12682	3140.56	3141.926	1.0	2.0	1.0	1.0					
3144.945	11.199999999999818	trials	4.0	3146.856522	3148.60832	3154.227882	3154.563236	3145.845358	3150.5623419999997	3154.98	3156.145	1.0	2.0	1.0	1.0					
3160.165	9.309999999999945	trials	4.0	3162.2821559999998	3163.5408039999998	3167.191248	3167.659478	3161.666448	3166.262268	3167.801	3169.475	1.0	2.0	1.0	1.0					
3172.545	9.130999999999858	trials	4.0	3175.217182	3177.115122	3181.298218	3181.688156	3174.423392	3179.455502			1.0	2.0	0.0	3.0					
3185.631	12.614000000000033	trials	4.0	3187.516782	3188.723428			3186.5184799999997	3191.474234	3193.325	3195.636	2.0		1.0	1.0					
3198.705	11.420000000000073	trials	4.0	3200.481762	3202.40819	3204.470872	3204.935478	3198.25938	3203.477484	3205.225	3206.555	1.0	2.0	1.0	1.0					
3210.597	10.222999999999956	trials	4.0	3212.172004	3213.91477			3210.138066	3215.728458	3217.636	3217.755	2.0		1.0	1.0					
3221.49	8.195000000000164	trials	4.0	3223.03246	3224.400908			3220.8337699999997	3226.015204	3228.07	3229.685	2.0		1.0	1.0					
3232.711	7.919000000000324	trials	4.0	3234.726902	3236.189702	3240.325546	3240.55499	3232.9126499999998	3238.495974			1.0	2.0	0.0	3.0					
3242.68	11.675000000000182	trials	4.0	3244.586574	3246.2132579999998	3250.354	3250.728138	3244.04015	3248.40051			1.0	1.0	0.0	3.0					
3254.676	5.7840000000001055	trials	4.0	3256.25717	3257.18341	3259.919286	3260.476134	3254.367926	3257.1682299999998			1.0		0.0	2.0					
3261.225	11.940000000000055	trials	4.0	3264.627274	3266.268642			3263.682582	3267.255964	3268.89	3270.261	2.0		1.0	1.0					
3274.285	9.075000000000273	trials	4.0	3276.012206	3277.158852	3280.632178	3280.90718	3273.178612	3278.440458			1.0	2.0	0.0	3.0					
3283.972	10.492999999999938	trials	4.0	3288.672748	3289.9804759999997	3292.696984	3293.093434	3288.009066	3291.95158	3293.46	3294.465	1.0	2.0	1.0	1.0					
3296.485	9.429999999999836	trials	4.0	3299.9886659999997	3301.669552	3305.20267	3305.928622	3299.01005	3304.322586			1.0	1.0	0.0	3.0					
3308.846	10.423999999999978	trials	4.0	3310.79238	3312.509962	3315.089398	3315.542134	3309.863832	3314.52301			1.0	2.0	0.0	3.0					
3319.415	9.585000000000036	trials	4.0	3321.392588	3323.239504	3328.695898	3328.97489	3319.28544	3327.166594			1.0	1.0	0.0	3.0					
3331.006	18.804000000000087	trials	4.0	3344.217428	3345.600638	3349.311008	3349.80742	3343.322494	3347.407394			1.0	1.0	0.0	3.0					
3351.82	13.855999999999767	trials	4.0	3353.944232	3355.39975	3361.767784	3362.251684	3353.372158	3359.470942			1.0	1.0	0.0	3.0					
3366.096	5.5	trials	4.0	3368.0865559999997	3369.583886	3371.09163	3371.61265	3365.68739	3370.577162			1.0	2.0	0.0	3.0					
3373.356	14.16399999999976	trials	4.0	3382.05733	3383.385546	3387.011514	3387.536878	3381.276002	3386.311424			1.0	1.0	0.0	3.0					
3390.335	7.1599999999998545	trials	4.0	3392.303018	3393.684234			3390.612418	3395.21537			2.0		1.0	1.0					
3399.965	22.335999999999785	trials	4.0	3402.8196239999997	3404.59319	3420.550112	3421.076214	3401.838428	3406.770426	3421.32	3422.301	1.0	1.0	1.0	1.0					
3424.325	19.56100000000015	trials	4.0	3427.4084199999998	3429.360654	3443.36946	3443.900126	3426.7208219999998	3431.329222			1.0	1.0	0.0	3.0					
3445.69	9.579999999999927	trials	4.0	3448.973102	3450.49978	3453.392876	3453.828998	3448.1226659999998	3452.8651099999997	3454.02	3455.27	1.0	2.0	1.0	1.0					
3459.335	5.809999999999945	trials	4.0	3461.0482939999997	3462.39539			3460.353692	3463.032316			2.0		1.0	1.0					
3468.72	9.541000000000167	trials	4.0	3470.73277	3472.300404			3468.953474	3475.083292	3477.005	3478.261	2.0		1.0	1.0					
3481.33	10.480000000000018	trials	4.0	3483.428182	3485.4300319999998	3491.503548	3491.762476	3482.545892	3490.085524			1.0	2.0	0.0	3.0					
3494.825	9.265000000000327	trials	4.0	3496.81309	3498.45098	3503.590412	3504.106594	3495.7382199999997	3502.990882			1.0	1.0	0.0	3.0					
3507.91	6.880000000000109	trials	4.0	3509.489698	3511.23596			3508.6965139999998	3512.720214	3514.325	3514.745	2.0		1.0	1.0					
3518.305	9.4050000000002	trials	4.0	3519.90505	3521.1953519999997	3525.7086	3526.157784	3518.8773539999997	3525.099616	3526.565	3527.71	1.0	2.0	1.0	1.0					
3529.741	8.57400000000007	trials	4.0	3532.45928	3533.80929	3537.899258	3537.913156	3531.5537	3536.232028			1.0	2.0	0.0	3.0					
3540.215	11.74499999999989	trials	4.0	3543.578524	3544.97239	3550.1394179999998	3550.6462659999997	3542.970468	3547.789882	3550.875	3551.96	1.0	2.0	1.0	1.0					
3553.983	10.306999999999789	trials	4.0	3558.04853	3559.439704	3563.91144	3564.306778	3557.1211279999998	3562.963444			1.0	2.0	0.0	3.0					
3566.24	9.446000000000367	trials	4.0	3569.404862	3571.26971	3575.345144	3575.702494	3568.70701	3574.532682			1.0	1.0	0.0	3.0					
3578.695	19.004999999999654	trials	4.0	3581.6148	3582.724436	3596.602834	3596.9818139999998	3580.791182	3584.464308			1.0	2.0	1.0	1.0					
3601.223	10.847999999999956	trials	4.0	3604.6549999999997	3606.340338	3608.88654	3609.200156	3603.858386	3607.5041499999998			1.0	1.0	0.0	3.0					
3612.21	7.010999999999967	trials	4.0	3613.808368	3615.209782	3617.315058	3617.822918	3612.085316	3616.656862	3618.125	3619.221	1.0	2.0	1.0	1.0					
3623.285	9.150000000000091	trials	4.0	3624.81396	3626.165488			3623.7657719999997	3626.63137			2.0		1.0	1.0					
3633.225	8.63000000000011	trials	4.0	3635.08457	3636.715256	3640.072576	3640.529124	3632.452034	3637.6967059999997	3640.77	3641.855	1.0	2.0	1.0	1.0					
3643.878	11.001999999999953	trials	4.0	3646.588938	3648.565104	3654.457488	3654.894562	3645.627042	3650.973646			1.0	2.0	0.0	3.0					
3658.79	7.596000000000004	trials	4.0	3660.57076	3661.999418	3665.976744	3666.398294	3659.6069079999997	3664.988738			1.0	1.0	0.0	3.0					
3668.285	9.601000000000113	trials	4.0	3671.723666	3673.02535			3670.848592	3674.916166	3676.86	3677.886	2.0		1.0	1.0					
3680.905	11.315999999999804	trials	4.0	3682.58883	3684.58077	3688.04295	3688.488858	3681.7875759999997	3687.420794			1.0	2.0	0.0	3.0					
3692.475	6.911000000000058	trials	4.0	3694.08911	3695.393306	3697.617104	3698.139416	3692.237604	3696.886822	3698.335	3699.386	1.0	1.0	1.0	1.0					
3703.405	6.5	trials	4.0	3705.2181219999998	3706.265796			3704.228846	3706.26269			2.0		0.0	2.0					
3711.32	4.664999999999964	trials	4.0	3713.6393359999997	3713.9309439999997	3714.492388	3714.777252	3709.922096	3713.926384			1.0		0.0	2.0					
3718.034	49.32099999999991	trials	4.0	3763.094412	3764.8004379999998			3762.210478	3764.96265			2.0		1.0	1.0					
3769.811	6.324999999999818	trials	4.0	3771.554448	3772.908186	3775.825052	3776.110932	3770.738982	3774.597884			1.0	2.0	0.0	3.0					
3778.148	14.797000000000025	trials	4.0	3788.274226	3789.916132	3792.60588	3792.962058	3787.412026	3791.096262			1.0	2.0	0.0	3.0					
3796.96	5.889999999999873	trials	4.0	3798.91451	3800.488376	3801.742038	3802.865554	3797.61917	3800.97909			1.0	1.0	0.0	3.0					
3806.098	11.748000000000047	trials	4.0	3812.874804	3814.562838	3817.30226	3817.8611379999998	3811.95052	3816.64778			1.0	1.0	0.0	3.0					
3819.653	9.217000000000098	trials	4.0	3822.299998	3824.0003699999997	3827.184862	3827.53676	3821.76202	3825.477038	3827.875	3828.87	1.0	2.0	1.0	1.0					
3830.894	7.856000000000222	trials	4.0	3833.950808	3835.271248			3833.2816119999998	3835.2666839999997			2.0		0.0	2.0					
3841.385	4.639999999999873	trials	4.0	3843.119764	3843.976518	3844.723654	3845.000512	3838.76628	3843.966944			1.0		0.0	2.0					
3849.076	7.44399999999996	trials	4.0	3852.6443839999997	3853.720084			3851.856344	3854.36609			2.0		1.0	1.0					
3860.081	8.429999999999836	trials	4.0	3865.705314	3866.516566			3864.889678	3866.51152			2.0		0.0	2.0					
3871.516	9.36999999999989	trials	4.0	3874.46514	3876.054764			3873.486054	3877.32	3879.44	3880.886	2.0		1.0	1.0					
3882.91	9.510000000000218	trials	4.0	3885.514816	3886.825328	3891.9295039999997	3892.435374	3884.732566	3890.065716			1.0	2.0	0.0	3.0					
3895.24	12.245000000000346	trials	4.0	3898.0594419999998	3899.6621959999998	3907.128234	3907.503854	3897.517894	3903.540384			1.0	1.0	0.0	3.0					
3911.495	9.815000000000055	trials	4.0	3913.160082	3914.24541	3919.21033	3919.669226	3912.534702	3918.513984	3919.95	3921.31	1.0	2.0	1.0	1.0					
3923.376	13.03899999999976	trials	4.0	3926.17988	3927.23124	3935.628014	3935.954118	3925.409338	3931.986628			1.0	1.0	0.0	3.0					
3938.47	9.975000000000364	trials	4.0	3941.040576	3942.5868339999997	3946.4755179999997	3946.983998	3940.46494	3945.9103259999997	3947.195	3948.445	1.0	2.0	1.0	1.0					
3952.471	12.56399999999985	trials	4.0	3954.174916	3955.221792			3952.9258099999997	3956.994366	3959.435	3961.46	2.0		1.0	1.0					
3965.485	7.934999999999945	trials	4.0	3967.0318079999997	3968.89162	3971.314872	3971.7421879999997	3965.051418	3970.060924	3972.085	3973.42	1.0	2.0	1.0	1.0					
3975.475	23.615000000000236	trials	4.0	3981.67522	3983.524144	3997.01264	3997.473672	3981.095432	3986.132568	3997.705	3999.09	1.0	2.0	1.0	1.0					
4002.113	8.941000000000258	trials	4.0	4004.955682	4006.2700099999997	4010.65675	4011.0697099999998	4004.037428	4010.12522			1.0	2.0	0.0	3.0					
4012.971	9.128999999999905	trials	4.0	4016.095412	4017.4086899999998	4021.467834	4022.11698	4015.097636	4020.6512279999997			1.0	1.0	0.0	3.0					
4025.785	8.295000000000073	trials	4.0	4029.325648	4030.676352	4033.357408	4034.098844	4028.469554	4032.4527239999998			1.0	2.0	0.0	3.0					
4037.71	6.885999999999967	trials	4.0	4039.630296	4041.247382			4038.75825	4042.279012			2.0		1.0	1.0					
4048.067	10.748000000000047	trials	4.0	4050.8892499999997	4052.6833579999998	4057.070572	4057.562446	4050.0571999999997	4054.71244	4057.761	4058.815	1.0	1.0	1.0	1.0					
4061.886	9.385000000000218	trials	4.0	4065.234904	4067.112694	4070.535548	4071.287798	4064.409784	4069.072374			1.0	2.0	0.0	3.0					
4073.09	19.085999999999785	trials	4.0	4087.8517460000003	4089.2869140000003	4091.6583800000003	4092.177692	4086.9046820000003	4090.720592			1.0	1.0	0.0	3.0					
4095.987	9.002999999999702	trials	4.0	4099.125	4100.202008	4102.300698	4102.699162	4098.241402000001	4101.593858			1.0	2.0	0.0	3.0					
4106.67	9.345000000000255	trials	4.0	4111.425246	4112.89332	4115.211834	4116.018144	4110.879066	4114.633538			1.0	1.0	0.0	3.0					
4118.58	9.210000000000036	trials	4.0	4123.885044000001	4125.005786	4127.204352	4127.793540000001	4122.981918	4126.53354			1.0	1.0	0.0	3.0					
4129.535	15.875	trials	4.0	4142.550134	4144.03707	4145.0098100000005	4145.4115360000005	4141.922418	4144.281414			1.0	1.0	0.0	3.0					
4148.365	7.440000000000509	trials	4.0	4151.853326	4153.916428	4155.478386	4155.73834	4151.035458	4154.27525			1.0	2.0	0.0	3.0					
4157.855	9.670000000000073	trials	4.0	4161.545026	4163.256684	4165.784104	4166.270906	4160.842552	4164.749498	4166.54	4167.525	1.0	2.0	1.0	1.0					
4170.545	6.260000000000218	trials	4.0	4172.660374	4174.312062	4176.251218	4176.807154	4171.86195	4175.226208			1.0	1.0	0.0	3.0					
4178.585	8.649999999999636	trials	4.0	4181.450608	4183.202398	4185.380608	4185.85097	4180.7049640000005	4184.27262	4186.165	4187.235	1.0	2.0	1.0	1.0					
4190.301	7.743999999999687	trials	4.0	4191.97687	4193.262508	4196.176302	4196.523408	4191.449658	4195.630462	4196.94	4198.045	1.0	2.0	1.0	1.0					
4201.11	8.050000000000182	trials	4.0	4203.276834	4204.924922	4208.675438	4209.136012	4202.471276	4205.627846			1.0	2.0	0.0	3.0					
4211.176	7.283999999999651	trials	4.0	4213.215578	4214.53815	4217.98693	4218.460828	4212.572448	4217.237838			1.0	1.0	0.0	3.0					
4222.33	10.346000000000458	trials	4.0	4227.478394	4228.901852	4230.73999	4231.163428	4226.961408	4230.282166	4231.426	4232.676	1.0	2.0	1.0	1.0					
4234.74	8.06500000000051	trials	4.0	4238.392564	4239.947866	4242.2368320000005	4242.80703	4237.706202	4241.621276			1.0	2.0	0.0	3.0					
4245.615	9.280999999999949	trials	4.0	4248.296644	4249.910658	4252.930868	4253.378734	4247.754514	4252.37915	4253.73	4254.896	1.0	2.0	1.0	1.0					
4256.963	7.947000000000116	trials	4.0	4260.166228	4261.846896	4264.380434	4264.914098	4259.502882	4263.807696			1.0	2.0	0.0	3.0					
4266.75	10.720999999999549	trials	4.0	4270.7763700000005	4271.86215	4275.614844	4276.072822	4270.2389220000005	4274.920588	4276.346	4277.471	1.0	2.0	1.0	1.0					
4281.49	10.914999999999964	trials	4.0	4284.09094	4285.657832	4288.2515920000005	4288.309614	4283.317776	4287.563706			1.0	2.0	0.0	3.0					
4292.596	6.6340000000000146	trials	4.0	4294.470682	4295.54308	4298.819386	4299.232828	4292.406086	4297.7794140000005			1.0	2.0	0.0	3.0					
4301.186	8.298999999999978	trials	4.0	4305.6161680000005	4306.92269			4305.07802	4307.381122			2.0		1.0	1.0					
4312.085	8.829999999999927	trials	4.0	4316.675612	4318.690592	4320.50381	4320.917834	4315.805112	4319.943114			1.0	1.0	0.0	3.0					
4323.879	9.751000000000204	trials	4.0	4327.345628	4328.897922			4326.356452	4329.892312	4331.695	4333.63	2.0		1.0	1.0					
4336.647	10.877999999999702	trials	4.0	4340.526436	4341.696276000001			4339.952884	4343.760204	4345.955	4347.525	2.0		1.0	1.0					
4350.586	8.873999999999796	trials	4.0	4352.276564	4353.6100160000005			4351.680774	4355.666112	4358.245	4359.46	2.0		1.0	1.0					
4361.48	10.775000000000546	trials	4.0	4364.157558	4365.6776820000005	4370.220552	4370.622218	4363.153888	4368.306408	4370.926	4372.255	1.0	2.0	1.0	1.0					
4376.27	9.80999999999949	trials	4.0	4378.040968	4379.6999940000005	4384.112896000001	4384.551142	4376.720102	4381.211028	4384.805	4386.08	1.0	2.0	1.0	1.0					
4389.14	7.640999999999622	trials	4.0	4391.23659	4392.863132			4390.324976	4394.58949			2.0		1.0	1.0					
4401.25	5.970999999999549	trials	4.0	4403.201812	4404.905534	4406.7177440000005	4407.22711	4401.312986	4405.933182			1.0	2.0	0.0	3.0					
4411.051	9.828999999999724	trials	4.0	4412.666164	4414.101266	4420.393218	4420.884324000001	4412.143694	4419.120554			1.0	1.0	0.0	3.0					
4424.725	8.019999999999527	trials	4.0	4427.531808	4428.745068			4426.881298	4429.2064	4431.07	4432.745	2.0		1.0	1.0					
4436.765	10.479999999999563	trials	4.0	4441.721072	4442.753036	4446.905772	4447.23423	4440.75936	4445.284378			1.0	1.0	0.0	3.0					
4450.255	5.489999999999782	trials	4.0	4451.901872	4453.813558	4455.172924	4455.746752	4450.74012	4454.645684			1.0	2.0	0.0	3.0					
4457.555	10.461999999999534	trials	4.0	4462.031876	4463.978518	4467.6649560000005	4467.991924	4461.432658	4465.917108			1.0	1.0	0.0	3.0					
4471.075	10.614999999999782	trials	4.0	4474.67165	4476.118136	4479.814278	4480.332542	4474.054418	4479.082972	4480.83	4481.69	1.0	2.0	1.0	1.0					
4484.752	5.572999999999411	trials	4.0	4486.997286	4488.264772			4486.224486	4488.254954			2.0		0.0	2.0					
4493.33	6.949999999999818	trials	4.0	4496.256434	4497.722504			4495.340732000001	4498.03802			2.0		1.0	1.0					
4503.855	8.340000000000146	trials	4.0	4505.978226	4507.89325	4511.653074	4512.198462	4505.418012	4509.883582			1.0	2.0	0.0	3.0					
4515.019	8.376000000000204	trials	4.0	4518.50205	4520.336202			4517.919568	4521.240214			2.0		1.0	1.0					
4525.93	9.581000000000131	trials	4.0	4528.917172	4530.0084400000005	4533.540586	4534.049028	4528.2328560000005	4532.591356	4534.41	4535.511	1.0	2.0	1.0	1.0					
4537.53	7.9350000000004	trials	4.0	4541.143568	4542.796956	4544.92475	4545.46875	4540.336708	4544.212662			1.0	2.0	0.0	3.0					
4549.261	7.043999999999869	trials	4.0	4552.092352	4553.270778	4555.733806	4556.311402	4551.510812	4554.986798			1.0	1.0	0.0	3.0					
4560.1	12.859999999999673	trials	4.0	4569.777202	4570.95413			4568.8483320000005	4570.94968			2.0		0.0	2.0					
4574.971	8.314000000000306	trials	4.0	4576.6038100000005	4578.038138	4582.09396	4583.2888060000005	4575.712756	4580.90819			1.0	2.0	0.0	3.0					
4584.48	28.541000000000167	trials	4.0	4608.662306	4609.8884960000005	4612.676222	4613.0240300000005	4607.659774	4612.02296			1.0	1.0	0.0	3.0					
4615.045	10.99499999999989	trials	4.0	4620.607618	4622.053728	4624.086002	4624.498984	4619.859	4623.489564	4624.775	4626.04	1.0	2.0	1.0	1.0					
4629.096	6.824000000000524	trials	4.0	4631.452224000001	4632.789168	4635.490156	4635.92357	4630.446176	4634.992944			1.0	2.0	0.0	3.0					
4638.85	8.0049999999992	trials	4.0	4642.966882000001	4644.230584	4646.51055	4646.857788	4642.296442	4645.9110980000005			1.0	1.0	0.0	3.0					
4648.881	18.589999999999236	trials	4.0	4664.387238	4665.409336000001			4663.551702	4665.403312			2.0		0.0	2.0					
4670.48	9.665000000000873	trials	4.0	4673.827858000001	4675.593854	4678.148768	4678.665344	4673.183432	4677.551908	4678.91	4680.145	1.0	2.0	1.0	1.0					
4684.21	5.4399999999996	trials	4.0	4685.858284	4687.135842	4689.172684	4689.656086	4684.871572	4688.543086			1.0	2.0	0.0	3.0					
4692.495	17.600000000000364	trials	4.0	4705.809274	4707.398098	4709.755682	4710.101720000001	4704.95975	4709.009234			1.0	2.0	0.0	3.0					
4714.09	13.234999999999673	trials	4.0	4721.9722	4723.739742	4725.417944	4725.8619	4721.449582	4724.78024	4726.065	4727.325	1.0	2.0	1.0	1.0					
4731.39	7.286000000000058	trials	4.0	4733.202632	4734.878802			4731.89374	4735.472678	4737.386	4738.676	2.0		1.0	1.0					
4742.715	7.71100000000024	trials	4.0	4744.5977	4746.484666	4748.5867880000005	4749.028544	4742.892472	4747.813168000001	4749.375	4750.426	1.0	2.0	1.0	1.0					
4752.47	9.989999999999782	trials	4.0	4755.72256	4756.998926	4761.95876	4762.4661320000005	4754.881578	4761.082478			1.0	2.0	0.0	3.0					
4766.3	8.984999999999673	trials	4.0	4768.67864	4770.043904	4773.261204	4773.772062	4767.977016	4772.6416500000005	4773.935	4775.285	1.0	2.0	1.0	1.0					
4777.35	9.229999999999563	trials	4.0	4780.2299	4781.66947	4784.65863	4785.145186	4779.68929	4784.09623	4785.58	4786.58	1.0	2.0	1.0	1.0					
4790.716	897.6389999999992	BlockDesign														1.0	351.0	425.0	90.0	50.0
4790.716	5.443999999999505	trials	5.0	4792.597470000001	4794.6637200000005	4795.693124	4796.030902	4790.210006	4795.03463			1.0	2.0	0.0	3.0					
4799.08	24.425000000000182	trials	5.0	4803.847662	4805.510532	4821.401682	4821.958026	4803.080258	4807.483618	4822.195	4823.505	1.0	1.0	1.0	1.0					
4827.525	5.975000000000364	trials	5.0	4829.278536	4830.9388500000005	4832.91765	4833.507292	4827.689432	4832.061766			1.0	2.0	0.0	3.0					
4837.35	6.079999999999927	trials	5.0	4839.00841	4840.109654			4837.458918	4841.354478			2.0		1.0	1.0					
4846.94	8.635000000000218	trials	5.0	4848.96293	4850.115232			4848.145402	4851.760072	4854.535	4854.835	2.0		1.0	1.0					
4859.646	7.467000000000553	trials	5.0	4861.84305	4863.312664	4866.668914	4867.120576	4860.359972	4864.936470000001			1.0	2.0	0.0	3.0					
4869.045	9.269999999999527	trials	5.0	4871.9801720000005	4873.430786			4871.0565560000005	4874.761182	4877.655	4877.955	2.0		1.0	1.0					
4881.455	12.215000000000146	trials	5.0	4883.133256	4884.455228	4888.6904	4889.111534	4881.675124	4885.5386020000005	4889.42	4890.455	1.0	2.0	1.0	1.0					
4894.475	8.960000000000036	trials	5.0	4896.315038	4898.017384	4901.744708	4901.9247940000005	4893.676678	4899.350466	4902.45	4903.435	1.0	2.0	1.0	1.0					
4906.506	10.589999999999236	trials	5.0	4908.218262	4909.3121	4915.370234	4915.712796	4907.45489	4913.753984	4916.165	4917.096	1.0	2.0	1.0	1.0					
4919.165	9.13000000000011	trials	5.0	4921.72322	4922.89209	4927.970296	4928.25273	4921.028748	4926.676154			1.0	2.0	0.0	3.0					
4931.305	10.944999999999709	trials	5.0	4938.649582	4940.250918			4937.657718	4940.2389220000005			1.0		0.0	2.0					
4944.271	9.069000000000415	trials	5.0	4946.033982	4947.716874			4945.242194	4948.148538			2.0		1.0	1.0					
4953.801	8.613999999999578	trials	5.0	4955.573806	4957.396628	4960.6054220000005	4961.089822	4953.34293	4959.120344	4961.405	4962.415	1.0	1.0	1.0	1.0					
4964.436	10.654000000000451	trials	5.0	4966.833738	4968.892598	4973.179036	4973.704592	4966.231606	4972.458022	4974.0	4975.09	1.0	1.0	1.0	1.0					
4977.15	19.970000000000255	trials	5.0	4979.46393	4981.205468	4995.508584	4995.938118	4978.517536	4982.33953	4996.36	4997.12	1.0	1.0	1.0	1.0					
4999.185	9.8799999999992	trials	5.0	5003.332606	5005.015008			5002.781454	5004.999558			2.0		0.0	2.0					
5010.07	6.425000000000182	trials	5.0	5012.178818	5013.361534	5016.139546	5016.501636	5009.070358	5013.35476			1.0		0.0	2.0					
5017.421	9.738999999999578	trials	5.0	5022.468554	5024.210746	5026.22258	5026.765294	5021.48118	5025.706182			1.0	2.0	0.0	3.0					
5028.5	12.574999999999818	trials	5.0	5036.45398	5038.39401	5040.420714	5041.081088	5035.568962	5039.319994			1.0	2.0	0.0	3.0					
5043.765	9.054999999999382	trials	5.0	5046.435674	5047.5141	5051.026628	5051.578166	5045.633044	5050.388462	5051.84	5052.82	1.0	1.0	1.0	1.0					
5055.84	10.21100000000024	trials	5.0	5057.8345580000005	5059.3496620000005			5057.059714	5060.739422000001	5062.801	5062.975	2.0		1.0	1.0					
5066.995	7.350999999999658	trials	5.0	5068.87438	5070.215812	5072.460758	5073.000282	5066.055088	5071.645506	5073.125	5074.346	1.0	1.0	1.0	1.0					
5076.396	13.548999999999978	trials	5.0	5079.339254	5081.271332	5084.059024	5084.55657	5078.736996	5083.070884	5084.73	5086.03	1.0	1.0	1.0	1.0					
5090.051	8.225999999999658	trials	5.0	5091.994438	5093.902222000001	5095.939426	5096.45781	5089.951584	5095.183618	5096.65	5098.277	1.0	1.0	1.0	1.0					
5102.34	8.71100000000024	trials	5.0	5104.021184	5105.20401	5109.4924040000005	5109.828024	5102.505688	5107.773172	5110.217	5111.051	1.0	2.0	1.0	1.0					
5113.115	7.730999999999767	trials	5.0	5115.4849	5117.023472	5120.308010000001	5120.848778	5114.7035	5119.185582			1.0	2.0	0.0	3.0					
5122.68	9.996000000000095	trials	5.0	5125.77504	5127.668006	5130.863418	5131.35952	5124.876946	5130.21704	5131.515	5132.676	1.0	1.0	1.0	1.0					
5134.695	12.555000000000291	trials	5.0	5137.469202	5138.711064	5141.751132	5142.209368	5136.90229	5141.085936	5142.565	5143.465	1.0	1.0	1.0	1.0					
5147.503	8.407000000000153	trials	5.0	5149.48106	5151.199024	5153.958198	5154.457184	5147.256224000001	5152.28789	5154.73	5155.91	1.0	1.0	1.0	1.0					
5158.975	5.858999999999469	trials	5.0	5160.6100480000005	5161.773558			5159.870422	5162.594546			2.0		1.0	1.0					
5168.301	8.148999999999432	trials	5.0	5169.981542	5171.321712	5174.188642	5174.612476	5168.430712	5172.772730000001			1.0	2.0	0.0	3.0					
5176.506	13.72399999999925	trials	5.0	5182.589816	5183.676588	5188.291408	5188.952888	5181.758278	5187.708116	5188.985	5190.23	1.0	1.0	1.0	1.0					
5193.315	8.280999999999949	trials	5.0	5195.695062	5197.329466	5199.697264	5200.182186	5194.769418	5198.827672	5200.455	5201.596	1.0	2.0	1.0	1.0					
5203.638	8.841999999999643	trials	5.0	5206.139796	5207.684276	5210.599376	5211.17903	5205.55304	5209.720438	5211.305	5212.48	1.0	1.0	1.0	1.0					
5215.495	11.00500000000011	trials	5.0	5217.410176	5219.4214680000005	5220.726142	5221.267122	5216.135272	5220.105468	5221.505	5222.67	1.0	1.0	1.0	1.0					
5226.745	5.100999999999658	trials	5.0	5228.745212	5229.84584	5230.560808	5231.218014	5226.505158	5229.835046			1.0		0.0	2.0					
5235.855	7.205000000000837	trials	5.0	5237.64633	5239.335338	5242.552794	5243.068034	5236.436166	5241.341824			1.0	2.0	0.0	3.0					
5246.91	7.940000000000509	trials	5.0	5248.856708	5250.13199			5247.965742	5250.127146			2.0		0.0	2.0					
5255.165	6.2150000000001455	trials	5.0	5257.22494	5258.50161	5259.479602	5260.058264	5254.858352	5258.935544	5260.136	5261.38	1.0	1.0	1.0	1.0					
5265.438	9.782999999999447	trials	5.0	5267.235514	5268.580246	5269.49333	5270.009728	5265.40209	5268.963858	5270.21	5271.79	1.0	1.0	1.0	1.0					
5275.905	5.914999999999964	trials	5.0	5277.455752	5278.610888	5279.551974	5280.09549	5275.227744	5279.02769	5280.18	5281.82	1.0	1.0	1.0	1.0					
5284.845	4.706000000000131	trials	5.0	5286.930082	5288.0725	5289.0994	5289.554946	5286.272368	5288.435460000001			1.0	1.0	0.0	3.0					
5292.445	17.345000000000255	trials	5.0	5304.210046	5305.78691	5307.85895	5308.369604	5303.295204	5307.240256	5308.575	5309.79	1.0	2.0	1.0	1.0					
5313.811	7.584000000000742	trials	5.0	5315.695658000001	5317.612454	5319.346044	5319.773762	5314.773354	5318.695644	5320.136	5321.395	1.0	2.0	1.0	1.0					
5323.476	14.173999999999978	trials	5.0	5328.23225	5330.282392			5327.270522	5330.92086	5332.63	5334.65	2.0		1.0	1.0					
5337.695	7.055000000000291	trials	5.0	5339.330628	5341.18872	5342.583292	5343.155502	5337.657484	5341.73328	5343.295	5344.75	1.0	1.0	1.0	1.0					
5346.77	7.224999999999454	trials	5.0	5349.441104	5350.847154			5348.62358	5350.840142			2.0		0.0	2.0					
5354.855	7.855000000000473	trials	5.0	5356.750494	5358.571576			5354.002612	5359.64143	5361.525	5362.71	2.0		1.0	1.0					
5365.732	8.368000000000393	trials	5.0	5367.680276	5369.317538	5373.632572	5374.105802	5365.832174	5370.640448			1.0	2.0	0.0	3.0					
5375.992	9.26299999999992	trials	5.0	5378.675316	5380.216474			5377.931078	5382.009834	5384.426	5385.255	2.0		1.0	1.0					
5389.29	8.0	trials	5.0	5391.135296	5392.914618	5395.067484	5395.62023	5389.992242	5393.959872	5395.825	5397.29	1.0	1.0	1.0	1.0					
5400.406	9.923999999999978	trials	5.0	5402.20084	5403.978308	5408.7252260000005	5409.05433	5401.45277	5405.747038	5409.5	5410.33	1.0	2.0	1.0	1.0					
5413.381	9.983999999999469	trials	5.0	5417.170844	5418.734826			5416.300662	5420.169022	5421.985	5423.365	2.0		1.0	1.0					
5425.426	11.28399999999965	trials	5.0	5427.545816	5428.762206	5434.516736	5435.099988	5426.91378	5432.764144000001	5435.23	5436.71	1.0	1.0	1.0	1.0					
5439.803	8.572000000000116	trials	5.0	5441.630594	5443.062106	5446.465816	5447.0043000000005	5440.375394000001	5445.575428	5447.21	5448.375	1.0	1.0	1.0	1.0					
5452.445	10.645000000000437	trials	5.0	5454.38078	5455.475822			5453.08385	5457.200028			2.0		1.0	1.0					
5463.785	9.029999999999745	trials	5.0	5465.736342	5467.57926	5470.9086480000005	5471.416602	5463.095488	5469.62019	5471.676	5472.815	1.0	1.0	1.0	1.0					
5474.835	10.670000000000073	trials	5.0	5476.890776	5477.939264000001	5483.64146	5484.099862	5476.296996	5481.25318	5484.325	5485.505	1.0	1.0	1.0	1.0					
5488.525	10.5	trials	5.0	5490.100852	5491.672368	5497.0014200000005	5497.560192	5489.3103360000005	5495.820858	5497.755	5499.025	1.0	1.0	1.0	1.0					
5501.126	11.793999999999869	trials	5.0	5503.461038	5505.367928			5502.7364720000005	5507.043452			2.0		1.0	1.0					
5513.246	7.988999999999578	trials	5.0	5514.975798	5516.821084			5512.929714	5517.99657	5520.275	5521.235	2.0		1.0	1.0					
5523.317	11.069000000000415	trials	5.0	5525.0313160000005	5526.71603	5532.610034	5532.886722	5524.163042	5530.54315	5533.37	5534.386	1.0	1.0	1.0	1.0					
5538.405	20.125	trials	5.0	5540.036278	5541.392914	5556.60807	5557.147044	5539.160458	5543.856326			1.0	2.0	0.0	3.0					
5558.945	12.965000000000146	trials	5.0	5564.91637	5566.069828	5570.057318	5570.5472580000005	5564.066828	5567.706354	5570.715	5571.91	1.0	1.0	1.0	1.0					
5575.93	9.38000000000011	trials	5.0	5577.51617	5579.06563			5576.385814	5579.586376			2.0		1.0	1.0					
5585.85	7.479999999999563	trials	5.0	5587.608054	5588.98073	5591.52577	5592.065628	5585.318504	5590.289024	5592.35	5593.33	1.0	1.0	1.0	1.0					
5595.347	9.248999999999796	trials	5.0	5597.176474	5599.0576980000005	5602.880998000001	5603.354134	5596.28254	5602.09129	5603.575	5604.596	1.0	1.0	1.0	1.0					
5606.621	8.689000000000306	trials	5.0	5609.497392	5610.873358	5614.517858	5615.161474	5608.93288	5613.902288			1.0	1.0	0.0	3.0					
5618.32	10.555000000000291	trials	5.0	5620.608366	5622.547748	5626.787672	5627.292366	5619.651498	5625.364878	5627.645	5628.875	1.0	2.0	1.0	1.0					
5632.63	6.654999999999745	trials	5.0	5634.16188	5635.227510000001			5633.028164	5637.003234			2.0		1.0	1.0					
5642.805	7.996000000000095	trials	5.0	5644.351168	5645.553362000001	5648.768844	5649.382662	5642.876178	5648.026598	5649.455	5650.801	1.0	1.0	1.0	1.0					
5654.85	10.5049999999992	trials	5.0	5657.947552	5659.189992	5663.33542	5663.7413400000005	5657.353172	5662.348956	5663.963	5665.355	1.0	1.0	1.0	1.0					
5667.46	9.319999999999709	trials	5.0	5670.006582	5671.053878000001	5675.0326000000005	5675.509396	5669.161744	5674.385846	5675.73	5676.78	1.0	1.0	1.0	1.0					
5678.805	9.549999999999272	trials	5.0	5681.898624	5683.458584	5685.15658	5685.79187	5680.938134	5684.330514	5685.94	5688.355	1.0	1.0	1.0	1.0					
5692.432	886.0079999999998	BlockDesign														1.0	426.0	496.0	50.0	90.0
5692.432	9.748000000000502	trials	6.0	5695.077216	5696.45112			5694.208132	5696.915382			2.0		1.0	1.0					
5703.485	10.985999999999876	trials	6.0	5709.987196	5711.10163	5714.011856	5714.479842000001	5709.0501380000005	5712.839402			1.0	1.0	0.0	3.0					
5718.356	9.679000000000087	trials	6.0	5721.94265	5723.793858	5726.219676000001	5726.67672	5721.1124500000005	5724.136818	5726.895	5728.035	1.0	1.0	1.0	1.0					
5732.11	25.664999999999964	trials	6.0	5752.96237	5754.239496	5755.685722	5756.20272	5752.25267	5755.108568	5756.33	5757.775	1.0	1.0	1.0	1.0					
5759.845	9.541000000000167	trials	6.0	5764.03725	5765.650346	5767.50261	5767.935092	5763.397356	5766.418496	5768.176	5769.386	1.0	2.0	1.0	1.0					
5772.455	13.090000000000146	trials	6.0	5779.563924	5780.739522			5778.737142	5780.735418			1.0		0.0	2.0					
5785.832	7.444999999999709	trials	6.0	5787.94778	5789.909164000001	5791.296024	5791.873534	5785.553682	5790.748186	5792.0	5793.277	1.0	2.0	1.0	1.0					
5795.345	9.675000000000182	trials	6.0	5798.317658	5799.557814	5802.742722	5803.283414	5797.558026000001	5801.877484000001	5803.565	5805.02	1.0	2.0	1.0	1.0					
5808.106	5.239999999999782	trials	6.0	5809.74296	5810.918824	5812.81272	5813.354066	5808.654718	5811.76372			1.0	1.0	0.0	3.0					
5817.18	6.040999999999258	trials	6.0	5818.84725	5820.66469	5822.714372	5823.230462	5817.988564	5822.11267			1.0	2.0	0.0	3.0					
5825.035	8.230000000000473	trials	6.0	5829.274348	5830.679106	5832.785606	5833.274028	5828.58893	5832.20894			1.0	1.0	0.0	3.0					
5836.11	10.98700000000008	trials	6.0	5840.939238	5842.258964000001	5845.148668	5845.602692	5840.336252	5844.602348	5845.92	5847.097	1.0	2.0	1.0	1.0					
5851.15	11.449000000000524	trials	6.0	5858.149406	5859.99966			5857.331064	5860.323544			2.0		1.0	1.0					
5865.085	7.801000000000386	trials	6.0	5867.377694	5869.334258			5866.775276	5870.639142	5872.57	5872.58	2.0		1.0	1.0					
5875.43	21.375	trials	6.0	5878.287896	5879.39325	5894.911698	5895.254164	5877.65408	5881.932104	5895.745	5896.805	1.0	1.0	1.0	1.0					
5899.825	10.88299999999981	trials	6.0	5902.189436000001	5903.239832			5901.621586	5904.573026			2.0		1.0	1.0					
5911.37	6.891000000000531	trials	6.0	5913.311026	5915.034792	5916.352278	5916.848822	5910.715736	5915.441474	5917.145	5918.261	1.0	1.0	1.0	1.0					
5920.28	11.731000000000677	trials	6.0	5924.653496	5925.907248	5930.132192	5930.527546	5923.772118	5929.378802	5930.815	5932.011	1.0	2.0	1.0	1.0					
5935.08	7.971000000000458	trials	6.0	5937.198254	5938.628314	5941.2189	5941.686112	5936.312910000001	5940.489076	5942.025	5943.051	1.0	2.0	1.0	1.0					
5945.066	9.070000000000618	trials	6.0	5947.984622	5949.695292	5952.0932680000005	5952.560822	5947.269044000001	5951.59557	5952.825	5954.136	1.0	2.0	1.0	1.0					
5958.195	5.925000000000182	trials	6.0	5960.14969	5961.704444	5963.729904	5964.131736	5958.265406	5962.89842			1.0	1.0	0.0	3.0					
5967.105	9.145000000000437	trials	6.0	5969.083354	5970.4499080000005			5967.952262	5972.781942	5974.64	5976.25	2.0		1.0	1.0					
5979.282	7.377999999999702	trials	6.0	5980.913262	5982.49533	5986.08414	5986.671386	5979.65261	5985.28406			1.0	2.0	0.0	3.0					
5988.515	32.8149999999996	trials	6.0	6016.63833	6017.945462	6019.575102	6019.97948	6016.021874	6018.6089360000005	6020.33	6021.33	1.0	2.0	1.0	1.0					
6023.395	10.107999999999265	trials	6.0	6025.818936	6026.949968			6025.060892	6028.285038	6032.39	6032.721	2.0		1.0	1.0					
6033.975	5.995999999999185	trials	6.0	6035.52468	6036.901608	6038.296078	6038.633558	6033.511102	6037.521446000001	6039.115	6039.971	1.0	2.0	1.0	1.0					
6043.025	17.725000000000364	trials	6.0	6044.885066	6046.381238	6058.793156	6058.799596	6043.390256000001	6047.123294	6059.485	6060.75	1.0	1.0	1.0	1.0					
6062.813	8.412000000000262	trials	6.0	6066.109904	6067.960144000001	6069.443966	6069.892872	6065.449948	6068.7149660000005	6070.136	6071.225	1.0	2.0	1.0	1.0					
6073.3	10.260000000000218	trials	6.0	6076.088318	6077.157904	6081.83139	6082.222254	6075.237598	6080.0825	6082.511	6083.56	1.0	2.0	1.0	1.0					
6085.626	9.068999999999505	trials	6.0	6087.98515	6089.609518	6092.735622	6093.334068	6087.319346	6091.8174500000005	6093.535	6094.695	1.0	2.0	1.0	1.0					
6098.736	21.009000000000015	trials	6.0	6105.403894	6107.476242000001	6117.6943440000005	6118.2091	6104.728596	6108.810822	6118.445	6119.745	1.0	2.0	1.0	1.0					
6121.765	6.444999999999709	trials	6.0	6123.775114	6125.545436	6127.779748	6128.221806	6123.200334	6127.163062			1.0	1.0	0.0	3.0					
6130.145	8.11999999999989	trials	6.0	6132.728686	6134.7882119999995	6136.195798000001	6136.707248000001	6131.996244	6135.615914	6137.03	6138.265	1.0	2.0	1.0	1.0					
6142.285	6.368000000000393	trials	6.0	6143.848642	6145.841476			6142.899958	6146.514548	6148.36	6148.596	2.0		1.0	1.0					
6151.185	9.224999999999454	trials	6.0	6153.884634	6155.799412	6159.961376	6160.422216	6153.301324	6159.1563160000005			1.0	2.0	0.0	3.0					
6163.29	10.61999999999989	trials	6.0	6165.5343680000005	6166.629204000001	6171.938322	6172.450762	6164.891456	6170.32489	6172.66	6173.91	1.0	1.0	1.0	1.0					
6177.928	8.016999999999825	trials	6.0	6179.503984	6180.635686	6183.845450000001	6184.366784	6178.808772	6182.67303	6184.525	6185.945	1.0	1.0	1.0	1.0					
6189.005	7.529999999999745	trials	6.0	6191.263878	6193.1211299999995			6189.895402	6194.263294	6196.105	6196.535	2.0		1.0	1.0					
6199.583	9.88799999999992	trials	6.0	6201.315392	6202.848988	6207.4279559999995	6207.89455	6199.983328	6206.711636	6208.176	6209.471	1.0	1.0	1.0	1.0					
6211.497	10.542999999999665	trials	6.0	6213.565854	6215.152704	6220.163692	6220.694732	6212.67953	6217.784390000001	6220.92	6222.04	1.0	2.0	1.0	1.0					
6225.097	10.648000000000138	trials	6.0	6227.15966	6228.73905			6226.531178	6230.640498000001			2.0		1.0	1.0					
6237.271	9.699999999999818	trials	6.0	6239.324558	6241.175658	6242.994096	6243.288248000001	6235.754058	6241.736356			1.0	1.0	0.0	3.0					
6247.31	8.615999999999985	trials	6.0	6248.915300000001	6250.59585	6253.743274	6254.3405	6246.984428	6252.408348	6254.535	6255.926	1.0	2.0	1.0	1.0					
6258.989	9.266000000000531	trials	6.0	6261.315936	6263.022378	6266.496008	6266.886948	6260.174548	6265.854012	6267.2	6268.255	1.0	1.0	1.0	1.0					
6272.275	14.02600000000075	trials	6.0	6273.969392	6275.176106	6281.006918	6281.387252	6273.04515	6277.608424	6281.755	6283.2	1.0	2.0	1.0	1.0					
6287.261	5.963999999999942	trials	6.0	6289.269026	6290.668552	6292.776980000001	6293.236986	6286.308872	6292.093508			1.0	1.0	0.0	3.0					
6296.145	6.669999999999163	trials	6.0	6297.909766000001	6299.496452	6301.1144380000005	6301.524826000001	6296.856944	6300.144636	6301.795	6302.815	1.0	2.0	1.0	1.0					
6305.881	7.66399999999976	trials	6.0	6307.8749800000005	6308.98756			6307.135438	6311.154338			2.0		1.0	1.0					
6316.15	11.445999999999913	trials	6.0	6317.924258	6319.741668000001	6322.828382	6323.207036	6316.178826	6321.564748000001	6323.676	6324.61	1.0	2.0	1.0	1.0					
6328.715	6.5	trials	6.0	6330.244624	6331.7180100000005			6327.609222	6332.552666			2.0		1.0	1.0					
6337.79	8.221000000000458	trials	6.0	6339.749756	6340.86276	6344.125094	6344.482526	6338.268914	6342.815974	6344.985	6346.011	1.0	2.0	1.0	1.0					
6349.03	12.27100000000064	trials	6.0	6350.825012	6352.703316			6349.290468	6355.44087	6357.21	6357.785	2.0		1.0	1.0					
6361.846	7.264000000000124	trials	6.0	6363.6113000000005	6364.98783			6361.309638000001	6366.2788	6368.74	6369.11	2.0		1.0	1.0					
6371.16	9.739999999999782	trials	6.0	6373.074866	6374.769668	6379.033726	6379.364532	6372.5025239999995	6377.795562	6379.695	6380.9	1.0	2.0	1.0	1.0					
6383.965	10.375	trials	6.0	6385.894724	6387.05141	6392.337814	6392.74811	6384.689249999999	6389.5629819999995	6393.025	6394.34	1.0	2.0	1.0	1.0					
6397.401	13.150000000000546	trials	6.0	6399.0195779999995	6400.216420000001			6398.377304	6404.232576			2.0		1.0	1.0					
6411.549	8.67199999999957	trials	6.0	6413.209790000001	6414.716182	6417.93766	6418.406588	6410.562260000001	6416.290272	6418.79	6420.221	1.0	2.0	1.0	1.0					
6422.035	11.868000000000393	trials	6.0	6425.090386	6426.2154900000005			6424.521376000001	6428.2725900000005			2.0		1.0	1.0					
6435.066	5.574000000000524	trials	6.0	6436.901528	6438.201874	6440.109822	6440.6513319999995	6433.915828	6439.364436			1.0	2.0	0.0	3.0					
6442.46	9.5649999999996	trials	6.0	6445.139618	6446.246864000001	6451.295082000001	6452.038812000001	6444.159648000001	6450.5669419999995			1.0	1.0	0.0	3.0					
6453.62	9.400000000000546	trials	6.0	6457.144765999999	6459.051748	6460.800106000001	6461.217568	6456.309402000001	6460.268722000001	6461.471	6463.02	1.0	2.0	1.0	1.0					
6467.055	15.246000000000095	trials	6.0	6468.660506	6470.516662	6480.306176	6480.879924000001	6467.132286	6471.598948000001	6481.03	6482.301	1.0	2.0	1.0	1.0					
6484.366	9.128999999999905	trials	6.0	6486.825682000001	6488.69427	6491.621442	6491.882536	6486.023188	6490.389886	6492.275	6493.495	1.0	2.0	1.0	1.0					
6496.515	11.489999999999782	trials	6.0	6498.660682	6499.958816	6502.215918	6502.654668	6497.729138000001	6501.622524	6502.945	6504.18	1.0	2.0	1.0	1.0					
6508.242	8.32799999999952	trials	6.0	6510.253626	6511.4089779999995	6514.985754	6515.330522	6508.018956	6513.877126	6515.69	6516.57	1.0	1.0	1.0	1.0					
6520.587	9.032999999999447	trials	6.0	6522.310424	6524.122234	6525.759690000001	6526.259246	6521.266614	6524.8795			1.0	1.0	0.0	3.0					
6530.09	5.664999999999964	trials	6.0	6532.055372000001	6533.254162			6529.63358	6533.696758			2.0		1.0	1.0					
6538.29	5.755000000000109	trials	6.0	6539.901836	6541.300626	6543.587144	6544.0573380000005	6538.991330000001	6543.040336			1.0	2.0	0.0	3.0					
6545.91	9.409999999999854	trials	6.0	6548.666198	6549.792262	6553.5323659999995	6554.021248	6547.688604	6552.921146000001	6554.225	6555.32	1.0	2.0	1.0	1.0					
6558.381	8.523999999999432	trials	6.0	6560.350102	6562.1674299999995	6564.48942	6565.11132	6559.780718	6563.9346000000005	6565.28	6566.905	1.0	2.0	1.0	1.0					
6569.926	8.513999999999214	trials	6.0	6571.965924	6573.529098	6576.342774000001	6576.872322	6570.572994	6575.645826	6577.07	6578.44	1.0	2.0	1.0	1.0					
6582.505	2021.9900000000007	BlockDesign														1.0	497.0	649.0	50.0	10.0
6582.505	10.039999999999964	trials	7.0	6586.925732	6588.392142000001	6590.664140000001	6591.123238	6586.142258	6590.004836	6591.45	6592.545	1.0	1.0	1.0	1.0					
6595.582	7.537999999999556	trials	7.0	6597.277376	6599.040282			6596.528906	6600.90926			2.0		1.0	1.0					
6605.585	11.86999999999989	trials	7.0	6607.35046	6609.115828	6613.358346	6613.747336	6605.823630000001	6610.72876			1.0	2.0	0.0	3.0					
6617.69	8.280999999999949	trials	7.0	6619.421122	6621.286022	6624.211212	6624.6374319999995	6617.465378000001	6622.983268			1.0	2.0	0.0	3.0					
6628.585	7.079999999999927	trials	7.0	6632.0156640000005	6633.256634	6635.086908	6635.676266	6631.2717	6634.423178			1.0	2.0	0.0	3.0					
6638.401	22.498999999999796	trials	7.0	6655.698956	6657.54832			6654.975326	6657.537270000001			2.0		0.0	2.0					
6662.555	6.206000000000131	trials	7.0	6664.455968	6665.879546	6668.272466	6668.770188	6660.911404	6666.846242			1.0	1.0	0.0	3.0					
6671.61	6.635000000000218	trials	7.0	6673.550878	6675.413498	6677.826086	6678.257482	6672.926878	6676.423654			1.0	1.0	0.0	3.0					
6681.16	7.176000000000386	trials	7.0	6684.975604	6686.2785779999995	6688.015794	6688.179778	6684.190812000001	6687.437366			1.0	2.0	0.0	3.0					
6690.379	29.435999999999694	trials	7.0	6692.23057	6693.367738	6716.248926	6716.599386	6691.704018	6696.1883880000005			1.0	2.0	0.0	3.0					
6720.562	5.318000000000211	trials	7.0	6722.340954	6723.888158	6724.702482000001	6724.82239	6719.827496	6723.873304000001			1.0		0.0	2.0					
6727.938	27.30699999999979	trials	7.0	6751.921478	6753.558784000001	6754.618804	6755.2580259999995	6751.053684	6754.148272			1.0	1.0	0.0	3.0					
6758.99	11.489999999999782	trials	7.0	6765.987730000001	6767.671296	6770.095646	6770.4951679999995	6765.212094	6768.69679			1.0	2.0	0.0	3.0					
6773.405	29.985000000000582	trials	7.0	6799.341736	6800.490716	6803.07273	6803.3075260000005	6798.37328	6801.421394			1.0	2.0	0.0	3.0					
6805.4	12.585000000000036	trials	7.0	6814.516276	6815.7414420000005	6817.66529	6817.9453300000005	6813.5719	6816.59796			1.0	1.0	0.0	3.0					
6819.995	13.115999999999985	trials	7.0	6825.077456	6826.729508			6824.315222	6827.02609			2.0		1.0	1.0					
6833.79	7.404999999999745	trials	7.0	6835.563308000001	6836.712834			6833.1257239999995	6838.136640000001	6839.965	6841.195	2.0		1.0	1.0					
6844.215	7.454999999999927	trials	7.0	6846.537794	6848.2684	6851.286724	6851.6813600000005	6845.562212000001	6850.547346			1.0	2.0	0.0	3.0					
6853.605	11.430000000000291	trials	7.0	6856.97156	6858.489724	6864.444084000001	6865.050266	6856.265522	6862.974522			1.0	1.0	0.0	3.0					
6868.801	10.960000000000036	trials	7.0	6875.251998	6876.949026			6874.260888000001	6877.504440000001			2.0		1.0	1.0					
6882.235	9.936000000000604	trials	7.0	6886.15324	6887.383928	6891.859682	6892.1706699999995	6885.358454	6891.031196			1.0	2.0	0.0	3.0					
6895.185	11.375	trials	7.0	6898.092034	6899.226804	6904.392852	6904.8902180000005	6897.290896	6903.389432	6905.125	6906.56	1.0	1.0	1.0	1.0					
6910.353	16.876999999999498	trials	7.0	6912.193356	6913.837324	6926.727510000001	6927.246158	6910.829066	6915.2203			1.0	2.0	0.0	3.0					
6929.051	9.828999999999724	trials	7.0	6930.9365720000005	6932.316148	6937.130392	6937.78423	6930.171744	6935.656368			1.0	2.0	0.0	3.0					
6939.5	5.095000000000255	trials	7.0	6941.512028	6942.539158			6938.892942	6942.535822			2.0		0.0	2.0					
6947.605	9.580000000000837	trials	7.0	6949.943524	6951.607398	6956.623104	6957.20196	6949.335694	6953.281682000001			1.0	2.0	0.0	3.0					
6960.94	9.4350000000004	trials	7.0	6962.467298	6964.53566	6969.786976	6970.390064	6961.823474000001	6968.264732			1.0	1.0	0.0	3.0					
6972.14	17.299999999999272	trials	7.0	6979.703072	6981.638594	6988.849492	6989.45587	6978.900250000001	6983.681006000001			1.0	2.0	0.0	3.0					
6992.165	11.125	trials	7.0	6996.6070039999995	6998.051884	7002.780394	7003.30192	6995.816604	7002.0998039999995			1.0	1.0	0.0	3.0					
7006.113	12.782000000000153	trials	7.0	7010.757238	7012.31892	7016.9371599999995	7017.3734939999995	7009.929502	7014.9679940000005	7017.551	7018.895	1.0	2.0	1.0	1.0					
7020.92	10.019999999999527	trials	7.0	7024.047408	7025.58466	7030.491048	7030.955642	7023.37852	7028.2148099999995			1.0	1.0	0.0	3.0					
7034.861	7.4340000000001965	trials	7.0	7038.819214	7040.3008740000005	7041.643704	7041.770674	7038.2999899999995	7040.296288			1.0		0.0	2.0					
7045.305	14.159999999999854	trials	7.0	7053.647744	7055.574786			7052.750550000001	7056.578776	7058.56	7059.465	2.0		1.0	1.0					
7062.493	12.071999999999207	trials	7.0	7064.507634	7065.679156	7070.2575	7070.733208	7063.456522	7068.0719260000005			1.0	1.0	0.0	3.0					
7075.086	5.408999999999651	trials	7.0	7076.632756	7077.937534000001	7080.035558	7080.508330000001	7074.578112	7079.364504			1.0	2.0	0.0	3.0					
7082.35	14.701000000000022	trials	7.0	7091.312304	7092.8274280000005			7090.788702	7094.36097	7096.346	7097.051	2.0		1.0	1.0					
7100.075	7.904999999999745	trials	7.0	7101.647634	7103.340572	7107.438252	7107.995372	7101.1420419999995	7106.61966			1.0	1.0	0.0	3.0					
7111.775	9.63000000000011	trials	7.0	7114.682538	7116.608316			7113.740638	7117.852928	7119.435	7121.405	2.0		1.0	1.0					
7123.422	12.268000000000029	trials	7.0	7125.7979940000005	7127.62888	7135.191774	7135.705194	7124.96222	7131.801452			1.0	2.0	0.0	3.0					
7137.5	9.164999999999964	trials	7.0	7139.293226	7141.155634000001	7144.929448000001	7145.379556	7138.326214000001	7143.487426	7145.7	7146.665	1.0	1.0	1.0	1.0					
7150.69	8.805000000000291	trials	7.0	7153.16318	7154.8434560000005			7152.330186	7156.3802319999995			2.0		1.0	1.0					
7161.93	13.034999999999854	trials	7.0	7163.938284	7165.414842	7174.517044	7174.97853	7162.977298	7167.82347			1.0	2.0	0.0	3.0					
7176.895	12.3149999999996	trials	7.0	7183.253794	7185.229654000001	7188.789554	7189.224392	7182.477924000001	7186.93829			1.0	1.0	0.0	3.0					
7192.105	9.196000000000822	trials	7.0	7194.558084	7196.612016	7200.1231800000005	7201.318272	7194.000222000001	7198.925184			1.0	2.0	0.0	3.0					
7203.445	13.070000000000618	trials	7.0	7207.208632	7208.657378	7214.690072	7215.206784	7206.233596	7213.410052	7215.325	7216.515	1.0	1.0	1.0	1.0					
7218.577	7.805999999999585	trials	7.0	7221.905066	7223.84016			7220.972884000001	7224.2189180000005			2.0		1.0	1.0					
7229.92	17.198999999999614	trials	7.0	7231.85364	7233.7814020000005	7246.749608	7247.1282360000005	7229.980064	7235.3955559999995			1.0	2.0	0.0	3.0					
7251.06	15.9399999999996	trials	7.0	7256.828792	7258.002254	7264.021108	7264.415788	7256.094738	7262.530516000001			1.0	1.0	0.0	3.0					
7267.378	6.9320000000006985	trials	7.0	7269.263784000001	7270.265898			7267.015932	7270.253416			2.0		0.0	2.0					
7276.27	7.0649999999996	trials	7.0	7277.834608	7278.67546			7274.32707	7278.670262			1.0		0.0	2.0					
7284.73	4.175000000000182	trials	7.0	7286.513666000001	7286.855292	7287.463418	7287.775302	7283.348484	7286.848224			1.0		0.0	2.0					
7290.915	8.4399999999996	trials	7.0	7294.123736	7295.475172	7298.965894	7299.372612	7293.42439	7297.2329740000005			1.0	2.0	0.0	3.0					
7302.275	13.395000000000437	trials	7.0	7306.32926	7308.141354			7305.643966	7308.312202	7310.65	7311.915	2.0		1.0	1.0					
7315.935	23.344999999999345	trials	7.0	7317.803576	7319.400232	7336.396205999999	7336.8229599999995	7315.685254	7320.258974			1.0	2.0	0.0	3.0					
7340.707	8.018000000000029	trials	7.0	7342.523586	7344.3753959999995			7339.295398	7344.360756			2.0		0.0	2.0					
7349.375	6.2960000000002765	trials	7.0	7351.5707999999995	7352.56069	7355.231178	7355.684450000001	7348.740922	7352.558082			1.0		0.0	2.0					
7356.613	12.407000000000153	trials	7.0	7362.874352000001	7364.290948	7368.335950000001	7369.03712	7362.283004	7367.461678			1.0	2.0	0.0	3.0					
7372.697	14.877999999999702	trials	7.0	7382.604020000001	7383.709368	7385.8074240000005	7386.285578	7381.676814	7384.968374	7386.56	7387.575	1.0	1.0	1.0	1.0					
7389.636	10.933999999999287	trials	7.0	7393.303856	7394.725464	7400.179264	7400.58858	7392.395598	7398.338452			1.0	2.0	0.0	3.0					
7404.544	11.865999999999985	trials	7.0	7407.204534	7408.26583	7414.551106	7414.981384000001	7406.316736000001	7411.381600000001	7415.325	7416.41	1.0	1.0	1.0	1.0					
7418.43	10.5649999999996	trials	7.0	7423.164664	7424.5806	7428.139274	7428.681141999999	7422.217928	7427.092772			1.0	1.0	0.0	3.0					
7432.005	9.085000000000036	trials	7.0	7436.814163999999	7438.6976460000005	7440.578890000001	7441.105162	7435.999334	7439.90485			1.0	2.0	0.0	3.0					
7442.886	11.608999999999469	trials	7.0	7448.359494	7450.230962	7454.102432	7454.513440000001	7447.620706	7452.514206			1.0	2.0	0.0	3.0					
7456.455	12.662000000000262	trials	7.0	7461.7811839999995	7462.971116000001	7467.213956	7467.7107639999995	7460.786374	7466.635362	7467.98	7469.117	1.0	1.0	1.0	1.0					
7473.175	8.204999999999927	trials	7.0	7476.358918	7477.5865300000005			7475.45808	7478.95204			2.0		1.0	1.0					
7484.94	9.850000000000364	trials	7.0	7487.264488000001	7488.525834	7492.91852	7493.432855999999	7486.509316	7492.100876	7493.6	7494.79	1.0	1.0	1.0	1.0					
7498.825	9.851000000000568	trials	7.0	7501.224582000001	7503.020938	7506.492276	7507.025182	7500.417506	7505.509358	7507.16	7508.676	1.0	1.0	1.0	1.0					
7510.57	11.454999999999927	trials	7.0	7513.549542000001	7514.787396	7519.9352180000005	7520.423106	7512.944374000001	7518.183284000001	7520.68	7522.025	1.0	1.0	1.0	1.0					
7526.088	10.231999999999971	trials	7.0	7527.914958	7529.493428	7534.547786	7534.914004	7526.67252	7532.187498	7535.221	7536.32	1.0	2.0	1.0	1.0					
7539.34	7.769999999999527	trials	7.0	7541.664856	7543.217402	7546.541886	7547.129194	7540.9213660000005	7545.564612			1.0	1.0	0.0	3.0					
7549.896	7.400000000000546	trials	7.0	7553.071462	7554.77147			7552.219776	7555.234638			2.0		1.0	1.0					
7559.865	8.534999999999854	trials	7.0	7562.984852	7564.186444			7562.46256	7565.32394	7567.07	7568.4	2.0		1.0	1.0					
7572.43	8.46099999999933	trials	7.0	7574.68996	7576.006588	7580.5899580000005	7580.9094079999995	7574.15732	7577.801252			1.0	1.0	0.0	3.0					
7583.907	8.587999999999738	trials	7.0	7586.3496780000005	7588.1333159999995	7591.910838	7592.512642	7585.705252	7591.041956			1.0	1.0	0.0	3.0					
7594.231	10.399000000000342	trials	7.0	7599.0501380000005	7600.273988	7603.995142	7604.363886	7598.304972	7602.561009999999			1.0	1.0	0.0	3.0					
7607.64	8.859999999999673	trials	7.0	7609.8952819999995	7610.997112	7615.898174	7616.51856	7609.166238	7614.443612			1.0	2.0	0.0	3.0					
7619.221	8.10400000000027	trials	7.0	7623.270406	7624.471766000001			7622.712714	7625.251192			2.0		1.0	1.0					
7629.9	13.19000000000051	trials	7.0	7635.37542	7637.368276	7641.316792	7641.808828	7634.698324	7639.982526	7642.04	7643.09	1.0	1.0	1.0	1.0					
7647.105	16.325000000000728	trials	7.0	7649.635216000001	7651.079722	7662.849966	7663.449396	7648.768348	7654.65907			1.0	1.0	0.0	3.0					
7666.183	11.447000000000116	trials	7.0	7670.951106	7672.707396	7677.173984	7677.646014	7670.073334000001	7676.141766000001			1.0	2.0	0.0	3.0					
7680.485	11.730000000000473	trials	7.0	7684.366996000001	7685.88806	7690.29043	7690.899432	7683.797564	7688.695082	7690.89	7692.215	1.0	1.0	1.0	1.0					
7696.236	19.899000000000342	trials	7.0	7698.390776	7699.598118	7715.8020799999995	7716.154628	7697.754274	7704.378942			1.0	2.0	0.0	3.0					
7720.174	9.291000000000167	trials	7.0	7722.785916000001	7724.337518	7728.4102459999995	7728.981127999999	7721.8433700000005	7726.52989			1.0	1.0	1.0	1.0					
7731.995	9.641000000000531	trials	7.0	7736.242072	7737.88216			7735.471886	7737.874194			2.0		0.0	2.0					
7741.882	8.379000000000815	trials	7.0	7743.790956000001	7745.530142	7748.13265	7748.747810000001	7741.652042	7747.01137	7748.75	7750.261	1.0	1.0	1.0	1.0					
7753.286	10.453999999999724	trials	7.0	7755.79112	7757.5026020000005	7763.340544000001	7763.758814000001	7754.805676	7761.074536			1.0	2.0	0.0	3.0					
7765.66	9.710000000000036	trials	7.0	7769.867076	7771.0396	7774.567282	7775.38543	7769.028434	7772.805700000001			1.0	1.0	0.0	3.0					
7778.886	8.763999999999214	trials	7.0	7782.43054	7784.052272	7787.233394000001	7787.66653	7781.756848	7786.513616			1.0	2.0	0.0	3.0					
7789.605	10.090000000000146	trials	7.0	7795.150516	7797.132488			7794.452132	7797.682372			2.0		1.0	1.0					
7804.215	9.659999999999854	trials	7.0	7805.907428	7807.216262	7812.047094	7812.5622299999995	7804.4225160000005	7809.6120200000005	7812.86	7813.875	1.0	1.0	1.0	1.0					
7817.94	6.595000000000255	trials	7.0	7819.898972	7821.856876	7824.022472000001	7824.5509839999995	7818.36262	7823.073748000001			1.0	1.0	0.0	3.0					
7826.33	12.86999999999989	trials	7.0	7833.02132	7834.7102780000005	7838.725354	7839.21932	7832.117712	7837.574946000001			1.0	2.0	0.0	3.0					
7842.035	10.485000000000582	trials	7.0	7846.180814	7847.892782			7845.2352040000005	7848.70878	7850.68	7852.52	2.0		1.0	1.0					
7855.54	11.430999999999585	trials	7.0	7862.54143	7864.164628	7866.4135559999995	7866.990352000001	7861.760258	7865.588892			1.0	1.0	0.0	3.0					
7868.725	7.724999999999454	trials	7.0	7871.131352	7872.7698	7875.990802	7876.466306	7870.407404	7874.637224			1.0	2.0	0.0	3.0					
7880.305	31.984999999999673	trials	7.0	7906.498942	7908.221918			7905.651978	7908.560078	7910.5	7912.29	2.0		1.0	1.0					
7915.346	8.669000000000779	trials	7.0	7919.5822100000005	7921.4281200000005			7918.6090619999995	7921.927514			2.0		1.0	1.0					
7927.487	8.528000000000247	trials	7.0	7930.591504	7932.264832000001	7935.446796	7936.033714	7929.946848	7934.375584			1.0	1.0	0.0	3.0					
7937.813	8.731999999999971	trials	7.0	7941.408038	7942.51332	7945.964322	7946.562024000001	7940.44023	7944.687106			1.0	2.0	0.0	3.0					
7948.286	12.958999999999833	trials	7.0	7952.436378	7953.819834	7958.887468	7959.509268	7951.64532	7955.172266	7959.65	7961.245	1.0	1.0	1.0	1.0					
7964.29	9.295000000000073	trials	7.0	7967.181654	7968.298500000001	7971.630536000001	7972.235570000001	7966.577090000001	7970.950968	7972.335	7973.585	1.0	1.0	1.0	1.0					
7975.685	7.144999999999527	trials	7.0	7978.597038	7980.338618			7977.823794	7980.777656			2.0		1.0	1.0					
7986.4	9.170000000000073	trials	7.0	7988.327374	7989.663584	7993.67364	7994.201234	7987.1006959999995	7992.101692	7994.33	7995.57	1.0	1.0	1.0	1.0					
7999.677	7.563000000000102	trials	7.0	8001.3963779999995	8002.847554	8006.662616	8007.2581119999995	8000.1023079999995	8005.883048			1.0	1.0	0.0	3.0					
8011.035	5.654999999999745	trials	7.0	8012.922014	8014.2000339999995			8012.109154	8014.51573			2.0		1.0	1.0					
8019.285	12.685999999999694	trials	7.0	8022.323498	8023.562066	8029.1760460000005	8029.6366259999995	8021.603212	8027.307650000001			1.0	2.0	0.0	3.0					
8033.5	7.036000000000058	trials	7.0	8036.46744	8037.735732			8035.895972	8038.357022			2.0		1.0	1.0					
8043.04	9.579999999999927	trials	7.0	8046.368168	8047.768704			8045.7815279999995	8048.8642039999995	8050.815	8052.62	2.0		1.0	1.0					
8054.69	10.071000000000822	trials	7.0	8056.9085	8058.768448000001			8056.373822	8061.421916	8063.515	8064.761	2.0		1.0	1.0					
8067.78	5.555000000000291	trials	7.0	8069.351938	8071.147608	8072.8590380000005	8073.353496	8068.1417679999995	8072.033728			1.0	1.0	0.0	3.0					
8076.165	12.409999999999854	trials	7.0	8078.7622	8079.878934	8083.956092	8084.498694	8077.9471699999995	8083.275026			1.0	1.0	0.0	3.0					
8088.64	12.589999999999236	trials	7.0	8095.533424	8097.463924	8099.447578	8099.940914000001	8094.547526	8098.26044	8100.04	8101.23	1.0	1.0	1.0	1.0					
8104.297	11.688000000000102	trials	7.0	8107.557084	8109.350456	8113.9393	8114.4471379999995	8106.630924	8113.275032	8114.721	8115.985	1.0	1.0	1.0	1.0					
8120.051	7.960000000000036	trials	7.0	8121.942016	8123.736064000001	8127.527016	8128.031388	8120.745056	8125.089486000001			1.0	1.0	0.0	3.0					
8131.85	10.1299999999992	trials	7.0	8134.073896	8135.323718	8140.046416	8140.323588	8133.386472	8139.052464	8140.71	8141.98	1.0	2.0	1.0	1.0					
8144.0	8.761000000000422	trials	7.0	8147.034076	8148.639706	8152.431752	8152.781908	8146.1286199999995	8151.2685280000005			1.0	2.0	0.0	3.0					
8154.76	11.204999999999927	trials	7.0	8161.940038	8163.67369	8165.486414	8165.9665860000005	8161.412286	8164.746814			1.0	1.0	0.0	3.0					
8168.825	8.180000000000291	trials	7.0	8171.755	8173.089926	8176.55169	8177.006432	8171.17372	8174.903684			1.0	2.0	0.0	3.0					
8179.88	14.970000000000255	trials	7.0	8190.915022	8192.880672	8194.29764	8194.854146	8189.943762	8193.750146			1.0	1.0	0.0	3.0					
8198.62	8.404999999998836	trials	7.0	8202.031184	8203.174288	8206.58685	8207.027948	8201.164846	8205.178912			1.0	2.0	0.0	3.0					
8209.915	11.659999999999854	trials	7.0	8215.325386	8217.562248	8219.897014	8220.37648	8214.747034	8219.33301	8220.61	8221.575	1.0	1.0	1.0	1.0					
8224.596	12.944000000001324	trials	7.0	8228.03103	8229.320766	8236.942454	8237.541956	8227.283372	8232.845666			1.0	2.0	0.0	3.0					
8239.275	12.055000000000291	trials	7.0	8243.745268	8244.791724	8249.313546	8249.948022	8243.107346	8248.751372	8250.075	8251.33	1.0	1.0	1.0	1.0					
8253.395	8.039999999999054	trials	7.0	8256.355764	8257.817218	8259.315242	8259.942522	8255.472266	8258.768718	8260.15	8261.435	1.0	1.0	1.0	1.0					
8263.475	10.404999999998836	trials	7.0	8266.315818	8267.492268			8265.391542	8268.376192			2.0		1.0	1.0					
8275.09	5.1710000000002765	trials	7.0	8276.696798	8278.257368			8273.88291	8278.245588			1.0		0.0	2.0					
8284.27	6.539999999999054	trials	7.0	8285.87702	8287.13816	8290.39398	8290.812952	8284.632198	8289.187068			1.0	2.0	0.0	3.0					
8292.715	8.770000000000437	trials	7.0	8297.205452	8298.865516			8296.395196	8299.2791			2.0		1.0	1.0					
8304.945	9.110000000000582	trials	7.0	8307.182364	8308.577202	8312.017522	8312.549364	8306.637186	8311.469004	8312.89	8314.055	1.0	1.0	1.0	1.0					
8317.12	7.286000000000058	trials	7.0	8319.191028	8320.391986	8324.020014	8324.409574	8318.140864	8321.901866			1.0	2.0	0.0	3.0					
8328.384	12.265999999999622	trials	7.0	8332.745798	8334.761414	8338.867678	8339.403374	8331.788056	8338.10972	8339.59	8340.65	1.0	1.0	1.0	1.0					
8342.676	7.34900000000016	trials	7.0	8345.53131	8347.172522	8349.472666	8350.027238	8344.91819	8348.79556			1.0	1.0	0.0	3.0					
8352.761	20.818999999999505	trials	7.0	8367.345396	8368.632146	8371.722678	8372.327472	8366.725616	8371.14352	8372.37	8373.58	1.0	1.0	1.0	1.0					
8375.643	10.447000000000116	trials	7.0	8379.201018	8380.526716	8385.614854	8386.092686	8378.605642	8383.542534			1.0	2.0	0.0	3.0					
8389.935	6.930000000000291	trials	7.0	8392.441094	8394.226636	8396.21908	8396.868712	8391.625734	8395.589746			1.0	1.0	0.0	3.0					
8398.585	8.570000000001528	trials	7.0	8403.19148	8404.82685			8402.389198	8405.075568			2.0		1.0	1.0					
8410.648	11.153000000000247	trials	7.0	8412.35274	8413.888312			8411.49177	8414.494828	8417.855	8418.06	2.0		1.0	1.0					
8422.665	7.584999999999127	trials	7.0	8424.670734	8426.48636	8429.808324	8430.100618	8421.800354	8427.870144			1.0	2.0	0.0	3.0					
8434.301	7.21900000000096	trials	7.0	8437.307702	8438.757624			8436.411192	8439.284364			2.0		1.0	1.0					
8446.035	9.44000000000051	trials	7.0	8447.760894	8448.894304	8455.010338	8455.479326	8446.97741	8453.281806			1.0	1.0	0.0	3.0					
8459.35	7.469999999999345	trials	7.0	8461.261056	8462.391348	8466.396516	8466.821666	8459.448840000001	8463.305076			1.0	1.0	0.0	3.0					
8468.73	8.555000000000291	trials	7.0	8473.021912	8474.90346			8472.172776	8475.130402			2.0		1.0	1.0					
8479.69	9.90599999999904	trials	7.0	8482.40159	8484.083464	8487.68006	8488.278802	8481.638162	8486.45123	8488.471	8489.596	1.0	1.0	1.0	1.0					
8491.661	9.394000000000233	trials	7.0	8494.536816	8496.06585	8498.9902	8499.691204	8493.783204	8498.239196	8499.668	8501.055	1.0	1.0	1.0	1.0					
8504.12	9.609999999998763	trials	7.0	8506.267844	8507.872908	8511.62062	8512.19496	8505.510742	8510.944058	8512.33	8513.73	1.0	1.0	1.0	1.0					
8515.795	6.975000000000364	trials	7.0	8518.018469999999	8519.297426	8522.232432	8522.774998	8517.35034	8521.653034			1.0	1.0	0.0	3.0					
8525.565	9.579999999999927	trials	7.0	8530.327028	8531.348052	8534.681012000001	8535.14709	8529.367979999999	8533.465492			1.0	2.0	0.0	3.0					
8537.975	8.404999999998836	trials	7.0	8541.987144	8543.563764	8545.892	8546.382688	8540.995098	8545.239884			1.0	1.0	0.0	3.0					
8548.253	14.047999999998865	trials	7.0	8557.187156	8558.798002	8560.596102	8561.04701	8556.357228	8559.998426	8561.405	8562.301	1.0	1.0	1.0	1.0					
8564.32	9.77599999999984	trials	7.0	8567.38159	8568.940914	8572.055196	8572.632488	8566.481058	8569.91371	8572.801	8574.096	1.0	1.0	1.0	1.0					
8577.165	5.68999999999869	trials	7.0	8579.143706	8580.289542			8578.330016	8580.755576			2.0		1.0	1.0					
8586.34	7.360000000000582	trials	7.0	8588.52616	8590.073916	8591.966034	8592.422626	8587.568358	8591.310186	8592.67	8593.7	1.0	1.0	1.0	1.0					
8596.763	7.731999999999971	trials	7.0	8599.782102	8601.383278	8604.415378	8604.931686	8599.09815	8603.752548			1.0	1.0	0.0	3.0					
8606.79	1566.3859999999986	BlockDesign														1.0	650.0	753.0	10.0	50.0
8606.79	10.454999999999927	trials	8.0	8610.24241	8611.828658	8615.464378	8615.94086	8609.397594	8613.704264	8616.136	8617.245	1.0	2.0	1.0	1.0					
8621.27	15.475000000000364	trials	8.0	8623.042436	8624.713738	8636.274824	8636.74767	8622.310882	8625.549928			1.0	1.0	0.0	3.0					
8639.56	8.665000000000873	trials	8.0	8642.252152000001	8643.865702	8647.838134	8648.232322	8641.6532	8646.681216			1.0	2.0	0.0	3.0					
8652.21	7.765000000001237	trials	8.0	8654.721714	8655.9442			8654.13047	8655.938842			2.0		0.0	2.0					
8662.025	22.579999999999927	trials	8.0	8680.40256	8682.07899	8684.01159	8684.60939	8679.753224	8683.43856			1.0	1.0	0.0	3.0					
8687.354	6.996000000001004	trials	8.0	8689.687824	8690.794928	8693.792388	8694.355336	8688.799008	8693.229388			1.0	1.0	0.0	3.0					
8696.122	8.453000000001339	trials	8.0	8700.037318	8701.730498			8699.18058	8702.316824			2.0		1.0	1.0					
8708.07	7.441000000000713	trials	8.0	8710.894064	8712.455866			8710.045894	8713.32867			2.0		1.0	1.0					
8718.072	7.768000000000029	trials	8.0	8720.408228	8721.833526	8725.332242	8725.842348	8719.765546	8724.26399			1.0	1.0	0.0	3.0					
8728.704	10.880999999999403	trials	8.0	8731.262034	8732.5293	8737.767152	8738.18918	8730.370886	8735.418016	8738.545	8739.585	1.0	2.0	1.0	1.0					
8743.646	12.009000000000015	trials	8.0	8750.073492	8751.9291	8755.093678	8755.63996	8749.215828	8753.418878			1.0	1.0	0.0	3.0					
8757.665	10.889999999999418	trials	8.0	8761.40304	8762.514854000001	8766.527308	8766.978094	8760.449424	8765.773112	8767.301	8768.555	1.0	2.0	1.0	1.0					
8770.583	7.951999999999316	trials	8.0	8774.27328	8776.26384	8778.009316	8778.539416	8773.669822	8777.294045999999			1.0	1.0	0.0	3.0					
8782.346	7.213999999999942	trials	8.0	8784.34731	8785.747318	8788.945338	8789.5631	8783.091198	8787.484586			1.0	2.0	0.0	3.0					
8793.3	6.251000000000204	trials	8.0	8795.422616	8796.989636			8794.419764	8797.402808			2.0		1.0	1.0					
8804.086	6.21900000000096	trials	8.0	8805.653472	8806.864684			8804.495548	8808.078394	8809.75	8810.305	2.0		1.0	1.0					
8813.325	9.729999999999563	trials	8.0	8815.118904	8816.310394	8821.230368	8821.700912	8814.150192000001	8819.402758	8821.835	8823.055	1.0	2.0	1.0	1.0					
8826.15	6.135000000000218	trials	8.0	8828.18493	8829.278564			8827.214184	8830.270392			2.0		1.0	1.0					
8834.815	7.709999999999127	trials	8.0	8837.733562	8838.998826	8842.181658	8842.53082	8836.82865	8841.355402			1.0	2.0	0.0	3.0					
8845.511	9.868999999998778	trials	8.0	8848.797614	8849.97783	8854.227192	8854.733206	8847.943714	8851.745515999999			1.0	1.0	1.0	1.0					
8858.834	9.90099999999984	trials	8.0	8864.58802	8866.428405999999	8868.180798	8868.738208	8864.015366	8867.556984			1.0	1.0	0.0	3.0					
8872.535	12.851000000000568	trials	8.0	8877.525988	8878.598132	8884.628344	8885.393524	8876.908506	8883.369214			1.0	2.0	0.0	3.0					
8886.956	10.568999999999505	trials	8.0	8892.293476	8893.849106	8896.892476	8897.528549999999	8891.640066	8896.15243			1.0	1.0	0.0	3.0					
8900.23	8.880000000001019	trials	8.0	8904.290146	8906.179312	8908.68819	8909.117198	8903.53672	8907.295472			1.0	2.0	0.0	3.0					
8911.055	8.904999999998836	trials	8.0	8914.854766	8916.704992	8919.337952	8919.963972	8914.099516	8918.42634			1.0	1.0	0.0	3.0					
8921.695	13.9950000000008	trials	8.0	8926.903982	8928.564414	8933.738068	8934.234056	8926.152606	8930.980304	8934.48	8935.69	1.0	2.0	1.0	1.0					
8939.731	18.78900000000067	trials	8.0	8941.685112	8943.054792	8958.10119	8958.52455	8940.355054	8943.59493			1.0	1.0	0.0	3.0					
8961.435	7.204999999999927	trials	8.0	8963.003908	8964.055116	8966.739228	8967.186506	8962.089036	8966.006336	8967.495	8968.64	1.0	2.0	1.0	1.0					
8971.66	8.295000000000073	trials	8.0	8974.489098	8975.77553			8973.618364	8976.245578	8978.0	8979.955	2.0		1.0	1.0					
8982.975	18.389999999999418	trials	8.0	8985.024118	8986.634992	8999.385512	8999.860678000001	8983.464636	8988.385702	9000.15	9001.365	1.0	2.0	1.0	1.0					
9004.386	10.293999999999869	trials	8.0	9007.299038	9009.265642	9012.118984	9012.449264	9006.336086	9010.582252			1.0	2.0	0.0	3.0					
9016.472	14.78900000000067	trials	8.0	9025.06943	9026.244616	9029.367628	9029.874702	9024.295324	9027.533342	9030.1	9031.261	1.0	2.0	1.0	1.0					
9034.336	8.764000000001033	trials	8.0	9038.56919	9040.364152			9037.721548	9040.737602	9042.56	9043.1	2.0		1.0	1.0					
9047.12	10.979999999999563	trials	8.0	9048.984218	9050.213934	9057.671378	9058.108548	9047.54205	9052.302276			1.0	1.0	0.0	3.0					
9060.03	7.769999999998618	trials	8.0	9063.160098	9064.98215			9062.470304	9065.306274			2.0		1.0	1.0					
9070.33	10.0049999999992	trials	8.0	9074.964076	9076.795466	9079.697402	9080.3429	9073.977016	9078.066142			1.0	1.0	0.0	3.0					
9083.017	7.468000000000757	trials	8.0	9085.703996	9087.682446			9085.118258	9088.38883	9090.205	9090.37	2.0		1.0	1.0					
9093.011	9.558999999999287	trials	8.0	9095.569738	9096.745982			9094.924678	9100.44667	9102.215	9102.4	2.0		1.0	1.0					
9106.029	8.53099999999904	trials	8.0	9107.63405	9109.106986	9114.212178	9114.567002	9106.403796	9112.40936			1.0	2.0	0.0	3.0					
9116.535	10.0	trials	8.0	9119.24941	9120.418544	9126.080126	9126.543538	9118.734316	9122.656014			1.0	1.0	0.0	3.0					
9130.451	5.68500000000131	trials	8.0	9132.089324	9133.325962	9135.632035999999	9136.144378	9130.829014	9134.670348			1.0	2.0	0.0	3.0					
9137.95	9.609999999998763	trials	8.0	9141.994278	9143.569798	9146.951586	9147.499782	9141.202554	9146.180842			1.0	1.0	0.0	3.0					
9149.57	11.1200000000008	trials	8.0	9153.936182	9155.736254	9158.91894	9159.287428	9153.367652	9157.954828	9159.855	9160.69	1.0	2.0	1.0	1.0					
9163.752	8.350999999998749	trials	8.0	9166.384296	9168.180888	9171.691514	9172.109368	9165.474766	9170.52633			1.0	1.0	0.0	3.0					
9174.017	32.21299999999974	trials	8.0	9202.07032	9203.951786	9205.849106	9206.236082	9201.151412	9205.038354			1.0	1.0	0.0	3.0					
9210.18	7.489999999999782	trials	8.0	9212.146614	9213.813672	9215.77034	9216.31389	9210.265234	9214.767442	9216.43	9217.67	1.0	2.0	1.0	1.0					
9219.725	7.334999999999127	trials	8.0	9223.139586	9224.551084			9222.437574	9225.024784			2.0		1.0	1.0					
9229.596	7.361000000000786	trials	8.0	9232.820092	9234.566354	9236.592428	9236.94513	9232.23235	9235.865396			1.0	1.0	0.0	3.0					
9239.926	58.23500000000058	trials	8.0	9295.295055999999	9296.157384			9294.303558	9296.15174			1.0		0.0	2.0					
9302.175	20.265000000001237	trials	8.0	9318.219688	9319.563278	9321.979964	9322.4488	9317.236314	9320.679084			1.0	2.0	0.0	3.0					
9326.298	6.661999999998443	trials	8.0	9327.920266000001	9329.13203	9332.546534000001	9332.96546	9327.297952	9331.557824			1.0	1.0	0.0	3.0					
9336.921	7.2150000000001455	trials	8.0	9338.780338	9339.877008	9342.010136	9342.764478000001	9337.61092	9341.229476	9342.846	9344.136	1.0	2.0	1.0	1.0					
9348.182	23.26299999999901	trials	8.0	9349.826068	9351.848538	9369.458838	9370.035926	9348.254874	9352.141552000001	9370.13	9371.445	1.0	2.0	1.0	1.0					
9373.5	9.986000000000786	trials	8.0	9376.146918	9378.028212	9381.28537	9382.0196	9375.321134	9379.978			1.0	2.0	0.0	3.0					
9384.011	13.072000000000116	trials	8.0	9391.710254	9393.46212	9395.215506	9395.740622	9390.987802	9394.53919	9395.885	9397.083	1.0	1.0	1.0	1.0					
9400.1	8.055000000000291	trials	8.0	9403.280954	9405.117494	9407.519656	9408.163766	9402.46483	9406.745446			1.0	1.0	0.0	3.0					
9409.83	8.950000000000728	trials	8.0	9413.175324	9414.98347	9416.934368	9417.390146	9412.38717	9416.374098	9417.715	9418.78	1.0	2.0	1.0	1.0					
9420.801	8.578999999999724	trials	8.0	9424.795884	9426.202372	9428.946622	9429.387498	9423.859234	9427.755934			1.0	2.0	0.0	3.0					
9431.265	7.565000000000509	trials	8.0	9434.620868	9435.774736			9434.004155999999	9436.578218			2.0		1.0	1.0					
9441.36	11.209999999999127	trials	8.0	9446.490756	9448.207684	9452.226002	9452.579184	9445.602966	9449.81809			1.0	2.0	0.0	3.0					
9455.585	12.280000000000655	trials	8.0	9459.805644	9461.223524	9466.015196	9466.479922	9458.909856	9463.150794	9466.735	9467.865	1.0	2.0	1.0	1.0					
9471.895	6.81499999999869	trials	8.0	9473.830856	9475.036274	9478.339778	9478.71568	9473.236068	9477.563566			1.0	2.0	0.0	3.0					
9480.665	10.010999999998603	trials	8.0	9484.670818	9486.30046	9490.087388	9490.68639	9483.776722	9489.16684			1.0	1.0	0.0	3.0					
9493.42	9.05999999999949	trials	8.0	9496.288538	9498.117364	9500.416122	9501.103274000001	9495.733189999999	9499.275502	9501.185	9502.48	1.0	2.0	1.0	1.0					
9504.38	12.035000000001673	trials	8.0	9508.536264	9510.228002	9513.317458	9514.88864	9507.56885	9512.557854			1.0	1.0	0.0	3.0					
9516.654	15.950999999999112	trials	8.0	9518.647617999999	9519.787908	9531.96052	9532.612132	9517.9074	9520.298546			1.0	2.0	0.0	3.0					
9534.33	15.681000000000495	trials	8.0	9545.425916	9547.205134			9544.748538	9547.826834			2.0		1.0	1.0					
9554.55	5.485000000000582	trials	8.0	9556.281558	9557.97765			9554.53109	9557.975052			2.0		0.0	2.0					
9563.09	9.114999999999782	trials	8.0	9565.562848	9566.727628	9570.189188	9570.570376	9564.613888	9568.137279999999	9571.11	9572.205	1.0	2.0	1.0	1.0					
9575.225	12.430000000000291	trials	8.0	9577.966024	9579.3931			9577.144252	9580.33015	9582.136	9583.895	2.0		1.0	1.0					
9587.917	7.587999999999738	trials	8.0	9589.496254	9591.205964	9594.818894	9595.51368	9587.662122	9593.245848			1.0	1.0	0.0	3.0					
9598.138	8.372999999999593	trials	8.0	9600.43107	9602.0638	9604.487172000001	9605.02309	9599.839	9603.536632	9605.165	9606.511	1.0	2.0	1.0	1.0					
9610.58	5.9950000000008	trials	8.0	9612.397764	9613.767458			9611.376154	9614.309988			2.0		1.0	1.0					
9621.095	12.640000000001237	trials	8.0	9626.332024	9627.972912	9630.555652	9631.140652	9625.440488	9629.254224			1.0	2.0	0.0	3.0					
9633.865	9.445999999999913	trials	8.0	9639.108198	9640.554268			9638.446834	9641.135934			2.0		1.0	1.0					
9647.825	9.959999999999127	trials	8.0	9651.046558	9652.993332	9657.330618	9657.795558	9650.049622	9654.293144			1.0	1.0	0.0	3.0					
9661.69	5.555000000000291	trials	8.0	9663.237024	9664.774794	9666.586488	9667.254214	9662.511232	9666.040156			1.0	2.0	0.0	3.0					
9669.925	132.98000000000138	trials	8.0	9800.7736	9800.853772			9800.060686	9800.849978			1.0		0.0	2.0					
9804.92	16.139999999999418	trials	8.0	9818.552306	9820.125072	9820.681896	9821.067424	9817.91192	9820.087372			1.0	1.0	0.0	3.0					
9824.011	31.804000000000087	trials	8.0	9826.958156	9828.48951	9854.202184	9854.506482	9826.254352	9830.876682	9855.025	9855.815	1.0	2.0	1.0	1.0					
9858.866	6.729999999999563	trials	8.0	9861.267104	9863.29239			9860.640738	9863.33632			2.0		1.0	1.0					
9869.125	7.360000000000582	trials	8.0	9870.847376	9872.63914	9876.01676	9876.49583	9870.11233	9875.156798			1.0	2.0	0.0	3.0					
9878.376	22.16899999999987	trials	8.0	9895.578012	9897.309008	9900.121356	9900.556916	9894.922846	9899.342584			1.0	2.0	0.0	3.0					
9902.485	10.315999999998894	trials	8.0	9904.439448000001	9905.829642			9903.336568	9906.442876000001			2.0		1.0	1.0					
9913.206	6.894000000000233	trials	8.0	9915.218144	9916.789992			9912.81168	9916.786908			2.0		0.0	2.0					
9920.86	6.454999999999927	trials	8.0	9922.47813	9923.924652			9920.11291	9924.589672	9926.34	9927.315	2.0		1.0	1.0					
9930.375	18.014999999999418	trials	8.0	9932.038027999999	9933.289194	9946.41224	9946.829008	9931.525974	9936.706778	9947.12	9948.39	1.0	2.0	1.0	1.0					
9950.41	10.409999999999854	trials	8.0	9953.078484	9954.418946	9958.097348	9958.739497999999	9952.100918	9957.249896	9958.855	9960.82	1.0	2.0	1.0	1.0					
9964.566	10.453999999999724	trials	8.0	9966.392848	9967.543894	9972.875634	9973.318342	9965.395392	9971.856124	9973.63	9975.02	1.0	2.0	1.0	1.0					
9977.045	13.670000000000073	trials	8.0	9981.208408	9982.300394	9988.924368	9989.287956	9980.412156	9987.914005999999			1.0	2.0	0.0	3.0					
9993.29	10.430999999998676	trials	8.0	9995.90872	9997.592418	10003.276932	10003.730739999999	9995.211348	10001.420844			1.0	1.0	0.0	3.0					
10006.555	10.18499999999949	trials	8.0	10010.403684	10011.883224	10016.200808	10016.752152000001	10009.809197999999	10013.594448			1.0	2.0	0.0	3.0					
10018.538	9.951999999999316	trials	8.0	10022.923316	10024.509926	10027.94716	10028.274948	10022.14603	10026.6266			1.0	2.0	0.0	3.0					
10032.543	17.067000000000917	trials	8.0	10040.178366	10041.402722	10048.839046000001	10049.621642	10039.603852	10044.36141			1.0	1.0	0.0	3.0					
10052.155	7.355999999999767	trials	8.0	10055.288908	10056.955484			10054.651354	10057.35039			2.0		1.0	1.0					
10063.0	10.590000000000146	trials	8.0	10064.968178	10066.104052	10070.836422	10071.30977	10063.356548	10068.382236			1.0	2.0	0.0	3.0					
10074.149	5.685999999999694	trials	8.0	10075.859874	10076.64024	10079.377028	10079.845246	10073.601528	10076.63561			1.0		0.0	2.0					
10082.705	12.1200000000008	trials	8.0	10087.543532	10088.808826	10092.962326	10093.429562	10086.87219	10092.35889	10093.59	10094.825	1.0	2.0	1.0	1.0					
10097.85	8.264999999999418	trials	8.0	10100.71404	10102.554512			10099.89224	10103.37114	10105.9	10106.025	2.0		1.0	1.0					
10110.695	8.864999999999782	trials	8.0	10112.603674	10114.36906	10117.623922	10118.201002	10110.966696	10116.413042	10118.44	10119.56	1.0	2.0	1.0	1.0					
10123.577	9.06800000000112	trials	8.0	10125.228751999999	10126.31002	10132.09297	10132.655142	10124.097638	10131.33572			1.0	1.0	0.0	3.0					
10134.36	9.019999999998618	trials	8.0	10137.525208	10138.764168	10142.799228	10143.248824	10136.83374	10141.868916			1.0	2.0	0.0	3.0					
10145.39	13.81000000000131	trials	8.0	10149.934012	10151.148158	10157.100658	10157.81399	10149.37191	10155.610578	10157.935	10159.2	1.0	2.0	1.0	1.0					
10163.266	9.909999999999854	trials	8.0	10165.195018	10166.210768	10171.169966	10171.664522	10164.493054	10170.187064	10171.82	10173.176	1.0	2.0	1.0	1.0					
