onset	duration	nwb_table	block	tone_on_time	tone_off_time	action_on_time	action_off_time	pokeC_on_time	pokeC_off_time	reward_on_time	reward_off_time	state	action	reward	result	FinishedBlock	FirstTrial	LastTrial	RewardRule_L	RewardRule_R
4.414	618.045	BlockDesign														1.0	1.0	63.0	50.0	90.0
4.414	15.475	trials	1.0	16.849	17.880932	18.736140000000002	18.921684000000003	15.929896000000003	17.876582000000003			1.0		0.0	2.0					
22.899	7.559999999999999	trials	1.0	25.818822	27.640526	28.803614000000003	29.175532	25.272362	28.256056	29.539	30.459	1.0	2.0	1.0	1.0					
32.518	9.646	trials	1.0	34.123142	35.265496	37.48446200000001	38.019982	33.390056	37.021035999999995	38.129	39.28	1.0	2.0	1.0	1.0					
43.299	7.920000000000002	trials	1.0	44.984262	46.747574			42.168042	47.151244000000005			2.0		1.0	1.0					
52.849	4.5560000000000045	trials	1.0	54.54435000000001	55.399848000000006	55.976867999999996	56.235624	51.218928000000005	55.39259200000001			1.0		0.0	2.0					
59.414	4.7749999999999915	trials	1.0	61.147220000000004	62.630889999999994	63.656040000000004	64.190636	60.222938	63.138915999999995			1.0	2.0	0.0	3.0					
68.002	5.781000000000006	trials	1.0	70.248724	72.18097399999999	73.40686	73.787538	69.694332	72.862002			1.0	1.0	0.0	3.0					
77.74	7.409000000000006	trials	1.0	80.342452	81.780474	83.471424	84.01992	79.483252	82.945292	84.309	85.149	1.0	2.0	1.0	1.0					
87.224	11.195999999999998	trials	1.0	90.19403199999999	91.381118	92.990206	93.486504	89.485286	92.519368	93.664	94.724	1.0	2.0	1.0	1.0					
98.768	6.185999999999993	trials	1.0	100.62090599999999	101.76111399999999	103.011028	103.72034599999999	98.422146	102.524582	103.744	104.954	1.0	1.0	1.0	1.0					
108.974	6.7549999999999955	trials	1.0	111.019436	112.44543399999999	113.77699799999999	114.412178	109.2995	113.23925	114.499	115.729	1.0	2.0	1.0	1.0					
117.749	6.484999999999999	trials	1.0	119.490338	121.09638199999999	123.672996	124.23647	118.765464	123.16447			1.0	1.0	0.0	3.0					
126.999	9.025000000000006	trials	1.0	129.535996	131.565718			128.795094	132.10373600000003			2.0		1.0	1.0					
137.854	8.675999999999988	trials	1.0	139.90534200000002	141.07077600000002	141.894024	142.32352200000003	136.02454200000003	141.462176	142.554	143.579	1.0	2.0	1.0	1.0					
146.604	9.154999999999973	trials	1.0	148.26972800000001	150.31101600000002	151.35663200000002	151.999782	146.53447200000002	150.82416600000002	152.024	153.009	1.0	1.0	1.0	1.0					
156.049	8.900999999999982	trials	1.0	157.88462800000002	158.93105200000002			155.76116800000003	159.55248600000002	161.277	162.299	2.0		1.0	1.0					
166.314	8.224999999999994	trials	1.0	167.939392	169.05615400000002	169.92967000000002	170.46457800000002	164.95542600000002	169.367002	170.629	171.724	1.0	2.0	1.0	1.0					
174.74	6.3489999999999895	trials	1.0	176.46024200000002	177.75165600000003			174.54145200000002	178.726044	180.394	181.089	2.0		1.0	1.0					
183.154	7.034999999999997	trials	1.0	184.854384	186.08170800000002			183.7551	187.06031000000002	189.602	190.189	2.0		1.0	1.0					
192.63	15.269000000000005	trials	1.0	201.3127	202.569356	203.89315000000002	204.28887600000002	200.59638800000002	203.398828			1.0	1.0	0.0	3.0					
208.239	5.764999999999986	trials	1.0	209.992522	211.429188	212.35969200000002	212.759894	207.90286	211.892164	213.109	214.004	1.0	2.0	1.0	1.0					
216.071	6.717999999999989	trials	1.0	218.189602	219.30698800000002	220.93346400000001	221.44264600000002	217.378906	220.35673400000002	221.604	222.789	1.0	2.0	1.0	1.0					
224.834	6.680000000000007	trials	1.0	226.61430000000001	228.24724400000002	229.65778	230.13377	225.96310000000003	229.09616000000003	230.45	231.514	1.0	2.0	1.0	1.0					
233.549	8.650000000000006	trials	1.0	235.12498200000002	236.753012			233.70277800000002	237.459518	239.7	239.849	2.0		1.0	1.0					
242.544	6.039999999999992	trials	1.0	244.295036	245.586838	246.761826	247.179202	242.198878	246.247632	247.514	248.584	1.0	2.0	1.0	1.0					
251.601	5.259999999999991	trials	1.0	254.177738	254.85377000000003			253.377888	254.842478			1.0		0.0	2.0					
258.879	4.5709999999999695	trials	1.0	260.58106399999997	262.246924	263.11512999999997	263.425596	259.651794	262.66716399999996			1.0	1.0	0.0	3.0					
267.459	10.34499999999997	trials	1.0	270.734742	272.36154			270.052774	273.481088	275.309	277.804	2.0		1.0	1.0					
279.834	9.08499999999998	trials	1.0	282.046668	283.521418	284.919042	285.49472	280.252728	284.379342	285.615	286.639	1.0	1.0	1.0	1.0					
290.705	9.632000000000005	trials	1.0	292.661482	294.29756399999997			288.923572	294.966212	296.844	297.844	2.0		1.0	1.0					
301.884	4.339999999999975	trials	1.0	303.580252	304.22015	304.792584	304.883134	300.33624	304.209456			1.0		0.0	2.0					
308.234	9.515000000000043	trials	1.0	309.84006	311.55674799999997			308.87215399999997	312.241968	314.099	314.229	2.0		1.0	1.0					
317.924	6.223000000000013	trials	1.0	319.64047999999997	321.06171	322.06701999999996	322.594174	317.75412	321.607936	322.774	324.147	1.0	2.0	1.0	1.0					
325.929	7.69500000000005	trials	1.0	327.55028999999996	328.81149999999997	331.752742	332.328436	326.91695999999996	331.18746	332.45	333.624	1.0	2.0	1.0	1.0					
336.679	10.037000000000035	trials	1.0	341.69460799999996	343.18026199999997	344.881218	345.499376	341.018788	344.253826	345.644	346.716	1.0	1.0	1.0	1.0					
348.753	9.191000000000031	trials	1.0	350.495504	352.071234	353.519368	354.035868	349.315878	352.92330799999996	354.349	355.53	1.0	2.0	1.0	1.0					
358.584	8.555000000000007	trials	1.0	360.440406	362.076416	362.607782	363.059704	357.948692	362.108606	363.394	364.405	1.0	2.0	1.0	1.0					
367.47	5.883999999999958	trials	1.0	369.070718	370.366184	371.53902999999997	371.99769	367.139846	371.035598	372.429	373.354	1.0	2.0	1.0	1.0					
376.369	8.319999999999993	trials	1.0	378.00048599999997	379.991178			376.5057	380.333914	382.149	382.369	2.0		1.0	1.0					
385.084	5.2900000000000205	trials	1.0	387.03671199999997	388.93186	390.010948	390.378852	384.693718	389.081008			1.0	2.0	0.0	3.0					
394.344	10.105999999999995	trials	1.0	396.661882	398.042482	399.431252	400.05304	396.01453799999996	398.83939599999997	400.159	401.674	1.0	2.0	1.0	1.0					
404.689	6.680999999999983	trials	1.0	406.62195399999996	407.90541199999996	409.364064	409.926082	404.45442599999996	408.78704	410.069	411.37	1.0	2.0	1.0	1.0					
413.394	10.230000000000018	trials	1.0	415.087242	416.18348			414.29564	418.468116	420.479	421.494	2.0		1.0	1.0					
424.514	9.474999999999966	trials	1.0	426.125594	427.94548	428.90761	429.47182	423.62904199999997	428.38476599999996	429.709	430.819	1.0	2.0	1.0	1.0					
434.849	9.215000000000032	trials	1.0	436.67055799999997	438.40891	439.168366	439.66195	433.99461199999996	438.56120799999997	439.899	441.144	1.0	2.0	1.0	1.0					
445.207	5.3419999999999845	trials	1.0	447.03709599999996	448.462622	449.37615	449.635904	444.06850199999997	448.457608			1.0		0.0	2.0					
452.596	7.692999999999984	trials	1.0	456.650132	458.63910599999997	459.66759199999996	460.294898	456.088976	459.092622			1.0	1.0	0.0	3.0					
464.035	7.253999999999962	trials	1.0	465.90516199999996	467.19728	469.309984	469.864488	465.16229	468.732148	469.974	471.289	1.0	2.0	1.0	1.0					
473.304	9.78000000000003	trials	1.0	475.770446	477.597168	478.705606	479.358144	474.78584	478.095126	479.629	480.609	1.0	1.0	1.0	1.0					
483.658	8.871999999999957	trials	1.0	485.24614399999996	486.95261	488.084326	488.56408799999997	483.09054599999996	487.59545199999997	488.774	489.939	1.0	2.0	1.0	1.0					
492.974	9.40500000000003	trials	1.0	494.84121	496.361938			492.529942	497.072054	498.944	499.994	2.0		1.0	1.0					
504.039	5.5400000000000205	trials	1.0	505.805912	507.67226999999997	509.071898	509.58386799999994	502.38195199999996	508.50077799999997			1.0	1.0	0.0	3.0					
511.399	11.836999999999989	trials	1.0	515.7157559999999	516.972204			515.039012	518.44611	520.214	520.704	2.0		1.0	1.0					
524.724	5.680999999999926	trials	1.0	526.850518	528.40202			523.24262	528.395004			1.0		0.0	2.0					
533.414	15.81000000000006	trials	1.0	545.345868	547.223404	548.539278	548.643598	544.50551	547.2151759999999			1.0		0.0	2.0					
553.234	6.149999999999977	trials	1.0	554.886274	556.097488	557.56094	558.056546	554.353338	557.0888699999999	558.259	559.384	1.0	2.0	1.0	1.0					
561.44	7.706999999999994	trials	1.0	563.7757339999999	565.667572	567.025314	567.585396	562.976332	566.4842679999999	567.659	569.147	1.0	2.0	1.0	1.0					
572.169	10.067000000000007	trials	1.0	574.420984	576.485314	577.3475119999999	577.831704	572.455466	576.802698	578.174	579.289	1.0	2.0	1.0	1.0					
582.349	6.579999999999927	trials	1.0	584.1414179999999	585.28977			582.240218	585.792176	587.674	588.929	2.0		1.0	1.0					
590.986	5.2140000000000555	trials	1.0	592.724032	594.175218	595.69744	596.202376	592.118444	595.155334			1.0	1.0	0.0	3.0					
599.054	6.550000000000068	trials	1.0	601.126526	602.467804	603.8399479999999	604.267932	600.452494	603.251474	604.624	605.604	1.0	2.0	1.0	1.0					
607.629	6.319999999999936	trials	1.0	609.36552	611.023252	612.049552	612.530356	608.195212	611.542886	612.859	613.949	1.0	2.0	1.0	1.0					
615.986	6.472999999999956	trials	1.0	617.704018	619.172822	620.395194	620.861616	616.667776	619.843384	621.115	622.459	1.0	2.0	1.0	1.0					
625.518	2811.976	BlockDesign														1.0	64.0	308.0	10.0	50.0
625.518	8.370999999999981	trials	2.0	627.5656299999999	629.28905			625.846812	629.670854	632.144	633.889	2.0		1.0	1.0					
635.909	5.560000000000059	trials	2.0	638.020496	639.067562	640.962126	641.47324	637.275082	640.419726			1.0	2.0	0.0	3.0					
644.304	8.206999999999994	trials	2.0	649.006226	650.374	651.79462	652.516336	648.01253	651.197582			1.0	1.0	0.0	3.0					
656.144	6.769999999999982	trials	2.0	658.096152	659.794802	660.9143799999999	661.480378	657.043924	660.350278	661.754	662.914	1.0	2.0	1.0	1.0					
664.939	7.540000000000077	trials	2.0	666.551998	668.548308	670.300886	670.8754779999999	665.963164	669.759538	671.059	672.479	1.0	2.0	1.0	1.0					
674.499	5.576000000000022	trials	2.0	676.186188	677.9279339999999	679.3375599999999	680.0792759999999	675.59258	678.71848			1.0	2.0	0.0	3.0					
683.669	7.878000000000043	trials	2.0	687.61601	688.66443	690.9478839999999	691.553166	686.789462	690.389102			1.0	1.0	0.0	3.0					
694.291	7.277999999999906	trials	2.0	697.681164	698.796754	700.914032	701.57468	696.895846	700.345516			1.0	2.0	0.0	3.0					
703.254	10.975000000000023	trials	2.0	710.44591	712.177876	713.669532	714.234136	709.615262	713.156898			1.0	1.0	0.0	3.0					
716.019	9.779999999999973	trials	2.0	721.091562	723.0441559999999	723.95121	724.48743	720.218886	723.461878	724.764	725.799	1.0	2.0	1.0	1.0					
727.829	16.51100000000008	trials	2.0	735.007384	736.453954			734.1217399999999	737.634248	739.365	741.621	2.0		1.0	1.0					
745.64	4.264999999999986	trials	2.0	747.207954	748.678444	749.566484	749.867656	744.345674	748.77579			1.0	2.0	0.0	3.0					
753.914	5.375	trials	2.0	755.896222	757.595092	758.739612	759.2957279999999	755.265448	758.173788			1.0	1.0	0.0	3.0					
762.084	7.4950000000000045	trials	2.0	764.942062	766.759856			764.06738	766.743762	768.624	769.579	2.0		1.0	1.0					
771.599	5.7999999999999545	trials	2.0	773.436656	774.930532	776.91225	777.40535	772.343024	776.279414			1.0	1.0	0.0	3.0					
779.297	7.371999999999957	trials	2.0	783.16577	784.7962239999999	785.988448	786.673694	782.542452	785.457304			1.0	2.0	0.0	3.0					
790.334	5.571000000000026	trials	2.0	792.766716	794.282802	795.570384	795.907342	791.769892	794.73351			1.0	2.0	0.0	3.0					
799.909	6.490000000000009	trials	2.0	802.209348	803.583404			801.309482	804.1272			2.0		1.0	1.0					
808.934	6.955000000000041	trials	2.0	813.156226	814.463398	815.548396	815.8935799999999	812.589312	815.109856			1.0	2.0	0.0	3.0					
818.885	12.628000000000043	trials	2.0	827.592146	828.944966	831.21741	831.516802	826.817122	828.937558			1.0		0.0	2.0					
835.015	8.725000000000023	trials	2.0	838.841672	840.390376	841.936194	842.50258	838.14108	841.331108	842.734	843.74	1.0	2.0	1.0	1.0					
846.783	9.581999999999994	trials	2.0	852.318264	853.9891			851.386048	853.980658			2.0		0.0	2.0					
859.111	10.853000000000065	trials	2.0	865.444532	867.103618			864.870062	867.093664			2.0		0.0	2.0					
872.219	5.849999999999909	trials	2.0	874.3331939999999	876.170788	877.627602	878.0744599999999	872.59191	877.007928			1.0	1.0	0.0	3.0					
881.989	7.469999999999914	trials	2.0	883.930348	885.587558	887.463324	888.133066	882.458796	886.960072	888.24	889.459	1.0	2.0	1.0	1.0					
892.484	5.218999999999937	trials	2.0	894.350946	895.784896	896.923066	897.702852	893.455398	896.373752			1.0	2.0	0.0	3.0					
900.269	11.294999999999959	trials	2.0	907.821952	909.3534599999999	910.9423879999999	911.570108	906.842368	910.179712			1.0	1.0	0.0	3.0					
914.284	9.340000000000032	trials	2.0	917.906404	919.3396339999999	921.759746	922.262922	917.2378219999999	921.1125499999999	922.514	923.624	1.0	2.0	1.0	1.0					
925.65	8.369000000000028	trials	2.0	928.3476019999999	930.143528	933.41469	934.023588	927.757968	932.853572			1.0	2.0	0.0	3.0					
935.986	10.303999999999974	trials	2.0	942.292432	944.290024	945.691122	946.2933899999999	941.611804	945.042764			1.0	1.0	0.0	3.0					
949.019	9.44500000000005	trials	2.0	954.41341	956.665086	957.838638	958.466782	953.492988	957.285846			1.0	2.0	0.0	3.0					
962.169	24.135999999999967	trials	2.0	973.608248	974.964158	985.651794	986.30869	972.901938	975.57781			1.0	2.0	0.0	3.0					
990.032	16.626999999999953	trials	2.0	998.147232	999.677592	1001.223662	1001.851182	997.322052	1000.672672	992.067	1003.267	1.0	1.0	1.0	1.0					
1007.04	5.20900000000006	trials	2.0	1008.686954	1009.953086	1011.66698	1012.254766	1006.665872	1011.1185			1.0	2.0	0.0	3.0					
1016.047	7.331999999999994	trials	2.0	1019.38257	1021.06578	1022.7241379999999	1023.3833759999999	1018.602182	1022.217174			1.0	1.0	0.0	3.0					
1025.144	11.1099999999999	trials	2.0	1030.082848	1031.419272	1034.415796	1035.046646	1029.5668400000002	1033.924862	1035.249	1036.254	1.0	2.0	1.0	1.0					
1038.269	8.25	trials	2.0	1042.093638	1043.238788	1045.8718660000002	1046.5254140000002	1041.14774	1045.3242140000002			1.0	2.0	0.0	3.0					
1050.236	9.367999999999938	trials	2.0	1056.0042680000001	1057.7845140000002	1059.1515820000002	1059.6099840000002	1055.1003520000002	1058.678842			1.0	1.0	0.0	3.0					
1061.484	10.700000000000045	trials	2.0	1067.080124	1068.8850320000001	1070.513222	1070.994864	1066.2724360000002	1069.911188	1071.244	1072.184	1.0	2.0	1.0	1.0					
1076.209	8.792999999999893	trials	2.0	1078.172626	1079.6140420000002			1076.789602	1080.6765340000002	1082.569	1085.002	2.0		1.0	1.0					
1087.039	5.545000000000073	trials	2.0	1089.2822700000002	1090.797006	1092.085558	1092.592112	1087.7669560000002	1091.5883700000002			1.0	2.0	0.0	3.0					
1095.419	11.039999999999964	trials	2.0	1102.327618	1103.95389			1101.319038	1104.145178			2.0		1.0	1.0					
1108.999	5.326000000000022	trials	2.0	1110.8300980000001	1112.712522	1114.003114	1114.3076580000002	1109.39361	1113.287622			1.0	1.0	0.0	3.0					
1116.364	7.336000000000013	trials	2.0	1118.823626	1120.53395			1118.088504	1121.036796	1122.774	1123.7	2.0		1.0	1.0					
1126.719	5.260999999999967	trials	2.0	1128.562324	1130.1344080000001	1131.5556080000001	1131.9871380000002	1127.0884620000002	1130.9897620000002			1.0	1.0	0.0	3.0					
1135.889	6.531000000000176	trials	2.0	1137.745486	1139.025096	1140.5159700000002	1141.055616	1136.9386200000001	1140.002146	1141.28	1142.42	1.0	2.0	1.0	1.0					
1145.484	6.894999999999982	trials	2.0	1147.232424	1148.540842			1146.6236660000002	1149.3054080000002	1151.664	1152.379	2.0		1.0	1.0					
1154.158	6.966000000000122	trials	2.0	1156.128048	1158.0446060000002	1159.3266820000001	1159.810116	1155.0470340000002	1158.782514	1160.089	1161.124	1.0	2.0	1.0	1.0					
1164.149	15.230000000000018	trials	2.0	1175.7227440000001	1177.3110900000001			1174.72109	1177.2885600000002			2.0		1.0	1.0					
1182.835	8.33400000000006	trials	2.0	1184.386312	1185.459888	1186.602464	1187.1607860000001	1183.5766460000002	1186.082904	1187.299	1188.477	1.0	2.0	1.0	1.0					
1192.494	7.94600000000014	trials	2.0	1194.3532320000002	1195.618746			1191.1767900000002	1195.604544			1.0		0.0	2.0					
1200.629	6.482000000000198	trials	2.0	1202.940704	1204.009802	1206.7977620000001	1207.119684	1200.4461600000002	1203.9970420000002			2.0		0.0	2.0					
1209.03	7.160000000000082	trials	2.0	1213.3091040000002	1215.129652	1215.824276	1216.1777820000002	1212.413704	1215.194232			1.0	1.0	0.0	3.0					
1220.149	4.440000000000055	trials	2.0	1221.7494020000001	1223.114892	1224.047644	1224.592906	1221.039144	1223.589568			1.0	2.0	0.0	3.0					
1227.41	9.91099999999983	trials	2.0	1233.793824	1235.6694280000002	1236.7083320000002	1237.327416	1233.2433600000002	1236.1027680000002			1.0	1.0	0.0	3.0					
1239.033	11.615999999999985	trials	2.0	1246.3081960000002	1247.9493980000002	1248.8457520000002	1249.36491	1245.49046	1248.366436	1249.539	1250.649	1.0	2.0	1.0	1.0					
1253.705	9.854000000000042	trials	2.0	1257.878218	1259.340036	1261.491944	1262.097244	1257.291942	1260.9714820000002	1262.24	1263.559	1.0	2.0	1.0	1.0					
1267.589	4.926000000000158	trials	2.0	1269.3431500000002	1270.7842400000002	1271.8395460000002	1272.5202000000002	1267.992306	1271.2435460000002			1.0	2.0	0.0	3.0					
1275.204	10.055000000000064	trials	2.0	1280.324082	1281.644862			1279.6122240000002	1282.5780220000001	1284.49	1285.259	2.0		1.0	1.0					
1287.284	10.014999999999873	trials	2.0	1289.437936	1291.5015			1288.4551580000002	1291.8224200000002	1293.629	1294.269	2.0		1.0	1.0					
1298.284	6.826999999999998	trials	2.0	1300.5776540000002	1301.917844	1303.024042	1303.69271	1297.307156	1302.4763540000001	1303.639	1305.111	1.0	2.0	1.0	1.0					
1307.135	6.919000000000096	trials	2.0	1309.3907020000001	1310.8547480000002	1312.000962	1312.5946740000002	1308.423904	1311.389834	1312.729	1314.054	1.0	2.0	1.0	1.0					
1318.081	5.678000000000111	trials	2.0	1319.8201900000001	1321.8003800000001	1323.30241	1323.7655060000002	1318.235756	1322.5481340000001			1.0	1.0	0.0	3.0					
1326.658	12.605999999999995	trials	2.0	1330.28303	1331.7885	1333.11716	1333.7517180000002	1329.7212960000002	1332.5550580000001	1333.744	1335.259	1.0	2.0	1.0	1.0					
1339.284	8.629999999999882	trials	2.0	1341.039678	1342.9521940000002			1339.2721840000002	1342.940916			2.0		0.0	2.0					
1347.969	14.799999999999955	trials	2.0	1359.6523980000002	1361.1329560000001	1362.143986	1362.776974	1358.7861200000002	1361.6402500000002			1.0	2.0	0.0	3.0					
1366.475	9.965000000000146	trials	2.0	1372.18831	1374.02087	1376.0521760000001	1376.445854	1371.529092	1375.5413580000002			1.0	1.0	0.0	3.0					
1378.384	9.420000000000073	trials	2.0	1383.2942260000002	1384.469438			1382.3824920000002	1384.834802	1386.884	1387.804	2.0		1.0	1.0					
1389.819	11.490000000000009	trials	2.0	1397.828434	1399.490898	1400.7082340000002	1401.3145860000002	1396.873886	1400.2448900000002			1.0	2.0	0.0	3.0					
1404.034	6.664999999999964	trials	2.0	1406.483516	1407.810056	1409.0356900000002	1409.6469960000002	1405.625148	1408.536724	1409.784	1410.699	1.0	1.0	1.0	1.0					
1412.615	6.1340000000000146	trials	2.0	1415.0041520000002	1416.085722	1417.898748	1418.756186	1414.3445820000002	1417.4367000000002			1.0	2.0	0.0	3.0					
1422.224	8.049999999999955	trials	2.0	1426.0553940000002	1427.70209			1425.3099140000002	1427.9747940000002	1429.979	1430.124	2.0		1.0	1.0					
1432.734	6.620000000000118	trials	2.0	1436.012028	1437.6938460000001	1438.865772	1439.3617980000001	1435.1646440000002	1438.248292			1.0	1.0	0.0	3.0					
1443.21	6.157999999999902	trials	2.0	1445.544916	1446.634708	1448.2892060000001	1449.370398	1444.620188	1447.7413680000002			1.0	2.0	0.0	3.0					
1450.614	9.191000000000031	trials	2.0	1455.018914	1456.4451880000001	1457.511064	1458.1298080000001	1454.3466640000001	1456.9291400000002	1458.339	1459.805	1.0	1.0	1.0	1.0					
1462.839	7.105000000000018	trials	2.0	1465.0625080000002	1466.3778340000001			1463.4777040000001	1467.8293700000002			2.0		1.0	1.0					
1473.409	5.745999999999867	trials	2.0	1475.0771000000002	1477.0754180000001	1478.5554980000002	1479.15859	1473.471618	1477.9884180000001			1.0	1.0	0.0	3.0					
1480.884	7.566000000000031	trials	2.0	1485.169278	1486.6680720000002	1487.86218	1488.454976	1484.353888	1487.325084			1.0	2.0	0.0	3.0					
1491.19	11.888999999999896	trials	2.0	1499.4314860000002	1500.5454060000002	1501.4664	1502.1463880000001	1498.539076	1500.961866	1502.224	1503.079	1.0	1.0	1.0	1.0					
1507.127	4.917000000000144	trials	2.0	1508.6985320000001	1510.594886	1511.649478	1512.0493800000002	1507.6585100000002	1511.14073			1.0	1.0	0.0	3.0					
1516.002	5.52800000000002	trials	2.0	1517.738926	1519.0267640000002			1516.24874	1519.3543060000002			2.0		1.0	1.0					
1524.07	12.484000000000151	trials	2.0	1534.0276660000002	1534.551244			1533.2068160000001	1534.547166			1.0		0.0	2.0					
1538.606	6.630000000000109	trials	2.0	1541.3944660000002	1543.40273	1544.554716	1545.239624	1540.4638320000001	1544.0733380000001			1.0	1.0	0.0	3.0					
1546.895	8.986000000000104	trials	2.0	1550.440026	1552.1275660000001	1555.447498	1555.8869260000001	1549.437404	1552.1230520000001			2.0		0.0	2.0					
1556.139	9.891000000000076	trials	2.0	1562.0238840000002	1563.45268			1561.3474840000001	1563.8863780000001	1565.7	1565.809	2.0		1.0	1.0					
1569.479	5.826000000000022	trials	2.0	1571.29502	1572.80618	1574.7349920000001	1575.309938	1570.74397	1573.975822			1.0	1.0	0.0	3.0					
1577.059	10.252999999999929	trials	2.0	1583.425148	1585.4058100000002	1586.6450280000001	1587.321198	1582.791144	1586.113982			1.0	2.0	0.0	3.0					
1589.969	9.674999999999955	trials	2.0	1595.862302	1597.6759920000002	1598.9835400000002	1599.6519680000001	1594.8676300000002	1598.3202680000002			1.0	1.0	0.0	3.0					
1601.299	10.865999999999985	trials	2.0	1606.31439	1608.435866	1610.285108	1610.855966	1605.77684	1609.6245620000002	1610.994	1612.165	1.0	2.0	1.0	1.0					
1614.221	8.288000000000011	trials	2.0	1618.48433	1620.39784	1621.888554	1622.5186840000001	1617.781596	1621.02239			1.0	1.0	0.0	3.0					
1626.249	7.63799999999992	trials	2.0	1628.669984	1630.376606	1631.924132	1632.480332	1628.1103280000002	1631.4359080000002	1632.609	1633.887	1.0	2.0	1.0	1.0					
1637.919	6.564999999999827	trials	2.0	1639.760058	1641.5380120000002	1642.5304800000001	1643.120312	1638.446142	1642.01394	1643.274	1644.484	1.0	2.0	1.0	1.0					
1647.504	5.745000000000118	trials	2.0	1649.254832	1650.92137	1652.5645060000002	1653.2584740000002	1648.4730200000001	1651.939468			1.0	2.0	0.0	3.0					
1656.944	10.160000000000082	trials	2.0	1661.4571700000001	1663.181278			1660.919292	1664.3116160000002	1666.144	1667.104	2.0		1.0	1.0					
1670.164	5.923000000000002	trials	2.0	1672.079044	1673.6161240000001	1675.3977040000002	1676.090388	1671.272042	1674.7816220000002			1.0	2.0	0.0	3.0					
1678.779	9.123000000000047	trials	2.0	1683.84987	1685.9510460000001	1687.4718480000001	1687.9073620000001	1683.276838	1686.8856420000002			1.0	1.0	0.0	3.0					
1690.804	6.6599999999998545	trials	2.0	1694.0502000000001	1695.786348	1696.93407	1697.4700340000002	1693.2915360000002	1696.39662			1.0	1.0	0.0	3.0					
1699.283	8.836000000000013	trials	2.0	1703.1424020000002	1704.586898	1707.684868	1708.126048	1702.6083500000002	1704.583388			2.0		0.0	2.0					
1708.668	11.785000000000082	trials	2.0	1717.3049440000002	1719.054028	1720.0008320000002	1720.45667	1716.526164	1719.4880460000002			1.0	2.0	0.0	3.0					
1723.334	10.274999999999864	trials	2.0	1730.932876	1731.6126980000001			1730.2210300000002	1731.6036840000002			1.0		0.0	2.0					
1737.619	35.305000000000064	trials	2.0	1769.5953220000001	1770.7829740000002	1772.766712	1772.9304240000001	1768.751138	1770.769546			2.0		0.0	2.0					
1775.804	5.169999999999845	trials	2.0	1777.7115640000002	1779.4913760000002	1780.4648860000002	1780.980278	1776.4268180000001	1779.938742			1.0	1.0	0.0	3.0					
1784.799	9.278999999999996	trials	2.0	1786.449914	1787.797188	1788.810328	1789.2628200000001	1785.214784	1788.404806	1789.764	1790.477	1.0	2.0	1.0	1.0					
1794.53	4.6440000000000055	trials	2.0	1796.395066	1797.771768	1798.675776	1799.1845460000002	1794.0884800000001	1798.2154480000002			1.0	2.0	0.0	3.0					
1801.002	9.241999999999962	trials	2.0	1807.0348920000001	1808.728014	1809.6906760000002	1810.254406	1806.110948	1809.1135880000002			1.0	1.0	0.0	3.0					
1814.063	6.410999999999831	trials	2.0	1816.9848860000002	1819.0503560000002	1820.0186760000001	1820.482782	1816.33302	1819.485376			1.0	2.0	0.0	3.0					
1822.294	11.839999999999918	trials	2.0	1830.766724	1832.6454540000002	1833.5270520000001	1834.1428	1829.9609220000002	1832.9635360000002			1.0	1.0	0.0	3.0					
1837.859	6.966000000000122	trials	2.0	1840.4169780000002	1841.682274			1839.78256	1842.685124			2.0		1.0	1.0					
1847.244	12.680000000000064	trials	2.0	1856.2302320000001	1858.116968	1859.3994440000001	1859.93405	1855.6906020000001	1858.899746			1.0	2.0	0.0	3.0					
1861.724	7.426000000000158	trials	2.0	1865.408204	1867.234472	1868.6683480000002	1869.1578040000002	1864.7664300000001	1867.814186			1.0	1.0	0.0	3.0					
1873.002	12.927000000000135	trials	2.0	1881.614962	1882.924808	1884.0383760000002	1884.5629600000002	1880.735302	1883.6398980000001	1884.794	1885.929	1.0	2.0	1.0	1.0					
1887.954	6.621000000000095	trials	2.0	1891.0655020000002	1893.1421220000002	1894.091004	1894.585698	1890.0892600000002	1893.606344			1.0	2.0	0.0	3.0					
1897.434	9.704999999999927	trials	2.0	1902.8605280000002	1904.6567180000002	1906.678042	1907.14847	1901.995676	1905.407056			1.0	1.0	0.0	3.0					
1909.004	9.792000000000144	trials	2.0	1915.825172	1917.017278	1918.157324	1918.80159	1914.8889920000001	1917.651796			1.0	2.0	0.0	3.0					
1922.533	20.24200000000019	trials	2.0	1937.855416	1939.4889420000002	1940.826334	1941.3718020000001	1936.869756	1940.285296	1941.499	1942.775	1.0	2.0	1.0	1.0					
1945.83	7.399000000000115	trials	2.0	1947.58336	1949.4421300000001	1951.075194	1951.655676	1946.929394	1950.5928780000002	1951.704	1953.229	1.0	2.0	1.0	1.0					
1955.27	6.805000000000064	trials	2.0	1957.6954580000001	1959.4677960000001			1956.8755820000001	1959.855622			2.0		1.0	1.0					
1964.529	6.089999999999918	trials	2.0	1966.1677120000002	1968.0555080000001	1970.05953	1970.6260080000002	1965.351462	1969.3302800000001			1.0	2.0	0.0	3.0					
1973.389	9.958000000000084	trials	2.0	1976.351096	1977.7620060000002	1980.9916660000001	1981.816072	1975.5128900000002	1980.0761060000002	1981.704	1983.347	1.0	1.0	1.0	1.0					
1986.379	8.420000000000073	trials	2.0	1988.0872940000002	1989.1859140000001			1987.1686200000001	1990.581314			2.0		1.0	1.0					
1996.221	8.218000000000075	trials	2.0	1997.9757840000002	1999.4973420000001			1994.810058	1999.908914			2.0		1.0	1.0					
2006.574	5.16599999999994	trials	2.0	2008.53215	2010.37391	2011.154072	2011.748438	2004.447542	2010.6409580000002			1.0	1.0	0.0	3.0					
2014.518	9.884000000000015	trials	2.0	2019.652906	2021.3391980000001	2023.599608	2024.4054580000002	2019.00207	2022.997192			1.0	2.0	0.0	3.0					
2026.98	11.499000000000024	trials	2.0	2033.3112580000002	2035.049946	2038.152064	2038.48846	2032.749972	2035.0393880000001			2.0		0.0	2.0					
2039.059	11.218000000000075	trials	2.0	2046.3813840000003	2048.283892	2049.44857	2050.287108	2045.690416	2048.9407180000003			1.0	2.0	0.0	3.0					
2052.775	5.799999999999727	trials	2.0	2056.01191	2056.572512			2055.29233	2056.559288			1.0		0.0	2.0					
2062.625	13.454000000000178	trials	2.0	2067.656292	2069.824038			2067.079874	2070.681478			2.0		1.0	1.0					
2077.424	4.574999999999818	trials	2.0	2079.23357	2080.798232	2081.567422	2082.00931	2076.0908320000003	2080.958854			1.0	1.0	0.0	3.0					
2085.954	9.184999999999945	trials	2.0	2090.824576	2092.039482	2093.2417020000003	2093.856678	2090.25182	2092.7471760000003	2093.95	2095.139	1.0	2.0	1.0	1.0					
2098.167	5.349999999999909	trials	2.0	2100.111362	2101.762948	2102.632796	2103.52409	2099.337398	2102.0942			1.0	2.0	0.0	3.0					
2104.986	10.303000000000338	trials	2.0	2111.3815400000003	2112.528924	2114.7815880000003	2115.298576	2110.510836	2114.0820040000003			1.0	1.0	0.0	3.0					
2119.107	11.387000000000171	trials	2.0	2126.9627880000003	2128.8578620000003	2130.00829	2130.504708	2125.96966	2129.239642			1.0	2.0	0.0	3.0					
2133.361	14.478000000000065	trials	2.0	2142.904472	2144.226794	2146.0972300000003	2146.608802	2142.375822	2145.2003680000003	2146.889	2147.839	1.0	2.0	1.0	1.0					
2151.864	6.291000000000167	trials	2.0	2153.79287	2155.638916	2157.964814	2158.1625400000003	2152.048694	2155.629668			2.0		0.0	2.0					
2161.65	5.644999999999982	trials	2.0	2163.95663	2165.034898	2166.460344	2167.30503	2163.371966	2165.99209			1.0	2.0	0.0	3.0					
2169.839	15.170000000000073	trials	2.0	2176.7171940000003	2177.9598880000003			2176.179146	2179.4845720000003			2.0		1.0	1.0					
2185.309	5.1899999999996	trials	2.0	2187.161266	2188.775952	2190.02005	2190.511014	2185.019204	2189.351538			1.0	1.0	0.0	3.0					
2192.303	12.320999999999913	trials	2.0	2200.316396	2202.343542	2203.719556	2204.63689	2199.513528	2203.126118			1.0	2.0	0.0	3.0					
2206.099	23.659999999999854	trials	2.0	2212.667998	2214.435304	2225.39528	2226.019276	2212.072006	2215.3565040000003	2225.99	2226.99	1.0	1.0	1.0	1.0					
2230.014	4.690000000000055	trials	2.0	2231.9223580000003	2233.252482	2234.1569640000002	2234.714338	2229.769012	2233.60039			1.0	1.0	0.0	3.0					
2238.484	6.950000000000273	trials	2.0	2240.61782	2242.174864	2243.4277700000002	2244.110146	2239.958904	2242.921964	2244.099	2245.434	1.0	2.0	1.0	1.0					
2249.471	6.751000000000204	trials	2.0	2251.636888	2253.36727	2254.37881	2254.8887520000003	2250.82178	2253.807452	2255.009	2256.222	1.0	2.0	1.0	1.0					
2258.249	5.845000000000255	trials	2.0	2260.858698	2261.973638	2263.3947080000003	2264.106126	2260.147438	2262.8813720000003			1.0	2.0	0.0	3.0					
2267.737	9.735000000000127	trials	2.0	2273.156888	2273.408922	2277.2612200000003	2277.478242	2272.500138	2273.4023620000003			2.0		0.0	2.0					
2277.479	13.120000000000346	trials	2.0	2286.682238	2287.8937880000003	2290.02541	2290.607046	2285.69864	2289.464364			1.0	1.0	0.0	3.0					
2292.42	10.134000000000015	trials	2.0	2298.683468	2299.703508			2297.71087	2300.306588			2.0		1.0	1.0					
2305.035	8.088999999999942	trials	2.0	2306.8619040000003	2308.7340520000002	2312.795662	2313.13643	2306.352436	2308.7277480000002			2.0		0.0	2.0					
2314.796	9.678000000000338	trials	2.0	2320.932178	2322.8270700000003	2323.903878	2324.485614	2320.090756	2323.400322			1.0	1.0	0.0	3.0					
2326.268	11.851000000000113	trials	2.0	2333.927534	2335.759212	2337.401022	2338.1311140000003	2333.3178000000003	2336.89555			1.0	2.0	0.0	3.0					
2339.739	21.13000000000011	trials	2.0	2357.237548	2358.966022	2360.388464	2360.880372	2356.537402	2359.717332			1.0	1.0	0.0	3.0					
2363.72	8.233000000000175	trials	2.0	2366.952732	2368.49861	2371.220304	2371.956706	2366.2176400000003	2370.643224			1.0	2.0	0.0	3.0					
2374.566	11.089000000000397	trials	2.0	2380.871808	2382.073704	2383.721144	2384.451648	2380.014862	2383.178248	2384.544	2385.655	1.0	2.0	1.0	1.0					
2389.669	7.4650000000001455	trials	2.0	2391.53703	2392.729218	2395.263226	2395.816666	2390.700384	2394.671284	2396.049	2397.134	1.0	2.0	1.0	1.0					
2400.155	5.41399999999976	trials	2.0	2402.036882	2403.326418	2404.843076	2405.579254	2401.432694	2404.273708			1.0	2.0	0.0	3.0					
2408.179	16.185999999999694	trials	2.0	2416.072182	2417.5142960000003			2415.132414	2418.9028820000003			2.0		1.0	1.0					
2424.834	6.36200000000008	trials	2.0	2426.517514	2428.14961	2429.594304	2429.964966	2424.37617	2428.7879780000003	2430.272	2431.196	1.0	2.0	1.0	1.0					
2433.219	5.898999999999887	trials	2.0	2435.537028	2436.670482	2438.578282	2439.126644	2434.788906	2438.067516			1.0	2.0	0.0	3.0					
2442.899	10.849999999999909	trials	2.0	2448.643618	2450.21378			2447.995176	2451.174714	2453.155	2453.749	2.0		1.0	1.0					
2455.769	6.640000000000327	trials	2.0	2457.928762	2458.9841180000003	2460.751382	2461.32877	2457.333936	2460.16292	2461.394	2462.409	1.0	1.0	1.0	1.0					
2465.439	5.079000000000178	trials	2.0	2467.242266	2468.70412	2469.968128	2470.524922	2466.039034	2469.454628			1.0	1.0	0.0	3.0					
2473.33	6.7849999999998545	trials	2.0	2475.3853200000003	2477.14978	2478.229154	2478.8195840000003	2474.3708260000003	2477.714774	2478.969	2480.115	1.0	2.0	1.0	1.0					
2482.139	5.833000000000084	trials	2.0	2484.718044	2485.854032	2487.404	2487.9833	2483.833076	2486.84069			1.0	2.0	0.0	3.0					
2491.754	7.731000000000222	trials	2.0	2495.7302680000003	2497.4437820000003	2498.924816	2499.494152	2494.847288	2497.88149			1.0	1.0	0.0	3.0					
2502.252	13.092000000000098	trials	2.0	2510.332248	2511.636648	2513.474134	2514.01105	2509.5140340000003	2512.883958	2514.24	2515.344	1.0	2.0	1.0	1.0					
2517.379	7.769999999999982	trials	2.0	2519.77406	2520.947344			2519.27012	2522.085154	2524.234	2525.149	2.0		1.0	1.0					
2527.174	6.474999999999909	trials	2.0	2528.7682680000003	2530.7125	2531.989558	2532.5978020000002	2527.614024	2531.314624			1.0	1.0	0.0	3.0					
2534.349	8.289999999999964	trials	2.0	2539.2503300000003	2541.063704	2542.156432	2542.6482	2538.656802	2541.5291620000003			1.0	1.0	0.0	3.0					
2545.484	7.880999999999858	trials	2.0	2548.848192	2550.01472			2548.065306	2550.909176	2552.819	2553.365	2.0		1.0	1.0					
2556.384	4.7150000000001455	trials	2.0	2558.243468	2559.101092			2556.459946	2559.097456			1.0		0.0	2.0					
2564.109	4.735000000000127	trials	2.0	2565.641588	2566.98552	2568.31362	2568.8543480000003	2564.602228	2567.847284			1.0	2.0	0.0	3.0					
2572.682	9.14700000000039	trials	2.0	2577.2075720000003	2578.393864	2579.9679920000003	2580.514598	2576.4165860000003	2579.464218	2580.584	2581.829	1.0	2.0	1.0	1.0					
2584.874	6.204000000000178	trials	2.0	2586.74336	2587.969364			2586.1316	2588.760652			2.0		1.0	1.0					
2593.533	5.197000000000116	trials	2.0	2595.618166	2596.9047140000002	2598.253172	2598.743538	2594.92612	2597.7666600000002			1.0	1.0	0.0	3.0					
2602.579	6.302999999999884	trials	2.0	2605.444722	2606.82479	2608.242732	2608.8915540000003	2604.5895840000003	2607.563698			1.0	2.0	0.0	3.0					
2612.564	12.515000000000327	trials	2.0	2621.457914	2623.2094420000003	2624.430874	2625.09069	2620.5933560000003	2623.970972			1.0	1.0	0.0	3.0					
2627.76	12.205999999999676	trials	2.0	2633.0637500000003	2634.34157	2639.4723280000003	2639.973782	2632.325894	2638.962684			1.0	2.0	0.0	3.0					
2643.789	5.649999999999636	trials	2.0	2645.68334	2647.4405260000003			2645.014174	2647.424012			2.0		0.0	2.0					
2651.474	17.11999999999989	trials	2.0	2659.811174	2661.29665			2658.912886	2663.020096	2657.04	2657.124	2.0		1.0	1.0					
2669.564	6.139000000000124	trials	2.0	2671.178616	2673.074752	2674.018904	2674.385118	2668.604836	2673.246482	2674.664	2675.703	1.0	2.0	1.0	1.0					
2678.75	5.235999999999876	trials	2.0	2680.653406	2682.439352	2683.403144	2684.000136	2679.88218	2682.932218			1.0	2.0	0.0	3.0					
2685.752	11.057000000000244	trials	2.0	2692.291616	2694.119884	2695.117588	2695.747988	2691.5361040000003	2694.5820240000003	2695.844	2696.809	1.0	1.0	1.0	1.0					
2700.829	5.062999999999647	trials	2.0	2702.7516060000003	2704.713122	2705.356924	2705.898978	2700.9291000000003	2704.7700760000002			1.0	2.0	0.0	3.0					
2708.729	8.100000000000364	trials	2.0	2713.626102	2714.823456	2716.2194400000003	2716.8425660000003	2712.730948	2715.588082			1.0	1.0	0.0	3.0					
2720.544	28.640000000000327	trials	2.0	2745.313702	2746.465622	2747.432298	2747.907466	2744.67665	2746.9426240000003	2748.204	2749.184	1.0	2.0	1.0	1.0					
2752.2	5.371000000000095	trials	2.0	2753.969062	2755.2007200000003	2756.94527	2757.58525	2753.446632	2756.367568			1.0	2.0	0.0	3.0					
2760.279	24.947999999999865	trials	2.0	2782.630372	2784.2452160000003	2784.855828	2785.2334880000003	2781.690152	2784.246024			1.0	1.0	0.0	3.0					
2787.184	10.449999999999818	trials	2.0	2794.784064	2796.594614	2797.123246	2797.647744	2794.2633840000003	2796.586218			1.0	2.0	0.0	3.0					
2800.464	10.039999999999964	trials	2.0	2806.153652	2807.955172	2810.0326560000003	2810.5164480000003	2805.543594	2808.964734			1.0	1.0	0.0	3.0					
2813.354	9.940000000000055	trials	2.0	2818.708512	2820.2099040000003	2821.56882	2822.0772460000003	2817.8805740000003	2821.066678	2822.264	2823.294	1.0	2.0	1.0	1.0					
2826.334	7.140000000000327	trials	2.0	2828.149288	2829.265942	2831.46025	2832.0987880000002	2827.5534700000003	2830.952934	2832.219	2833.474	1.0	2.0	1.0	1.0					
2835.554	11.079999999999927	trials	2.0	2838.373476	2840.04732	2841.243352	2841.79668	2837.580758	2840.76823	2842.044	2843.092	1.0	2.0	1.0	1.0					
2847.124	4.4350000000004	trials	2.0	2848.888014	2850.032178	2851.038606	2851.5699560000003	2846.646936	2850.4357640000003			1.0	2.0	0.0	3.0					
2853.354	13.200000000000273	trials	2.0	2859.8804720000003	2861.0070920000003			2858.903936	2861.988852			2.0		1.0	1.0					
2867.587	7.945999999999913	trials	2.0	2869.2362080000003	2870.605926			2866.567168	2871.4310960000003	2874.384	2875.533	2.0		1.0	1.0					
2876.124	5.003000000000156	trials	2.0	2878.064034	2879.35111	2880.710066	2881.141768	2877.11528	2880.1611700000003			1.0	1.0	0.0	3.0					
2883.03	11.298999999999978	trials	2.0	2886.937708	2888.245712			2886.2904000000003	2888.914132			2.0		1.0	1.0					
2895.643	5.842999999999847	trials	2.0	2897.319324	2898.66701	2899.618984	2900.149682	2894.343576	2899.071566	2900.325	2901.486	1.0	2.0	1.0	1.0					
2903.549	9.909999999999854	trials	2.0	2905.679674	2907.591176	2908.6507540000002	2909.347382	2904.9827060000002	2908.1317480000002	2909.45	2910.655	1.0	2.0	1.0	1.0					
2914.694	5.195000000000164	trials	2.0	2916.569184	2917.8917460000002			2913.473436	2917.881614			1.0		0.0	2.0					
2921.894	10.875	trials	2.0	2924.719638	2926.0075380000003			2923.937946	2926.816848			2.0		1.0	1.0					
2933.594	4.882999999999811	trials	2.0	2935.4046120000003	2937.00068	2938.056308	2938.486898	2932.781636	2937.552528			1.0	1.0	0.0	3.0					
2941.374	5.781000000000404	trials	2.0	2943.35851	2945.2435060000003	2946.523784	2947.166262	2942.838378	2945.979488			1.0	2.0	0.0	3.0					
2949.889	9.100999999999658	trials	2.0	2954.640852	2955.867702			2953.761482	2956.496422			2.0		1.0	1.0					
2961.414	12.0949999999998	trials	2.0	2968.702112	2970.4454800000003			2967.749842	2970.928498	2972.714	2973.509	2.0		1.0	1.0					
2977.53	5.218999999999596	trials	2.0	2979.1737120000003	2980.601264	2982.1619760000003	2982.760184	2977.878798	2981.607606			1.0	1.0	0.0	3.0					
2984.484	7.3409999999998945	trials	2.0	2987.87986	2989.58579	2991.0656240000003	2991.835302	2986.9200220000002	2990.544622			1.0	2.0	0.0	3.0					
2995.384	10.335999999999785	trials	2.0	3001.2656580000003	3002.976466	3004.907092	3005.734276	3000.565596	3004.14658			1.0	1.0	0.0	3.0					
3009.268	8.141000000000076	trials	2.0	3011.7845620000003	3013.4216	3015.395118	3016.055862	3010.866728	3014.818634	3016.159	3017.409	1.0	2.0	1.0	1.0					
3019.434	6.708999999999833	trials	2.0	3022.077302	3023.131534			3021.4951	3023.944942			2.0		1.0	1.0					
3028.674	9.123000000000047	trials	2.0	3030.6110360000002	3031.73133			3028.831912	3032.468122			2.0		1.0	1.0					
3039.049	4.608999999999924	trials	2.0	3040.716244	3041.6582160000003			3037.81248	3041.649758			1.0		0.0	2.0					
3047.709	14.870000000000346	trials	2.0	3049.3461660000003	3050.64168	3060.383038	3061.11414	3047.856084	3051.13456	3061.204	3062.579	1.0	2.0	1.0	1.0					
3064.605	6.309999999999945	trials	2.0	3067.2795340000002	3068.95128	3070.382098	3070.93028	3066.4236100000003	3069.863134			1.0	2.0	0.0	3.0					
3073.714	9.164999999999964	trials	2.0	3078.924852	3080.776554	3082.252942	3082.894136	3078.0232960000003	3081.649316			1.0	1.0	0.0	3.0					
3085.581	7.263999999999669	trials	2.0	3089.983556	3091.706044	3092.5378180000002	3092.82025	3089.4434300000003	3091.996962			1.0	1.0	0.0	3.0					
3095.849	6.234999999999673	trials	2.0	3098.124558	3099.3229340000003			3097.173014	3099.99865			2.0		1.0	1.0					
3105.625	5.143999999999778	trials	2.0	3107.265812	3108.71714			3106.030834	3108.712278			1.0		0.0	2.0					
3112.784	10.884999999999764	trials	2.0	3116.444712	3118.173186	3118.989036	3119.3888420000003	3115.631174	3118.584846	3119.584	3120.552	1.0	2.0	1.0	1.0					
3124.574	6.519999999999982	trials	2.0	3126.506232	3127.6570220000003	3129.379604	3129.762106	3123.6832600000002	3128.890446	3130.075	3131.094	1.0	2.0	1.0	1.0					
3133.129	9.2800000000002	trials	2.0	3135.103168	3136.491324			3134.3200340000003	3137.017474	3138.914	3139.45	2.0		1.0	1.0					
3142.469	4.432999999999993	trials	2.0	3144.370604	3145.5121360000003	3146.456564	3146.917026	3142.424852	3145.916772			1.0	2.0	0.0	3.0					
3148.789	9.379999999999654	trials	2.0	3154.22005	3155.8375300000002	3157.7449460000003	3158.18267	3153.5385220000003	3157.159596			1.0	1.0	0.0	3.0					
3160.082	9.541999999999916	trials	2.0	3165.615072	3166.807136	3168.913516	3169.63718	3165.021298	3168.365834			1.0	2.0	0.0	3.0					
3173.24	5.8090000000001965	trials	2.0	3175.98984	3177.2227120000002	3178.596198	3179.060886	3175.0998640000003	3177.972			1.0	1.0	0.0	3.0					
3182.924	10.440999999999804	trials	2.0	3185.00257	3186.34339			3184.026068	3187.149902	3188.984	3190.634	2.0		1.0	1.0					
3193.649	23.641000000000076	trials	2.0	3203.874664	3205.358788	3216.734818	3217.3052580000003	3203.335802	3206.4650420000003			1.0	2.0	0.0	3.0					
3219.049	12.264999999999873	trials	2.0	3225.8747820000003	3227.9120040000003	3229.529662	3230.151068	3225.28552	3228.8481580000002	3230.194	3231.314	1.0	2.0	1.0	1.0					
3233.334	14.0	trials	2.0	3237.4346	3238.5217660000003			3236.5181820000003	3239.4196540000003	3241.189	3243.696	2.0		1.0	1.0					
3247.754	5.065000000000055	trials	2.0	3249.516064	3251.1869540000002	3252.4177680000003	3252.83413	3247.3477080000002	3251.7236120000002			1.0	1.0	0.0	3.0					
3256.729	6.210000000000036	trials	2.0	3259.182294	3260.593594	3262.2960940000003	3262.950858	3258.6583060000003	3261.728482			1.0	2.0	0.0	3.0					
3265.643	14.820999999999913	trials	2.0	3275.115198	3276.892698	3278.3011500000002	3279.035104	3274.30039	3277.771284	3279.099	3280.464	1.0	2.0	1.0	1.0					
3283.49	4.665000000000418	trials	2.0	3285.995436	3287.121242	3287.834256	3288.092572	3285.238804	3287.065252			1.0	1.0	0.0	3.0					
3292.159	7.080999999999676	trials	2.0	3295.496348	3297.147276	3298.6982700000003	3299.25531	3294.894906	3298.1865080000002			1.0	2.0	0.0	3.0					
3302.019	12.68100000000004	trials	2.0	3309.44628	3311.131984	3312.718162	3313.3974820000003	3308.752264	3312.1696540000003	3313.399	3314.7	1.0	2.0	1.0	1.0					
3317.736	7.503999999999905	trials	2.0	3320.330198	3322.187364			3319.455446	3322.734982			2.0		1.0	1.0					
3327.799	6.949999999999818	trials	2.0	3330.529462	3332.0421420000002			3329.8693200000002	3332.4110800000003	3334.365	3334.749	2.0		1.0	1.0					
3336.769	7.675000000000182	trials	2.0	3338.990678	3340.177784	3342.367838	3342.993804	3338.1811000000002	3341.7185320000003	3343.194	3344.444	1.0	2.0	1.0	1.0					
3347.464	10.05099999999993	trials	2.0	3349.835574	3351.012874			3348.3536240000003	3352.17346	3354.059	3354.546	2.0		1.0	1.0					
3357.564	5.710000000000036	trials	2.0	3359.5418680000002	3361.217896	3361.909778	3362.386466	3357.52994	3361.215			1.0		0.0	2.0					
3367.284	8.657999999999902	trials	2.0	3371.540438	3373.03724	3375.3170020000002	3375.9525280000003	3370.77085	3374.702402			1.0	2.0	0.0	3.0					
3377.66	15.483999999999924	trials	2.0	3386.321166	3387.470192	3391.046496	3391.7109100000002	3385.58783	3390.3467960000003	3391.814	3393.144	1.0	2.0	1.0	1.0					
3395.164	12.240999999999985	trials	2.0	3398.186932	3399.597826	3401.5366280000003	3402.2393	3397.349726	3400.925244	3402.464	3403.7	1.0	2.0	1.0	1.0					
3407.719	6.480999999999767	trials	2.0	3409.4190040000003	3411.377324			3407.416446	3411.983956			2.0		1.0	1.0					
3416.669	6.775000000000091	trials	2.0	3418.96399	3420.9242280000003	3422.8984920000003	3423.45652	3418.071808	3422.345468			1.0	2.0	0.0	3.0					
3427.236	10.258000000000266	trials	2.0	3431.563254	3432.847826	3436.406286	3437.025502	3430.745248	3435.77214			1.0	2.0	1.0	1.0					
3441.986	1923.6630000000005	BlockDesign														1.0	309.0	466.0	50.0	10.0
3441.986	15.054000000000087	trials	3.0	3448.8761600000003	3450.8051020000003			3448.046692	3451.226606	3453.075	3453.684	2.0		1.0	1.0					
3457.704	7.076000000000022	trials	3.0	3459.521918	3461.083168	3463.276168	3463.591056	3457.054602	3461.073134			1.0		0.0	2.0					
3466.174	11.163000000000011	trials	3.0	3473.01661	3474.1880140000003			3472.260834	3474.7440300000003	3476.674	3477.337	2.0		1.0	1.0					
3480.424	6.5349999999998545	trials	3.0	3482.551766	3483.9978060000003	3486.440262	3486.973962	3482.014212	3485.83635			1.0	1.0	0.0	3.0					
3488.804	8.664999999999964	trials	3.0	3492.03107	3493.9163160000003	3495.370644	3495.953196	3491.260318	3494.8598540000003	3495.99	3497.469	1.0	2.0	1.0	1.0					
3499.299	9.740999999999985	trials	3.0	3501.6609120000003	3503.452522			3500.797782	3503.8803740000003			2.0		1.0	1.0					
3509.768	5.338999999999942	trials	3.0	3511.6263400000003	3513.5297960000003	3514.499432	3515.116288	3509.05321	3513.963638			1.0	2.0	0.0	3.0					
3517.834	14.990999999999985	trials	3.0	3529.454478	3530.760192	3532.238654	3532.841536	3528.930482	3531.71579			1.0	2.0	0.0	3.0					
3536.565	6.1590000000001055	trials	3.0	3538.65486	3540.044172	3541.875224	3542.740368	3537.9783500000003	3541.310916			1.0	2.0	0.0	3.0					
3545.209	11.450000000000273	trials	3.0	3552.066326	3553.215588	3555.98534	3556.675932	3551.379042	3555.424176			1.0	2.0	0.0	3.0					
3558.304	10.05099999999993	trials	3.0	3563.9817040000003	3565.841712	3567.895742	3568.367722	3563.2115320000003	3567.2208800000003			1.0	1.0	0.0	3.0					
3570.229	9.789000000000215	trials	3.0	3576.2377	3578.09541	3579.29196	3580.031688	3575.400054	3578.682808			1.0	2.0	0.0	3.0					
3581.629	19.090000000000146	trials	3.0	3597.07195	3598.491164	3600.04369	3600.735016	3596.0909300000003	3599.4748600000003			1.0	2.0	0.0	3.0					
3602.422	12.132000000000062	trials	3.0	3609.476752	3610.679642			3608.891232	3612.243348			2.0		1.0	1.0					
3618.028	4.680000000000291	trials	3.0	3620.231772	3621.406864	3622.375668	3622.721802	3619.435368	3621.832022			1.0	1.0	0.0	3.0					
3626.745	18.894000000000233	trials	3.0	3637.1200160000003	3638.568452			3636.580124	3638.8596660000003			2.0		1.0	1.0					
3645.855	4.358999999999924	trials	3.0	3647.44164	3648.2201800000003			3645.6540720000003	3648.215224			1.0		0.0	2.0					
3652.229	6.4650000000001455	trials	3.0	3654.651676	3655.801574	3658.120256	3658.7082880000003	3654.088756	3657.607492			1.0	2.0	0.0	3.0					
3660.454	11.655999999999949	trials	3.0	3667.986718	3669.603686			3667.238308	3669.7233420000002			2.0		1.0	1.0					
3675.629	4.925000000000182	trials	3.0	3677.461368	3678.93557	3680.043092	3680.56831	3675.952366	3679.334958			1.0	2.0	0.0	3.0					
3682.393	8.826000000000022	trials	3.0	3686.0815580000003	3688.08815	3689.6245320000003	3690.231268	3685.24609	3689.052992	3690.464	3691.219	1.0	1.0	1.0	1.0					
3694.244	5.929999999999836	trials	3.0	3695.986934	3697.6844180000003	3699.429426	3700.188238	3695.109188	3698.876128			1.0	2.0	0.0	3.0					
3703.749	9.175000000000182	trials	3.0	3708.78508	3711.073072	3712.40733	3712.93777	3708.1385800000003	3711.712646			1.0	1.0	0.0	3.0					
3716.754	7.430000000000291	trials	3.0	3719.807428	3721.103978	3723.54642	3724.1964820000003	3718.991656	3722.9978			1.0	2.0	0.0	3.0					
3727.874	11.565000000000055	trials	3.0	3736.1972260000002	3737.27394	3739.0324920000003	3739.454982	3735.373442	3738.5290560000003			1.0	1.0	0.0	3.0					
3742.364	8.960999999999785	trials	3.0	3746.926418	3748.168438	3750.532978	3751.3369820000003	3746.37001	3750.014444			1.0	2.0	0.0	3.0					
3753.908	8.641000000000076	trials	3.0	3758.5705820000003	3759.797746			3757.67844	3760.216316			2.0		1.0	1.0					
3766.121	11.958000000000084	trials	3.0	3769.843494	3771.068878			3768.986292	3771.675164	3773.769	3774.835	2.0		1.0	1.0					
3778.854	4.753000000000156	trials	3.0	3780.4988820000003	3782.155388	3783.2153860000003	3783.6170700000002	3778.097068	3782.597648			1.0	1.0	0.0	3.0					
3786.539	7.934999999999945	trials	3.0	3789.187676	3790.269222	3793.744834	3794.49053	3788.432444	3793.103424			1.0	2.0	0.0	3.0					
3798.064	9.650000000000091	trials	3.0	3802.912406	3804.964382			3802.072816	3804.908504			2.0		1.0	1.0					
3810.25	4.7800000000002	trials	3.0	3811.798906	3813.099494	3814.582836	3815.0424120000002	3810.468958	3813.709966			1.0	1.0	0.0	3.0					
3817.914	7.254999999999654	trials	3.0	3821.782174	3822.9973840000002	3824.675956	3825.18338	3821.130974	3824.211114			1.0	2.0	0.0	3.0					
3827.002	14.932999999999993	trials	3.0	3838.330424	3839.446354	3841.540196	3841.9487320000003	3837.7548340000003	3841.054924			1.0	2.0	0.0	3.0					
3844.874	17.498000000000047	trials	3.0	3859.07864	3861.055152	3862.001478	3862.388398	3858.5199700000003	3860.99411			1.0	1.0	0.0	3.0					
3866.334	5.027000000000044	trials	3.0	3867.8677040000002	3869.425752	3870.773196	3871.375152	3867.089198	3870.299572			1.0	2.0	0.0	3.0					
3875.094	8.400000000000091	trials	3.0	3879.197626	3880.439238			3878.674528	3881.3430120000003			2.0		1.0	1.0					
3886.021	4.902999999999793	trials	3.0	3887.641658	3889.2042340000003	3890.550956	3890.923448	3886.67627	3889.9393720000003			1.0	2.0	0.0	3.0					
3894.879	15.411000000000058	trials	3.0	3905.2873520000003	3906.4641220000003	3908.338494	3908.931846	3904.283784	3907.4743280000002	3908.984	3910.29	1.0	2.0	1.0	1.0					
3912.309	7.0649999999996	trials	3.0	3914.728158	3916.3122980000003	3919.060168	3919.389146	3914.055488	3916.30253			2.0		0.0	2.0					
3921.33	7.450000000000273	trials	3.0	3925.08271	3927.084392	3928.23047	3928.7956320000003	3924.359098	3927.697526			1.0	2.0	0.0	3.0					
3930.599	17.335000000000036	trials	3.0	3942.808636	3944.410668	3945.897304	3946.588326	3942.292106	3945.4436880000003	3946.689	3947.934	1.0	1.0	1.0	1.0					
3949.999	6.585000000000036	trials	3.0	3953.192822	3954.382294	3956.124306	3956.6011120000003	3952.511198	3955.524962			1.0	2.0	0.0	3.0					
3959.455	9.043999999999869	trials	3.0	3964.278054	3965.934004			3963.7075480000003	3966.396924			2.0		1.0	1.0					
3970.969	10.360000000000127	trials	3.0	3972.974176	3974.89486	3976.333682	3976.9749380000003	3971.630236	3975.658184	3977.014	3978.026	1.0	1.0	1.0	1.0					
3982.002	5.461999999999989	trials	3.0	3983.85431	3985.8199560000003	3986.967532	3987.481748	3981.345558	3986.267158			1.0	2.0	0.0	3.0					
3991.289	7.7409999999999854	trials	3.0	3994.17485	3995.892418	3997.12294	3997.764388	3993.5213280000003	3996.56359			1.0	2.0	0.0	3.0					
3999.439	12.16000000000031	trials	3.0	4005.791378	4007.684886	4009.4206360000003	4010.283698	4005.1856780000003	4008.75887	4010.2	4011.599	1.0	1.0	1.0	1.0					
4013.623	8.40099999999984	trials	3.0	4017.528306	4019.000096	4020.205986	4020.753168	4016.919946	4019.581896	4020.919	4022.024	1.0	2.0	1.0	1.0					
4026.044	5.986000000000331	trials	3.0	4027.64851	4028.910236	4030.03144	4030.5005340000002	4026.250728	4029.4263300000002			1.0	2.0	0.0	3.0					
4033.361	10.981000000000222	trials	3.0	4038.106952	4039.5397000000003	4042.34016	4043.160894	4037.5219580000003	4041.27769	4043.084	4044.342	1.0	1.0	1.0	1.0					
4047.369	5.2199999999998	trials	3.0	4049.35025	4051.0045560000003	4052.030202	4052.603336	4047.741058	4051.58428			1.0	1.0	0.0	3.0					
4055.379	13.920000000000073	trials	3.0	4062.044512	4063.723384			4061.177752	4064.00709			2.0		1.0	1.0					
4070.768	4.0909999999998945	trials	3.0	4072.64656	4072.805666	4074.1139080000003	4074.2312420000003	4069.315034	4072.801922			1.0		0.0	2.0					
4078.908	6.820999999999913	trials	3.0	4080.9259359999996	4082.4325579999995			4080.361262	4082.9408679999997	4085.254	4085.729	2.0		1.0	1.0					
4088.744	5.664999999999964	trials	3.0	4090.399	4091.748718	4092.587502	4093.2582599999996	4089.199322	4092.099366	4093.294	4094.409	1.0	1.0	1.0	1.0					
4097.435	5.973999999999251	trials	3.0	4100.160126	4101.952788	4102.772228	4103.4084379999995	4099.156059999999	4102.204024			1.0	1.0	0.0	3.0					
4106.109	7.654999999999745	trials	3.0	4110.286262	4111.843386	4113.241161999999	4113.764166	4109.423796	4112.565094			1.0	2.0	0.0	3.0					
4117.581	8.03899999999976	trials	3.0	4122.2109279999995	4123.317212	4125.114332	4125.6122159999995	4121.467514	4124.500042			1.0	1.0	0.0	3.0					
4127.444	9.476999999999862	trials	3.0	4133.7865	4135.325334	4136.344982	4136.919567999999	4133.259074	4135.712098			1.0	2.0	0.0	3.0					
4138.689	8.154999999999745	trials	3.0	4142.466649999999	4144.22415			4141.806374	4144.349896			2.0		1.0	1.0					
4151.314	5.130000000000109	trials	3.0	4153.301684	4154.668146	4155.76353	4156.44377	4152.134631999999	4155.215908			1.0	1.0	0.0	3.0					
4158.099	12.721999999999753	trials	3.0	4167.041394	4168.49349			4166.231597999999	4168.69626	4170.504	4170.821	2.0		1.0	1.0					
4172.869	6.760000000000218	trials	3.0	4175.046168	4176.78421	4177.750572	4178.330038	4174.230716	4177.237286	4178.405	4179.629	1.0	1.0	1.0	1.0					
4182.649	4.627999999999702	trials	3.0	4184.236788	4185.722812	4186.616806	4187.271616	4183.190044	4186.117772			1.0	1.0	0.0	3.0					
4189.007	11.567000000000007	trials	3.0	4197.806412	4198.902744	4200.04469	4200.571486	4197.126166	4199.565608			1.0	2.0	0.0	3.0					
4202.384	9.051000000000386	trials	3.0	4207.271278	4208.423132	4209.389798	4210.184956	4206.380631999999	4208.901551999999	4210.129	4211.435	1.0	1.0	1.0	1.0					
4213.455	6.583999999999833	trials	3.0	4215.916561999999	4217.13297	4219.280022	4220.037428	4215.180956	4218.70763			1.0	2.0	0.0	3.0					
4222.604	6.934999999999491	trials	3.0	4225.623782	4227.272693999999			4225.054762	4227.350364			2.0		1.0	1.0					
4233.096	40.491000000000895	trials	3.0	4266.571191999999	4267.928182	4268.947953999999	4269.509451999999	4265.651652	4268.416687999999	4269.619	4270.724	1.0	2.0	1.0	1.0					
4274.744	4.570999999999913	trials	3.0	4276.3741	4277.304918	4277.914036	4278.280494	4273.585526	4277.292054			1.0		0.0	2.0					
4283.325	5.503999999999905	trials	3.0	4285.410918	4287.264236	4288.316936	4288.8316859999995	4284.233446	4287.818224			1.0	2.0	0.0	3.0					
4292.705	36.10400000000027	trials	3.0	4324.884454	4326.300797999999			4324.1249179999995	4326.71363	4328.609	4328.644	2.0		1.0	1.0					
4331.364	8.280000000000655	trials	3.0	4334.965082	4336.5674659999995	4337.666896	4338.309192	4333.963498	4337.1653	4338.399	4339.644	1.0	1.0	1.0	1.0					
4342.664	9.300000000000182	trials	3.0	4344.574552	4346.184882	4347.214712	4347.84969	4342.670028	4346.5889019999995	4348.044	4349.429	1.0	1.0	1.0	1.0					
4353.498	13.676000000000386	trials	3.0	4363.743149999999	4365.21868	4366.569034	4367.175998	4363.00813	4366.0426879999995			1.0	2.0	0.0	3.0					
4369.905	7.003999999999905	trials	3.0	4372.967549999999	4374.839706			4372.148617999999	4374.830836			1.0		0.0	2.0					
4378.922	7.867000000000189	trials	3.0	4383.3256679999995	4384.874049999999	4385.952916	4386.789484	4382.807938	4385.4189639999995			1.0	2.0	0.0	3.0					
4390.28	9.128999999999905	trials	3.0	4394.227011999999	4395.289056	4397.086859999999	4397.873178	4393.43188	4396.6079	4397.839	4399.409	1.0	1.0	1.0	1.0					
4402.434	8.654999999999745	trials	3.0	4404.7033	4406.086122	4408.736594	4409.602492	4403.488472	4407.169076	4409.589	4411.089	1.0	1.0	1.0	1.0					
4413.115	8.889000000000124	trials	3.0	4414.752592	4416.776906			4414.029406	4417.220474			2.0		1.0	1.0					
4423.819	4.670999999999367	trials	3.0	4425.3384719999995	4426.48441			4422.005875999999	4426.47987			1.0		0.0	2.0					
4431.504	12.475000000000364	trials	3.0	4436.9226579999995	4438.254618			4436.035653999999	4439.00423	4440.669	4441.174	2.0		1.0	1.0					
4444.236	5.403000000000247	trials	3.0	4445.911475999999	4447.633887999999			4443.977984	4447.621924			2.0		0.0	2.0					
4451.687	8.717999999999847	trials	3.0	4456.1625699999995	4457.888844			4455.315925999999	4458.344816			2.0		1.0	1.0					
4463.924	5.02599999999984	trials	3.0	4465.872512	4467.38443	4468.46224	4468.94993	4464.0071	4467.86434			1.0	1.0	0.0	3.0					
4471.815	8.269000000000233	trials	3.0	4476.18851	4477.710622	4479.350374	4480.083036	4475.289597999999	4478.835954			1.0	2.0	0.0	3.0					
4481.679	22.729999999999563	trials	3.0	4491.643742	4493.630198	4503.629567999999	4504.410148	4490.684072	4493.5674659999995			1.0	1.0	0.0	3.0					
4505.969	10.295000000000073	trials	3.0	4512.925788	4514.510994	4515.779582	4516.26329	4512.016404	4515.308395999999			1.0	2.0	0.0	3.0					
4518.124	10.345000000000255	trials	3.0	4524.097804	4525.889314	4527.859796	4528.467916	4523.5705	4527.179458			1.0	1.0	0.0	3.0					
4532.189	7.309999999999491	trials	3.0	4535.732188	4537.183341999999	4538.815094	4539.501572	4534.965516	4538.278687999999			1.0	2.0	0.0	3.0					
4542.149	15.489999999999782	trials	3.0	4548.428146	4550.039724	4552.1574519999995	4552.642583999999	4547.738252	4551.608781999999	4552.964	4553.674	1.0	1.0	1.0	1.0					
4557.734	4.549999999999272	trials	3.0	4559.35762	4560.7595	4561.7782879999995	4562.283915999999	4557.639724	4561.230522			1.0	1.0	0.0	3.0					
4566.127	17.80699999999979	trials	3.0	4580.801108	4582.310442	4583.353998	4583.93441	4580.083296	4582.856049999999			1.0	2.0	0.0	3.0					
4587.694	8.102999999999156	trials	3.0	4593.00476	4594.860854	4595.4202319999995	4595.800298	4592.034004	4594.827977999999			1.0	1.0	0.0	3.0					
4599.754	68.8100000000004	trials	3.0	4664.348518	4666.005206			4663.592544	4666.511925999999			2.0		1.0	1.0					
4671.114	8.666000000000167	trials	3.0	4674.954718	4676.924994	4677.904688	4678.3929499999995	4674.427554	4677.366102	4678.584	4679.78	1.0	1.0	1.0	1.0					
4681.615	6.838999999999942	trials	3.0	4684.511925999999	4686.37519	4688.053996	4688.456396	4683.526976	4686.906653999999			1.0	2.0	0.0	3.0					
4691.41	5.729000000000269	trials	3.0	4693.9988539999995	4695.07528			4693.039994	4695.067628			1.0		0.0	2.0					
4700.19	5.173999999999978	trials	3.0	4702.33347	4703.2469439999995	4705.056994	4705.32129	4700.491513999999	4703.236167999999			1.0		0.0	2.0					
4707.314	8.565999999999804	trials	3.0	4710.780957999999	4712.348504	4713.140512	4714.147534	4709.920402	4712.658518	4713.824	4715.88	1.0	1.0	1.0	1.0					
4719.894	5.414999999999964	trials	3.0	4721.833785999999	4723.30546			4720.2718939999995	4723.2920619999995			1.0		0.0	2.0					
4728.367	7.891999999999825	trials	3.0	4732.698374	4734.199782	4735.750658	4736.262769999999	4731.953074	4734.901114			1.0	2.0	0.0	3.0					
4738.099	11.188999999999396	trials	3.0	4744.031574	4745.92551	4748.795266	4749.29	4743.475096	4745.921016			2.0		0.0	2.0					
4749.994	10.124000000000706	trials	3.0	4756.603582	4758.308983999999	4759.4195199999995	4760.118579999999	4756.096068	4758.901322			1.0	2.0	0.0	3.0					
4762.754	26.074999999999818	trials	3.0	4785.4404079999995	4786.676912	4788.375333999999	4788.829366	4784.907134	4787.811066			1.0	1.0	0.0	3.0					
4792.722	6.29700000000048	trials	3.0	4794.683824	4796.630472	4797.9466299999995	4798.510942	4793.723776	4797.363289999999			1.0	2.0	1.0	1.0					
4802.549	5.960000000000036	trials	3.0	4804.688372	4805.949796	4807.815004	4808.508535999999	4803.952968	4807.348379999999			1.0	2.0	0.0	3.0					
4812.194	9.179999999999382	trials	3.0	4814.184846	4815.530384			4813.200702	4816.095948			2.0		1.0	1.0					
4822.845	4.02599999999984	trials	3.0	4824.478784	4824.860058	4825.767016	4825.857728	4821.377402	4824.845499999999			1.0		0.0	2.0					
4828.884	11.529999999999745	trials	3.0	4831.6042179999995	4832.765068	4834.6389039999995	4835.230528	4830.803089999999	4834.1179059999995	4835.484	4836.619	1.0	2.0	1.0	1.0					
4840.644	5.800000000000182	trials	3.0	4842.344144	4843.360226			4840.4114039999995	4844.188642			2.0		1.0	1.0					
4849.905	5.829000000000633	trials	3.0	4851.513762	4852.66186			4850.11598	4853.621792			2.0		1.0	1.0					
4858.2	10.338999999999942	trials	3.0	4865.49723	4866.73906	4867.956826	4868.5391199999995	4864.6710539999995	4867.472602			1.0	2.0	0.0	3.0					
4870.284	11.160000000000764	trials	3.0	4876.3139759999995	4877.957378	4879.568751999999	4880.359784	4875.45	4879.068284	4880.405	4881.444	1.0	1.0	1.0	1.0					
4883.464	5.958999999999833	trials	3.0	4885.889508	4887.526454	4888.804808	4889.422799999999	4884.991857999999	4888.3083799999995			1.0	1.0	0.0	3.0					
4891.135	9.648000000000138	trials	3.0	4896.403948	4898.470632	4899.941808	4900.77961	4895.848056	4899.339239999999			1.0	2.0	0.0	3.0					
4904.284	8.4350000000004	trials	3.0	4908.438752	4910.20608			4907.693034	4910.267116			2.0		1.0	1.0					
4915.285	6.969000000000051	trials	3.0	4916.948791999999	4918.44052	4920.087848	4921.00439	4916.10217	4919.500598	4920.764	4922.254	1.0	1.0	1.0	1.0					
4924.279	7.230999999999767	trials	3.0	4926.509504	4927.840978	4929.56714	4930.086432	4925.5421479999995	4928.589615999999			1.0	2.0	0.0	3.0					
4932.929	11.199999999999818	trials	3.0	4940.15798	4942.120954	4943.311127999999	4944.13214	4939.555694	4942.769952			1.0	2.0	0.0	3.0					
4947.689	13.21099999999933	trials	3.0	4956.209494	4958.032208			4955.571918	4958.50389	4960.28	4960.9	2.0		1.0	1.0					
4963.919	10.650000000000546	trials	3.0	4969.214849999999	4970.716289999999	4972.142428	4972.961026	4968.679904	4971.595665999999	4972.819	4974.569	1.0	1.0	1.0	1.0					
4977.584	10.055000000000291	trials	3.0	4979.429521999999	4980.581414	4982.425564	4983.1257559999995	4977.5864599999995	4981.92324	4983.115	4984.829	1.0	1.0	1.0	1.0					
4987.859	5.5	trials	3.0	4989.796882	4991.776406	4992.675334	4993.359976	4987.639818	4992.16282			1.0	1.0	0.0	3.0					
4997.024	6.755999999999403	trials	3.0	5000.073883999999	5002.153367999999	5003.135942	5003.7827	4999.0803	5002.581389999999			1.0	2.0	0.0	3.0					
5006.504	11.835000000000036	trials	3.0	5010.384636	5012.405454			5009.664564	5012.740718			2.0		1.0	1.0					
5018.449	10.081000000000131	trials	3.0	5020.324476	5022.036826	5022.74312	5023.695654	5018.343379999999	5022.181938	5023.414	5024.899	1.0	1.0	1.0	1.0					
5028.959	6.4909999999999854	trials	3.0	5030.681541999999	5032.067626	5033.011608	5033.824024	5028.535081999999	5032.4654519999995	5033.604	5035.45	1.0	1.0	1.0	1.0					
5037.349	5.515999999999622	trials	3.0	5039.41969	5041.05171	5041.967626	5042.867622	5038.65221	5041.470719999999			1.0	1.0	0.0	3.0					
5044.331	6.904999999999745	trials	3.0	5047.946546	5049.425233999999	5050.6439	5051.234082	5047.324533999999	5050.065893999999			1.0	2.0	0.0	3.0					
5052.987	17.833999999999833	trials	3.0	5062.289912	5063.381518	5065.031019999999	5065.866647999999	5061.401032	5064.324794	5065.734	5067.299	1.0	1.0	1.0	1.0					
5071.224	5.029999999999745	trials	3.0	5072.874366	5074.230138	5075.7378739999995	5076.255714	5070.826182	5075.116832			1.0	2.0	0.0	3.0					
5080.096	8.809000000000196	trials	3.0	5083.414078	5084.884846	5086.489487999999	5087.496918	5082.875561999999	5085.910534	5087.204	5088.905	1.0	1.0	1.0	1.0					
5090.929	7.082999999999629	trials	3.0	5094.149493999999	5096.21177	5097.281282	5098.015708	5093.273298	5096.781844			1.0	1.0	0.0	3.0					
5100.625	9.694000000000415	trials	3.0	5105.206082	5106.97409	5108.094343999999	5108.821866	5104.204089999999	5107.595147999999	5108.959	5110.319	1.0	1.0	1.0	1.0					
5113.344	11.704999999999927	trials	3.0	5116.0596399999995	5117.701172	5118.585298	5119.469875999999	5115.45838	5118.047758	5119.2	5121.12	1.0	1.0	1.0	1.0					
5125.149	4.4299999999993815	trials	3.0	5126.75591	5127.919771999999	5128.844392	5129.5811699999995	5125.050008	5128.338352			1.0	1.0	0.0	3.0					
5132.184	10.414999999999964	trials	3.0	5138.929835999999	5140.414126	5141.963462	5142.603904	5137.961257999999	5141.138016			1.0	2.0	0.0	3.0					
5144.326	11.38799999999992	trials	3.0	5152.730054	5154.040623999999	5155.042304	5155.715978	5151.875484	5154.535534			1.0	1.0	0.0	3.0					
5158.379	9.980000000000473	trials	3.0	5164.950962	5166.054351999999	5167.797366	5168.363072	5164.172764	5167.252124			1.0	2.0	0.0	3.0					
5171.139	6.600999999999658	trials	3.0	5174.24658	5175.617845999999	5176.980962	5177.740769999999	5173.639116	5176.414714			1.0	1.0	0.0	3.0					
5181.346	14.898000000000138	trials	3.0	5193.0149839999995	5194.178959999999	5195.677686	5196.2483059999995	5192.091398	5195.186562			1.0	1.0	0.0	3.0					
5199.049	11.75500000000011	trials	3.0	5206.610111999999	5208.29516			5206.02367	5208.698702			2.0		1.0	1.0					
5213.361	7.958000000000538	trials	3.0	5216.560385999999	5218.543352	5219.515966	5220.135654	5215.746646	5218.991816	5220.339	5221.319	1.0	1.0	1.0	1.0					
5224.377	11.621999999999389	trials	3.0	5229.286609999999	5230.914336			5228.284	5231.130476			2.0		1.0	1.0					
5237.749	3.880000000000109	trials	3.0	5239.449896	5239.623732			5236.001458	5239.61607			1.0		0.0	2.0					
5245.639	10.760000000000218	trials	3.0	5252.9116779999995	5254.43231	5255.801388	5256.40286	5252.175934	5255.2065299999995			1.0	2.0	0.0	3.0					
5260.144	10.88299999999981	trials	3.0	5267.511071999999	5269.102056	5270.3974419999995	5271.0248839999995	5266.644418	5269.66374			1.0	1.0	0.0	3.0					
5272.736	12.088999999999942	trials	3.0	5279.52996	5281.426962	5282.94232	5283.550576	5278.762052	5282.3688139999995	5283.674	5284.825	1.0	1.0	1.0	1.0					
5287.854	6.364999999999782	trials	3.0	5289.546316	5290.741529999999	5293.56092	5294.223864	5288.976274	5293.009231999999			1.0	1.0	0.0	3.0					
5296.94	8.234000000000378	trials	3.0	5301.47066	5302.663498			5300.785196	5303.106736	5304.859	5304.954	2.0		1.0	1.0					
5309.704	7.201000000000022	trials	3.0	5312.6954	5313.888298			5311.757664	5314.71828			2.0		1.0	1.0					
5319.44	5.4650000000001455	trials	3.0	5321.2663059999995	5322.897632			5319.88016	5322.892932			2.0		0.0	2.0					
5326.952	8.396999999999935	trials	3.0	5330.550746	5332.451894			5329.581846	5332.450048			2.0		1.0	1.0					
5337.779	6.420999999999367	trials	3.0	5339.636096	5341.602365999999	5343.798339999999	5344.201014	5338.581714	5343.269329999999			1.0	1.0	0.0	3.0					
5347.129	13.335000000000036	trials	3.0	5351.6221479999995	5353.064408	5354.932486	5355.796394	5350.651605999999	5354.327722	5355.629	5357.284	1.0	1.0	1.0	1.0					
5361.305	4.344000000000051	trials	3.0	5363.230697999999	5364.406948	5365.594787999999	5366.147672	5360.469343999999	5365.0356919999995			1.0	1.0	0.0	3.0					
5369.959	1752.9700000000003	BlockDesign														1.0	467.0	634.0	90.0	50.0
5369.959	7.1599999999998545	trials	4.0	5372.650958	5374.017532			5371.873433999999	5374.894004	5376.74	5377.119	2.0		1.0	1.0					
5380.221	7.543000000000575	trials	4.0	5382.497708	5383.717729999999	5385.155778	5385.9292239999995	5381.882431999999	5384.593704	5385.984	5387.764	1.0	1.0	1.0	1.0					
5389.784	6.910000000000764	trials	4.0	5391.876749999999	5393.664138	5394.577294	5395.386141999999	5391.241042	5394.09317	5395.325	5396.694	1.0	1.0	1.0	1.0					
5399.714	5.305000000000291	trials	4.0	5401.460343999999	5403.008792			5399.981164	5402.998364			1.0		0.0	2.0					
5408.05	9.3149999999996	trials	4.0	5410.162736	5411.651566			5408.273674	5411.90876			2.0		1.0	1.0					
5417.736	11.363000000000284	trials	4.0	5424.247359999999	5426.058849999999	5426.981328	5427.431544	5423.629352	5426.3655499999995	5427.789	5429.099	1.0	1.0	1.0	1.0					
5430.949	5.331000000000131	trials	4.0	5432.66235	5434.60693	5435.673081999999	5436.284028	5432.065576	5435.137698			1.0	1.0	0.0	3.0					
5438.009	9.605999999999767	trials	4.0	5443.901065999999	5445.432876	5447.075124	5447.6174439999995	5443.240046	5446.436624			1.0	2.0	0.0	3.0					
5450.414	8.150000000000546	trials	4.0	5454.497834	5455.567666	5457.935676	5458.570022	5453.713266	5456.839582			1.0	1.0	0.0	3.0					
5461.322	14.561999999999898	trials	4.0	5465.902378	5467.857583999999	5469.713347999999	5470.5682799999995	5465.213551999999	5469.08429	5470.584	5472.422	1.0	1.0	1.0	1.0					
5476.189	4.789999999999964	trials	4.0	5477.889096	5478.972792			5475.8905239999995	5478.96336			1.0		0.0	2.0					
5483.99	16.454000000000633	trials	4.0	5495.889336	5497.5731479999995			5495.020852	5497.958546			2.0		1.0	1.0					
5503.909	6.037000000000262	trials	4.0	5505.537875999999	5506.952728			5504.13102	5507.674738	5509.419	5509.946	2.0		1.0	1.0					
5511.964	11.201000000000022	trials	4.0	5514.021111999999	5515.818164	5517.325288	5518.162928	5513.49825	5516.825444	5518.004	5519.632	1.0	1.0	1.0	1.0					
5523.69	9.189000000000306	trials	4.0	5525.226592	5527.027504	5527.520756	5528.392806	5523.167885999999	5526.96735	5528.189	5529.384	1.0	1.0	1.0	1.0					
5533.409	4.980000000000473	trials	4.0	5535.417578	5536.318088	5536.94025	5537.036881999999	5532.884778	5536.312524			1.0		0.0	2.0					
5540.45	9.454999999999927	trials	4.0	5544.123382	5545.423712	5547.866948	5548.479324	5543.563566	5547.225038	5548.635	5549.905	1.0	2.0	1.0	1.0					
5551.94	7.019000000000233	trials	4.0	5554.271205999999	5555.3509699999995	5556.7621	5557.556748	5553.269501999999	5556.167276	5557.434	5558.959	1.0	1.0	1.0	1.0					
5561.979	5.5109999999995125	trials	4.0	5563.952358	5565.487568	5566.017038	5566.531048	5562.01012	5565.479776			1.0		0.0	2.0					
5571.542	6.292999999999665	trials	4.0	5573.971681999999	5575.581348	5576.89674	5577.841392	5573.039192	5576.32797			1.0	2.0	0.0	3.0					
5579.234	14.9399999999996	trials	4.0	5589.704272	5591.111118			5588.94563	5591.455819999999			2.0		1.0	1.0					
5596.752	6.261999999999716	trials	4.0	5598.4725659999995	5599.586154	5600.892172	5601.738896	5596.919352	5600.223561999999	5601.594	5603.014	1.0	1.0	1.0	1.0					
5607.034	8.807000000000698	trials	4.0	5608.747044	5610.256362			5607.616824	5610.758688			2.0		1.0	1.0					
5617.53	5.0770000000002256	trials	4.0	5619.491534	5620.557074	5621.211474	5621.315167999999	5615.84455	5620.543286			1.0		0.0	2.0					
5626.624	6.155999999999949	trials	4.0	5628.212039999999	5629.388304	5630.815936	5631.402118	5627.354977999999	5630.262355999999	5631.519	5632.78	1.0	2.0	1.0	1.0					
5634.819	6.835999999999331	trials	4.0	5636.821768	5638.6430359999995	5639.591719999999	5640.227182	5635.911814	5639.0118059999995	5640.294	5641.655	1.0	2.0	1.0	1.0					
5644.705	8.913000000000466	trials	4.0	5646.631179999999	5647.65337			5645.095117999999	5648.645619999999	5650.389	5651.014	2.0		1.0	1.0					
5654.065	6.010000000000218	trials	4.0	5655.62706	5657.058524			5653.61788	5657.676076	5659.819	5660.034	2.0		1.0	1.0					
5663.627	11.24199999999928	trials	4.0	5668.163237999999	5669.390578			5667.646543999999	5670.004534	5671.809	5672.519	2.0		1.0	1.0					
5676.565	8.851000000000568	trials	4.0	5678.936839999999	5679.778682	5680.33762	5680.7101299999995	5674.874076	5679.768582			1.0		0.0	2.0					
5685.844	6.0219999999999345	trials	4.0	5687.451311999999	5688.523552	5689.7663139999995	5690.383911999999	5685.420982	5689.257636	5690.594	5691.866	1.0	2.0	1.0	1.0					
5693.893	7.58600000000024	trials	4.0	5696.128188	5697.669304	5698.711502	5699.472822	5695.216109999999	5698.2070619999995	5699.419	5701.479	1.0	2.0	1.0	1.0					
5705.229	9.734999999999673	trials	4.0	5706.7918899999995	5708.5587399999995	5710.208212	5710.84141	5706.078688	5709.667023999999	5710.99	5712.144	1.0	1.0	1.0	1.0					
5716.159	8.6850000000004	trials	4.0	5717.998818	5719.73493			5714.969069999999	5720.121346			2.0		1.0	1.0					
5725.019	8.559000000000196	trials	4.0	5726.8372739999995	5727.958418			5724.8486219999995	5729.179835999999	5731.024	5731.139	2.0		1.0	1.0					
5734.764	4.069999999999709	trials	4.0	5736.552376	5736.77909			5733.584532	5736.769625999999			1.0		0.0	2.0					
5740.839	5.4350000000004	trials	4.0	5742.987014	5744.263934	5745.48149	5746.280864	5741.983265999999	5745.002226			1.0	2.0	0.0	3.0					
5749.814	11.829999999999927	trials	4.0	5752.71831	5754.692266	5756.878708	5757.628594	5751.8182719999995	5756.370182	5757.594	5758.999	1.0	1.0	1.0	1.0					
5763.018	5.556999999999789	trials	4.0	5764.9868	5766.573648			5761.647182	5766.560254			1.0		0.0	2.0					
5771.627	6.024999999999636	trials	4.0	5773.92245	5775.90349	5776.576034	5777.65869	5772.430334	5776.022618			1.0	2.0	0.0	3.0					
5778.94	12.494000000000597	trials	4.0	5786.961988	5788.368526			5786.015832	5788.848489999999	5790.464	5791.434	2.0		1.0	1.0					
5795.474	5.220000000000255	trials	4.0	5797.281858	5798.640366	5799.981175999999	5800.699462	5796.099376	5799.44786			1.0	2.0	0.0	3.0					
5803.346	8.163000000000466	trials	4.0	5806.351466	5807.879449999999	5809.454444	5810.041708	5805.628858	5808.613738	5810.274	5811.509	1.0	1.0	1.0	1.0					
5813.531	9.548999999999978	trials	4.0	5815.58037	5816.993705999999	5818.254263999999	5819.121298	5814.847426	5817.60589	5818.984	5820.475	1.0	1.0	1.0	1.0					
5823.264	6.644999999999527	trials	4.0	5825.041364	5826.4128359999995	5827.401986	5828.203498	5823.086496	5826.809354	5828.179	5829.909	1.0	1.0	1.0	1.0					
5831.705	7.154999999999745	trials	4.0	5833.467729999999	5834.978926	5836.939198	5837.598035999999	5832.841922	5836.269684	5837.674	5838.86	1.0	1.0	1.0	1.0					
5840.799	9.579999999999927	trials	4.0	5842.4330279999995	5843.834519999999	5844.912552	5845.786198	5841.537872	5844.302248	5845.615	5847.394	1.0	1.0	1.0	1.0					
5850.414	5.670000000000073	trials	4.0	5852.252759999999	5853.398824	5854.032402	5854.760738	5850.382258	5853.496386	5854.669	5856.084	1.0	1.0	1.0	1.0					
5859.109	5.354999999999563	trials	4.0	5861.337014	5862.462022			5859.173204	5862.451508			1.0		0.0	2.0					
5866.474	8.614999999999782	trials	4.0	5871.491978	5873.264241999999	5874.463392	5875.0957	5870.9378019999995	5873.889442			1.0	2.0	0.0	3.0					
5878.799	7.40099999999984	trials	4.0	5881.4324799999995	5882.960787999999	5884.110796	5885.009064	5880.490808	5883.519152	5885.059	5886.2	1.0	1.0	1.0	1.0					
5888.224	5.479999999999563	trials	4.0	5889.890718	5891.05572	5893.253228	5893.711454	5889.138596	5892.746042			1.0	2.0	0.0	3.0					
5896.612	9.872000000000298	trials	4.0	5900.937497999999	5902.118934	5903.8305199999995	5904.890458	5900.399711999999	5903.252033999999	5904.655	5906.484	1.0	1.0	1.0	1.0					
5910.504	7.52599999999984	trials	4.0	5912.955738	5914.772454	5915.702348	5916.4812	5912.102648	5915.174352	5916.499	5918.03	1.0	1.0	1.0	1.0					
5921.049	11.970000000000255	trials	4.0	5925.452228	5926.80937	5927.93031	5928.684158	5924.84876	5927.387944	5928.809	5930.211	1.0	1.0	1.0	1.0					
5934.277	5.61200000000008	trials	4.0	5936.100651999999	5937.885163999999			5933.025165999999	5937.87127			1.0		0.0	2.0					
5942.908	7.167999999999665	trials	4.0	5945.322738	5946.421023999999			5944.555332	5947.631622	5949.409	5950.076	2.0		1.0	1.0					
5952.089	6.88799999999992	trials	4.0	5954.15286	5955.264664	5956.582308	5957.507288	5953.210738	5955.933843999999	5957.53	5958.977	1.0	1.0	1.0	1.0					
5961.009	5.625	trials	4.0	5962.7861219999995	5964.574662			5962.018904	5964.571567999999			2.0		0.0	2.0					
5968.639	11.310999999999694	trials	4.0	5972.423242	5973.64919	5975.11585	5975.64798	5971.612104	5974.562604	5975.924	5976.905	1.0	2.0	1.0	1.0					
5980.965	8.1899999999996	trials	4.0	5982.527604	5983.76977			5979.954035999999	5983.761909999999			1.0		0.0	2.0					
5989.804	6.557999999999993	trials	4.0	5991.758146	5993.497595999999			5989.159798	5994.064648			2.0		1.0	1.0					
5998.858	8.860999999999876	trials	4.0	6000.473324	6002.295045999999	6003.459062	6004.20269	5998.812478	6002.890998	6004.309	6005.554	1.0	1.0	1.0	1.0					
6008.579	8.295000000000073	trials	4.0	6010.9730739999995	6012.314624			6007.726898	6012.612472			2.0		1.0	1.0					
6017.174	5.114999999999782	trials	4.0	6018.827936	6020.23055	6020.95141	6021.073759999999	6016.878242	6020.215722			1.0		0.0	2.0					
6024.319	7.0549999999993815	trials	4.0	6026.62089	6027.962422	6029.202932	6029.812898	6025.9663	6028.635806	6029.909	6031.374	1.0	2.0	1.0	1.0					
6035.155	4.7390000000004875	trials	4.0	6036.74099	6037.895096	6038.421501999999	6038.784422	6035.513776	6037.8794259999995			1.0		0.0	2.0					
6042.907	5.2479999999995925	trials	4.0	6044.9634	6046.4342	6047.29867	6048.163062	6043.516933999999	6046.815398			1.0	1.0	0.0	3.0					
6050.629	8.105000000000473	trials	4.0	6055.24986	6056.439775999999	6057.9203179999995	6058.741162	6054.481154	6057.3529579999995			1.0	2.0	0.0	3.0					
6060.27	9.733999999999469	trials	4.0	6065.648773999999	6067.195012			6064.756848	6067.66583	6069.469	6070.004	2.0		1.0	1.0					
6074.065	9.957000000000335	trials	4.0	6076.198826	6077.399738	6078.3320619999995	6079.287788	6074.887132	6077.831038	6079.149	6080.525	1.0	1.0	1.0	1.0					
6084.565	5.9340000000001965	trials	4.0	6086.313586	6087.392691999999	6088.274195999999	6089.17268	6084.03058	6087.779524	6088.95	6090.499	1.0	1.0	1.0	1.0					
6093.524	6.627999999999702	trials	4.0	6095.418654	6097.2660639999995	6098.128128	6098.913756	6094.185324	6097.632	6098.99	6100.152	1.0	1.0	1.0	1.0					
6102.229	9.990999999999985	trials	4.0	6104.143658	6106.16406	6107.02973	6107.77453	6103.03605	6106.479028	6107.704	6109.349	1.0	1.0	1.0	1.0					
6112.395	5.634999999999309	trials	4.0	6113.945154	6115.9566159999995			6112.224201999999	6115.9236439999995	6117.649	6117.829	2.0		1.0	1.0					
6120.494	10.168000000000575	trials	4.0	6122.403052	6123.449806	6124.764384	6125.71219	6121.0737739999995	6124.216664	6125.474	6127.194	1.0	1.0	1.0	1.0					
6131.209	4.789999999999964	trials	4.0	6133.003226	6134.000142	6134.568042	6135.061484	6130.668815999999	6133.987496			1.0		0.0	2.0					
6139.009	7.574999999999818	trials	4.0	6141.807128	6142.961643999999	6144.267835999999	6145.025879999999	6140.807826	6143.68459	6144.99	6146.584	1.0	2.0	1.0	1.0					
6149.615	5.699999999999818	trials	4.0	6151.16926	6152.360984			6150.107676	6153.091033999999	6154.894	6155.315	2.0		1.0	1.0					
6158.359	5.359999999999673	trials	4.0	6160.000058	6161.717221999999	6162.273482	6162.517615999999	6158.6223039999995	6161.703802			1.0		0.0	2.0					
6165.752	8.141999999999825	trials	4.0	6169.06883	6170.285261999999			6168.29457	6171.395399999999	6173.329	6173.894	2.0		1.0	1.0					
6175.914	5.890000000000327	trials	4.0	6177.678926	6179.470471999999	6181.045142	6181.81126	6176.912506	6180.523804			1.0	2.0	0.0	3.0					
6184.41	12.84900000000016	trials	4.0	6187.678768	6188.857786	6191.037646	6191.936494	6187.011361999999	6190.5420859999995	6191.694	6193.28	1.0	1.0	1.0	1.0					
6197.345	6.498999999999796	trials	4.0	6199.17912	6201.024834	6201.5543	6202.240968	6197.268112	6201.014149999999	6202.179	6203.844	1.0	1.0	1.0	1.0					
6205.627	8.811999999999898	trials	4.0	6207.238782	6208.942042			6205.888811999999	6209.47448			2.0		1.0	1.0					
6215.224	5.029999999999745	trials	4.0	6217.214184	6218.256944	6218.815938	6218.940329999999	6214.4445319999995	6218.240916			1.0		0.0	2.0					
6223.299	6.310999999999694	trials	4.0	6225.732615999999	6226.995295999999	6228.820519999999	6229.619505999999	6224.464545999999	6228.160742			1.0	2.0	0.0	3.0					
6232.155	8.125	trials	4.0	6236.504434	6237.762323999999	6239.4882959999995	6240.289402	6235.987474	6238.874424			1.0	1.0	0.0	3.0					
6243.816	7.9080000000003565	trials	4.0	6248.57071	6249.667786	6250.148069999999	6250.365704	6247.67556	6249.654568			1.0		0.0	2.0					
6255.739	41.01000000000022	trials	4.0	6293.103912	6295.033136	6296.2050659999995	6296.757346	6292.497728	6295.702458			1.0	1.0	0.0	3.0					
6300.549	5.7150000000001455	trials	4.0	6302.124526	6303.637753999999	6304.500711999999	6305.01809	6301.05802	6304.027341999999	6305.234	6306.264	1.0	2.0	1.0	1.0					
6308.299	5.055999999999585	trials	4.0	6309.89762	6311.030772	6312.91625	6313.359925999999	6309.048478	6312.409358			1.0	2.0	0.0	3.0					
6315.285	13.74499999999989	trials	4.0	6321.894383999999	6323.862193999999			6321.055775999999	6324.118876			2.0		1.0	1.0					
6329.894	9.05999999999949	trials	4.0	6331.710546	6333.221369999999			6329.034372	6333.81971			2.0		1.0	1.0					
6340.794	8.579999999999927	trials	4.0	6342.349638	6343.65064	6344.83955	6345.428175999999	6338.9594099999995	6344.265592	6345.594	6346.539	1.0	1.0	1.0	1.0					
6349.564	6.219000000000051	trials	4.0	6351.54947	6352.592113999999	6353.602005999999	6354.24819	6349.380241999999	6352.9465979999995	6354.294	6355.783	1.0	1.0	1.0	1.0					
6358.559	6.710000000000036	trials	4.0	6360.189404	6361.78693	6362.866185999999	6363.765964	6359.328618	6362.245034	6363.604	6365.269	1.0	1.0	1.0	1.0					
6367.315	6.59900000000016	trials	4.0	6369.319394	6370.671688	6371.979232	6372.713066	6367.956517999999	6370.9862299999995	6372.655	6373.914	1.0	1.0	1.0	1.0					
6375.971	6.7830000000003565	trials	4.0	6377.83473	6379.43964	6380.420704	6381.36856	6376.275616	6379.813284	6381.309	6382.754	1.0	1.0	1.0	1.0					
6384.709	7.170000000000073	trials	4.0	6386.404164	6388.241016	6389.620934	6390.37781	6385.4691139999995	6388.922278	6390.45	6391.879	1.0	1.0	1.0	1.0					
6393.814	8.732999999999265	trials	4.0	6395.662688	6397.626934			6394.361199999999	6397.6554639999995			2.0		1.0	1.0					
6404.706	8.023999999999432	trials	4.0	6406.545028	6406.6916			6402.553362	6406.683616			1.0		0.0	2.0					
6412.785	9.545000000000073	trials	4.0	6414.6659039999995	6415.989388	6416.87997	6417.4778	6412.735463999999	6416.397894	6417.599	6418.974	1.0	2.0	1.0	1.0					
6423.054	4.385000000000218	trials	4.0	6425.010861999999	6426.144926	6426.827626	6427.44578	6422.339866	6426.294394			1.0	2.0	0.0	3.0					
6429.19	9.53400000000056	trials	4.0	6433.850054	6435.741956	6436.751176	6437.588454	6433.0986219999995	6436.175846	6437.434	6438.724	1.0	1.0	1.0	1.0					
6440.788	9.376000000000204	trials	4.0	6442.594702	6443.881788	6445.582189999999	6446.428298	6441.933123999999	6444.905416	6446.444	6447.7	1.0	1.0	1.0	1.0					
6450.739	8.166000000000167	trials	4.0	6452.354554	6453.699794			6450.17069	6454.270736	6456.179	6456.264	2.0		1.0	1.0					
6460.999	7.625	trials	4.0	6463.00466	6464.106308			6458.912082	6464.503482			2.0		1.0	1.0					
6469.384	4.8100000000004	trials	4.0	6471.069512	6472.193246	6472.890697999999	6472.943547999999	6468.63385	6472.182454			1.0		0.0	2.0					
6477.224	8.175000000000182	trials	4.0	6480.770118	6482.5020779999995	6483.4038	6483.89913	6479.765636	6482.906564	6484.149	6485.399	1.0	2.0	1.0	1.0					
6488.405	8.798000000000684	trials	4.0	6490.034496	6491.656623999999			6488.413527999999	6492.224584	6494.129	6494.314	2.0		1.0	1.0					
6498.986	5.0789999999997235	trials	4.0	6500.916308	6501.991972			6497.213124	6501.982096			1.0		0.0	2.0					
6506.079	4.980000000000473	trials	4.0	6507.909976	6509.502934	6510.316822	6511.06914	6507.183032	6509.769748			1.0	2.0	0.0	3.0					
6514.655	10.719000000000051	trials	4.0	6519.734756	6521.838066	6523.087808	6523.898932	6518.840093999999	6522.4557859999995	6523.969	6525.374	1.0	1.0	1.0	1.0					
6528.394	8.05199999999968	trials	4.0	6530.050257999999	6531.526803999999			6528.66522	6531.880212			2.0		1.0	1.0					
6537.879	5.039999999999964	trials	4.0	6539.550176	6540.8573			6536.450597999999	6540.846234			1.0		0.0	2.0					
6544.929	7.2849999999998545	trials	4.0	6548.130368	6549.391293999999			6547.237826	6549.733574	6551.819	6552.019	2.0		1.0	1.0					
6555.721	8.568000000000211	trials	4.0	6557.310328	6558.817623999999	6559.737161999999	6560.345814	6555.851001999999	6559.170636	6560.499	6561.669	1.0	2.0	1.0	1.0					
6565.689	9.279999999999745	trials	4.0	6567.3703399999995	6568.63847	6569.448268	6570.111588	6564.295048	6568.863512			1.0	1.0	1.0	1.0					
6575.014	5.180000000000291	trials	4.0	6576.735658	6578.137543999999	6578.790773999999	6579.1241119999995	6574.975135999999	6578.131898			1.0		0.0	2.0					
6582.204	7.036000000000058	trials	4.0	6584.481506	6585.662632	6586.962948	6587.76288	6583.480414	6586.311994	6587.684	6589.24	1.0	1.0	1.0	1.0					
6591.259	7.520999999999731	trials	4.0	6593.916611999999	6595.860076	6596.664606	6597.272945999999	6592.91004	6596.202572	6597.314	6598.78	1.0	1.0	1.0	1.0					
6601.694	8.969999999999345	trials	4.0	6603.6855319999995	6605.082994			6601.861543999999	6605.472446	6607.544	6607.809	2.0		1.0	1.0					
6612.42	5.644000000000233	trials	4.0	6614.35454	6616.067776	6617.078308	6617.212729999999	6610.674658	6616.054638			1.0		0.0	2.0					
6620.112	10.777000000000044	trials	4.0	6622.450364	6624.44699	6625.141968	6625.81604	6621.53216	6624.563458	6625.919	6627.384	1.0	2.0	1.0	1.0					
6631.429	5.060999999999694	trials	4.0	6633.275576	6634.983281999999	6635.878696	6636.5002779999995	6630.899117999999	6635.330437999999			1.0	1.0	0.0	3.0					
6638.244	7.13300000000072	trials	4.0	6641.550655999999	6643.312576	6644.205481999999	6644.791821999999	6640.884462	6643.301868			1.0		0.0	2.0					
6648.429	8.364999999999782	trials	4.0	6650.910535999999	6652.50597	6654.226546	6655.241254	6650.240411999999	6653.543298	6654.889	6656.794	1.0	1.0	1.0	1.0					
6660.859	9.412999999999556	trials	4.0	6662.445802	6664.213674	6665.540639999999	6666.36032	6661.850211999999	6664.900668	6666.299	6667.674	1.0	1.0	1.0	1.0					
6670.694	8.589999999999236	trials	4.0	6672.690446	6673.963956	6674.775012	6675.387908	6670.276854	6674.258325999999	6675.7	6676.911	1.0	1.0	1.0	1.0					
6679.705	6.286000000000058	trials	4.0	6681.44046	6683.44816	6684.065428	6684.700806	6679.2931	6683.479458	6684.78	6685.991	1.0	1.0	1.0	1.0					
6688.049	5.555000000000291	trials	4.0	6690.03845	6691.606098	6692.242042	6692.606134	6688.263728	6691.601122			1.0		0.0	2.0					
6696.659	10.670000000000073	trials	4.0	6699.270816	6700.924993999999	6702.0863659999995	6702.721363999999	6698.494076	6701.566957999999	6702.749	6704.164	1.0	2.0	1.0	1.0					
6708.189	4.925999999999476	trials	4.0	6709.99094	6711.048448	6711.654578	6712.11079	6707.33951	6711.036555999999			1.0		0.0	2.0					
6716.129	7.864999999999782	trials	4.0	6718.950763999999	6720.722707999999			6717.9966079999995	6721.321086			2.0		1.0	1.0					
6727.554	15.170000000000073	trials	4.0	6730.119058	6731.327321999999	6732.407168	6733.172558	6729.243998	6731.881638	6733.224	6742.724	1.0	1.0	1.0	1.0					
6745.783	7.605999999999767	trials	4.0	6748.935882	6750.31184	6751.520784	6752.101554	6748.353394	6750.985288	6752.184	6753.389	1.0	2.0	1.0	1.0					
6755.409	9.260000000000218	trials	4.0	6757.101896	6759.112394			6755.906935999999	6759.539406	6761.344	6761.569	2.0		1.0	1.0					
6765.19	5.3400000000001455	trials	4.0	6767.147204	6768.478362	6769.105276	6769.265518	6764.67638	6768.471022			1.0		0.0	2.0					
6772.58	10.203999999999724	trials	4.0	6774.70061	6775.831558	6776.9231899999995	6777.536475999999	6774.00043	6776.419366	6777.649	6779.184	1.0	2.0	1.0	1.0					
6783.214	4.675000000000182	trials	4.0	6784.851514	6785.885208	6786.484504	6787.000032	6782.794	6785.870892			1.0		0.0	2.0					
6790.908	9.811999999999898	trials	4.0	6792.878928	6794.44258	6795.499646	6796.472464	6791.630724	6794.9079759999995	6796.28	6798.059	1.0	1.0	1.0	1.0					
6802.08	13.364000000000487	trials	4.0	6810.831144	6812.0615259999995	6813.247052	6813.891159999999	6809.907681999999	6812.750529999999	6813.999	6815.444	1.0	2.0	1.0	1.0					
6817.464	10.391999999999825	trials	4.0	6820.1913859999995	6821.478116			6819.525892	6823.202202			2.0		1.0	1.0					
6829.774	13.300999999999476	trials	4.0	6838.535838	6840.063206			6837.709548	6840.65961	6842.649	6842.774	2.0		1.0	1.0					
6845.589	8.615999999999985	trials	4.0	6847.461732	6848.75461	6849.780682	6850.629553999999	6846.112158	6849.184158	6850.474	6851.69	1.0	1.0	1.0	1.0					
6855.724	7.895999999999731	trials	4.0	6857.455905999999	6858.638865999999			6854.21665	6859.325387999999			2.0		1.0	1.0					
6863.924	6.444999999999709	trials	4.0	6865.733146	6867.317977999999	6868.067488	6868.724055999999	6863.630142	6867.553872	6868.724	6870.369	1.0	1.0	1.0	1.0					
6873.389	4.935999999999694	trials	4.0	6875.477548	6876.332356	6876.931578	6877.040638	6874.148292	6876.324962			1.0		0.0	2.0					
6880.377	5.838999999999942	trials	4.0	6882.817231999999	6884.286733999999	6885.5059519999995	6886.22608	6882.12389	6884.872346			1.0	2.0	0.0	3.0					
6888.862	9.442000000000007	trials	4.0	6894.486692	6896.242896	6897.627918	6898.312953999999	6893.534616	6896.899923999999			1.0	1.0	0.0	3.0					
6899.964	8.63000000000011	trials	4.0	6905.378075999999	6907.06326	6907.966806	6908.604686	6904.446126	6907.4482499999995			1.0	2.0	0.0	3.0					
6912.33	41.89900000000034	trials	4.0	6945.981841999999	6947.264413999999	6949.098984	6949.826964	6945.247372	6948.57251	6949.859	6951.131	1.0	1.0	1.0	1.0					
6955.149	6.127999999999702	trials	4.0	6956.826712	6958.518576			6954.238798	6958.92278			2.0		1.0	1.0					
6965.794	15.164999999999964	trials	4.0	6976.092438	6977.30896	6979.025831999999	6979.691505999999	6975.314418	6978.243026	6979.799	6980.959	1.0	1.0	1.0	1.0					
6982.979	9.630999999999403	trials	4.0	6984.967568	6986.385378	6987.5922439999995	6988.368596	6984.094902	6987.034685999999	6988.289	6989.665	1.0	1.0	1.0	1.0					
6993.724	6.510000000000218	trials	4.0	6995.467366	6996.728356			6992.617688	6997.262316			2.0		1.0	1.0					
7003.799	28.420000000000073	trials	4.0	7023.5599999999995	7025.043006	7026.73791	7027.51972	7022.911948	7026.108204	7027.649	7029.359	1.0	1.0	1.0	1.0					
7033.236	9.967999999999847	trials	4.0	7034.997346	7036.214395999999	7038.386944	7039.09488	7032.230266	7037.767062	7039.104	7040.469	1.0	1.0	1.0	1.0					
7043.489	6.529000000000451	trials	4.0	7045.6569039999995	7047.409798	7047.9090639999995	7048.808958	7043.214443999999	7047.342094	7048.639	7050.018	1.0	1.0	1.0	1.0					
7052.054	9.529999999999745	trials	4.0	7053.7273399999995	7054.884972			7053.0058579999995	7056.128247999999	7057.814	7058.474	2.0		1.0	1.0					
7062.494	6.655000000000655	trials	4.0	7064.168688	7065.82819	7066.713694	7067.523171999999	7061.59487	7066.142398	7067.474	7069.149	1.0	1.0	1.0	1.0					
7071.219	7.135000000000218	trials	4.0	7073.168932	7075.0285	7075.879922	7076.763052	7071.7713619999995	7075.300992	7076.689	7078.354	1.0	1.0	1.0	1.0					
7080.395	7.01299999999992	trials	4.0	7082.37217	7083.591603999999	7084.988034	7085.857426	7080.871031999999	7084.285882	7085.729	7087.408	1.0	1.0	1.0	1.0					
7090.45	5.311999999999898	trials	4.0	7092.464054	7094.03398	7095.28521	7095.77311	7090.806154	7094.719718			1.0	2.0	0.0	3.0					
7098.627	9.841999999999643	trials	4.0	7100.477322	7101.670717999999	7103.541142	7104.220018	7099.819968	7102.7268779999995	7104.269	7105.644	1.0	1.0	1.0	1.0					
7109.659	6.8200000000006185	trials	4.0	7111.612388	7113.157902	7114.149294	7115.142062	7108.479608	7113.627424	7114.899	7116.479	1.0	1.0	1.0	1.0					
7118.51	4.418999999999869	trials	4.0	7120.072217999999	7121.779918	7122.85729	7123.517382	7119.298758	7122.284384			1.0	1.0	0.0	3.0					
7126.189	1660.9300000000003	BlockDesign														1.0	635.0	763.0	10.0	50.0
7126.189	7.989999999999782	trials	5.0	7130.339172	7132.294308	7133.603435999999	7134.188464	7129.70047	7132.988076			1.0	2.0	0.0	3.0					
7135.939	6.982999999999265	trials	5.0	7140.367854	7141.669828	7142.513322	7142.929144	7139.4603179999995	7141.906145999999			1.0	1.0	0.0	3.0					
7146.849	6.851999999999862	trials	5.0	7148.960658	7150.158104	7151.16828	7151.885864	7147.966102	7150.717676	7151.884	7153.701	1.0	2.0	1.0	1.0					
7155.724	5.835000000000036	trials	5.0	7158.339146	7159.623825999999	7161.060624	7161.567356	7157.53314	7160.45645			1.0	1.0	0.0	3.0					
7164.382	8.057000000000698	trials	5.0	7167.602604	7168.739331999999	7171.671258	7172.450151999999	7166.777004	7170.198017999999			1.0	1.0	0.0	3.0					
7175.994	5.020000000000437	trials	5.0	7177.893058	7179.659933999999	7180.421324	7181.020081999999	7176.123598	7179.819054			1.0	2.0	0.0	3.0					
7183.705	11.739000000000487	trials	5.0	7191.732674	7193.390006			7190.890493999999	7193.387492			2.0		0.0	2.0					
7198.454	8.980000000000473	trials	5.0	7204.117893999999	7205.360285999999			7203.529928	7205.353166			2.0		0.0	2.0					
7211.444	4.696999999999207	trials	5.0	7213.218122	7214.989465999999	7215.754639999999	7216.149114	7211.565638	7215.249618			1.0	1.0	0.0	3.0					
7220.099	7.778000000000247	trials	5.0	7223.452458	7225.159847999999	7226.034028	7226.562162	7222.764654	7225.601909999999	7226.74	7227.877	1.0	2.0	1.0	1.0					
7231.92	4.7039999999997235	trials	5.0	7233.5824219999995	7234.93967	7235.91884	7236.635396	7232.376533999999	7235.383166			1.0	2.0	0.0	3.0					
7238.283	8.943999999999505	trials	5.0	7242.758598	7244.722582	7246.78722	7247.240252	7241.912286	7245.889718			1.0	1.0	0.0	3.0					
7249.115	12.804000000000087	trials	5.0	7258.286179999999	7259.78957	7261.247308	7261.930044	7257.407697999999	7260.662992			1.0	1.0	0.0	3.0					
7263.565	18.38500000000022	trials	5.0	7276.81089	7278.359616	7279.773152	7280.553704	7275.90612	7279.176538	7280.63	7281.95	1.0	2.0	1.0	1.0					
7283.974	7.33600000000024	trials	5.0	7287.964462	7289.15467	7290.682398	7291.3231319999995	7287.241446	7290.079041999999			1.0	2.0	0.0	3.0					
7294.009	14.699999999999818	trials	5.0	7305.223564	7307.079646	7308.177082	7308.721853999999	7304.240873999999	7307.654272			1.0	1.0	0.0	3.0					
7312.504	12.015000000000327	trials	5.0	7319.294736	7320.715348			7318.726838	7321.91505			2.0		1.0	1.0					
7328.044	7.050000000000182	trials	5.0	7330.449944	7332.2204			7329.738573999999	7332.88334			2.0		1.0	1.0					
7337.499	5.552999999999884	trials	5.0	7339.268405999999	7341.33978	7342.488831999999	7343.058502	7338.061283999999	7341.885004			1.0	1.0	0.0	3.0					
7345.819	8.349999999999454	trials	5.0	7348.973958	7350.1988519999995	7353.489207999999	7354.181226	7348.232534	7352.852644			1.0	2.0	0.0	3.0					
7355.825	7.454999999999927	trials	5.0	7359.469171999999	7361.270186	7362.9679	7363.239611999999	7358.646068	7362.366474			1.0	1.0	0.0	3.0					
7366.334	25.115999999999985	trials	5.0	7386.776895999999	7388.445234			7386.2416299999995	7388.522298			2.0		1.0	1.0					
7393.984	4.994999999999891	trials	5.0	7395.80478	7396.950242	7398.5078699999995	7398.989546	7394.221104	7397.740449999999			1.0	1.0	0.0	3.0					
7402.834	7.277000000000044	trials	5.0	7406.799292	7408.174288	7409.537974	7410.1254	7405.992147999999	7408.981344			1.0	2.0	0.0	3.0					
7412.859	12.49499999999989	trials	5.0	7417.047785999999	7418.783547999999			7416.300904	7419.138454			2.0		1.0	1.0					
7426.111	5.592999999999847	trials	5.0	7427.849593999999	7429.618976	7431.096722	7431.718314	7425.366824	7430.51851			1.0	1.0	0.0	3.0					
7434.424	9.654999999999745	trials	5.0	7438.547596	7440.565103999999	7443.462366	7444.09322	7438.021074	7441.600902			1.0	1.0	0.0	3.0					
7447.799	11.295000000000073	trials	5.0	7454.663425999999	7455.72574			7453.896588	7456.70008	7458.474	7459.094	2.0		1.0	1.0					
7462.119	8.010000000000218	trials	5.0	7464.765348	7466.0649459999995	7468.118272	7468.788893999999	7463.759468	7467.5604619999995	7468.894	7470.129	1.0	1.0	1.0	1.0					
7473.195	5.699000000000524	trials	5.0	7475.337031999999	7476.669898	7478.241254	7478.906972	7473.943085999999	7477.590354			1.0	1.0	0.0	3.0					
7481.562	9.667000000000371	trials	5.0	7486.282085999999	7487.459004	7490.613248	7491.242188	7485.581706	7489.985296			1.0	2.0	0.0	3.0					
7492.959	10.360000000000582	trials	5.0	7499.524476	7501.095984	7502.5767639999995	7503.33122	7498.892248	7501.663914			1.0	1.0	0.0	3.0					
7505.971	15.225000000000364	trials	5.0	7516.019068	7517.526838	7518.882742	7519.761141999999	7515.105658	7518.368074	7519.594	7521.196	1.0	2.0	1.0	1.0					
7525.221	8.923000000000684	trials	5.0	7527.15396	7529.040478			7525.925477999999	7529.466654			2.0		1.0	1.0					
7536.129	5.050000000000182	trials	5.0	7537.670506	7539.120696			7534.155371999999	7539.114614			2.0		0.0	2.0					
7545.228	7.3159999999998035	trials	5.0	7547.982002	7549.192176			7547.077412	7549.976242			2.0		1.0	1.0					
7556.014	13.335000000000036	trials	5.0	7566.424456	7567.771672	7568.8134979999995	7569.36191	7565.608544	7568.310062			1.0	2.0	0.0	3.0					
7573.145	8.807999999999993	trials	5.0	7578.114044	7579.825988	7581.548702	7581.965834	7577.221882	7580.982207999999			1.0	1.0	0.0	3.0					
7583.929	15.715000000000146	trials	5.0	7590.1547439999995	7592.017749999999			7589.506412	7593.034812			2.0		1.0	1.0					
7599.83	5.588999999999942	trials	5.0	7601.514992	7603.3148439999995	7604.831824	7605.43138	7599.658426	7604.043448			1.0	1.0	0.0	3.0					
7608.159	12.860000000000582	trials	5.0	7615.670888	7617.549714	7618.702606	7619.649898	7615.014164	7618.126044	7619.389	7621.019	1.0	2.0	1.0	1.0					
7624.034	8.225000000000364	trials	5.0	7628.417758	7629.518883999999	7631.781005999999	7632.271896	7627.709849999999	7631.232484			1.0	1.0	0.0	3.0					
7634.101	11.554000000000087	trials	5.0	7641.042659999999	7642.65018	7644.84217	7645.66662	7640.126278	7644.262406			1.0	2.0	0.0	3.0					
7647.219	12.829999999999927	trials	5.0	7653.4848	7654.7111239999995	7657.953878	7658.677802	7652.92073	7657.34055	7658.694	7660.049	1.0	2.0	1.0	1.0					
7662.111	8.903000000000247	trials	5.0	7665.899546	7667.656308	7668.860366	7669.586343999999	7665.019942	7668.232163999999	7669.599	7671.014	1.0	2.0	1.0	1.0					
7673.08	6.753999999999905	trials	5.0	7676.273612	7677.29088	7679.41466	7679.84578	7675.368334	7678.80354			1.0	1.0	0.0	3.0					
7681.739	9.291000000000167	trials	5.0	7686.57957	7688.271505999999	7690.168382	7691.039928	7685.97906	7689.528484			1.0	2.0	0.0	3.0					
7693.494	9.786000000000058	trials	5.0	7699.89481	7701.455	7702.533764	7703.293452	7699.34134	7702.035889999999			1.0	2.0	0.0	3.0					
7706.859	9.466999999999643	trials	5.0	7712.342552	7713.7901839999995	7715.692671999999	7716.335725999999	7711.692703999999	7715.095852			1.0	1.0	0.0	3.0					
7720.019	7.0479999999997744	trials	5.0	7723.640434	7725.676506	7726.5156879999995	7727.074812	7722.69512	7726.056424			1.0	2.0	0.0	3.0					
7728.861	31.378999999999905	trials	5.0	7756.039706	7757.636984			7755.191072	7758.0708779999995			2.0		1.0	1.0					
7762.669	7.030999999999949	trials	5.0	7765.799728	7767.6417679999995	7769.20137	7769.710617999999	7764.894208	7768.446491999999			1.0	2.0	0.0	3.0					
7771.525	7.7150000000001455	trials	5.0	7775.499545999999	7777.029409999999	7778.895914	7779.252516	7774.500526	7778.2620719999995			1.0	1.0	0.0	3.0					
7783.209	8.726999999999862	trials	5.0	7787.285064	7788.723194	7789.803019999999	7790.48997	7786.307489999999	7789.246368	7790.619	7791.936	1.0	2.0	1.0	1.0					
7794.735	6.5900000000001455	trials	5.0	7797.356726	7799.113684	7800.713347999999	7801.340818	7796.7537219999995	7800.089373999999			1.0	2.0	0.0	3.0					
7804.054	9.600999999999658	trials	5.0	7810.13541	7812.132228	7813.22455	7813.668669999999	7809.144834	7812.66411			1.0	1.0	0.0	3.0					
7815.554	9.265000000000327	trials	5.0	7819.665224	7821.214567999999	7822.73473	7823.31206	7819.060566	7822.279613999999	7816.53	7824.819	1.0	2.0	1.0	1.0					
7828.608	6.002999999999702	trials	5.0	7830.535185999999	7831.908142	7833.9016679999995	7834.620084	7829.921842	7833.290763999999			1.0	2.0	0.0	3.0					
7838.259	9.085000000000036	trials	5.0	7842.735156	7843.967366			7842.010608	7844.7731539999995	7846.774	7847.344	2.0		1.0	1.0					
7850.394	7.649999999999636	trials	5.0	7852.695136	7854.5486	7857.576626	7858.056672	7852.1449219999995	7856.907757999999			1.0	1.0	0.0	3.0					
7861.899	7.1340000000000146	trials	5.0	7864.608749999999	7866.27204	7867.110393999999	7867.706426	7863.648074	7866.575226	7867.839	7869.033	1.0	2.0	1.0	1.0					
7873.079	5.235000000000582	trials	5.0	7875.010867999999	7876.532939999999	7877.540034	7878.325258	7874.245636	7877.007124			1.0	2.0	0.0	3.0					
7881.859	11.234999999999673	trials	5.0	7888.753374	7890.509042	7892.843645999999	7893.108356	7887.9385059999995	7890.504387999999			2.0		0.0	2.0					
7894.514	11.805000000000291	trials	5.0	7902.083568	7904.073074			7901.14071	7904.295459999999			2.0		1.0	1.0					
7909.893	6.4409999999998035	trials	5.0	7911.815466	7913.812484	7914.867028	7915.397999999999	7910.350766	7914.199842	7915.594	7916.334	1.0	1.0	1.0	1.0					
7920.399	6.079999999999927	trials	5.0	7922.095815999999	7923.366982	7924.448684	7925.056141999999	7920.917288	7923.967526	7925.241	7926.479	1.0	2.0	1.0	1.0					
7929.499	5.244999999999891	trials	5.0	7931.315686	7932.772703999999	7934.063482	7934.7561	7930.0675439999995	7933.45054			1.0	2.0	0.0	3.0					
7937.374	9.201000000000022	trials	5.0	7941.891334	7943.133459999999	7946.002466	7946.5896219999995	7941.26476	7945.288243999999			1.0	1.0	0.0	3.0					
7948.329	13.50500000000011	trials	5.0	7957.297482	7959.013865999999			7956.665928	7959.728754			2.0		1.0	1.0					
7964.305	7.213999999999942	trials	5.0	7966.149108	7967.348056	7969.331828	7969.992672	7965.624143999999	7968.844719999999	7970.075	7971.519	1.0	2.0	1.0	1.0					
7974.58	8.239000000000487	trials	5.0	7976.52115	7978.217832			7975.57688	7978.297823999999	7980.405	7982.819	2.0		1.0	1.0					
7986.839	6.074999999999818	trials	5.0	7988.497262	7990.357958			7987.611174	7990.478488			2.0		1.0	1.0					
7995.405	5.314000000000306	trials	5.0	7997.310863999999	7998.937889999999	8000.164811999999	8000.732886	7995.79689	7999.528924			1.0	1.0	0.0	3.0					
8003.52	8.563999999999396	trials	5.0	8007.089028	8008.522655999999	8009.729385999999	8010.555504	8006.292149999999	8009.167396	8010.594	8012.084	1.0	2.0	1.0	1.0					
8014.104	7.804000000000087	trials	5.0	8016.792836	8018.602397999999	8019.690814	8020.395848	8016.07046	8019.173568	8020.354	8021.908	1.0	2.0	1.0	1.0					
8023.999	10.300000000000182	trials	5.0	8028.18618	8030.240446	8032.409546	8033.070105999999	8027.26211	8031.8270059999995	8033.004	8034.299	1.0	1.0	1.0	1.0					
8037.325	4.944000000000415	trials	5.0	8038.906034	8040.25526	8041.488617999999	8042.280967999999	8037.590942	8040.9429199999995			1.0	1.0	0.0	3.0					
8043.819	7.8179999999993015	trials	5.0	8047.826101999999	8049.627934	8050.376861999999	8050.919436	8047.120128	8049.619514			1.0		0.0	2.0					
8054.658	11.416999999999462	trials	5.0	8062.221369999999	8064.0726779999995			8061.32659	8064.071404			2.0		1.0	1.0					
8068.643	16.228000000000065	trials	5.0	8082.032326	8084.000074	8084.510638	8084.883818	8081.191524	8083.941412			1.0	1.0	0.0	3.0					
8086.82	71.01900000000023	trials	5.0	8154.294029999999	8155.499605999999	8157.37188	8157.851951999999	8153.641073999999	8156.766266			1.0	1.0	0.0	3.0					
8161.679	22.86499999999978	trials	5.0	8179.804	8180.980232000001	8182.506708000001	8183.145772000001	8178.859988	8181.7246620000005	8183.184	8184.544	1.0	2.0	1.0	1.0					
8187.564	40.447000000000116	trials	5.0	8223.26856	8224.75007	8225.806556	8226.315038	8222.317426	8225.27433	8226.439	8228.011	1.0	2.0	1.0	1.0					
8231.914	7.084999999999127	trials	5.0	8233.7383	8235.511382	8236.506696	8236.845814	8232.636858	8235.502852			1.0		0.0	2.0					
8239.53	33.62199999999939	trials	5.0	8269.419142	8270.7273	8272.166472	8273.150590000001	8268.830378	8271.554304000001			1.0	2.0	0.0	3.0					
8274.547	7.761999999998807	trials	5.0	8278.589554	8279.600438000001	8281.908466	8282.310386000001	8277.84661	8281.33289			1.0	1.0	0.0	3.0					
8286.234	7.456000000000131	trials	5.0	8289.910406	8291.8858	8292.991566	8293.692066	8288.998354000001	8292.420436			1.0	2.0	0.0	3.0					
8296.361	11.51299999999901	trials	5.0	8302.201882000001	8304.072842	8305.701748000001	8306.418482000001	8301.343378	8304.574584	8306.575	8307.874	1.0	1.0	1.0	1.0					
8310.905	6.572000000000116	trials	5.0	8313.144534000001	8314.291248000001	8316.879924	8317.476916	8312.297292000001	8316.169196			1.0	1.0	0.0	3.0					
8321.224	9.846999999999753	trials	5.0	8325.407424	8327.296386	8328.705562000001	8329.53463	8324.59887	8328.038502000001	8329.45	8331.071	1.0	2.0	1.0	1.0					
8334.124	12.460000000000946	trials	5.0	8337.026204	8338.196296	8340.6769	8341.411256000001	8336.078028	8339.932224	8341.484	8342.825	1.0	2.0	1.0	1.0					
8346.844	6.115000000001601	trials	5.0	8348.689142000001	8350.699536			8346.58424	8350.937806			2.0		1.0	1.0					
8356.485	5.730999999999767	trials	5.0	8358.170970000001	8359.540442000001	8361.512588	8362.215548	8357.025598	8360.948772			1.0	2.0	0.0	3.0					
8365.865	12.779000000000451	trials	5.0	8372.499828	8373.650358			8371.835736	8374.417342	8376.294	8378.644	2.0		1.0	1.0					
8381.727	6.3840000000000146	trials	5.0	8383.724526	8384.740506	8385.961808	8386.872344000001	8382.646828	8385.432038	8386.644	8388.111	1.0	2.0	1.0	1.0					
8391.139	7.4870000000009895	trials	5.0	8394.892660000001	8396.935454	8397.981842000001	8398.62463	8394.144762	8397.463714000001			1.0	1.0	0.0	3.0					
8402.304	14.319999999999709	trials	5.0	8413.545044	8415.526396000001	8416.006648	8416.625596	8412.549248000001	8415.472112000001			1.0	2.0	0.0	3.0					
8418.364	12.291000000001077	trials	5.0	8425.500074	8426.771246			8424.933738	8427.303716	8429.729	8430.655	2.0		1.0	1.0					
8432.704	6.550000000001091	trials	5.0	8434.935824	8436.827656000001	8438.772256	8439.256018	8434.415834000001	8437.749686000001			1.0	1.0	0.0	3.0					
8443.127	6.261999999998807	trials	5.0	8445.11425	8446.686008			8444.322914	8446.897118	8448.634	8449.389	2.0		1.0	1.0					
8452.424	7.7149999999983265	trials	5.0	8454.543748	8456.037632	8459.551106	8459.952686	8454.010064	8458.080534			1.0	1.0	0.0	3.0					
8462.149	6.085000000000946	trials	5.0	8464.755672000001	8466.648710000001	8467.784092	8468.238048000001	8463.750416	8467.256968			1.0	2.0	0.0	3.0					
8470.129	9.799999999999272	trials	5.0	8474.902794	8476.766878	8477.975232	8478.643004	8474.128194	8477.54796	8478.734	8479.929	1.0	2.0	1.0	1.0					
8481.997	7.917000000001281	trials	5.0	8485.683422	8487.245298			8484.807904000001	8487.474314000001	8489.2	8489.914	2.0		1.0	1.0					
8492.939	6.139999999999418	trials	5.0	8494.577274000001	8496.292734	8498.572646	8499.08085	8493.300926	8497.812318			1.0	1.0	0.0	3.0					
8500.899	9.328000000001339	trials	5.0	8505.094928	8506.42897	8507.889046	8508.676360000001	8504.32291	8507.378850000001	8508.655	8510.227	1.0	2.0	1.0	1.0					
8513.283	5.855999999999767	trials	5.0	8514.90565	8516.370504	8518.428582	8519.139516000001	8513.984848	8517.908262			1.0	2.0	0.0	3.0					
8520.831	11.477999999999156	trials	5.0	8527.339868000001	8529.052934000001	8530.124372	8530.898498	8526.452152	8529.598756000001	8530.884	8532.309	1.0	2.0	1.0	1.0					
8534.349	11.739999999999782	trials	5.0	8537.323162	8538.44075	8539.972218	8540.801946	8536.796184	8539.41409	8540.809	8542.294	1.0	2.0	1.0	1.0					
8546.314	7.424999999999272	trials	5.0	8547.999924	8549.85146	8551.26135	8552.04919	8546.091538	8550.642992000001	8551.924	8553.739	1.0	2.0	1.0	1.0					
8555.564	6.011000000000422	trials	5.0	8557.974760000001	8559.85403	8560.768636	8561.57586	8556.962358	8560.242862000001			1.0	2.0	0.0	3.0					
8564.104	7.518000000000029	trials	5.0	8567.880388	8569.152786	8570.657928	8571.627934	8567.343288	8570.043158			1.0	2.0	0.0	3.0					
8572.979	11.864999999999782	trials	5.0	8580.269206	8581.853522000001			8579.451006000001	8581.967698	8583.92	8584.844	2.0		1.0	1.0					
8587.66	5.59900000000016	trials	5.0	8589.550224	8590.992242	8592.674424	8593.263016	8588.568514	8591.950332			1.0	1.0	0.0	3.0					
8596.018	9.765999999999622	trials	5.0	8600.310664	8601.941536			8599.48362	8602.137518	8604.344	8605.784	2.0		1.0	1.0					
8607.599	10.799999999999272	trials	5.0	8610.28316	8612.031936000001	8613.220892000001	8613.876062000001	8609.406294	8612.652262	8613.924	8615.437	1.0	2.0	1.0	1.0					
8618.459	9.909999999999854	trials	5.0	8620.255336	8621.906716000001			8618.403808000001	8622.075736	8624.034	8624.609	2.0		1.0	1.0					
8628.625	4.561999999999898	trials	5.0	8630.346716	8631.606836	8632.512838	8633.189756	8628.374634	8631.997316			1.0	2.0	0.0	3.0					
8636.849	8.454999999999927	trials	5.0	8640.210492	8641.807042			8639.54997	8642.335454	8644.854	8645.304	2.0		1.0	1.0					
8647.333	7.27599999999984	trials	5.0	8649.62685	8651.648306000001	8654.090658000001	8654.61037	8649.095134000001	8653.492634			1.0	1.0	0.0	3.0					
8658.419	6.986000000000786	trials	5.0	8660.100432000001	8661.917246	8663.1	8663.88643	8659.196324	8662.504262	8663.869	8665.405	1.0	2.0	1.0	1.0					
8667.429	6.8799999999992	trials	5.0	8670.90036	8672.696672	8673.577528	8674.314578000001	8669.896566000001	8673.104158			1.0	2.0	0.0	3.0					
8676.919	11.329999999999927	trials	5.0	8684.340926	8686.206368000001	8687.524352	8688.25163	8683.491356	8686.885904			1.0	2.0	0.0	3.0					
8689.874	29.119000000000597	trials	5.0	8701.715676	8703.058596	8718.572110000001	8718.992862000001	8700.957214	8703.582204			1.0	1.0	0.0	3.0					
8722.924	6.271999999999025	trials	5.0	8724.510748	8726.2076	8727.195672	8727.757184	8723.977556	8726.679592	8727.879	8729.196	1.0	2.0	1.0	1.0					
8733.268	5.730999999999767	trials	5.0	8734.965632000001	8736.737212			8733.752466	8736.954924			2.0		1.0	1.0					
8742.553	19.570999999999913	trials	5.0	8754.2296	8756.119338			8753.239126	8756.432076000001			2.0		1.0	1.0					
8763.139	5.061000000001513	trials	5.0	8765.109678	8766.196928000001			8762.12929	8766.183364			1.0		0.0	2.0					
8771.209	15.909999999999854	trials	5.0	8783.483516	8784.497852	8785.352624000001	8785.917368	8782.764058	8784.884462	8786.224	8787.119	1.0	2.0	1.0	1.0					
8791.139	452.90000000000146	BlockDesign														1.0	764.0	807.0	50.0	90.0
8791.139	6.0350000000016735	trials	6.0	8792.886054	8794.342654			8790.909262000001	8794.3479			2.0		1.0	1.0					
8799.629	8.252999999998792	trials	6.0	8801.176122	8802.583872000001	8805.700420000001	8806.436006	8800.326578	8804.93287	8806.409	8807.882	1.0	2.0	1.0	1.0					
8810.919	5.817000000000917	trials	6.0	8812.690868	8813.82137	8816.21761	8816.740178	8811.776184	8815.677618			1.0	2.0	0.0	3.0					
8819.58	7.918999999999869	trials	6.0	8823.162308	8824.187544			8822.524660000001	8824.831116000001	8826.974	8827.499	2.0		1.0	1.0					
8830.519	8.069999999999709	trials	6.0	8832.287278	8833.625332	8836.61238	8837.286386	8831.222314	8835.700674	8837.314	8838.589	1.0	1.0	1.0	1.0					
8841.627	6.05199999999968	trials	6.0	8843.766098	8845.675456	8846.27002	8846.703332000001	8841.923956	8845.663690000001			1.0		0.0	2.0					
8851.689	7.414999999999054	trials	6.0	8853.30199	8854.5723	8856.607824	8857.388048	8852.469560000001	8856.100182	8857.24	8859.104	1.0	2.0	1.0	1.0					
8861.174	8.31499999999869	trials	6.0	8864.046224	8865.807858	8867.278354	8868.025404	8863.522322	8866.801708	8867.924	8869.489	1.0	2.0	1.0	1.0					
8872.518	6.911000000000058	trials	6.0	8874.309926	8875.988124	8877.114034	8877.858302	8873.166534	8876.552032	8877.744	8879.429	1.0	2.0	1.0	1.0					
8881.444	8.230000000001382	trials	6.0	8884.634076	8886.392964	8887.42569	8888.044752	8883.961936	8886.968542	8888.089	8889.674	1.0	2.0	1.0	1.0					
8893.694	10.989999999999782	trials	6.0	8895.31092	8897.24438	8898.611738	8899.270854	8893.803736	8898.053020000001	8899.334	8900.787	1.0	2.0	1.0	1.0					
8904.83	6.638999999999214	trials	6.0	8906.646024	8907.885644			8904.68848	8908.787788	8910.919	8911.469	2.0		1.0	1.0					
8913.52	7.6489999999994325	trials	6.0	8915.257590000001	8916.918370000001	8920.742166	8921.168458	8914.493108	8919.794656			1.0	1.0	0.0	3.0					
8925.115	13.424000000000888	trials	6.0	8929.365776	8931.354198	8932.330692	8933.048102	8928.626804	8931.869468	8933.009	8934.534	1.0	2.0	1.0	1.0					
8938.56	11.134000000000015	trials	6.0	8940.435008	8942.44687	8943.088114	8943.797256	8938.544536000001	8942.553574000001	8943.754	8949.694	1.0	2.0	1.0	1.0					
8951.514	9.829999999999927	trials	6.0	8953.88638	8955.774498			8953.206344	8956.141404	8957.929	8958.684	2.0		1.0	1.0					
8961.721	6.278000000000247	trials	6.0	8963.382744	8964.594362	8965.88156	8966.418608	8961.350108	8965.210572	8966.629	8967.999	1.0	1.0	1.0	1.0					
8970.075	4.588999999999942	trials	6.0	8971.83661	8973.039394000001	8973.973460000001	8974.666858	8970.28485	8973.520252			1.0	2.0	0.0	3.0					
8978.316	22.51800000000003	trials	6.0	8995.851402	8997.313018	8998.688712000001	8999.34167	8995.320832000001	8998.182728	8999.439	9000.834	1.0	2.0	1.0	1.0					
9003.854	6.480000000001382	trials	6.0	9005.731358000001	9007.17841			9004.861798	9007.928514000001	9009.635	9010.334	2.0		1.0	1.0					
9013.379	5.869999999998981	trials	6.0	9015.067152	9016.232764	9017.066672	9017.73956	9013.956224000001	9016.550678	9017.914	9019.249	1.0	2.0	1.0	1.0					
9021.321	7.756999999999607	trials	6.0	9023.10154	9024.778278	9027.213974	9027.850260000001	9022.58034	9026.559842	9027.959	9029.078	1.0	1.0	1.0	1.0					
9031.129	6.824999999998909	trials	6.0	9033.006968	9034.326314	9035.654308000001	9036.40848	9031.708038	9034.962532000001	9036.254	9037.954	1.0	1.0	1.0	1.0					
9040.019	6.600000000000364	trials	6.0	9041.981726	9043.803456	9046.263192	9046.625796	9040.068658	9043.796118			2.0		0.0	2.0					
9049.864	7.315000000000509	trials	6.0	9051.873374	9053.498418000001	9054.381448	9055.008018	9050.659928000001	9053.840326000001	9055.24	9057.179	1.0	2.0	1.0	1.0					
9060.204	5.485000000000582	trials	6.0	9062.132338000001	9063.684044			9060.525202	9063.677514			1.0		0.0	2.0					
9067.705	13.578999999999724	trials	6.0	9072.526872	9074.114192000001	9075.219906	9075.93841	9071.612776	9074.75373	9075.959	9077.405	1.0	2.0	1.0	1.0					
9081.429	8.729999999999563	trials	6.0	9083.038398	9084.169762000001	9085.051746000001	9085.746382000001	9081.289866000001	9084.566744	9085.849	9087.28	1.0	2.0	1.0	1.0					
9091.344	9.75	trials	6.0	9093.266756	9094.486512	9095.60858	9096.289842	9090.164954	9094.899672	9096.439	9098.2	1.0	2.0	1.0	1.0					
9101.224	7.123999999999796	trials	6.0	9103.09236	9104.473996			9101.09787	9105.844758000001			2.0		1.0	1.0					
9110.824	5.369999999998981	trials	6.0	9112.852282	9114.537546	9115.549544000001	9116.196888	9111.765816000001	9114.973880000001			1.0	1.0	0.0	3.0					
9119.879	5.695999999999913	trials	6.0	9121.807378000001	9123.514152	9124.20849	9124.546388	9120.723264	9123.510578000001			1.0		0.0	2.0					
9127.599	9.489999999999782	trials	6.0	9132.106968	9133.318500000001			9131.205302	9134.396694000001			2.0		1.0	1.0					
9140.627	4.890999999999622	trials	6.0	9142.64708	9143.947256000001	9145.081166	9145.520122	9140.870458000001	9144.55675			1.0	1.0	0.0	3.0					
9148.424	7.164999999999054	trials	6.0	9150.7377	9151.863686	9153.30334	9153.974610000001	9150.008584000001	9152.829826000001	9154.169	9155.589	1.0	2.0	1.0	1.0					
9158.657	6.967000000000553	trials	6.0	9160.697076	9161.993876	9163.489256	9164.088704	9159.811076	9162.879362	9164.289	9165.624	1.0	2.0	1.0	1.0					
9167.645	11.043999999999869	trials	6.0	9169.937388	9171.892096	9172.731182	9173.535496	9169.034044	9172.223034	9173.644	9175.264	1.0	2.0	1.0	1.0					
9179.12	6.869999999998981	trials	6.0	9180.663794	9182.040426	9183.413548	9184.380768	9178.694296	9182.750786	9184.115	9185.99	1.0	2.0	1.0	1.0					
9189.02	4.9979999999995925	trials	6.0	9190.7721	9191.984474			9189.1232	9191.973122			1.0		0.0	2.0					
9198.065	8.90899999999965	trials	6.0	9202.080116000001	9203.192184	9204.644002000001	9205.264280000001	9201.391674	9204.150724000001	9205.365	9206.974	1.0	2.0	1.0	1.0					
9208.814	7.881999999999607	trials	6.0	9212.067894	9213.193654	9214.032052	9214.846182000001	9211.185226000001	9213.547778	9214.799	9216.696	1.0	2.0	1.0	1.0					
9218.752	6.6270000000004075	trials	6.0	9220.352946	9222.263144	9222.879602	9223.735872000001	9219.713342000001	9222.338676000001	9223.679	9225.379	1.0	2.0	1.0	1.0					
9227.414	7.684999999999491	trials	6.0	9229.413788	9230.896108	9232.828276	9233.562318	9228.606332000001	9232.151374000001	9233.499	9235.099	1.0	2.0	1.0	1.0					
9237.119	6.920000000000073	trials	6.0	9239.062284	9240.198818	9241.435576	9242.248558000001	9237.736604	9240.913122	9242.224	9244.039	1.0	2.0	1.0	1.0					
9247.069	1097.755000000001	BlockDesign														1.0	808.0	902.0	90.0	50.0
9247.069	5.050000000001091	trials	7.0	9249.035754	9250.504384	9251.344076000001	9252.126752	9247.536298	9250.814042			1.0	2.0	0.0	3.0					
9255.679	8.59100000000035	trials	7.0	9259.218032	9260.703874			9258.384406000001	9262.037404			2.0		1.0	1.0					
9266.799	6.259999999998399	trials	7.0	9268.478430000001	9269.67468			9267.471718	9270.270376	9272.469	9273.059	2.0		1.0	1.0					
9277.119	22.340000000000146	trials	7.0	9294.032424	9295.344732000001	9297.357596	9297.988802	9293.183686	9296.854702	9298.049	9299.459	1.0	1.0	1.0	1.0					
9302.479	6.293000000001484	trials	7.0	9304.70549	9306.175870000001	9307.007642	9307.417768000001	9302.699572000001	9306.488442	9307.729	9308.772	1.0	1.0	1.0	1.0					
9310.819	8.475000000000364	trials	7.0	9312.499724000001	9313.93952	9314.831984	9315.470346	9311.546178	9314.303132000001	9315.564	9316.94	1.0	1.0	1.0	1.0					
9319.974	8.450000000000728	trials	7.0	9322.101124	9323.416132			9319.302674	9324.081392			2.0		1.0	1.0					
9329.704	10.498999999999796	trials	7.0	9336.874198000001	9338.314518000001	9339.464584000001	9340.2117	9336.206054	9338.952774000001			1.0	2.0	0.0	3.0					
9343.789	12.524999999999636	trials	7.0	9352.803184	9354.492894	9355.350888	9356.318704000001	9352.185870000001	9354.879420000001			1.0	2.0	0.0	3.0					
9359.737	8.04700000000048	trials	7.0	9362.917308	9364.259868000001	9365.620558	9366.427482000001	9362.287354	9365.043464	9366.494	9367.784	1.0	2.0	1.0	1.0					
9370.834	5.609999999998763	trials	7.0	9372.567734	9374.369896			9371.369106	9374.357486			2.0		0.0	2.0					
9378.486	15.602999999999156	trials	7.0	9388.178578000001	9389.501260000001			9387.314106	9390.565378000001	9392.78	9394.089	2.0		1.0	1.0					
9396.143	6.39600000000064	trials	7.0	9398.25389	9399.46627			9397.408800000001	9400.306980000001	9402.169	9402.379	2.0		1.0	1.0					
9407.009	4.569999999999709	trials	7.0	9408.981194	9410.005122	9410.93209	9411.587534	9407.656102	9410.363056			1.0	1.0	0.0	3.0					
9413.283	10.14100000000144	trials	7.0	9417.896638	9419.900758	9420.747622	9421.405804	9417.318516000001	9420.24381	9421.474	9423.424	1.0	2.0	1.0	1.0					
9426.455	10.218000000000757	trials	7.0	9428.827774000001	9430.300438	9431.42888	9432.113720000001	9428.2495	9430.900994	9432.2	9433.859	1.0	2.0	1.0	1.0					
9437.634	5.364999999999782	trials	7.0	9439.55559	9440.940154	9441.6967	9442.11093	9436.677476	9440.936694			1.0		0.0	2.0					
9445.004	9.339999999998327	trials	7.0	9448.759238	9450.184908000001	9453.568860000001	9454.352280000001	9448.133552000001	9451.56256			1.0	2.0	0.0	3.0					
9456.924	14.25	trials	7.0	9465.283118000001	9466.44519	9468.562504000001	9469.486482	9464.506266	9468.035454	9469.244	9471.174	1.0	2.0	1.0	1.0					
9474.189	7.489999999999782	trials	7.0	9476.000104	9477.500638000001	9479.431764	9480.177284000001	9475.254232000001	9478.903688	9480.216	9481.679	1.0	2.0	1.0	1.0					
9483.705	6.475000000000364	trials	7.0	9486.948422000001	9487.96563	9489.523718	9490.186396000001	9486.382302	9489.028984			1.0	2.0	0.0	3.0					
9491.846	12.551000000001295	trials	7.0	9498.828468	9500.732506	9502.006432	9502.837502	9498.049356	9501.392194	9502.664	9504.397	1.0	1.0	1.0	1.0					
9508.419	5.7150000000001455	trials	7.0	9510.00875	9511.725264	9513.400742	9514.140798	9509.334212	9512.873696			1.0	2.0	0.0	3.0					
9517.734	7.931000000000495	trials	7.0	9519.623868	9520.734852000001	9523.104176	9523.989554	9519.058428	9522.542546	9523.834	9525.665	1.0	2.0	1.0	1.0					
9527.679	7.709999999999127	trials	7.0	9530.38409	9531.700054	9532.939946	9533.620296000001	9529.56909	9532.390914	9533.7	9535.389	1.0	2.0	1.0	1.0					
9538.409	5.043999999999869	trials	7.0	9540.054118	9541.235354	9542.784084	9543.457014	9538.567194000001	9542.176328000001			1.0	2.0	0.0	3.0					
9547.129	10.579999999999927	trials	7.0	9553.79018	9555.659162	9557.15105	9557.717992	9552.97681	9556.448820000001			1.0	2.0	0.0	3.0					
9560.479	27.270000000000437	trials	7.0	9580.162686	9581.583754000001			9579.22589	9582.061512			2.0		1.0	1.0					
9588.629	7.153999999998632	trials	7.0	9590.504374	9592.152486	9593.111444	9593.669674	9587.755538000001	9592.43173	9593.959	9595.783	1.0	1.0	1.0	1.0					
9598.854	9.805000000000291	trials	7.0	9601.418372	9603.117654	9604.070384	9604.567038000001	9600.554574	9603.331794	9604.95	9606.069	1.0	2.0	1.0	1.0					
9610.129	8.485999999998967	trials	7.0	9612.010322	9612.740818	9613.413688	9613.514844000001	9608.668894	9612.735148			1.0		0.0	2.0					
9618.834	17.53099999999904	trials	7.0	9633.094618000001	9634.369844	9634.82745	9635.111606	9632.390836	9634.361442000001			1.0		0.0	2.0					
9639.424	14.219999999999345	trials	7.0	9645.504784	9647.440366	9648.443648	9648.972752	9644.70476	9647.930084	9649.099	9650.33	1.0	1.0	1.0	1.0					
9654.393	3.9320000000006985	trials	7.0	9656.009506	9656.261550000001			9653.652408	9656.253998			1.0		0.0	2.0					
9661.377	8.957000000000335	trials	7.0	9666.956936	9668.525656	9669.86621	9670.343908	9666.123592	9669.151824			1.0	2.0	0.0	3.0					
9673.205	9.906999999999243	trials	7.0	9679.019182	9680.315452	9682.461962000001	9683.119478	9678.094704000001	9681.906568			1.0	2.0	0.0	3.0					
9684.805	11.363999999999578	trials	7.0	9690.856088	9692.736014	9693.856708000001	9694.574238000001	9689.936312	9693.290224	9694.615	9696.169	1.0	2.0	1.0	1.0					
9698.219	6.375	trials	7.0	9700.934434	9702.796574	9703.94124	9704.602990000001	9700.238712	9703.33836			1.0	2.0	0.0	3.0					
9706.28	11.394000000000233	trials	7.0	9714.489526000001	9715.721546	9717.24659	9717.679232	9713.56949	9716.610122			1.0	2.0	0.0	3.0					
9719.579	17.63000000000102	trials	7.0	9732.074084	9733.699584	9734.951248000001	9735.684492	9731.401248	9734.283228	9735.704	9737.209	1.0	1.0	1.0	1.0					
9741.224	6.295000000000073	trials	7.0	9742.89795	9743.990958	9745.047304	9745.815924	9741.566066000001	9744.515544	9745.749	9747.519	1.0	1.0	1.0	1.0					
9749.565	9.47400000000016	trials	7.0	9752.15008	9753.172644			9751.359632	9754.03558			2.0		1.0	1.0					
9759.704	4.770000000000437	trials	7.0	9761.764734	9762.472686000001	9763.060008	9763.468712	9759.048506000001	9762.469496			1.0		0.0	2.0					
9768.504	6.320999999999913	trials	7.0	9770.153046	9771.417882	9772.444424000001	9773.213642	9769.415364	9771.90888	9773.344	9774.825	1.0	2.0	1.0	1.0					
9776.839	8.385000000000218	trials	7.0	9780.344882000001	9781.669724000001	9782.666498	9783.561762000001	9779.421998	9782.084968000001	9783.399	9785.224	1.0	2.0	1.0	1.0					
9788.264	7.020000000000437	trials	7.0	9790.69472	9792.15514			9789.839046000001	9793.080464	9795.024	9795.284	2.0		1.0	1.0					
9797.299	11.344999999999345	trials	7.0	9799.416706	9800.93196			9798.57431	9802.273548000001	9804.459	9804.589	2.0		1.0	1.0					
9809.209	6.3400000000001455	trials	7.0	9810.941252	9812.77855	9813.417404	9814.194558000001	9808.651902000001	9812.854936	9814.054	9815.549	1.0	1.0	1.0	1.0					
9817.584	6.855999999999767	trials	7.0	9819.251680000001	9820.786214	9822.263364	9823.082318	9818.495194000001	9821.551346	9822.99	9824.44	1.0	1.0	1.0	1.0					
9827.471	9.458000000000538	trials	7.0	9829.625408	9831.309516000001			9827.684834	9831.80967			2.0		1.0	1.0					
9837.159	9.925000000001091	trials	7.0	9839.961332	9841.471246000001			9839.029498	9841.907298			2.0		1.0	1.0					
9847.55	6.789000000000669	trials	7.0	9849.166744	9850.766994000001	9852.239588	9853.029834	9847.092752	9851.61217	9853.01	9854.339	1.0	1.0	1.0	1.0					
9856.248	7.765999999999622	trials	7.0	9859.105448	9860.322176	9861.889254	9862.458492	9858.253426000001	9861.258198	9862.604	9864.014	1.0	2.0	1.0	1.0					
9866.039	8.389999999999418	trials	7.0	9869.626620000001	9871.46718	9872.29304	9872.894064	9869.012718	9871.850146	9873.134	9874.429	1.0	2.0	1.0	1.0					
9876.444	9.518000000000029	trials	7.0	9878.340658000001	9879.556962	9880.655272	9881.315816	9876.9354	9880.093814	9881.344	9882.924	1.0	2.0	1.0	1.0					
9886.986	4.375	trials	7.0	9888.948342	9889.287092	9889.959496	9890.393284	9885.96601	9889.282668			1.0		0.0	2.0					
9894.393	13.1200000000008	trials	7.0	9898.302786	9900.317062	9901.721132	9902.538538	9897.389744	9901.094464	9902.454	9904.099	1.0	1.0	1.0	1.0					
9908.115	5.290000000000873	trials	7.0	9909.961538	9911.406872	9912.009096	9912.435952	9907.518448	9911.394212000001			1.0		0.0	2.0					
9915.424	10.639999999999418	trials	7.0	9922.082918	9923.43608	9923.878224	9924.585102000001	9921.218606	9923.441772	9924.624	9926.064	1.0	2.0	1.0	1.0					
9928.129	6.769999999998618	trials	7.0	9931.013802000001	9932.900418000001	9933.418852	9934.011364	9930.375838	9932.887502000001			1.0		0.0	2.0					
9937.909	17.166000000001077	trials	7.0	9947.720828000001	9948.863098			9946.797176	9949.661348000001	9951.559	9952.439	2.0		1.0	1.0					
9956.254	5.445999999999913	trials	7.0	9958.008116	9959.193362			9955.085812000001	9959.447508000001			2.0		1.0	1.0					
9965.229	6.350000000000364	trials	7.0	9967.045868000001	9968.450654	9969.379196	9970.011980000001	9965.336742	9968.85146	9970.155	9971.579	1.0	1.0	1.0	1.0					
9973.604	6.5349999999998545	trials	7.0	9975.570240000001	9976.8874			9974.287492	9977.145034000001	9978.839	9980.139	2.0		1.0	1.0					
9982.16	7.667999999999665	trials	7.0	9984.232826	9985.705934000001	9987.636928	9988.227562	9983.341966	9986.828008	9988.49	9989.828	1.0	1.0	1.0	1.0					
9991.609	11.81500000000051	trials	7.0	9993.59127	9994.943326	9997.133612000001	9997.814688	9992.785918000001	9996.627928	9997.884	9999.464	1.0	1.0	1.0	1.0					
10003.494	5.114999999999782	trials	7.0	10005.016132	10006.608508000001	10008.091456	10008.562374000001	10003.432998	10006.596812			2.0		0.0	2.0					
10012.619	5.674999999999272	trials	7.0	10014.436160000001	10016.188828			10013.928622	10016.119812			2.0		1.0	1.0					
10021.778	12.970999999999549	trials	7.0	10032.132198000001	10032.697392			10031.214958	10032.692032			1.0		0.0	2.0					
10038.754	8.52599999999984	trials	7.0	10042.761162	10044.035846	10045.302394	10046.11126	10042.243752	10044.829582	10046.129	10047.28	1.0	1.0	1.0	1.0					
10050.299	6.066999999999098	trials	7.0	10052.144576	10053.218788	10054.23423	10054.896852	10051.371964	10053.72381	10055.024	10056.366	1.0	1.0	1.0	1.0					
10059.284	6.229999999999563	trials	7.0	10061.059298	10062.177962	10063.221966000001	10063.758204	10060.311308	10062.66691	10063.979	10065.514	1.0	1.0	1.0	1.0					
10067.584	9.219999999999345	trials	7.0	10069.505388000001	10070.522524	10071.918664	10072.524510000001	10068.445904	10071.397354	10072.724	10073.969	1.0	1.0	1.0	1.0					
10077.004	9.02599999999984	trials	7.0	10083.496684	10084.028552			10082.95088	10084.023888			1.0		0.0	2.0					
10089.065	18.003999999998996	trials	7.0	10103.216344	10104.763858	10106.767292	10107.079988000001	10102.272560000001	10104.758356			2.0		0.0	2.0					
10110.8	23.48400000000038	trials	7.0	10118.276194	10120.082672	10128.72969	10129.41016	10117.329020000001	10120.433602000001	10129.604	10130.799	1.0	1.0	1.0	1.0					
10134.825	9.083999999998923	trials	7.0	10136.634068000001	10137.818068	10138.763036	10139.423396	10134.293142	10138.155994	10139.504	10141.224	1.0	1.0	1.0	1.0					
10144.269	5.299999999999272	trials	7.0	10146.167986	10147.568132	10148.66735	10149.069	10143.91741	10147.559176			1.0		0.0	2.0					
10152.597	8.47400000000016	trials	7.0	10157.646918	10159.433060000001	10160.492952	10161.077398000001	10156.846746000001	10160.049276			1.0	2.0	0.0	3.0					
10162.846	23.041000000001077	trials	7.0	10176.58084	10178.393530000001	10179.372650000001	10180.401334	10175.622328000001	10178.815074	10180.179	10181.994	1.0	1.0	1.0	1.0					
10186.039	6.6159999999999854	trials	7.0	10187.807068	10189.787702000001			10185.8948	10190.30844			2.0		1.0	1.0					
10195.104	5.385000000000218	trials	7.0	10196.842624	10197.918984	10199.73998	10200.499078	10195.801708	10199.239418000001			1.0	1.0	0.0	3.0					
10202.069	9.200000000000728	trials	7.0	10206.292922	10207.893674	10208.929674	10209.692442	10205.398658	10208.372092000001	10209.624	10211.269	1.0	2.0	1.0	1.0					
10214.315	9.433999999999287	trials	7.0	10216.519260000001	10218.157864			10215.38858	10218.384116000001	10220.129	10220.655	2.0		1.0	1.0					
10224.722	6.742000000000189	trials	7.0	10226.664778	10228.355516	10229.279874	10230.29049	10223.756512	10228.704312	10230.204	10231.464	1.0	1.0	1.0	1.0					
10233.533	7.997000000001208	trials	7.0	10235.306626000001	10236.876882	10238.80391	10239.688474	10234.54101	10238.17136	10239.504	10241.53	1.0	1.0	1.0	1.0					
10244.596	10.306000000000495	trials	7.0	10246.842278	10248.788356000001			10246.252822	10249.425508			2.0		1.0	1.0					
10256.319	4.9099999999998545	trials	7.0	10258.196506	10259.219246	10259.953962	10260.220182000001	10254.906742000001	10259.207198			1.0		0.0	2.0					
10263.284	6.066000000000713	trials	7.0	10265.696672	10267.358206	10268.462286	10269.361364	10264.78541	10267.873744			1.0	2.0	0.0	3.0					
10272.789	9.054999999998472	trials	7.0	10276.918126	10278.790892			10276.225126000001	10279.63787			2.0		1.0	1.0					
10285.393	7.2260000000005675	trials	7.0	10286.972890000001	10288.60351	10289.517008	10290.444246000001	10285.566898000001	10288.95724	10290.294	10292.619	1.0	1.0	1.0	1.0					
10295.639	7.3880000000008295	trials	7.0	10297.356650000002	10298.388864	10300.492348	10301.425184	10296.517426	10300.002238000001	10301.274	10303.027	1.0	2.0	1.0	1.0					
10305.925	5.2590000000000146	trials	7.0	10307.940410000001	10309.183504	10310.052278000001	10310.315372000001	10306.354906	10309.173216000001			1.0		0.0	2.0					
10314.194	20.91700000000128	trials	7.0	10319.031536	10320.514822000001	10332.523168	10333.412086	10318.159554	10321.95927	10333.179	10335.111	1.0	1.0	1.0	1.0					
10337.155	7.668999999999869	trials	7.0	10339.361714	10341.237762	10342.264248	10343.170654000001	10338.743416000001	10341.66444	10343.049	10344.824	1.0	1.0	1.0	1.0					
10347.854	996.5900000000001	BlockDesign														1.0	903.0	965.0	50.0	10.0
10347.854	6.829999999999927	trials	8.0	10349.442212	10350.939446			10348.063246000002	10351.987374	10353.884	10354.684	2.0		1.0	1.0					
10357.764	6.689000000000306	trials	8.0	10359.397856	10360.794636	10362.091614	10363.056792	10357.88613	10361.521504	10362.709	10364.453	1.0	1.0	1.0	1.0					
10366.484	7.029999999998836	trials	8.0	10368.477122	10369.518748	10372.769286	10373.523556	10367.406608000001	10372.085644			1.0	1.0	0.0	3.0					
10375.158	10.756000000001222	trials	8.0	10379.86506	10381.3989	10383.401754	10384.148016000001	10379.309182	10382.686202	10384.164	10385.914	1.0	2.0	1.0	1.0					
10388.944	6.188000000000102	trials	8.0	10390.665056	10392.665322			10389.433210000001	10392.614856	10394.819	10395.132	2.0		1.0	1.0					
10398.158	7.454999999999927	trials	8.0	10400.197604	10402.264292	10403.229608000001	10404.064108	10398.586144	10402.686034	10403.99	10405.613	1.0	1.0	1.0	1.0					
10407.64	5.890000000001237	trials	8.0	10409.415982	10411.02484	10413.032228	10413.536564	10408.472824	10412.409888			1.0	1.0	0.0	3.0					
10416.374	9.03399999999965	trials	8.0	10419.677516	10421.358808			10419.133844	10421.78852	10424.405	10425.408	2.0		1.0	1.0					
10427.489	10.18500000000131	trials	8.0	10429.157916	10430.729754	10432.003452	10432.622278	10428.565754000001	10431.436964	10432.789	10434.269	1.0	2.0	1.0	1.0					
10438.315	9.567999999999302	trials	8.0	10440.217662000001	10441.284276	10442.29898	10443.118598000001	10437.685112000001	10441.576232	10443.054	10444.94	1.0	1.0	1.0	1.0					
10448.984	4.684999999999491	trials	8.0	10450.927978	10451.600008000001			10447.892484	10451.588348000001			1.0		0.0	2.0					
10457.709	4.9429999999993015	trials	8.0	10459.527244	10460.805388	10461.855758000002	10462.664276	10458.809882000001	10461.299336			1.0	2.0	0.0	3.0					
10464.194	13.7450000000008	trials	8.0	10470.607558	10472.355432	10474.838482000001	10475.21774	10469.91336	10473.861576			1.0	2.0	0.0	3.0					
10479.212	10.787000000000262	trials	8.0	10486.832264	10488.539302000001	10489.467084	10490.010596	10485.92269	10488.926274000001			1.0	2.0	0.0	3.0					
10492.837	17.217000000000553	trials	8.0	10500.534484	10501.609574			10499.914474000001	10503.856558	10505.464	10506.194	2.0		1.0	1.0					
10510.215	5.262000000000626	trials	8.0	10511.893328	10513.862296	10514.767220000002	10515.484696	10510.062398	10514.22321			1.0	1.0	0.0	3.0					
10518.094	7.080000000001746	trials	8.0	10521.89312	10523.569546	10524.493532	10525.186844	10521.261172	10523.968148			1.0	2.0	0.0	3.0					
10526.834	30.609999999998763	trials	8.0	10552.133028	10553.833936			10551.623688	10554.87583			2.0		1.0	1.0					
10559.909	13.805000000000291	trials	8.0	10561.527652	10562.628394	10571.587242000001	10572.727874	10560.180984	10562.930804			1.0	1.0	0.0	3.0					
10575.909	22.541000000001077	trials	8.0	10595.763686	10596.454812			10594.925136	10596.44426			1.0		0.0	2.0					
10601.459	13.554999999998472	trials	8.0	10611.497580000001	10613.016524	10613.76273	10613.88501	10610.983586	10613.006266			1.0		0.0	2.0					
10617.033	7.253000000000611	trials	8.0	10620.973166	10622.144908	10623.705366	10624.294314	10620.344364	10623.212716			1.0	2.0	0.0	3.0					
10628.039	30.154999999998836	trials	8.0	10649.693382000001	10651.159656			10648.815998	10651.741156			2.0		1.0	1.0					
10658.969	4.52100000000064	trials	8.0	10660.894612	10662.136084000002	10663.062954	10663.503206000001	10658.204448	10662.42125			1.0	1.0	0.0	3.0					
10666.408	6.39600000000064	trials	8.0	10669.598312	10671.315456	10672.377056000001	10672.817748000001	10668.987208	10671.898172000001			1.0	2.0	0.0	3.0					
10674.694	39.63500000000022	trials	8.0	10711.063722	10712.552782	10713.922646	10714.343236	10710.555704	10713.225978			1.0	1.0	0.0	3.0					
10716.299	33.039999999999054	trials	8.0	10744.738896	10745.8659			10743.72981	10746.701392	10748.944	10749.339	2.0		1.0	1.0					
10753.359	9.709999999999127	trials	8.0	10758.859304000001	10760.356994000002	10761.130402	10761.506504	10757.893732	10760.502344	10761.974	10763.069	1.0	1.0	1.0	1.0					
10766.096	5.975000000000364	trials	8.0	10769.098736	10770.171620000001	10771.59633	10772.083886	10768.389926	10770.902262			1.0	2.0	0.0	3.0					
10775.919	54.225000000000364	trials	8.0	10826.473926	10828.091492			10825.566588000002	10828.084224			1.0		0.0	2.0					
10833.194	102.25600000000122	trials	8.0	10931.149474	10932.621246			10930.297180000001	10933.347568000001			2.0		1.0	1.0					
10938.899	4.885000000000218	trials	8.0	10940.902848000002	10942.363438	10943.30779	10943.797858	10939.831958	10942.817528			1.0	2.0	0.0	3.0					
10946.629	13.070999999999913	trials	8.0	10955.275166	10956.44312			10954.302312	10957.053854			2.0		1.0	1.0					
10962.254	5.309999999999491	trials	8.0	10964.247836	10965.681732000001	10966.928100000001	10967.574598000001	10963.212386000001	10966.383098			1.0	2.0	0.0	3.0					
10970.249	10.656000000000859	trials	8.0	10976.484496000001	10977.887282	10980.304992000001	10980.919152	10975.917860000001	10979.676696			1.0	1.0	0.0	3.0					
10984.619	13.199999999998909	trials	8.0	10993.099562	10994.69628	10997.38659	10997.83272	10992.545006	10996.427048000001			1.0	2.0	0.0	3.0					
10999.719	11.450000000000728	trials	8.0	11008.249408	11009.782944	11010.675856	11011.180444000001	11007.364014	11010.193562			1.0	2.0	0.0	3.0					
11014.024	14.822000000000116	trials	8.0	11025.819534	11026.826766			11025.231966	11026.81615			1.0		0.0	2.0					
11031.877	20.55699999999888	trials	8.0	11047.515442	11049.07517			11046.58079	11050.11378			2.0		1.0	1.0					
11054.874	8.451000000000931	trials	8.0	11057.789746	11058.871508	11060.791458	11061.546750000001	11056.813818	11060.160762	11061.544	11063.325	1.0	1.0	1.0	1.0					
11066.389	9.201000000000931	trials	8.0	11069.318608000001	11070.80056	11073.372476	11074.295214000002	11068.344492	11072.557426	11074.049	11075.59	1.0	1.0	1.0	1.0					
11077.609	9.594999999999345	trials	8.0	11080.880246	11082.106718000001	11084.51217	11085.386342	11080.322682	11083.784668	11085.304	11087.204	1.0	1.0	1.0	1.0					
11089.239	8.595000000001164	trials	8.0	11092.305644	11093.681996	11095.285694	11096.216336000001	11091.765566	11094.631486	11095.929	11097.834	1.0	1.0	1.0	1.0					
11099.894	9.81500000000051	trials	8.0	11104.552466000001	11105.632474			11103.812374000001	11107.564846000001			2.0		1.0	1.0					
11112.182	5.966999999998734	trials	8.0	11114.164712	11115.595856	11117.51916	11118.162638	11112.983156	11116.941964000001			1.0	1.0	0.0	3.0					
11121.849	7.200000000000728	trials	8.0	11125.190164	11126.861736	11128.651132	11129.062006	11124.542084	11127.558776			1.0	2.0	0.0	3.0					
11132.974	9.94000000000051	trials	8.0	11139.59533	11140.6771	11142.390902000001	11142.927332000001	11138.938540000001	11141.785972000001			1.0	1.0	0.0	3.0					
11144.714	8.941000000000713	trials	8.0	11150.140266	11151.25315	11153.093298	11153.668298	11149.58876	11152.293876			1.0	2.0	0.0	3.0					
11157.42	9.248999999999796	trials	8.0	11163.195714000001	11164.96673	11166.280376	11166.68367	11162.190152000001	11165.621658			1.0	1.0	0.0	3.0					
11170.61	8.433999999999287	trials	8.0	11175.265838	11176.923596	11178.483858	11179.05751	11174.553674	11177.826368			1.0	1.0	0.0	3.0					
11182.804	23.289999999999054	trials	8.0	11200.22538	11202.274676	11203.738816000001	11204.58731	11199.660244	11203.171792000001	11204.429	11206.094	1.0	1.0	1.0	1.0					
11209.145	6.53899999999885	trials	8.0	11211.297050000001	11212.449774			11210.43405	11213.214812	11215.099	11215.684	2.0		1.0	1.0					
11217.704	11.80999999999949	trials	8.0	11220.345668	11222.261182	11223.374328	11224.177672	11219.653278	11222.761394000001	11224.159	11225.829	1.0	1.0	1.0	1.0					
11229.854	5.145000000000437	trials	8.0	11231.727196	11233.12938	11234.187446	11235.014868	11229.526056	11233.615374			1.0	1.0	0.0	3.0					
11236.524	11.378000000000611	trials	8.0	11242.922336	11244.737062	11247.328012	11247.91416	11242.075148	11245.518788000001			1.0	1.0	0.0	3.0					
11251.679	14.465000000000146	trials	8.0	11261.556888000001	11263.138532	11265.142344	11266.156594	11260.815706000001	11264.382682			1.0	2.0	0.0	3.0					
11267.474	15.659999999999854	trials	8.0	11277.238044000002	11278.75876	11280.654874	11281.50508	11276.50116	11279.997848	11281.45	11283.134	1.0	1.0	1.0	1.0					
11286.914	10.924999999999272	trials	8.0	11288.945546	11290.372296000001			11288.008192000001	11291.58148	11293.354	11293.649	2.0		1.0	1.0					
11298.149	10.554000000000087	trials	8.0	11299.77671	11301.00256	11302.38519	11303.350814000001	11297.853426000001	11301.765612000001	11303.089	11304.924	1.0	1.0	1.0	1.0					
11308.94	6.570999999999913	trials	8.0	11310.530738000001	11311.787096	11312.748706	11313.868094000001	11308.716594000001	11312.095492	11313.429	11315.511	1.0	1.0	1.0	1.0					
11317.454	7.104000000001179	trials	8.0	11320.011636000001	11321.707584			11319.459846000002	11322.216884000001	11324.115	11324.359	2.0		1.0	1.0					
11327.066	6.685999999999694	trials	8.0	11328.995814	11330.598172			11328.331966000002	11331.250646	11333.115	11333.752	2.0		1.0	1.0					
11335.783	8.661000000000058	trials	8.0	11338.092272	11339.392064	11342.10139	11342.942756	11337.244556000001	11341.379574	11342.865	11344.444	1.0	1.0	1.0	1.0					
11346.484	1387.3150000000005	BlockDesign														1.0	966.0	1090.0	50.0	90.0
11346.484	7.081000000000131	trials	9.0	11348.365808	11350.367372	11352.877438	11353.576392	11347.710514	11352.210000000001			1.0	1.0	0.0	3.0					
11357.224	11.860000000000582	trials	9.0	11361.076198	11362.332314	11366.653376	11367.448834	11360.210212	11364.509906	11367.469	11369.084	1.0	2.0	1.0	1.0					
11372.145	7.0789999999997235	trials	9.0	11374.939268	11376.372454			11374.241738	11376.527512	11378.789	11379.224	2.0		1.0	1.0					
11383.268	5.560999999999694	trials	9.0	11385.11801	11386.813424	11388.131536	11388.844344000001	11383.36561	11387.441568			1.0	1.0	0.0	3.0					
11392.465	10.543999999999869	trials	9.0	11396.906426000001	11398.843052	11402.149436	11403.024570000001	11396.087662	11401.250738			1.0	1.0	0.0	3.0					
11405.494	12.5049999999992	trials	9.0	11410.984468	11412.862756	11415.32159	11416.234382	11409.993742	11414.570644	11415.979	11417.999	1.0	1.0	1.0	1.0					
11421.079	10.92699999999968	trials	9.0	11422.957632000001	11424.716814	11425.888032	11426.65742	11421.73085	11425.24745	11426.639	11428.635	1.0	1.0	1.0	1.0					
11432.649	10.270000000000437	trials	9.0	11434.331196000001	11435.877252	11436.73233	11437.710748000001	11432.021116	11436.05522	11437.569	11439.626	1.0	1.0	1.0	1.0					
11443.644	4.604999999999563	trials	9.0	11445.311426	11446.839468	11447.504214	11448.265032	11442.934036	11446.868978			1.0	1.0	0.0	3.0					
11450.834	16.1349999999984	trials	9.0	11461.8662	11463.718490000001			11460.901730000001	11464.394992000001			2.0		1.0	1.0					
11469.514	10.026000000001659	trials	9.0	11471.235452	11473.207786			11470.708246	11473.240468	11475.95	11476.485	2.0		1.0	1.0					
11480.499	6.610000000000582	trials	9.0	11482.096778000001	11483.224058	11484.314784	11485.148258000001	11479.554538	11483.672796	11485.104	11487.109	1.0	1.0	1.0	1.0					
11488.775	6.929000000000087	trials	9.0	11490.746554000001	11492.179862			11489.913068	11492.931404	11494.575	11495.704	2.0		1.0	1.0					
11497.769	8.364999999999782	trials	9.0	11499.416158	11500.603636	11503.4825	11504.417494000001	11498.79472	11502.868402	11504.274	11506.134	1.0	1.0	1.0	1.0					
11508.198	6.505999999999403	trials	9.0	11510.023888	11511.179918	11513.858272000001	11514.719430000001	11509.420754	11513.21099			1.0	1.0	0.0	3.0					
11518.189	8.968999999999141	trials	9.0	11522.097072	11523.863232			11521.21663	11524.086702	11525.939	11527.158	2.0		1.0	1.0					
11530.201	7.2260000000005675	trials	9.0	11532.522328000001	11534.428864000001			11530.49869	11534.511226	11536.939	11537.427	2.0		1.0	1.0					
11540.471	5.347999999999956	trials	9.0	11542.192126	11543.824914			11540.6038	11543.819010000001			1.0		0.0	2.0					
11548.862	9.262000000000626	trials	9.0	11553.083732000001	11554.595076000001	11555.85647	11556.440988	11552.088982000001	11555.262348	11556.519	11558.124	1.0	2.0	1.0	1.0					
11561.159	7.0	trials	9.0	11562.741926	11564.274014	11565.731364000001	11566.459876	11561.401862	11565.10063	11566.564	11568.159	1.0	2.0	1.0	1.0					
11570.221	8.953000000001339	trials	9.0	11572.887728000002	11574.482112000002	11576.160684	11577.182796000001	11571.969196	11575.522808000002	11576.959	11579.174	1.0	1.0	1.0	1.0					
11582.189	7.091000000000349	trials	9.0	11584.008352	11585.99236	11587.070020000001	11587.747440000001	11582.552742	11586.377864			1.0	1.0	0.0	3.0					
11589.439	17.645000000000437	trials	9.0	11597.391472	11599.328324	11601.042742000001	11601.913674	11596.803966	11600.269562000001	11601.804	11603.908	1.0	1.0	1.0	1.0					
11607.705	7.549000000000888	trials	9.0	11609.352772	11610.648932	11612.040688000001	11613.049292	11607.098724	11611.412482	11612.874	11615.254	1.0	1.0	1.0	1.0					
11617.299	15.34099999999853	trials	9.0	11619.17763	11620.389398	11622.437502	11623.374748	11618.293686	11621.727308000001	11623.28	11632.64	1.0	1.0	1.0	1.0					
11634.709	7.945999999999913	trials	9.0	11637.846426	11639.507194	11640.56262	11641.198448000001	11637.241056	11640.019388	11641.284	11642.655	1.0	2.0	1.0	1.0					
11645.674	7.429999999998472	trials	9.0	11647.634274	11649.287994	11650.412012	11651.117954000001	11646.752818	11649.870632	11651.22	11653.104	1.0	2.0	1.0	1.0					
11655.129	7.170000000000073	trials	9.0	11658.54364	11660.289584	11661.646526	11662.315892	11658.025502	11661.004566			1.0	2.0	0.0	3.0					
11663.986	11.269999999998618	trials	9.0	11669.867232	11671.393348000001			11669.300072	11672.183482	11674.649	11675.256	2.0		1.0	1.0					
11678.274	7.2450000000008	trials	9.0	11680.229992	11681.628762			11679.289410000001	11682.879954	11684.604	11685.519	2.0		1.0	1.0					
11688.544	10.725000000000364	trials	9.0	11690.077156	11691.926012	11693.358872	11694.286834	11689.040184000001	11692.770032	11694.039	11695.905	1.0	1.0	1.0	1.0					
11699.949	5.568999999999505	trials	9.0	11701.852946	11703.499520000001			11699.28543	11703.488468			1.0		0.0	2.0					
11709.53	8.308999999999287	trials	9.0	11711.508302	11712.760342000001	11715.18302	11716.046668	11710.78463	11714.526612000001	11715.99	11717.839	1.0	2.0	1.0	1.0					
11719.859	6.961999999999534	trials	9.0	11723.140036	11724.369128	11726.096932	11726.838934	11722.425748000001	11725.513866000001			1.0	2.0	0.0	3.0					
11730.434	11.915000000000873	trials	9.0	11735.367346	11736.87468	11739.29909	11740.035064	11734.483546	11738.734542	11740.129	11742.349	1.0	1.0	1.0	1.0					
11743.893	6.9210000000002765	trials	9.0	11746.277544	11748.244384000001	11749.369990000001	11750.827804	11745.64537	11748.740716			1.0	1.0	1.0	1.0					
11754.909	14.791000000001077	trials	9.0	11764.07809	11765.149602000001	11766.901578	11767.89585	11763.138156	11766.369762	11767.619	11769.7	1.0	1.0	1.0	1.0					
11771.737	8.671000000000276	trials	9.0	11774.531480000001	11775.789398			11773.986976	11776.659708000001	11779.069	11780.408	2.0		1.0	1.0					
11782.491	5.737999999999374	trials	9.0	11784.454222	11786.476142	11787.511034000001	11788.24271	11783.568856	11786.841708			1.0	1.0	0.0	3.0					
11790.829	9.915000000000873	trials	9.0	11796.732882	11798.463154000001	11800.08192	11800.758208000001	11795.7824	11799.230302			1.0	1.0	0.0	3.0					
11803.394	11.354999999999563	trials	9.0	11809.63486	11811.033636	11812.177552000001	11812.9771	11808.950056000001	11811.588148	11812.789	11814.749	1.0	2.0	1.0	1.0					
11818.81	5.154000000000451	trials	9.0	11820.42501	11821.647242000001	11823.502496000001	11823.981314	11819.532402	11822.775384			1.0	1.0	0.0	3.0					
11827.829	8.989999999999782	trials	9.0	11830.943402	11832.340408	11834.139148	11835.145472	11830.185516000001	11833.488902000001	11834.769	11836.819	1.0	2.0	1.0	1.0					
11839.879	7.937999999998283	trials	9.0	11841.815838	11843.832296	11845.380274000001	11846.103894	11841.181836	11844.509536000001	11846.104	11847.817	1.0	2.0	1.0	1.0					
11850.884	4.788000000000466	trials	9.0	11852.532924000001	11854.024000000001	11855.245108000001	11855.68978	11851.827572	11854.516444			1.0	1.0	0.0	3.0					
11859.575	11.841999999998734	trials	9.0	11866.10333	11867.390264000001			11865.517096	11868.530208	11870.53	11871.417	2.0		1.0	1.0					
11873.434	8.165000000000873	trials	9.0	11878.313746	11879.605206	11881.112322	11881.613496	11877.388054000001	11880.592838			1.0	1.0	0.0	3.0					
11885.434	21.710000000000946	trials	9.0	11900.983408	11902.317838	11904.796396000002	11905.377584	11900.391542000001	11904.19742	11905.584	11907.144	1.0	2.0	1.0	1.0					
11909.164	7.510000000000218	trials	9.0	11911.87131	11912.987118000001			11911.32849	11914.077028	11915.999	11916.674	2.0		1.0	1.0					
11918.709	8.719999999999345	trials	9.0	11921.108998	11923.116046000001	11925.028572000001	11925.746948	11920.33222	11924.364554	11925.974	11927.429	1.0	2.0	1.0	1.0					
11930.454	6.746000000001004	trials	9.0	11932.094738	11933.820276	11934.933098000001	11935.4937	11930.72351	11934.312722	11935.674	11937.2	1.0	2.0	1.0	1.0					
11940.268	6.831000000000131	trials	9.0	11942.373126	11944.426258			11940.247712	11944.526812	11946.679	11947.099	2.0		1.0	1.0					
11950.129	8.161000000000058	trials	9.0	11953.166328	11954.855308	11955.802536000001	11956.626308	11952.230258	11955.245586000001	11956.444	11958.29	1.0	2.0	1.0	1.0					
11961.351	10.296000000000276	trials	9.0	11963.067156000001	11964.965486000001	11966.221426	11966.967684000001	11961.766144000001	11965.557306	11967.054	11968.95	1.0	1.0	1.0	1.0					
11971.964	9.318999999999505	trials	9.0	11973.550034	11975.176374	11976.107938000001	11976.794544	11971.659738	11975.528506	11976.749	11978.514	1.0	2.0	1.0	1.0					
11982.569	4.989999999999782	trials	9.0	11984.519222	11985.505382	11986.406392	11986.762906	11981.301268000001	11985.501540000001			1.0		0.0	2.0					
11989.569	10.890000000001237	trials	9.0	11994.043644000001	11995.559706			11993.2747	11996.126184	11998.039	12000.459	2.0		1.0	1.0					
12003.487	7.338000000001557	trials	9.0	12005.324066000001	12007.234488	12008.840898	12009.333356000001	12004.367108	12007.783782	12009.519	12010.825	1.0	2.0	1.0	1.0					
12012.849	5.405000000000655	trials	9.0	12014.965366	12016.650286	12017.851668	12018.270884000001	12013.958566000001	12017.279134			1.0	1.0	0.0	3.0					
12021.19	12.41399999999885	trials	9.0	12025.448996000001	12027.448980000001	12028.19564	12028.776786	12024.505408	12027.683294	12028.854	12030.451	1.0	2.0	1.0	1.0					
12034.502	9.726999999998952	trials	9.0	12036.104046	12037.365608			12033.621256	12038.048326	12040.615	12041.514	2.0		1.0	1.0					
12044.534	6.885000000000218	trials	9.0	12046.153774	12048.06987	12049.277992	12049.8403	12044.247686	12048.417064000001	12049.874	12051.419	1.0	2.0	1.0	1.0					
12054.48	6.631000000001222	trials	9.0	12057.38556	12059.169788000001	12060.677456000001	12061.126862000001	12056.5942	12060.025944			1.0	1.0	0.0	3.0					
12062.999	13.156000000000859	trials	9.0	12067.470354000001	12068.625454			12066.851104000001	12069.178326000001	12071.325	12072.539	2.0		1.0	1.0					
12076.609	5.4210000000002765	trials	9.0	12078.627506	12080.042098			12076.174508	12080.033834			1.0		0.0	2.0					
12084.034	6.510000000000218	trials	9.0	12086.65213	12088.328804	12089.789392	12090.562162	12085.835126	12089.133872			1.0	2.0	0.0	3.0					
12094.129	9.81499999999869	trials	9.0	12098.659428	12100.03355			12098.0968	12100.550844000001	12102.794	12103.944	2.0		1.0	1.0					
12106.964	10.965000000000146	trials	9.0	12108.779302	12110.125538	12111.691828	12112.566324	12107.390370000001	12111.023392000001	12112.549	12114.33	1.0	1.0	1.0	1.0					
12118.361	6.842999999998938	trials	9.0	12120.405006	12121.852868	12122.632582	12123.519532	12117.947858	12122.071646	12123.269	12125.204	1.0	1.0	1.0	1.0					
12127.236	8.075999999999112	trials	9.0	12129.95932	12131.726318	12132.830796	12133.508916	12129.2699	12132.323176	12133.664	12135.312	1.0	2.0	1.0	1.0					
12137.075	10.188999999998487	trials	9.0	12138.913916000001	12140.695854000001	12142.2647	12143.216026	12138.225674000001	12141.717192	12142.954	12144.949	1.0	2.0	1.0	1.0					
12149.016	6.8180000000011205	trials	9.0	12150.92628	12152.258572	12152.835918	12153.830672	12147.283086	12152.274244	12153.514	12155.834	1.0	2.0	1.0	1.0					
12157.854	11.200000000000728	trials	9.0	12159.561782	12160.72466	12163.421716	12164.132880000001	12159.029924	12162.79678	12164.244	12165.934	1.0	2.0	1.0	1.0					
12169.954	6.514999999999418	trials	9.0	12171.770804	12173.071096	12173.664206000001	12174.147668000001	12169.071932	12172.994948	12174.524	12176.469	1.0	2.0	1.0	1.0					
12178.489	11.201000000000931	trials	9.0	12180.700718	12182.090266000001			12179.946404	12183.061994	12184.929	12186.734	2.0		1.0	1.0					
12189.749	4.906000000000859	trials	9.0	12191.654436	12192.596834	12193.26189	12193.762316	12189.705880000001	12192.592618			1.0		0.0	2.0					
12198.694	10.220000000001164	trials	9.0	12201.429320000001	12202.707622	12205.497542000001	12206.28907	12200.85866	12204.817726000001	12206.084	12208.914	1.0	1.0	1.0	1.0					
12210.971	8.423000000000684	trials	9.0	12213.58444	12215.303230000001			12212.96693	12216.091048	12217.99	12219.394	2.0		1.0	1.0					
12221.419	5.281000000000859	trials	9.0	12223.214142	12224.571458	12225.921374000001	12226.71513	12222.453314	12225.141694			1.0	1.0	0.0	3.0					
12230.244	4.8799999999992	trials	9.0	12232.190168000001	12233.977154	12234.509062000001	12235.14071	12231.657484	12234.016044			1.0	2.0	0.0	3.0					
12237.861	11.418999999999869	trials	9.0	12246.049548	12247.265914000001			12245.160468000002	12247.257986			1.0		0.0	2.0					
12253.299	11.677999999999884	trials	9.0	12261.734	12262.936796000002	12264.36101	12264.970500000001	12261.192174000002	12263.868474			1.0	2.0	0.0	3.0					
12266.704	8.726000000000568	trials	9.0	12272.059528000002	12273.070798	12274.863136000002	12275.425384000002	12271.288820000002	12274.194836			1.0	1.0	0.0	3.0					
12277.221	12.718000000000757	trials	9.0	12285.359450000002	12286.948598			12284.369968	12287.213374	12289.389	12289.939	2.0		1.0	1.0					
12292.989	7.555000000000291	trials	9.0	12294.697706	12296.68626	12298.063796000002	12298.995272000002	12294.150398000002	12297.337752000001	12298.889	12300.544	1.0	1.0	1.0	1.0					
12302.61	8.343999999999141	trials	9.0	12304.706264	12305.844920000001	12308.522184000001	12309.376310000001	12303.942792000002	12307.868040000001	12309.184	12310.954	1.0	1.0	1.0	1.0					
12312.974	6.4099999999998545	trials	9.0	12314.720152000002	12316.267152000002	12318.798980000001	12319.382876000001	12314.181846000001	12318.080998000001			1.0	1.0	0.0	3.0					
12322.134	9.885000000000218	trials	9.0	12327.188100000001	12328.644964000001			12326.379514000002	12329.300910000002	12331.709	12331.979	2.0		1.0	1.0					
12334.474	7.834999999999127	trials	9.0	12336.925146000001	12338.533238000002			12336.312648000001	12338.812856	12341.182	12342.309	2.0		1.0	1.0					
12345.329	7.059999999999491	trials	9.0	12347.055044	12348.443844000001	12349.817614000001	12350.750800000002	12345.961532000001	12349.174736	12350.554	12352.389	1.0	2.0	1.0	1.0					
12355.454	12.30999999999949	trials	9.0	12357.224886000002	12358.471514	12361.550758000001	12362.301494000001	12356.213266	12360.879102	12362.28	12364.017	1.0	2.0	1.0	1.0					
12368.039	5.4909999999999854	trials	9.0	12369.706668	12371.706892000002	12372.9932	12373.530176000002	12367.760380000002	12372.236494			1.0	1.0	0.0	3.0					
12377.339	7.316000000000713	trials	9.0	12379.501236000002	12381.190386000002	12382.430176000002	12383.114762000001	12378.929890000001	12381.859844	12383.144	12384.655	1.0	2.0	1.0	1.0					
12388.709	6.5	trials	9.0	12390.594900000002	12391.682814000002			12388.745030000002	12392.473194000002	12394.53	12395.209	2.0		1.0	1.0					
12397.225	8.020000000000437	trials	9.0	12399.842692000002	12401.783806000001	12403.016872000002	12403.713340000002	12398.910488000001	12402.360036000002	12403.799	12405.245	1.0	1.0	1.0	1.0					
12407.325	5.493999999998778	trials	9.0	12408.925544000002	12410.351526000002	12411.703168000002	12412.514482	12407.935252000001	12411.080728			1.0	1.0	1.0	1.0					
12415.314	12.145000000000437	trials	9.0	12421.936198000001	12423.492534	12424.823378000001	12425.546958	12421.288478	12424.236552000002	12425.599	12427.459	1.0	2.0	1.0	1.0					
12430.224	6.760000000000218	trials	9.0	12432.195342	12433.438570000002	12434.322036000001	12435.163022	12430.570186	12433.786328000002	12435.059	12436.984	1.0	2.0	1.0	1.0					
12439.759	10.023999999999432	trials	9.0	12441.500290000002	12443.128832000002	12444.249280000002	12445.161384	12439.969602000001	12443.574394000001	12445.28	12446.974	1.0	2.0	1.0	1.0					
12450.789	9.097999999999956	trials	9.0	12452.425676	12453.936742000002	12454.579154000001	12455.179388	12449.779332000002	12453.990210000002	12455.289	12456.969	1.0	2.0	1.0	1.0					
12459.989	10.079999999999927	trials	9.0	12461.850110000001	12462.873656000002			12459.881452000001	12463.771514000002	12466.099	12467.655	2.0		1.0	1.0					
12471.694	9.075000000000728	trials	9.0	12473.585446000001	12475.172252000002			12470.065828	12475.723332000001			2.0		1.0	1.0					
12481.469	4.981000000001586	trials	9.0	12483.453134000001	12484.382792000002			12480.768128000002	12484.374262000001			1.0		0.0	2.0					
12490.459	8.286000000000058	trials	9.0	12492.956004000001	12494.302150000001	12496.482014000001	12497.145006	12492.248056	12495.756012000002	12497.349	12498.745	1.0	2.0	1.0	1.0					
12500.807	10.871999999999389	trials	9.0	12502.351942000001	12503.877828	12506.727002000001	12507.269808000001	12501.608952	12506.122350000001	12507.514	12508.784	1.0	2.0	1.0	1.0					
12512.809	4.860000000000582	trials	9.0	12514.440382	12515.628890000002			12511.677628000001	12515.616326000001			1.0		0.0	2.0					
12519.679	9.4950000000008	trials	9.0	12524.246050000002	12525.618656	12526.867596000002	12527.582030000001	12523.675912	12526.274312000001	12527.669	12529.174	1.0	2.0	1.0	1.0					
12533.189	10.2549999999992	trials	9.0	12534.761450000002	12535.899752000001	12537.467460000002	12538.315320000002	12533.685078	12536.848722	12538.274	12540.772	1.0	1.0	1.0	1.0					
12543.83	10.709000000000742	trials	9.0	12545.645478000002	12547.069580000001			12543.441962	12547.829184000002	12549.7	12551.109	2.0		1.0	1.0					
12554.908	4.681000000000495	trials	9.0	12556.605982000001	12557.983412000001	12558.97837	12559.587534000002	12554.538272000002	12558.379542			1.0	1.0	0.0	3.0					
12562.362	6.527000000000044	trials	9.0	12565.195192000001	12566.829088			12564.508266	12566.825882000001			2.0		0.0	2.0					
12572.899	12.930000000000291	trials	9.0	12577.714348000001	12579.236276000001	12580.076460000002	12580.758654000001	12576.875930000002	12579.623798	12580.74	12582.325	1.0	2.0	1.0	1.0					
12586.361	5.063000000000102	trials	9.0	12587.996058	12589.414594000002			12585.829444	12589.404654000002			1.0		0.0	2.0					
12594.455	8.55199999999968	trials	9.0	12598.610272000002	12599.821924000002	12600.74227	12601.546540000001	12597.940810000002	12600.262110000001	12601.384	12603.007	1.0	2.0	1.0	1.0					
12605.03	16.04899999999907	trials	9.0	12616.866440000002	12618.648336000002	12620.552806000002	12621.078302000002	12616.096270000002	12619.88449			1.0	1.0	0.0	3.0					
12622.908	10.52599999999984	trials	9.0	12628.004404000001	12629.877864000002	12631.024982	12631.707274000002	12627.353200000001	12630.451056000002	12631.759	12633.434	1.0	2.0	1.0	1.0					
12636.455	7.433000000000902	trials	9.0	12638.907746	12640.288026000002	12641.196090000001	12642.016882000002	12637.994436	12640.694124000001	12641.99	12643.888	1.0	2.0	1.0	1.0					
12645.944	9.096000000001368	trials	9.0	12648.165098000001	12650.171768000002	12651.807374000002	12652.866510000002	12647.310764000002	12651.227890000002	12652.554	12655.04	1.0	2.0	1.0	1.0					
12658.096	7.298000000000684	trials	9.0	12660.020694	12661.563414000002			12658.388232000001	12662.538170000002	12664.289	12665.394	2.0		1.0	1.0					
12668.44	8.130999999999403	trials	9.0	12670.355976	12671.517616000001	12673.773402	12674.532222000002	12669.054680000001	12673.128846000001	12674.584	12676.571	1.0	2.0	1.0	1.0					
12679.349	8.69000000000051	trials	9.0	12681.484576	12683.057840000001	12685.171928000002	12686.021302000001	12680.868106000002	12684.557462	12685.929	12688.039	1.0	2.0	1.0	1.0					
12690.08	12.82799999999952	trials	9.0	12693.126370000002	12694.429472000002			12692.378274	12695.545564000002	12698.019	12699.454	2.0		1.0	1.0					
12703.526	4.886000000000422	trials	9.0	12705.201498000002	12706.748204000001	12708.031306	12708.391148	12702.900504000001	12707.219040000002			1.0	1.0	0.0	3.0					
12711.41	10.004000000000815	trials	9.0	12714.731284000001	12716.064100000001	12717.641480000002	12719.135218000001	12713.802584000001	12717.028352000001	12718.429	12721.414	1.0	2.0	1.0	1.0					
12723.444	10.355000000001382	trials	9.0	12727.650812000002	12729.258074000001	12730.730178000002	12731.406128	12726.900472000001	12730.111372000001	12731.49	12733.799	1.0	2.0	1.0	1.0					
12737.819	190.41700000000128	BlockDesign														0.0	1091.0	1107.0	10.0	50.0
12737.819	7.704999999999927	trials	10.0	12739.471590000001	12741.427102000001	12742.840418000002	12743.696148	12738.1599	12742.066516	12743.514	12745.524	1.0	2.0	1.0	1.0					
12747.549	6.3729999999995925	trials	10.0	12749.962028000002	12751.484866	12753.108528	12753.922596	12749.377334	12752.455492000001			1.0	2.0	0.0	3.0					
12755.447	14.55999999999949	trials	10.0	12764.561150000001	12765.784590000001	12769.27488	12770.002906000002	12763.948184	12768.40557			1.0	2.0	0.0	3.0					
12772.614	11.850000000000364	trials	10.0	12781.087508	12783.073034000001	12784.06601	12784.464678000002	12780.398524000002	12783.552598000002			1.0	1.0	0.0	3.0					
12788.414	10.594999999999345	trials	10.0	12794.595760000002	12795.673490000001			12794.059484000001	12796.36352	12798.144	12799.009	2.0		1.0	1.0					
12802.034	6.850000000000364	trials	10.0	12804.146670000002	12805.822944000001	12806.667402000001	12807.316324000001	12803.449894000001	12806.198184	12807.389	12808.884	1.0	2.0	1.0	1.0					
12811.905	5.435999999999694	trials	10.0	12813.702908000001	12815.218240000002	12816.506216000002	12817.337466	12813.120848	12815.863640000001			1.0	2.0	0.0	3.0					
12818.844	8.96600000000035	trials	10.0	12823.461976	12825.20907	12827.452286000002	12827.811744	12822.605218	12825.989936000002			1.0	2.0	0.0	3.0					
12829.789	12.13299999999981	trials	10.0	12836.752358000002	12838.227632000002	12839.815976000002	12840.426354000001	12836.144382000002	12839.203756	12840.659	12841.922	1.0	2.0	1.0	1.0					
12843.944	11.63800000000083	trials	10.0	12847.606724000001	12849.335430000001			12846.652346	12849.858608			2.0		1.0	1.0					
12855.923	4.533999999999651	trials	10.0	12857.507452000002	12858.610392	12860.110044000001	12860.452478000001	12855.583228000001	12859.378320000002			1.0	1.0	0.0	3.0					
12864.489	7.916000000001077	trials	10.0	12866.926892000001	12868.868740000002	12870.001848000002	12870.711852	12865.955390000001	12869.356438	12870.839	12872.405	1.0	2.0	1.0	1.0					
12874.44	10.755999999999403	trials	10.0	12877.452184000002	12878.838644000001			12876.908128000001	12879.510062000001	12881.365	12882.203	2.0		1.0	1.0					
12886.269	5.204999999999927	trials	10.0	12887.872134000001	12889.403898			12885.192546000002	12889.392762000001			1.0		0.0	2.0					
12894.479	8.075000000000728	trials	10.0	12898.743566000001	12900.197614	12901.43971	12902.339312000002	12898.077186	12900.820860000002			1.0	2.0	1.0	1.0					
12906.054	10.560999999999694	trials	10.0	12912.312084000001	12914.604434			12911.36979	12914.590666000002			1.0		0.0	2.0					
12918.63	9.606000000001586	trials	10.0	12924.350664000001	12925.454194000002	12927.520842000002	12928.232810000001	12923.572142	12926.95792			1.0	2.0	0.0	3.0					
