onset	duration	nwb_table	block	tone_on_time	tone_off_time	action_on_time	action_off_time	pokeC_on_time	pokeC_off_time	reward_on_time	reward_off_time	state	action	reward	result	FinishedBlock	FirstTrial	LastTrial	RewardRule_L	RewardRule_R
3.363	2121.1380000000004	BlockDesign														1.0	1.0	145.0	50.0	10.0
3.363	29.232999999999997	trials	1.0	29.816	30.956987	32.222981000000004	32.600435000000004	29.128156999999998	31.383715			1.0	2.0	0.0	3.0					
34.566	7.859999999999999	trials	1.0	38.636455	39.859436			37.889258999999996	40.224391			2.0		1.0	1.0					
44.926	11.159999999999997	trials	1.0	46.806146999999996	48.569855000000004	50.225697999999994	50.461614999999995	45.745262	48.985117	51.026	52.131	1.0	1.0	1.0	1.0					
56.151	4.579999999999998	trials	1.0	57.922444	59.133003	60.401363	60.68368699999999	56.090492	59.521727			1.0	2.0	0.0	3.0					
62.791	7.040999999999997	trials	1.0	65.011386	66.347567	68.078477	68.382856	64.457462	66.95224900000001	68.836	69.832	1.0	1.0	1.0	1.0					
72.851	5.9950000000000045	trials	1.0	74.672453	76.268264			73.587593	76.599908			2.0		1.0	1.0					
83.309	5.298000000000002	trials	1.0	84.916201	86.433161	88.276269	88.49875300000001	84.257497	86.913234			1.0	1.0	0.0	3.0					
92.622	9.334999999999994	trials	1.0	94.71313	95.805402	97.068145	97.350965	94.10679400000001	96.454963	97.917	99.066	1.0	1.0	1.0	1.0					
103.086	4.915000000000006	trials	1.0	104.761808	106.648508	107.672366	107.827126	101.95767500000001	106.66997500000001			1.0	1.0	0.0	3.0					
110.056	5.805000000000007	trials	1.0	112.166255	113.694299	115.529576	115.793518	111.444823	114.189341			1.0	2.0	0.0	3.0					
119.871	15.046000000000006	trials	1.0	131.646601	133.518211	134.599409	134.882212	130.838098	133.814086			1.0	2.0	0.0	3.0					
137.927	6.609000000000009	trials	1.0	140.03660200000002	141.38878	142.398346	142.713988	139.229629	141.87232	143.101	144.536	1.0	1.0	1.0	1.0					
146.562	7.538999999999987	trials	1.0	150.096958	151.518461			149.105358	151.840856			2.0		1.0	1.0					
157.576	10.865000000000009	trials	1.0	159.32137600000001	160.818501	166.313644	166.64591000000001	157.808345	161.07754	166.997	168.441	1.0	1.0	1.0	1.0					
170.51	6.407000000000011	trials	1.0	172.862126	174.299474			172.05594200000002	174.617062			2.0		1.0	1.0					
180.411	6.131	trials	1.0	182.391719	183.606736	184.792013	185.021443	180.884935	184.145458	185.551	186.542	1.0	1.0	1.0	1.0					
188.564	7.7520000000000095	trials	1.0	191.526796	193.458062	194.573681	194.787145	190.574254	193.858573	195.281	196.316	1.0	1.0	1.0	1.0					
200.346	6.36099999999999	trials	1.0	203.8264	205.05263300000001	206.213354	206.710249	203.145636	205.497707			1.0	1.0	0.0	3.0					
210.551	44.435	trials	1.0	251.932126	253.08192	254.661323	254.891585	250.988395	254.06263299999998			1.0	1.0	0.0	3.0					
257.996	5.330000000000041	trials	1.0	259.94239	261.98270099999996	262.992941	263.33113	259.081939	262.32028699999995			1.0	1.0	0.0	3.0					
265.36	9.980999999999995	trials	1.0	271.572047	273.034184			270.8545	273.226144			2.0		1.0	1.0					
279.872	7.538999999999987	trials	1.0	282.70667	284.39395099999996	286.28216899999995	286.577045	281.75871099999995	284.75509999999997			1.0	1.0	0.0	3.0					
288.664	8.093000000000018	trials	1.0	292.18267099999997	293.36112599999996	294.97805	295.23083299999996	291.563198	294.00445399999995	295.651	296.757	1.0	1.0	1.0	1.0					
299.771	6.484999999999957	trials	1.0	301.84741699999995	303.085699	305.040758	305.300279	300.95408199999997	304.291336			1.0	1.0	0.0	3.0					
308.422	5.9389999999999645	trials	1.0	311.19751699999995	312.556988	314.036225	314.21471799999995	310.29195899999996	313.20766799999996			1.0	2.0	0.0	3.0					
317.377	6.51400000000001	trials	1.0	319.697278	321.630272			319.14883399999997	321.791369			2.0		1.0	1.0					
326.419	5.382000000000005	trials	1.0	328.067753	329.14915599999995			326.924632	329.5111			2.0		1.0	1.0					
334.227	11.199000000000012	trials	1.0	337.98774799999995	339.534226	341.23506999999995	341.55585699999995	337.393468	340.137745			1.0	2.0	0.0	3.0					
345.571	10.010999999999967	trials	1.0	347.53745	349.18010599999997	353.163373	353.89217099999996	345.905192	349.440179			1.0	1.0	0.0	3.0					
356.541	6.500999999999976	trials	1.0	359.813027	361.39955299999997	362.72342299999997	363.01246899999995	359.253785	361.939798			1.0	2.0	0.0	3.0					
367.066	20.450000000000045	trials	1.0	383.67373399999997	384.909247			383.05967999999996	385.23992999999996			2.0		1.0	1.0					
391.941	5.425000000000011	trials	1.0	394.31805199999997	396.092672	397.040263	397.35182899999995	393.30726599999997	396.511763			1.0	2.0	0.0	3.0					
400.381	19.650000000000034	trials	1.0	416.557889	417.909674	419.68306299999995	420.033553	415.68794799999995	418.922335			1.0	1.0	0.0	3.0					
424.016	8.289999999999964	trials	1.0	428.87303099999997	430.665977	431.98445599999997	432.282871	428.144141	431.40906199999995			1.0	2.0	0.0	3.0					
435.316	8.100999999999999	trials	1.0	438.339631	440.375498	443.06247499999995	443.418028	437.694733	440.979784			1.0	1.0	0.0	3.0					
445.426	16.975000000000023	trials	1.0	458.16308599999996	459.835363			457.58326	460.10644599999995			2.0		1.0	1.0					
464.916	17.220000000000027	trials	1.0	478.86794899999995	480.203672	481.816597	482.06985799999995	477.89955599999996	481.14595599999996			1.0	2.0	0.0	3.0					
484.187	11.44399999999996	trials	1.0	488.603437	490.091321	493.694953	494.011595	488.09536399999996	491.49965199999997	494.501	495.631	1.0	1.0	1.0	1.0					
497.647	8.728999999999985	trials	1.0	501.693385	502.99643599999996	504.439733	504.735433	500.904143	503.54234799999995	505.116	506.376	1.0	1.0	1.0	1.0					
508.441	8.400000000000034	trials	1.0	512.993339	514.259647			512.464888	514.634309			2.0		1.0	1.0					
521.394	6.133000000000038	trials	1.0	523.3049	525.2642569999999			522.4966059999999	525.254001			2.0		1.0	1.0					
532.126	6.865000000000009	trials	1.0	534.139019	535.344288	536.8770559999999	537.1821229999999	533.157065	536.064927	537.752	538.991	1.0	1.0	1.0	1.0					
542.016	8.450000000000045	trials	1.0	545.293246	546.6666339999999	548.4311379999999	548.7160309999999	544.584375	547.669481	549.211	550.466	1.0	1.0	1.0	1.0					
552.527	11.014999999999986	trials	1.0	559.323637	561.100567	562.379884	562.6475829999999	558.511406	561.623251			1.0	1.0	0.0	3.0					
564.716	10.576000000000022	trials	1.0	570.85903	572.732506	573.749411	573.924133	570.171246	573.038585	574.372	575.292	1.0	2.0	1.0	1.0					
579.36	6.120999999999981	trials	1.0	581.0504649999999	582.78554	583.792699	584.0037699999999	580.345637	583.086917	584.571	585.481	1.0	2.0	1.0	1.0					
588.542	6.414999999999964	trials	1.0	591.925397	592.896086			591.2304399999999	592.8857919999999			2.0		0.0	2.0					
597.966	5.225000000000023	trials	1.0	600.083762	601.9115019999999	602.6528139999999	603.19355	598.664299	601.913623			1.0	1.0	0.0	3.0					
606.981	57.004999999999995	trials	1.0	661.019023	662.9571619999999	663.61834	663.768731	660.1471339999999	663.017972			1.0	2.0	0.0	3.0					
666.941	57.245000000000005	trials	1.0	721.260044	722.691991	723.753689	724.190915	720.528863	723.158412			1.0	2.0	0.0	3.0					
727.096	12.879000000000019	trials	1.0	733.971041	735.7365609999999	736.7217079999999	737.15697	733.075754	736.1382159999999			1.0	2.0	0.0	3.0					
740.05	5.980000000000018	trials	1.0	742.0243389999999	743.90201	745.651871	746.016077	741.108824	744.231601			1.0	1.0	0.0	3.0					
747.981	5.024999999999977	trials	1.0	749.649877	751.0566309999999	752.275167	752.642131	748.865454	751.758565			1.0	2.0	0.0	3.0					
754.646	9.910000000000082	trials	1.0	760.544272	760.55792	763.885001	764.1904059999999	759.7691599999999	760.545425			2.0		0.0	2.0					
764.611	20.065000000000055	trials	1.0	780.949736	782.671469			780.189725	782.668559			2.0		0.0	2.0					
787.682	5.110000000000014	trials	1.0	789.599791	791.2296699999999	792.46758	792.742211	788.483939	791.556918			1.0	2.0	0.0	3.0					
794.806	25.029999999999973	trials	1.0	815.145281	816.991754	817.9064079999999	818.322812	814.357358	817.386213	818.676	819.836	1.0	2.0	1.0	1.0					
821.911	8.336000000000013	trials	1.0	824.615069	826.296023	827.818808	828.263341	823.778558	826.9593699999999	828.641	830.247	1.0	1.0	1.0	1.0					
833.266	7.691000000000031	trials	1.0	838.01045	839.403337	840.608149	840.965409	837.081812	839.769534			1.0	1.0	0.0	3.0					
843.977	10.44900000000007	trials	1.0	850.999513	852.626387	854.0995449999999	854.331404	850.022348	853.292203			1.0	2.0	0.0	3.0					
856.441	30.81499999999994	trials	1.0	881.685613	882.89366	886.6746489999999	886.947937	881.162206	883.672053			1.0	2.0	0.0	3.0					
891.311	16.694999999999936	trials	1.0	904.06564	905.443907			903.538732	905.797829			2.0		1.0	1.0					
910.506	10.375	trials	1.0	916.705103	918.623386			916.005905	918.599638			2.0		1.0	1.0					
924.466	8.059999999999945	trials	1.0	927.530393	928.816461	930.5519889999999	930.858204	926.76887	929.74511	931.236	932.526	1.0	1.0	1.0	1.0					
935.551	12.329999999999927	trials	1.0	944.320267	945.8823699999999	946.6692019999999	946.987625	943.344973	945.866275			1.0		0.0	2.0					
951.888	14.58299999999997	trials	1.0	962.450608	964.232612	966.094065	966.453614	961.8006829999999	965.416207			1.0	2.0	0.0	3.0					
969.471	8.894999999999982	trials	1.0	972.414705	974.1822169999999	976.342627	976.725278	971.8633629999999	975.6725739999999	976.936	978.366	1.0	1.0	1.0	1.0					
982.478	8.388000000000034	trials	1.0	985.151086	986.448131	988.606046	989.058496	984.2229229999999	987.832826	989.286	990.866	1.0	1.0	1.0	1.0					
994.931	23.400999999999954	trials	1.0	1015.020794	1016.847986	1017.926081	1018.177552	1014.153772	1017.195382			1.0	2.0	0.0	3.0					
1021.261	8.434999999999945	trials	1.0	1026.141277	1027.495432	1029.159193	1029.701072	1025.394535	1028.471297			1.0	1.0	0.0	3.0					
1033.491	9.035000000000082	trials	1.0	1038.992354	1040.743657	1042.127606	1042.5311199999999	1038.077593	1041.4436			1.0	2.0	0.0	3.0					
1046.466	6.402000000000044	trials	1.0	1048.271881	1049.883901	1052.5175689999999	1052.873474	1047.349102	1051.842836			1.0	1.0	0.0	3.0					
1055.836	7.740000000000009	trials	1.0	1057.896551	1059.532913	1061.669161	1061.982923	1057.001986	1060.924483	1062.301	1063.576	1.0	1.0	1.0	1.0					
1066.593	7.3279999999999745	trials	1.0	1069.427315	1070.768177	1072.972092	1073.268323	1068.865807	1072.070651			1.0	1.0	0.0	3.0					
1077.341	26.985000000000127	trials	1.0	1097.147399	1098.493385			1096.24135	1098.48363			2.0		0.0	2.0					
1104.546	5.625	trials	1.0	1106.41337	1107.653161			1104.3349759999999	1108.04782			2.0		1.0	1.0					
1112.741	10.825000000000045	trials	1.0	1117.432003	1118.9125609999999	1121.599549	1121.904821	1116.759172	1119.87913	1122.382	1123.566	1.0	1.0	1.0	1.0					
1125.636	9.620000000000118	trials	1.0	1128.87173	1130.578592	1133.225029	1133.560286	1128.003724	1131.76316	1133.931	1135.256	1.0	1.0	1.0	1.0					
1139.323	7.13799999999992	trials	1.0	1142.379947	1143.71264	1146.132632	1146.374675	1141.638706	1145.255843			1.0	1.0	0.0	3.0					
1149.471	6.974999999999909	trials	1.0	1152.262352	1154.165561			1151.6061849999999	1154.39515	1156.116	1156.446	2.0		1.0	1.0					
1159.507	9.269000000000005	trials	1.0	1165.401778	1167.047989	1168.445764	1168.76001	1164.482822	1167.789188			1.0	2.0	0.0	3.0					
1171.786	6.809999999999945	trials	1.0	1174.281778	1176.172189	1178.271334	1178.491008	1173.741416	1177.405643			1.0	2.0	0.0	3.0					
1181.601	22.23999999999978	trials	1.0	1197.718453	1199.001892	1201.716653	1202.021133	1197.017143	1200.974665	1202.446	1203.841	1.0	1.0	1.0	1.0					
1205.752	7.870000000000118	trials	1.0	1209.633277	1211.597482	1213.28789	1213.618618	1209.0988009999999	1212.337139			1.0	2.0	0.0	3.0					
1217.651	22.76599999999985	trials	1.0	1234.781644	1236.514426	1238.443147	1238.780875	1234.113836	1237.752368	1238.997	1240.417	1.0	1.0	1.0	1.0					
1243.436	7.130000000000109	trials	1.0	1245.246535	1246.578784	1248.540704	1248.847573	1244.646793	1247.667829	1249.186	1250.566	1.0	1.0	1.0	1.0					
1253.586	9.174999999999955	trials	1.0	1258.509041	1260.4087749999999			1257.900962	1260.663668	1262.491	1262.651	2.0		1.0	1.0					
1265.301	10.740999999999985	trials	1.0	1271.807738	1273.4793829999999			1271.272714	1273.741744			2.0		1.0	1.0					
1278.521	7.095000000000027	trials	1.0	1280.1173959999999	1282.183554	1283.446319	1283.764334	1279.122475	1282.694116	1284.241	1285.616	1.0	1.0	1.0	1.0					
1288.701	7.764999999999873	trials	1.0	1291.62236	1293.032366	1294.521188	1294.785083	1290.7356889999999	1293.717331	1295.111	1296.466	1.0	1.0	1.0	1.0					
1300.506	7.110999999999876	trials	1.0	1303.437269	1305.104973			1302.820367	1305.374918			2.0		1.0	1.0					
1310.141	5.890999999999849	trials	1.0	1312.786945	1314.145368	1315.657385	1316.038604	1311.83576	1314.8561			1.0	1.0	0.0	3.0					
1319.991	14.075000000000045	trials	1.0	1329.654276	1331.5009929999999			1328.821387	1331.788906			2.0		1.0	1.0					
1337.566	5.80600000000004	trials	1.0	1340.178644	1341.510527	1342.961185	1343.379814	1339.458704	1342.19039			1.0	2.0	0.0	3.0					
1345.301	7.660000000000082	trials	1.0	1348.612564	1349.9859139999999	1352.6475619999999	1352.8707319999999	1347.668836	1350.878126			1.0	1.0	0.0	3.0					
1356.985	8.56100000000015	trials	1.0	1361.297552	1363.039655			1360.3995889999999	1363.323466			2.0		1.0	1.0					
1370.066	6.880999999999858	trials	1.0	1371.732926	1373.131462	1375.058063	1375.370519	1370.265382	1373.6428819999999	1375.901	1376.947	1.0	1.0	1.0	1.0					
1378.993	10.053000000000111	trials	1.0	1383.518486	1385.329361	1388.327047	1388.734264	1382.736112	1387.605428			1.0	1.0	0.0	3.0					
1392.717	5.238999999999805	trials	1.0	1394.672273	1395.859369	1397.589809	1397.949535	1393.104615	1396.921723			1.0	2.0	0.0	3.0					
1400.908	9.299000000000206	trials	1.0	1404.707279	1405.769695	1408.209161	1408.520869	1404.062077	1407.472964	1408.826	1410.207	1.0	1.0	1.0	1.0					
1414.226	8.254999999999882	trials	1.0	1418.907617	1420.466941	1422.048292	1422.4901889999999	1418.136857	1421.195711			1.0	1.0	0.0	3.0					
1424.386	12.525000000000091	trials	1.0	1433.377826	1435.211767	1436.5464319999999	1436.9129619999999	1432.715399	1435.814218			1.0	1.0	0.0	3.0					
1438.872	7.653999999999996	trials	1.0	1443.413044	1445.259661	1446.213743	1446.4752409999999	1442.474063	1445.637058			1.0	2.0	0.0	3.0					
1448.536	7.889999999999873	trials	1.0	1451.398132	1452.770612	1456.057564	1456.435408	1450.796491	1454.359158			1.0	1.0	0.0	3.0					
1458.381	42.35500000000002	trials	1.0	1475.7284	1476.931259	1499.924801	1500.195878	1475.209672	1478.235465			1.0	1.0	0.0	3.0					
1503.303	12.847999999999956	trials	1.0	1510.838311	1511.995565	1513.892851	1514.347339	1510.026544	1513.242635	1514.596	1516.151	1.0	1.0	1.0	1.0					
1519.171	6.879999999999882	trials	1.0	1522.61873	1524.423901	1525.60844	1526.060501	1521.813104	1524.857191			1.0	2.0	0.0	3.0					
1529.951	27.980000000000018	trials	1.0	1555.368663	1556.660631	1557.615902	1557.895769	1554.610358	1557.00062			1.0	2.0	0.0	3.0					
1561.956	14.0150000000001	trials	1.0	1571.845025	1573.41265			1571.2323489999999	1573.725227			2.0		1.0	1.0					
1578.442	8.239000000000033	trials	1.0	1581.378617	1583.415788			1580.667976	1583.873744	1585.766	1586.681	2.0		1.0	1.0					
1588.716	11.840000000000146	trials	1.0	1597.068905	1598.557262	1599.160144	1599.230877	1596.0711919999999	1598.550104			1.0		0.0	2.0					
1602.566	17.720000000000027	trials	1.0	1613.938796	1615.891007	1619.431643	1619.861329	1613.312557	1618.788892			1.0	1.0	0.0	3.0					
1623.756	9.470000000000027	trials	1.0	1628.966627	1630.250556	1631.441237	1631.751779	1628.161801	1630.779041	1632.156	1633.226	1.0	2.0	1.0	1.0					
1637.247	7.753999999999905	trials	1.0	1641.629135	1643.340334	1644.305473	1644.483673	1640.7478389999999	1643.717007			1.0	2.0	0.0	3.0					
1648.636	9.025000000000091	trials	1.0	1652.908898	1654.2969679999999	1657.229186	1657.671575	1651.982974	1655.197475			1.0	1.0	0.0	3.0					
1661.551	39.781000000000176	trials	1.0	1697.6689999999999	1697.790853	1699.569763	1700.265995	1696.778666	1697.785964			1.0		0.0	2.0					
1703.896	4.770999999999958	trials	1.0	1705.654399	1706.611301			1704.526198	1706.60745			2.0		0.0	2.0					
1710.682	6.999000000000024	trials	1.0	1712.479971	1714.035749	1717.234835	1717.692163	1711.464127	1716.5889379999999			1.0	1.0	0.0	3.0					
1720.564	6.106999999999971	trials	1.0	1722.214495	1724.002693	1726.158565	1726.680835	1721.470814	1725.425352			1.0	2.0	0.0	3.0					
1728.491	8.506000000000085	trials	1.0	1733.119607	1734.932003			1732.149131	1734.927719			2.0		0.0	2.0					
1739.036	9.521999999999935	trials	1.0	1742.739418	1744.132877	1746.563842	1746.839458	1742.031022	1745.685236	1747.207	1748.558	1.0	1.0	1.0	1.0					
1752.615	7.211999999999989	trials	1.0	1756.190034	1757.266814			1755.471751	1757.652412			2.0		1.0	1.0					
1763.321	11.413999999999987	trials	1.0	1770.9545659999999	1772.172707			1770.232238	1772.6517039999999			2.0		1.0	1.0					
1777.196	9.08900000000017	trials	1.0	1782.329945	1783.92772	1785.941026	1786.296421	1781.674793	1784.425642			1.0	1.0	0.0	3.0					
1789.281	9.434999999999945	trials	1.0	1794.83494	1796.538323	1797.909226	1798.724573	1793.865712	1797.172648			1.0	2.0	0.0	3.0					
1801.249	18.636999999999944	trials	1.0	1814.640498	1816.476374	1817.876954	1818.210395	1814.116186	1817.144335	1818.651	1819.886	1.0	1.0	1.0	1.0					
1821.902	18.634000000000015	trials	1.0	1831.749497	1833.317449	1840.081696	1840.548425	1831.13071	1834.346595			1.0	1.0	0.0	3.0					
1843.411	8.429999999999836	trials	1.0	1846.26154	1847.62238	1851.452606	1851.760501	1845.729884	1849.120097			1.0	1.0	0.0	3.0					
1854.881	8.459999999999809	trials	1.0	1857.619711	1858.966506	1861.285224	1861.616737	1856.851703	1860.561442	1861.936	1863.341	1.0	1.0	1.0	1.0					
1866.361	8.554999999999836	trials	1.0	1869.97175	1871.9664129999999	1873.90482	1874.294772	1869.176266	1873.140913			1.0	1.0	0.0	3.0					
1877.252	14.539999999999964	trials	1.0	1885.654979	1887.017306	1889.718454	1890.022982	1885.013593	1888.615715	1890.511	1891.792	1.0	1.0	1.0	1.0					
1895.817	6.224999999999909	trials	1.0	1897.806898	1899.731141			1896.830906	1899.931036	1901.636	1901.961	2.0		1.0	1.0					
1906.553	9.06899999999996	trials	1.0	1909.7615349999999	1911.142966	1913.307959	1913.6056839999999	1909.164098	1912.293968	1914.057	1915.622	1.0	1.0	1.0	1.0					
1918.657	9.764000000000124	trials	1.0	1923.085498	1924.873661	1926.435148	1926.635366	1922.405422	1925.453767	1927.122	1928.421	1.0	1.0	1.0	1.0					
1932.49	35.29099999999994	trials	1.0	1935.056555	1936.903936	1965.84349	1966.230445	1934.523565	1937.136568	1966.591	1967.781	1.0	1.0	1.0	1.0					
1970.656	6.9909999999999854	trials	1.0	1974.075647	1975.645133	1976.547209	1976.906498	1973.170304	1975.632529			1.0		0.0	2.0					
1981.697	14.479000000000042	trials	1.0	1992.887536	1994.1818739999999			1992.094648	1994.175808			2.0		0.0	2.0					
2000.191	6.244999999999891	trials	1.0	2002.090408	2003.9268339999999			2000.386375	2004.301177			2.0		1.0	1.0					
2008.982	9.509000000000015	trials	1.0	2014.931998	2016.932167	2018.059739	2018.5012669999999	2014.1148739999999	2017.36094			1.0	2.0	0.0	3.0					
2020.376	19.3900000000001	trials	1.0	2034.5577759999999	2036.194221	2037.814856	2038.124297	2033.868707	2037.117565	2038.461	2039.766	1.0	1.0	1.0	1.0					
2042.788	7.538000000000011	trials	1.0	2045.4555730000002	2047.4177599999998	2049.578944	2050.055631	2044.713431	2048.810037			1.0	1.0	0.0	3.0					
2051.896	39.60799999999972	trials	1.0	2088.175736	2089.978156	2091.179626	2091.42991	2087.592197	2090.536534			1.0	2.0	0.0	3.0					
2093.561	7.645999999999731	trials	1.0	2097.18266	2098.603438			2096.323118	2098.999948			2.0		1.0	1.0					
2105.636	7.309999999999945	trials	1.0	2108.763157	2110.4441			2107.791598	2110.767085			2.0		1.0	1.0					
2116.487	8.014000000000124	trials	1.0	2118.27181	2119.602529	2121.955268	2122.33445	2117.405795	2120.971945	2122.756	2124.501	1.0	1.0	1.0	1.0					
2126.626	3768.8499999999995	BlockDesign														1.0	146.0	371.0	90.0	50.0
2126.626	10.12099999999964	trials	2.0	2131.602014	2133.153163	2134.635736	2134.941365	2131.020419	2133.852968	2135.736	2136.747	1.0	1.0	1.0	1.0					
2139.646	9.409999999999854	trials	2.0	2143.916087	2145.692752	2147.132432	2147.45751	2143.037831	2146.293793	2147.896	2149.056	1.0	1.0	1.0	1.0					
2152.161	16.054999999999836	trials	2.0	2158.022134	2159.6585019999998	2166.308932	2166.622964	2157.439958	2160.164551	2166.991	2168.216	1.0	1.0	1.0	1.0					
2171.336	15.680000000000291	trials	2.0	2183.223214	2184.343654	2185.393034	2185.605518	2182.374302	2184.832416	2186.191	2187.016	1.0	2.0	1.0	1.0					
2191.036	6.150000000000091	trials	2.0	2192.68337	2194.676667			2191.699366	2194.977557	2197.016	2197.152	2.0		1.0	1.0					
2200.718	8.958000000000084	trials	2.0	2205.316715	2206.80135	2208.114161	2208.242342	2204.426734	2207.34106	2208.747	2209.676	1.0	2.0	1.0	1.0					
2213.737	5.733999999999924	trials	2.0	2215.812096	2216.940611			2215.062135	2217.152449	2218.926	2219.471	2.0		1.0	1.0					
2223.487	5.9789999999998145	trials	2.0	2226.517029	2227.600156	2229.006843	2229.235862	2225.508449	2228.195658			1.0	2.0	0.0	3.0					
2231.336	11.886000000000422	trials	2.0	2239.327046	2240.971678			2238.759761	2241.19123	2242.966	2243.161	2.0		1.0	1.0					
2245.766	6.6599999999998545	trials	2.0	2248.242255	2249.3738829999998	2250.672766	2250.961787	2247.531883	2249.967929	2251.401	2252.426	1.0	1.0	1.0	1.0					
2254.446	9.565000000000055	trials	2.0	2258.67635	2260.42654	2261.75053	2262.168275	2257.972276	2261.006816	2262.536	2264.011	1.0	1.0	1.0	1.0					
2267.082	32.42399999999998	trials	2.0	2268.837112	2270.668916	2294.153054	2294.447285	2268.302192	2271.003707	2294.911	2296.051	1.0	1.0	1.0	1.0					
2300.146	4.039999999999964	trials	2.0	2302.051937	2303.284546	2303.86589	2304.101017	2299.519729	2303.257106			1.0	2.0	0.0	3.0					
2306.191	9.391000000000076	trials	2.0	2311.872637	2313.089921	2313.985763	2314.2634279999997	2310.943286	2313.409349	2314.622	2315.582	1.0	2.0	1.0	1.0					
2318.598	5.597999999999956	trials	2.0	2320.604005	2322.272417	2323.473731	2323.842023	2319.879074	2322.775225			1.0	1.0	0.0	3.0					
2325.841	8.195000000000164	trials	2.0	2330.607875	2331.727915			2329.796957	2331.940922			2.0		1.0	1.0					
2336.571	6.769999999999982	trials	2.0	2340.652957	2342.109361	2343.019126	2343.239708	2339.863486	2342.420831			1.0	2.0	0.0	3.0					
2347.351	12.766999999999825	trials	2.0	2356.26866	2357.866784			2355.53032	2358.078047	2359.701	2359.936	2.0		1.0	1.0					
2364.716	13.059999999999945	trials	2.0	2373.988005	2375.263207			2373.298498	2375.615713			2.0		1.0	1.0					
2381.322	10.278999999999996	trials	2.0	2382.974685	2384.779643	2389.557224	2389.8537499999998	2382.3157	2384.930512	2390.221	2391.601	1.0	1.0	1.0	1.0					
2393.618	7.488000000000284	trials	2.0	2397.777856	2399.545742	2400.606571	2401.121313	2396.867834	2399.826797			1.0	2.0	0.0	3.0					
2403.981	17.17599999999993	trials	2.0	2409.877309	2411.865047	2415.438584	2415.663596	2409.236219	2412.177634	2416.131	2417.226	1.0	1.0	1.0	1.0					
2421.282	4.9539999999997235	trials	2.0	2423.007329	2424.183551	2425.44766	2425.88557	2421.172673	2424.645589			1.0	1.0	0.0	3.0					
2427.818	15.763999999999669	trials	2.0	2439.139186	2440.239852	2441.7099319999998	2442.0395829999998	2438.458712	2440.988631	2442.457	2443.582	1.0	1.0	1.0	1.0					
2446.603	7.932999999999993	trials	2.0	2448.908227	2450.725274	2452.476428	2452.784951	2448.018581	2451.592984	2453.171	2454.536	1.0	1.0	1.0	1.0					
2458.656	12.55099999999993	trials	2.0	2465.853199	2467.024831	2469.116161	2469.421987	2465.323394	2468.198463	2469.921	2471.207	1.0	1.0	1.0	1.0					
2475.32	8.580999999999676	trials	2.0	2479.268275	2480.709626	2481.974953	2482.298965	2478.335953	2481.2322679999997	2482.656	2483.901	1.0	2.0	1.0	1.0					
2486.926	6.7590000000000146	trials	2.0	2489.672636	2491.179869			2489.119457	2491.4817279999997			2.0		1.0	1.0					
2498.256	12.875	trials	2.0	2505.073082	2506.603652	2508.053984	2508.4300279999998	2504.304695	2507.275891	2508.691	2511.131	1.0	1.0	1.0	1.0					
2513.211	15.25500000000011	trials	2.0	2524.608559	2526.473981			2523.767402	2526.461905			2.0		0.0	2.0					
2530.476	7.0349999999998545	trials	2.0	2533.169147	2534.910208			2532.42295	2535.226901			2.0		1.0	1.0					
2540.981	13.449999999999818	trials	2.0	2549.600008	2551.449158	2552.532348	2552.841814	2548.75619	2551.847753	2553.357	2554.431	1.0	1.0	1.0	1.0					
2557.455	9.590999999999894	trials	2.0	2559.230686	2560.422046			2558.399062	2560.582236			2.0		1.0	1.0					
2567.246	8.009999999999764	trials	2.0	2569.079033	2570.410474	2573.10377	2573.381762	2567.059484	2570.783582	2573.731	2575.256	1.0	1.0	1.0	1.0					
2577.316	9.580000000000382	trials	2.0	2582.0837149999998	2583.909848	2585.134705	2585.332596	2581.291645	2584.329856	2585.876	2586.896	1.0	2.0	1.0	1.0					
2589.966	7.295000000000073	trials	2.0	2591.97926	2593.309079	2595.034405	2595.335476	2591.24714	2594.229369	2595.821	2597.261	1.0	1.0	1.0	1.0					
2601.326	6.0300000000002	trials	2.0	2604.225409	2605.29543	2606.988853	2607.271406	2603.2329409999998	2605.290208			1.0		0.0	2.0					
2611.366	6.474999999999909	trials	2.0	2614.753366	2615.791378			2614.073054	2615.781257			2.0		0.0	2.0					
2620.862	4.6349999999997635	trials	2.0	2622.878783	2623.981096	2625.1833619999998	2625.406255	2622.193355	2624.645306			1.0	2.0	0.0	3.0					
2628.511	4.815000000000055	trials	2.0	2630.450483	2631.825883	2633.006276	2633.341501	2629.164893	2632.3380349999998			1.0	2.0	0.0	3.0					
2635.377	53.78200000000015	trials	2.0	2684.434538	2686.032115	2687.102188	2687.568239	2683.854106	2686.457581	2687.836	2689.159	1.0	1.0	1.0	1.0					
2693.172	5.043999999999869	trials	2.0	2694.9000889999998	2696.219722	2697.51571	2697.794465	2693.225105	2696.212527			1.0		0.0	2.0					
2700.271	19.049999999999727	trials	2.0	2711.843975	2713.405994	2714.209958	2714.459951	2711.239835	2713.682525	2714.891	2715.967	1.0	2.0	1.0	1.0					
2720.011	4.7150000000001455	trials	2.0	2721.804112	2722.661318	2723.693276	2724.0339519999998	2719.338257	2722.658447			1.0		0.0	2.0					
2727.75	77.51600000000008	trials	2.0	2802.516434	2803.211619	2804.06614	2804.123708	2801.526197	2803.2050209999998			1.0		0.0	2.0					
2807.314	26.26800000000003	trials	2.0	2831.196493	2832.272087	2833.017775	2833.599136	2830.284414	2832.487696			1.0	2.0	0.0	3.0					
2836.323	8.230000000000018	trials	2.0	2841.194857	2842.896632	2844.18214	2844.566396	2840.622323	2843.306938			1.0	2.0	0.0	3.0					
2847.536	16.652999999999793	trials	2.0	2858.530198	2860.3561369999998	2862.140798	2862.555418	2857.867256	2860.646374	2862.776	2864.189	1.0	1.0	1.0	1.0					
2866.251	8.404999999999745	trials	2.0	2869.891931	2871.770599	2872.659569	2873.055686	2869.121053	2872.045493	2873.636	2874.656	1.0	1.0	1.0	1.0					
2878.746	4.989999999999782	trials	2.0	2880.304892	2881.692406	2882.508944	2882.72778	2878.771501	2881.685618			1.0		0.0	2.0					
2885.791	8.335000000000036	trials	2.0	2889.461348	2890.593029			2888.9452539999997	2890.587995			2.0		0.0	2.0					
2894.631	6.579999999999927	trials	2.0	2896.476375	2898.372092	2899.492721	2899.865972	2894.14334	2898.674246	2900.131	2901.211	1.0	2.0	1.0	1.0					
2904.321	7.575000000000273	trials	2.0	2907.759727	2909.576855			2906.892011	2909.701831			2.0		1.0	1.0					
2915.366	6.065000000000055	trials	2.0	2917.415545	2919.3872029999998			2916.399944	2919.38033			2.0		0.0	2.0					
2925.456	37.31999999999971	trials	2.0	2958.2602699999998	2959.717207	2960.912555	2961.184546	2957.738869	2960.20286	2961.571	2962.776	1.0	2.0	1.0	1.0					
2966.846	19.164999999999964	trials	2.0	2968.630528	2970.1877719999998	2984.229637	2984.489771	2966.936926	2970.17495	2984.896	2986.011	1.0	1.0	1.0	1.0					
2990.082	61.634000000000015	trials	2.0	3045.806255	3047.398412	3048.925207	3049.38458	3045.230842	3047.42873			1.0	2.0	0.0	3.0					
3052.286	10.360000000000127	trials	2.0	3058.115549	3059.347481	3062.376806	3062.649415	3058.000904	3059.340615			1.0		0.0	2.0					
3065.368	14.758000000000266	trials	2.0	3077.066	3078.122026	3078.68504	3079.208585	3076.258501	3078.111538			1.0		0.0	2.0					
3082.171	12.018000000000029	trials	2.0	3089.396188	3090.637712	3091.962356	3092.438048	3088.754791	3091.295775	3092.736	3094.189	1.0	1.0	1.0	1.0					
3097.235	7.185999999999694	trials	2.0	3100.945792	3102.417857	3103.707929	3104.0773599999998	3100.026868	3102.405604			1.0		0.0	2.0					
3107.438	7.612999999999829	trials	2.0	3110.869727	3112.722755			3110.154551	3112.9627			2.0		1.0	1.0					
3118.532	12.398999999999887	trials	2.0	3123.297811	3124.879172	3125.960058	3126.196194	3122.547788	3125.175471	3126.711	3127.716	1.0	2.0	1.0	1.0					
3131.816	5.695000000000164	trials	2.0	3133.450412	3134.739343	3135.795172	3135.933924	3130.9343	3135.068557	3136.471	3137.511	1.0	2.0	1.0	1.0					
3140.546	7.440000000000055	trials	2.0	3143.851193	3145.108465			3143.037131	3145.457591	3147.261	3147.986	2.0		1.0	1.0					
3150.091	35.940000000000055	trials	2.0	3181.25282	3182.232754			3180.624883	3182.222915			2.0		0.0	2.0					
3186.291	5.449999999999818	trials	2.0	3187.926725	3189.927764	3190.9405	3191.39219	3187.28103	3190.073099			1.0	1.0	0.0	3.0					
3194.277	10.183999999999742	trials	2.0	3201.151499	3202.458766	3203.152589	3203.635369	3200.530967	3202.4501			1.0		0.0	2.0					
3206.501	16.86499999999978	trials	2.0	3218.911017	3220.768088	3221.697838	3221.93221	3217.944599	3221.044826	3222.601	3223.366	1.0	2.0	1.0	1.0					
3227.407	5.233999999999924	trials	2.0	3229.256891	3231.086576	3232.114337	3232.232161	3228.185678	3231.357892			1.0	2.0	0.0	3.0					
3236.499	20.437000000000353	trials	2.0	3252.481291	3253.765653	3254.676271	3255.070189	3251.740657	3254.060488			1.0	2.0	0.0	3.0					
3257.063	37.8130000000001	trials	2.0	3290.141659	3291.63449	3293.008192	3293.337082	3289.377158	3292.323557	3293.691	3294.876	1.0	1.0	1.0	1.0					
3297.932	6.864000000000033	trials	2.0	3300.98086	3302.873567	3303.714245	3304.044263	3300.46694	3303.144829			1.0	1.0	1.0	1.0					
3307.323	7.6590000000001055	trials	2.0	3311.14195	3312.668093			3310.486292	3312.700523			2.0		1.0	1.0					
3317.505	7.165999999999713	trials	2.0	3321.503108	3322.57584	3324.161839	3324.674219	3320.783151	3323.338052			1.0	1.0	0.0	3.0					
3328.547	29.409999999999854	trials	2.0	3353.526728	3354.509864			3352.628255	3354.501682			1.0		0.0	2.0					
3358.636	37.61999999999989	trials	2.0	3391.5819970000002	3392.8957060000002	3394.270833	3394.598729	3390.640354	3393.559583	3394.936	3396.256	1.0	1.0	1.0	1.0					
3398.282	12.793999999999869	trials	2.0	3406.202285	3407.4147709999997	3409.057367	3409.310965	3405.233971	3407.828263	3409.786	3411.076	1.0	1.0	1.0	1.0					
3413.161	7.864999999999782	trials	2.0	3415.826813	3417.363729	3418.962985	3419.242792	3415.247572	3418.158746	3419.711	3421.026	1.0	1.0	1.0	1.0					
3424.042	6.744000000000142	trials	2.0	3426.258211	3427.6538570000002	3428.881915	3429.14043	3424.536501	3428.105823	3429.571	3430.786	1.0	1.0	1.0	1.0					
3433.806	6.860999999999876	trials	2.0	3436.307414	3436.7492270000002			3435.704304	3436.742831			2.0		0.0	2.0					
3440.776	37.68100000000004	trials	2.0	3473.878891	3475.840166	3477.972886	3478.458743	3473.118313	3476.267318			1.0	2.0	0.0	3.0					
3481.352	5.0330000000003565	trials	2.0	3484.01812	3484.294336	3485.979086	3486.385531	3483.270251	3484.277785			1.0		0.0	2.0					
3489.328	6.322999999999865	trials	2.0	3491.807864	3493.590863			3491.288079	3493.587236			2.0		0.0	2.0					
3497.706	6.7599999999997635	trials	2.0	3499.437597	3501.194757	3502.578326	3502.89319	3498.414093	3501.941527	3503.276	3504.466	1.0	1.0	1.0	1.0					
3508.486	7.175000000000182	trials	2.0	3510.287602	3511.771771	3513.651857	3513.927035	3509.314846	3512.141777	3514.301	3515.661	1.0	1.0	1.0	1.0					
3519.726	5.270999999999731	trials	2.0	3521.688104	3522.930577			3520.057205	3522.917344			1.0		0.0	2.0					
3529.056	21.340000000000146	trials	2.0	3545.098438	3546.96982	3548.051723	3548.303435	3544.470181	3547.27168	3548.771	3550.396	1.0	2.0	1.0	1.0					
3553.47	6.2960000000002765	trials	2.0	3555.049717	3556.637281	3557.770382	3558.068132	3553.8138010000002	3557.008087	3558.506	3559.766	1.0	1.0	1.0	1.0					
3563.801	34.65599999999995	trials	2.0	3594.542625	3596.1446			3593.880756	3596.379551	3598.116	3598.332	2.0		1.0	1.0					
3600.962	10.144000000000233	trials	2.0	3604.703371	3606.512232	3610.877767	3611.110033	3603.8015960000002	3606.492799			2.0		0.0	2.0					
3611.562	27.923999999999978	trials	2.0	3616.4834929999997	3617.945033	3637.53269	3637.973815	3615.962365	3618.401989	3638.341	3639.486	1.0	1.0	1.0	1.0					
3643.546	10.076000000000022	trials	2.0	3650.292815	3651.619857			3649.506159	3651.610226			2.0		0.0	2.0					
3655.675	10.531999999999698	trials	2.0	3662.098594	3663.647249	3664.5625	3664.808012	3661.536391	3663.818086	3665.265	3666.207	1.0	2.0	1.0	1.0					
3668.226	7.404999999999745	trials	2.0	3670.7548580000002	3672.039218	3673.18272	3673.600865	3670.019355	3672.3603080000003			1.0	2.0	0.0	3.0					
3677.506	9.309999999999945	trials	2.0	3682.663392	3684.7217419999997	3686.501697	3686.821941	3682.03657	3684.710075			1.0		0.0	2.0					
3688.776	5.809999999999945	trials	2.0	3692.038769	3693.135871	3694.094007	3694.5899449999997	3691.442947	3693.499012			1.0	2.0	0.0	3.0					
3697.477	22.739000000000033	trials	2.0	3715.647593	3717.111305	3718.500427	3718.80002	3714.761477	3717.683969	3719.247	3720.216	1.0	2.0	1.0	1.0					
3722.231	37.5	trials	2.0	3755.965259	3757.46665			3754.9936749999997	3757.701356			2.0		1.0	1.0					
3764.256	6.400000000000091	trials	2.0	3766.139255	3767.585879	3769.060503	3769.270253	3765.622615	3768.025119	3769.866	3770.656	1.0	2.0	1.0	1.0					
3772.721	10.02599999999984	trials	2.0	3777.597781	3779.13631	3780.112853	3780.306899	3777.039358	3779.133358			1.0		0.0	2.0					
3784.207	39.96399999999994	trials	2.0	3819.749096	3821.045379	3822.137711	3822.552723	3819.2253220000002	3821.497146	3823.031	3824.171	1.0	1.0	1.0	1.0					
3828.191	6.511000000000422	trials	2.0	3829.939637	3831.485167	3832.536521	3832.914182	3828.929264	3831.891555	3833.216	3834.702	1.0	1.0	1.0	1.0					
3837.791	17.290999999999713	trials	2.0	3850.735404	3852.037019	3853.238171	3853.473464	3849.902991	3852.551848	3853.961	3855.082	1.0	1.0	1.0	1.0					
3857.151	7.035000000000309	trials	2.0	3859.859898	3861.164501	3862.238699	3862.462055	3859.043483	3861.509552	3862.991	3864.186	1.0	1.0	1.0	1.0					
3867.207	6.679000000000087	trials	2.0	3869.374583	3870.491105	3871.934475	3872.146801	3868.503518	3871.133496	3872.591	3873.886	1.0	1.0	1.0	1.0					
3875.951	7.474999999999909	trials	2.0	3878.374719	3879.600447	3881.256069	3881.567171	3877.786519	3880.4131660000003	3882.006	3883.426	1.0	1.0	1.0	1.0					
3886.328	7.01299999999992	trials	2.0	3888.369734	3890.116237	3891.007287	3891.294263	3887.341896	3890.052536	3891.686	3893.341	1.0	1.0	1.0	1.0					
3895.411	30.36499999999978	trials	2.0	3920.530099	3922.115847	3923.602667	3924.045163	3919.591454	3922.87208	3924.256	3925.776	1.0	1.0	1.0	1.0					
3927.843	14.878000000000156	trials	2.0	3939.235226	3940.718418	3941.975441	3942.138996	3938.243332	3940.709693			1.0		0.0	2.0					
3946.777	22.603999999999814	trials	2.0	3965.150546	3966.755708	3967.695854	3968.010239	3964.176079	3967.037615	3968.571	3969.381	1.0	2.0	1.0	1.0					
3972.497	4.875	trials	2.0	3974.3348809999998	3975.361958	3977.039819	3977.300666	3973.765183	3976.250491			1.0	2.0	0.0	3.0					
3979.411	5.0099999999997635	trials	2.0	3981.6249900000003	3983.001448	3984.102313	3984.2522289999997	3980.702632	3983.348398			1.0	2.0	0.0	3.0					
3986.431	23.329999999999927	trials	2.0	4006.155017	4007.747324			4005.391567	4007.682725			2.0		1.0	1.0					
4013.294	5.4529999999999745	trials	2.0	4015.163943	4016.932589	4018.0748869999998	4018.495352	4014.204285	4017.348779			1.0	1.0	0.0	3.0					
4020.426	9.550000000000182	trials	2.0	4024.780579	4026.376268	4027.9383820000003	4028.2167090000003	4024.133465	4027.013459	4028.576	4029.976	1.0	1.0	1.0	1.0					
4033.792	5.735000000000127	trials	2.0	4036.355662	4038.37829	4039.184074	4039.2596869999998	4035.515056	4038.432713			1.0	2.0	0.0	3.0					
4043.521	16.149999999999636	trials	2.0	4056.007498	4057.1143819999998			4055.160679	4057.508453			2.0		1.0	1.0					
4064.146	6.835000000000036	trials	2.0	4065.967325	4067.767784	4069.17754	4069.454917	4064.979727	4068.2450870000002	4069.872	4070.981	1.0	2.0	1.0	1.0					
4073.046	10.371000000000095	trials	2.0	4078.58398	4080.053744	4081.3327719999997	4081.688576	4077.789557	4080.586985	4082.171	4083.417	1.0	1.0	1.0	1.0					
4086.483	10.188000000000102	trials	2.0	4091.306515	4093.22755	4094.645002	4094.958706	4090.6379500000003	4093.803242	4095.461	4096.671	1.0	1.0	1.0	1.0					
4099.692	5.627999999999702	trials	2.0	4101.275668	4102.810142			4100.4663980000005	4103.245135			2.0		1.0	1.0					
4108.846	52.0	trials	2.0	4153.0460889999995	4154.537546	4157.015147	4157.361416	4152.160169	4154.860225			1.0	2.0	0.0	3.0					
4161.351	9.641000000000531	trials	2.0	4167.686882	4168.988439			4166.921844	4168.98332			1.0		0.0	2.0					
4174.001	14.854999999999563	trials	2.0	4185.108154	4186.547713	4187.795057	4188.440122	4184.403422	4187.125319			1.0	1.0	1.0	1.0					
4191.417	12.763999999999214	trials	2.0	4196.541247	4198.108117			4195.5998	4198.431943			2.0		1.0	1.0					
4205.136	6.134999999999309	trials	2.0	4206.9366549999995	4208.4140879999995	4209.29468	4209.532576	4204.190426	4208.390007	4210.066	4211.271	1.0	1.0	1.0	1.0					
4214.311	6.7849999999998545	trials	2.0	4216.978052	4218.788071			4216.152634	4219.0145649999995			2.0		1.0	1.0					
4225.626	29.871000000000095	trials	2.0	4252.266616	4254.170695	4255.0848320000005	4255.504826	4251.544396	4254.380101			1.0	2.0	0.0	3.0					
4259.456	31.51000000000022	trials	2.0	4287.411737	4288.953658			4286.788114	4288.948576			2.0		0.0	2.0					
4295.021	5.89600000000064	trials	2.0	4296.697076	4298.139144	4298.897704	4299.237301	4295.24843	4298.121388	4299.636	4300.917	1.0	1.0	1.0	1.0					
4304.936	6.0	trials	2.0	4306.866542	4308.173425	4309.018061	4309.280788	4305.249065	4308.233134	4309.711	4310.936	1.0	1.0	1.0	1.0					
4312.966	9.295000000000073	trials	2.0	4317.1673200000005	4318.348465	4319.864957	4320.2159090000005	4316.558581	4319.138483	4320.531	4322.261	1.0	1.0	1.0	1.0					
4326.278	8.372999999999593	trials	2.0	4329.786527	4330.908898	4332.69526	4332.99845	4328.989225	4331.797374	4333.491	4334.651	1.0	1.0	1.0	1.0					
4337.716	8.1899999999996	trials	2.0	4341.952163	4343.647726			4341.201376	4343.871717			2.0		1.0	1.0					
4349.436	53.811000000000604	trials	2.0	4399.5233769999995	4400.676991			4398.658719999999	4401.054697			2.0		1.0	1.0					
4406.744	17.00300000000061	trials	2.0	4409.6176479999995	4411.3738379999995	4421.8207729999995	4422.219598	4408.839082	4411.868419	4422.562	4423.747	1.0	2.0	1.0	1.0					
4425.646	6.630000000000109	trials	2.0	4427.817360999999	4429.124264	4430.1860830000005	4430.431903	4427.06155	4429.5310420000005			1.0	2.0	0.0	3.0					
4432.521	19.067000000000007	trials	2.0	4446.8178339999995	4447.919039	4449.335961	4449.7426940000005	4446.204149	4448.575306	4450.137	4451.588	1.0	1.0	1.0	1.0					
4454.537	8.738999999999578	trials	2.0	4459.688105	4461.275899			4459.16978	4461.259053			2.0		0.0	2.0					
4465.329	17.186999999999898	trials	2.0	4472.70275	4473.86597	4480.601147	4480.9694660000005	4471.8512869999995	4474.307605	4481.209	4482.516	1.0	1.0	1.0	1.0					
4484.536	14.881000000000313	trials	2.0	4492.5427660000005	4493.74576	4497.209909	4497.492078	4491.595405	4494.046216	4498.011	4499.417	1.0	1.0	1.0	1.0					
4501.481	8.670000000000073	trials	2.0	4505.253035	4507.129691	4507.932281	4508.21573	4504.392562	4507.1524850000005	4508.622	4510.151	1.0	1.0	1.0	1.0					
4514.217	8.923999999999978	trials	2.0	4519.393445	4521.399805	4522.830044	4522.9378209999995	4518.730196	4521.559091			1.0	2.0	0.0	3.0					
4526.191	32.41600000000017	trials	2.0	4555.358489	4557.165103	4558.21226	4558.615714	4554.426164	4557.484604			1.0	2.0	0.0	3.0					
4560.592	15.899000000000342	trials	2.0	4571.64347	4573.2171020000005	4574.097174	4574.371487	4571.10155	4573.472593			1.0	2.0	0.0	3.0					
4578.503	12.244000000000597	trials	2.0	4586.809927	4588.13051			4586.28185	4588.451387			2.0		1.0	1.0					
4595.211	22.969999999999345	trials	2.0	4615.023709	4615.870738	4617.82603	4618.190157	4614.243374	4615.861223			1.0		0.0	2.0					
4620.881	12.719999999999345	trials	2.0	4629.160312	4630.581824	4631.932426	4632.156149	4628.576761	4631.292203	4632.761	4633.601	1.0	2.0	1.0	1.0					
4635.622	20.65399999999954	trials	2.0	4651.708601	4653.770542			4650.983983	4654.037106			2.0		1.0	1.0					
4659.831	5.800000000000182	trials	2.0	4661.888858	4663.174469	4663.851928	4664.12663	4661.081483	4663.219225	4664.497	4665.631	1.0	2.0	1.0	1.0					
4669.652	5.9340000000001965	trials	2.0	4671.538574	4672.900753	4675.126418	4675.596671	4670.532032	4672.894655			1.0		0.0	2.0					
4678.012	10.874000000000706	trials	2.0	4684.488893	4686.341624	4687.160164	4687.347563	4683.955511	4686.600689	4687.832	4688.886	1.0	2.0	1.0	1.0					
4690.964	14.283000000000357	trials	2.0	4702.149209	4703.2421859999995			4701.35365	4703.237879			1.0		0.0	2.0					
4709.282	16.090000000000146	trials	2.0	4720.128385	4721.352196	4722.776165	4723.06616	4719.145232	4722.104305	4723.542	4725.372	1.0	1.0	1.0	1.0					
4728.391	6.630000000000109	trials	2.0	4730.899488999999	4732.5109090000005			4730.110901	4732.7751339999995			2.0		1.0	1.0					
4737.566	91.86499999999978	trials	2.0	4824.805912	4826.143844	4827.390368	4827.83999	4824.234751	4826.793202	4828.122	4829.431	1.0	1.0	1.0	1.0					
4832.487	10.613999999999578	trials	2.0	4837.584368	4839.506105	4840.505936	4840.931455	4836.872624	4839.9205010000005	4841.131	4843.101	1.0	1.0	1.0	1.0					
4847.151	5.891000000000531	trials	2.0	4849.324797	4850.487191			4848.493796	4850.832872			2.0		1.0	1.0					
4855.561	9.055000000000291	trials	2.0	4857.721603	4859.239085			4857.03812	4859.585003			2.0		1.0	1.0					
4865.302	8.905000000000655	trials	2.0	4867.140797	4868.297431	4872.112868	4872.512798	4864.628077	4868.621242	4872.846	4874.207	1.0	1.0	1.0	1.0					
4876.226	10.610000000000582	trials	2.0	4879.2106810000005	4880.998463			4878.474731	4881.273064			2.0		1.0	1.0					
4887.034	6.902000000000044	trials	2.0	4889.096377	4890.178564	4891.433938	4891.746886	4886.8493419999995	4890.620456000001	4892.126	4893.936	1.0	1.0	1.0	1.0					
4895.957	14.164999999999964	trials	2.0	4901.886542	4903.578988	4904.849371	4905.13012	4901.146727	4903.952814	4905.726	4906.886	1.0	1.0	1.0	1.0					
4910.952	4.929000000000087	trials	2.0	4912.905254	4913.831882	4915.064386	4915.362531	4910.135354	4913.827447			1.0		0.0	2.0					
4919.93	5.549999999999272	trials	2.0	4921.940488	4922.972133			4921.145389	4923.336004			2.0		1.0	1.0					
4928.001	9.88000000000011	trials	2.0	4931.0349320000005	4932.437629	4933.640155	4933.8908360000005	4930.129139	4932.4332269999995			1.0		0.0	2.0					
4938.446	6.105000000000473	trials	2.0	4940.221463	4942.161863	4944.254282	4944.564568	4937.89372	4942.157342			1.0		0.0	2.0					
4948.223	12.38299999999981	trials	2.0	4954.419914	4956.001541	4958.798323	4959.10516	4953.896038	4956.4297480000005	4959.441	4960.606	1.0	1.0	1.0	1.0					
4963.692	21.600999999999658	trials	2.0	4980.471887	4982.067158	4983.38041	4983.650773	4979.800502	4982.678462	4984.096	4985.293	1.0	1.0	1.0	1.0					
4987.391	7.25	trials	2.0	4989.3509300000005	4991.255659	4992.660748	4992.980126	4987.942934	4991.896839999999	4993.446	4994.641	1.0	1.0	1.0	1.0					
4997.703	4.937999999999192	trials	2.0	4999.714975	5000.647162	5001.92228	5002.183497	4997.769929	5000.638516			1.0		0.0	2.0					
5004.691	8.914999999999964	trials	2.0	5009.420384	5010.689387	5011.838267	5012.0605909999995	5008.52159	5011.094486	5012.451	5013.606	1.0	2.0	1.0	1.0					
5016.626	7.005000000000109	trials	2.0	5019.168962	5020.777276	5021.7764179999995	5021.9449779999995	5018.6475040000005	5021.140636	5022.546	5023.631	1.0	2.0	1.0	1.0					
5027.571	5.295000000000073	trials	2.0	5030.130008	5031.342167	5032.2526849999995	5032.4658309999995	5029.1246360000005	5031.670192			1.0	2.0	0.0	3.0					
5034.61	12.429000000000087	trials	2.0	5042.324492	5043.583487	5044.876301	5045.300921	5041.623163	5044.128776	5045.696	5047.039	1.0	1.0	1.0	1.0					
5050.091	7.75	trials	2.0	5052.100964	5053.655794	5055.454889000001	5055.748951	5050.488313	5054.701306	5056.221	5057.841	1.0	1.0	1.0	1.0					
5061.901	4.806000000000495	trials	2.0	5063.485886	5064.7076529999995	5065.497818	5065.699684	5062.687201	5064.7028709999995			1.0		0.0	2.0					
5068.762	15.244000000000597	trials	2.0	5079.972418	5081.204428	5082.353689	5082.620732	5079.0489880000005	5081.664455	5083.116	5084.006	1.0	2.0	1.0	1.0					
5087.064	6.157999999999447	trials	2.0	5089.545331	5091.338971	5092.733456	5092.895564	5088.603881	5092.0398700000005			1.0	2.0	0.0	3.0					
5097.051	28.80499999999938	trials	2.0	5122.016242	5123.351536			5121.3322100000005	5123.758503999999			2.0		1.0	1.0					
5129.431	6.625	trials	2.0	5132.255455	5134.032659			5131.680527	5134.017935			2.0		0.0	2.0					
5138.111	12.704999999999927	trials	2.0	5145.597313	5147.296091	5148.637043000001	5149.0372449999995	5144.743168999999	5147.95604	5149.336	5150.816	1.0	1.0	1.0	1.0					
5154.832	7.408999999999651	trials	2.0	5157.381547	5158.583009	5160.131803	5160.436342999999	5156.758987	5159.416589	5160.751	5162.241	1.0	1.0	1.0	1.0					
5164.271	7.414000000000669	trials	2.0	5167.138169	5168.292943	5169.8941159999995	5170.109317	5166.2400259999995	5169.106351	5170.701	5171.685	1.0	2.0	1.0	1.0					
5175.706	6.5349999999998545	trials	2.0	5177.439374	5178.989488	5180.082168999999	5180.379137	5176.395673999999	5179.153426	5180.716	5182.241	1.0	1.0	1.0	1.0					
5184.261	10.584999999999127	trials	2.0	5189.146603	5190.309085	5192.629933	5192.920714	5188.512608	5191.770179	5193.417	5194.846	1.0	1.0	1.0	1.0					
5198.746	7.305000000000291	trials	2.0	5201.656781	5203.478413			5200.9019929999995	5203.819133			2.0		1.0	1.0					
5210.551	8.74499999999989	trials	2.0	5213.696795	5215.552007	5217.100197	5217.3819650000005	5212.760851999999	5216.169919	5217.841	5219.296	1.0	1.0	1.0	1.0					
5222.313	9.898000000000138	trials	2.0	5227.076965	5228.533504999999	5229.941386	5230.250618	5226.326659	5229.084494000001	5230.716	5232.211	1.0	1.0	1.0	1.0					
5234.278	10.502999999999702	trials	2.0	5240.3317609999995	5242.228862			5239.387316	5242.683241000001			2.0		1.0	1.0					
5247.303	9.563000000000102	trials	2.0	5251.638161	5253.493406	5254.769787	5255.064162000001	5250.701179	5253.900541	5255.516	5256.866	1.0	1.0	1.0	1.0					
5260.911	10.86999999999989	trials	2.0	5266.206668	5267.793253	5269.3967379999995	5269.742471	5265.536839	5268.504749	5270.151	5271.781	1.0	1.0	1.0	1.0					
5273.846	8.486000000000786	trials	2.0	5279.006207	5280.293909	5281.934633	5282.344426	5278.104716	5280.822137			1.0	2.0	0.0	3.0					
5285.355	20.907000000000153	trials	2.0	5303.482394000001	5304.843244	5305.872071	5306.23697	5302.576889	5305.189197			1.0	2.0	0.0	3.0					
5309.216	8.375	trials	2.0	5313.162279	5314.585229			5312.536934	5315.5781210000005	5317.286	5317.591	2.0		1.0	1.0					
5320.618	7.932999999999993	trials	2.0	5325.075484999999	5326.923476	5327.964632	5328.170615	5324.301869	5327.3376069999995			1.0	2.0	0.0	3.0					
5330.287	20.25500000000011	trials	2.0	5345.308644000001	5346.52898	5348.4839	5348.773198	5344.747093	5346.981486000001	5349.292	5350.542	1.0	1.0	1.0	1.0					
5354.441	7.5600000000004	trials	2.0	5357.042201	5358.714056	5359.882613	5360.213264	5356.225013	5359.136877999999	5360.466	5362.001	1.0	1.0	1.0	1.0					
5364.066	10.181000000000495	trials	2.0	5366.822618	5368.523492			5366.205988	5368.750012			2.0		1.0	1.0					
5374.307	6.873999999999796	trials	2.0	5376.091663	5377.379401	5379.082743999999	5379.3250100000005	5374.260959	5378.106709	5379.931	5381.181	1.0	1.0	1.0	1.0					
5385.247	13.420000000000073	trials	2.0	5389.122574999999	5390.9757979999995	5396.662693	5396.875959999999	5388.448436000001	5391.110596	5397.366	5398.667	1.0	1.0	1.0	1.0					
5400.697	9.095000000000255	trials	2.0	5404.683974	5406.269564	5407.593853	5407.891804	5404.156537	5406.781685	5408.336	5409.792	1.0	1.0	1.0	1.0					
5412.841	6.2409999999999854	trials	2.0	5414.863939	5416.7395209999995			5413.66136	5416.807547			2.0		1.0	1.0					
5422.583	24.118000000000393	trials	2.0	5439.974352	5441.109682			5439.168949999999	5441.399633			2.0		1.0	1.0					
5447.161	4.800000000000182	trials	2.0	5449.132127	5449.9095529999995	5450.917244	5451.207937	5446.7147239999995	5449.904542			1.0		0.0	2.0					
5454.974	64.1869999999999	trials	2.0	5515.592654	5517.160052	5517.995729	5518.26619	5514.6077000000005	5517.154211			1.0		0.0	2.0					
5523.167	52.80899999999929	trials	2.0	5571.243327	5572.4403999999995	5573.620865	5574.006185	5570.521499	5572.973921	5574.361	5575.976	1.0	2.0	1.0	1.0					
5580.006	33.72999999999956	trials	2.0	5608.118236	5609.545158999999	5610.653845	5610.885946	5607.31397	5609.95343			1.0	2.0	0.0	3.0					
5614.006	14.9399999999996	trials	2.0	5624.9348	5626.205363	5627.1270079999995	5627.375701999999	5623.964467	5626.495772	5627.936	5628.946	1.0	2.0	1.0	1.0					
5632.012	7.923999999999978	trials	2.0	5634.963775	5636.565425	5637.619479999999	5637.938429	5633.959097	5636.8703239999995	5638.356	5639.936	1.0	1.0	1.0	1.0					
5642.957	9.143999999999323	trials	2.0	5646.654222	5648.415133	5649.98884	5650.279582	5646.096772	5649.174658	5650.691	5652.101	1.0	1.0	1.0	1.0					
5655.157	42.6840000000002	trials	2.0	5693.989198	5695.290641			5693.361248	5695.662863			2.0		1.0	1.0					
5700.401	11.75	trials	2.0	5708.194418	5709.570965			5707.503014	5709.905255			2.0		1.0	1.0					
5715.587	5.348999999999251	trials	2.0	5717.293592	5718.387257			5716.162824999999	5718.691118000001			2.0		1.0	1.0					
5725.493	9.227999999999156	trials	2.0	5731.0534339999995	5732.469929			5730.1253799999995	5732.6984059999995	5734.396	5734.711	2.0		1.0	1.0					
5738.236	25.44499999999971	trials	2.0	5758.879046	5760.260867	5761.441054999999	5761.818136	5758.210568	5760.680149	5762.221	5763.681	1.0	1.0	1.0	1.0					
5767.647	14.239000000000487	trials	2.0	5777.534901999999	5778.635806	5779.908375999999	5780.162894	5776.975092000001	5779.187596	5780.501	5781.886	1.0	1.0	1.0	1.0					
5783.906	7.899999999999636	trials	2.0	5786.990938999999	5788.433061	5789.719059999999	5790.0229070000005	5786.425274	5788.977508	5790.521	5791.806	1.0	1.0	1.0	1.0					
5794.872	9.643999999999323	trials	2.0	5798.38589	5799.916225999999	5802.376609999999	5802.646271	5797.690801000001	5800.430489	5803.186	5804.516	1.0	1.0	1.0	1.0					
5806.564	7.761999999999716	trials	2.0	5810.284577	5811.978874			5809.716614	5812.1271560000005			2.0		1.0	1.0					
5816.781	20.234999999999673	trials	2.0	5829.248163	5830.977712	5834.844118	5835.144445	5828.446549	5831.371433	5835.646	5837.016	1.0	1.0	1.0	1.0					
5839.033	10.423999999999978	trials	2.0	5844.539806	5845.9766469999995	5847.212921	5847.499822	5843.856739	5846.438367000001	5847.986	5849.457	1.0	1.0	1.0	1.0					
5853.537	17.170000000000073	trials	2.0	5866.3202440000005	5868.382641	5870.003567	5870.2411489999995	5865.68879	5868.912058			1.0	1.0	0.0	3.0					
5872.386	11.479999999999563	trials	2.0	5878.367581	5880.241574	5881.469039	5881.7311310000005	5877.378083	5880.416160000001	5882.321	5883.866	1.0	1.0	1.0	1.0					
5887.741	7.734999999999673	trials	2.0	5890.41978	5891.986326	5893.368906	5893.621011	5889.892651	5892.5760740000005	5894.011	5895.476	1.0	1.0	1.0	1.0					
5899.549	11872.227000000003	BlockDesign														1.0	372.0	901.0	10.0	50.0
5899.549	7.07300000000032	trials	3.0	5902.080084	5903.791988	5904.601164	5904.890843	5901.536484	5903.95078	5905.311	5906.622	1.0	2.0	1.0	1.0					
5908.681	11.34100000000035	trials	3.0	5916.266378	5918.143327	5919.665546	5919.873446	5915.704726	5918.095496			1.0	1.0	0.0	3.0					
5924.061	15.89600000000064	trials	3.0	5935.634569	5937.457021			5934.647317999999	5937.77744			2.0		1.0	1.0					
5942.491	5.904999999999745	trials	3.0	5945.749841	5946.912549000001	5947.874893	5948.049719000001	5944.988639	5947.206066000001			1.0	2.0	0.0	3.0					
5950.211	20.152000000000044	trials	3.0	5967.730721	5969.1239000000005	5970.053381	5970.284165	5967.111935	5969.497574			1.0	2.0	0.0	3.0					
5973.411	24.25	trials	3.0	5993.680136	5995.358722999999			5992.998721	5995.368308			2.0		1.0	1.0					
6001.219	4.238000000000284	trials	3.0	6002.7737	6004.14386	6005.149087	6005.413453	6001.654296000001	6004.478958			1.0	2.0	0.0	3.0					
6009.466	22.125	trials	3.0	6029.396626	6030.597089	6031.287498	6031.512416	6028.743280000001	6030.728095			1.0	2.0	0.0	3.0					
6033.601	11.835000000000036	trials	3.0	6042.101933	6043.327803	6045.012557	6045.452075	6041.426275	6043.807247000001			1.0	1.0	0.0	3.0					
6047.332	4.875	trials	3.0	6049.81241	6051.0438699999995	6051.890081	6052.171564	6049.204853	6051.327709			1.0	2.0	0.0	3.0					
6055.217	10.794000000000779	trials	3.0	6062.430457	6063.785964000001	6065.652311	6066.025636	6061.778345000001	6064.209964			1.0	2.0	0.0	3.0					
6069.966	28.159999999999854	trials	3.0	6094.992239	6096.743708	6097.745717	6098.145181	6094.405575	6097.160029000001			1.0	1.0	0.0	3.0					
6100.131	14.889999999999418	trials	3.0	6111.0314450000005	6112.42266			6110.219868	6112.887476			2.0		1.0	1.0					
6118.502	5.613999999999578	trials	3.0	6120.102724	6121.542236			6119.156114	6121.90439			2.0		1.0	1.0					
6127.582	13.335000000000036	trials	3.0	6133.976	6135.571648	6139.617978	6140.048027	6133.39631	6135.975214			1.0	1.0	0.0	3.0					
6143.987	5.899000000000342	trials	3.0	6145.627537	6147.558923			6140.919736	6147.801049			2.0		1.0	1.0					
6154.411	11.595000000000255	trials	3.0	6161.365985	6162.678098	6165.448466	6165.740878	6160.81547	6163.152954			1.0	1.0	0.0	3.0					
6167.792	10.298999999999978	trials	3.0	6174.581176	6175.967787	6177.772728	6178.026056	6173.594696	6176.944042			1.0	1.0	0.0	3.0					
6181.141	7.526000000000749	trials	3.0	6183.636656	6184.867798	6186.84043	6187.201716	6182.898304	6186.017941			1.0	1.0	0.0	3.0					
6190.181	5.680000000000291	trials	3.0	6192.146561	6193.174612			6188.666533	6193.584235	6195.431	6195.861	2.0		1.0	1.0					
6197.922	62.89400000000023	trials	3.0	6257.002795	6258.718428	6260.30129	6260.816502	6256.4049939999995	6259.520536			1.0	1.0	0.0	3.0					
6264.672	9.260000000000218	trials	3.0	6268.877848	6270.235633	6272.102674	6272.399584	6268.142372	6271.359737	6272.941	6273.932	1.0	2.0	1.0	1.0					
6277.952	5.0239999999994325	trials	3.0	6279.952901	6281.459767	6282.41852	6282.676436	6278.931982	6281.76626			1.0	2.0	0.0	3.0					
6285.771	11.301000000000386	trials	3.0	6291.272276	6292.362419	6296.692138	6297.051803	6290.421596	6295.627972			1.0	1.0	0.0	3.0					
6300.021	8.125	trials	3.0	6302.50382	6303.86633	6306.261332	6306.497467	6301.678552	6305.544286	6307.096	6308.146	1.0	2.0	1.0	1.0					
6310.172	18.485000000000582	trials	3.0	6323.937209	6325.301273	6328.301066	6328.615163	6322.987462	6326.862754			1.0	1.0	0.0	3.0					
6330.692	12.092999999999847	trials	3.0	6338.5126	6340.269184			6337.969676	6340.673746			2.0		1.0	1.0					
6345.329	5.984000000000378	trials	3.0	6347.41186	6349.224442			6346.556795	6349.219577			1.0		0.0	2.0					
6353.327	22.53399999999965	trials	3.0	6372.847123	6374.518969	6375.502496	6375.86519	6372.01502	6374.748625			1.0	2.0	0.0	3.0					
6377.856	18.900000000000546	trials	3.0	6390.76763	6392.049496	6394.698355	6395.159148	6390.208466	6393.137424			1.0	1.0	0.0	3.0					
6397.076	7.324999999999818	trials	3.0	6398.657301	6400.72691	6402.665699	6402.951212	6396.758728	6401.830328	6403.332	6404.401	1.0	2.0	1.0	1.0					
6406.421	10.829999999999927	trials	3.0	6413.287072	6415.314204	6416.692943	6417.2569809999995	6412.338892	6415.837718			1.0	2.0	0.0	3.0					
6421.066	29.226000000000568	trials	3.0	6444.258041	6446.189592	6448.152555	6448.503623	6443.359706	6446.635144	6448.872	6450.292	1.0	1.0	1.0	1.0					
6454.329	6.778000000000247	trials	3.0	6457.121399	6458.289081			6456.507398	6458.869925			2.0		1.0	1.0					
6464.576	6.9210000000002765	trials	3.0	6467.603021	6469.259756	6471.122249	6471.488278	6466.724082	6470.167457			1.0	1.0	0.0	3.0					
6474.452	10.97899999999936	trials	3.0	6481.577983	6483.374146			6480.837092	6483.367092			2.0		0.0	2.0					
6487.486	25.480000000000473	trials	3.0	6503.263967	6505.021234	6509.690987	6509.957524	6502.733579	6505.761826			1.0	1.0	0.0	3.0					
6513.056	5.486000000000786	trials	3.0	6514.702927	6516.53957			6512.97121	6516.53344			1.0		0.0	2.0					
6522.556	14.375	trials	3.0	6533.242808	6535.144783	6536.499411	6536.935858	6532.275379	6535.702304			1.0	1.0	0.0	3.0					
6540.884	7.686999999999898	trials	3.0	6544.019327	6545.68493	6546.837597	6547.055884	6543.137048	6546.154565	6547.471	6548.571	1.0	2.0	1.0	1.0					
6550.645	16.97699999999986	trials	3.0	6563.407699	6565.114186	6566.948841	6567.241901	6562.461257	6566.073064			1.0	1.0	0.0	3.0					
6570.236	30.350000000000364	trials	3.0	6596.598283	6597.838873	6598.703412	6599.050157	6595.915291	6598.114274	6599.471	6600.586	1.0	2.0	1.0	1.0					
6604.661	9.779999999999745	trials	3.0	6608.853278	6610.200169	6612.505114	6612.739918	6608.162597	6611.315217	6613.207	6614.441	1.0	2.0	1.0	1.0					
6616.471	41.35500000000047	trials	3.0	6652.14385	6654.047117	6655.958455	6656.346073	6651.618971	6654.978522	6656.771	6657.826	1.0	2.0	1.0	1.0					
6661.891	10.875	trials	3.0	6668.523541	6670.503326			6667.537678	6670.518372			2.0		1.0	1.0					
6676.301	7.52599999999984	trials	3.0	6681.059158	6682.147456	6683.349677	6683.558927	6680.440906	6682.566253			1.0	2.0	0.0	3.0					
6686.68	37.72099999999955	trials	3.0	6720.644032	6721.990387	6723.5303779999995	6723.942892	6720.005451	6722.60159			1.0	1.0	0.0	3.0					
6727.872	7.243999999999687	trials	3.0	6731.9186310000005	6733.111054	6733.94597	6734.426126	6730.939517	6733.10693			1.0		0.0	2.0					
6739.126	33.594999999999345	trials	3.0	6768.5194520000005	6770.465404			6767.970364	6770.57741			2.0		1.0	1.0					
6776.238	6.617999999999483	trials	3.0	6778.794545	6780.754905	6782.535472	6782.817366	6777.822895	6781.459189			1.0	1.0	0.0	3.0					
6785.866	6.015000000000327	trials	3.0	6789.210338	6790.607314	6791.299205	6791.887379	6788.497291	6790.755211			1.0	2.0	0.0	3.0					
6794.672	29.890000000000327	trials	3.0	6820.781048	6821.983258			6819.937244	6822.249758			2.0		1.0	1.0					
6827.061	10.02100000000064	trials	3.0	6833.0150109999995	6834.646727	6836.764772	6837.083616	6832.131382	6835.40239			1.0	1.0	0.0	3.0					
6840.091	7.309999999999491	trials	3.0	6842.814665	6844.200923	6845.585005	6845.819674	6842.011013	6844.733995	6846.417	6847.401	1.0	2.0	1.0	1.0					
6850.471	11.38000000000011	trials	3.0	6858.224627	6859.404689	6861.366154	6861.682185	6857.343694	6860.6395919999995			1.0	2.0	0.0	3.0					
6865.751	65.68499999999949	trials	3.0	6927.216656	6928.848401	6929.689318	6929.970178	6926.402826	6929.132835	6930.376	6931.436	1.0	2.0	1.0	1.0					
6935.457	12.509000000000015	trials	3.0	6944.155343	6945.398567			6943.398719	6945.694094	6947.566	6947.951	2.0		1.0	1.0					
6950.426	9.8799999999992	trials	3.0	6957.775456	6959.000245	6959.870323	6960.094113	6957.042629	6959.286466			1.0	2.0	0.0	3.0					
6963.219	68.21699999999964	trials	3.0	7026.51098	7028.291845	7029.388202	7029.613679	7025.703721	7028.660439	7030.167	7031.436	1.0	2.0	1.0	1.0					
7033.461	7.984999999999673	trials	3.0	7037.669908	7038.772022			7037.064797	7039.128889	7041.021	7041.446	2.0		1.0	1.0					
7043.485	15.740999999999985	trials	3.0	7056.191186	7057.550014	7058.8433509999995	7059.234425	7055.3921	7057.95902			1.0	1.0	0.0	3.0					
7062.203	9.14599999999973	trials	3.0	7067.0660769999995	7069.082599			7066.556507	7069.315072	7071.086	7071.256	2.0		1.0	1.0					
7073.872	6.984999999999673	trials	3.0	7077.155705	7078.848055			7076.485988	7078.83658			1.0		0.0	2.0					
7084.872	47.22399999999925	trials	3.0	7127.568172	7129.497493			7127.020631	7129.72877	7131.417	7132.096	2.0		1.0	1.0					
7135.191	8.838000000000648	trials	3.0	7138.44131	7140.2407459999995	7141.985803	7142.261606	7137.522266	7140.929225	7142.696	7144.029	1.0	1.0	1.0	1.0					
7148.086	40.460000000000036	trials	3.0	7184.711137	7186.188812			7183.742783	7186.4126830000005	7188.161	7188.376	2.0		1.0	1.0					
7191.013	15.32300000000032	trials	3.0	7201.821152	7203.177151	7204.3896509999995	7204.657444	7200.9360560000005	7203.498788	7205.241	7206.336	1.0	2.0	1.0	1.0					
7209.386	25.50999999999931	trials	3.0	7232.07638	7233.1908029999995	7234.492397	7234.901114	7231.075892	7233.591842			1.0	1.0	0.0	3.0					
7238.872	13.929000000000087	trials	3.0	7248.2067	7250.234843	7250.9734069999995	7251.199616	7247.552179	7250.215714	7251.656	7252.801	1.0	2.0	1.0	1.0					
7255.826	5.975000000000364	trials	3.0	7258.336155	7259.9755399999995	7261.352809	7261.808511	7257.476024	7260.684638			1.0	2.0	0.0	3.0					
7265.671	28.389999999999418	trials	3.0	7288.482161	7289.610353	7290.9182949999995	7291.167103	7287.6455	7290.073668999999			1.0	2.0	0.0	3.0					
7295.251	10.1899999999996	trials	3.0	7302.5728739999995	7303.710924999999	7305.0886009999995	7305.428465	7301.832233	7304.463242			1.0	2.0	0.0	3.0					
7307.457	26.54399999999987	trials	3.0	7330.562236	7332.052769	7333.56568	7334.010722	7329.792616	7332.745745			1.0	1.0	0.0	3.0					
7336.936	28.710000000000036	trials	3.0	7359.796609	7360.881662	7365.046036	7365.3969560000005	7359.2122070000005	7361.4832			1.0	1.0	0.0	3.0					
7368.656	13.301000000000386	trials	3.0	7377.032612	7378.747391	7380.007145	7380.251303	7376.330594	7379.125463	7380.841	7381.957	1.0	2.0	1.0	1.0					
7383.976	16.350000000000364	trials	3.0	7395.727847	7397.55432	7398.561596	7398.759572	7394.751532	7398.0066019999995	7399.256	7400.326	1.0	2.0	1.0	1.0					
7404.346	5.075000000000728	trials	3.0	7406.3441889999995	7407.8946479999995	7409.103666999999	7409.342849	7404.674926	7408.47505			1.0	2.0	0.0	3.0					
7411.453	33.862999999999374	trials	3.0	7441.402418	7443.2613280000005	7444.858772	7445.059919	7440.440281	7443.24804			2.0		0.0	2.0					
7447.326	7.029999999999745	trials	3.0	7449.777718	7451.676836	7452.665797	7452.904622	7448.989307	7452.034532	7453.426	7454.356	1.0	2.0	1.0	1.0					
7456.441	15.38000000000011	trials	3.0	7467.672455	7469.004013			7466.707541	7469.720122			2.0		1.0	1.0					
7474.356	7.385000000000218	trials	3.0	7478.877617	7480.181071999999	7481.293489	7481.751575	7478.12095	7480.658894			1.0	2.0	0.0	3.0					
7484.63	35.246000000000095	trials	3.0	7515.788071	7517.285189	7518.602063	7519.141769	7514.912078	7517.873663			1.0	1.0	0.0	3.0					
7522.931	20.611000000000786	trials	3.0	7540.76381	7542.146015	7543.0307219999995	7543.275238	7540.1976429999995	7542.465994			1.0	2.0	0.0	3.0					
7546.421	13.88000000000011	trials	3.0	7553.688386	7554.880927	7558.271184	7558.576873	7552.76455	7557.480017	7558.961	7560.301	1.0	1.0	1.0	1.0					
7563.321	7.176000000000386	trials	3.0	7566.143645	7567.754495	7570.086153	7570.5085579999995	7565.369773	7569.199071999999			1.0	1.0	0.0	3.0					
7574.444	8.891999999999825	trials	3.0	7578.845197	7580.784403			7578.231839	7581.208283			2.0		1.0	1.0					
7587.921	6.664999999999964	trials	3.0	7590.108298	7591.975616	7594.253031	7594.597396	7589.15243	7593.385031			1.0	1.0	0.0	3.0					
7596.596	15.890000000000327	trials	3.0	7608.8686959999995	7610.486437	7611.225559	7611.643219	7608.128431	7610.473474			1.0		0.0	2.0					
7614.516	26.715000000000146	trials	3.0	7636.059337	7637.732738	7639.665449	7639.881569	7635.227405	7638.653419	7640.391	7641.231	1.0	2.0	1.0	1.0					
7645.251	12.569999999999709	trials	3.0	7650.878665	7652.180972			7649.902793	7652.176639			1.0		0.0	2.0					
7658.294	5.317000000000007	trials	3.0	7660.104345	7661.612236	7662.437105	7662.833353	7657.831823	7661.601328			2.0		0.0	2.0					
7666.622	28.295000000000073	trials	3.0	7690.71368	7692.307043			7690.157963	7692.703744			2.0		1.0	1.0					
7697.457	6.243999999999687	trials	3.0	7699.180559	7700.400908	7701.93692	7702.212836	7698.37859	7701.155125	7702.757	7703.701	1.0	2.0	1.0	1.0					
7705.765	8.725999999999658	trials	3.0	7711.020035	7712.15104	7713.962072	7714.502936	7710.3274010000005	7712.892311			1.0	1.0	0.0	3.0					
7718.241	11.74499999999989	trials	3.0	7726.043611	7727.490247	7728.197234	7728.437687	7725.296647	7727.617747	7728.957	7729.986	1.0	2.0	1.0	1.0					
7732.006	10.484999999999673	trials	3.0	7739.164323	7740.543656	7742.008192	7742.500475	7738.54048	7741.224505			1.0	2.0	0.0	3.0					
7745.331	11.345000000000255	trials	3.0	7752.704172	7754.226581	7756.348328	7756.684088	7752.0566739999995	7755.346487			1.0	1.0	0.0	3.0					
7759.707	12.378999999999905	trials	3.0	7767.61409	7768.876045	7770.179786	7770.429692	7766.827037	7769.467355	7770.866	7772.086	1.0	2.0	1.0	1.0					
7775.106	46.74499999999989	trials	3.0	7817.329199	7818.966092	7820.0763050000005	7820.305803	7816.750771	7819.370212	7820.786	7821.851	1.0	2.0	1.0	1.0					
7825.911	11.52599999999984	trials	3.0	7833.2764	7834.871378			7832.737972	7835.273375			2.0		1.0	1.0					
7839.951	9.784999999999854	trials	3.0	7845.431165	7846.974343			7844.688568	7847.23495	7849.406	7849.736	2.0		1.0	1.0					
7852.846	9.446000000000822	trials	3.0	7855.725574	7857.246347	7859.812919	7859.9938010000005	7854.84613	7858.666963	7860.461	7862.292	1.0	1.0	1.0	1.0					
7866.318	7.483000000000175	trials	3.0	7869.5900440000005	7871.092589	7873.418041	7873.811479	7868.6325830000005	7871.7851			1.0	1.0	0.0	3.0					
7876.771	17.715000000000146	trials	3.0	7890.980482	7892.488454	7893.2306929999995	7893.601865	7890.180443	7892.480476			1.0		0.0	2.0					
7897.506	39.865999999999985	trials	3.0	7931.655779	7933.35604	7935.317857	7935.625984	7930.894379	7934.329699	7936.036	7937.372	1.0	1.0	1.0	1.0					
7939.422	19.444000000000415	trials	3.0	7955.02526	7956.888365	7958.307533	7958.64998	7954.231913	7957.2863			1.0	1.0	0.0	3.0					
7961.641	12.416000000000167	trials	3.0	7971.410406	7972.688794	7973.598206	7974.070372	7970.895908	7972.975366			1.0	2.0	0.0	3.0					
7975.921	13.984999999999673	trials	3.0	7985.3658940000005	7987.317623			7984.385164	7987.569049	7989.241	7989.906	2.0		1.0	1.0					
7991.926	10.094999999999345	trials	3.0	7997.27692	7999.336841			7996.5943609999995	7999.71824	8001.501	8002.021	2.0		1.0	1.0					
8006.037	12.953999999999724	trials	3.0	8014.925448	8016.15707	8018.170088	8018.5802619999995	8014.126933	8017.153972			1.0	1.0	0.0	3.0					
8020.521	15.890000000000327	trials	3.0	8033.0358670000005	8033.051984			8032.452524	8033.04349			2.0		0.0	2.0					
8037.062	4.22400000000016	trials	3.0	8038.726387	8039.977543999999	8040.945955	8041.298923	8036.422399	8040.335086			1.0	2.0	0.0	3.0					
8043.271	42.50500000000011	trials	3.0	8081.745955	8083.640161	8085.042902	8085.394235	8080.967639	8084.145706			1.0	1.0	0.0	3.0					
8089.372	28.73999999999978	trials	3.0	8115.466228	8116.779989	8117.741378	8118.112392999999	8114.517313	8117.05699			1.0	2.0	0.0	3.0					
8121.066	30.041000000000167	trials	3.0	8146.034747	8147.777662	8150.768992	8151.1205119999995	8145.228014	8148.540974			1.0	1.0	0.0	3.0					
8154.136	8.709999999999127	trials	3.0	8158.558081	8159.952674	8161.000303	8161.235506	8157.650864	8160.263654	8161.747	8162.846	1.0	2.0	1.0	1.0					
8164.911	16.43499999999949	trials	3.0	8171.006314	8172.504308	8180.311575	8180.690200999999	8170.089343	8172.561438000001			1.0	1.0	0.0	3.0					
8183.656	36.051000000000386	trials	3.0	8186.9623329999995	8188.32338	8219.191345	8219.716201	8186.317003	8188.659820999999			1.0	1.0	0.0	3.0					
8222.521	7.329999999999927	trials	3.0	8225.157219	8226.967958000001	8228.818948	8229.147644	8224.423397	8227.984075			1.0	1.0	0.0	3.0					
8233.144	7.646999999999025	trials	3.0	8237.126337	8238.795323			8236.252558	8238.785451			1.0		0.0	2.0					
8244.846	16.159999999999854	trials	3.0	8257.421817999999	8259.230732	8260.634198	8261.007614	8256.911762	8259.716914			1.0	1.0	0.0	3.0					
8263.985	8.536000000000058	trials	3.0	8268.081491	8269.461824			8267.544833	8270.228095			2.0		1.0	1.0					
8277.001	8.020000000000437	trials	3.0	8281.496867	8283.364679	8284.581876	8285.035063	8280.924998	8283.866897			1.0	2.0	0.0	3.0					
8286.896	41.0669999999991	trials	3.0	8320.961979	8322.577249	8325.084395	8325.548995000001	8320.137148	8324.098457			1.0	1.0	0.0	3.0					
8329.497	5.674000000000888	trials	3.0	8331.264119	8332.658947			8327.97899	8333.081878	8334.917	8335.111	2.0		1.0	1.0					
8337.721	21.15099999999984	trials	3.0	8354.051685999999	8355.978409	8358.159348000001	8358.509978	8353.077357	8357.164752			1.0	1.0	0.0	3.0					
8361.481	6.505000000001019	trials	3.0	8364.812972	8366.376842	8367.550892	8367.997052	8363.953568	8366.822801			1.0	2.0	0.0	3.0					
8371.881	15.005000000001019	trials	3.0	8383.727588	8385.4796	8386.515651	8386.900477	8382.887741	8385.872669			1.0	2.0	0.0	3.0					
8390.851	24.359999999998763	trials	3.0	8410.893073	8412.864479			8410.12108	8413.107988	8414.816	8415.006	2.0		1.0	1.0					
8418.636	17.924999999999272	trials	3.0	8427.957749000001	8429.542241	8433.657557	8434.068320999999	8427.084791	8430.507983			1.0	1.0	0.0	3.0					
8438.025	8.070999999999913	trials	3.0	8440.046064	8441.476073	8445.688489	8446.110935	8436.575227	8442.959205			1.0	1.0	0.0	3.0					
8449.051	23.3700000000008	trials	3.0	8468.422376	8469.489942	8470.717896	8470.980175	8467.500963999999	8470.039635000001	8471.386	8472.421	1.0	2.0	1.0	1.0					
8475.486	19.644999999998618	trials	3.0	8490.458062	8492.314946	8493.36126	8493.578381	8489.947828	8492.789159	8494.042	8495.131	1.0	2.0	1.0	1.0					
8498.157	7.074000000000524	trials	3.0	8502.133115	8503.372217	8504.920775	8505.146467999999	8501.562904999999	8504.288519			1.0	2.0	0.0	3.0					
8508.247	84.71399999999994	trials	3.0	8589.560377	8591.196166	8592.493398999999	8592.978192999999	8589.036415999999	8591.669951			1.0	2.0	0.0	3.0					
8594.811	52.210000000000946	trials	3.0	8643.538578	8644.765943	8646.698557	8647.032326	8642.536402	8645.46419			1.0	2.0	0.0	3.0					
8651.066	6.2150000000001455	trials	3.0	8653.829092	8654.928917000001			8653.031418999999	8654.952071			2.0		1.0	1.0					
8661.832	6.404000000000451	trials	3.0	8664.408663	8665.880558			8663.411995999999	8665.877465			2.0		0.0	2.0					
8669.936	49.810999999999694	trials	3.0	8715.243937	8716.323356			8714.403559	8716.814636	8718.542	8719.747	2.0		1.0	1.0					
8723.486	10.080999999998312	trials	3.0	8728.725467	8730.14591	8731.747222	8732.081506999999	8728.108745	8730.779494	8732.591	8733.567	1.0	2.0	1.0	1.0					
8735.467	19.644000000000233	trials	3.0	8750.829515	8752.541989	8753.393453	8753.593702	8749.837265	8752.821088	8754.167	8755.111	1.0	2.0	1.0	1.0					
8757.172	9.363999999999578	trials	3.0	8762.116049	8763.921108999999			8761.582051	8764.278395	8766.214	8766.348	2.0		1.0	1.0					
8771.061	7.300999999999476	trials	3.0	8775.54899	8776.581239	8778.026462	8778.234661999999	8775.038768	8777.323373			1.0	2.0	0.0	3.0					
8781.351	18.834999999999127	trials	3.0	8794.310734	8795.984781	8797.430733000001	8797.75622	8793.652687	8796.682729			1.0	2.0	0.0	3.0					
8801.791	13.041000000001077	trials	3.0	8810.765909	8812.336224			8809.765180999999	8812.61015	8814.576	8814.741	2.0		1.0	1.0					
8819.353	11.439000000000306	trials	3.0	8825.16977	8827.171982	8830.48129	8830.791298	8824.573201	8827.599767			1.0	1.0	0.0	3.0					
8833.85	12.126000000000204	trials	3.0	8841.940775	8843.381615			8841.388031	8843.683267	8845.576	8845.631	2.0		1.0	1.0					
8849.481	9.765999999999622	trials	3.0	8854.339425	8855.961768000001	8857.461363999999	8857.808396	8853.363644000001	8856.603729999999			1.0	1.0	0.0	3.0					
8859.792	6.109000000000378	trials	3.0	8861.641158999999	8863.041125	8864.107408	8864.361278	8859.259061	8863.358702	8864.796	8865.901	1.0	2.0	1.0	1.0					
8867.917	8.416000000001077	trials	3.0	8873.370269	8874.911039	8876.002805	8876.346794000001	8872.575464	8875.326219999999			1.0	2.0	0.0	3.0					
8879.379	49.26199999999881	trials	3.0	8919.095122	8920.542746	8926.470335	8926.922741999999	8918.547429	8920.910759	8927.261	8928.641	1.0	1.0	1.0	1.0					
8930.661	38.33599999999933	trials	3.0	8960.921735	8962.868914	8967.712617000001	8968.144672	8960.053294	8962.962481999999			1.0	1.0	0.0	3.0					
8972.066	5.481999999999971	trials	3.0	8973.990617	8975.476595	8977.048171999999	8977.566424	8969.014663	8976.157329			1.0	1.0	0.0	3.0					
8980.362	17.329000000001543	trials	3.0	8994.295223000001	8995.857938000001	8997.218549000001	8997.706936999999	8993.322125	8996.379305			1.0	1.0	0.0	3.0					
8999.531	4.71599999999853	trials	3.0	9001.130528	9002.256852999999			8999.649296	9002.248447			1.0		0.0	2.0					
9006.297	14.787999999998647	trials	3.0	9017.34577	9018.617716	9020.678336	9021.053068000001	9016.72069	9019.787784			1.0	1.0	0.0	3.0					
9023.014	37.58300000000054	trials	3.0	9038.090338	9039.398288	9060.201874	9060.614701	9037.416063	9040.288124			1.0	1.0	0.0	3.0					
9064.508	14.847999999999956	trials	3.0	9075.231682	9077.033102	9078.832139	9079.371437	9074.228512	9077.484851000001			1.0	1.0	0.0	3.0					
9081.161	26.7450000000008	trials	3.0	9087.790996	9089.736947	9106.77319	9107.074392999999	9087.061052000001	9093.195794			1.0	1.0	0.0	3.0					
9111.086	4.105000000001382	trials	3.0	9113.081506999999	9113.199665			9107.921923	9113.195789			1.0		0.0	2.0					
9117.226	204.23999999999978	trials	3.0	9317.661175000001	9319.399058			9316.651708000001	9319.390163			2.0		0.0	2.0					
9324.476	23.389999999999418	trials	3.0	9344.342	9345.667342	9347.356061	9347.864643	9343.709238000001	9346.370176			1.0	1.0	0.0	3.0					
9351.696	11.534999999999854	trials	3.0	9358.517891000001	9360.349372			9357.866284000002	9360.683438	9362.726	9363.231	2.0		1.0	1.0					
9366.107	10.754000000000815	trials	3.0	9372.897505	9374.711297	9376.275842000001	9376.858421	9372.370495000001	9375.299356000001			1.0	1.0	0.0	3.0					
9378.606	41.6200000000008	trials	3.0	9403.451725	9405.085826	9418.711054000001	9419.253256	9402.944747000001	9406.655247			1.0	1.0	0.0	3.0					
9421.091	4.764999999999418	trials	3.0	9423.072202000001	9423.788783			9420.224665000002	9423.782081000001			1.0		0.0	2.0					
9427.866	83.38500000000022	trials	3.0	9497.999359000001	9499.88422	9509.704844	9510.158102000001	9497.227381	9500.764697			1.0	1.0	0.0	3.0					
9514.042	5.654000000000451	trials	3.0	9515.853308000002	9517.114372			9511.251439000001	9517.389342			2.0		1.0	1.0					
9522.161	24.030000000000655	trials	3.0	9532.934576000001	9534.421511	9544.437525000001	9545.005558	9532.05687	9538.653008000001			1.0	1.0	0.0	3.0					
9546.821	8.989999999999782	trials	3.0	9548.603596	9550.101448000001	9553.617525000001	9553.903792000001	9546.192299	9552.601088000001	9554.386	9555.811	1.0	1.0	1.0	1.0					
9557.868	13.924999999999272	trials	3.0	9567.057946	9568.416929	9571.079454	9571.381016000001	9566.248793	9570.153110000001			1.0	1.0	0.0	3.0					
9574.417	17.014000000001033	trials	3.0	9587.447714	9589.297616			9586.871108000001	9589.255978000001	9591.101	9591.431	2.0		1.0	1.0					
9594.491	63.6200000000008	trials	3.0	9654.335421	9656.120025	9657.768632000001	9658.084264000001	9653.337944	9656.811227			1.0	1.0	0.0	3.0					
9661.126	13.06500000000051	trials	3.0	9667.484368000001	9668.981702000001	9673.850878000001	9674.164286000001	9666.716011	9669.711775			1.0	1.0	0.0	3.0					
9677.246	49.38000000000102	trials	3.0	9715.500702000001	9717.075385	9724.861028000001	9725.236171	9714.87338	9717.720045	9725.636	9726.626	1.0	1.0	1.0	1.0					
9729.648	11.793000000001484	trials	3.0	9734.250460000001	9735.836998	9740.836076000001	9741.440678	9733.512726	9736.375825000001			1.0	1.0	0.0	3.0					
9745.176	15.554000000000087	trials	3.0	9757.179493000001	9758.627362000001			9756.501412000001	9758.619967			2.0		0.0	2.0					
9764.781	8.510999999998603	trials	3.0	9769.351526	9771.131331	9772.852280000001	9773.290841	9768.500706	9772.113363			1.0	1.0	0.0	3.0					
9776.191	5.75	trials	3.0	9777.799917	9779.537209			9776.813308	9779.761736	9781.506	9781.941	2.0		1.0	1.0					
9784.961	10.496000000001004	trials	3.0	9790.10455	9791.692382000001	9794.777969	9795.458432000001	9789.535033	9793.685684			1.0	1.0	0.0	3.0					
9799.141	69.27000000000044	trials	3.0	9804.376238	9805.816085			9803.517802	9806.176009			1.0		0.0	5.0					
9872.421	6.450999999999112	trials	3.0	9875.090132000001	9876.575971	9878.459544000001	9878.872332	9874.227644	9877.455523			1.0	1.0	0.0	3.0					
9881.83	8.52599999999984	trials	3.0	9885.869468	9887.430985	9890.021744000001	9890.357797	9884.885401000001	9888.794924000002			1.0	1.0	0.0	3.0					
9893.362	14.824000000000524	trials	3.0	9904.435081000001	9906.121408			9903.718208	9906.115279000001			2.0		0.0	2.0					
9911.241	6.591000000000349	trials	3.0	9913.010699	9914.891836	9916.951226000001	9917.301122	9911.406014	9915.935972000001			1.0	1.0	0.0	3.0					
9919.336	27.44000000000051	trials	3.0	9939.220477	9940.347150000001	9945.74465	9946.086289	9938.607296	9941.812451000002			1.0	1.0	0.0	3.0					
9950.037	89.10900000000038	trials	3.0	10035.355829	10036.753221	10038.818705000002	10039.139002	10034.748295000001	10037.993274			1.0	1.0	0.0	3.0					
10042.161	42.414999999999054	trials	3.0	10080.915071000001	10082.139275000001	10084.070981	10084.576736	10080.019974	10083.255668000002			1.0	1.0	0.0	3.0					
10088.457	8.148999999999432	trials	3.0	10092.0661	10094.039992			10091.160811000002	10094.356631	10096.266	10096.501	2.0		1.0	1.0					
10099.066	12.574999999998909	trials	3.0	10106.240425	10107.617314000001	10110.114107000001	10110.42533	10105.384897	10109.194481			1.0	1.0	0.0	3.0					
10112.492	45.55500000000029	trials	3.0	10118.691101	10120.53749	10156.036227	10156.511018000001	10117.792435000001	10120.959763	10156.807	10158.047	1.0	1.0	1.0	1.0					
10160.091	11.984999999998763	trials	3.0	10167.660721	10169.537912	10170.884681000001	10171.159478000001	10167.125227	10170.028931			1.0	1.0	0.0	3.0					
10174.217	27.44999999999891	trials	3.0	10197.436397000001	10198.643326000001	10200.899756	10201.672027	10196.519738	10199.803138000001			1.0	1.0	0.0	3.0					
10203.236	17.484999999998763	trials	3.0	10215.066454	10216.683233	10218.83033	10219.173896	10214.422687	10217.905147000001	10219.576	10220.721	1.0	1.0	1.0	1.0					
10224.74	22.58100000000013	trials	3.0	10242.972232	10244.798981	10246.989989000002	10247.270728000001	10242.413885	10245.441947000001			1.0	1.0	0.0	3.0					
10250.368	8.622999999999593	trials	3.0	10255.20389	10256.403152			10254.377939	10256.826686	10258.522	10258.841	2.0		1.0	1.0					
10263.432	27.643999999998414	trials	3.0	10283.541146000001	10285.288451	10290.498247000001	10290.590036000001	10282.570958	10286.357144000001			1.0	1.0	0.0	3.0					
10292.832	10.34900000000016	trials	3.0	10296.552182000001	10298.291360000001	10300.904285	10301.327354000001	10295.653058	10299.272464000001			1.0	1.0	0.0	3.0					
10305.271	5.084999999999127	trials	3.0	10307.00345	10308.348655000002			10303.184000000001	10308.331088			2.0		0.0	2.0					
10312.406	47.55499999999847	trials	3.0	10356.619123	10358.280793	10359.64156	10359.93581	10355.754995000001	10358.694065			1.0	1.0	0.0	3.0					
10363.971	8.470000000001164	trials	3.0	10366.517543	10367.987108000001	10371.564604000001	10372.002524000001	10365.762734	10369.165549000001			1.0	1.0	0.0	3.0					
10376.171	13.039999999999054	trials	3.0	10378.36406	10379.638136000001	10388.527115	10388.888608000001	10377.676531000001	10381.074564			1.0	1.0	0.0	3.0					
10391.872	14.369000000000597	trials	3.0	10400.599465000001	10402.074338	10405.596305000001	10406.241752	10399.833845000001	10404.719299			1.0	1.0	0.0	3.0					
10408.176	17.43500000000131	trials	3.0	10410.041983000001	10411.939039	10425.098473	10425.613026	10408.915108000001	10416.161656			1.0	1.0	0.0	3.0					
10428.481	15.390999999999622	trials	3.0	10439.937988000001	10441.309367000002			10439.097211	10441.661945			2.0		1.0	1.0					
10448.376	16.19999999999891	trials	3.0	10458.892984	10460.417502	10462.300244	10462.780465	10458.203746000001	10461.514985000002			1.0	1.0	0.0	3.0					
10464.671	6.245999999999185	trials	3.0	10466.577623000001	10468.409411			10464.581549	10468.698275			2.0		1.0	1.0					
10474.486	56.17499999999927	trials	3.0	10523.403231	10525.04428	10527.741286	10528.142202	10522.862519	10525.994963000001			1.0	1.0	0.0	3.0					
10531.111	5.949999999998909	trials	3.0	10533.013721000001	10534.495570000001			10530.665833000001	10534.861711000001			2.0		1.0	1.0					
10540.586	159.75	trials	3.0	10694.583266000001	10696.115405	10697.598778000001	10697.933489000001	10693.618046000001	10696.805422000001			1.0	1.0	0.0	3.0					
10701.941	4.1299999999992	trials	3.0	10703.704027	10704.011571000001			10700.341232	10704.003022			1.0		0.0	2.0					
10708.082	63.818999999999505	trials	3.0	10765.110368000001	10766.258876	10770.601597	10771.069376000001	10764.278054	10767.082897			1.0	1.0	0.0	3.0					
10772.941	8.590000000000146	trials	3.0	10774.849745000001	10776.466132000001	10779.033431	10779.472862	10771.907714	10778.100995			1.0	1.0	0.0	3.0					
10782.368	5.721999999999753	trials	3.0	10784.164592000001	10785.778368000001			10781.536487000001	10785.852169000002			2.0		1.0	1.0					
10791.61	75.08100000000013	trials	3.0	10859.914202	10861.572973	10864.196014000001	10864.567261	10859.2543	10862.785652			1.0	1.0	0.0	3.0					
10868.521	8.295000000000073	trials	3.0	10870.319828	10871.837575000001	10876.340913	10876.821212	10866.695492	10872.132284000001			1.0	1.0	0.0	3.0					
10878.721	37.25600000000122	trials	3.0	10911.810589	10913.43692	10915.59404	10915.973624	10910.898301000001	10914.335685			1.0	1.0	0.0	3.0					
10919.918	15.751000000000204	trials	3.0	10929.756743	10931.677693000001	10933.550587000002	10933.950327	10928.999170000001	10932.612916			1.0	1.0	0.0	3.0					
10935.838	10.393000000000029	trials	3.0	10937.555714	10939.567064	10944.338017	10944.644644	10935.675784000001	10940.048153			1.0	1.0	0.0	3.0					
10946.671	7.950999999999112	trials	3.0	10948.210163	10950.147418	10954.300145000001	10954.619564	10946.239025	10950.969401			1.0	1.0	0.0	3.0					
10956.657	21.52400000000125	trials	3.0	10971.834887	10973.729641	10976.42624	10976.847826000001	10970.865448	10975.428838			1.0	1.0	0.0	3.0					
10979.756	6.055000000000291	trials	3.0	10981.460062	10983.493516			10978.185341	10983.523477			2.0		1.0	1.0					
10990.316	35.93999999999869	trials	3.0	10996.981705	10998.146095	11025.041831	11025.448423000002	10996.26949	10999.272979000001			1.0	1.0	0.0	3.0					
11029.406	24.149999999999636	trials	3.0	11036.676896	11038.60835	11053.234236	11053.54126	11036.058665	11052.106397000001			1.0	1.0	0.0	3.0					
11057.595	28.121000000001004	trials	3.0	11072.035932	11074.005172000001	11083.485194	11084.026004000001	11071.410091000002	11082.386984			1.0	1.0	0.0	3.0					
11085.846	67.40099999999984	trials	3.0	11087.601128	11088.737567			11085.722624	11091.208145			1.0		0.0	5.0					
11155.256	18.865999999999985	trials	3.0	11170.451488	11171.568056			11169.543491	11171.969821			2.0		1.0	1.0					
11177.637	12.043999999999869	trials	3.0	11183.396617	11185.003712000002	11187.517274000002	11187.865432	11182.647698	11186.437370000001			1.0	1.0	0.0	3.0					
11190.889	10.436999999999898	trials	3.0	11192.611906	11194.013771	11200.916109000002	11201.334362000001	11189.690248	11194.836184			1.0	1.0	0.0	3.0					
11205.247	27.994000000000597	trials	3.0	11229.062065	11230.873146000002			11228.100323	11231.134277000001			2.0		1.0	1.0					
11236.697	15.543999999999869	trials	3.0	11245.371886	11246.849030000001	11251.893635	11252.24036	11244.635315000001	11249.771039000001			1.0	1.0	0.0	3.0					
11254.237	21.444000000001324	trials	3.0	11260.871591000001	11262.438014000001	11273.115950000001	11273.629022000001	11260.046863	11264.531035	11273.872	11275.681	1.0	1.0	1.0	1.0					
11278.611	25.010999999998603	trials	3.0	11299.937039	11301.368632000002			11299.289431000001	11301.528641	11303.292	11303.421	2.0		1.0	1.0					
11308.156	39.32499999999891	trials	3.0	11338.227875	11339.940094000001	11345.933476	11346.370156	11337.233974	11341.883809			1.0	1.0	0.0	3.0					
11348.303	5.343000000000757	trials	3.0	11350.082231	11351.639732			11347.487456	11351.623694000002	11353.311	11353.576	2.0		1.0	1.0					
11358.166	10.800000000001091	trials	3.0	11365.286963	11366.965807			11364.470287	11366.958464000001			2.0		0.0	2.0					
11371.976	6.138999999999214	trials	3.0	11374.127011	11375.496381			11372.449052	11375.843897			2.0		1.0	1.0					
11380.517	18.66400000000067	trials	3.0	11392.468969000001	11394.178285000002	11398.358048	11398.833956	11391.596167	11397.369733000001			1.0	1.0	0.0	3.0					
11401.691	22.859999999998763	trials	3.0	11416.692839000001	11418.483877	11422.331987000001	11422.803743	11416.110413	11419.879952000001			1.0	1.0	0.0	3.0					
11424.707	7.289999999999054	trials	3.0	11426.26324	11427.701921	11431.672244000001	11432.002223000001	11424.558086000001	11428.702711000002			1.0	1.0	0.0	3.0					
11436.021	10.424999999999272	trials	3.0	11437.659301	11439.403889000001	11443.639142	11444.168305000001	11437.147912	11442.683779	11444.231	11446.446	1.0	1.0	1.0	1.0					
11448.466	26.06999999999971	trials	3.0	11468.242564	11469.859519000001	11473.680418	11474.542806000001	11467.257773000001	11472.509750000001			1.0	1.0	0.0	3.0					
11476.997	16.25	trials	3.0	11481.398127	11483.339313	11492.553309	11493.258785000002	11480.520557	11488.308861000001			1.0	1.0	0.0	3.0					
11495.882	568.3490000000002	trials	3.0	12058.960448000002	12060.452768000001	12062.264350000001	12062.934303000002	12058.363859000001	12061.368236			1.0	1.0	0.0	3.0					
12066.629	99.16699999999946	trials	3.0	12161.843698	12163.495079			12161.178179	12163.554403			2.0		1.0	1.0					
12170.306	30.549999999999272	trials	3.0	12193.616491	12194.771921			12192.81572	12194.993698			2.0		1.0	1.0					
12201.542	8.59900000000016	trials	3.0	12203.107235000001	12204.381593	12208.635518000001	12209.113065000001	12200.868664000001	12204.637433			1.0	1.0	0.0	3.0					
12210.966	5.609999999998763	trials	3.0	12212.591543	12213.893846	12216.07861	12216.587624	12210.153439000002	12215.007721000002			1.0	1.0	0.0	3.0					
12220.464	22.42699999999968	trials	3.0	12236.157050000002	12237.523861000001	12240.792	12241.116	12235.571	12239.641	12241.511	12242.891	1.0	1.0	1.0	1.0					
12244.956	11.54700000000048	trials	3.0	12252.181	12253.706911000001	12256.138699000001	12256.456519000001	12251.648675	12255.095549000001			1.0	1.0	0.0	3.0					
12259.562	30.05999999999949	trials	3.0	12261.695998000001	12263.340284000002	12288.660833000002	12288.988523000002	12261.021209	12264.524014			1.0	1.0	0.0	3.0					
12291.021	6.572999999998501	trials	3.0	12293.021122000002	12294.662569000002	12297.237175	12297.588353000001	12289.623512000002	12294.964844000002			1.0	1.0	0.0	3.0					
12300.567	33.42400000000089	trials	3.0	12330.405565000001	12331.437817000002	12333.555103	12333.994454000001	12329.527265	12332.324836000002			1.0	1.0	0.0	3.0					
12337.906	14.300999999999476	trials	3.0	12344.431342000002	12346.462801000001	12350.877001	12351.370919	12343.633991	12346.583366			1.0	1.0	0.0	3.0					
12354.207	4.543999999999869	trials	3.0	12356.035951000002	12356.743033			12352.206842000001	12356.735518000001			2.0		0.0	2.0					
12362.761	11.90599999999904	trials	3.0	12367.807508000002	12369.286093	12373.734847000002	12374.047973	12367.017395	12369.623165			1.0	1.0	0.0	3.0					
12377.112	5.944000000001324	trials	3.0	12378.80248	12380.613956000001	12382.732438000001	12382.951177	12374.665433000002	12381.004876			1.0	1.0	0.0	3.0					
12385.071	28.335000000000946	trials	3.0	12406.321532000002	12407.4909	12412.030368000002	12412.548581000001	12405.675925000001	12408.366839			1.0	1.0	0.0	3.0					
12414.376	5.850000000000364	trials	3.0	12416.116475	12418.137461	12419.90372	12420.216317	12413.406074	12418.945451000001			1.0	1.0	0.0	3.0					
12423.236	9.289999999999054	trials	3.0	12428.321411	12430.057163000001	12432.206462000002	12432.419374000001	12427.450615000002	12431.170361			1.0	1.0	0.0	3.0					
12434.578	13.19300000000112	trials	3.0	12439.136629	12440.302097000002	12446.533294	12447.230486	12438.306755000001	12441.336476			1.0	1.0	0.0	3.0					
12448.898	5.72400000000016	trials	3.0	12450.421848000002	12452.05859			12447.775409000002	12452.386756000002			2.0		1.0	1.0					
12458.146	32.13500000000022	trials	3.0	12484.455013	12485.534217	12489.896522000001	12490.282708	12483.802121	12488.077688000001			1.0	1.0	0.0	3.0					
12492.241	13.114999999999782	trials	3.0	12499.548692	12500.985755000002	12504.955287	12505.356848000001	12498.797735000002	12504.167801000001			1.0	1.0	0.0	3.0					
12508.286	30.639999999999418	trials	3.0	12512.25373	12513.328309	12536.748412	12537.198875000002	12511.297981000002	12515.630209	12537.396	12538.926	1.0	1.0	1.0	1.0					
12541.991	11.21600000000035	trials	3.0	12547.396964000001	12548.509165000001	12552.880830000002	12553.210427000002	12546.470420000001	12551.028520000002			1.0	1.0	0.0	3.0					
12555.207	9.834999999999127	trials	3.0	12560.162083000001	12561.269091000002	12564.183470000002	12564.606734	12559.194635000002	12562.956736000002			1.0	1.0	0.0	3.0					
12566.563	6.298999999999069	trials	3.0	12568.555646	12570.349301			12567.230499000001	12570.643472000002			2.0		1.0	1.0					
12576.426	19.140000000001237	trials	3.0	12588.706777000001	12590.175538000001	12594.706423000001	12594.997711000002	12588.200024000002	12593.697212000001			1.0	1.0	0.0	3.0					
12597.076	18.631000000001222	trials	3.0	12606.053081000002	12608.062857	12615.382658	12615.668366000002	12605.201516000001	12611.669290000002			1.0	1.0	0.0	3.0					
12619.717	15.618999999998778	trials	3.0	12627.331217	12628.489748000002	12632.168569000001	12634.931390000002	12626.525044000002	12630.559088000002			1.0	2.0	0.0	3.0					
12635.521	13.404999999998836	trials	3.0	12642.812558000001	12644.592239000001	12646.954141	12647.368	12642.048627	12645.731267000001			1.0	1.0	0.0	3.0					
12651.341	7.940000000000509	trials	3.0	12652.964686000001	12654.019563000002	12658.060901	12659.284462000001	12648.930179	12654.012246			1.0		0.0	2.0					
12660.071	56.36499999999978	trials	3.0	12712.618120000001	12714.118559			12711.614612000001	12714.124966000001			2.0		1.0	1.0					
12719.896	7.435999999999694	trials	3.0	12722.198189	12723.730639000001	12726.495170000002	12726.851924	12721.691957000001	12725.318189000001			1.0	1.0	0.0	3.0					
12730.872	18.02400000000125	trials	3.0	12742.355492	12743.890058	12748.569347	12748.816351000001	12741.514484000001	12744.370852000002			1.0	1.0	0.0	3.0					
12750.902	18.79399999999987	trials	3.0	12756.853511000001	12758.196128000001	12769.36584	12769.695293	12755.899431000002	12760.607733			1.0	1.0	0.0	3.0					
12773.746	11.251000000000204	trials	3.0	12778.528073000001	12780.149252000001	12783.111432000002	12783.447091000002	12778.007531000001	12781.616016000002	12783.856	12784.997	1.0	1.0	1.0	1.0					
12789.016	6.691000000000713	trials	3.0	12791.483174	12793.178641	12795.026018	12795.351731	12790.569677000001	12794.218553			1.0	1.0	0.0	3.0					
12797.356	11.614999999999782	trials	3.0	12805.303846	12806.459509			12804.734329	12806.877154000002	12808.707	12808.886	2.0		1.0	1.0					
12813.501	18.899999999999636	trials	3.0	12823.973975	12825.365356	12828.234415	12828.543437	12823.086500000001	12827.054219000001			1.0	1.0	0.0	3.0					
12832.561	10.975000000000364	trials	3.0	12834.413516	12835.707172	12842.08709	12842.69612	12832.406900000002	12836.320535			1.0	1.0	0.0	3.0					
12844.437	5.479999999999563	trials	3.0	12846.024023000002	12847.410634000002			12843.538530000002	12847.833487000002	12849.582	12849.886	2.0		1.0	1.0					
12853.486	15.481999999999971	trials	3.0	12864.130627	12865.655564	12868.636505	12868.96987	12863.361657000001	12867.295323			1.0	1.0	0.0	3.0					
12872.006	8.201000000000931	trials	3.0	12876.566490000001	12878.200716000001			12875.895760000001	12878.195558000001			2.0		0.0	2.0					
12883.216	9.43499999999949	trials	3.0	12885.724201	12887.210124000001	12892.121595	12892.654579000002	12884.841438000001	12891.044148			1.0	1.0	0.0	3.0					
12895.456	8.610000000000582	trials	3.0	12898.663838	12900.045175000001	12903.235138000002	12904.068824000002	12897.90926	12902.368451			1.0	1.0	0.0	3.0					
12905.552	11.739999999999782	trials	3.0	12911.090254	12912.694360000001	12916.173850000001	12916.476457	12910.425147000002	12914.511179000001			1.0	1.0	0.0	3.0					
12919.507	16.879000000000815	trials	3.0	12929.193185	12931.146059	12934.966253	12935.538559	12928.429787000001	12934.084351000001			1.0	1.0	0.0	3.0					
12939.292	7.200000000000728	trials	3.0	12941.175359	12942.886349	12946.156165	12946.481492	12936.393073000001	12943.816289			1.0	2.0	0.0	3.0					
12949.491	21.09100000000035	trials	3.0	12962.203805000001	12963.656180000002	12967.875426	12968.617849	12961.603763000001	12966.970997			1.0	1.0	0.0	3.0					
12972.203	6.0680000000011205	trials	3.0	12974.005964000002	12975.960745			12970.589528	12976.171036000002			2.0		1.0	1.0					
12981.831	11.43499999999949	trials	3.0	12988.069778000001	12989.132589	12992.937239	12993.228662000001	12987.355417	12991.951858			1.0	1.0	0.0	3.0					
12996.275	11.546000000000276	trials	3.0	13001.051162000002	13002.647624000001	13006.866824	13007.239127	13000.182036000002	13005.929039			1.0	1.0	0.0	3.0					
13010.196	17.48999999999978	trials	3.0	13018.78052	13020.508041000001	13026.054521000002	13026.632642	13018.12051	13024.905617			1.0	1.0	0.0	3.0					
13030.386	12.735999999998967	trials	3.0	13032.167534	13034.032723	13041.497833000001	13043.125865000002	13027.692895	13035.796874000001			1.0	1.0	0.0	3.0					
13043.816	13.930999999998676	trials	3.0	13045.42624	13047.095057	13055.811103000002	13056.229269000001	13043.847361	13050.625460000001	13056.636	13057.747	1.0	1.0	1.0	1.0					
13059.776	11.790999999999258	trials	3.0	13064.310205000002	13066.076386	13070.350341000001	13070.975908	13063.803142	13068.929852000001			1.0	1.0	0.0	3.0					
13074.691	14.56499999999869	trials	3.0	13077.959772000002	13079.695982000001	13087.831395000001	13088.421302	13077.154802000001	13081.358727			1.0	1.0	0.0	3.0					
13090.167	17.004000000000815	trials	3.0	13091.870048	13093.554991	13105.371667000001	13106.325344	13089.263805	13097.836811000001			1.0	1.0	0.0	3.0					
13109.756	11.2450000000008	trials	3.0	13111.659651000002	13113.512476000002	13119.198496	13119.553720000002	13107.176093000002	13114.015244000002			1.0	1.0	0.0	3.0					
13122.516	5.760000000000218	trials	3.0	13124.329960000001	13125.912653000001			13121.006640000001	13126.12648			2.0		1.0	1.0					
13130.747	14.953000000001339	trials	3.0	13140.695366000002	13142.448298000001	13145.384844	13145.671256000001	13139.752243	13144.300471			1.0	1.0	0.0	3.0					
13148.735	24.204999999999927	trials	3.0	13169.079954	13170.383549000002			13168.421842000002	13170.651566			2.0		1.0	1.0					
13175.457	18.324000000000524	trials	3.0	13179.985711000001	13181.305294000002	13192.001654000002	13192.885295000002	13179.441758	13183.044037000001			1.0	1.0	0.0	3.0					
13195.375	5.591000000000349	trials	3.0	13197.065561000001	13198.647517000001			13193.785818	13198.739479000002			2.0		1.0	1.0					
13203.461	12.371000000001004	trials	3.0	13210.705408000002	13212.560819	13215.034379	13215.322811000002	13210.147021	13213.807907			1.0	1.0	0.0	3.0					
13219.376	15.699999999998909	trials	3.0	13221.362258000001	13222.438373	13233.538357000001	13233.940036000002	13220.820499000001	13224.961589			1.0	1.0	0.0	3.0					
13237.856	5.114999999999782	trials	3.0	13239.837463000002	13240.968344			13235.080495000002	13240.959445			2.0		0.0	2.0					
13247.027	32.85499999999956	trials	3.0	13248.990536000001	13250.957791	13279.565087	13279.8564	13247.005351000002	13255.591496000001			1.0	1.0	0.0	3.0					
13281.893	8.048000000000684	trials	3.0	13285.781294	13287.372317000001			13284.971518	13287.637415000001			2.0		1.0	1.0					
13292.487	13.049000000000888	trials	3.0	13296.335651000001	13297.825616000002	13303.25805	13303.606144000001	13295.363315	13301.915153000002	13304.036	13305.536	1.0	1.0	1.0	1.0					
13307.286	37.33300000000054	trials	3.0	13311.482153	13312.651855	13344.236432000002	13344.624440000001	13310.741767000001	13314.142450000001			1.0	1.0	0.0	3.0					
13347.57	8.043999999999869	trials	3.0	13349.891751000001	13351.881707	13355.105086000001	13355.617141	13349.338276	13353.982316000001			1.0	1.0	0.0	3.0					
13358.471	11.3700000000008	trials	3.0	13363.569991	13365.600377	13367.666453000002	13368.107513	13362.717001	13366.628989	13368.451	13369.841	1.0	1.0	1.0	1.0					
13373.949	27.037000000000262	trials	3.0	13391.821300000001	13392.845219	13397.667546	13398.106064000001	13390.829057	13395.061064000001			1.0	1.0	0.0	3.0					
13402.007	5.904000000000451	trials	3.0	13403.93677	13405.426724			13400.99386	13405.647755000002	13407.351	13407.911	2.0		1.0	1.0					
13410.974	12.567999999999302	trials	3.0	13418.101970000002	13419.761263	13422.887614000001	13423.545965000001	13417.472821000001	13421.823242			1.0	1.0	0.0	3.0					
13427.25	7.781000000000859	trials	3.0	13430.648023000002	13432.462685			13429.744484	13432.823873000001	13434.716	13434.861	2.0		1.0	1.0					
13437.566	13.649999999999636	trials	3.0	13443.326515	13444.628324000001	13450.767482000001	13451.224730000002	13442.343347000002	13449.382856			1.0	1.0	0.0	3.0					
13454.132	12.384000000000015	trials	3.0	13459.377416000001	13461.300359	13464.417761	13465.161457000002	13458.445595000001	13462.878251000002			1.0	1.0	0.0	3.0					
13469.11	7.710999999999331	trials	3.0	13470.852058	13472.394148000001			13466.524864	13472.388878000002			1.0		0.0	2.0					
13477.401	7.114999999999782	trials	3.0	13479.803473000002	13481.83279			13478.880056000002	13481.863741000001	13483.851	13484.516	2.0		1.0	1.0					
13486.576	13.024000000001251	trials	3.0	13495.477408	13497.033704000001			13494.686375000001	13497.355567	13499.311	13499.531	2.0		1.0	1.0					
13504.123	11.584000000000742	trials	3.0	13507.956671000002	13509.953779000001	13515.357322000002	13515.717959000001	13507.261472000002	13513.328410000002			1.0	1.0	0.0	3.0					
13517.688	19.46600000000035	trials	3.0	13522.844193	13524.755929	13535.910829	13536.532918	13521.879176	13526.285491			1.0	1.0	0.0	3.0					
13538.241	9.055000000000291	trials	3.0	13539.883613000002	13541.389151000001	13546.833605000002	13547.306038	13537.159999000001	13545.592964000001			1.0	1.0	0.0	3.0					
13549.157	9.624000000001615	trials	3.0	13554.762806	13556.471281000002			13554.001294000002	13556.71598			2.0		1.0	1.0					
13563.329	11.932000000000698	trials	3.0	13568.843755000002	13570.510838000002	13573.032158000002	13573.414498000002	13567.902076	13572.069885	13573.736	13575.261	1.0	1.0	1.0	1.0					
13578.277	13.648999999999432	trials	3.0	13586.844199000001	13588.590088	13591.265987	13591.583700000001	13585.876834	13590.179246000002			1.0	1.0	0.0	3.0					
13595.596	18.77100000000064	trials	3.0	13607.259011000002	13608.985571000001	13612.823081	13613.558251	13606.710040000002	13610.37217			1.0	1.0	0.0	3.0					
13615.156	6.109999999998763	trials	3.0	13616.692606	13617.984925	13620.929368000001	13621.208249000001	13614.373666000001	13619.665789			1.0	1.0	0.0	3.0					
13624.276	14.556000000000495	trials	3.0	13633.457300000002	13634.883013	13638.118541000002	13638.65566	13632.546134	13637.222419000002			1.0	1.0	0.0	3.0					
13640.441	8.769999999998618	trials	3.0	13642.113212	13643.309578	13648.66234	13649.220899000002	13641.204350000002	13647.751145000002			1.0	1.0	0.0	3.0					
13651.002	9.384000000000015	trials	3.0	13656.518381000002	13657.769843000002			13655.686153	13658.028289000002	13660.026	13660.131	2.0		1.0	1.0					
13663.826	13.710000000000946	trials	3.0	13667.75926	13669.310021000001	13675.12699	13675.523473000001	13666.760369000001	13672.880699000001			1.0	1.0	0.0	3.0					
13679.446	11.030000000000655	trials	3.0	13681.402951	13682.640334000002	13690.139732000001	13690.458428000002	13677.546604000001	13684.649366000001			1.0	1.0	0.0	3.0					
13693.487	13.229000000001179	trials	3.0	13699.038104000001	13701.109102	13706.401067	13706.613811000001	13698.360421000001	13704.599222			1.0	1.0	0.0	3.0					
13709.726	8.444999999999709	trials	3.0	13714.518811000002	13715.863342			13713.547093000001	13716.062020000001	13717.841	13717.941	2.0		1.0	1.0					
13721.736	11.209999999999127	trials	3.0	13725.913234000001	13727.869936000001	13731.68408	13731.924929	13724.952293	13730.551593			1.0	1.0	0.0	3.0					
13736.061	6.335000000000946	trials	3.0	13737.963143	13740.04528			13732.953845000002	13740.051119000002			2.0		1.0	1.0					
13744.846	9.909999999999854	trials	3.0	13750.893541000001	13752.000306000002			13750.093109000001	13752.627238000001	13754.396	13754.622	2.0		1.0	1.0					
13758.297	19.613999999999578	trials	3.0	13762.203685	13764.100358000002	13776.807595000002	13777.154602	13761.4781	13765.906840000001			1.0	1.0	0.0	3.0					
13781.126	9.040999999999258	trials	3.0	13783.118243	13784.800798	13789.738748000002	13790.178155000001	13777.920184	13788.577993			1.0	1.0	0.0	3.0					
13792.112	13.049000000000888	trials	3.0	13798.118331000001	13799.660371000002	13802.765348	13803.301207	13797.481718000001	13801.817759000001			1.0	1.0	0.0	3.0					
13806.086	7.350000000000364	trials	3.0	13808.003813000001	13809.195859000001	13812.272711000001	13812.59648	13805.171648000001	13811.288270000001			1.0	1.0	0.0	3.0					
13815.61	10.09099999999853	trials	3.0	13817.364125	13818.920699000002	13824.180371	13824.980482	13813.444643	13819.146623			1.0	1.0	0.0	3.0					
13828.509	66.42200000000048	trials	3.0	13830.09977	13831.364878			13825.712218	13832.738148			1.0		0.0	5.0					
13897.946	30.075000000000728	trials	3.0	13917.798620000001	13918.876405	13926.682987	13927.212191	13917.258895	13921.207435			1.0	1.0	0.0	3.0					
13930.047	11.003999999998996	trials	3.0	13931.721128000001	13933.241168	13938.101386	13938.730214000001	13928.029330000001	13935.311125			1.0	1.0	0.0	3.0					
13942.466	8.020000000000437	trials	3.0	13944.463808	13946.348998000001	13949.99596	13950.498041	13941.061126	13947.407239			1.0	1.0	0.0	3.0					
13954.332	23.90400000000045	trials	3.0	13958.919407000001	13960.150078	13975.992212000001	13976.453287	13958.370662000001	13968.877189	13976.667	13978.236	1.0	1.0	1.0	1.0					
13982.256	13.096000000001368	trials	3.0	13989.669646	13990.981816000001	13994.718191000002	13995.359978	13988.694047	13993.758172000002			1.0	1.0	0.0	3.0					
13998.256	12.085000000000946	trials	3.0	14003.739737000002	14005.329692000001	14008.220122	14008.865096000001	14003.033909000002	14007.312472000001			1.0	1.0	0.0	3.0					
14010.537	8.65899999999965	trials	3.0	14012.33767	14013.351763	14018.871152000002	14019.105968000002	14010.35431	14017.703452000002			1.0	1.0	0.0	3.0					
14021.206	9.43499999999949	trials	3.0	14023.150994000001	14024.771753	14029.386658000001	14029.866467000002	14021.711342	14028.224491			1.0	1.0	0.0	3.0					
14031.716	14.65599999999904	trials	3.0	14033.57531	14034.951598000001	14044.842371	14045.390575000001	14030.653993000002	14036.414903			1.0	1.0	0.0	3.0					
14049.206	9.659999999999854	trials	3.0	14050.959977	14052.579376000002	14058.361882000001	14058.875935	14046.380519	14057.311097000002			1.0	1.0	0.0	3.0					
14061.701	5.605000000001382	trials	3.0	14063.43518	14064.800282			14062.726808000001	14065.088483000001			2.0		1.0	1.0					
14069.876	74.18499999999949	trials	3.0	14140.901369000001	14142.006904000002			14140.226528000001	14142.000355			1.0		0.0	2.0					
14146.116	47.38999999999942	trials	3.0	14189.932139	14191.512116000002			14188.973517	14191.502005			1.0		0.0	2.0					
14195.511	42.90599999999904	trials	3.0	14234.222714000001	14236.066901000002			14233.661656	14236.120086			2.0		1.0	1.0					
14242.931	34.914999999999054	trials	3.0	14267.835989000001	14268.863131000002	14275.644899	14276.173663000001	14266.839905	14270.102426000001	14276.356	14277.846	1.0	1.0	1.0	1.0					
14279.908	17.509000000000015	trials	3.0	14293.316223000002	14294.627779			14292.552394000002	14294.866423000001	14296.531	14297.417	2.0		1.0	1.0					
14299.456	36.2549999999992	trials	3.0	14326.241207000001	14327.758355000002	14333.006242000001	14333.506903000001	14325.291284	14328.193808			1.0	1.0	0.0	3.0					
14336.331	7.940000000000509	trials	3.0	14338.291324000002	14339.498951000001	14343.648816	14343.950383000001	14335.724186000001	14340.827897000001			1.0	1.0	0.0	3.0					
14348.176	6.380000000001019	trials	3.0	14350.15688	14352.204098000002			14349.49946	14352.290459000002			2.0		1.0	1.0					
14357.042	10.213999999999942	trials	3.0	14363.058187	14364.588676000001			14362.461796000001	14364.896513000002	14366.917	14367.256	2.0		1.0	1.0					
14371.271	9.027000000000044	trials	3.0	14375.933576000001	14377.773656000001			14375.355035	14378.04137	14379.976	14380.298	2.0		1.0	1.0					
14384.362	19.53900000000067	trials	3.0	14387.176241000001	14388.405326	14403.314798000001	14403.913567000001	14386.317992	14390.524315			1.0	1.0	0.0	3.0					
14405.641	12.600000000000364	trials	3.0	14412.987002000002	14414.937004000001	14417.109863000001	14417.622243000002	14412.085271	14416.330940000002			1.0	1.0	0.0	3.0					
14421.441	19.399999999999636	trials	3.0	14436.706880000002	14438.544989000002	14440.114168	14440.855013	14435.730223	14439.301725000001			1.0	1.0	0.0	3.0					
14443.486	6.209999999999127	trials	3.0	14445.018128000002	14446.628231			14443.983115	14447.498561			2.0		1.0	1.0					
14453.157	9.635000000000218	trials	3.0	14456.724008000001	14458.543823	14462.412594000001	14462.801797	14455.735424	14461.228323000001			1.0	1.0	0.0	3.0					
14464.776	16.985000000000582	trials	3.0	14476.827419000001	14478.705355000002	14481.185339000001	14481.581596	14476.184703	14480.014496000002			1.0	1.0	0.0	3.0					
14484.506	11.905000000000655	trials	3.0	14486.467216000001	14487.498641000002	14492.241749	14492.753457	14484.884173	14491.114334000002			1.0	1.0	0.0	3.0					
14496.562	8.22400000000016	trials	3.0	14498.202340000002	14500.119155	14504.441763	14504.797165	14496.421526000002	14500.975955000002			1.0	1.0	0.0	3.0					
14507.764	10.537000000000262	trials	3.0	14512.93417	14514.949175000002	14517.812368	14518.313593	14512.268037000002	14516.920814000001			1.0	1.0	0.0	3.0					
14520.126	12.489999999999782	trials	3.0	14521.756853	14523.218831000002	14530.857814	14531.711480000002	14520.740764000002	14524.083287000001			1.0	1.0	0.0	3.0					
14534.183	14.977999999999156	trials	3.0	14535.974221	14537.91443	14548.695034	14549.172393	14532.628897	14547.703185000002			1.0	1.0	0.0	3.0					
14551.021	13.364999999999782	trials	3.0	14556.087121	14557.59883	14562.467642000001	14562.930295000002	14555.399656000001	14561.493554			1.0	1.0	0.0	3.0					
14566.792	9.915000000000873	trials	3.0	14568.327377000001	14569.600276000001	14574.652922000001	14575.111703	14564.398048000001	14572.735693	14575.417	14576.707	1.0	1.0	1.0	1.0					
14578.726	13.645999999998821	trials	3.0	14587.278895000001	14589.287398			14586.357082	14589.537514000001	14591.457	14592.372	2.0		1.0	1.0					
14595.392	42.899999999999636	trials	3.0	14634.073271000001	14635.993307	14637.963748000002	14638.219858	14633.067741	14636.504696			1.0	1.0	0.0	3.0					
14640.351	17.53899999999885	trials	3.0	14651.778496	14653.689868000001	14655.845185000002	14656.182065	14651.065037	14654.752249000001	14656.591	14657.89	1.0	1.0	1.0	1.0					
14660.911	14.485000000000582	trials	3.0	14669.592585000002	14670.634956000002	14674.80428	14675.410429000001	14668.928914	14673.742498000001			1.0	1.0	0.0	3.0					
14679.229	10.393000000000029	trials	3.0	14684.349731000002	14686.579877	14688.211061000002	14688.893623	14683.448571	14687.135805000002			1.0	1.0	0.0	3.0					
14691.531	14.584999999999127	trials	3.0	14701.957978	14703.815561000001			14701.153993000002	14703.841324	14705.646	14705.971	2.0		1.0	1.0					
14710.578	7.19800000000032	trials	3.0	14712.944111	14714.625047000001	14717.221657000002	14717.566673000001	14712.122756	14715.837823000002			1.0	1.0	0.0	3.0					
14719.581	9.825000000000728	trials	3.0	14724.42338	14725.696912000001	14729.096025	14729.391656000002	14723.587775	14726.806721			1.0	1.0	0.0	3.0					
14733.417	38.46399999999994	trials	3.0	14767.673699	14768.842366	14771.446256000001	14771.897695000001	14766.723257000001	14770.276735000001			1.0	1.0	0.0	3.0					
14775.776	9.944999999999709	trials	3.0	14780.100442	14781.214526000002	14784.71947	14785.733984	14779.447169000001	14783.87714			1.0	1.0	0.0	3.0					
14787.042	8.989000000001397	trials	3.0	14788.698922000001	14789.830513	14794.104156000001	14794.557892	14787.103535000002	14790.476063000002			1.0	1.0	0.0	3.0					
14798.581	5.244999999998981	trials	3.0	14800.189892000002	14801.517043000002			14796.046849000002	14801.748224			2.0		1.0	1.0					
14806.36	35.09699999999975	trials	3.0	14830.935901	14832.886533	14839.140646000002	14839.885563000002	14830.234628000002	14834.380916000002			1.0	1.0	0.0	3.0					
14842.457	10.423999999999069	trials	3.0	14844.214082	14846.257253000002	14852.558471	14852.871208	14841.472925000002	14848.020571000001			1.0	1.0	0.0	3.0					
14855.832	19.65899999999965	trials	3.0	14869.418771	14871.402045	14874.941420000001	14875.507015000001	14868.751633000002	14873.894336000001			1.0	1.0	0.0	3.0					
14878.261	9.954999999999927	trials	3.0	14882.649309	14884.082065	14887.726990000001	14888.158300000001	14881.924358	14886.912227			1.0	1.0	0.0	3.0					
14892.226	5.289999999999054	trials	3.0	14894.133754	14895.521881			14892.318749000002	14895.509951			2.0		0.0	2.0					
14899.529	18.476999999998952	trials	3.0	14913.053780000002	14914.211167000001	14917.501886000002	14918.019859	14912.394019000001	14916.616357			1.0	1.0	0.0	3.0					
14920.826	10.790000000000873	trials	3.0	14922.605066	14923.853096	14931.120739000002	14931.631976	14921.028845	14925.355661000001			1.0	1.0	0.0	3.0					
14934.441	11.765999999999622	trials	3.0	14942.606297000002	14943.866451000002			14941.906552	14944.060496000002	14945.891	14946.207	2.0		1.0	1.0					
14949.226	11.555999999998676	trials	3.0	14952.679186000001	14954.507756	14958.674473000001	14959.085423	14952.127090000002	14957.509729000001	14959.386	14960.782	1.0	1.0	1.0	1.0					
14962.801	13.320999999999913	trials	3.0	14969.830049	14970.923351000001	14975.227354	14975.683351000001	14968.824038	14973.047246000002			1.0	1.0	0.0	3.0					
14977.557	13.97899999999936	trials	3.0	14983.571054	14984.706473000002	14987.616345	14988.314873000001	14982.668066000002	14986.596952000002			1.0	1.0	0.0	3.0					
14991.951	5.640000000001237	trials	3.0	14993.704984	14995.094765000002			14991.553496	14995.349312000002			2.0		1.0	1.0					
15000.146	14.93999999999869	trials	3.0	15007.929331000001	15009.70088	15014.181607	15014.520136000001	15007.141111	15012.968851000001			1.0	1.0	0.0	3.0					
15016.506	13.180000000000291	trials	3.0	15025.525260000002	15027.042235			15024.596899	15027.303899	15029.256	15029.686	2.0		1.0	1.0					
15032.707	16.818999999999505	trials	3.0	15042.0164	15043.591492000001	15046.841762	15047.437027	15041.043553000001	15045.673322			1.0	1.0	0.0	3.0					
15050.171	15.854999999999563	trials	3.0	15052.14203	15053.33724	15064.164864000002	15064.665962000001	15049.540684000001	15054.594362000002			1.0	1.0	0.0	3.0					
15066.433	36.672999999998865	trials	3.0	15068.266928000001	15069.342655	15101.965703000002	15103.122638	15066.040262	15071.04233			1.0	1.0	0.0	3.0					
15104.276	11.431000000000495	trials	3.0	15106.085035	15107.821372000002	15112.622543000001	15113.045854	15104.505961	15111.368032000002			1.0	1.0	0.0	3.0					
15116.984	38.91200000000026	trials	3.0	15118.785508	15120.582377	15153.550222000002	15154.038303000001	15115.720646000002	15121.952314000002	15154.301	15155.896	1.0	1.0	1.0	1.0					
15159.957	394.0589999999993	trials	3.0	15550.372	15551.952439			15549.857859	15551.947383			1.0		0.0	2.0					
15557.076	111.25	trials	3.0	15659.711889	15661.716672	15666.744762	15667.600280999999	15658.837408	15662.30617			1.0	1.0	0.0	3.0					
15671.101	5.039999999999054	trials	3.0	15672.881448	15674.131216			15668.324179	15674.116491			2.0		0.0	2.0					
15679.156	18.974999999998545	trials	3.0	15693.736092	15695.449977	15697.363521	15698.130517	15692.754855	15695.945706			1.0	1.0	0.0	3.0					
15701.741	5.944999999999709	trials	3.0	15704.046682	15705.41953			15703.241147	15705.469445			2.0		1.0	1.0					
15712.235	6.596999999999753	trials	3.0	15714.146646	15715.853401	15718.50913	15718.780294	15712.905699	15717.368767			1.0	1.0	0.0	3.0					
15722.836	6.5900000000001455	trials	3.0	15725.566677	15726.975735	15728.712466	15729.083729	15724.758641	15727.927216			1.0	1.0	0.0	3.0					
15731.046	9.545000000000073	trials	3.0	15734.707924	15736.158365	15739.923346	15740.588043	15733.978864	15738.544807			1.0	1.0	0.0	3.0					
15743.309	11.578000000001339	trials	3.0	15745.392093	15747.33892	15752.508565	15754.885144	15744.845157	15748.975101			1.0	2.0	0.0	3.0					
15756.872	22.045000000000073	trials	3.0	15771.846984	15773.26705	15776.00792	15776.469758	15771.103503	15775.219522			1.0	1.0	0.0	3.0					
15779.391	5.569999999999709	trials	3.0	15781.221816	15782.432368			15778.915561	15782.711218	15784.606	15784.961	2.0		1.0	1.0					
15787.036	14.30999999999949	trials	3.0	15793.267144	15794.666534	15799.291019	15799.69674	15792.46539	15798.210485	15800.042	15801.346	1.0	1.0	1.0	1.0					
15804.412	14.443999999999505	trials	3.0	15815.271835	15816.288861			15814.727817	15816.741107	15818.646	15818.832	2.0		1.0	1.0					
15823.431	20.764999999999418	trials	3.0	15840.16894	15842.014169	15843.49051	15844.191827999999	15839.436477	15842.72431			1.0	1.0	0.0	3.0					
15846.836	40.17500000000109	trials	3.0	15880.892269	15882.488193	15886.091566	15886.559679	15880.320581	15885.30054			1.0	1.0	0.0	3.0					
15888.516	7.566000000000713	trials	3.0	15891.912151	15893.633531	15895.50604	15896.078596	15891.39522	15894.717717			1.0	1.0	0.0	3.0					
15897.886	7.709999999999127	trials	3.0	15899.677889	15901.494290999999	15903.653345	15904.075091	15898.044739	15902.220488	15904.309	15905.596	1.0	2.0	1.0	1.0					
15908.636	13.610999999998967	trials	3.0	15915.865214	15917.916567	15920.417157	15921.180871	15915.031915	15919.137356			1.0	2.0	0.0	3.0					
15924.747	49.4890000000014	trials	3.0	15969.544621000001	15970.736994	15973.509622	15974.067858	15969.024193	15972.787982			1.0	1.0	0.0	3.0					
15975.896	15.364999999999782	trials	3.0	15986.058057	15987.584791	15989.047714	15989.602297	15985.546657	15988.336594			1.0	1.0	0.0	3.0					
15991.478	5.808000000000902	trials	3.0	15993.773046	15994.965088			15992.861188	15995.16325			2.0		1.0	1.0					
16001.771	23.484999999998763	trials	3.0	16021.249834	16022.833806999999	16024.582047	16024.944778000001	16020.526827	16023.572004			1.0	1.0	0.0	3.0					
16028.913	6.967999999998938	trials	3.0	16032.143065	16033.380808	16035.127758	16035.587722	16031.363799	16034.032175			1.0	1.0	0.0	3.0					
16037.472	15.479999999999563	trials	3.0	16049.913164	16050.880681			16049.18668	16050.875161			2.0		0.0	2.0					
16055.971	11.56000000000131	trials	3.0	16063.085142	16064.284176	16067.024193	16067.530573	16062.51798	16066.128298			1.0	1.0	0.0	3.0					
16069.381	9.100000000000364	trials	3.0	16074.078334	16075.418709			16073.164161	16076.348369			2.0		1.0	1.0					
16081.036	20.55999999999949	trials	3.0	16094.188587	16095.265236	16099.262523	16099.650591	16093.303978	16098.185613			1.0	1.0	0.0	3.0					
16102.771	7.7409999999999854	trials	3.0	16104.693236	16105.790032	16108.62754	16109.037361	16102.905903	16107.338642	16109.256	16110.512	1.0	2.0	1.0	1.0					
16113.536	77.40500000000065	trials	3.0	16186.385778	16187.735872	16189.38558	16189.896072	16185.78358	16188.640195			1.0	1.0	0.0	3.0					
16193.762	9.404999999998836	trials	3.0	16198.589245	16199.746252	16201.262338	16201.725609	16197.81246	16200.349178	16202.036	16203.167	1.0	2.0	1.0	1.0					
16205.206	6.989999999999782	trials	3.0	16208.014324	16209.931628			16207.495798	16210.158121	16211.872	16212.151	2.0		1.0	1.0					
16215.757	7.314000000000306	trials	3.0	16217.500801	16219.360698	16221.066229	16221.300511	16216.817143	16220.05402	16221.696	16223.071	1.0	2.0	1.0	1.0					
16227.136	28.539999999999054	trials	3.0	16251.505205	16253.412114			16250.692070000001	16253.623248			2.0		1.0	1.0					
16259.286	8.840000000000146	trials	3.0	16261.509445	16263.231405	16266.279886	16266.958455	16260.635931	16263.720938			1.0	1.0	0.0	3.0					
16269.623	5.347999999999956	trials	3.0	16271.170232	16272.450064	16273.864519	16274.973652	16268.127317	16273.000077			1.0	2.0	0.0	3.0					
16277.207	23.513999999999214	trials	3.0	16287.464959	16289.165626	16298.803213	16299.181692	16286.867761	16289.787805	16299.521	16300.721	1.0	1.0	1.0	1.0					
16304.786	5.799999999999272	trials	3.0	16306.67497	16308.466905	16310.138082	16310.589294	16305.778389	16308.794919			1.0	1.0	0.0	3.0					
16314.521	6.569999999999709	trials	3.0	16317.055045000001	16318.760434			16316.295097	16318.954237	16320.786	16320.841	2.0		1.0	1.0					
16323.552	6.764999999999418	trials	3.0	16325.609375	16326.636873	16329.97665	16330.319425	16324.858069	16327.710811			1.0	1.0	0.0	3.0					
16333.356	16.56999999999971	trials	3.0	16345.850279	16347.028291	16348.105498	16348.343727	16345.102378	16347.388423	16348.957	16349.926	1.0	2.0	1.0	1.0					
16354.01	6.315999999998894	trials	3.0	16356.305108	16357.956281			16355.412824	16358.169289			2.0		1.0	1.0					
16362.786	11.305000000000291	trials	3.0	16364.864787	16366.736526	16373.702325	16374.078385	16364.302177	16367.724967			1.0	1.0	0.0	3.0					
16376.046	8.214999999998327	trials	3.0	16380.010721999999	16381.781919000001	16383.03501	16384.259788	16379.254134	16382.319892			1.0	2.0	0.0	3.0					
16387.372	18.67000000000189	trials	3.0	16393.065252	16394.60097	16404.370936	16404.904262	16392.326313	16396.160763			1.0	1.0	0.0	3.0					
16406.708	4.998999999999796	trials	3.0	16408.38717	16410.268381	16411.387185	16411.571062	16406.044124	16410.617316			1.0	2.0	0.0	3.0					
16414.761	14.950000000000728	trials	3.0	16419.329799	16420.904038	16428.939399	16429.345147	16418.534527	16422.352113			1.0	1.0	0.0	3.0					
16432.271	6.540000000000873	trials	3.0	16434.921766	16436.569276	16438.341567	16438.810294	16434.304318	16437.668346			1.0	2.0	0.0	3.0					
16441.681	15.400999999998021	trials	3.0	16451.010766	16452.587457	16454.987098	16455.377927	16450.211634	16453.308163	16455.747	16457.082	1.0	1.0	1.0	1.0					
16459.106	9.135000000002037	trials	3.0	16464.570508	16465.911705			16463.720041	16466.1328			2.0		1.0	1.0					
16470.696	13.545000000001892	trials	3.0	16479.640456	16481.045268	16483.231114	16484.244396000002	16478.916996	16481.490849			1.0	2.0	0.0	3.0					
16485.562	25.438999999998487	trials	3.0	16502.865157	16504.097389			16502.278021	16504.451035			2.0		1.0	1.0					
16511.136	5.361000000000786	trials	3.0	16513.064137	16514.791572000002	16516.171773000002	16516.455097	16511.002669	16515.092329			1.0	2.0	0.0	3.0					
16520.542	29.083999999998923	trials	3.0	16545.200968	16547.19345	16549.186497	16549.629267	16544.503221	16547.743219			1.0	1.0	0.0	3.0					
16551.521	7.264999999999418	trials	3.0	16553.71644	16555.162319	16557.839344	16558.490704	16553.14535	16556.525032			1.0	1.0	0.0	3.0					
16561.216	7.509999999998399	trials	3.0	16562.883201	16564.327596	16566.759413	16567.008417	16561.390858	16565.617365	16567.497	16568.726	1.0	2.0	1.0	1.0					
16571.636	16.92500000000291	trials	3.0	16582.896118	16583.97211	16587.826485	16588.316326	16582.031212	16586.271258			1.0	1.0	0.0	3.0					
16590.167	8.593999999997322	trials	3.0	16594.990908	16596.402091			16594.106052	16596.616354			2.0		1.0	1.0					
16603.257	6.57499999999709	trials	3.0	16606.21726	16607.277732			16605.249857	16607.54655	16609.311	16609.832	2.0		1.0	1.0					
16612.851	34.11300000000119	trials	3.0	16642.462962	16643.568064	16646.151	16646.656279	16641.558085	16645.300099			1.0	1.0	0.0	3.0					
16648.481	14.260000000002037	trials	3.0	16658.253416	16659.881863	16660.905384	16661.310324	16657.356364	16660.17067	16661.671	16662.741	1.0	2.0	1.0	1.0					
16665.761	19.059000000001106	trials	3.0	16681.021413	16682.237926			16680.324915	16682.491534			2.0		1.0	1.0					
16687.286	27.220000000001164	trials	3.0	16710.841805	16712.246328			16709.870469	16712.458626			2.0		1.0	1.0					
16719.111	6.97099999999773	trials	3.0	16721.017024	16722.373116	16725.516631	16725.877224	16719.480436	16723.638095			1.0	1.0	0.0	3.0					
16727.856	8.900000000001455	trials	3.0	16732.472451	16733.667076	16736.2216	16736.756857	16731.816516	16735.529752			1.0	2.0	0.0	3.0					
16740.551	44.90599999999904	trials	3.0	16781.317279	16782.440685	16785.057472	16785.458736	16780.704019	16783.966			1.0	1.0	0.0	3.0					
16789.391	13.305000000000291	trials	3.0	16798.946796	16800.623985	16801.329672	16802.135263	16798.279864	16800.620643			1.0		0.0	2.0					
16805.707	15.114000000001397	trials	3.0	16816.338415	16818.242323	16820.34678	16820.822427	16815.612952	16819.188705			1.0	2.0	0.0	3.0					
16822.673	10.923000000002503	trials	3.0	16828.142596	16830.107412	16831.636346	16832.000103	16827.37297	16830.882871	16832.357	16833.596	1.0	2.0	1.0	1.0					
16836.639	22.457000000002154	trials	3.0	16854.23218	16856.1865	16858.234693	16858.561956	16853.299698	16856.497674			1.0	1.0	0.0	3.0					
16862.567	6.764999999999418	trials	3.0	16865.004232	16866.630441	16868.77674	16869.335344	16864.300096	16868.041033			1.0	2.0	0.0	3.0					
16871.142	24.924999999999272	trials	3.0	16892.496153	16893.739509			16891.84905	16893.967267			2.0		1.0	1.0					
16898.521	7.7259999999987485	trials	3.0	16902.702364	16903.80291	16905.724711	16905.997405000002	16901.734933	16904.780112			1.0	1.0	0.0	3.0					
16908.061	6.619999999998981	trials	3.0	16910.062897	16912.059873	16913.146344	16913.321731	16908.546514	16912.407306	16913.796	16914.681	1.0	2.0	1.0	1.0					
16917.701	32.34100000000035	trials	3.0	16946.25414	16947.680124	16949.71361	16950.02881	16945.244948	16948.554975			1.0	1.0	0.0	3.0					
16954.056	8.156999999999243	trials	3.0	16959.612624	16960.839597	16961.745657	16962.218995	16958.852386	16961.065188			1.0	2.0	0.0	3.0					
16966.066	7.18500000000131	trials	3.0	16969.518463	16970.686052			16968.862083	16970.980884			2.0		1.0	1.0					
16977.735	9.440999999998894	trials	3.0	16981.947864	16983.766317	16986.273502	16986.82707	16981.02409	16984.417914999998			1.0	1.0	0.0	3.0					
16988.606	9.084999999999127	trials	3.0	16994.233199	16995.595197	16997.153335	16997.69493	16993.490547	16996.409488			1.0	2.0	0.0	3.0					
17000.521	22.94499999999971	trials	3.0	17017.072852	17018.854108	17020.87067	17021.242585	17016.540742	17019.874299			1.0	1.0	0.0	3.0					
17024.201	5.400999999998021	trials	3.0	17025.883915	17027.596156			17023.471608	17027.585008000002			1.0		0.0	2.0					
17032.612	16.004000000000815	trials	3.0	17043.618376	17044.692886	17048.200444000002	17048.618665	17042.670295	17046.190774			1.0	1.0	0.0	3.0					
17051.592	11.899000000001251	trials	3.0	17057.863674	17059.755507	17061.731809	17062.079518	17057.07262	17060.44137	17062.486	17063.491	1.0	2.0	1.0	1.0					
17065.562	11.613999999997759	trials	3.0	17073.380055	17075.115153			17072.833263	17075.111925			2.0		0.0	2.0					
17079.191	6.4099999999998545	trials	3.0	17081.818849	17083.196640000002	17085.154195	17085.603784	17081.225016	17084.360892			1.0	2.0	0.0	3.0					
17087.442	54.47500000000218	trials	3.0	17138.434444	17140.421323	17141.43499	17141.920287	17137.698502	17140.642128			1.0	2.0	0.0	3.0					
17145.756	7.309999999997672	trials	3.0	17148.925477	17150.096004	17152.74183	17153.030641	17148.333988	17151.306865			1.0	1.0	0.0	3.0					
17155.076	5.59599999999773	trials	3.0	17157.024484	17158.365753	17160.119809	17160.678265	17156.454225	17159.352251			1.0	2.0	0.0	3.0					
17163.465	15.471000000001368	trials	3.0	17172.759217	17174.545464	17178.581992	17178.939793	17171.836107	17175.886216			1.0	1.0	0.0	3.0					
17181.906	47.34100000000035	trials	3.0	17217.574117	17219.420196	17228.781399	17229.253531	17216.623779	17219.709241			1.0	1.0	0.0	3.0					
17233.151	7.555999999996857	trials	3.0	17235.699682	17237.035272	17240.283109	17240.714247	17234.771811	17239.020573			1.0	1.0	0.0	3.0					
17242.601	5.56000000000131	trials	3.0	17244.165355	17246.120797	17247.591832	17248.168615	17242.614789	17246.781226			1.0	2.0	0.0	3.0					
17251.927	18.644000000000233	trials	3.0	17267.064802	17268.528082	17269.673206	17269.783683	17266.122528	17269.022659			1.0	2.0	0.0	3.0					
17273.004	12.06199999999808	trials	3.0	17279.763095	17281.2111	17284.620353	17285.069778	17279.004036	17282.822203			1.0	1.0	0.0	3.0					
17287.97	10.200999999997293	trials	3.0	17292.039334	17293.524663	17296.582408	17296.858777	17291.276157	17295.172269	17297.381	17298.171	1.0	2.0	1.0	1.0					
17302.235	6.210999999999331	trials	3.0	17304.56971	17305.87615			17303.642631	17306.199492			2.0		1.0	1.0					
17310.941	12.735000000000582	trials	3.0	17313.735138	17315.58213	17323.161108	17323.679986	17313.188997	17316.893152			1.0	1.0	0.0	3.0					
17325.563	7.863000000001193	trials	3.0	17329.364467	17330.860572			17328.720985	17331.141087			2.0		1.0	1.0					
17336.976	7.64600000000064	trials	3.0	17340.961243	17342.008131	17344.142713	17344.630332	17340.361119	17343.395611			1.0	2.0	0.0	3.0					
17346.516	40.31000000000131	trials	3.0	17382.256354	17384.232259	17385.101336	17385.324684	17381.499384	17384.432116	17385.901	17386.826	1.0	2.0	1.0	1.0					
17389.899	7.537000000000262	trials	3.0	17394.091873	17395.432614			17393.220424	17395.428001			2.0		0.0	2.0					
17400.446	5.875	trials	3.0	17402.785074	17404.31808			17401.020828	17404.313751			2.0		0.0	2.0					
17408.332	6.585000000002765	trials	3.0	17410.800712	17412.661821			17410.139764	17412.911239			2.0		1.0	1.0					
17418.525	7.775999999998021	trials	3.0	17422.444663000002	17423.542789	17424.517224	17424.779801	17421.771385	17423.922789	17425.292	17426.301	1.0	2.0	1.0	1.0					
17430.367	32.42900000000009	trials	3.0	17458.450606	17459.527492	17460.970942	17461.322268	17457.451447	17460.029818	17461.636	17462.796	1.0	2.0	1.0	1.0					
17466.821	5.724999999998545	trials	3.0	17469.000075	17470.858507	17471.956252	17472.553154	17468.147142	17471.173432			1.0	2.0	0.0	3.0					
17476.296	7.990000000001601	trials	3.0	17478.605437	17480.628273	17482.440856	17482.602185	17477.962612	17481.681977	17483.146	17484.286	1.0	2.0	1.0	1.0					
17488.351	82.02500000000146	trials	3.0	17565.767785	17567.494077	17568.50185	17568.749194	17565.023137	17567.73292	17569.176	17570.376	1.0	2.0	1.0	1.0					
17574.436	9.234999999996944	trials	3.0	17577.311025	17579.153664999998	17583.264434	17583.679584	17576.469296	17581.68912			1.0	1.0	0.0	3.0					
17587.701	13.856999999999971	trials	3.0	17597.927448	17599.058315000002	17599.680567	17599.923738	17597.408992	17599.085151	17600.336	17601.558	1.0	2.0	1.0	1.0					
17604.572	9.399000000001251	trials	3.0	17609.915661	17611.41186			17609.054463	17611.770036			2.0		1.0	1.0					
17616.487	20.5099999999984	trials	3.0	17633.846523	17634.933999	17636.071957	17636.699602	17633.014656	17634.924799			1.0		0.0	2.0					
17639.006	59.044999999998254	trials	3.0	17694.991644	17696.538408	17697.576429	17698.05866	17694.034815	17696.775972			1.0	2.0	0.0	3.0					
17700.906	16.88600000000224	trials	3.0	17713.93315	17715.729513	17716.707334	17717.260588	17713.317931	17715.72205			1.0		0.0	2.0					
17720.797	17.069000000003143	trials	3.0	17732.557342	17734.278783	17736.033537	17736.334984	17731.892185	17735.220051	17736.716	17737.866	1.0	2.0	1.0	1.0					
17739.929	7.092000000000553	trials	3.0	17742.098475	17743.94373	17745.173046	17745.386277999998	17741.38539	17744.341987	17745.976	17747.021	1.0	2.0	1.0	1.0					
17751.041	5.389999999999418	trials	3.0	17752.722035	17754.648648	17755.671511	17756.00516	17751.400222	17754.902989000002			1.0	2.0	0.0	3.0					
17759.001	12.775000000001455	trials	3.0	17769.286905	17771.010195	17771.690218	17772.069669	17768.480626	17771.024502			1.0	2.0	0.0	3.0					
17776.011	527.5750000000007	BlockDesign														1.0	902.0	930.0	50.0	90.0
17776.011	12.09100000000035	trials	4.0	17783.872086	17785.254538	17787.036922	17787.489883000002	17783.36097	17786.168824			1.0	2.0	1.0	1.0					
17792.631	8.159999999999854	trials	4.0	17795.387319	17796.939796	17799.106177	17799.336834	17794.555118	17798.028423	17799.811	17800.791	1.0	2.0	1.0	1.0					
17803.917	8.359000000000378	trials	4.0	17807.912374	17808.98921	17810.540808	17810.726363	17807.229285	17809.733896	17811.281	17812.276	1.0	2.0	1.0	1.0					
17816.341	10.040000000000873	trials	4.0	17821.363446	17823.713382	17824.663268	17824.863769	17820.675442	17823.777393	17825.431	17826.381	1.0	2.0	1.0	1.0					
17829.401	7.924999999999272	trials	4.0	17832.897607	17834.466414	17835.475565	17835.814813	17832.105652	17834.735728	17836.226	17837.326	1.0	2.0	1.0	1.0					
17839.444	15.157999999999447	trials	4.0	17850.448489	17851.780639			17849.61518	17852.061364	17854.116	17854.602	2.0		1.0	1.0					
17858.501	8.830999999998312	trials	4.0	17862.784134	17864.539055	17865.572958	17865.805576	17861.934687	17864.801089	17866.348	17867.332	1.0	2.0	1.0	1.0					
17870.361	7.149999999997817	trials	4.0	17873.969163	17875.454094	17876.263745	17876.804361	17873.37312	17875.449241			1.0		0.0	2.0					
17880.517	7.849000000001979	trials	4.0	17884.569777	17885.799109			17884.033318	17886.241663	17887.961	17888.207	2.0		1.0	1.0					
17890.927	7.838999999999942	trials	4.0	17894.367600999998	17895.51507	17896.815243	17897.074632	17893.464746999998	17895.915364	17897.497	17898.766	1.0	2.0	1.0	1.0					
17902.646	7.860000000000582	trials	4.0	17905.002181	17906.799541			17904.309873	17906.790603			1.0		0.0	2.0					
17910.857	35.724999999998545	trials	4.0	17942.363283	17943.583752	17944.760629	17945.089288	17941.832212	17943.962887	17945.531	17946.582	1.0	2.0	1.0	1.0					
17949.598	8.643000000000029	trials	4.0	17953.837858	17955.349836	17956.263768	17956.571215	17952.914572	17955.577663	17956.981	17958.241	1.0	2.0	1.0	1.0					
17962.316	10.601000000002387	trials	4.0	17967.013417000002	17968.139919	17970.452328	17970.909915	17966.23299	17968.72137	17971.221	17972.917	1.0	2.0	1.0	1.0					
17976.971	6.254999999997381	trials	4.0	17980.072782	17981.726941	17982.745228	17983.235545	17979.190678	17981.980671			1.0	2.0	0.0	3.0					
17985.112	18.558999999997468	trials	4.0	17999.533518	18000.920504	18001.834435	18002.097169	17998.867461	18001.181398	18002.572	18003.671	1.0	2.0	1.0	1.0					
18006.736	57.159999999999854	trials	4.0	18058.453083	18059.684184	18061.921726	18062.431291	18057.681655	18060.222882000002	18062.616	18063.896	1.0	1.0	1.0	1.0					
18065.953	7.288000000000466	trials	4.0	18068.023453	18069.324987	18071.190695	18071.450877	18067.419197	18070.073266	18071.917	18073.241	1.0	2.0	1.0	1.0					
18076.256	22.834999999999127	trials	4.0	18095.338065	18096.740472			18094.758307	18096.798445			2.0		1.0	1.0					
18102.592	7.489999999997963	trials	4.0	18105.703628	18107.051899	18108.21921	18108.42355	18105.142926	18107.296653	18108.856	18110.082	1.0	2.0	1.0	1.0					
18112.101	44.77100000000064	trials	4.0	18152.979674000002	18154.518863			18152.258116	18154.572429			2.0		1.0	1.0					
18159.326	7.264999999999418	trials	4.0	18162.845668	18164.282803000002			18161.920264	18164.444965			2.0		1.0	1.0					
18170.106	33.473000000001775	trials	4.0	18199.269216	18201.266422			18198.468095	18201.281751			2.0		1.0	1.0					
18206.096	7.099999999998545	trials	4.0	18208.339069	18210.116899	18211.239357	18211.567216	18207.711735	18210.375697	18211.986	18213.196	1.0	2.0	1.0	1.0					
18215.261	24.625	trials	4.0	18232.780505	18234.035326	18238.333582	18238.919205	18231.848605	18234.267609			1.0	1.0	0.0	3.0					
18242.691	4.790000000000873	trials	4.0	18244.430928	18245.486948	18246.451848	18247.13539	18243.82205	18245.470654			1.0		0.0	2.0					
18250.491	8.159999999999854	trials	4.0	18254.839251	18256.543131	18258.335874	18258.623353	18254.262594	18257.000742			1.0	1.0	0.0	3.0					
18260.661	32.875	trials	4.0	18288.744805	18290.316154	18291.29532	18291.675894	18288.03115	18290.650410000002	18291.961	18293.536	1.0	2.0	1.0	1.0					
18296.471	7.114999999997963	trials	4.0	18299.119525000002	18300.871065	18301.82707	18302.039461	18298.122341000002	18301.145209	18302.546	18303.586	1.0	2.0	1.0	1.0					
18306.661	2956.8990000000013	BlockDesign														0.0	931.0	1116.0	50.0	10.0
18306.661	11.25	trials	5.0	18314.649898	18316.206383	18317.22658	18317.503829	18313.653523	18316.472538			1.0	2.0	0.0	3.0					
18320.595	14.276999999998225	trials	5.0	18330.681406	18332.553271			18329.762833	18332.748897	18334.396	18334.716	2.0		1.0	1.0					
18339.422	5.635000000002037	trials	5.0	18341.721808000002	18342.763156	18344.574127	18345.068476	18340.745233	18343.569375			1.0	2.0	0.0	3.0					
18347.907	21.125	trials	5.0	18366.211268000003	18367.789034000005	18368.695558000003	18369.023936	18365.361553000002	18368.039618000003			1.0	2.0	0.0	3.0					
18372.066	9.400000000001455	trials	5.0	18377.846344	18379.204600000005			18377.329012000002	18379.448117000004	18381.207	18381.256	2.0		1.0	1.0					
18384.026	6.724999999998545	trials	5.0	18386.741	18387.981595000005	18389.699465	18389.953055	18385.891887	18388.899932000004			1.0	2.0	0.0	3.0					
18392.051	27.909999999999854	trials	5.0	18411.566944000002	18413.380373000004			18410.780494000002	18413.475422000003	18415.372	18415.611	2.0		1.0	1.0					
18420.155	5.80199999999968	trials	5.0	18421.986475	18423.210955000002	18425.340200000002	18425.955475000002	18419.964542	18423.538510000002			1.0	1.0	0.0	3.0					
18429.706	6.305000000000291	trials	5.0	18431.27197	18432.933466000002	18435.473141000002	18436.013732000003	18430.102838000003	18434.562809000003			1.0	2.0	0.0	3.0					
18437.828	16.312999999998283	trials	5.0	18450.266756000005	18451.378051000003	18453.816954	18454.098478000004	18449.325488000002	18452.898871000005			1.0	2.0	0.0	3.0					
18457.151	16.044999999998254	trials	5.0	18464.041427000004	18466.095418000004	18472.761910000005	18473.199610000003	18463.115413000003	18466.737253000003			1.0	2.0	0.0	3.0					
18475.096	11.895000000000437	trials	5.0	18482.713235000003	18484.129057000002			18482.016551000004	18484.600819000003			2.0		1.0	1.0					
18489.497	11.834999999999127	trials	5.0	18494.106889000002	18496.163671000002	18499.320289000003	18499.697507000004	18493.340629000002	18497.948051000003	18500.001	18501.332	1.0	1.0	1.0	1.0					
18503.398	6.483000000000175	trials	5.0	18506.246696000002	18507.615829000002			18505.282650000005	18507.808520000002	18509.516	18509.757	2.0		1.0	1.0					
18513.453	7.882999999997992	trials	5.0	18515.352170000002	18517.207937000003	18519.259621000005	18519.599112000004	18514.663012000005	18517.628981	18519.957	18521.336	1.0	1.0	1.0	1.0					
18525.356	9.010000000002037	trials	5.0	18529.387190000005	18531.058784000004	18534.033775000004	18534.342475000005	18528.499075000003	18532.060590000005			1.0	1.0	0.0	3.0					
18537.381	10.329999999998108	trials	5.0	18540.717391000002	18542.732180000003	18547.302524000002	18547.714361000002	18539.852428000002	18543.811168000004			1.0	1.0	0.0	3.0					
18550.628	8.462999999999738	trials	5.0	18553.988297000004	18555.424259000003	18557.206494000002	18557.548241000004	18553.437436000004	18556.474538000002	18557.986	18559.091	1.0	2.0	1.0	1.0					
18563.112	5.149999999997817	trials	5.0	18564.677617000005	18565.926043000003	18567.826798000002	18568.264157	18563.463665000003	18566.583925000003			1.0	2.0	0.0	3.0					
18570.221	9.969999999997526	trials	5.0	18575.762691000004	18576.891061000002	18578.628199000002	18579.551407000003	18574.804133	18576.883892			1.0		0.0	2.0					
18580.945	5.847000000001572	trials	5.0	18582.892277000003	18584.533801			18580.192389000003	18584.536847000003			2.0		1.0	1.0					
18590.332	7.554000000000087	trials	5.0	18592.932721000005	18594.339787000004	18597.562085	18597.825542000002	18592.077780000003	18596.177762000003			1.0	1.0	0.0	3.0					
18599.901	7.354999999999563	trials	5.0	18603.492068000003	18604.679329000002	18606.651350000004	18607.26046	18602.980718000003	18605.807035			1.0	2.0	0.0	3.0					
18610.988	9.843999999997322	trials	5.0	18614.007476000002	18615.608331000003	18617.977729000002	18618.439100000003	18613.172565000004	18616.909430000003			1.0	1.0	0.0	3.0					
18622.362	5.429000000000087	trials	5.0	18624.192827000003	18625.908978000003	18627.333260000003	18627.792086	18620.832879	18626.47027			1.0	2.0	0.0	3.0					
18631.721	4.654999999998836	trials	5.0	18633.497602000003	18634.809122000002	18636.052235000003	18636.254701	18632.529773000002	18634.97906			1.0	2.0	0.0	3.0					
18640.386	8.695999999999913	trials	5.0	18642.853291000003	18644.301784000003	18648.618695000005	18649.085583000004	18642.146297000003	18647.242631000005			1.0	1.0	0.0	3.0					
18652.956	5.01600000000326	trials	5.0	18654.947441000004	18656.042882	18657.625285000002	18657.951992000002	18653.480069000005	18656.766989000003			1.0	2.0	0.0	3.0					
18661.951	31.80999999999767	trials	5.0	18687.093178000003	18688.171496000003	18693.228863000004	18693.764606000004	18686.425993000004	18688.672343000002			1.0	1.0	0.0	3.0					
18695.57	10.636999999998807	trials	5.0	18701.762759000005	18703.552145	18705.29429	18706.212740000003	18701.055965000003	18704.544524000004			1.0	2.0	0.0	3.0					
18708.657	14.90400000000227	trials	5.0	18718.683574000002	18719.779341			18718.176273000005	18720.113383000004	18722.176	18723.561	2.0		1.0	1.0					
18725.582	9.379000000000815	trials	5.0	18729.754172000004	18731.419226	18734.60492	18734.967407000004	18728.801324000004	18732.184851			1.0	1.0	0.0	3.0					
18736.936	7.509999999998399	trials	5.0	18740.799407000002	18742.345097000005	18743.995378000003	18744.447542	18740.111996000003	18743.116649000003			1.0	2.0	0.0	3.0					
18747.351	16.42500000000291	trials	5.0	18759.308036000002	18760.914440000004	18762.468306000002	18762.836840000004	18758.799561000003	18761.613434000003			1.0	2.0	0.0	3.0					
18765.801	16.991000000001804	trials	5.0	18778.893920000002	18780.784002000004			18778.006388	18780.782267000002	18782.426	18782.721	2.0		1.0	1.0					
18786.323	14.282999999999447	trials	5.0	18790.174964	18792.261505000002	18796.746575000005	18797.111671000002	18789.207821000004	18793.378799000002			1.0	1.0	0.0	3.0					
18801.081	5.916000000001077	trials	5.0	18802.728269000003	18804.128330000003	18806.528463000002	18807.003283000002	18800.610625000005	18805.280231000004			1.0	2.0	0.0	3.0					
18809.856	11.390999999999622	trials	5.0	18812.703346000002	18814.178525000003	18817.978376000003	18818.381767000003	18812.078891000005	18816.478447			1.0	2.0	0.0	3.0					
18821.342	12.309000000001106	trials	5.0	18828.130192000004	18829.915625	18831.571628	18832.000484000004	18827.533516000003	18830.404303000003	18832.326	18833.651	1.0	1.0	1.0	1.0					
18837.725	6.736000000000786	trials	5.0	18839.443222	18840.856310000003	18843.809601000004	18844.216835000003	18838.679036	18842.713284000005			1.0	1.0	0.0	3.0					
18846.176	5.991000000001804	trials	5.0	18847.868762000002	18849.888155000004	18851.784635000004	18852.172541000004	18846.167158000004	18850.888315000004			1.0	2.0	0.0	3.0					
18854.106	37.029999999998836	trials	5.0	18887.418546000004	18888.730369000004			18886.74461	18889.003510000002			2.0		1.0	1.0					
18893.61	5.984000000000378	trials	5.0	18895.818996	18897.708365000002	18899.254559000005	18899.502836000003	18895.043935	18898.130983000003			1.0	2.0	0.0	3.0					
18903.646	10.709999999999127	trials	5.0	18905.403782000005	18907.411448000003	18911.899478000003	18912.220013000002	18904.862254000003	18909.587724000005	18912.656	18914.356	1.0	1.0	1.0	1.0					
18917.376	6.110000000000582	trials	5.0	18919.979137000002	18921.420584000003			18919.394074000003	18921.417122000003			2.0		0.0	2.0					
18926.503	21.953999999997905	trials	5.0	18944.130839000005	18945.485476	18946.730860000003	18947.004564000003	18943.276572000002	18945.996591000003	18947.441	18948.457	1.0	2.0	1.0	1.0					
18952.476	8.055000000000291	trials	5.0	18954.864257000005	18956.356027	18960.150143000003	18960.536474000004	18954.082127	18957.551468			1.0	1.0	0.0	3.0					
18963.501	21.56000000000131	trials	5.0	18980.854307	18982.556444	18984.526019000004	18985.065328000004	18980.074609000003	18982.544695000004			1.0		0.0	2.0					
18986.576	56.32999999999811	trials	5.0	19038.470105000004	19040.170736000004	19042.057059000002	19042.586032000003	19037.722991000002	19040.803646000004			1.0	1.0	0.0	3.0					
19044.426	6.334999999999127	trials	5.0	19047.034423000005	19048.201660000002			19046.430065000004	19048.49633			2.0		1.0	1.0					
19053.334	8.497999999999593	trials	5.0	19058.139554000005	19059.767377000004			19057.225990000003	19059.756869000004			2.0		0.0	2.0					
19065.866	5.594999999997526	trials	5.0	19067.784610000002	19069.522129000004	19070.996946000003	19071.467654000004	19066.292970000002	19070.085386000002			1.0	2.0	0.0	3.0					
19073.336	17.125	trials	5.0	19085.480095000003	19086.636995000004	19088.369443000003	19088.735230000002	19084.53464	19087.678540000004			1.0	2.0	0.0	3.0					
19090.737	9.743999999998778	trials	5.0	19095.024764	19096.571905000004	19098.758675000005	19099.028960000003	19094.363390000002	19097.989352000004			1.0	2.0	0.0	3.0					
19101.092	15.473999999998341	trials	5.0	19111.499711000004	19113.552777000004	19114.932596000002	19115.174254	19110.769456	19114.033993000005	19115.622	19116.566	1.0	2.0	1.0	1.0					
19118.677	51.629000000000815	trials	5.0	19165.842005000002	19167.737714000003			19165.118033000002	19168.054655000004	19169.906	19170.276	2.0		1.0	1.0					
19173.771	5.915000000000873	trials	5.0	19175.676805000003	19176.706607000004	19178.876737000002	19179.691010000002	19175.126252000002	19178.189802000004			1.0	2.0	0.0	3.0					
19183.235	19.980999999999767	trials	5.0	19199.249686000003	19200.601950000004	19201.627757000002	19201.786709000004	19198.700050000003	19201.007185000002	19202.457	19203.216	1.0	2.0	1.0	1.0					
19206.276	8.514999999999418	trials	5.0	19210.915273000002	19212.466682000002			19210.219886000003	19212.675992000004	19214.406	19214.757	2.0		1.0	1.0					
19218.251	6.93500000000131	trials	5.0	19221.645305000002	19222.727168000005	19224.332711000003	19224.623243000002	19220.720134000003	19223.500633000003			1.0	2.0	0.0	3.0					
19228.692	9.90899999999965	trials	5.0	19233.802014000004	19236.254173000005			19233.265229000004	19236.498904000004			2.0		1.0	1.0					
19242.066	7.815000000002328	trials	5.0	19245.926693	19247.584246000002	19249.169524000004	19249.323643000003	19245.241748000004	19248.344048000003			1.0	2.0	0.0	3.0					
19251.551	24.54500000000189	trials	5.0	19272.910314000004	19274.400478000003	19275.701258000005	19276.102478000004	19272.308097000005	19275.023157000003			1.0	2.0	0.0	3.0					
19278.071	7.968000000000757	trials	5.0	19282.270475000005	19283.774733000002			19281.658121000004	19283.837679000004	19285.696	19285.901	2.0		1.0	1.0					
19288.596	6.851999999998952	trials	5.0	19291.636636000003	19293.126995000002	19294.932288000004	19295.261534000005	19291.008508000003	19294.086827000003			1.0	2.0	0.0	3.0					
19299.3	9.776000000001659	trials	5.0	19305.406085000002	19306.567525000002			19304.397382000003	19306.830840000002	19308.876	19309.006	2.0		1.0	1.0					
19313.591	9.120999999999185	trials	5.0	19317.906032000003	19319.188361000004	19322.271466000002	19322.717142	19317.363157000003	19320.707834000004			1.0	1.0	0.0	3.0					
19325.606	12.975999999998749	trials	5.0	19335.730808000004	19337.117717000005	19338.025528000002	19338.252354000004	19335.101912000002	19337.4406			1.0	2.0	0.0	3.0					
19342.361	7.135999999998603	trials	5.0	19344.427349	19346.102663	19347.687074	19348.013905000003	19343.876606	19346.922445000004			1.0	2.0	0.0	3.0					
19351.026	17.98899999999776	trials	5.0	19362.531124000005	19363.627259000004	19364.927371	19365.293063000005	19361.834551000004	19364.125909000002			1.0	2.0	0.0	3.0					
19369.301	7.690000000002328	trials	5.0	19371.28118	19372.813066000002	19374.859496000005	19375.168546000004	19369.024354000005	19374.004876000003			1.0	2.0	0.0	3.0					
19378.186	18.94999999999709	trials	5.0	19391.307171000004	19393.122346000004	19396.437803000004	19397.145654000004	19390.517960000005	19393.988192000004			1.0	1.0	0.0	3.0					
19400.882	10.536000000000058	trials	5.0	19407.900269	19409.280188000004	19411.085867	19411.425877	19407.193987000002	19410.286150000004			1.0	2.0	0.0	3.0					
19413.417	14.324000000000524	trials	5.0	19418.410861000004	19420.163138000004	19426.967207	19427.748506000004	19417.886687000002	19425.968733			1.0	1.0	0.0	3.0					
19430.296	7.055000000000291	trials	5.0	19433.636204000002	19435.665203000004	19436.973916000003	19437.356759000002	19432.929400000005	19436.206136000004			1.0	2.0	0.0	3.0					
19439.306	50.6830000000009	trials	5.0	19480.856489	19482.318448	19489.506656000005	19489.997540000004	19479.913189000003	19483.408757000005			1.0	2.0	0.0	3.0					
19493.842	56.54899999999907	trials	5.0	19546.826569000004	19548.362090000002			19546.087082000002	19548.355295			2.0		0.0	2.0					
19553.396	10.52100000000064	trials	5.0	19560.844075000005	19562.724900000005	19563.534614000004	19563.927530000004	19560.200914000005	19562.941435000004			1.0	2.0	0.0	3.0					
19565.877	33.72399999999834	trials	5.0	19592.621678000003	19594.229288000002	19595.790385000004	19597.217123000002	19591.737938000002	19595.033221			1.0	2.0	0.0	3.0					
19600.131	6.329999999998108	trials	5.0	19603.501928	19604.568916000004	19606.046281000003	19606.468655000004	19602.676460000002	19605.319613000003			1.0	2.0	0.0	3.0					
19608.417	10.778999999998632	trials	5.0	19613.602653	19614.779044000003	19616.959230000004	19617.321197000005	19612.737263000003	19616.168584000003			1.0	1.0	0.0	3.0					
19620.325	8.945999999999913	trials	5.0	19621.947464000004	19623.538345000004			19619.203159000004	19623.531487000004			2.0		0.0	2.0					
19629.551	5.920000000001892	trials	5.0	19631.397736000003	19632.509011000002	19633.704044000002	19634.002136000003	19629.277793000005	19632.832802000004	19634.486	19635.471	1.0	2.0	1.0	1.0					
19639.536	6.634999999998399	trials	5.0	19641.917441	19643.659148000002			19641.125527000004	19643.945293000004			2.0		1.0	1.0					
19649.701	7.209999999999127	trials	5.0	19653.312638000003	19655.355781000002	19656.395269000004	19656.918476000003	19652.499068000005	19655.552329000002			1.0	2.0	0.0	3.0					
19660.716	21.230999999999767	trials	5.0	19676.782876000005	19677.969106000004	19681.590692	19681.956433000003	19675.999090000005	19680.340456			1.0	1.0	0.0	3.0					
19684.942	13.949000000000524	trials	5.0	19696.067902000003	19697.114653000004	19698.249713000005	19698.901940000003	19695.186152000002	19697.497870000003			1.0	2.0	0.0	3.0					
19702.571	13.0	trials	5.0	19709.958465000003	19711.782982000004	19713.491411000003	19713.891734000004	19709.326966000004	19712.667110000002	19714.321	19715.571	1.0	1.0	1.0	1.0					
19718.625	8.350999999998749	trials	5.0	19721.868022000002	19723.421383000004	19725.037179000003	19725.408007	19720.882106000005	19723.983961	19725.866	19726.976	1.0	1.0	1.0	1.0					
19729.997	7.3990000000012515	trials	5.0	19733.348479000004	19734.994448000005	19736.573375000004	19736.963393	19732.512653	19735.580822000004			1.0	1.0	0.0	3.0					
19739.941	22.025000000001455	trials	5.0	19758.067832000004	19759.654316000004			19757.317414000005	19759.906333000003	19761.576	19761.832	2.0		1.0	1.0					
19765.487	7.41899999999805	trials	5.0	19767.273399	19768.542674000004	19770.806803000003	19771.271398000004	19766.031484000003	19769.638395	19771.441	19772.906	1.0	1.0	1.0	1.0					
19774.941	8.860000000000582	trials	5.0	19778.399624	19779.798245	19781.812769000004	19782.099620000005	19777.520867000003	19780.581454000003	19782.436	19783.801	1.0	1.0	1.0	1.0					
19785.872	8.324000000000524	trials	5.0	19789.617820000003	19791.186683000004	19793.309741000005	19793.824730000004	19788.899653000004	19791.783307			1.0	1.0	0.0	3.0					
19795.636	9.215000000000146	trials	5.0	19802.009461	19803.301411000004	19804.318429000003	19804.860695000003	19801.067764000003	19803.614992000003			1.0	2.0	0.0	3.0					
19807.646	22.68999999999869	trials	5.0	19825.86341	19827.395423	19829.067496000003	19829.678342000003	19825.166960000002	19828.207120000003			1.0	1.0	0.0	3.0					
19832.396	9.834999999999127	trials	5.0	19838.929966000003	19840.674918000004	19841.623921000002	19842.240295000003	19838.290156000003	19840.954123000003			1.0	2.0	0.0	3.0					
19843.941	35.14099999999962	trials	5.0	19850.083405000005	19851.185324000002	19877.822981000005	19878.162562000005	19849.299808000003	19852.758661000003			1.0	1.0	0.0	3.0					
19880.146	5.720000000001164	trials	5.0	19881.998321000003	19883.617432000003			19880.972471000005	19883.684047000002	19885.536	19885.771	2.0		1.0	1.0					
19888.401	20.0099999999984	trials	5.0	19896.760250000003	19898.664941000003	19907.101946000002	19907.212016000005	19895.842259000005	19899.389129000003			1.0	1.0	0.0	3.0					
19909.489	5.326999999997497	trials	5.0	19911.173098000003	19912.31417			19909.939630000004	19912.650905000002	19914.516	19914.656	2.0		1.0	1.0					
19919.336	8.43500000000131	trials	5.0	19923.899150000005	19925.517820000005			19923.073036	19925.740336000003	19927.419	19927.676	2.0		1.0	1.0					
19932.286	13.288000000000466	trials	5.0	19937.378338000002	19939.46335	19942.711267000002	19943.179817000004	19936.736207	19941.464674000003			1.0	1.0	0.0	3.0					
19947.196	11.145000000000437	trials	5.0	19948.918630000004	19950.383407000005	19953.900842000003	19958.351951000004	19945.583283000004	19950.993109000003			1.0	2.0	0.0	3.0					
19958.501	49.375	trials	5.0	20003.734403000002	20005.585058000004	20007.567532000005	20007.844034	20002.783837000003	20006.824815000004			1.0	2.0	0.0	3.0					
20011.922	7.739000000001397	trials	5.0	20013.649565000003	20015.486054000005	20017.695112	20018.032822000005	20012.597654000005	20016.375371000002	20018.481	20019.661	1.0	1.0	1.0	1.0					
20023.727	11.270000000000437	trials	5.0	20026.136065000002	20028.161725			20025.237665000004	20028.263572000003			2.0		1.0	1.0					
20035.082	4.819000000003143	trials	5.0	20037.052609000002	20038.332892000002	20039.311666	20039.912800000002	20035.00541	20038.494004000004			1.0	2.0	0.0	3.0					
20041.626	11.360000000000582	trials	5.0	20046.439612000002	20047.906118000003	20051.889940000005	20052.995788000004	20045.757872000002	20048.930387000004			1.0	2.0	0.0	3.0					
20055.276	55.25	trials	5.0	20104.825064000004	20105.919659000003	20108.00254	20108.497810000004	20104.029910000005	20107.153720000002	20108.726	20110.526	1.0	1.0	1.0	1.0					
20114.546	6.56000000000131	trials	5.0	20117.280244	20118.589877000002	20120.610829000005	20121.115928000003	20116.459543000004	20119.378729000004			1.0	1.0	0.0	3.0					
20122.946	8.4900000000016	trials	5.0	20126.249426000002	20127.520331000003	20129.638534	20129.918891000005	20125.290629000003	20128.472620000004	20130.306	20131.436	1.0	1.0	1.0	1.0					
20133.487	8.403999999998632	trials	5.0	20137.120373	20139.179671	20141.097377000002	20141.360311000004	20136.230596	20139.950179000003			1.0	1.0	0.0	3.0					
20144.436	6.509999999998399	trials	5.0	20147.285116000003	20148.381242000003			20146.469856000003	20148.679534000003	20150.646	20150.946	2.0		1.0	1.0					
20154.011	14.065000000002328	trials	5.0	20162.480309000002	20163.966142000005	20166.131309000004	20166.430603000004	20161.745533000005	20165.064098000003	20166.788	20168.076	1.0	2.0	1.0	1.0					
20170.122	49.83499999999913	trials	5.0	20217.210218000004	20217.961325000004			20216.46206	20217.952343000004			1.0		0.0	2.0					
20222.967	11.389999999999418	trials	5.0	20231.580401000003	20232.834697000002	20233.714321000003	20234.369770000005	20230.960508000004	20233.160936000004			1.0	2.0	0.0	3.0					
20238.031	6.575000000000728	trials	5.0	20240.788156000002	20242.352642			20240.017768	20242.573279000004	20244.241	20244.387	2.0		1.0	1.0					
20247.136	23.837999999999738	trials	5.0	20265.230987000003	20266.907473000003	20269.009777000003	20269.343159000004	20264.420161000002	20267.886002000003			1.0	2.0	0.0	3.0					
20272.346	5.002999999996973	trials	5.0	20273.920268	20275.344368000002			20270.984861000004	20275.292594000002	20277.122	20277.247	2.0		1.0	1.0					
20279.861	16.770000000000437	trials	5.0	20289.535956000003	20291.087179000002	20294.547883000003	20295.004940000003	20288.813192	20293.313183000002	20295.247	20296.631	1.0	1.0	1.0	1.0					
20298.661	7.695999999999913	trials	5.0	20302.085618000005	20304.032425000005	20305.926683	20306.369704000004	20301.276542000003	20304.667963000004			1.0	1.0	0.0	3.0					
20308.256	8.81499999999869	trials	5.0	20313.425608000005	20315.357896	20316.583895000003	20317.083538000003	20312.58576	20315.634260000003			1.0	2.0	0.0	3.0					
20319.911	9.71099999999933	trials	5.0	20325.887249000003	20327.216935000004			20324.967218	20327.514301000003	20329.276	20329.471	2.0		1.0	1.0					
20333.105	77.15599999999904	trials	5.0	20405.616541000003	20407.224283000003	20408.518877000002	20409.05928	20404.874183000004	20407.549042000002			1.0	2.0	0.0	3.0					
20411.838	7.422999999998865	trials	5.0	20413.597466000003	20413.854122000004	20415.173760000005	20415.695157000002	20410.272596000003	20413.843409000005			1.0		0.0	2.0					
20419.911	4.869999999998981	trials	5.0	20421.496334000003	20422.139768000005	20423.914673000003	20424.795124000004	20419.271588000003	20422.134406000005			1.0		0.0	2.0					
20427.207	7.304000000000087	trials	5.0	20430.840790000002	20432.364062000004	20433.759769000004	20434.077176000003	20429.896441000004	20432.954252000003			1.0	2.0	0.0	3.0					
20436.086	8.920000000001892	trials	5.0	20441.111348000002	20442.179094000003			20440.442225000003	20442.895499000002	20444.582	20444.696	2.0		1.0	1.0					
20449.451	8.0099999999984	trials	5.0	20451.586831000004	20452.749410000004	20455.388824	20455.795638000003	20450.924513	20454.230855	20456.111	20457.461	1.0	1.0	1.0	1.0					
20459.521	8.744999999998981	trials	5.0	20462.996466000004	20464.438414000004	20466.242048000004	20466.574868000003	20461.993610000005	20465.044177000003	20466.852	20468.266	1.0	1.0	1.0	1.0					
20470.346	8.305000000000291	trials	5.0	20474.326271	20476.093440000004			20473.554332000003	20476.445081	20478.296	20478.308	2.0		1.0	1.0					
20483.176	8.28099999999904	trials	5.0	20485.051544	20486.852942000005	20489.217857000003	20489.536586000002	20483.696640000002	20487.587441000003	20489.997	20491.457	1.0	1.0	1.0	1.0					
20495.517	12.150000000001455	trials	5.0	20503.697110000005	20504.860145000002			20503.186532000003	20504.850274000004			2.0		0.0	2.0					
20509.866	5.194999999999709	trials	5.0	20511.937037000003	20513.370056000003	20514.596207000002	20515.073698000004	20507.679551	20513.708230000004			1.0	1.0	0.0	3.0					
20517.921	15.110000000000582	trials	5.0	20530.176449000002	20531.559920000003	20532.596863000002	20533.041596000003	20529.230034000004	20531.954767000003			1.0	2.0	0.0	3.0					
20536.927	8.10399999999936	trials	5.0	20538.756721	20540.342672000002	20544.271078	20545.042022	20538.151690000002	20541.552061000002			1.0	2.0	0.0	3.0					
20548.646	10.3849999999984	trials	5.0	20555.301995	20556.521185000005			20554.635122000003	20556.974255000005			2.0		1.0	1.0					
20561.557	8.868999999998778	trials	5.0	20565.492241000004	20567.178417000003	20569.581720000002	20570.440271000003	20564.834846	20568.370193000002			1.0	1.0	0.0	3.0					
20571.896	5.549999999999272	trials	5.0	20573.723809000003	20575.476422000003	20577.032807000003	20577.457507000003	20572.037710000004	20576.218154000002			1.0	2.0	0.0	3.0					
20580.389	72.42699999999968	trials	5.0	20647.098844000004	20649.01421	20650.083368000003	20650.643114000002	20646.361828000005	20649.320786000004			1.0	2.0	0.0	3.0					
20653.417	8.704999999998108	trials	5.0	20655.382211000004	20656.811864000003	20660.638123000004	20661.380814000004	20653.527287000004	20658.125999000004			1.0	1.0	0.0	3.0					
20664.036	7.346000000001368	trials	5.0	20666.028259000002	20666.770468000002	20670.147767000002	20670.409497000004	20662.132704000003	20666.756812000003			1.0		0.0	2.0					
20672.836	6.9650000000001455	trials	5.0	20674.429575000002	20674.859273000002	20676.045825000005	20676.897468000003	20671.396404000003	20674.852049000005			1.0		0.0	2.0					
20680.866	40.940999999998894	trials	5.0	20716.422713000004	20718.164219000002	20719.563988	20720.055634000004	20715.671181000005	20718.810334	20720.376	20721.807	1.0	1.0	1.0	1.0					
20725.906	8.170000000001892	trials	5.0	20729.188364	20730.786886	20732.120195000003	20732.423485000003	20728.505738000003	20731.297778000004	20732.961	20734.076	1.0	1.0	1.0	1.0					
20737.146	6.054000000000087	trials	5.0	20739.292513000004	20740.939792000005			20738.682161000004	20741.184435000003	20742.856	20743.021	2.0		1.0	1.0					
20746.757	5.383999999998196	trials	5.0	20748.613187000003	20750.145941000002			20747.196989000004	20750.140851000004			1.0		0.0	2.0					
20754.157	7.199000000000524	trials	5.0	20757.667542000003	20758.909235000003	20760.483601000004	20760.804888000002	20756.867728000005	20759.583620000005			1.0	2.0	0.0	3.0					
20762.811	11.164999999997235	trials	5.0	20768.833355000002	20770.449849000004	20772.042746000003	20772.337515000003	20768.073471000003	20770.912949000005	20772.896	20773.976	1.0	1.0	1.0	1.0					
20776.041	7.1599999999998545	trials	5.0	20779.154027000004	20780.699111			20778.371195000003	20780.988932000004	20782.946	20783.156	2.0		1.0	1.0					
20786.727	9.854999999999563	trials	5.0	20792.243155000004	20793.546001000002	20795.850237000002	20796.289618000003	20791.315477000004	20793.895262000002			1.0	1.0	0.0	3.0					
20798.167	9.430000000000291	trials	5.0	20804.632996000004	20806.065178000004	20807.248594000004	20807.601837000002	20804.036011000004	20806.538700000005			1.0	2.0	0.0	3.0					
20811.576	6.864999999997963	trials	5.0	20815.258052000005	20816.535002000004	20817.977618000004	20818.455991000003	20814.411105000003	20816.977373			1.0	1.0	0.0	3.0					
20820.342	12.950000000000728	trials	5.0	20829.783604000004	20831.435428000004	20832.700890000004	20833.307901000004	20829.002304	20831.933551000002			1.0	2.0	0.0	3.0					
20836.091	19.81000000000131	trials	5.0	20852.118196000003	20853.470636000002			20851.325738000003	20853.476033000003	20855.406	20855.901	2.0		1.0	1.0					
20859.921	4.695000000003347	trials	5.0	20862.003226000004	20863.226471	20864.303820000005	20864.603459	20860.361413000002	20863.265693			1.0	2.0	0.0	3.0					
20866.646	6.1009999999987485	trials	5.0	20868.369440000002	20870.249551000004			20867.828394000004	20870.636608000004	20872.417	20872.631	2.0		1.0	1.0					
20876.316	10.12000000000262	trials	5.0	20880.338444000005	20881.654918000004	20883.094882000005	20883.544850000002	20879.359554000002	20882.132725000003			1.0	2.0	0.0	3.0					
20887.462	5.40400000000227	trials	5.0	20889.178409000004	20890.549286			20887.473002000002	20890.792331000004	20892.451	20892.636	2.0		1.0	1.0					
20896.375	12.126000000000204	trials	5.0	20902.670168000004	20904.180239	20906.200826000004	20906.625427000003	20901.830386	20905.074088	20906.861	20908.501	1.0	1.0	1.0	1.0					
20911.521	9.165000000000873	trials	5.0	20916.553131000004	20918.550130000003	20920.112878000004	20920.699651000003	20915.989253000003	20919.034669000004			1.0	1.0	0.0	3.0					
20922.428	8.88300000000163	trials	5.0	20927.798587000005	20929.370533	20930.833973000004	20931.326803000004	20927.206106000005	20930.086541000004			1.0	2.0	0.0	3.0					
20933.151	32.09299999999712	trials	5.0	20962.668927000002	20963.980043000003	20964.867953000004	20965.259807000002	20961.851561000003	20964.306053000004			1.0	2.0	0.0	3.0					
20968.176	13.275000000001455	trials	5.0	20974.364428000004	20975.819632000002	20978.221874000003	20978.715428000003	20973.755376000005	20977.267756			1.0	1.0	0.0	3.0					
20981.536	7.885999999998603	trials	5.0	20983.279511000004	20984.373148000002	20988.950158000003	20989.439474000003	20981.463357000004	20984.368022000002			1.0		0.0	2.0					
20990.386	13.406000000002678	trials	5.0	20998.850343000002	21000.294536	21003.36731	21003.807500000003	20997.856240000005	21002.160383000002			1.0	1.0	0.0	3.0					
21006.706	5.5350000000034925	trials	5.0	21008.909288000003	21010.760330000005	21011.835662000005	21012.256966000004	21008.335649000004	21011.160482000003			1.0	2.0	0.0	3.0					
21014.161	34.29599999999846	trials	5.0	21044.465887000002	21045.895247000004			21043.487684000003	21046.172063			2.0		1.0	1.0					
21051.912	7.243999999998778	trials	5.0	21054.369602000002	21055.4828	21058.443044000003	21058.911908000002	21053.583893000003	21057.557074000004			1.0	1.0	0.0	3.0					
21060.782	4.849000000001979	trials	5.0	21062.829929000003	21064.011042000002	21065.094034	21065.646137000003	21061.698418000004	21064.445408000003			1.0	2.0	0.0	3.0					
21067.453	13.358000000000175	trials	5.0	21074.900147000004	21076.417718000004	21078.710391000004	21079.097684000004	21074.002046	21077.670211000004	21079.321	21080.811	1.0	1.0	1.0	1.0					
21083.831	6.805000000000291	trials	5.0	21086.914490000003	21088.140635000003			21085.925689000003	21088.131614			2.0		0.0	2.0					
21093.146	6.049999999999272	trials	5.0	21095.404817000002	21096.897104000003			21090.651554000004	21097.088215000003			2.0		1.0	1.0					
21103.721	8.534999999999854	trials	5.0	21107.351516000002	21109.008994000003	21110.41598	21110.673020000002	21106.368383000005	21109.331018000004	21111.082	21112.256	1.0	2.0	1.0	1.0					
21114.276	9.779999999998836	trials	5.0	21117.601653	21118.737806000005	21119.823037000002	21120.167686000004	21117.020447000003	21119.131136000004			1.0	2.0	0.0	3.0					
21124.146	7.169999999998254	trials	5.0	21125.940784000002	21127.150211000004	21130.839542	21131.330504000005	21125.265919000005	21129.855944000003			1.0	2.0	0.0	3.0					
21133.151	22.034999999999854	trials	5.0	21147.141341000002	21148.992403000004	21151.711927000004	21152.316226000003	21146.433874000002	21150.597773			1.0	1.0	0.0	3.0					
21156.036	5.7959999999984575	trials	5.0	21158.024981000002	21159.938096	21161.072047	21161.850814000005	21155.203009000004	21160.272368			1.0	2.0	0.0	3.0					
21165.386	20.074000000000524	trials	5.0	21181.155332000002	21182.850857000005	21185.022179000003	21185.473589	21180.491467000003	21184.159553000005			1.0	2.0	0.0	3.0					
21189.351	17.42000000000189	trials	5.0	21202.451520000002	21204.268786000004			21201.890942	21204.617677000002	21206.501	21206.716	2.0		1.0	1.0					
21209.309	8.701999999997497	trials	5.0	21213.315719000002	21215.042234000004	21217.155153000003	21217.459428000002	21212.353157000005	21215.930902000004			1.0	1.0	0.0	3.0					
21219.486	11.056000000000495	trials	5.0	21223.601695000005	21224.868206000003	21227.725912	21228.318362	21222.963845000002	21226.192600000002			1.0	2.0	0.0	3.0					
21232.042	7.789999999997235	trials	5.0	21233.866273000003	21235.886483000002	21238.219295000003	21239.064278	21230.559563000003	21236.297911			1.0	1.0	0.0	3.0					
21242.567	9.309000000001106	trials	5.0	21244.345087	21245.707941000004	21250.017502000002	21250.331422000003	21239.848012000002	21246.107837000003	21250.856	21251.876	1.0	1.0	1.0	1.0					
21254.951	8.609000000000378	trials	5.0	21256.555211000003	21258.162977000004	21260.998219000005	21261.416707000004	21255.734693000002	21259.890366000003			1.0	1.0	0.0	3.0					
