onset	duration	nwb_table	block	tone_on_time	tone_off_time	action_on_time	action_off_time	pokeC_on_time	pokeC_off_time	reward_on_time	reward_off_time	state	action	reward	result	FinishedBlock	FirstTrial	LastTrial	RewardRule_L	RewardRule_R
3.285	1386.645	BlockDesign														1.0	1.0	96.0	50.0	90.0
3.285	4.365	trials	1.0	5.210537000000002	5.533176000000001	5.928533000000002	6.110146000000002	2.8989340000000015	5.530129000000002			1.0		0.0	2.0					
11.68	13.085	trials	1.0	18.609721	20.467841	24.226691000000002	24.764062000000003	18.076	20.692778			1.0	1.0	0.0	3.0					
26.62	10.105	trials	1.0	32.715265	34.14175	35.041046	35.334629	31.733264	34.668404	35.8	36.725	1.0	2.0	1.0	1.0					
40.745	6.43	trials	1.0	44.326660000000004	45.167456			43.604233	45.164471			1.0		0.0	2.0					
49.23	8.485000000000007	trials	1.0	54.120598	55.63725	56.220103	56.481453	53.427422	55.627661			1.0		0.0	2.0					
59.726	14.373999999999995	trials	1.0	70.89510800000001	72.091378	73.632431	74.09938700000001	70.369246	73.27606			1.0	1.0	0.0	3.0					
76.067	18.073000000000008	trials	1.0	85.50565900000001	86.75684	92.569201	93.036231	84.541185	87.447826	93.305	94.14	1.0	1.0	1.0	1.0					
97.16	7.400000000000006	trials	1.0	101.70207500000001	103.24382800000001	104.233759	104.545759	100.882339	103.794658			1.0	1.0	0.0	3.0					
108.567	12.238000000000014	trials	1.0	112.282486	114.111865			111.660991	114.406156			2.0		1.0	1.0					
120.975	15.823000000000008	trials	1.0	133.657197	135.54766	136.415746	136.742408	132.791642	135.934853			1.0	1.0	0.0	3.0					
138.75	11.47999999999999	trials	1.0	146.421227	148.072564	148.957283	149.216486	145.426262	148.535609	149.741	150.23	1.0	2.0	1.0	1.0					
152.25	8.906000000000006	trials	1.0	157.445777	159.143238	159.604244	159.928987	156.737009	159.140044			1.0		0.0	2.0					
163.196	7.699000000000012	trials	1.0	166.720963	168.199363	169.526603	169.788661	166.17754300000001	169.037266	170.255	170.895	1.0	2.0	1.0	1.0					
173.945	9.89500000000001	trials	1.0	180.275606	181.58889200000002	182.416504	182.689228	179.593375	182.036279	183.15	183.84	1.0	1.0	1.0	1.0					
186.885	6.551000000000016	trials	1.0	189.577405	190.817449			188.871031	191.28001700000002			2.0		1.0	1.0					
197.885	8.740000000000009	trials	1.0	202.771385	203.847854	205.172023	205.409872	201.986507	204.686646	205.845	206.625	1.0	2.0	1.0	1.0					
209.685	6.080999999999989	trials	1.0	212.877487	214.82963	215.413924	215.671312	211.900876	214.94970800000002			1.0	1.0	0.0	3.0					
217.776	21.433999999999997	trials	1.0	235.070981	236.543269			234.099212	236.899297	232.656	233.21	2.0		1.0	1.0					
242.696	6.5049999999999955	trials	1.0	245.391409	246.65273	247.836975	248.102246	244.732357	247.341947	248.616	249.201	1.0	2.0	1.0	1.0					
252.269	8.557000000000016	trials	1.0	256.32099500000004	258.26321600000006			255.37810199999998	258.55849			2.0		1.0	1.0					
265.404	6.59699999999998	trials	1.0	267.45715399999995	269.482568			266.459241	269.82052999999996			2.0		1.0	1.0					
276.605	6.024999999999977	trials	1.0	278.441186	280.363033			276.72034399999995	280.497578			2.0		1.0	1.0					
286.196	8.428999999999974	trials	1.0	290.84667	292.32282799999996	293.27299000000005	293.51178100000004	290.30932900000005	292.805694	294.045	294.625	1.0	2.0	1.0	1.0					
297.675	9.865000000000009	trials	1.0	303.51668600000005	305.659124	306.214192	306.45085700000004	302.79810299999997	305.77058	307.055	307.54	1.0	2.0	1.0	1.0					
309.56	7.3349999999999795	trials	1.0	313.268062	314.37367400000005	315.39081699999997	315.65735300000006	312.490718	314.932627	316.1	316.895	1.0	2.0	1.0	1.0					
320.915	6.055000000000007	trials	1.0	323.512064	325.09940500000005	325.85051599999997	326.104517	322.95980699999996	325.40201			1.0	1.0	1.0	1.0					
330.42	9.564999999999998	trials	1.0	335.43747700000006	337.473893			334.785072	337.852251			2.0		1.0	1.0					
344.586	5.824000000000012	trials	1.0	346.49762999999996	347.81828499999995	348.553271	348.825338	344.91680599999995	348.12463	349.326	350.41	1.0	2.0	1.0	1.0					
352.473	8.12700000000001	trials	1.0	357.75263800000005	359.51475800000003	360.27374899999995	360.591685	356.78681300000005	359.798858			1.0	1.0	0.0	3.0					
364.656	16.339	trials	1.0	377.372939	378.570742	379.583177	379.84805200000005	376.690969	379.15406299999995	380.39	380.995	1.0	2.0	1.0	1.0					
384.011	5.498999999999967	trials	1.0	386.11228400000005	387.20570599999996	388.07273899999996	388.356814	385.436237	387.61215200000004	388.741	389.51	1.0	2.0	1.0	1.0					
393.541	4.999000000000024	trials	1.0	396.05235100000004	397.56368699999996	398.220545	398.47150899999997	395.338892	397.72237600000005			1.0	1.0	0.0	3.0					
401.546	6.2590000000000146	trials	1.0	404.082503	405.21899099999996	406.18133	406.43661999999995	403.15592200000003	405.662007	407.005	407.805	1.0	1.0	1.0	1.0					
409.836	9.808999999999969	trials	1.0	416.74393699999996	418.669085	419.20836999999995	419.643649	416.08067800000003	418.62353299999995			1.0	1.0	0.0	3.0					
423.541	15.740000000000009	trials	1.0	436.09362699999997	437.27084	437.75496899999996	438.10441000000003	435.49043600000005	437.26515200000006			1.0		0.0	2.0					
441.336	10.353999999999985	trials	1.0	448.15046199999995	449.6848	450.163283	450.374046	447.193673	449.675798			1.0		0.0	2.0					
453.701	35.428999999999974	trials	1.0	485.14287	486.78950399999997			484.58337200000005	487.01871700000004			2.0		1.0	1.0					
492.63	12.25	trials	1.0	497.43766300000004	499.209979	504.226054	504.88159099999996	496.89394000000004	500.21646799999996			1.0	1.0	0.0	3.0					
507.605	13.309999999999945	trials	1.0	517.2981639999999	518.4038859999999	519.65058	519.8451789999999	516.694981	519.2453469999999	520.385	520.915	1.0	2.0	1.0	1.0					
522.98	7.3799999999999955	trials	1.0	526.893014	528.054891	529.8011349999999	530.360201	526.338398	529.19367			1.0	2.0	0.0	3.0					
532.135	32.10000000000002	trials	1.0	559.9098379999999	561.159199	562.8889869999999	563.148919	559.327044	562.422929	563.555	564.235	1.0	2.0	1.0	1.0					
568.275	6.284999999999968	trials	1.0	570.5583829999999	572.23102			569.659346	572.442938			2.0		1.0	1.0					
577.055	7.253000000000043	trials	1.0	580.178261	581.290611			579.469061	582.185299			2.0		1.0	1.0					
586.86	7.005999999999972	trials	1.0	589.153069	591.03034	592.3711959999999	592.579183	588.561797	591.874295	593.06	593.866	1.0	2.0	1.0	1.0					
597.971	8.719000000000051	trials	1.0	602.8338699999999	604.1029209999999	605.214063	605.438711	602.1867139999999	604.751776	605.985	606.69	1.0	2.0	1.0	1.0					
608.781	8.974000000000046	trials	1.0	613.573259	615.4068579999999	616.242128	616.490014	612.613012	615.735748	616.93	617.755	1.0	2.0	1.0	1.0					
621.822	5.812999999999988	trials	1.0	624.3087459999999	625.995314	627.304024	627.634355	623.791492	626.768791			1.0	1.0	0.0	3.0					
630.676	10.70399999999995	trials	1.0	636.818345	638.5057899999999	639.7687999999999	639.9916479999999	636.173777	639.3055029999999	640.406	641.38	1.0	2.0	1.0	1.0					
644.415	7.576000000000022	trials	1.0	647.2050889999999	649.1003469999999	650.387846	650.673446	646.605099	649.900397	651.165	651.991	1.0	2.0	1.0	1.0					
655.055	7.800000000000068	trials	1.0	659.113256	660.245875			658.150307	660.66498			2.0		1.0	1.0					
667.285	17.096000000000004	trials	1.0	679.9239309999999	681.815427			679.210408	682.097594			2.0		1.0	1.0					
687.973	6.357000000000085	trials	1.0	689.6671269999999	691.6765389999999	692.829032	693.059835	688.378069	692.3437789999999	693.625	694.33	1.0	2.0	1.0	1.0					
696.39	12.080000000000041	trials	1.0	700.049177	701.9412669999999			699.110636	702.143138			2.0		1.0	1.0					
708.735	5.7450000000000045	trials	1.0	710.638949	711.957173			708.4698559999999	712.2384529999999			2.0		1.0	1.0					
717.985	7.1749999999999545	trials	1.0	721.1790579999999	723.131051	724.0299	724.2140479999999	720.2672709999999	723.573094			1.0	1.0	1.0	1.0					
728.615	14.086000000000013	trials	1.0	735.7787589999999	737.4731919999999			735.1661809999999	737.463742			2.0		0.0	2.0					
743.538	16.886999999999944	trials	1.0	755.309759	756.400845	758.3566959999999	758.5923799999999	754.60642	757.948276			2.0		0.0	4.0					
763.438	14.731999999999971	trials	1.0	773.304763	774.5634309999999	775.789043	776.0645949999999	772.36921	775.408808			1.0	1.0	0.0	3.0					
779.15	11.57000000000005	trials	1.0	786.959893	788.2023469999999			786.426785	788.5168209999999			2.0		1.0	1.0					
795.286	4.760000000000105	trials	1.0	797.229299	799.0378989999999	799.666894	799.9956189999999	796.017439	799.161208			1.0	1.0	0.0	3.0					
802.001	11.904999999999973	trials	1.0	809.699171	810.798727	812.574004	812.797235	809.0984139999999	812.103443	813.385	813.906	1.0	2.0	1.0	1.0					
817.925	7.7450000000000045	trials	1.0	821.596055	822.8426499999999			821.05112	823.559681			2.0		1.0	1.0					
830.165	5.889999999999986	trials	1.0	832.585364	834.189728	834.665253	834.869633	831.658232	834.23915	835.425	836.055	1.0	1.0	1.0	1.0					
840.117	7.173000000000002	trials	1.0	844.710239	845.866077	846.970225	847.160089	844.003017	846.532143			1.0	1.0	0.0	3.0					
850.305	17.920000000000073	trials	1.0	864.295624	866.0630629999999	866.739324	866.980492	863.44319	866.394203	867.42	868.225	1.0	2.0	1.0	1.0					
871.175	9.240000000000009	trials	1.0	876.054398	877.4373979999999	878.804357	879.063527	875.232254	878.3407579999999	879.5	880.415	1.0	2.0	1.0	1.0					
883.399	7.076000000000022	trials	1.0	886.125719	887.2571869999999	888.3118489999999	888.751897	885.358577	887.843225	889.39	890.475	1.0	2.0	1.0	1.0					
891.5	13.600000000000023	trials	1.0	901.161755	902.6018349999999	903.5066019999999	903.775582	900.221474	903.0798219999999	904.18	905.1	1.0	2.0	1.0	1.0					
907.165	8.009999999999991	trials	1.0	912.456762	914.132162	914.799275	915.1542559999999	911.8109479999999	914.2257159999999			1.0	1.0	0.0	3.0					
919.164	11.491999999999962	trials	1.0	927.735247	929.236889	930.247934	930.660652	926.79401	929.729108			1.0	2.0	0.0	3.0					
932.58	14.865000000000009	trials	1.0	944.3867829999999	945.79004	947.0723479999999	947.430209	943.696596	946.6128649999999			1.0	1.0	0.0	3.0					
949.45	16.41999999999996	trials	1.0	962.1438519999999	963.422777	964.80155	965.0220909999999	961.589896	964.351648			1.0	2.0	1.0	1.0					
968.449	20.246000000000095	trials	1.0	984.131211	986.0826609999999	987.011801	987.304045	983.2858239999999	986.490341	987.826	988.695	1.0	2.0	1.0	1.0					
992.555	104.3370000000001	trials	1.0	1092.865844	1093.9487179999999	1095.339818	1095.555761	1091.986157	1094.752597	1096.02	1096.892	1.0	2.0	1.0	1.0					
1098.864	21.350999999999885	trials	1.0	1115.856532	1117.848553	1118.655636	1118.893484	1115.006768	1118.152042	1119.43	1120.215	1.0	2.0	1.0	1.0					
1123.236	7.92899999999986	trials	1.0	1128.547054	1129.86994	1130.84743	1131.150745	1127.785787	1130.364052			1.0	1.0	0.0	3.0					
1134.22	14.11999999999989	trials	1.0	1143.847304	1145.803975	1146.639223	1146.933377	1143.003092	1146.137708	1147.47	1148.34	1.0	2.0	1.0	1.0					
1150.269	14.16599999999994	trials	1.0	1160.123324	1161.683558	1162.755221	1162.977658	1159.5421059999999	1162.254583	1163.48	1164.435	1.0	2.0	1.0	1.0					
1166.455	17.621000000000095	trials	1.0	1180.913562	1182.883816	1183.744666	1184.027008	1180.312156	1183.238696			1.0	1.0	0.0	3.0					
1187.13	8.129999999999882	trials	1.0	1191.882142	1192.893644	1193.795014	1194.04717	1191.198383	1193.356849	1194.741	1195.26	1.0	2.0	1.0	1.0					
1198.281	6.960000000000036	trials	1.0	1201.374067	1202.643899			1200.603981	1203.052859			2.0		1.0	1.0					
1207.775	6.579999999999927	trials	1.0	1210.642451	1211.938588	1212.716983	1213.022399	1209.7371699999999	1212.2533839999999	1213.505	1214.355	1.0	2.0	1.0	1.0					
1218.361	13.228999999999814	trials	1.0	1220.487265	1222.204192	1230.110884	1230.44153	1219.846165	1222.646485	1230.855	1231.59	1.0	1.0	1.0	1.0					
1234.656	7.06899999999996	trials	1.0	1237.482266	1239.40118			1236.66805	1239.585503			2.0		1.0	1.0					
1244.19	6.550999999999931	trials	1.0	1247.539018	1248.789734	1249.645591	1249.8707689999999	1246.997717	1249.195685	1250.235	1250.245	1.0	2.0	1.0	1.0					
1254.221	10.528999999999996	trials	1.0	1260.39268	1262.349347	1263.1210839999999	1263.4319659999999	1259.404216	1262.631026	1263.845	1264.75	1.0	2.0	1.0	1.0					
1267.81	5.610000000000127	trials	1.0	1270.542886	1271.4159769999999	1271.977924	1272.134801	1269.853766	1271.4073309999999			1.0		0.0	2.0					
1276.43	19.345000000000027	trials	1.0	1290.64244	1291.75457	1294.495241	1294.719173	1289.858143	1293.190637			1.0	2.0	0.0	3.0					
1296.87	11.740000000000009	trials	1.0	1304.107638	1306.043514			1303.208486	1306.300496			2.0		1.0	1.0					
1312.193	5.45900000000006	trials	1.0	1314.897821	1316.40592	1317.318626	1317.643955	1314.03899	1316.756789			1.0	1.0	0.0	3.0					
1319.656	14.439000000000078	trials	1.0	1330.433264	1331.634664	1333.015235	1333.267217	1329.845618	1332.465995			1.0	2.0	1.0	1.0					
1338.585	6.695999999999913	trials	1.0	1341.362635	1342.9159809999999	1343.774477	1343.966812	1340.7518049999999	1343.2879639999999	1344.495	1345.281	1.0	2.0	1.0	1.0					
1347.257	9.572999999999865	trials	1.0	1352.97298	1354.269769	1355.158645	1355.442107	1352.399524	1354.665973	1355.885	1356.83	1.0	2.0	1.0	1.0					
1360.866	7.594000000000051	trials	1.0	1364.638769	1366.009943	1367.060847	1367.264363	1363.781954	1366.545085	1367.805	1368.46	1.0	2.0	1.0	1.0					
1371.489	8.141000000000076	trials	1.0	1375.532623	1377.066532			1374.536098	1377.370396			2.0		1.0	1.0					
1382.18	7.75	trials	1.0	1385.963755	1387.795634	1388.5297209999999	1388.758282	1385.0099989999999	1388.0717829999999	1389.225	1389.93	1.0	2.0	1.0	1.0					
1393.985	1748.32	BlockDesign														1.0	97.0	211.0	90.0	50.0
1393.985	7.595000000000027	trials	2.0	1396.987808	1398.66527	1399.9229169999999	1400.266537	1396.383932	1399.403413	1394.8	1401.58	1.0	2.0	1.0	1.0					
1404.6	7.330000000000155	trials	2.0	1408.018396	1409.496698	1410.49439	1410.763313	1407.193865	1410.038387	1411.225	1411.93	1.0	2.0	1.0	1.0					
1414.955	6.269999999999982	trials	2.0	1418.433848	1419.837647	1420.875748	1421.231468	1417.751689	1420.322356			1.0	2.0	0.0	3.0					
1423.205	17.060000000000173	trials	2.0	1435.843535	1437.785288	1438.864961	1439.1055509999999	1435.203109	1438.354706	1439.486	1440.265	1.0	2.0	1.0	1.0					
1443.29	6.4650000000001455	trials	2.0	1445.783056	1447.310051	1448.277485	1448.558534	1444.873375	1447.7634229999999	1449.045	1449.755	1.0	1.0	1.0	1.0					
1453.775	9.8599999999999	trials	2.0	1459.408144	1460.661707	1461.85382	1462.03846	1458.461093	1461.3442	1462.67	1463.635	1.0	1.0	1.0	1.0					
1466.435	7.529999999999973	trials	2.0	1469.799116	1471.147612	1472.449983	1472.608196	1468.960607	1471.985398	1473.215	1473.965	1.0	1.0	1.0	1.0					
1478.075	5.974999999999909	trials	2.0	1480.469146	1481.67103	1482.347587	1482.688292	1479.6867	1481.688283	1483.05	1484.05	1.0	1.0	1.0	1.0					
1487.07	8.414999999999964	trials	2.0	1491.179821	1492.975202			1490.535723	1493.374867			2.0		1.0	1.0					
1498.02	7.451000000000022	trials	2.0	1501.339033	1502.712012			1500.6201369999999	1503.21577			2.0		1.0	1.0					
1509.052	7.173000000000002	trials	2.0	1511.993641	1513.705814	1514.66374	1514.866055	1511.440736	1514.143142	1515.355	1516.225	1.0	1.0	1.0	1.0					
1519.245	7.7650000000001	trials	2.0	1523.354102	1524.955702	1525.509158	1525.711267	1522.455055	1524.9522769999999			1.0		0.0	2.0					
1529.063	10.786999999999807	trials	2.0	1535.309313	1536.841261			1534.782833	1537.688077			2.0		1.0	1.0					
1544.425	5.018000000000029	trials	2.0	1546.38466	1548.163484	1549.091359	1549.430551	1545.479458	1548.61241			1.0	2.0	0.0	3.0					
1551.474	29.526000000000067	trials	2.0	1578.129992	1579.6511	1580.678293	1580.9595259999999	1577.161675	1580.209996			1.0	2.0	0.0	3.0					
1583.055	13.185999999999922	trials	2.0	1591.019483	1593.031084	1594.777594	1595.045846	1590.335095	1594.321508	1595.531	1596.241	1.0	1.0	1.0	1.0					
1600.302	5.729000000000042	trials	2.0	1602.000802	1603.660915			1601.436971	1603.931443			2.0		1.0	1.0					
1610.491	5.0750000000000455	trials	2.0	1612.126241	1613.496467	1614.126295	1614.400505	1610.506214	1613.491124			1.0		0.0	2.0					
1617.614	20.120999999999867	trials	2.0	1635.390347	1636.4062059999999	1637.410793	1637.660027	1634.589629	1636.918832			1.0	2.0	0.0	3.0					
1640.76	14.525000000000091	trials	2.0	1651.076255	1652.311486	1653.764356	1654.064612	1650.544643	1653.334721	1654.456	1655.285	1.0	1.0	1.0	1.0					
1657.305	7.9659999999998945	trials	2.0	1661.184964	1662.710732			1660.354042	1663.0927669999999			2.0		1.0	1.0					
1669.835	4.6749999999999545	trials	2.0	1671.865678	1672.5080209999999	1673.076653	1673.261774	1669.99178	1672.5009559999999			1.0		0.0	2.0					
1677.52	13.63000000000011	trials	2.0	1687.074851	1688.651828	1689.679829	1689.912998	1686.361604	1689.239449	1690.59	1691.15	1.0	2.0	1.0	1.0					
1693.17	24.195999999999913	trials	2.0	1712.83001	1714.701605	1715.766087	1716.012173	1712.051042	1715.3258329999999	1716.58	1717.366	1.0	1.0	1.0	1.0					
1719.401	7.7690000000000055	trials	2.0	1723.01105	1724.746723	1725.720911	1725.896669	1722.3413659999999	1725.204452	1726.32	1727.17	1.0	1.0	1.0	1.0					
1731.235	16.185000000000173	trials	2.0	1743.090538	1744.866922			1742.4228739999999	1745.1662			2.0		1.0	1.0					
1749.955	8.403999999999996	trials	2.0	1754.580398	1756.246991			1753.797979	1756.243534			1.0		0.0	2.0					
1760.37	15.315000000000055	trials	2.0	1772.145365	1773.517555	1774.327885	1774.5312979999999	1771.1675089999999	1773.811315	1775.04	1775.685	1.0	2.0	1.0	1.0					
1777.705	11.315000000000055	trials	2.0	1784.801158	1786.793263	1787.5974019999999	1787.857058	1783.901627	1787.104211	1788.29	1789.02	1.0	2.0	1.0	1.0					
1793.045	8.179999999999836	trials	2.0	1797.212684	1798.737419	1799.62513	1799.922374	1796.393977	1799.146594	1800.275	1801.225	1.0	2.0	1.0	1.0					
1804.249	8.66599999999994	trials	2.0	1809.417127	1810.742096	1811.4667299999999	1811.662096	1808.618182	1810.91572	1812.135	1812.915	1.0	1.0	1.0	1.0					
1816.958	5.371999999999844	trials	2.0	1818.5705169999999	1820.102575	1820.9515039999999	1821.154055	1817.890834	1820.462576	1821.645	1822.33	1.0	2.0	1.0	1.0					
1824.39	6.879999999999882	trials	2.0	1828.786039	1829.8734259999999	1830.829273	1831.27601	1827.980963	1830.318385			1.0	2.0	0.0	3.0					
1834.193	12.652000000000044	trials	2.0	1843.131629	1844.872379	1845.4499739999999	1845.634309	1842.375929	1845.052664	1846.16	1846.845	1.0	1.0	1.0	1.0					
1848.866	6.628999999999905	trials	2.0	1851.811139	1853.17492			1851.218171	1853.395655			2.0		1.0	1.0					
1858.01	7.941000000000031	trials	2.0	1862.087936	1863.952436	1864.853372	1865.158792	1861.260293	1863.9412849999999			1.0		0.0	2.0					
1869.96	24.389999999999873	trials	2.0	1890.566344	1891.844971			1890.021232	1892.11852			2.0		1.0	1.0					
1898.96	13.099999999999909	trials	2.0	1907.307832	1909.0778149999999	1910.50426	1910.724614	1906.600478	1910.006062	1911.29	1912.06	1.0	1.0	1.0	1.0					
1914.995	14.615000000000009	trials	2.0	1926.567001	1928.264404	1929.295912	1929.545228	1925.911453	1928.822083			1.0	2.0	0.0	3.0					
1931.62	12.100000000000136	trials	2.0	1939.581494	1940.714146			1938.71903	1941.515261			2.0		1.0	1.0					
1948.241	4.5	trials	2.0	1950.182507	1950.738463	1951.346215	1951.597868	1948.339132	1950.728032			1.0		0.0	2.0					
1955.79	25.944999999999936	trials	2.0	1977.8869339999999	1979.478529			1977.007424	1979.642155			2.0		1.0	1.0					
1985.245	5.305000000000064	trials	2.0	1987.206613	1988.549536	1989.156725	1989.457204	1985.585411	1988.542645			1.0		0.0	2.0					
1993.561	13.683999999999969	trials	2.0	2003.41183	2004.483779			2002.63697	2005.055587			2.0		1.0	1.0					
2009.755	7.77599999999984	trials	2.0	2013.286991	2014.804141	2015.964832	2016.188459	2012.699605	2015.489944	2016.616	2017.531	1.0	1.0	1.0	1.0					
2020.594	7.080999999999904	trials	2.0	2023.932243	2025.678893	2026.306603	2026.4906389999999	2023.191143	2025.661498			1.0		0.0	2.0					
2031.685	17.215000000000146	trials	2.0	2046.0626229999998	2047.442701	2048.572336	2048.827337	2045.1226069999998	2048.0362569999998			1.0	2.0	0.0	3.0					
2052.915	17.389999999999873	trials	2.0	2063.6172109999998	2065.229048	2069.780113	2070.313336	2062.711364	2065.784852			1.0	1.0	0.0	3.0					
2074.145	21.221000000000004	trials	2.0	2091.41209	2092.865113			2090.790755	2093.284625			2.0		1.0	1.0					
2097.89	6.3650000000002365	trials	2.0	2101.402979	2102.654851	2103.940831	2104.184141	2100.680698	2103.378494			1.0	2.0	0.0	3.0					
2107.265	26.93600000000015	trials	2.0	2126.537947	2128.095536	2132.5282429999997	2133.032761	2125.682383	2128.834238	2133.241	2134.201	1.0	1.0	1.0	1.0					
2137.295	6.315000000000055	trials	2.0	2139.1227559999998	2141.155339	2142.064678	2142.260104	2138.54497	2141.62709	2142.695	2143.61	1.0	1.0	1.0	1.0					
2146.67	8.849999999999909	trials	2.0	2151.919294	2153.048135	2153.96584	2154.163084	2151.17563	2153.516123	2154.725	2155.52	1.0	1.0	1.0	1.0					
2158.585	16.644999999999982	trials	2.0	2170.908011	2171.9495229999998	2173.666739	2173.87103	2169.955307	2173.206269	2174.33	2175.23	1.0	1.0	1.0	1.0					
2178.295	6.239999999999782	trials	2.0	2180.5094169999998	2181.935294			2179.878596	2182.234532			2.0		1.0	1.0					
2187.991	7.878999999999905	trials	2.0	2191.573292	2193.359986			2190.727475	2193.703593			2.0		1.0	1.0					
2200.424	20.896000000000186	trials	2.0	2217.203137	2218.756307			2216.567558	2219.107051			2.0		1.0	1.0					
2225.772	6.173000000000229	trials	2.0	2227.755218	2229.27021	2230.220036	2230.467418	2226.4404369999997	2229.720235	2230.906	2231.945	1.0	1.0	1.0	1.0					
2233.885	7.364999999999782	trials	2.0	2237.147786	2238.190191			2236.50697	2238.998327			2.0		1.0	1.0					
2244.73	5.4050000000002	trials	2.0	2246.578484	2247.650315	2248.594242	2248.841015	2245.082102	2248.114094	2249.298	2250.135	1.0	1.0	1.0	1.0					
2252.201	8.054000000000087	trials	2.0	2256.9987929999998	2258.200438			2256.357869	2258.195147			1.0		0.0	2.0					
2263.265	26.460000000000036	trials	2.0	2285.73876	2286.874034	2288.241484	2288.512109	2285.047736	2287.707415	2288.965	2289.725	1.0	2.0	1.0	1.0					
2291.789	6.905999999999949	trials	2.0	2294.755364	2296.00445	2297.253292	2297.471746	2294.089969	2296.735282	2297.915	2298.695	1.0	2.0	1.0	1.0					
2300.726	7.199000000000069	trials	2.0	2304.380279	2305.875823			2303.384248	2305.864367			2.0		0.0	2.0					
2311.935	5.664999999999964	trials	2.0	2313.854298	2315.200621	2316.0496749999998	2316.284027	2312.472884	2315.594578	2316.84	2317.6	1.0	2.0	1.0	1.0					
2321.65	7.769999999999982	trials	2.0	2325.289253	2326.950485	2327.829503	2328.140108	2324.646955	2327.376428	2328.515	2329.42	1.0	2.0	1.0	1.0					
2333.49	17.876000000000204	trials	2.0	2346.944149	2348.938358	2349.490459	2349.842696	2346.086709	2348.921095	2350.406	2351.366	1.0	1.0	1.0	1.0					
2355.185	6.105000000000018	trials	2.0	2357.069029	2358.886694	2359.674969	2359.85946	2355.907344	2359.208698	2360.305	2361.29	1.0	1.0	1.0	1.0					
2363.245	5.555000000000291	trials	2.0	2366.2998939999998	2367.452492	2368.48122	2368.805522	2365.451764	2367.933373			1.0	2.0	0.0	3.0					
2371.8	8.009999999999764	trials	2.0	2377.260077	2378.783117	2379.411962	2379.819014	2376.282827	2378.906851			1.0	1.0	0.0	3.0					
2381.725	18.220000000000255	trials	2.0	2395.560278	2397.445971	2398.261493	2398.479019	2394.811481	2397.772142	2398.895	2399.945	1.0	1.0	1.0	1.0					
2401.9	8.279999999999745	trials	2.0	2405.934587	2407.992188	2408.536364	2408.739812	2405.4070189999998	2407.983005	2409.305	2410.18	1.0	1.0	1.0	1.0					
2414.24	19.315000000000055	trials	2.0	2429.4214	2431.117349	2432.039354	2432.2222269999997	2428.644107	2431.559785	2432.705	2433.555	1.0	1.0	1.0	1.0					
2435.616	7.335000000000036	trials	2.0	2439.789302	2440.892708	2441.49671	2441.698763	2438.926556	2440.881103			1.0		0.0	2.0					
2446.96	39.17500000000018	trials	2.0	2481.841865	2483.612062	2484.642702	2484.854437	2481.031951	2484.233357	2485.325	2486.135	1.0	1.0	1.0	1.0					
2489.21	6.875	trials	2.0	2491.749768	2493.387204	2494.479959	2494.659745	2491.046823	2494.009718	2495.15	2496.085	1.0	1.0	1.0	1.0					
2498.05	34.81999999999971	trials	2.0	2526.373891	2527.966118	2531.289685	2531.620936	2525.793927	2528.305126	2532.14	2532.75	1.0	1.0	1.0	1.0					
2535.959	6.121000000000095	trials	2.0	2538.230353	2539.505821			2537.406767	2539.985885			2.0		1.0	1.0					
2545.52	6.494999999999891	trials	2.0	2547.875387	2549.603909	2550.440776	2550.6650409999997	2547.0669589999998	2550.066089	2551.145	2552.015	1.0	1.0	1.0	1.0					
2555.035	6.075000000000273	trials	2.0	2557.311031	2558.4538039999998	2559.5942919999998	2559.794255	2556.7987669999998	2559.126391	2560.32	2561.11	1.0	1.0	1.0	1.0					
2564.224	32.64599999999973	trials	2.0	2588.660849	2590.470214			2587.705841	2590.90031			2.0		1.0	1.0					
2597.571	3.7739999999998872	trials	2.0	2599.172437	2599.2992169999998	2599.984276	2600.1815659999997	2596.885263	2599.293696			2.0		0.0	2.0					
2604.38	18.360999999999876	trials	2.0	2618.374223	2619.9942459999997			2617.593002	2620.568474			2.0		1.0	1.0					
2626.27	5.878000000000156	trials	2.0	2628.565889	2629.906768	2630.670391	2630.836114	2627.8364619999998	2630.229115	2631.329	2632.148	1.0	1.0	1.0	1.0					
2636.16	17.975000000000364	trials	2.0	2650.46644	2652.083647	2652.85112	2653.068931	2649.871228	2652.391152	2653.666	2654.135	1.0	2.0	1.0	1.0					
2657.245	7.510000000000218	trials	2.0	2661.273767	2662.501752	2663.223466	2663.508461	2660.303854	2662.7677049999998	2663.925	2664.755	1.0	2.0	1.0	1.0					
2666.82	8.664999999999964	trials	2.0	2671.626074	2673.148415	2674.049339	2674.301206	2670.632062	2673.604832	2674.815	2675.485	1.0	2.0	1.0	1.0					
2678.555	8.789999999999964	trials	2.0	2682.436691	2684.162326	2685.422564	2685.765471	2681.490476	2684.924105			1.0	2.0	0.0	3.0					
2688.786	32.608999999999924	trials	2.0	2717.085995	2718.693809	2719.530734	2719.697031	2716.309895	2719.149827	2720.17	2721.395	1.0	1.0	1.0	1.0					
2725.209	5.611000000000331	trials	2.0	2726.892868	2728.398992	2729.305325	2729.427023	2726.38949	2728.860536	2729.925	2730.82	1.0	1.0	1.0	1.0					
2732.84	8.754999999999654	trials	2.0	2738.062724	2739.488461	2740.088548	2740.281748	2737.222042	2739.584398	2740.87	2741.595	1.0	1.0	1.0	1.0					
2743.635	8.355999999999767	trials	2.0	2747.982017	2749.440017			2747.08816	2749.789975			2.0		1.0	1.0					
2756.562	4.719000000000051	trials	2.0	2758.343479	2759.283593	2760.109511	2760.2304679999997	2756.803019	2759.27442			1.0		0.0	2.0					
2765.29	21.29399999999987	trials	2.0	2782.416986	2784.024371			2781.906878	2784.478105			2.0		1.0	1.0					
2789.145	11.394999999999982	trials	2.0	2798.072024	2799.142379	2800.164029	2800.553401	2797.113831	2799.6772419999998			1.0	2.0	0.0	3.0					
2803.535	26.95600000000013	trials	2.0	2826.008779	2827.980508	2829.093544	2829.310945	2825.373731	2828.623907	2829.795	2830.491	1.0	1.0	1.0	1.0					
2834.556	26.784000000000106	trials	2.0	2856.932885	2858.709817	2859.593254	2859.781535	2856.0319719999998	2859.131395	2860.32	2861.34	1.0	1.0	1.0	1.0					
2863.296	7.709000000000287	trials	2.0	2866.867883	2868.345752	2869.367838	2869.669685	2866.132885	2868.901019	2870.245	2871.005	1.0	1.0	1.0	1.0					
2873.099	11.290999999999713	trials	2.0	2880.737443	2881.8349749999998			2879.853848	2882.2605399999998			2.0		1.0	1.0					
2886.91	6.871000000000095	trials	2.0	2889.792393	2891.294066	2892.130754	2892.340239	2889.162737	2891.709895	2892.77	2893.781	1.0	1.0	1.0	1.0					
2897.739	11.68100000000004	trials	2.0	2905.747557	2907.275778	2907.804307	2908.036148	2905.056073	2907.259483	2908.645	2909.42	1.0	1.0	1.0	1.0					
2911.486	7.039000000000215	trials	2.0	2914.87814	2916.530321	2917.222585	2917.275301	2914.055477	2916.520918			1.0		0.0	2.0					
2920.576	25.31399999999985	trials	2.0	2938.049961	2939.745899	2944.376332	2944.614886	2937.308702	2941.073395	2945.025	2945.89	1.0	2.0	1.0	1.0					
2949.969	5.530999999999949	trials	2.0	2952.377992	2954.10511	2955.18404	2955.474331	2951.809007	2954.68199			1.0	2.0	0.0	3.0					
2959.553	9.092000000000098	trials	2.0	2964.439115	2965.994647	2966.870131	2967.150334	2963.865163	2966.388062	2967.58	2968.645	1.0	1.0	1.0	1.0					
2971.67	8.44900000000007	trials	2.0	2976.023189	2977.954715	2978.477197	2978.695379	2975.364704	2977.987108	2979.275	2980.119	1.0	1.0	1.0	1.0					
2982.225	11.200000000000273	trials	2.0	2989.333409	2991.084068	2991.558879	2991.804527	2988.703475	2991.017686	2992.281	2993.425	1.0	1.0	1.0	1.0					
2995.326	9.713999999999942	trials	2.0	3001.388988	3002.995367			3000.825267	3002.98966			1.0		0.0	2.0					
3009.047	56.422999999999774	trials	2.0	3058.8817559999998	3060.147944	3063.974642	3064.347261	3058.33652	3060.6972	3064.765	3065.47	1.0	1.0	1.0	1.0					
3067.531	7.704000000000178	trials	2.0	3070.617909	3072.664182			3070.019592	3073.025278			2.0		1.0	1.0					
3079.695	16.005999999999858	trials	2.0	3091.566339	3092.7976679999997	3093.9967429999997	3094.202275	3090.63	3093.505068	3094.71	3095.701	1.0	1.0	1.0	1.0					
3098.617	7.38799999999992	trials	2.0	3102.033332	3103.733109	3104.371243	3104.637201	3101.078199	3103.876821	3105.215	3106.005	1.0	1.0	1.0	1.0					
3109.04	7.286000000000058	trials	2.0	3112.34703	3114.075468	3114.734969	3115.03179	3111.7892699999998	3114.318624	3115.515	3116.326	1.0	1.0	1.0	1.0					
3120.415	10.019999999999982	trials	2.0	3126.386994	3127.918535			3125.676224	3128.38154			2.0		1.0	1.0					
3133.957	8.347999999999956	trials	2.0	3139.801983	3141.552272	3142.14314	3142.3047149999998	3139.2124049999998	3141.661777			1.0	1.0	0.0	3.0					
3146.495	571.065	BlockDesign														1.0	212.0	246.0	50.0	10.0
3146.495	22.059999999999945	trials	3.0	3165.368604	3166.914429	3168.220734	3168.4032349999998	3164.570312	3167.7485779999997			1.0	1.0	0.0	3.0					
3172.57	12.355000000000018	trials	3.0	3182.318936	3183.392793	3184.584814	3184.847115	3181.641776	3184.0719019999997			1.0	2.0	0.0	3.0					
3186.935	11.849999999999909	trials	3.0	3194.731829	3195.8295909999997	3197.001306	3197.283678	3193.992015	3196.58789	3197.71	3198.785	1.0	1.0	1.0	1.0					
3201.59	6.179999999999836	trials	3.0	3204.737172	3206.523629	3207.449757	3207.767598	3204.223435	3207.005466			1.0	1.0	0.0	3.0					
3209.745	34.11000000000013	trials	3.0	3238.44225	3239.601495	3243.235361	3243.853391	3237.567213	3240.254322			1.0	1.0	0.0	3.0					
3245.585	31.90000000000009	trials	3.0	3274.284083	3276.0397829999997	3277.1659879999997	3277.4550209999998	3273.597335	3276.683231			1.0	2.0	0.0	3.0					
3280.495	8.720000000000255	trials	3.0	3285.187896	3286.320893	3287.638376	3287.8938479999997	3284.627445	3287.166296	3283.451	3289.215	1.0	1.0	1.0	1.0					
3291.281	7.954000000000178	trials	3.0	3295.267699	3296.40656	3297.538316	3297.800589	3294.670599	3297.0433319999997	3298.335	3299.235	1.0	1.0	1.0	1.0					
3301.105	8.346000000000004	trials	3.0	3304.998341	3306.834822			3304.2082219999998	3307.221792			2.0		1.0	1.0					
3313.943	6.181999999999789	trials	3.0	3316.112825	3317.825903	3318.6403849999997	3318.864192	3315.1206119999997	3318.145943	3319.366	3320.125	1.0	1.0	1.0	1.0					
3324.15	8.170000000000073	trials	3.0	3328.433169	3329.595092	3330.748154	3331.0294409999997	3327.91064	3330.221811	3331.451	3332.32	1.0	1.0	1.0	1.0					
3335.385	24.309999999999945	trials	3.0	3355.9686619999998	3357.626088			3355.311287	3357.6189719999998			1.0		0.0	2.0					
3363.745	11.88000000000011	trials	3.0	3371.42379	3373.055719			3370.640939	3373.4453009999997			2.0		1.0	1.0					
3380.201	7.289999999999964	trials	3.0	3384.273851	3385.485498			3383.400801	3385.478702			1.0		0.0	2.0					
3389.525	18.360000000000127	trials	3.0	3404.3840179999997	3405.875855	3406.502289	3406.6124529999997	3403.786647	3405.8671799999997			1.0		0.0	2.0					
3410.891	9.494000000000142	trials	3.0	3416.053788	3417.811349			3415.145474	3418.186304			2.0		1.0	1.0					
3422.906	6.179000000000087	trials	3.0	3426.348552	3427.846311	3428.749625	3428.938601	3425.586219	3428.224367			1.0	1.0	0.0	3.0					
3432.137	17.31399999999985	trials	3.0	3445.660535	3446.943213			3444.6545	3447.222294			2.0		1.0	1.0					
3453.989	5.485999999999876	trials	3.0	3456.584109	3457.7984149999997	3459.144426	3459.311005	3455.6525039999997	3458.6490559999997			1.0	1.0	0.0	3.0					
3461.486	27.289000000000215	trials	3.0	3485.6953949999997	3487.332878	3488.44384	3488.712072	3485.033583	3487.88658			1.0	2.0	0.0	3.0					
3491.835	14.784999999999854	trials	3.0	3502.0690489999997	3503.520602	3504.890115	3505.261853	3501.181856	3504.490698	3505.59	3506.62	1.0	1.0	1.0	1.0					
3509.665	9.675000000000182	trials	3.0	3515.08057	3517.003061	3517.858136	3518.060381	3514.296092	3517.3564499999998	3518.605	3519.34	1.0	1.0	1.0	1.0					
3522.36	12.829999999999927	trials	3.0	3531.574283	3533.415612	3534.780342	3535.193604	3530.978941	3534.255567			1.0	1.0	0.0	3.0					
3538.156	14.028999999999996	trials	3.0	3547.794651	3549.11622			3547.0440519999997	3550.000418			2.0		1.0	1.0					
3554.641	11.309999999999945	trials	3.0	3562.7613189999997	3564.497892	3565.578813	3565.9236739999997	3561.9084439999997	3564.946511			1.0	2.0	0.0	3.0					
3569.951	20.5	trials	3.0	3586.654479	3587.9378349999997			3585.749766	3588.3597179999997			2.0		1.0	1.0					
3592.995	9.420000000000073	trials	3.0	3598.199525	3599.7471689999998	3600.753782	3600.95734	3597.31707	3600.179106	3601.465	3602.415	1.0	1.0	1.0	1.0					
3604.445	7.894999999999982	trials	3.0	3608.6957039999998	3609.775994			3608.046618	3610.204494			2.0		1.0	1.0					
3616.92	7.7199999999998	trials	3.0	3620.385876	3621.807281			3619.657922	3622.479714			2.0		1.0	1.0					
3628.132	8.483999999999924	trials	3.0	3633.485077	3634.557155			3632.579421	3634.554473			2.0		0.0	2.0					
3640.622	6.972999999999956	trials	3.0	3643.435112	3645.031548			3642.478569	3645.439639			2.0		1.0	1.0					
3650.12	13.5	trials	3.0	3660.70693	3661.851294	3663.308376	3663.559295	3660.066174	3662.768694			1.0	2.0	0.0	3.0					
3667.626	14.733999999999924	trials	3.0	3676.720634	3678.3057289999997	3679.545395	3679.839197	3675.814362	3678.96506	3680.31	3682.36	1.0	1.0	1.0	1.0					
3684.425	20.404999999999745	trials	3.0	3700.662201	3702.4987819999997	3703.358969	3703.563096	3700.014419	3702.899673	3704.076	3704.83	1.0	1.0	1.0	1.0					
3706.89	10.670000000000073	trials	3.0	3713.2706909999997	3714.486179	3715.728971	3715.990124	3712.477634	3715.1447279999998	3716.52	3717.56	1.0	1.0	1.0	1.0					
3721.585	5533.015	BlockDesign														1.0	247.0	474.0	10.0	50.0
3721.585	6.139999999999873	trials	4.0	3724.8015	3725.817022	3727.387408	3727.5755369999997	3724.092519	3726.954284			1.0	1.0	0.0	3.0					
3730.786	10.579999999999927	trials	4.0	3735.162363	3736.677818	3738.184481	3738.421977	3734.395552	3737.592123			1.0	2.0	0.0	3.0					
3741.56	7.266000000000076	trials	4.0	3745.486608	3747.431128	3748.5009959999998	3748.665929	3744.7481639999996	3748.015731			1.0	1.0	0.0	3.0					
3750.84	15.379999999999654	trials	4.0	3758.280756	3759.933707	3765.495171	3766.223454	3757.40579	3760.529978			1.0	1.0	0.0	3.0					
3767.83	19.576000000000022	trials	4.0	3782.311534	3783.579855			3781.683317	3785.3094499999997			2.0		1.0	1.0					
3791.87	6.809999999999945	trials	4.0	3794.72148	3796.61926	3798.356307	3798.601194	3793.907745	3797.036082			1.0	1.0	0.0	3.0					
3800.69	14.24499999999989	trials	4.0	3811.825848	3813.539348	3814.613121	3814.880552	3810.90935	3814.0782689999996			1.0	2.0	0.0	3.0					
3818.945	16.64599999999973	trials	4.0	3831.251865	3832.832418			3830.632104	3833.4035999999996			2.0		1.0	1.0					
3838.201	6.130000000000109	trials	4.0	3841.63181	3842.678453	3843.950606	3844.1751759999997	3840.659515	3843.464078			1.0	1.0	0.0	3.0					
3846.385	10.264999999999873	trials	4.0	3852.901771	3854.077898			3852.322868	3854.483607			2.0		1.0	1.0					
3859.149	9.30600000000004	trials	4.0	3864.467064	3866.13853			3863.50806	3866.235302			2.0		1.0	1.0					
3872.95	14.470000000000255	trials	4.0	3883.601523	3885.473635	3887.105796	3887.2937309999998	3883.04597	3886.5743359999997			1.0	1.0	0.0	3.0					
3890.43	10.820000000000164	trials	4.0	3896.757123	3898.440042	3899.623899	3899.825256	3896.137364	3899.110463	3900.25	3901.25	1.0	1.0	1.0	1.0					
3905.281	6.179000000000087	trials	4.0	3908.347112	3909.45725			3907.44909	3909.449018			1.0		0.0	2.0					
3913.471	12.644999999999982	trials	4.0	3922.971945	3924.346602	3925.790868	3925.976456	3922.380035	3925.377509			1.0	1.0	0.0	3.0					
3928.126	32.57499999999982	trials	4.0	3956.467613	3958.038928	3960.390415	3960.575501	3955.890432	3959.9492929999997			1.0	1.0	0.0	3.0					
3964.71	20.409999999999854	trials	4.0	3980.788769	3982.276337			3980.1931369999998	3982.99068			2.0		1.0	1.0					
3988.601	10.853999999999814	trials	4.0	3996.2649499999998	3997.486265	3999.141279	3999.390183	3995.6181859999997	3998.639653			1.0	1.0	0.0	3.0					
4002.465	11.610999999999876	trials	4.0	4009.9424369999997	4011.514479			4008.953669	4011.926105			2.0		1.0	1.0					
4017.595	7.1150000000002365	trials	4.0	4021.55322	4023.32415	4024.285887	4024.712885	4020.609101	4023.801113			1.0	1.0	0.0	3.0					
4027.625	16.204999999999927	trials	4.0	4040.6928	4041.809598	4043.508602	4043.695595	4039.992962	4042.98296			1.0	2.0	0.0	3.0					
4047.84	11.009000000000015	trials	4.0	4055.477693	4057.306305	4058.512886	4058.685896	4054.623048	4058.095589			1.0	1.0	0.0	3.0					
4062.87	72.56500000000051	trials	4.0	4131.173516	4132.6346730000005	4134.036021	4134.293677	4130.553653	4133.535506	4134.775	4135.435	1.0	2.0	1.0	1.0					
4138.455	6.029999999999745	trials	4.0	4141.903507999999	4143.017055	4144.156360999999	4144.432097	4141.038834	4143.600887			1.0	2.0	0.0	3.0					
4147.501	9.514000000000124	trials	4.0	4153.892115	4155.162074	4156.696485	4156.982555	4153.19118	4156.196441			1.0	1.0	0.0	3.0					
4159.025	11.910000000000764	trials	4.0	4167.790265	4169.605235	4170.462708	4170.938072	4166.941228	4169.963926			1.0	2.0	0.0	3.0					
4173.745	14.56500000000051	trials	4.0	4185.049512	4186.436088	4187.993061	4188.259821	4184.489020999999	4187.570632999999			1.0	1.0	0.0	3.0					
4191.366	37.4340000000002	trials	4.0	4224.880548	4226.215307			4224.1134569999995	4226.472234			2.0		1.0	1.0					
4231.25	7.625	trials	4.0	4234.564248	4236.059334			4233.833904	4236.606962			2.0		1.0	1.0					
4241.328	7.256999999999607	trials	4.0	4245.08928	4247.065782	4248.264338999999	4248.476234	4244.531129999999	4247.612732			1.0	1.0	0.0	3.0					
4252.637	18.293000000000575	trials	4.0	4267.969862	4269.851027	4270.655436	4270.905067	4267.183073	4270.168206			1.0	1.0	0.0	3.0					
4272.956	15.519000000000233	trials	4.0	4283.585648	4285.55606	4287.05444	4287.216102	4282.912176	4286.461671999999	4287.745	4288.475	1.0	2.0	1.0	1.0					
4291.505	7.735999999999876	trials	4.0	4294.769979	4296.456392	4297.695408	4297.896044	4293.992357	4297.045341	4298.491	4299.241	1.0	2.0	1.0	1.0					
4302.162	8.643000000000029	trials	4.0	4307.734403	4309.269048	4310.384016	4310.810681999999	4307.169195	4309.889883			1.0	2.0	0.0	3.0					
4312.71	22.104999999999563	trials	4.0	4331.639799	4333.469354	4334.487411	4334.783015	4330.705914	4333.957686			1.0	1.0	0.0	3.0					
4336.867	17.547999999999774	trials	4.0	4349.880765	4351.35532			4349.21528	4352.228894			2.0		1.0	1.0					
4356.91	6.277000000000044	trials	4.0	4359.885317	4361.257088	4362.865484	4363.134443999999	4359.147765	4362.272413			1.0	2.0	0.0	3.0					
4366.245	11.661000000000058	trials	4.0	4373.77022	4374.887613			4373.00109	4375.716483			2.0		1.0	1.0					
4382.455	5.654999999999745	trials	4.0	4384.990098	4386.108593			4384.063265	4386.105004999999			2.0		0.0	2.0					
4391.12	25.08100000000013	trials	4.0	4413.315197	4415.187545	4415.808953	4416.208191	4412.548184	4415.155316			1.0	1.0	0.0	3.0					
4419.13	20.070999999999913	trials	4.0	4432.860152	4434.087509999999	4438.539462	4439.207591	4431.933523	4434.708066			1.0	1.0	0.0	3.0					
4442.866	9.179000000000087	trials	4.0	4449.180705	4450.491923	4451.730981	4452.022074	4448.628987	4451.266443			1.0	2.0	0.0	3.0					
4456.055	14.734999999999673	trials	4.0	4465.381164	4466.704211	4468.677894	4468.99137	4464.670040999999	4468.1321			1.0	2.0	0.0	3.0					
4473.015	15.810999999999694	trials	4.0	4484.882093	4486.260722999999			4484.2322779999995	4486.539227			2.0		1.0	1.0					
4493.35	6.768000000000029	trials	4.0	4495.837743	4497.166943	4498.661909	4498.909974	4495.272432	4498.055877	4499.46	4500.118	1.0	2.0	1.0	1.0					
4502.055	7.625	trials	4.0	4506.370377	4508.256599	4509.305373	4509.690063	4505.486505	4508.649348			1.0	2.0	0.0	3.0					
4512.67	9.445999999999913	trials	4.0	4518.990707999999	4520.872259	4521.791346	4522.102895	4518.185638999999	4521.2883409999995			1.0	1.0	0.0	3.0					
4525.125	15.885000000000218	trials	4.0	4535.850977	4537.343301	4539.587423	4539.849746	4535.141184	4538.309922	4540.35	4541.01	1.0	2.0	1.0	1.0					
4545.07	5.555000000000291	trials	4.0	4547.642544	4548.822591	4550.3060669999995	4550.618264	4547.0799289999995	4549.71885			1.0	1.0	0.0	3.0					
4552.635	19.284999999999854	trials	4.0	4567.418313	4568.747769	4570.503375	4570.729287	4566.863768	4569.930645	4571.195	4571.92	1.0	2.0	1.0	1.0					
4573.991	9.194000000000415	trials	4.0	4580.561219	4581.582764	4582.804707	4583.191406	4579.829909	4582.177167			1.0	2.0	0.0	3.0					
4587.134	17.483000000000175	trials	4.0	4601.186624	4602.488256	4604.245142	4604.605934	4600.547487	4603.74866			1.0	1.0	0.0	3.0					
4606.57	71.4350000000004	trials	4.0	4673.387651	4674.788533	4676.110886	4676.536975999999	4672.635317	4675.526030999999	4676.84	4678.005	1.0	1.0	1.0	1.0					
4680.031	8.585000000000036	trials	4.0	4684.121946	4686.041534	4687.505639999999	4687.841198	4683.265845	4686.916529			1.0	1.0	0.0	3.0					
4691.83	11.015000000000327	trials	4.0	4700.206967	4701.349085	4702.5284520000005	4702.8306840000005	4699.290513	4702.006754			1.0	2.0	0.0	3.0					
4706.853	19.49200000000019	trials	4.0	4721.293802	4723.12377	4724.409444	4724.687594	4720.737617	4723.8795709999995			1.0	1.0	0.0	3.0					
4727.735	20.015000000000327	trials	4.0	4742.437301	4743.604397	4747.280934	4747.759841	4741.445366	4744.572414			1.0	1.0	0.0	3.0					
4749.616	20.493999999999687	trials	4.0	4766.052693	4767.549734			4765.107083	4768.0365839999995			2.0		1.0	1.0					
4774.599	9.105999999999767	trials	4.0	4776.662815	4778.485565	4782.865718999999	4783.715722	4776.050813	4779.3274440000005			1.0	1.0	0.0	3.0					
4785.195	9.240000000000691	trials	4.0	4790.013344	4791.17208			4789.391597	4792.300908			2.0		1.0	1.0					
4796.955	8.954999999999927	trials	4.0	4802.6830279999995	4803.753898999999	4805.601102	4805.88495	4801.830788	4805.033718			1.0	1.0	0.0	3.0					
4808.92	12.829999999999927	trials	4.0	4817.7682079999995	4819.244258			4816.775015	4819.551762			2.0		1.0	1.0					
4824.29	7.960000000000036	trials	4.0	4827.803421	4829.488218	4830.626285	4830.877434	4826.871011	4830.0402109999995	4831.4	4832.25	1.0	2.0	1.0	1.0					
4836.283	9.306999999999789	trials	4.0	4842.603018	4844.2397	4845.110235	4845.37413	4841.8583739999995	4844.57493			1.0	2.0	0.0	3.0					
4848.455	22.98999999999978	trials	4.0	4868.704496	4869.937562	4871.134672	4871.429226	4868.102138	4870.606049			1.0	2.0	0.0	3.0					
4873.495	19.824999999999818	trials	4.0	4889.038071	4890.163122	4892.258618	4892.523227	4888.421982	4891.579104			1.0	2.0	1.0	1.0					
4897.866	12.085000000000036	trials	4.0	4904.058542	4905.992231	4908.18894	4908.439838	4903.524366	4907.668086			1.0	1.0	0.0	3.0					
4911.525	5.490000000000691	trials	4.0	4913.598845	4915.18737	4916.595132	4917.023301	4912.550964	4915.954842			1.0	1.0	0.0	3.0					
4919.917	20.948999999999614	trials	4.0	4936.7289949999995	4938.574641	4939.455521	4939.724736	4936.081362	4938.984184	4940.134	4940.866	1.0	2.0	1.0	1.0					
4943.927	9.677999999999884	trials	4.0	4949.6393069999995	4951.050329	4952.0885579999995	4952.329466	4948.880564	4951.61747	4952.785	4953.605	1.0	2.0	1.0	1.0					
4956.66	9.855000000000473	trials	4.0	4962.384269	4964.014467			4961.447187	4964.379242			2.0		1.0	1.0					
4970.031	8.279000000000451	trials	4.0	4974.599531	4976.056847	4976.729261	4976.975112	4973.652572	4976.225568	4977.46	4978.31	1.0	2.0	1.0	1.0					
4982.349	9.576000000000022	trials	4.0	4987.623977	4989.051327			4986.899778	4989.6020069999995			2.0		1.0	1.0					
4996.33	7.970000000000255	trials	4.0	4999.989186	5001.730994			4999.055011	5002.066607			2.0		1.0	1.0					
5006.802	9.213000000000648	trials	4.0	5011.689803	5013.365261999999	5014.232937	5014.647377	5011.092735	5013.7308969999995	5015.045	5016.015	1.0	2.0	1.0	1.0					
5019.92	12.425000000000182	trials	4.0	5029.189409	5031.019494	5032.0352060000005	5032.2338	5028.454338	5031.435695			1.0	2.0	0.0	3.0					
5035.355	15.00500000000011	trials	4.0	5047.13984	5049.141283999999	5050.031588	5050.342301	5046.28136	5049.472236			1.0	2.0	0.0	3.0					
5052.385	11.699999999999818	trials	4.0	5061.046425	5062.5116	5063.779353	5063.992878	5060.4563689999995	5063.250653			1.0	1.0	0.0	3.0					
5067.137	20.58300000000054	trials	4.0	5083.546028	5085.14621			5082.571103	5085.459306			2.0		1.0	1.0					
5090.178	7.242000000000189	trials	4.0	5093.954367	5095.967516	5097.116816	5097.323855	5093.151803	5096.557017			1.0	2.0	0.0	3.0					
5099.474	38.93199999999979	trials	4.0	5134.459605	5135.7941900000005	5136.832931999999	5137.073514	5133.456204	5136.288095	5137.531	5138.406	1.0	2.0	1.0	1.0					
5141.425	6.960000000000036	trials	4.0	5144.108241	5145.883277			5143.41911	5146.183179			2.0		1.0	1.0					
5151.958	7.493000000000393	trials	4.0	5155.650541999999	5156.896685			5154.790653	5157.336894			2.0		1.0	1.0					
5163.04	9.74499999999989	trials	4.0	5168.620545	5170.267376	5171.261566	5171.503068	5167.787375	5170.6973849999995	5171.985	5172.785	1.0	2.0	1.0	1.0					
5174.847	7.235000000000582	trials	4.0	5179.619981	5180.742195999999	5181.696859	5182.094772	5179.074712	5181.159774			1.0	2.0	0.0	3.0					
5185.033	17.817000000000007	trials	4.0	5199.885665	5201.124023	5202.537908	5202.78482	5199.161096	5201.998674			1.0	1.0	0.0	3.0					
5206.857	6.288000000000466	trials	4.0	5210.240718	5211.389145	5212.8065879999995	5213.155522999999	5209.246655999999	5212.278896			1.0	2.0	0.0	3.0					
5215.13	20.800000000000182	trials	4.0	5233.150538	5234.291638	5235.670902	5235.920178	5232.248589999999	5235.075197			1.0	1.0	0.0	3.0					
5239.94	64.35100000000057	trials	4.0	5299.710644	5301.539919			5299.17942	5302.266777			2.0		1.0	1.0					
5308.805	6.014999999999418	trials	4.0	5311.314834	5313.27723	5314.507254	5314.767411	5310.713973	5313.949411			1.0	1.0	0.0	3.0					
5316.83	7.4909999999999854	trials	4.0	5321.092284	5322.198023999999	5323.966259	5324.332274	5320.538868	5323.362462			1.0	2.0	0.0	3.0					
5328.281	12.787000000000262	trials	4.0	5335.601570999999	5337.670994	5338.681032	5338.970216	5334.803819	5338.107368999999			1.0	1.0	0.0	3.0					
5343.01	26.090000000000146	trials	4.0	5364.836216	5366.598610999999			5364.242472	5367.093790999999			2.0		1.0	1.0					
5371.616	8.448999999999614	trials	4.0	5375.57658	5377.091092000001	5378.6381280000005	5378.875821	5375.01273	5377.898775	5379.33	5380.065	1.0	2.0	1.0	1.0					
5384.085	8.530999999999949	trials	4.0	5388.277193	5390.306898	5391.146032000001	5391.347441	5387.405369	5390.562227	5391.88	5392.616	1.0	2.0	1.0	1.0					
5396.684	10.630999999999403	trials	4.0	5402.788181	5404.591815	5405.553644	5405.816583	5402.2131	5404.940281	5406.21	5407.315	1.0	2.0	1.0	1.0					
5410.218	8.317000000000007	trials	4.0	5415.633671	5416.998238	5418.069216	5418.5513	5414.941208	5417.558521999999			1.0	2.0	0.0	3.0					
5420.4	15.140000000000327	trials	4.0	5430.758564	5432.428803	5433.729509	5434.027763	5430.022641	5433.167727	5434.43	5435.54	1.0	1.0	1.0	1.0					
5438.56	7.579999999999927	trials	4.0	5442.791918999999	5444.819296	5445.824705999999	5446.1366	5441.87526	5445.271259			1.0	1.0	0.0	3.0					
5448.19	627.1360000000004	trials	4.0	6071.526288	6072.8275570000005			6070.669908	6073.185882			2.0		1.0	1.0					
6078.855	6.8100000000004	trials	4.0	6082.61543	6084.399652	6085.360871999999	6085.612905	6081.607791	6084.702713000001			1.0	1.0	0.0	3.0					
6088.717	18.343000000000757	trials	4.0	6102.381041000001	6104.436165	6105.5008020000005	6105.736898	6101.670190999999	6104.961257	6091.265	6107.06	1.0	2.0	1.0	1.0					
6111.085	7.755000000000109	trials	4.0	6115.696	6117.295	6118.5	6118.79	6114.98	6117.953			1.0	2.0	0.0	3.0					
6120.85	14.55999999999949	trials	4.0	6132.343621000001	6133.583009000001	6135.081821000001	6135.357784000001	6131.694977	6134.52962			1.0	1.0	0.0	3.0					
6137.42	13.635000000000218	trials	4.0	6147.069683000001	6148.624939	6150.736043000001	6151.056335	6146.345	6150.08124			1.0	1.0	0.0	3.0					
6153.07	27.9350000000004	trials	4.0	6176.928538	6178.563887	6180.678921000001	6180.944177	6176.140483	6180.044674000001			1.0	2.0	0.0	3.0					
6185.012	24.557999999999993	trials	4.0	6195.004040000001	6196.538367	6209.172949000001	6209.572032000001	6194.415587	6198.754618000001			1.0	1.0	0.0	3.0					
6213.57	62.164999999999964	trials	4.0	6271.644300000001	6272.861279000001			6270.75251	6273.607082			2.0		1.0	1.0					
6280.205	6.045000000000073	trials	4.0	6282.6849600000005	6284.265421000001	6285.925937000001	6286.208072	6281.7845210000005	6285.376049			1.0	1.0	0.0	3.0					
6289.27	14.414999999999964	trials	4.0	6299.9746430000005	6301.369915	6303.372663	6303.619109	6299.307583000001	6302.727881000001			1.0	2.0	0.0	3.0					
6307.741	6.814000000000306	trials	4.0	6310.019273000001	6311.4914180000005			6309.3818120000005	6312.421148			2.0		1.0	1.0					
6317.071	9.045000000000073	trials	4.0	6321.644490000001	6323.481952	6324.604163000001	6324.834467000001	6321.00381	6324.020591	6325.241	6326.116	1.0	2.0	1.0	1.0					
6328.21	9.149999999999636	trials	4.0	6333.138208	6334.994599000001			6332.158256000001	6335.221364000001			2.0		1.0	1.0					
6340.845	8.345999999999549	trials	4.0	6344.859665000001	6346.852283	6348.126771	6348.354604	6344.023732000001	6347.541853000001			1.0	2.0	1.0	1.0					
6352.709	10.451000000000022	trials	4.0	6359.2701400000005	6360.897383	6361.630319000001	6361.846162000001	6358.303988000001	6361.117657000001	6362.315	6363.16	1.0	2.0	1.0	1.0					
6365.217	12.324000000000524	trials	4.0	6373.929027	6375.017649			6372.975788000001	6375.3085630000005			2.0		1.0	1.0					
6382.096	4.5090000000000146	trials	4.0	6384.064867000001	6385.429202	6386.284586000001	6386.576539000001	6382.853257000001	6385.764649000001			1.0	2.0	0.0	3.0					
6390.66	17.390000000000327	trials	4.0	6404.100217	6405.789076000001	6406.722846000001	6406.882001000001	6403.575981000001	6406.221608000001	6407.326	6408.05	1.0	2.0	1.0	1.0					
6410.076	7.394000000000233	trials	4.0	6414.211276000001	6415.296187000001	6416.908541000001	6417.472384000001	6413.687846000001	6416.366804			1.0	2.0	0.0	3.0					
6419.285	11.453999999999724	trials	4.0	6427.342276	6428.866316000001	6430.408313000001	6430.723181	6426.608378000001	6429.7940690000005			1.0	1.0	0.0	3.0					
6432.781	31.989000000000487	trials	4.0	6460.8761540000005	6462.2575750000005			6460.213613000001	6462.759932000001			2.0		1.0	1.0					
6468.287	9.692999999999302	trials	4.0	6472.001243000001	6473.667591	6477.649318000001	6477.966045	6471.336044000001	6474.335108			1.0	1.0	0.0	3.0					
6480.991	7.889000000000124	trials	4.0	6484.270630000001	6485.687195	6487.079138000001	6487.388357000001	6483.313559	6486.429973			1.0	2.0	0.0	3.0					
6490.455	16.434000000000196	trials	4.0	6503.8414250000005	6505.002815000001	6506.504044	6506.892229000001	6502.844303000001	6505.942228000001			1.0	1.0	0.0	3.0					
6509.85	87.61499999999978	trials	4.0	6594.132152	6596.105273	6597.148759000001	6597.408803	6593.329401000001	6596.559134000001			1.0	2.0	0.0	3.0					
6601.475	14.555999999999585	trials	4.0	6612.222438000001	6613.883290000001	6615.715910000001	6615.944176000001	6611.3876900000005	6614.704586000001			1.0	1.0	0.0	3.0					
6619.041	8.248999999999796	trials	4.0	6622.788571000001	6623.979626	6625.466242	6625.875785	6621.8698	6624.912181000001			1.0	2.0	0.0	3.0					
6628.805	11.924999999999272	trials	4.0	6637.731623000001	6638.823132	6640.409813	6640.670529000001	6636.73138	6639.775721000001			1.0	2.0	0.0	3.0					
6642.745	17.855000000000473	trials	4.0	6656.562137000001	6658.233241000001			6655.750334	6658.477613000001			2.0		1.0	1.0					
6665.072	6.778000000000247	trials	4.0	6667.431821	6669.365825000001	6670.241026000001	6670.447907000001	6666.532382	6669.691824	6670.965	6671.85	1.0	2.0	1.0	1.0					
6674.76	6.014999999999418	trials	4.0	6677.802026	6678.9386700000005	6680.4505420000005	6680.753739000001	6677.017046000001	6679.502573000001			1.0	2.0	0.0	3.0					
6683.83	9.845000000000255	trials	4.0	6690.057716	6691.802245000001	6693.340040000001	6693.573402000001	6689.484448	6692.752787			1.0	1.0	0.0	3.0					
6695.695	49.039999999999964	trials	4.0	6741.182393000001	6743.2006440000005	6744.461105	6744.702697000001	6740.433360000001	6743.877874000001			1.0	1.0	0.0	3.0					
6748.79	541.3500000000004	trials	4.0	7286.506773000001	7287.818324000001	7289.821364	7290.093889000001	7285.693769	7289.145953000001			1.0	1.0	0.0	3.0					
7292.156	13.885000000000218	trials	4.0	7301.320855000001	7303.230415			7300.7859020000005	7303.789024000001			2.0		1.0	1.0					
7308.537	10.240999999999985	trials	4.0	7314.8867390000005	7316.274820000001			7314.194417000001	7316.69563			2.0		1.0	1.0					
7322.295	12.989999999999782	trials	4.0	7328.952308000001	7330.685717	7332.245228000001	7332.5166770000005	7328.05687	7331.527498			1.0	2.0	0.0	3.0					
7335.565	11.960000000000036	trials	4.0	7344.311321000001	7345.698350000001	7347.202402000001	7347.463417000001	7343.591558	7346.565745000001			1.0	1.0	0.0	3.0					
7351.535	21.371000000000095	trials	4.0	7368.328297	7370.143274	7372.59471	7372.827424000001	7367.778878000001	7371.314152000001			1.0	2.0	0.0	3.0					
7376.915	6.355000000000473	trials	4.0	7378.616546	7380.463933000001	7381.648796	7381.914383	7378.094822000001	7381.033439000001	7382.461	7383.27	1.0	2.0	1.0	1.0					
7386.105	35.125	trials	4.0	7417.668383	7419.526025000001	7420.903588000001	7421.091603000001	7416.757955000001	7420.294304000001			1.0	2.0	0.0	3.0					
7424.237	39.42399999999998	trials	4.0	7457.991863	7459.529069	7460.982337	7461.342047	7457.043332000001	7460.319452000001	7461.67	7463.661	1.0	1.0	1.0	1.0					
7467.72	6.704999999999927	trials	4.0	7470.11861	7471.875053000001	7474.104303	7474.264777	7469.3166710000005	7473.520850000001			1.0	1.0	0.0	3.0					
7478.48	8.111000000000786	trials	4.0	7482.832025000001	7484.603851000001	7486.241468	7486.561664000001	7482.023711000001	7485.593779000001			1.0	1.0	0.0	3.0					
7488.65	46.01600000000053	trials	4.0	7529.537312	7531.45891	7532.966681000001	7533.2045530000005	7528.838907	7532.478974000001	7533.775	7534.666	1.0	1.0	1.0	1.0					
7536.605	9.600000000000364	trials	4.0	7543.008416000001	7544.4077560000005	7545.898904000001	7546.139967000001	7542.146582	7545.362335000001			1.0	1.0	0.0	3.0					
7549.211	17.6899999999996	trials	4.0	7562.839936	7564.082968000001			7561.931585	7564.776488			2.0		1.0	1.0					
7569.375	6.359999999999673	trials	4.0	7572.662543	7573.954799000001	7575.390937	7575.732593000001	7571.832332000001	7574.763317000001			1.0	2.0	0.0	3.0					
7577.751	14.963999999999942	trials	4.0	7589.603050000001	7590.899987000001	7592.4047390000005	7592.6822440000005	7589.002471000001	7591.918492000001			1.0	1.0	0.0	3.0					
7596.766	20.364000000000487	trials	4.0	7613.59886	7615.480210000001	7616.765851	7617.095168000001	7612.618486	7616.280262			1.0	1.0	0.0	3.0					
7619.085	15.497000000000298	trials	4.0	7631.554109000001	7632.515501000001			7630.703486	7632.50907			1.0		0.0	2.0					
7638.595	24.342999999999847	trials	4.0	7657.079026	7658.980750000001	7662.461543	7662.944222	7656.312049	7659.290785000001			1.0	1.0	0.0	3.0					
7664.831	17.898999999999432	trials	4.0	7678.170452	7680.098378000001	7681.399244	7681.629113000001	7677.2400020000005	7680.859402	7682.1	7682.73	1.0	2.0	1.0	1.0					
7685.795	10.814000000000306	trials	4.0	7692.604217	7694.354042000001			7692.054574000001	7694.562484			2.0		1.0	1.0					
7700.16	9.770000000000437	trials	4.0	7705.215602	7707.425948			7704.612794000001	7707.844723			2.0		1.0	1.0					
7714.487	9.592999999999847	trials	4.0	7719.684373	7721.815825000001			7718.951267	7721.993971000001			2.0		1.0	1.0					
7728.585	5.899000000000342	trials	4.0	7730.413595	7732.120693000001			7729.278277	7732.389674			2.0		1.0	1.0					
7737.945	7.8100000000004	trials	4.0	7742.373643000001	7744.4255060000005	7745.4300220000005	7745.766902	7741.844642	7744.882226000001			1.0	2.0	0.0	3.0					
7747.75	12.859999999999673	trials	4.0	7756.029680000001	7757.886670000001	7759.194674	7759.465493000001	7755.1958	7758.642348			1.0	1.0	0.0	3.0					
7761.54	12.125	trials	4.0	7769.324138000001	7770.562330000001			7768.796281000001	7771.499617			2.0		1.0	1.0					
7777.1	12.8149999999996	trials	4.0	7786.259873000001	7787.990996	7789.560034	7789.925188000001	7785.722357000001	7789.005797000001			1.0	2.0	0.0	3.0					
7792.885	13.065999999999804	trials	4.0	7802.610013	7804.376752	7805.64547	7805.910209000001	7801.815569	7805.0535740000005			1.0	2.0	0.0	3.0					
7808.965	19.086999999999534	trials	4.0	7824.900166	7826.122491	7827.768410000001	7828.064354	7824.053584	7827.214145000001			1.0	2.0	0.0	3.0					
7830.035	13.324999999999818	trials	4.0	7840.399693	7841.671477000001	7843.05676	7843.3714310000005	7839.780805	7842.532666000001			1.0	2.0	0.0	3.0					
7847.37	14.9350000000004	trials	4.0	7859.730601	7860.847414000001	7861.988524	7862.294404	7858.8536890000005	7861.540355000001			1.0	1.0	0.0	3.0					
7864.32	13.480000000000473	trials	4.0	7874.749693000001	7875.880613	7877.484770000001	7877.802224000001	7873.965368000001	7876.982186000001			1.0	1.0	0.0	3.0					
7879.835	22.819000000000415	trials	4.0	7898.334970000001	7899.730991	7901.585443000001	7901.858107	7897.602605	7901.059682000001	7888.315	7891.605	1.0	2.0	1.0	1.0					
7905.165	8.645000000000437	trials	4.0	7910.560663	7912.142291	7913.491487	7913.7851200000005	7909.786160000001	7912.957619000001			1.0	2.0	0.0	3.0					
7917.82	10.07800000000043	trials	4.0	7922.44555	7924.232395000001	7925.72338	7926.015437	7921.699271	7925.088040000001	7926.55	7927.898	1.0	2.0	1.0	1.0					
7930.936	7.324000000000524	trials	4.0	7933.985729	7935.0927950000005	7936.537184000001	7936.846901000001	7933.42039	7936.063910000001	7937.36	7938.26	1.0	1.0	1.0	1.0					
7942.285	7.371000000000095	trials	4.0	7944.842149	7946.360209	7947.863146000001	7948.117873000001	7944.309233000001	7947.325787000001	7948.52	7949.656	1.0	1.0	1.0	1.0					
7951.671	11.833999999999833	trials	4.0	7956.49649	7957.6977130000005			7955.8846920000005	7961.2499020000005			2.0		1.0	1.0					
7968.04	6.954999999999927	trials	4.0	7969.945864	7971.308233000001	7974.958378	7975.008203	7968.504578	7971.303281			2.0		0.0	2.0					
7976.361	16.634000000000015	trials	4.0	7989.560929	7991.188391000001	7992.668123	7992.965767000001	7989.049198000001	7992.0952910000005			1.0	1.0	0.0	3.0					
7997.0	25.145000000000437	trials	4.0	8018.082044000001	8019.278113			8017.14811	8019.889847			2.0		1.0	1.0					
8025.626	7.438999999999396	trials	4.0	8028.692113000001	8030.509216			8027.820269000001	8030.779994			2.0		1.0	1.0					
8035.63	9.30999999999949	trials	4.0	8040.471358000001	8042.371657000001	8043.479261	8043.739004000001	8039.654357	8042.956511	8044.135	8044.94	1.0	2.0	1.0	1.0					
8048.96	10.320999999999913	trials	4.0	8055.592922000001	8056.847506	8057.846836000001	8058.053819000001	8054.894450000001	8057.284631	8058.505	8059.281	1.0	2.0	1.0	1.0					
8062.306	8.819000000000415	trials	4.0	8067.751571000001	8069.5496650000005	8070.799534000001	8071.074608000001	8067.036643	8070.2779550000005			1.0	2.0	0.0	3.0					
8074.135	9.724999999999454	trials	4.0	8079.366895000001	8081.311565	8082.208385000001	8082.495535	8078.380018000001	8081.727131000001	8082.89	8083.86	1.0	2.0	1.0	1.0					
8085.79	22.97100000000046	trials	4.0	8091.9116300000005	8093.478814	8106.121480000001	8106.669505000001	8091.367568000001	8093.406218			1.0	1.0	0.0	3.0					
8110.443	45.021999999999935	trials	4.0	8152.722421	8154.3285860000005	8155.156951000001	8155.453079000001	8151.982658000001	8154.681586000001			1.0	1.0	0.0	3.0					
8157.516	16.800000000000182	trials	4.0	8169.867148000001	8171.231333000001	8173.863368	8174.326968000001	8169.106814000001	8173.264544000001			1.0	1.0	0.0	3.0					
8177.18	46.659999999999854	trials	4.0	8221.107772000001	8222.344259000001	8223.534176000001	8223.814864	8220.495353	8222.787092			1.0	2.0	0.0	3.0					
8225.85	19.174999999999272	trials	4.0	8240.608547	8241.804859	8243.468179	8243.709101	8239.650519	8243.044157	8244.07	8245.025	1.0	2.0	1.0	1.0					
8246.986	9.98399999999856	trials	4.0	8253.173951	8254.420922000001			8252.586088	8254.823128			2.0		1.0	1.0					
8261.461	8.59900000000016	trials	4.0	8265.848168	8267.192319000002	8268.473936	8268.677590000001	8265.199734000002	8268.015578	8269.25	8270.06	1.0	2.0	1.0	1.0					
8273.889	5.876000000000204	trials	4.0	8277.247699	8278.446496	8279.305195	8279.779956	8276.261857000001	8278.816961			1.0	2.0	0.0	3.0					
8281.64	29.860000000000582	trials	4.0	8307.058143	8309.079929	8310.148373	8310.324487	8306.315827	8309.704168	8310.951	8311.5	1.0	2.0	1.0	1.0					
8313.565	30.420000000000073	trials	4.0	8327.087918000001	8328.304802	8330.000092	8330.295069	8326.424497	8329.108186000001	8330.79	8343.985	1.0	1.0	1.0	1.0					
8346.01	81.78999999999905	trials	4.0	8422.193726000001	8423.895712000001	8425.503324000001	8427.817693	8421.654610000001	8424.813944000001			1.0	1.0	0.0	3.0					
8427.868	35.538000000000466	trials	4.0	8459.248916	8460.464813	8461.857806	8462.241943	8458.453585000001	8461.292285	8462.535	8463.406	1.0	2.0	1.0	1.0					
8466.451	51.324000000000524	trials	4.0	8492.614142	8494.191445	8517.469331	8517.720562	8491.957063000002	8495.10529			1.0	2.0	0.0	3.0					
8519.802	8.863000000001193	trials	4.0	8524.699232	8526.165729			8524.108573000001	8526.589946			2.0		1.0	1.0					
8532.195	15.983000000000175	trials	4.0	8545.051357	8546.553209000002	8547.84568	8548.196522	8544.186118000001	8547.28729			1.0	2.0	0.0	3.0					
8552.21	10.270000000000437	trials	4.0	8558.805422000001	8560.793876	8562.172084000002	8562.464588	8558.056221	8560.784224			1.0	1.0	0.0	3.0					
8565.491	12.35399999999936	trials	4.0	8575.301467000001	8576.489757000001	8577.531719	8577.828722	8574.673023000001	8577.076157			1.0	2.0	0.0	3.0					
8581.9	24.110000000000582	trials	4.0	8601.500948	8603.197734000001			8600.747235	8603.865395			2.0		1.0	1.0					
8609.471	6.084000000000742	trials	4.0	8612.204753	8613.942488	8615.223332000001	8615.569733	8611.326534	8614.528687			1.0	1.0	0.0	3.0					
8618.555	11.787000000000262	trials	4.0	8625.795098	8627.846905			8625.094883000002	8628.303316000001			2.0		1.0	1.0					
8634.864	4.77100000000064	trials	4.0	8636.620384000002	8638.161769	8639.336972000001	8639.631832000001	8635.992287000001	8638.808581000001			1.0	1.0	0.0	3.0					
8643.685	16.170000000000073	trials	4.0	8655.551758000001	8656.750174	8658.270776000001	8658.473446	8654.756196	8657.771866000001	8658.955	8659.855	1.0	2.0	1.0	1.0					
8663.96	9.875	trials	4.0	8669.052109	8671.232288000001			8668.324415000001	8671.707445			2.0		1.0	1.0					
8677.255	6.740000000001601	trials	4.0	8680.876696000001	8682.482774	8683.672452	8684.005877	8680.264361000001	8683.134173			1.0	2.0	0.0	3.0					
8685.995	14.705999999998312	trials	4.0	8696.972300000001	8698.290952000001	8700.394358000001	8700.616913000002	8696.128257	8699.818409			1.0	1.0	0.0	3.0					
8704.754	16.394999999998618	trials	4.0	8716.802089	8718.60266			8716.274237000001	8719.048877000001			2.0		1.0	1.0					
8724.675	14.020000000000437	trials	4.0	8734.696966	8735.795382	8737.191536	8737.426901	8733.970514	8736.71609	8737.885	8738.695	1.0	2.0	1.0	1.0					
8741.725	7.494999999998981	trials	4.0	8745.887285	8747.203444	8748.388478	8748.643018	8745.145406	8747.886184			1.0	2.0	0.0	3.0					
8750.701	24.375	trials	4.0	8770.72277	8772.583447			8770.131242	8772.903955000002			2.0		1.0	1.0					
8779.616	7.709999999999127	trials	4.0	8783.420753	8784.833531			8782.430093	8785.265225000001			2.0		1.0	1.0					
8789.85	7.734999999998763	trials	4.0	8794.156573	8796.018172	8797.274157	8797.579816000001	8793.222629	8796.753621			1.0	2.0	0.0	3.0					
8801.641	9.334000000000742	trials	4.0	8807.416226000001	8808.953311000001	8810.667768000001	8810.889884	8806.847744	8810.087952			1.0	1.0	0.0	3.0					
8813.987	18.140000000001237	trials	4.0	8828.826392	8830.12792	8831.821157	8832.126406	8827.8536	8831.180666			1.0	2.0	0.0	3.0					
8835.165	21.365999999999985	trials	4.0	8853.326792	8854.608829	8856.226904000001	8856.362433	8852.435588	8855.715159			1.0	1.0	0.0	3.0					
8859.544	57.47600000000057	trials	4.0	8913.732181	8915.404834	8916.715390000001	8916.896762	8913.081668	8916.272579			1.0	2.0	0.0	3.0					
8921.027	25.667999999999665	trials	4.0	8923.232307	8924.913452	8946.325344	8946.716357000001	8922.469552	8925.304456000002			1.0	1.0	0.0	3.0					
8948.64	132.83500000000095	trials	4.0	9077.333239	9078.892753			9076.516351	9079.325887			2.0		1.0	1.0					
9085.93	6.440000000000509	trials	4.0	9089.433784	9091.048121	9092.049938	9092.34084	9088.919531	9091.567156000001			1.0	2.0	0.0	3.0					
9094.42	17.903000000000247	trials	4.0	9108.168118000001	9109.264369			9107.525769	9110.257151000002			2.0		1.0	1.0					
9116.855	7.864999999999782	trials	4.0	9120.559106	9122.57885	9123.627700000001	9123.730094	9119.576282	9123.04751			1.0	2.0	1.0	1.0					
9127.22	27.355999999999767	trials	4.0	9152.078974	9153.242903	9154.26857	9154.460975	9151.347414	9153.794192000001			1.0	2.0	0.0	3.0					
9158.59	8.539999999999054	trials	4.0	9162.873656	9164.449349	9165.332267000002	9165.608234000001	9162.232492000001	9164.816702	9166.125	9167.13	1.0	2.0	1.0	1.0					
9171.19	7.583999999998923	trials	4.0	9174.623803	9176.27243			9174.045106000001	9176.739229			2.0		1.0	1.0					
9183.364	6.945999999999913	trials	4.0	9185.99674	9187.54229	9188.739229	9188.989904	9185.419414	9188.162609	9189.47	9190.31	1.0	2.0	1.0	1.0					
9193.33	8.895000000000437	trials	4.0	9197.820401	9199.627181	9200.688326	9200.926166000001	9196.858676	9200.089985	9201.56	9202.225	1.0	2.0	1.0	1.0					
9205.245	6.349999999998545	trials	4.0	9209.200414	9210.30249	9211.145967	9211.597079000001	9208.645	9210.722786			1.0	2.0	0.0	3.0					
9213.475	26.909999999999854	trials	4.0	9236.890751	9238.644092	9239.772903000001	9240.389555	9236.046493	9239.282401			1.0	2.0	0.0	3.0					
9242.14	12.460000000000946	trials	4.0	9250.185586	9251.847342000001	9253.246123	9253.481503	9249.377938	9252.685115	9253.925	9254.6	1.0	2.0	1.0	1.0					
9258.67	373.5	BlockDesign														1.0	475.0	501.0	50.0	90.0
9258.67	8.344999999999345	trials	5.0	9260.685711	9261.986783	9265.099069	9265.502516	9260.156726000001	9264.488615	9265.795	9267.015	1.0	1.0	1.0	1.0					
9270.084	9.59099999999853	trials	5.0	9275.275337000001	9276.462854	9278.178362	9278.414489	9274.314383	9277.661366	9278.86	9279.675	1.0	2.0	1.0	1.0					
9282.74	6.825000000000728	trials	5.0	9286.372574	9287.709371	9289.240534	9289.545377	9285.633808	9288.648197			1.0	1.0	0.0	3.0					
9293.585	12.610000000000582	trials	5.0	9301.885994	9303.366679	9304.597153	9304.804228	9301.017442	9304.105786	9305.245	9306.195	1.0	2.0	1.0	1.0					
9309.295	7.4099999999998545	trials	5.0	9312.626438	9314.064355	9314.949587000001	9315.181121	9311.636144	9314.395219	9315.595	9316.705	1.0	2.0	1.0	1.0					
9318.616	10.019000000000233	trials	5.0	9325.471037	9327.527023	9328.315857	9328.611869	9324.838291	9327.841749000001			1.0	2.0	0.0	3.0					
9330.65	15.713999999999942	trials	5.0	9342.171728	9344.194034	9346.015637	9346.354097	9341.573899	9345.428847000001			1.0	1.0	0.0	3.0					
9348.35	39.681000000000495	trials	5.0	9385.115962	9386.662672	9387.634958	9388.036754	9384.242995	9387.175057			1.0	2.0	0.0	3.0					
9392.027	12.153000000000247	trials	5.0	9400.191425	9401.568631			9399.303868	9401.945228			2.0		1.0	1.0					
9407.661	6.574000000000524	trials	5.0	9409.663039000001	9411.628628			9408.948697	9411.911359			2.0		1.0	1.0					
9416.701	7.125	trials	5.0	9419.962214000001	9421.823588			9419.008477	9421.818341			1.0		0.0	2.0					
9425.886	22.198999999998705	trials	5.0	9443.517176	9444.948398	9446.521214	9446.77361	9442.695372	9445.951915	9447.305	9448.085	1.0	2.0	1.0	1.0					
9450.177	9.032999999999447	trials	5.0	9454.722356	9456.524543	9457.669544	9457.857238	9454.189345	9457.148647	9458.315	9459.21	1.0	2.0	1.0	1.0					
9463.239	7.2960000000002765	trials	5.0	9466.606729000001	9467.948759	9468.780808	9469.030834000001	9465.702755	9468.356466000001	9469.656	9470.535	1.0	2.0	1.0	1.0					
9473.461	9.869000000000597	trials	5.0	9479.317015	9480.863362	9481.776783	9482.024285	9478.476491	9481.229825	9482.525	9483.33	1.0	2.0	1.0	1.0					
9485.35	9.524999999999636	trials	5.0	9490.437566	9492.167083	9493.430602	9493.641187000001	9489.873056	9492.888559	9494.105	9494.875	1.0	2.0	1.0	1.0					
9498.911	6.5090000000000146	trials	5.0	9501.499243	9502.658785			9500.902316	9503.18414			2.0		1.0	1.0					
9508.974	9.493000000000393	trials	5.0	9514.092877000001	9515.89945	9516.83884	9517.033084	9513.481565	9516.326528	9517.585	9518.467	1.0	2.0	1.0	1.0					
9520.277	8.917999999999665	trials	5.0	9524.709148	9526.022258	9527.573481	9527.85877	9523.954285	9527.064803000001	9528.315	9529.195	1.0	2.0	1.0	1.0					
9532.256	7.664000000000669	trials	5.0	9535.602254	9537.174697	9538.127233000001	9538.345274	9534.921184	9537.57727	9538.705	9539.92	1.0	2.0	1.0	1.0					
9543.94	9.119999999998981	trials	5.0	9549.363080000001	9550.497256			9548.454918	9550.827422			2.0		1.0	1.0					
9555.67	10.475000000000364	trials	5.0	9561.664018	9562.994142			9560.82574	9563.941958			2.0		1.0	1.0					
9570.635	7.704999999999927	trials	5.0	9573.987856	9575.211155	9576.440147	9576.69919	9573.167128000001	9575.89961	9577.09	9578.34	1.0	2.0	1.0	1.0					
9581.065	14.029999999998836	trials	5.0	9590.81753	9592.833932	9593.612273	9593.881103	9590.034545	9593.109832	9594.34	9595.095	1.0	2.0	1.0	1.0					
9598.135	9.994999999998981	trials	5.0	9604.088115	9605.50808			9603.222411	9605.824907			2.0		1.0	1.0					
9612.59	7.260000000000218	trials	5.0	9615.438446	9617.104657	9618.116303	9618.329039	9614.701097000001	9617.642159	9618.875	9619.85	1.0	2.0	1.0	1.0					
9621.68	10.489999999999782	trials	5.0	9627.494302000001	9629.154443	9630.534462	9630.77226	9626.499884	9630.029120000001	9631.145	9632.17	1.0	2.0	1.0	1.0					
9634.205	1266.7900000000009	BlockDesign														1.0	502.0	560.0	50.0	10.0
9634.205	8.1299999999992	trials	6.0	9639.459568	9640.998777	9641.966749000001	9642.341711000001	9638.894272	9641.449058			1.0	2.0	0.0	3.0					
9646.305	7.7260000000005675	trials	6.0	9649.568150000001	9651.409543			9648.877327	9651.853555			2.0		1.0	1.0					
9657.565	9.055000000000291	trials	6.0	9661.968699000001	9663.807532	9664.904759000001	9665.183639	9661.380962	9664.367441	9665.741	9666.62	1.0	1.0	1.0	1.0					
9668.69	10.084999999999127	trials	6.0	9674.794043	9676.261292000001			9674.004727	9676.600076			2.0		1.0	1.0					
9683.305	8.739999999999782	trials	6.0	9686.624825	9688.567739	9690.446399	9690.741112	9685.655836	9689.783621	9691.241	9692.045	1.0	1.0	1.0	1.0					
9695.076	13.139000000001033	trials	6.0	9701.133864	9702.882101	9704.256271	9704.574953	9700.298135000001	9703.68728			1.0	2.0	0.0	3.0					
9708.59	19.655000000000655	trials	6.0	9722.799119	9724.169554	9726.417230000001	9726.698982	9721.835128	9725.80476	9727.135	9728.245	1.0	1.0	1.0	1.0					
9732.275	7.158000000001266	trials	6.0	9736.589012	9738.211407	9739.099454	9739.435355	9735.927729	9738.560652			1.0	1.0	0.0	3.0					
9742.43	7.787000000000262	trials	6.0	9745.790593	9747.245226000001	9748.276572	9748.79909	9744.829169	9747.758185			1.0	2.0	0.0	3.0					
9750.61	46.93999999999869	trials	6.0	9794.6315	9796.070873	9797.221747	9797.447291	9794.103979	9796.76218			1.0	2.0	0.0	3.0					
9799.56	13.890999999999622	trials	6.0	9808.453931	9810.498741	9811.608203	9811.926928	9807.710471	9811.065293			1.0	1.0	0.0	3.0					
9815.935	268.46000000000095	trials	6.0	10081.370897	10082.532623000001	10084.041868	10084.382964	10080.716833	10083.412464			1.0	2.0	0.0	3.0					
10088.43	13.444999999999709	trials	6.0	10097.753176	10099.117082			10097.096363	10099.808445			2.0		1.0	1.0					
10105.4	6.635000000000218	trials	6.0	10108.088	10109.468464			10107.537499	10109.950405			2.0		1.0	1.0					
10114.535	8.694999999999709	trials	6.0	10119.496589	10121.478349	10122.907862	10123.140949	10118.983692	10122.268388			1.0	2.0	0.0	3.0					
10126.241	10.314000000000306	trials	6.0	10130.441449	10131.992665	10134.769401	10135.068455	10129.765499000001	10134.172075	10135.56	10136.555	1.0	1.0	1.0	1.0					
10139.616	8.429000000000087	trials	6.0	10143.753104	10145.542399			10143.153518000001	10145.977021			2.0		1.0	1.0					
10150.571	7.920000000000073	trials	6.0	10153.981975	10155.618088	10156.81771	10157.048098	10153.358201000001	10156.182408	10157.495	10158.491	1.0	1.0	1.0	1.0					
10160.596	10.93500000000131	trials	6.0	10166.963066	10168.185854	10169.72651	10169.931073	10166.021848	10169.136862	10170.375	10171.531	1.0	1.0	1.0	1.0					
10174.5	8.270000000000437	trials	6.0	10179.411335	10181.219323	10182.435109	10182.71879	10178.638586000001	10181.854012			1.0	1.0	0.0	3.0					
10184.785	29.389999999999418	trials	6.0	10210.956932000001	10212.703126	10213.865413	10214.117962	10210.306918	10213.305457			1.0	1.0	0.0	3.0					
10216.224	10.040999999999258	trials	6.0	10221.901832	10223.653463			10221.196483	10223.97127			2.0		1.0	1.0					
10230.735	5.593999999999141	trials	6.0	10233.293813	10234.674275000001	10235.988025	10236.339389	10232.397928	10235.330324			1.0	2.0	0.0	3.0					
10239.335	15.785000000001673	trials	6.0	10250.427442	10251.492154	10253.339294	10253.753121	10249.722209	10252.569349	10254.056	10255.12	1.0	1.0	1.0	1.0					
10259.186	11.03399999999965	trials	6.0	10265.80907	10266.894785	10268.611045	10268.869409	10265.161559	10267.832744	10269.255	10270.22	1.0	2.0	1.0	1.0					
10273.245	7.424999999999272	trials	6.0	10276.89755	10278.078816000001	10279.373597	10279.632568	10276.183661000001	10278.698408			1.0	1.0	0.0	3.0					
10282.737	9.783000000001266	trials	6.0	10287.733330000001	10289.920708			10287.140264	10290.235049			2.0		1.0	1.0					
10296.991	6.549000000000888	trials	6.0	10299.862664	10300.989525			10298.880313	10301.374751			2.0		1.0	1.0					
10306.135	9.90099999999984	trials	6.0	10311.078358	10312.380971	10314.040532	10314.278962	10310.417966	10313.351806	10314.781	10316.036	1.0	1.0	1.0	1.0					
10318.836	9.614999999999782	trials	6.0	10323.612511	10324.881337	10326.470869	10326.817312	10322.752159	10325.757752			1.0	2.0	0.0	3.0					
10328.836	14.47400000000016	trials	6.0	10338.873568	10340.587907000001	10341.623371	10341.916373	10337.927843	10341.048157000001	10342.395	10343.31	1.0	1.0	1.0	1.0					
10345.376	8.548000000000684	trials	6.0	10350.868975	10352.503552	10353.615851	10353.885491000001	10350.104993	10353.073381			1.0	1.0	0.0	3.0					
10357.978	31.952000000001135	trials	6.0	10386.608653	10388.159666	10389.33062	10389.655728	10385.678518	10388.822131			1.0	1.0	0.0	3.0					
10392.656	32.693999999999505	trials	6.0	10420.795178	10422.341594			10420.216016	10423.104803			2.0		1.0	1.0					
10428.889	5.551000000001295	trials	6.0	10431.174245	10432.600735	10434.120149	10434.336452	10430.322986	10433.497049			1.0	2.0	0.0	3.0					
10436.476	19.588999999999942	trials	6.0	10451.203417	10453.133303	10454.253033	10454.509611	10450.489729	10453.696504	10454.991	10456.065	1.0	1.0	1.0	1.0					
10457.985	10.56499999999869	trials	6.0	10463.618311	10465.415462	10466.560556	10466.829364000001	10463.042368	10465.975274	10467.335	10468.55	1.0	1.0	1.0	1.0					
10472.283	6.300000000001091	trials	6.0	10475.494817	10477.180789	10478.257892	10478.583182	10474.576701	10477.706614			1.0	1.0	0.0	3.0					
10482.616	25.023999999999432	trials	6.0	10503.305248	10504.829858000001			10502.297011	10505.52004			2.0		1.0	1.0					
10512.17	4.805000000000291	trials	6.0	10514.064807	10515.766106000001	10516.570327	10516.986667000001	10512.843647	10516.010273			1.0	2.0	0.0	3.0					
10519.93	15.215000000000146	trials	6.0	10532.289192	10533.676288	10534.842947000001	10535.135222	10531.456643	10534.273336			1.0	2.0	0.0	3.0					
10538.16	40.534999999999854	trials	6.0	10575.833987	10576.943071	10578.348061	10578.708604	10575.000844	10577.962853			1.0	1.0	0.0	3.0					
10582.675	22.225000000000364	trials	6.0	10596.619522	10597.798034	10603.323982	10603.741886	10595.742219	10598.494792	10604.06	10604.9	1.0	1.0	1.0	1.0					
10608.955	7.564000000000306	trials	6.0	10612.399984	10613.696423			10611.533509	10614.304457			2.0		1.0	1.0					
10619.976	5.798999999999069	trials	6.0	10621.716137	10623.137095	10624.041011000001	10624.279826	10620.828737	10623.596705	10624.82	10625.775	1.0	1.0	1.0	1.0					
10627.798	8.68199999999888	trials	6.0	10633.345243	10635.083125000001	10636.120281	10636.493156	10632.745907	10635.607912			1.0	1.0	0.0	3.0					
10638.495	27.214999999998327	trials	6.0	10662.000047	10663.166381000001	10664.112391	10664.360744	10661.123815	10663.674116	10664.965	10665.71	1.0	1.0	1.0	1.0					
10667.73	7.3400000000001455	trials	6.0	10672.685701	10674.10238	10674.601616	10675.082387	10671.946196	10674.11356			1.0	1.0	0.0	3.0					
10677.935	23.395000000000437	trials	6.0	10698.095876	10699.65212	10701.018622	10701.296912	10697.284519	10700.340757			1.0	2.0	0.0	3.0					
10704.38	9.420000000000073	trials	6.0	10709.740525000001	10711.008553	10712.193004	10712.47108	10709.233007	10711.756606	10712.855	10713.8	1.0	1.0	1.0	1.0					
10717.866	6.9539999999997235	trials	6.0	10719.921994	10721.708557			10719.289691	10722.708877000001			2.0		1.0	1.0					
10727.241	6.8289999999997235	trials	6.0	10730.76079	10732.452167	10733.752052	10733.975303	10729.931342	10733.245196			1.0	1.0	0.0	3.0					
10737.076	24.16400000000067	trials	6.0	10758.181171	10759.527437	10760.896615	10761.255044	10757.302106	10760.448273			1.0	1.0	0.0	3.0					
10764.22	17.295000000000073	trials	6.0	10778.430983	10779.947995	10781.201533	10781.499994	10777.530685	10780.629328			1.0	2.0	0.0	3.0					
10784.525	14.602000000000771	trials	6.0	10795.486151000001	10797.195035	10798.791916	10799.139829	10794.614555	10798.224767			1.0	1.0	0.0	3.0					
10803.146	12.263999999999214	trials	6.0	10811.051732	10812.982844	10814.115697000001	10814.533712	10810.34617	10813.566082000001			1.0	1.0	0.0	3.0					
10816.435	59.57500000000073	trials	6.0	10872.342721	10874.018612			10871.820347	10874.008752			2.0		0.0	2.0					
10880.02	10.609999999998763	trials	6.0	10885.776698	10886.845004	10888.731388	10889.041333000001	10885.043846	10888.252873	10889.457	10890.63	1.0	1.0	1.0	1.0					
10894.693	6.302000000001499	trials	6.0	10896.701588	10897.799981	10899.246176	10899.510433	10895.567654	10898.651408	10899.98	10900.995	1.0	1.0	1.0	1.0					
10903.05	942.9009999999998	BlockDesign														1.0	561.0	621.0	90.0	50.0
10903.05	9.02599999999984	trials	7.0	10907.758031000001	10909.26031			10907.039377000001	10909.897706			2.0		1.0	1.0					
10914.545	14.625	trials	7.0	10924.508101	10926.088567	10927.363642	10927.637603	10923.974989	10926.803465	10928.15	10929.17	1.0	1.0	1.0	1.0					
10931.29	12.825999999999112	trials	7.0	10939.572203	10940.838331	10942.262455	10942.690887	10938.78227	10941.768688	10942.925	10944.116	1.0	1.0	1.0	1.0					
10948.181	10.083999999998923	trials	7.0	10954.677569	10956.203765	10957.226072	10957.375259	10953.794798	10956.201265			1.0		0.0	2.0					
10960.321	11.28399999999965	trials	7.0	10966.916686	10968.291463			10966.228232	10969.527827			2.0		1.0	1.0					
10975.184	8.502000000000407	trials	7.0	10979.0089	10980.411949000001	10981.898767	10982.135941	10978.480912	10981.432835	10982.64	10983.686	1.0	1.0	1.0	1.0					
10985.565	8.699999999998909	trials	7.0	10989.996934	10991.363162	10992.473596	10992.847424	10989.454865	10991.955697	10993.21	10994.265	1.0	1.0	1.0	1.0					
10997.336	8.764000000001033	trials	7.0	11001.791836	11003.413993	11004.537362000001	11004.81907	11000.827124	11004.004013	11005.34	11006.1	1.0	1.0	1.0	1.0					
11010.12	7.3399999999983265	trials	7.0	11013.077081	11014.639712	11015.572774	11015.773802	11012.458865	11015.081842	11016.281	11017.46	1.0	1.0	1.0	1.0					
11020.56	8.355000000001382	trials	7.0	11024.577533	11026.211011	11027.079806	11027.37514	11023.927724000001	11026.642355	11027.82	11028.915	1.0	1.0	1.0	1.0					
11032.985	7.255999999999403	trials	7.0	11035.492711	11037.374267	11038.413847	11038.640768000001	11034.86582	11037.858487	11039.14	11040.241	1.0	1.0	1.0	1.0					
11044.255	6.6600000000016735	trials	7.0	11046.792419	11048.101045	11049.194707	11049.43349	11045.902306	11048.699926000001	11049.951	11050.915	1.0	1.0	1.0	1.0					
11055.016	6.914000000000669	trials	7.0	11058.098132000001	11059.812127000001	11060.362547	11060.589449000001	11057.226101	11059.873546	11061.14	11061.93	1.0	1.0	1.0	1.0					
11064.995	8.469999999999345	trials	7.0	11069.617814000001	11071.145284	11071.773244	11072.098952	11068.967543	11071.185298	11072.375	11073.465	1.0	1.0	1.0	1.0					
11077.497	6.253000000000611	trials	7.0	11080.523275	11081.754911	11082.284965	11082.727475	11079.868453000001	11081.746942			1.0		0.0	2.0					
11086.81	12.735000000000582	trials	7.0	11095.023741	11097.015094	11097.874976000001	11098.107970000001	11094.216518000001	11097.406772	11098.545	11099.545	1.0	1.0	1.0	1.0					
11101.37	7.786000000000058	trials	7.0	11106.509548	11107.870081000001	11108.851369	11109.02123	11105.895148	11108.3953			1.0	1.0	0.0	3.0					
11111.212	10.268000000000029	trials	7.0	11117.58292	11119.012612	11119.881856	11120.202392	11116.673743	11119.367516	11120.585	11121.48	1.0	2.0	1.0	1.0					
11123.545	10.539999999999054	trials	7.0	11129.44343	11131.481447	11132.453499	11132.716009	11128.894556	11131.950773	11133.105	11134.085	1.0	1.0	1.0	1.0					
11137.18	7.305000000000291	trials	7.0	11140.738793	11142.492166	11143.152304	11143.322291	11139.842161	11142.480277			1.0		0.0	2.0					
11148.54	10.804999999998472	trials	7.0	11155.054046000001	11156.751769			11154.304682	11157.04202			2.0		1.0	1.0					
11162.84	6.191000000000713	trials	7.0	11165.288813	11167.129394	11167.937708	11168.192302	11164.546658	11167.420802			1.0	2.0	1.0	1.0					
11171.555	12.715000000000146	trials	7.0	11180.473936	11181.660095			11179.838600000001	11182.006925			2.0		1.0	1.0					
11187.795	6.329999999999927	trials	7.0	11189.768702000001	11191.305376			11188.630699000001	11192.04808			2.0		1.0	1.0					
11198.614	5.871000000001004	trials	7.0	11200.458568	11202.173053			11199.822332	11202.341791			2.0		1.0	1.0					
11207.98	7.795000000000073	trials	7.0	11212.038407	11213.387162	11214.314005	11214.538374	11211.24545	11213.765547	11214.98	11215.775	1.0	2.0	1.0	1.0					
11217.79	7.414999999999054	trials	7.0	11221.06387	11222.745943	11223.50648	11223.815619	11220.450641	11222.843296000001	11224.195	11225.205	1.0	2.0	1.0	1.0					
11228.225	9.654999999998836	trials	7.0	11233.918411	11235.372275			11233.054698	11235.656864			2.0		1.0	1.0					
11242.411	4.838999999999942	trials	7.0	11244.088975	11245.260422	11245.860964	11246.250943	11243.328554	11245.248284000001			1.0		0.0	2.0					
11249.26	8.084999999999127	trials	7.0	11253.394214	11254.597081			11252.398262	11255.264204			2.0		1.0	1.0					
11261.875	4.040000000000873	trials	7.0	11263.700564	11264.860184000001	11265.608098	11265.852352	11262.747185	11265.143732			1.0	2.0	0.0	3.0					
11267.925	20.731000000001586	trials	7.0	11284.065881	11285.654611	11286.835886	11287.044353000001	11283.143236	11286.352862	11287.5	11288.656	1.0	1.0	1.0	1.0					
11292.57	9.040000000000873	trials	7.0	11297.569421	11298.805877	11299.77742	11300.028755	11296.673703	11299.358572000001	11300.616	11301.61	1.0	1.0	1.0	1.0					
11305.646	7.193999999999505	trials	7.0	11308.970684	11310.258104	11311.096376000001	11311.365482000001	11308.13452	11310.582323999999	11311.82	11312.84	1.0	1.0	1.0	1.0					
11316.86	32.0059999999994	trials	7.0	11344.584758	11346.552314			11343.652454	11346.775094			2.0		1.0	1.0					
11352.421	4.7739999999994325	trials	7.0	11354.500949000001	11355.859791	11356.886116	11357.097826000001	11353.782572	11356.39072			1.0	1.0	0.0	3.0					
11361.205	9.055000000000291	trials	7.0	11365.481984	11367.092815	11368.606852	11368.965767	11364.657611999999	11368.084316	11369.44	11370.26	1.0	1.0	1.0	1.0					
11372.29	9.979999999999563	trials	7.0	11378.145181	11379.206462			11377.24613	11379.972991999999			2.0		1.0	1.0					
11384.726	7.814000000000306	trials	7.0	11388.440256	11389.553145	11390.700535	11390.908439	11387.909432	11390.205751000001	11391.445	11392.54	1.0	1.0	1.0	1.0					
11394.225	7.449999999998909	trials	7.0	11398.620053	11399.686004			11397.920795	11399.677919			1.0		0.0	2.0					
11403.68	19.375	trials	7.0	11419.910371	11421.907787	11422.699142000001	11423.024237	11419.349312	11422.202656000001			1.0	2.0	0.0	3.0					
11425.01	8.18499999999949	trials	7.0	11429.677049	11431.152408			11428.696286	11431.147112			1.0		0.0	2.0					
11436.201	19.424000000000888	trials	7.0	11450.900833	11452.792118000001			11450.314456	11453.369489			2.0		1.0	1.0					
11459.076	6.889000000001033	trials	7.0	11462.155499	11463.389036	11465.661188	11465.983442	11461.303606000001	11463.37622			2.0		0.0	2.0					
11468.474	11.880999999999403	trials	7.0	11476.051879999999	11477.517619	11478.620411	11478.953329	11475.142907000001	11478.190102	11471.65	11480.355	1.0	1.0	1.0	1.0					
11484.42	7.520000000000437	trials	7.0	11487.980729	11489.679082999999	11490.282391	11490.550374	11487.436768	11489.760578000001	11490.975	11491.94	1.0	1.0	1.0	1.0					
11494.96	7.800000000001091	trials	7.0	11499.141299	11500.712398			11498.489804	11500.705947			1.0		0.0	2.0					
11505.77	19.59599999999955	trials	7.0	11520.356365	11522.228944	11523.383804000001	11523.622325	11519.816966	11522.870458000001	11524.135	11525.366	1.0	1.0	1.0	1.0					
11527.44	10.114999999999782	trials	7.0	11534.086298	11535.254059	11536.029907	11536.252484	11533.14388	11535.599813	11536.79	11537.555	1.0	1.0	1.0	1.0					
11540.585	7.100000000000364	trials	7.0	11544.245935	11545.694231000001	11546.479543000001	11546.677696	11543.698778	11545.689509			1.0		0.0	2.0					
11550.736	33.21499999999833	trials	7.0	11578.836341	11580.016205	11582.25868	11582.559581	11578.23572	11581.845067	11583.045	11583.951	1.0	1.0	1.0	1.0					
11587.975	57.07999999999993	trials	7.0	11626.336515	11627.562343	11643.238742	11643.784252000001	11625.752973999999	11628.199027	11643.925	11645.055	1.0	1.0	1.0	1.0					
11649.105	62.29500000000007	trials	7.0	11707.777046	11708.993285	11709.92192	11710.183864	11707.07492	11709.462401	11710.695	11711.4	1.0	2.0	1.0	1.0					
11714.417	6.368000000000393	trials	7.0	11717.202125	11718.338368	11719.30829	11719.579868	11716.662329	11718.794294	11720.06	11720.785	1.0	2.0	1.0	1.0					
11724.885	8.475000000000364	trials	7.0	11729.132012	11730.769202			11728.530742	11731.074029			2.0		1.0	1.0					
11737.805	8.369999999998981	trials	7.0	11742.179283000001	11743.724837	11744.442251	11744.673436000001	11741.194202	11744.017016	11745.076	11746.175	1.0	1.0	1.0	1.0					
11748.116	16.488999999999578	trials	7.0	11759.922392	11761.794041000001			11759.363653	11762.477846			2.0		1.0	1.0					
11768.156	18.22899999999936	trials	7.0	11783.122781	11784.396154			11782.426004	11784.388829			1.0		0.0	2.0					
11788.397	33.50299999999879	trials	7.0	11817.457961	11819.410124	11820.121736000001	11820.392783	11816.896733	11819.675642	11820.866	11821.9	1.0	1.0	1.0	1.0					
11826.016	7.873999999999796	trials	7.0	11829.349184	11831.092924	11832.053759	11832.279266	11828.685872	11831.574263	11832.785	11833.89	1.0	1.0	1.0	1.0					
11836.82	9.130999999999403	trials	7.0	11842.179982	11843.204718	11844.430576	11844.657967	11841.220043000001	11843.91826	11845.305	11845.951	1.0	1.0	1.0	1.0					
11849.987	4376.589	BlockDesign														1.0	622.0	711.0	10.0	50.0
11849.987	5.018000000000029	trials	8.0	11851.958434	11852.950809			11850.705878	11852.941111			1.0		0.0	2.0					
11859.056	11.088999999999942	trials	8.0	11863.889485	11865.440266	11869.764313	11870.166451000001	11863.268071	11866.119404000001			1.0	1.0	0.0	3.0					
11874.1	27.340000000000146	trials	8.0	11899.093213	11899.395521			11898.277283	11899.39167			1.0		0.0	2.0					
11905.455	20.556000000000495	trials	8.0	11923.640348	11925.141707	11925.69751	11925.965969	11922.967216000001	11925.173078			1.0	1.0	0.0	3.0					
11928.07	1201.0950000000012	trials	8.0	13125.001467999999	13126.560236999998			13124.46	13126.997026			2.0		1.0	1.0					
13132.605	7.274999999999636	trials	8.0	13134.841161999999	13136.792899999999	13138.181854999999	13138.497328999998	13134.099223999998	13137.588724999998	13138.84	13139.88	1.0	2.0	1.0	1.0					
13143.907	8.493000000000393	trials	8.0	13147.756838	13149.381494			13146.827302999998	13150.166181999999			2.0		1.0	1.0					
13154.98	6.2150000000001455	trials	8.0	13158.067586	13159.632783	13160.863135999998	13161.096418999998	13157.257294	13160.355184999999			1.0	1.0	0.0	3.0					
13163.242	8.24200000000019	trials	8.0	13167.336346999999	13168.612521			13166.451833	13169.279992999998			2.0		1.0	1.0					
13173.97	14.3700000000008	trials	8.0	13181.216405	13182.886666999999	13187.861807	13188.336311	13180.228820999999	13183.704733999999			1.0	1.0	0.0	3.0					
13190.23	17.94000000000051	trials	8.0	13203.011595999998	13204.277713999998	13206.306948	13206.804654	13202.418058	13205.686547999998	13207.04	13208.17	1.0	1.0	1.0	1.0					
13210.234	8.690999999998894	trials	8.0	13214.408416999999	13216.069038999998			13213.493542999999	13216.672692999999			2.0		1.0	1.0					
13221.38	5.760000000000218	trials	8.0	13224.091417999998	13225.294471	13226.676399999998	13227.138942999998	13223.094114999998	13225.991059999998			1.0	1.0	0.0	3.0					
13231.031	8.328999999999724	trials	8.0	13235.691606999999	13237.487779	13239.030298999998	13239.347161999998	13234.713085	13238.411587999999			1.0	2.0	0.0	3.0					
13243.366	5.404000000000451	trials	8.0	13245.452866999998	13247.208724999999	13248.440136999998	13248.716535999998	13244.893495999999	13247.900658999999			1.0	1.0	0.0	3.0					
13250.824	29.740999999999985	trials	8.0	13277.703637999999	13278.967705	13280.241693999998	13280.502373	13277.138378999998	13279.649634999998			1.0	1.0	0.0	3.0					
13283.576	21.989000000001397	trials	8.0	13299.962011999998	13301.718778999999	13303.334318	13303.601880999999	13298.987152999998	13302.756964999999	13304.095	13305.565	1.0	2.0	1.0	1.0					
13307.421	8.324000000000524	trials	8.0	13312.482331	13314.073632999998	13315.11977	13315.394076999999	13311.861124	13314.590103999999			1.0	2.0	0.0	3.0					
13318.491	10.043999999999869	trials	8.0	13325.757279999998	13327.089068	13328.159119999998	13328.535440999998	13325.247086	13327.656026999999			1.0	1.0	0.0	3.0					
13331.491	37.33899999999994	trials	8.0	13364.428528999999	13366.269849999999			13363.506822999998	13366.543843			2.0		1.0	1.0					
13372.362	6.148000000001048	trials	8.0	13375.262890999998	13377.201702999999	13378.176409999998	13378.511921	13374.416092999998	13377.643649999998			1.0	2.0	0.0	3.0					
13381.561	7.199000000000524	trials	8.0	13386.287792	13387.428301999998	13388.427709999998	13388.748630999999	13385.305746999999	13387.956379			1.0	1.0	0.0	3.0					
13392.761	21.78399999999965	trials	8.0	13411.862680999999	13413.215086999999	13414.226518	13414.543698999998	13411.347834999999	13413.686944			1.0	2.0	0.0	3.0					
13417.583	6.55199999999968	trials	8.0	13421.343423999999	13422.785765999999	13423.809758999998	13424.074155999999	13420.692823999998	13423.302026			1.0	1.0	0.0	3.0					
13427.145	39.2549999999992	trials	8.0	13460.543192	13462.447876999999	13463.183914	13463.475609999998	13459.866694999999	13462.722262999998	13451.92	13466.4	1.0	1.0	1.0	1.0					
13469.468	9.791999999999462	trials	8.0	13474.869933999998	13476.661456999998			13473.936613999998	13477.013454999998			2.0		1.0	1.0					
13482.754	5.711999999999534	trials	8.0	13485.213486999999	13486.944210999998	13488.120816999999	13488.460861	13484.499214999998	13487.530991			1.0	2.0	0.0	3.0					
13491.466	10.373999999999796	trials	8.0	13498.079227999999	13499.764798999999	13500.516574999998	13500.892087999999	13497.468105999998	13499.76018			1.0		0.0	2.0					
13504.87	64.54999999999927	trials	8.0	13565.160058999998	13567.105784999998			13564.184206999998	13567.134041			2.0		1.0	1.0					
13573.94	6.684999999999491	trials	8.0	13575.738691999999	13577.400789999998	13578.867628999998	13579.168212999999	13575.183748999998	13578.182530999999	13579.59	13580.625	1.0	2.0	1.0	1.0					
13582.685	10.429000000000087	trials	8.0	13590.124616	13591.305586999999	13592.757403	13593.068809999999	13589.224412	13592.202850999998			1.0	1.0	0.0	3.0					
13597.169	10.84100000000035	trials	8.0	13603.480185999999	13605.405361999998	13606.497452	13606.740120999999	13602.574292	13606.050904999998	13607.235	13608.01	1.0	2.0	1.0	1.0					
13610.076	42.955000000001746	trials	8.0	13649.92003	13651.691002	13652.588107	13653.032088999998	13649.155789999999	13652.148313999998			1.0	2.0	0.0	3.0					
13656.925	8.2450000000008	trials	8.0	13661.661199999999	13663.163149999998			13660.719011	13663.155668			1.0		0.0	2.0					
13668.177	9.503000000000611	trials	8.0	13673.814255999998	13675.155235999999			13673.184447999998	13675.414819999998			2.0		1.0	1.0					
13681.241	30.744000000000597	trials	8.0	13708.210308999998	13709.466389			13707.624004999998	13709.796229	13700.945	13701.195	2.0		1.0	1.0					
13715.559	6.606000000001586	trials	8.0	13718.449410999998	13719.806212	13720.730607999998	13720.929252999998	13717.549538	13720.154035999998	13721.491	13722.165	1.0	2.0	1.0	1.0					
13726.226	7.463999999999942	trials	8.0	13729.760092999999	13731.625471			13728.919113999998	13731.575260999998	13733.285	13733.63	2.0		1.0	1.0					
13736.165	10.204999999999927	trials	8.0	13740.467110999998	13742.026853	13745.830071999999	13746.375304999998	13739.540383999998	13742.383829999999			1.0	1.0	0.0	3.0					
13750.16	7.956000000000131	trials	8.0	13754.529412999998	13756.326238999998	13757.611437999998	13758.117982999998	13753.786196	13757.090707999998			1.0	2.0	0.0	3.0					
13759.991	14.769000000000233	trials	8.0	13769.005677999998	13770.551785999998	13774.305479999999	13774.761497	13768.294947999999	13771.192727999998			1.0	1.0	0.0	3.0					
13776.65	7.591000000000349	trials	8.0	13781.462619999998	13782.237012999998			13780.818541999999	13782.23195			1.0		0.0	2.0					
13788.25	7.959999999999127	trials	8.0	13793.510498999998	13794.64742	13795.883937999999	13796.178378999999	13792.897586	13795.336960999999			1.0	2.0	0.0	3.0					
13798.223	11.207000000000335	trials	8.0	13806.645399999998	13807.882306	13809.098848999998	13809.411151999999	13806.122177	13808.634468999999			1.0	1.0	0.0	3.0					
13813.436	15.324000000000524	trials	8.0	13824.020599999998	13826.065069999999	13827.262663999998	13827.471232999998	13823.333761999998	13826.738988999998	13828.005	13828.76	1.0	2.0	1.0	1.0					
13830.79	7.094999999999345	trials	8.0	13834.581712	13836.302005999998	13837.518511999999	13837.853452999998	13833.819015999998	13836.897377			1.0	2.0	0.0	3.0					
13840.855	20.676000000001295	trials	8.0	13857.135637999998	13858.603372999998	13859.936539999999	13860.210979999998	13856.625963999999	13859.493652999998	13860.73	13861.531	1.0	2.0	1.0	1.0					
13864.555	12.935999999999694	trials	8.0	13873.336201999999	13875.387381999999			13872.630651999998	13875.341224999998			2.0		1.0	1.0					
13879.97	7.1599999999998545	trials	8.0	13884.400762	13886.277117999998	13886.807281999998	13887.085221999998	13883.854057999999	13886.235206			1.0	1.0	0.0	3.0					
13890.177	9.927999999999884	trials	8.0	13896.162593	13897.778548999999			13895.480577999999	13898.028103999999			2.0		1.0	1.0					
13902.551	12.744000000000597	trials	8.0	13911.155888	13912.411764999999	13913.555019999998	13913.803473999998	13910.233317999999	13913.101072999998	13914.295	13915.295	1.0	2.0	1.0	1.0					
13919.21	64.67000000000007	trials	8.0	13921.146277999998	13922.237361999998	13982.044648	13982.448911	13920.079283	13922.613382	13982.75	13983.88	1.0	1.0	1.0	1.0					
13987.93	10.101000000000568	trials	8.0	13995.256930999998	13996.482374	13997.698693999999	13997.971336999999	13994.333364999999	13997.102377			1.0	1.0	0.0	3.0					
14000.085	13.781000000000859	trials	8.0	14009.697510999998	14011.355266999999			14009.09644	14011.647084999999			2.0		1.0	1.0					
14017.436	7.854000000001179	trials	8.0	14021.158022	14022.678618999998			14020.531561999998	14023.090707999998			2.0		1.0	1.0					
14028.804	6.606999999999971	trials	8.0	14032.141763	14033.438122999998	14035.094641999998	14035.340731999999	14031.314212	14034.461205999998			1.0	2.0	0.0	3.0					
14037.466	30.22899999999936	trials	8.0	14063.902073	14064.928971999998	14067.251761	14067.292887999998	14063.102388999998	14064.924492999999			1.0		0.0	2.0					
14070.04	38.18499999999949	trials	8.0	14103.812047999998	14105.090392999999	14106.503521999999	14106.714150999998	14103.203211999999	14105.951034999998	14096.505	14108.225	1.0	2.0	1.0	1.0					
14110.035	9.851000000000568	trials	8.0	14115.802622	14117.214257	14118.311124999998	14118.600476	14115.299350999998	14117.786014999998	14118.991	14119.886	1.0	2.0	1.0	1.0					
14123.921	6.783999999999651	trials	8.0	14126.584374999999	14127.884119999999			14125.712997999999	14128.49593			2.0		1.0	1.0					
14135.211	5.873999999999796	trials	8.0	14137.222338999998	14138.524186999999			14135.898361	14138.830025			2.0		1.0	1.0					
14143.63	14.236000000000786	trials	8.0	14154.512793999998	14155.865332	14156.650165	14156.886457999999	14153.856978999998	14155.858533999999			1.0		0.0	2.0					
14159.875	9.819999999999709	trials	8.0	14166.607842999998	14168.309261999999	14169.375367999999	14169.659824999999	14165.892386	14168.924877999998			1.0	1.0	0.0	3.0					
14172.751	10.738999999999578	trials	8.0	14180.192979999998	14181.703171	14183.125117999998	14183.466142	14179.560565999998	14182.611280999998			1.0	1.0	0.0	3.0					
14185.451	9.96400000000176	trials	8.0	14191.742250999998	14193.360051999998	14193.978391999999	14194.049715999998	14190.808759999998	14193.354448999999			1.0		0.0	2.0					
14198.424	18.185999999999694	trials	8.0	14211.438144999998	14212.969222999998	14216.200953999998	14216.614300999998	14210.564637999998	14213.294361999999			1.0	1.0	0.0	3.0					
14220.533	16.462000000001353	trials	8.0	14233.959298999998	14235.546873999998	14236.683511	14236.856854999998	14233.124467999998	14236.237305999999			1.0	2.0	0.0	3.0					
14241.005	29.910000000001673	trials	8.0	14266.973461999998	14268.661981999998			14266.170501999999	14268.832434999998	14258.39	14258.4	2.0		1.0	1.0					
14274.475	54.76599999999962	trials	8.0	14325.528541	14327.235330999998	14327.860573999998	14328.082237999999	14324.717007	14327.220738999999			1.0		0.0	2.0					
14333.25	1476.866	trials	8.0	15806.508016	15808.114417			15805.593	15808.104353			1.0		0.0	2.0					
15812.128	11.30699999999888	trials	8.0	15820.178061	15821.284106	15823.115384	15823.332859	15819.600405	15822.312074			1.0	2.0	0.0	3.0					
15826.445	7.6599999999998545	trials	8.0	15829.66478	15831.034205			15829.106742	15831.848315			2.0		1.0	1.0					
15838.62	16.170000000000073	trials	8.0	15851.907477	15852.78512			15851.045128	15852.776409			1.0		0.0	2.0					
15857.8	14.81000000000131	trials	8.0	15868.228033	15869.882411	15871.059303	15871.317948	15867.584235	15870.529323	15871.79	15872.61	1.0	2.0	1.0	1.0					
15876.633	6.2520000000004075	trials	8.0	15880.157864	15881.666546	15882.492105	15882.89293	15879.402194	15881.946224			1.0	2.0	0.0	3.0					
15884.82	15.895000000000437	trials	8.0	15897.179485	15898.711805	15899.332254	15899.387264	15896.515166	15898.708653			1.0		0.0	2.0					
15903.726	72.82899999999972	trials	8.0	15973.545715	15974.905253	15976.22578	15976.519493	15972.97524	15975.751698			1.0	2.0	0.0	3.0					
15978.565	29.09100000000035	trials	8.0	16004.165986	16006.084377	16007.33544	16007.553254	16003.377113	16006.852904			1.0	2.0	0.0	3.0					
16011.668	9.407999999999447	trials	8.0	16016.748576	16018.567025			16016.19234	16018.907255			2.0		1.0	1.0					
16024.595	7.8400000000001455	trials	8.0	16028.165765	16029.377077000001	16030.981182	16031.207908	16027.571078	16030.370022	16031.775	16032.435	1.0	2.0	1.0	1.0					
16034.46	13.041000000001077	trials	8.0	16042.829119	16043.979309	16045.960474	16046.259417	16042.188603	16045.152498	16046.715	16047.501	1.0	2.0	1.0	1.0					
16049.42	9.579999999999927	trials	8.0	16055.160126	16056.238404			16054.314684	16056.783266			2.0		1.0	1.0					
16061.515	7.25	trials	8.0	16065.444816	16066.549128	16068.333808	16068.771876	16064.740754	16067.553132000001			1.0	2.0	0.0	3.0					
16070.675	18.145000000000437	trials	8.0	16083.904575	16085.811516	16087.111212	16087.505732	16082.984287	16086.614514	16087.805	16088.82	1.0	1.0	1.0	1.0					
16092.849	7.581000000000131	trials	8.0	16097.019567	16098.431739			16096.194767	16098.419246			1.0		0.0	2.0					
16104.445	55.05000000000109	trials	8.0	16157.179884	16158.299352	16159.187384	16159.469841	16156.212338	16158.425883			1.0	2.0	0.0	3.0					
16163.502	23.488999999999578	trials	8.0	16182.534543	16184.117241	16185.487244	16185.665312000001	16181.982477	16184.979171	16166.5	16186.991	1.0	2.0	1.0	1.0					
16190.055	11.529999999998836	trials	8.0	16197.131462	16199.022162			16196.511185	16199.406124000001			2.0		1.0	1.0					
16205.116	8.734000000000378	trials	8.0	16209.490842	16211.338489	16212.380826	16212.639999	16208.640459	16211.759072	16213.275	16213.85	1.0	2.0	1.0	1.0					
16215.9	10.675999999999476	trials	8.0	16221.791868	16223.081879	16225.054139	16225.279992	16221.168996	16224.308381	16225.72	16226.576	1.0	2.0	1.0	1.0					
16228.6	284.52499999999964	BlockDesign														0.0	712.0	732.0	50.0	90.0
16228.6	7.524999999999636	trials	9.0	16232.815685	16234.126809	16235.359571	16235.534352	16231.815504	16234.116621			1.0		0.0	2.0					
16239.185	27.611000000000786	trials	9.0	16262.094919	16263.718824			16261.581746	16264.497462			2.0		1.0	1.0					
16271.241	6.029000000000451	trials	9.0	16273.31676	16274.757615			16272.341792	16275.150149000001			2.0		1.0	1.0					
16279.818	10.322000000000116	trials	9.0	16285.017083	16286.797962	16288.593639	16288.811658	16284.023376000001	16287.979685	16289.306	16290.14	1.0	2.0	1.0	1.0					
16293.255	8.340000000000146	trials	9.0	16297.240802	16298.532143			16296.42969	16299.493377			2.0		1.0	1.0					
16305.125	7.32300000000032	trials	9.0	16307.730912	16308.812738			16307.168478	16310.254602			2.0		1.0	1.0					
16314.895	11.574999999998909	trials	9.0	16321.641183	16323.1625	16325.001035	16325.248703	16321.135376	16324.400534	16325.741	16326.47	1.0	2.0	1.0	1.0					
16330.491	15.004000000000815	trials	9.0	16338.026426	16339.890405	16345.115675000001	16345.503261	16337.464337	16340.812037			1.0	1.0	0.0	3.0					
16349.491	28.665000000000873	trials	9.0	16373.29303	16374.548481	16376.640967	16376.900025	16372.356581	16376.046712	16377.29	16378.156	1.0	2.0	1.0	1.0					
16380.195	9.110000000000582	trials	9.0	16384.636592	16386.593873	16387.561356	16387.864289	16383.699083	16387.062398000002	16388.406	16389.305	1.0	2.0	1.0	1.0					
16393.302	5.53099999999904	trials	9.0	16395.691184	16397.352267	16398.476894	16398.772422000002	16394.839362	16397.945634			1.0	1.0	0.0	3.0					
16402.89	7.760000000002037	trials	9.0	16406.316211	16408.223669	16409.098577	16409.372213	16405.643214	16408.603542	16409.795	16410.65	1.0	2.0	1.0	1.0					
16413.726	9.588999999999942	trials	9.0	16419.25325	16420.707922	16421.531955	16421.759405	16418.253645	16421.010013	16422.345	16423.315	1.0	2.0	1.0	1.0					
16426.379	8.538000000000466	trials	9.0	16430.478524	16431.743298	16433.271411	16433.480925	16429.546532	16432.806579	16434.095	16434.917	1.0	2.0	1.0	1.0					
16436.89	8.765999999999622	trials	9.0	16441.856733	16443.011958	16444.145281	16444.385826	16440.953435	16443.648279	16444.8	16445.656	1.0	2.0	1.0	1.0					
16448.694	8.611000000000786	trials	9.0	16453.427217	16455.049127			16452.494289	16455.146981			2.0		1.0	1.0					
16460.92	7.240000000001601	trials	9.0	16463.946576	16465.868455	16466.675292	16466.902398	16463.304342	16466.200215	16467.305	16468.16	1.0	2.0	1.0	1.0					
16472.18	7.444999999999709	trials	9.0	16475.480183	16477.351865	16477.904838	16478.180049	16474.617957	16477.426751	16478.625	16479.625	1.0	2.0	1.0	1.0					
16483.71	6.366000000001804	trials	9.0	16486.706616	16488.074272	16489.387595	16489.63233	16485.849348	16488.06461			1.0		0.0	2.0					
16492.085	13.235000000000582	trials	9.0	16501.402022	16503.005331			16500.556658	16503.250442			2.0		1.0	1.0					
16507.83	5.294999999998254	trials	9.0	16511.076984	16512.1707	16512.809435	16513.101298	16510.276484	16512.289565			1.0	1.0	0.0	3.0					
