onset	duration	nwb_table	block	tone_on_time	tone_off_time	action_on_time	action_off_time	pokeC_on_time	pokeC_off_time	reward_on_time	reward_off_time	state	action	reward	result	FinishedBlock	FirstTrial	LastTrial	RewardRule_L	RewardRule_R
3.268	610.487	BlockDesign														1.0	1.0	48.0	10.0	50.0
3.268	16.277	trials	1.0	15.289322000000002	16.726074			14.704286	17.260160000000003			2.0		1.0	1.0					
23.104	9.276000000000003	trials	1.0	26.427434	27.587966	28.595274	29.189258000000002	25.59	27.997054000000002			1.0	2.0	0.0	3.0					
32.938	4.381	trials	1.0	34.61698200000001	35.307897999999994	35.911137999999994	36.290126	32.377219999999994	35.29329200000001			1.0		0.0	2.0					
39.344	16.5	trials	1.0	47.897378	49.588182			47.18230200000001	50.041135999999995			2.0		1.0	1.0					
56.654	3.9549999999999983	trials	1.0	58.582924000000006	58.59943200000001	59.665136000000004	60.064634	55.843582	58.594746			1.0		0.0	2.0					
62.619	6.801000000000002	trials	1.0	64.46862800000001	66.482094	67.434044	67.726284	62.997894	66.81082	68.255	69.42	1.0	2.0	1.0	1.0					
73.434	5.700000000000003	trials	1.0	76.327286	77.358968	78.858294	79.122524	75.366442	78.171142			1.0	2.0	0.0	3.0					
81.183	8.273999999999987	trials	1.0	86.077022	87.73889600000001	88.677	89.45448400000001	85.44515	88.09837800000001			1.0	1.0	0.0	3.0					
91.058	13.550999999999988	trials	1.0	100.242284	101.614226	102.70776400000001	103.01002000000001	99.37740600000001	102.11239	103.439	104.609	1.0	2.0	1.0	1.0					
107.669	7.9750000000000085	trials	1.0	110.44723400000001	112.41481800000001	113.450528	113.726792	109.766626	112.78422400000001	114.199	115.644	1.0	2.0	1.0	1.0					
118.723	8.600999999999999	trials	1.0	123.481272	124.690458			122.81630200000001	125.148166			2.0		1.0	1.0					
129.734	6.530000000000001	trials	1.0	132.014578	133.396258			131.204388	133.95540799999998			2.0		1.0	1.0					
140.684	10.223000000000013	trials	1.0	148.302464	149.617232	150.507026	150.887778	147.42566	149.90595			1.0	1.0	0.0	3.0					
152.849	17.680000000000007	trials	1.0	167.903124	169.199638	170.254516	170.47368799999998	167.280182	169.67278399999998			1.0	2.0	0.0	3.0					
173.539	9.370000000000005	trials	1.0	179.433176	180.90106799999998			178.81828	180.88960799999998			1.0		0.0	2.0					
184.914	15.986000000000018	trials	1.0	194.968426	196.82442	197.62747	197.984352	194.13526399999998	197.057164			1.0	2.0	0.0	3.0					
200.98	4.744	trials	1.0	202.731774	203.655228	204.490882	204.545684	200.900012	203.64861199999999			1.0		0.0	2.0					
209.729	18.5	trials	1.0	222.75259799999998	224.274812	225.148258	225.61747	222.09660399999999	224.56582			1.0	2.0	0.0	3.0					
228.511	13.009000000000015	trials	1.0	236.149158	237.244206	238.545502	238.93547999999998	235.390842	237.87679599999998			1.0	1.0	0.0	3.0					
242.889	7.424999999999983	trials	1.0	246.068074	248.065094	249.987674	255.47314199999997	245.30127399999998	249.339308			1.0	2.0	0.0	3.0					
253.327	9.076999999999998	trials	1.0	259.09701	260.33512			258.14761000000004	260.332374			1.0		0.0	2.0					
265.433	6.1059999999999945	trials	1.0	267.540912	268.968212			265.93702	269.305428			2.0		1.0	1.0					
276.054	6.560000000000002	trials	1.0	277.921056	279.36980400000004	280.664584	280.806596	277.34607800000003	279.956114	281.569	282.614	1.0	2.0	1.0	1.0					
284.715	11.66500000000002	trials	1.0	288.61656200000004	289.794616			287.749608	290.184226			2.0		1.0	1.0					
296.859	4.850000000000023	trials	1.0	298.599302	300.17599	301.37469400000003	304.668222	296.37926600000003	300.604074			1.0	2.0	0.0	3.0					
303.734	5.78000000000003	trials	1.0	306.57214600000003	308.12007	309.18800600000003	309.392444	305.60704400000003	308.482252			1.0	1.0	0.0	3.0					
312.524	17.44999999999999	trials	1.0	326.463028	328.47488200000004	329.52794800000004	329.796954	325.798566	328.93003600000003			1.0	2.0	0.0	3.0					
331.864	5.430000000000007	trials	1.0	334.373292	335.67138400000005	336.92174600000004	337.29586800000004	333.41042200000004	336.29341			1.0	1.0	0.0	3.0					
340.259	26.649999999999977	trials	1.0	363.470146	364.795046	365.958362	366.230942	362.928148	365.325242			1.0	2.0	0.0	3.0					
368.308	8.622000000000014	trials	1.0	373.588462	375.056866	376.38703000000004	376.930108	372.880552	375.690442			1.0	1.0	0.0	3.0					
378.729	5.035000000000025	trials	1.0	380.69321	382.277818	383.05911000000003	383.250048	379.595676	382.36687			1.0	2.0	0.0	3.0					
386.344	10.275000000000034	trials	1.0	392.41839400000003	394.106302			391.67627400000003	394.40139800000003			2.0		1.0	1.0					
401.135	5.824000000000012	trials	1.0	402.70855600000004	404.197894			401.84429800000004	404.735276			2.0		1.0	1.0					
409.517	7.247000000000014	trials	1.0	412.45376000000005	414.25545800000003			411.49244000000004	414.59682000000004			2.0		1.0	1.0					
419.284	6.730000000000018	trials	1.0	422.28882600000003	423.946428			421.302054	423.938358			1.0		0.0	2.0					
430.043	9.248999999999967	trials	1.0	434.66622800000005	435.825672	437.384314	437.5865	433.83040600000004	436.61188000000004	438.094	439.292	1.0	2.0	1.0	1.0					
443.319	6.694999999999993	trials	1.0	446.760442	448.660704	449.69038	449.911374	445.91217800000004	449.025504			1.0	2.0	0.0	3.0					
454.029	26.370000000000005	trials	1.0	476.989174	478.392578			476.154624	478.382046			1.0		0.0	2.0					
484.448	28.946000000000026	trials	1.0	505.95277000000004	507.021424			505.357614	507.51703200000003			2.0		1.0	1.0					
514.109	5.524999999999977	trials	1.0	515.815846	517.630754			513.3949640000001	517.619054			1.0		0.0	2.0					
521.639	23.61099999999999	trials	1.0	540.5123140000001	542.151348	543.152466	543.291286	539.555026	542.501082	536.624	545.25	1.0	2.0	1.0	1.0					
548.264	7.2409999999999854	trials	1.0	551.0114580000001	552.637812	553.7498	555.505894	550.359182	553.122852			1.0	2.0	0.0	3.0					
558.105	5.468999999999937	trials	1.0	559.944888	561.482222			558.335686	561.473336			1.0		0.0	2.0					
565.584	9.674000000000092	trials	1.0	570.79502	572.50188	573.388384	573.589008	570.101248	572.8321960000001	574.17	575.258	1.0	2.0	1.0	1.0					
577.29	9.278999999999996	trials	1.0	581.141126	582.4064460000001	583.578988	583.9039740000001	580.3701980000001	582.896282			1.0	2.0	0.0	3.0					
586.904	5.794999999999959	trials	1.0	589.105096	590.678462			588.309476	590.67078			2.0		0.0	2.0					
595.704	9.5	trials	1.0	601.072136	602.6937			600.270062	602.987618			2.0		1.0	1.0					
608.749	5.005999999999972	trials	1.0	610.7849600000001	612.544412	613.444852	613.759602	609.405598	612.8235540000001			1.0	2.0	0.0	3.0					
615.824	318.485	BlockDesign														1.0	49.0	75.0	50.0	10.0
615.824	10.894000000000005	trials	2.0	621.867556	623.643062	624.748934	625.1455960000001	621.085986	624.128032	625.505	626.718	1.0	1.0	1.0	1.0					
629.764	6.460000000000036	trials	2.0	632.839876	634.81676	635.8886	636.211104	632.13414	635.181276			1.0	2.0	0.0	3.0					
639.229	11.384999999999991	trials	2.0	644.534992	646.372232	647.451142	647.927276	643.735496	646.8639380000001			1.0	1.0	0.0	3.0					
650.789	10.380999999999972	trials	2.0	652.50509	653.776824	657.268316	657.6967980000001	650.617376	655.480394			1.0	1.0	0.0	3.0					
661.559	11.399999999999977	trials	2.0	670.355306	671.662814	672.6269580000001	672.8842920000001	669.446398	672.0232080000001			1.0	1.0	0.0	3.0					
675.969	20.66999999999996	trials	2.0	690.596758	692.4917800000001	694.56571	695.07444	689.997662	693.825948	695.239	696.639	1.0	1.0	1.0	1.0					
698.668	8.725999999999999	trials	2.0	703.597166	704.7722200000001			702.669344	705.136568			2.0		1.0	1.0					
709.887	7.04200000000003	trials	2.0	712.76683	714.602474			711.9321640000001	714.738526			2.0		1.0	1.0					
719.429	13.31000000000006	trials	2.0	728.555478	729.716674	730.870856	731.149396	727.727118	730.2522220000001	731.784	732.739	1.0	1.0	1.0	1.0					
736.754	5.6200000000000045	trials	2.0	739.535658	741.062352	742.0513480000001	742.237692	738.611202	741.400304			1.0	1.0	0.0	3.0					
745.386	5.168000000000006	trials	2.0	747.002192	748.827094	750.22051	750.429874	746.217478	749.3566920000001			1.0	2.0	0.0	3.0					
754.564	8.644999999999982	trials	2.0	759.846948	761.197976			759.13221	761.188888			1.0		0.0	2.0					
765.246	21.119000000000028	trials	2.0	779.151574	780.4524680000001	784.592458	784.907804	778.631158	781.479944	785.314	786.365	1.0	1.0	1.0	1.0					
789.384	5.730000000000018	trials	2.0	792.45057	793.584182	794.796456	795.105066	791.5850800000001	794.276196			1.0	1.0	0.0	3.0					
797.119	10.669999999999959	trials	2.0	802.212724	803.53746	804.7556440000001	805.17232	801.430544	804.177766			1.0	1.0	0.0	3.0					
809.136	7.498000000000047	trials	2.0	811.121248	811.1839160000001	813.08016	816.1133080000001	807.790348	811.175852			2.0		0.0	2.0					
817.255	16.484000000000037	trials	2.0	830.57267	832.311914	833.414098	833.61369	830.03499	832.8232360000001			1.0	2.0	0.0	3.0					
837.777	5.956999999999994	trials	2.0	839.836526	840.938268	841.916158	842.226386	838.859624	841.409364	842.954	843.734	1.0	1.0	1.0	1.0					
846.755	6.835000000000036	trials	2.0	850.960928	852.17591	853.270788	853.5346480000001	849.98928	852.707894			1.0	1.0	0.0	3.0					
857.594	6.084999999999923	trials	2.0	859.5525700000001	861.16281			858.936758	861.506976			2.0		1.0	1.0					
866.222	5.09699999999998	trials	2.0	868.572086	870.077304	870.986474	871.3054	867.84216	870.4361220000001			1.0	1.0	0.0	3.0					
874.324	12.530000000000086	trials	2.0	882.641074	884.348256			882.00674	884.7608240000001			2.0		1.0	1.0					
889.374	7.298999999999978	trials	2.0	892.0713860000001	893.53898	894.718762	894.9699360000001	891.467272	893.992924	895.524	896.673	1.0	1.0	1.0	1.0					
898.694	6.4360000000000355	trials	2.0	902.496672	903.60982	904.805396	905.100572	901.603274	903.973378			1.0	2.0	0.0	3.0					
909.134	6.736999999999966	trials	2.0	911.239918	912.603298	913.896052	914.1864800000001	910.37105	913.16393	914.87	915.871	1.0	1.0	1.0	1.0					
918.935	6.924000000000092	trials	2.0	921.831516	923.09612			920.8586320000001	923.693142			2.0		1.0	1.0					
929.405	4.903999999999996	trials	2.0	931.937964	933.059416	934.231146	934.6741440000001	931.266146	933.637384			1.0	1.0	0.0	3.0					
936.564	2272.665	BlockDesign														1.0	76.0	272.0	90.0	50.0
936.564	5.7309999999999945	trials	3.0	938.381538	940.040718			937.4417540000001	940.23929			2.0		1.0	1.0					
945.871	6.233000000000061	trials	3.0	948.21011	950.033718			947.206872	950.0284340000001			1.0		0.0	2.0					
956.114	4.8559999999999945	trials	3.0	957.69712	959.4369820000001	960.5961	960.9175720000001	957.102498	959.770942			1.0	2.0	0.0	3.0					
964.973	11.968000000000075	trials	3.0	972.727358	974.234042	975.14694	975.369182	972.104024	974.636376	975.814	976.941	1.0	1.0	1.0	1.0					
980.999	8.418000000000006	trials	3.0	984.854074	986.764164	987.38121	987.6247900000001	983.97025	986.833688	988.224	989.417	1.0	1.0	1.0	1.0					
993.484	5.9950000000000045	trials	3.0	995.241708	996.583228	997.28941	997.752356	994.40428	996.836178	998.26	999.479	1.0	1.0	1.0	1.0					
1001.543	8.879999999999995	trials	3.0	1005.8194080000001	1007.531514	1008.216146	1008.541056	1004.999082	1007.6231240000001	1009.164	1010.423	1.0	1.0	1.0	1.0					
1014.496	6.45799999999997	trials	3.0	1016.769016	1018.0835020000001			1016.168446	1018.621228			2.0		1.0	1.0					
1023.449	4.939999999999941	trials	3.0	1025.642166	1026.778904	1027.977478	1028.396346	1025.06138	1027.294482			1.0	1.0	0.0	3.0					
1032.344	6.605000000000018	trials	3.0	1034.183454	1035.819936	1037.0471400000001	1037.209146	1033.130906	1036.143824	1037.814	1038.949	1.0	2.0	1.0	1.0					
1041.999	7.296000000000049	trials	3.0	1045.157978	1046.413634	1047.273632	1047.490036	1044.256608	1046.69488	1048.014	1049.295	1.0	1.0	1.0	1.0					
1051.339	7.111000000000104	trials	3.0	1055.043678	1056.448262	1057.358072	1057.626016	1054.193232	1056.435692			1.0		0.0	2.0					
1060.465	6.875	trials	3.0	1062.777162	1064.163962	1065.31063	1065.52385	1061.890138	1064.52075	1066.164	1067.34	1.0	2.0	1.0	1.0					
1070.402	6.2719999999999345	trials	3.0	1073.417218	1074.67019			1072.507134	1074.663964			1.0		0.0	2.0					
1079.684	7.995000000000118	trials	3.0	1082.977484	1084.659196	1085.709256	1085.992934	1082.067512	1084.958634	1086.414	1087.679	1.0	2.0	1.0	1.0					
1090.699	6.9099999999998545	trials	3.0	1093.442552	1094.855474	1095.595522	1095.858844	1092.59691	1095.023808	1096.42	1097.609	1.0	2.0	1.0	1.0					
1100.668	6.234000000000151	trials	3.0	1103.5422780000001	1104.64007			1102.574034	1104.801602			2.0		1.0	1.0					
1110.435	6.948000000000093	trials	3.0	1112.882168	1114.623708	1115.429374	1115.638124	1111.983336	1114.87487	1116.299	1117.383	1.0	1.0	1.0	1.0					
1119.418	7.4620000000002165	trials	3.0	1122.897908	1124.305952	1124.975016	1125.199172	1122.150454	1124.36134	1125.755	1126.88	1.0	1.0	1.0	1.0					
1128.894	9.289999999999964	trials	3.0	1133.45887	1134.61464			1132.875726	1134.611992			1.0		0.0	2.0					
1138.684	4.285000000000082	trials	3.0	1140.482812	1140.57522			1138.191658	1140.572144			2.0		0.0	2.0					
1145.683	6.5909999999998945	trials	3.0	1148.639108	1150.274512			1147.661752	1150.26752			2.0		0.0	2.0					
1156.308	7.98700000000008	trials	3.0	1159.732816	1161.27942	1162.410778	1162.61511	1159.142956	1161.731418	1163.189	1164.295	1.0	2.0	1.0	1.0					
1166.314	8.125	trials	3.0	1170.106654	1171.829362			1169.527668	1172.212292			2.0		1.0	1.0					
1177.881	8.237999999999829	trials	3.0	1179.437996	1181.040966			1178.646932	1181.036508			1.0		0.0	2.0					
1187.054	36.88499999999999	trials	3.0	1220.419636	1221.936076			1219.515124	1221.930816			1.0		0.0	2.0					
1225.949	14.490000000000009	trials	3.0	1236.33771	1237.544676	1238.530788	1240.446562	1235.782776	1237.90074			1.0	2.0	0.0	3.0					
1241.886	5.428000000000111	trials	3.0	1243.827952	1245.24999	1246.200496	1246.543252	1242.502668	1245.242198			1.0		0.0	2.0					
1250.324	9.93100000000004	trials	3.0	1257.653446	1258.839764	1259.933922	1260.1872	1256.936846	1259.265916			1.0	2.0	0.0	3.0					
1262.264	7.926000000000158	trials	3.0	1265.78798	1267.611038			1265.03016	1267.913386			2.0		1.0	1.0					
1274.644	8.375999999999976	trials	3.0	1276.636344	1277.7105080000001	1279.066618	1282.40496	1275.167924	1277.70104			1.0		0.0	2.0					
1283.779	3.740000000000009	trials	3.0	1285.443712	1285.45595	1286.345318	1286.382358	1283.024098	1285.451364			2.0		0.0	2.0					
1290.543	7.93100000000004	trials	3.0	1294.5906	1295.715144			1293.89597	1296.3838640000001			2.0		1.0	1.0					
1300.994	8.298000000000002	trials	3.0	1304.804934	1305.890688	1307.37995	1307.588006	1303.995468	1306.655498	1308.189	1309.292	1.0	2.0	1.0	1.0					
1311.319	6.884999999999991	trials	3.0	1315.46792	1316.710558	1317.891682	1318.156452	1314.528754	1317.184324			1.0	2.0	0.0	3.0					
1322.215	6.239000000000033	trials	3.0	1324.083298	1325.605616	1326.45911	1326.7278900000001	1322.781414	1325.6443100000001	1327.334	1328.454	1.0	1.0	1.0	1.0					
1332.484	6.197000000000116	trials	3.0	1334.324478	1335.594822	1336.5094080000001	1336.823652	1333.80545	1335.9416820000001	1337.199	1338.681	1.0	1.0	1.0	1.0					
1342.704	6.525000000000091	trials	3.0	1344.913848	1346.45571	1347.183056	1347.411538	1344.123366	1346.623228	1347.999	1349.229	1.0	1.0	1.0	1.0					
1351.255	7.378999999999905	trials	3.0	1355.23864	1356.580816	1357.809022	1358.002314	1354.42861	1356.571982			1.0		0.0	2.0					
1360.644	8.039999999999964	trials	3.0	1364.39056	1365.567836	1366.669852	1366.892434	1363.39622	1365.87904	1367.444	1368.684	1.0	2.0	1.0	1.0					
1370.746	7.457999999999856	trials	3.0	1374.699282	1376.141538	1377.43055	1377.545324	1373.779768	1376.134918			1.0		0.0	2.0					
1380.215	11.009000000000015	trials	3.0	1387.163934	1388.710794			1386.415662	1389.15641			2.0		1.0	1.0					
1394.761	6.143000000000029	trials	3.0	1396.747682	1398.340128			1396.009268	1398.682256			2.0		1.0	1.0					
1404.439	8.820999999999913	trials	3.0	1406.45383	1408.121458	1410.140298	1410.461542	1405.265668	1408.109484			1.0		0.0	2.0					
1414.189	4.879999999999882	trials	3.0	1416.203976	1417.017322	1417.7870540000001	1418.0808240000001	1413.265696	1417.010048			1.0		0.0	2.0					
1422.121	5.49799999999982	trials	3.0	1424.125444	1425.57104	1426.232466	1426.4328620000001	1423.34498	1425.560618			1.0		0.0	2.0					
1430.594	13.474999999999909	trials	3.0	1440.4236720000001	1441.500732			1439.630728	1441.990196	1443.742	1444.069	2.0		1.0	1.0					
1447.134	5.643000000000029	trials	3.0	1448.979434	1450.6919540000001	1451.3853100000001	1451.593548	1448.146038	1450.68449			1.0		0.0	2.0					
1456.825	9.134000000000015	trials	3.0	1462.92413	1463.89657			1462.084982	1463.893114			1.0		0.0	2.0					
1467.965	7.094000000000051	trials	3.0	1471.454496	1473.038952	1473.995018	1474.173474	1470.869452	1473.281714			1.0	2.0	1.0	1.0					
1478.56	5.820000000000164	trials	3.0	1481.685904	1483.17855	1484.05211	1484.24477	1480.875214	1483.40379			1.0	2.0	0.0	3.0					
1488.389	6.951000000000022	trials	3.0	1491.105758	1492.65607	1493.244778	1493.5669	1490.187258	1492.709896	1494.061	1495.34	1.0	1.0	1.0	1.0					
1497.384	8.701000000000022	trials	3.0	1501.97966	1503.102754	1503.94975	1504.19416	1501.000696	1503.2007820000001	1504.729	1506.085	1.0	1.0	1.0	1.0					
1508.139	8.190000000000055	trials	3.0	1511.77955	1513.196346	1514.20431	1514.435448	1511.0801940000001	1513.516836	1515.014	1516.329	1.0	2.0	1.0	1.0					
1518.399	9.106000000000222	trials	3.0	1522.285156	1523.412208			1521.378746	1523.39989			1.0		0.0	2.0					
1529.424	16.555000000000064	trials	3.0	1542.082638	1543.151716			1541.382074	1543.769588	1538.659	1538.811	2.0		1.0	1.0					
1550.459	5.395999999999958	trials	3.0	1552.0396680000001	1553.7869680000001	1554.448402	1554.78822	1550.960088	1553.778082			1.0		0.0	2.0					
1558.918	5.766000000000076	trials	3.0	1560.6814	1562.168466			1558.994014	1562.434348			2.0		1.0	1.0					
1568.194	6.095000000000027	trials	3.0	1569.948074	1571.27176	1572.18071	1572.390148	1568.98075	1571.554718	1572.894	1574.289	1.0	1.0	1.0	1.0					
1576.367	8.307000000000016	trials	3.0	1580.655238	1581.792558	1582.621418	1582.821314	1579.671078	1582.061704	1583.409	1584.674	1.0	1.0	1.0	1.0					
1588.709	6.6879999999998745	trials	3.0	1591.08465	1592.5320140000001	1593.32781	1593.537296	1590.532312	1592.702268	1594.144	1595.397	1.0	1.0	1.0	1.0					
1599.435	5.802000000000135	trials	3.0	1601.188742	1602.98285			1600.531116	1603.091106			2.0		1.0	1.0					
1608.809	8.2650000000001	trials	3.0	1612.235206	1613.986936	1614.879832	1615.175314	1611.588514	1614.13713	1615.569	1617.074	1.0	1.0	1.0	1.0					
1621.135	4.861000000000104	trials	3.0	1623.282602	1623.916722			1622.434308	1623.902666			1.0		0.0	2.0					
1630.011	6.203999999999951	trials	3.0	1631.915258	1633.050902	1634.119662	1634.270308	1631.171834	1633.124934	1634.844	1636.215	1.0	2.0	1.0	1.0					
1640.259	4.889999999999873	trials	3.0	1642.267022	1643.952178	1644.865552	1645.0013920000001	1641.690582	1644.09702			1.0	2.0	0.0	3.0					
1649.185	6.683999999999969	trials	3.0	1651.735496	1653.0856	1653.739046	1654.051428	1650.894094	1653.01295	1654.499	1655.869	1.0	1.0	1.0	1.0					
1658.918	5.761000000000195	trials	3.0	1661.645538	1662.681474	1663.548538	1663.923892	1661.11098	1662.668528			1.0		0.0	2.0					
1666.714	7.910000000000082	trials	3.0	1668.705148	1670.007106	1670.933632	1674.630868	1667.485478	1670.003784			1.0		0.0	2.0					
1675.109	7.8960000000001855	trials	3.0	1679.178556	1680.676892			1678.201128	1680.84382			2.0		1.0	1.0					
1686.558	6.622000000000071	trials	3.0	1688.835512	1689.852638	1691.126918	1691.271992	1688.238556	1690.485786	1691.904	1693.18	1.0	1.0	1.0	1.0					
1696.204	6.775000000000091	trials	3.0	1698.8129020000001	1700.479172			1698.239396	1700.849902			2.0		1.0	1.0					
1706.529	6.595000000000027	trials	3.0	1708.705536	1710.616794			1707.9035860000001	1710.948962			2.0		1.0	1.0					
1715.639	6.009999999999991	trials	3.0	1718.086416	1719.649296			1717.520104	1719.630944			1.0		0.0	2.0					
1723.699	8.211000000000013	trials	3.0	1726.93589	1728.635658	1729.85063	1730.005922	1726.075346	1728.983792	1730.734	1731.91	1.0	2.0	1.0	1.0					
1733.977	8.737999999999829	trials	3.0	1738.579454	1739.61273	1740.487474	1740.748356	1737.84043	1739.667486	1741.17	1742.715	1.0	2.0	1.0	1.0					
1744.746	9.343999999999824	trials	3.0	1748.8963840000001	1750.482336	1751.432414	1751.976038	1747.929446	1750.80672			1.0	2.0	0.0	3.0					
1754.769	11.670000000000073	trials	3.0	1761.98611	1763.5567800000001	1764.440172	1764.649886	1761.239818	1763.588966	1765.17	1766.439	1.0	2.0	1.0	1.0					
1769.543	7.666000000000167	trials	3.0	1772.691572	1773.9228620000001	1776.7875020000001	1777.21635	1772.0333620000001	1773.914164			1.0		0.0	2.0					
1778.989	5.75	trials	3.0	1781.55161	1782.684506			1780.582636	1782.666536			1.0		0.0	2.0					
1786.764	25.795000000000073	trials	3.0	1807.090716	1808.623644	1809.249656	1809.294954	1806.2373440000001	1808.6154080000001			1.0		0.0	2.0					
1813.718	10.530999999999949	trials	3.0	1821.311812	1822.185098			1820.388566	1822.1767360000001			1.0		0.0	2.0					
1826.259	14.776000000000067	trials	3.0	1832.596482	1834.288378			1831.8565	1834.619602			2.0		1.0	1.0					
1841.341	7.098000000000184	trials	3.0	1843.224388	1844.342242			1841.045722	1844.333336			1.0		0.0	2.0					
1850.395	12.39799999999991	trials	3.0	1859.286436	1860.778958	1861.713104	1861.921742	1858.581242	1860.77017			1.0		0.0	2.0					
1865.809	17.039999999999964	trials	3.0	1878.40246	1879.5684820000001	1880.7531020000001	1881.114432	1877.607936	1880.111368	1881.42	1882.849	1.0	1.0	1.0	1.0					
1886.874	6.444999999999936	trials	3.0	1889.26816	1890.568748			1888.453604	1891.174112			2.0		1.0	1.0					
1896.901	5.842999999999847	trials	3.0	1898.49159	1899.7443660000001	1900.710914	1901.004514	1897.422636	1900.023512	1901.529	1902.744	1.0	1.0	1.0	1.0					
1906.81	8.57899999999995	trials	3.0	1909.528956	1910.858868	1911.515548	1911.62942	1908.586382	1910.848044			1.0		0.0	2.0					
1916.874	12.5	trials	3.0	1925.03537	1926.369948	1927.4271880000001	1927.705172	1924.289608	1926.869698	1928.144	1929.374	1.0	1.0	1.0	1.0					
1932.449	7.5349999999998545	trials	3.0	1935.661898	1937.479942			1934.938598	1937.754358			2.0		1.0	1.0					
1944.509	5.080999999999904	trials	3.0	1946.416678	1947.595254	1948.269002	1948.425436	1945.047994	1947.588536			1.0		0.0	2.0					
1951.639	7.261000000000195	trials	3.0	1953.9167	1954.779338	1958.436836	1958.90667	1953.190004	1954.775792			1.0		0.0	2.0					
1959.899	5.472000000000207	trials	3.0	1962.051806	1963.370304	1964.555472	1964.841612	1960.459686	1963.363434			1.0		0.0	2.0					
1969.384	5.589999999999918	trials	3.0	1970.912242	1972.16474	1973.097166	1973.410016	1969.792014	1972.5265200000001	1973.88	1974.974	1.0	1.0	1.0	1.0					
1977.989	5.632000000000062	trials	3.0	1980.967068	1982.321836	1983.274412	1983.612988	1980.345552	1982.697788			1.0	1.0	0.0	3.0					
1987.639	5.895000000000209	trials	3.0	1989.687536	1991.163714	1992.328798	1992.544856	1987.94848	1991.430522			1.0	2.0	0.0	3.0					
1994.649	5.731000000000222	trials	3.0	1997.422906	1998.324568	1999.037316	1999.095456	1996.726128	1998.313902			1.0		0.0	2.0					
2002.384	19.348999999999933	trials	3.0	2017.081242	2018.588156	2019.636582	2019.8773820000001	2016.389534	2019.03063	2020.38	2021.733	1.0	1.0	1.0	1.0					
2023.754	8.416000000000167	trials	3.0	2028.187982	2029.669074			2027.680352	2030.046562			2.0		1.0	1.0					
2035.733	7.897000000000162	trials	3.0	2039.612514	2041.5687580000001			2038.719898	2041.504354			2.0		1.0	1.0					
2046.183	7.356000000000222	trials	3.0	2050.332378	2051.489888			2049.465128	2051.478828			1.0		0.0	2.0					
2055.589	47.429999999999836	trials	3.0	2098.5678080000002	2100.41555			2098.012316	2100.699466	2059.409	2059.604	2.0		1.0	1.0					
2105.479	7.026000000000295	trials	3.0	2107.783898	2109.624384	2110.536268	2110.826516	2107.266658	2109.937222	2111.259	2112.505	1.0	1.0	1.0	1.0					
2116.527	6.58199999999988	trials	3.0	2118.252486	2120.19476	2121.186458	2121.414794	2117.22556	2120.652918	2122.13	2123.109	1.0	1.0	1.0	1.0					
2125.136	8.213000000000193	trials	3.0	2129.22531	2130.790544			2128.562264	2131.076922			2.0		1.0	1.0					
2135.869	8.184999999999945	trials	3.0	2139.415762	2141.07371	2141.907736	2142.181136	2138.696792	2141.28444	2142.554	2144.054	1.0	1.0	1.0	1.0					
2147.079	10.960000000000036	trials	3.0	2154.219666	2156.044788			2153.451784	2156.034876			1.0		0.0	2.0					
2160.06	25.019000000000233	trials	3.0	2178.817	2180.488896			2177.955514	2180.472514			1.0		0.0	2.0					
2185.489	20.980999999999767	trials	3.0	2202.413136	2203.480482	2204.593804	2204.783962	2201.658836	2203.9276800000002	2205.354	2206.47	1.0	2.0	1.0	1.0					
2210.509	7.875	trials	3.0	2213.306504	2214.565952	2215.540584	2215.81502	2212.607212	2214.959204			1.0	2.0	0.0	3.0					
2219.913	11.68600000000015	trials	3.0	2227.678054	2228.7510740000002	2229.671852	2229.899826	2226.737372	2228.9018340000002	2230.299	2231.599	1.0	2.0	1.0	1.0					
2235.639	5.355000000000018	trials	3.0	2237.208196	2238.776356	2239.924084	2240.64538	2236.466754	2239.2282			1.0	2.0	0.0	3.0					
2242.293	6.225999999999658	trials	3.0	2244.90842	2246.450616			2244.312346	2246.447816			1.0		0.0	2.0					
2252.524	19.01000000000022	trials	3.0	2266.903712	2268.530802	2269.49079	2269.7485540000002	2266.074654	2268.890456	2270.264	2271.534	1.0	2.0	1.0	1.0					
2274.559	8.25	trials	3.0	2278.09605	2279.440846	2280.552118	2280.75776	2277.325082	2279.775834	2281.309	2282.809	1.0	2.0	1.0	1.0					
2284.834	9.815000000000055	trials	3.0	2290.73329	2292.140134			2289.766848	2292.39739			2.0		1.0	1.0					
2297.179	7.400000000000091	trials	3.0	2299.796976	2301.305086	2302.484164	2302.70661	2299.223848	2301.700128	2303.234	2304.579	1.0	2.0	1.0	1.0					
2307.621	7.777999999999793	trials	3.0	2311.395686	2312.795648			2310.7218080000002	2313.1246340000002			2.0		1.0	1.0					
2319.927	4.86200000000008	trials	3.0	2322.223634	2323.320942	2324.475828	2324.697784	2321.30482	2323.671844			1.0	2.0	0.0	3.0					
2327.799	6.648000000000138	trials	3.0	2329.585476	2331.38401	2332.3031300000002	2332.6000480000002	2328.872402	2331.591576	2332.989	2334.447	1.0	1.0	1.0	1.0					
2338.469	6.5900000000001455	trials	3.0	2341.253832	2342.305138			2340.483106	2342.931076			2.0		1.0	1.0					
2349.624	5.265000000000327	trials	3.0	2351.223954	2352.830836	2353.798684	2354.08828	2349.711284	2352.827902			1.0		0.0	2.0					
2356.902	6.616999999999734	trials	3.0	2360.314584	2361.741436	2362.956258	2363.531772	2359.535854	2362.169774			1.0	2.0	0.0	3.0					
2366.274	37.54500000000007	trials	3.0	2399.855848	2401.318992			2399.006228	2401.713872			2.0		1.0	1.0					
2407.34	5.523999999999887	trials	3.0	2409.405064	2411.101198	2412.553138	2412.826414	2408.8520320000002	2411.871558			1.0	1.0	0.0	3.0					
2414.874	8.014000000000124	trials	3.0	2419.668842	2421.657506	2422.527254	2422.818086	2418.79438	2421.607988			1.0	2.0	0.0	3.0					
2425.894	6.705000000000382	trials	3.0	2428.730704	2429.751174	2430.560922	2430.867542	2427.854534	2429.91026	2431.389	2432.599	1.0	1.0	1.0	1.0					
2434.636	8.91800000000012	trials	3.0	2438.900946	2440.62889	2441.571778	2441.798786	2438.070838	2440.92581	2442.409	2443.554	1.0	2.0	1.0	1.0					
2446.624	7.850000000000364	trials	3.0	2450.624668	2452.224278			2449.741784	2452.349966			2.0		1.0	1.0					
2459.044	5.920000000000073	trials	3.0	2460.6005	2461.826688	2462.843482	2463.142544	2459.100832	2462.177824	2463.644	2464.964	1.0	1.0	1.0	1.0					
2468.989	19.740999999999985	trials	3.0	2485.4293900000002	2486.735614			2484.82367	2486.728808			1.0		0.0	2.0					
2490.761	38.80799999999999	trials	3.0	2525.306276	2526.35119	2527.6341820000002	2527.9682	2524.742784	2527.0679020000002	2528.489	2529.569	1.0	1.0	1.0	1.0					
2531.599	6.289999999999964	trials	3.0	2535.00979	2536.506318	2537.437448	2537.904298	2534.450852	2536.867048			1.0	1.0	0.0	3.0					
2540.769	7.920000000000073	trials	3.0	2542.695482	2544.063542			2541.52848	2544.060416			1.0		0.0	2.0					
2549.13	14.266000000000076	trials	3.0	2558.996564	2560.156736	2561.538156	2561.762778	2558.139664	2560.9888260000002	2562.239	2563.396	1.0	2.0	1.0	1.0					
2566.418	6.655999999999949	trials	3.0	2568.781676	2570.56369			2568.210992	2570.84299			2.0		1.0	1.0					
2576.621	5.706000000000131	trials	3.0	2578.5563740000002	2579.822164			2577.262626	2580.169972			2.0		1.0	1.0					
2584.855	8.11700000000019	trials	3.0	2588.090178	2589.961514	2590.942966	2591.152922	2587.083798	2590.242544	2591.734	2592.972	1.0	1.0	1.0	1.0					
2594.989	10.391000000000076	trials	3.0	2599.165556	2600.25304	2601.324342	2601.5218800000002	2598.270538	2600.676398			1.0	2.0	0.0	3.0					
2605.669	3.680000000000291	trials	3.0	2607.32061	2607.35774			2605.391766	2607.344324			2.0		0.0	2.0					
2611.374	4.790000000000418	trials	3.0	2613.130532	2614.993688	2615.844548	2616.029692	2611.56417	2615.203194			1.0	2.0	0.0	3.0					
2620.183	7.11200000000008	trials	3.0	2622.1872240000002	2623.9989180000002	2625.13489	2625.440678	2621.298214	2624.419366	2625.914	2627.295	1.0	1.0	1.0	1.0					
2630.319	7.255000000000109	trials	3.0	2633.065242	2634.54219	2635.545212	2635.778746	2632.372	2634.905118	2636.34	2637.574	1.0	2.0	1.0	1.0					
2639.594	6.570000000000164	trials	3.0	2643.120554	2644.73317	2645.829072	2646.176134	2642.56587	2645.057122			1.0	2.0	0.0	3.0					
2649.159	5.9229999999997744	trials	3.0	2650.678646	2652.167382	2652.880524	2653.253748	2649.215562	2652.147336	2653.649	2655.082	1.0	1.0	1.0	1.0					
2657.119	9.91399999999976	trials	3.0	2662.274396	2664.074538	2664.9319	2665.170528	2661.436272	2664.1861440000002	2665.774	2667.033	1.0	2.0	1.0	1.0					
2670.079	10.588999999999942	trials	3.0	2674.03095	2675.75224	2676.959416	2677.192714	2673.306796	2676.069468			1.0	2.0	0.0	3.0					
2681.274	12.390000000000327	trials	3.0	2689.173888	2691.052212			2688.420794	2691.37414			2.0		1.0	1.0					
2696.153	7.111000000000331	trials	3.0	2699.055434	2700.352154	2701.18278	2701.482614	2698.306308	2700.613006	2701.994	2703.264	1.0	1.0	1.0	1.0					
2706.329	7.050999999999931	trials	3.0	2709.497302	2710.762402			2708.495738	2711.080396			2.0		1.0	1.0					
2715.873	7.5900000000001455	trials	3.0	2718.959294	2720.467676	2721.198282	2721.40015	2718.210486	2720.598876	2721.965	2723.463	1.0	1.0	1.0	1.0					
2726.349	6.4699999999998	trials	3.0	2729.693304	2730.76289			2729.092138	2730.755072			1.0		0.0	2.0					
2736.829	6.2199999999998	trials	3.0	2739.871102	2741.8074500000002	2742.737768	2743.035246	2738.900204	2741.9574860000002			1.0	2.0	0.0	3.0					
2747.059	6.099999999999909	trials	3.0	2748.881224	2750.597244			2747.529524	2750.900872			2.0		1.0	1.0					
2757.636	5.536999999999807	trials	3.0	2759.269224	2760.363478	2761.072486	2761.398388	2757.74871	2760.512288	2761.719	2763.173	1.0	1.0	1.0	1.0					
2767.249	6.290000000000418	trials	3.0	2769.20721	2770.963272			2768.157334	2771.427744			2.0		1.0	1.0					
2777.07	6.658999999999651	trials	3.0	2778.983054	2780.42392	2781.467756	2781.80244	2778.094768	2780.86807	2782.215	2783.729	1.0	1.0	1.0	1.0					
2787.779	8.019999999999982	trials	3.0	2790.732816	2792.597084	2793.538728	2793.80684	2790.12431	2792.927266	2794.304	2795.799	1.0	1.0	1.0	1.0					
2797.863	10.280999999999949	trials	3.0	2802.696552	2804.61704	2806.048802	2806.468588	2802.101816	2804.961156	2806.859	2808.144	1.0	1.0	1.0	1.0					
2810.17	10.210999999999785	trials	3.0	2814.221422	2815.484556	2817.085262	2817.623052	2813.487638	2816.417044			1.0	2.0	0.0	3.0					
2821.454	12.269999999999982	trials	3.0	2828.31297	2830.25843	2831.610548	2831.877686	2827.54592	2830.931576	2832.394	2833.724	1.0	1.0	1.0	1.0					
2835.784	8.855000000000018	trials	3.0	2839.487226	2841.38362	2842.27372	2842.5543940000002	2838.971606	2841.741128	2842.974	2844.639	1.0	1.0	1.0	1.0					
2847.683	6.501000000000204	trials	3.0	2850.391382	2851.413506			2849.465694	2852.0474560000002			2.0		1.0	1.0					
2857.719	6.371000000000095	trials	3.0	2860.447154	2861.542154			2859.522806	2861.981164			2.0		1.0	1.0					
2866.621	7.682999999999993	trials	3.0	2869.006828	2870.954296	2871.82088	2872.113942	2868.407446	2871.2227980000002	2872.534	2874.304	1.0	1.0	1.0	1.0					
2878.355	5.891999999999825	trials	3.0	2880.25237	2881.472492	2882.18786	2882.3965200000002	2879.456042	2881.608978	2883.005	2884.247	1.0	1.0	1.0	1.0					
2887.275	6.501999999999953	trials	3.0	2890.426706	2891.728628	2893.058226	2893.243734	2889.676188	2891.720608			1.0		0.0	2.0					
2897.789	4.489999999999782	trials	3.0	2899.577992	2900.275316			2898.148746	2900.267316			1.0		0.0	2.0					
2904.308	15.661000000000058	trials	3.0	2915.391748	2916.6589	2917.956928	2918.25823	2914.394282	2917.305338	2918.854	2919.969	1.0	1.0	1.0	1.0					
2924.035	6.135000000000218	trials	3.0	2926.23824	2927.674176			2925.63136	2927.96198			2.0		1.0	1.0					
2934.694	5.192000000000007	trials	3.0	2936.392068	2937.881508			2934.94275	2937.867188			1.0		0.0	2.0					
2942.945	10.503999999999905	trials	3.0	2949.027808	2950.464098	2951.480876	2951.746268	2948.446378	2950.822344	2952.194	2953.449	1.0	2.0	1.0	1.0					
2955.494	9.054999999999836	trials	3.0	2958.782388	2960.63807	2961.632508	2961.882982	2958.169248	2960.978854			1.0	2.0	0.0	3.0					
2964.949	17.75	trials	3.0	2978.592256	2980.183702	2981.152928	2982.715964	2977.73472	2980.529464			1.0	2.0	0.0	3.0					
2983.471	5.4780000000000655	trials	3.0	2985.457358	2986.594274			2983.4882000000002	2986.81016			2.0		1.0	1.0					
2992.441	6.628000000000156	trials	3.0	2994.266932	2996.092118	2996.948054	2997.20298	2993.5954	2996.394192	2997.634	2999.069	1.0	1.0	1.0	1.0					
3002.121	8.429000000000087	trials	3.0	3005.922334	3007.584404	3008.474814	3008.7286	3005.028966	3007.87677	3009.244	3010.55	1.0	1.0	1.0	1.0					
3012.574	7.920000000000073	trials	3.0	3017.017444	3018.44117			3016.0245800000002	3018.429738			1.0		0.0	2.0					
3023.499	6.269999999999982	trials	3.0	3025.505836	3027.170474			3024.747342	3027.596498			2.0		1.0	1.0					
3034.209	4.970000000000255	trials	3.0	3036.093378	3037.134298	3038.868834	3039.172282	3035.405362	3038.00965			1.0	2.0	0.0	3.0					
3041.214	7.26299999999992	trials	3.0	3044.314062	3045.354148	3046.363246	3046.70386	3043.538762	3045.697482	3047.13	3048.477	1.0	1.0	1.0	1.0					
3051.509	7.811000000000149	trials	3.0	3054.427782	3055.744848	3056.917226	3057.296352	3053.885026	3056.362216	3057.67	3059.32	1.0	1.0	1.0	1.0					
3063.371	7.367999999999938	trials	3.0	3065.738528	3067.683784	3068.604854	3068.891562	3064.785136	3067.961006	3069.394	3070.739	1.0	1.0	1.0	1.0					
3072.81	10.059000000000196	trials	3.0	3077.873404	3079.990046	3080.685274	3080.927984	3077.040138	3080.131796	3081.599	3082.869	1.0	1.0	1.0	1.0					
3084.935	9.789000000000215	trials	3.0	3090.08665	3091.95153	3092.597492	3092.825062	3089.564078	3091.878864	3093.369	3094.724	1.0	1.0	1.0	1.0					
3096.744	8.279999999999745	trials	3.0	3101.21705	3102.46084			3100.45906	3102.865078			2.0		1.0	1.0					
3109.543	6.475999999999658	trials	3.0	3111.422834	3113.215314	3113.873724	3114.112134	3110.47938	3113.209504	3114.559	3116.019	1.0	1.0	1.0	1.0					
3118.045	7.903999999999996	trials	3.0	3122.578378	3123.95582			3121.74339	3123.94981			1.0		0.0	2.0					
3129.002	6.572000000000116	trials	3.0	3131.234932	3133.075072			3130.4922	3133.383338			2.0		1.0	1.0					
3138.105	6.9789999999998145	trials	3.0	3141.136672	3142.57528			3140.198804	3143.022924			2.0		1.0	1.0					
3149.605	7.677000000000135	trials	3.0	3151.50343	3152.641054	3153.451938	3153.629652	3149.780248	3152.635252			1.0		0.0	2.0					
3158.652	9.91800000000012	trials	3.0	3162.673096	3163.835566	3165.20985	3165.830258	3162.130102	3163.831266			1.0		0.0	2.0					
3168.871	11.722999999999956	trials	3.0	3175.910036	3177.800452	3178.521982	3178.833494	3175.20442	3178.070842	3168.999	3180.594	1.0	1.0	1.0	1.0					
3182.662	9.481999999999971	trials	3.0	3186.84968	3188.09703	3188.947438	3189.20414	3186.043874	3188.459352			1.0	1.0	0.0	3.0					
3193.265	6.463999999999942	trials	3.0	3196.095988	3197.169674			3195.2739500000002	3197.524686			2.0		1.0	1.0					
3202.199	7.029999999999745	trials	3.0	3204.525204	3206.3316	3207.123936	3207.3763	3203.691564	3206.59594	3207.909	3209.229	1.0	1.0	1.0	1.0					
3211.294	472.9100000000003	BlockDesign														1.0	273.0	308.0	50.0	90.0
3211.294	7.501000000000204	trials	4.0	3215.048734	3216.772082			3214.115422	3216.762402			2.0		0.0	2.0					
3220.809	4.4399999999996	trials	4.0	3222.575624	3224.00063	3224.933096	3225.25342	3221.391628	3224.327912			1.0	1.0	0.0	3.0					
3227.256	5.9909999999999854	trials	4.0	3229.119178	3230.305398	3231.395914	3231.585686	3228.479898	3230.642032	3232.139	3233.247	1.0	2.0	1.0	1.0					
3236.269	7.535000000000309	trials	4.0	3238.811592	3240.857636	3241.632718	3241.875526	3238.1733560000002	3241.0769960000002	3242.344	3243.804	1.0	2.0	1.0	1.0					
3247.839	6.800000000000182	trials	4.0	3250.088602	3251.360854	3252.356672	3252.753866	3249.345146	3251.73554	3253.124	3254.639	1.0	2.0	1.0	1.0					
3257.669	6.5900000000001455	trials	4.0	3260.44459	3262.201622			3259.715838	3262.193296			1.0		0.0	2.0					
3267.274	66.23700000000008	trials	4.0	3330.50901	3331.509822	3332.406022	3332.553588	3329.681498	3331.503196			1.0		0.0	2.0					
3337.519	25.50500000000011	trials	4.0	3359.6146	3360.956632	3362.051508	3362.4937840000002	3358.759184	3360.951526			1.0		0.0	2.0					
3366.043	8.55099999999993	trials	4.0	3368.114648	3369.442744	3373.47783	3373.943388	3367.45261	3369.636728			1.0	2.0	1.0	1.0					
3377.029	8.06100000000015	trials	4.0	3380.779826	3382.336518	3383.176746	3383.37687	3379.80714	3382.513538	3383.999	3385.09	1.0	2.0	1.0	1.0					
3387.114	7.023000000000138	trials	4.0	3389.753716	3390.985158	3392.077498	3392.23428	3388.8494180000002	3391.06011	3392.704	3394.137	1.0	2.0	1.0	1.0					
3396.204	5.8409999999998945	trials	4.0	3399.2668	3399.956018	3401.62311	3402.061962	3398.322714	3399.950616			1.0		0.0	2.0					
3404.959	9.958000000000084	trials	4.0	3409.772716	3411.730436	3412.599112	3412.802996	3409.237152	3412.02389	3407.144	3414.917	1.0	2.0	1.0	1.0					
3418.824	13.585000000000036	trials	4.0	3425.400254	3426.57709	3429.532396	3432.42674	3424.491076	3426.56058			1.0		0.0	2.0					
3432.605	14.918999999999869	trials	4.0	3443.62502	3445.024446			3442.720632	3445.353264			2.0		1.0	1.0					
3451.074	6.300999999999931	trials	4.0	3452.823862	3454.813074			3451.463368	3455.0661880000002			2.0		1.0	1.0					
3461.871	6.027999999999793	trials	4.0	3463.5545740000002	3464.9121020000002	3465.808258	3466.164232	3462.58346	3465.319738	3466.399	3467.899	1.0	2.0	1.0	1.0					
3470.962	11.583000000000084	trials	4.0	3478.28854	3479.68213			3477.655516	3480.207446	3482.209	3482.434	2.0		1.0	1.0					
3484.989	7.248999999999796	trials	4.0	3487.749986	3489.231372	3490.172008	3490.324338	3487.208864	3489.504478	3490.994	3492.238	1.0	2.0	1.0	1.0					
3495.13	6.699000000000069	trials	4.0	3497.370518	3498.672076	3499.743134	3499.947082	3496.559896	3499.046094	3500.389	3501.829	1.0	2.0	1.0	1.0					
3503.889	8.25	trials	4.0	3507.468974	3508.902354	3509.986138	3510.200264	3506.739264	3509.27058	3510.654	3512.139	1.0	2.0	1.0	1.0					
3514.154	8.260000000000218	trials	4.0	3517.830636	3519.167216	3520.142128	3520.380632	3517.22615	3519.483078	3520.914	3522.414	1.0	2.0	1.0	1.0					
3526.449	6.2599999999997635	trials	4.0	3528.205622	3529.48601	3530.420452	3530.644168	3527.289194	3529.80696	3531.194	3532.709	1.0	2.0	1.0	1.0					
3536.734	29.731000000000222	trials	4.0	3560.253822	3562.131564	3563.0962	3563.358796	3559.60464	3562.467948			1.0	1.0	0.0	3.0					
3567.469	11.904999999999745	trials	4.0	3575.345254	3576.766652			3574.41252	3577.075238			2.0		1.0	1.0					
3582.931	5.824000000000069	trials	4.0	3584.826022	3586.142092			3583.704208	3586.476088			2.0		1.0	1.0					
3592.219	5.920000000000073	trials	4.0	3594.06741	3595.092376	3596.07278	3596.349618	3592.586112	3595.449818	3596.934	3598.139	1.0	1.0	1.0	1.0					
3600.2	6.5890000000003965	trials	4.0	3602.753388	3604.299144			3602.071914	3604.57338			2.0		1.0	1.0					
3610.324	6.099999999999909	trials	4.0	3612.040938	3613.368368	3614.310868	3614.5101720000002	3610.943964	3613.523042	3615.029	3616.424	1.0	2.0	1.0	1.0					
3620.484	6.550000000000182	trials	4.0	3622.366302	3624.360966	3624.899208	3625.142632	3621.246024	3624.329744	3625.584	3627.034	1.0	1.0	1.0	1.0					
3630.099	6.065000000000055	trials	4.0	3632.001154	3633.19067	3634.16332	3634.412698	3631.472098	3633.581794	3634.884	3636.164	1.0	1.0	1.0	1.0					
3640.189	8.527000000000044	trials	4.0	3642.48821	3644.109178			3641.5344020000002	3644.104968			1.0		0.0	2.0					
3649.124	4.205000000000382	trials	4.0	3651.192726	3651.34042			3648.7369360000002	3651.329664			1.0		0.0	2.0					
3656.34	6.914999999999964	trials	4.0	3659.996048	3661.267456			3659.010836	3661.257792			1.0		0.0	2.0					
3665.264	7.984999999999673	trials	4.0	3668.56743	3669.877816	3671.193302	3671.505196	3667.93831	3670.619162	3671.854	3673.249	1.0	2.0	1.0	1.0					
3675.274	8.930000000000291	trials	4.0	3679.41934	3681.102796	3682.030606	3682.268982	3678.89403	3681.444952	3682.874	3684.204	1.0	2.0	1.0	1.0					
3687.275	1564.891	BlockDesign														1.0	309.0	437.0	10.0	50.0
3687.275	14.894999999999982	trials	5.0	3693.934456	3695.985914			3693.3534720000002	3696.29919			2.0		1.0	1.0					
3703.024	3.880000000000109	trials	5.0	3704.810802	3704.912874	3705.630172	3706.051302	3702.186624	3704.899956			1.0		0.0	2.0					
3709.919	8.423999999999978	trials	5.0	3713.756276	3715.313638	3716.20931	3716.388032	3712.823532	3715.629618	3716.984	3718.343	1.0	2.0	1.0	1.0					
3722.38	6.460000000000036	trials	5.0	3724.081382	3725.928994	3726.61763	3726.883522	3723.509778	3725.872162	3727.354	3728.84	1.0	2.0	1.0	1.0					
3732.854	8.03500000000031	trials	5.0	3735.87668	3737.075036	3737.697172	3740.1863280000002	3735.263734	3737.068156			1.0		0.0	2.0					
3741.089	3.7200000000002547	trials	5.0	3742.752896	3742.825178	3744.297758	3744.550436	3740.907888	3742.812644			1.0		0.0	2.0					
3748.82	10.184999999999945	trials	5.0	3752.806172	3754.037486	3755.703356	3755.956048	3752.274732	3755.0042280000002			1.0	2.0	0.0	3.0					
3760.027	10.119000000000142	trials	5.0	3765.439712	3767.030048	3768.15907	3768.387298	3764.49098	3767.515164	3768.954	3770.146	1.0	2.0	1.0	1.0					
3773.16	9.69399999999996	trials	5.0	3776.38161	3778.18395	3779.076972	3779.351172	3775.78284	3778.484598			1.0	2.0	0.0	3.0					
3783.34	5.539999999999964	trials	5.0	3785.228214	3786.323878			3782.872106	3786.65171			2.0		1.0	1.0					
3792.34	6.733999999999924	trials	5.0	3796.106464	3797.548484	3798.753738	3799.033428	3795.37645	3798.079708			1.0	1.0	0.0	3.0					
3801.084	6.525000000000091	trials	5.0	3803.08985	3805.09347	3806.2149640000002	3807.627708	3802.150624	3805.443808			1.0	2.0	0.0	3.0					
3808.545	6.4090000000001055	trials	5.0	3811.65314	3812.83542	3814.44945	3814.972854	3810.986612	3813.480762			1.0	1.0	0.0	3.0					
3816.764	6.530999999999949	trials	5.0	3818.847116	3820.688076			3817.993594	3821.00046			2.0		1.0	1.0					
3826.777	6.7719999999999345	trials	5.0	3828.796732	3830.779608	3831.654958	3831.832342	3827.82534	3831.080868	3832.474	3833.549	1.0	1.0	1.0	1.0					
3835.599	18.873999999999796	trials	5.0	3849.396448	3850.438414	3851.52748	3851.7501	3848.432558	3850.963132			1.0	2.0	0.0	3.0					
3855.849	22.674999999999727	trials	5.0	3875.007286	3876.959108	3878.218098	3878.43756	3874.297202	3877.555766			1.0	2.0	0.0	3.0					
3881.529	6.210000000000036	trials	5.0	3883.882	3885.178916			3883.221378	3885.596424			2.0		1.0	1.0					
3890.277	5.527000000000044	trials	5.0	3893.087148	3894.414462	3895.498744	3895.747652	3892.288124	3894.786218			1.0	1.0	0.0	3.0					
3898.809	5.280999999999949	trials	5.0	3900.41775	3902.100072			3899.09103	3902.09409			1.0		0.0	2.0					
3907.109	7.335000000000036	trials	5.0	3909.752286	3911.167174	3912.36891	3912.64945	3909.071486	3911.729432	3913.194	3914.444	1.0	2.0	1.0	1.0					
3918.465	6.2159999999998945	trials	5.0	3920.082696	3921.246126	3922.581786	3922.767854	3919.515264	3921.888192	3923.244	3924.681	1.0	2.0	1.0	1.0					
3926.699	8.913000000000011	trials	5.0	3931.072634	3932.205426	3933.5012580000002	3933.7686400000002	3930.252714	3932.761428	3934.139	3935.612	1.0	2.0	1.0	1.0					
3937.668	8.705999999999676	trials	5.0	3942.261208	3944.075446			3941.39291	3944.100784			2.0		1.0	1.0					
3949.904	6.936000000000149	trials	5.0	3952.107182	3953.542816	3954.632334	3954.883718	3951.41102	3953.92703	3955.38	3956.84	1.0	1.0	1.0	1.0					
3958.869	9.019999999999982	trials	5.0	3963.560902	3965.289672			3962.785918	3965.620456			2.0		1.0	1.0					
3971.402	7.086999999999989	trials	5.0	3974.51235	3975.984254			3973.53942	3976.237674			2.0		1.0	1.0					
3982.029	6.061000000000149	trials	5.0	3984.13303	3985.5951840000002			3983.440192	3985.907728			2.0		1.0	1.0					
3990.609	7.2710000000001855	trials	5.0	3993.613992	3995.387576			3993.086064	3995.726248			2.0		1.0	1.0					
4001.394	5.295000000000073	trials	5.0	4003.752888	4005.42039	4006.389954	4006.6307620000002	4002.88732	4005.653782			1.0	1.0	0.0	3.0					
4009.731	4.398999999999887	trials	5.0	4011.713028	4012.144622			4010.093036	4012.13558			1.0		0.0	2.0					
4018.139	5.069999999999709	trials	5.0	4019.872966	4021.221608			4018.773698	4021.208046			1.0		0.0	2.0					
4026.216	18.177999999999884	trials	5.0	4041.27937	4042.87	4044.033636	4044.415122	4040.565904	4043.392602			1.0	2.0	0.0	3.0					
4048.355	23.034000000000106	trials	5.0	4068.0229600000002	4069.3358200000002			4067.01763	4069.3276			1.0		0.0	2.0					
4073.418	13.927999999999884	trials	5.0	4084.1649279999992	4085.5524899999996	4086.9196059999995	4087.2635179999993	4083.2888319999993	4086.2416719999997			1.0	1.0	0.0	3.0					
4090.294	6.650000000000546	trials	5.0	4092.2175299999994	4093.4780859999996	4094.9699899999996	4095.1350699999994	4091.7019639999994	4094.1602319999993	4095.689	4096.944	1.0	2.0	1.0	1.0					
4098.965	7.289999999999964	trials	5.0	4103.645116	4104.807427999999	4105.938652	4108.766409999999	4102.681	4105.326966			1.0	2.0	0.0	3.0					
4108.259	5.229999999999563	trials	5.0	4110.376442	4111.702487999999	4113.080317999999	4113.492657999999	4109.530663999999	4112.3224119999995			1.0	1.0	0.0	3.0					
4115.414	8.670000000000073	trials	5.0	4121.545832	4122.639365999999	4123.763641999999	4123.991735999999	4120.590294	4123.1482			1.0	2.0	0.0	3.0					
4126.094	5.789999999999964	trials	5.0	4128.545034	4129.67855	4131.471532	4131.887229999999	4127.930829999999	4130.787313999999			1.0	1.0	0.0	3.0					
4133.809	13.893000000000029	trials	5.0	4143.114183999999	4144.460037999999	4145.590775999999	4145.825435999999	4142.237219999999	4144.954911999999	4146.449	4147.702	1.0	2.0	1.0	1.0					
4151.741	8.057999999999993	trials	5.0	4156.725651999999	4158.219837999999	4159.434976	4159.802001999999	4155.781915999999	4158.605933999999			1.0	2.0	0.0	3.0					
4161.764	6.951000000000022	trials	5.0	4164.96844	4166.853249999999	4168.290604	4168.721213999999	4164.393099999999	4167.296103999999			1.0	1.0	0.0	3.0					
4171.621	6.182999999999993	trials	5.0	4173.249962	4174.636923999999	4175.688585999999	4175.926613999999	4172.728996	4175.050974	4176.459	4177.804	1.0	2.0	1.0	1.0					
4180.819	7.524999999999636	trials	5.0	4184.004899999999	4186.085733999999			4183.425295999999	4186.092782			2.0		1.0	1.0					
4192.88	7.903999999999542	trials	5.0	4194.654635999999	4195.862569999999	4197.0776319999995	4197.756703999999	4193.651575999999	4196.385297999999			1.0	2.0	0.0	3.0					
4201.414	4.121000000000095	trials	5.0	4202.990311999999	4204.362168	4205.2681059999995	4205.517505999999	4200.785094	4204.358287999999			1.0	1.0	0.0	3.0					
4208.56	28.398999999999432	trials	5.0	4231.454309999999	4233.034814	4234.699417999999	4235.034481999999	4230.791058	4234.04106	4235.465	4236.959	1.0	2.0	1.0	1.0					
4240.996	8.212999999999738	trials	5.0	4245.312639999999	4247.200916			4244.356873999999	4247.187467999999			2.0		0.0	2.0					
4253.246	7.82300000000032	trials	5.0	4256.170357999999	4258.01125	4258.872633999999	4259.157423999999	4255.172253999999	4258.256163999999	4259.789	4261.069	1.0	2.0	1.0	1.0					
4265.109	5.848999999999251	trials	5.0	4267.146323999999	4268.442934			4266.256224	4268.767433999999			2.0		1.0	1.0					
4273.493	6.40099999999984	trials	5.0	4277.015407999999	4278.405215999999	4279.5706119999995	4279.839091999999	4276.435108	4278.823727999999			1.0	1.0	0.0	3.0					
4281.904	6.712999999999738	trials	5.0	4283.715885999999	4284.837501999999	4286.271457999999	4286.559585999999	4283.142521999999	4285.409312	4287.019	4288.617	1.0	2.0	1.0	1.0					
4292.652	8.36700000000019	trials	5.0	4296.137586	4297.6557219999995	4298.693831999999	4299.005921999999	4295.622033999999	4298.0824139999995	4299.42	4301.019	1.0	2.0	1.0	1.0					
4304.085	9.920000000000073	trials	5.0	4310.096446	4311.374768			4309.230626	4311.791749999999			2.0		1.0	1.0					
4316.449	7.689000000000306	trials	5.0	4320.669615999999	4322.639928	4323.862365999999	4324.073022	4319.694541999999	4323.021591999999			1.0	1.0	0.0	3.0					
4326.153	5.880999999999403	trials	5.0	4328.806903999999	4330.518692	4331.699353999999	4332.040451999999	4328.2361359999995	4330.968835999999			1.0	2.0	0.0	3.0					
4335.029	6.184999999999491	trials	5.0	4338.012728	4339.917272	4340.856653999999	4341.219609999999	4337.499715999999	4339.943955999999			1.0	1.0	0.0	3.0					
4344.204	14.895000000000437	trials	5.0	4355.239387999999	4356.278139999999			4354.287523999999	4356.828919999999			2.0		1.0	1.0					
4362.605	9.40900000000056	trials	5.0	4368.05725	4369.753862			4367.521175999999	4369.9421839999995			2.0		1.0	1.0					
4376.534	5.755000000000109	trials	5.0	4378.5313639999995	4380.226103999999			4377.097698	4380.216981999999			1.0		0.0	2.0					
4386.299	24.520000000000437	trials	5.0	4407.685653999999	4408.819702			4406.765568	4408.802941999999			1.0		0.0	2.0					
4413.833	17.115999999999985	trials	5.0	4424.037151999999	4425.79779	4426.714787999999	4427.162264	4423.1137	4426.094545999999			1.0	2.0	0.0	3.0					
4431.054	4.786000000000058	trials	5.0	4433.0570099999995	4433.78386			4430.953119999999	4433.773993999999			1.0		0.0	2.0					
4439.849	22.539999999999964	trials	5.0	4457.781725999999	4459.0542159999995	4460.383859999999	4460.602886	4457.258679999999	4459.831069999999	4461.17	4462.389	1.0	2.0	1.0	1.0					
4466.433	6.072000000000116	trials	5.0	4468.727371999999	4470.564554	4471.422277999999	4471.750171999999	4467.864205999999	4470.771991999999			1.0	2.0	1.0	1.0					
4475.0	13.189000000000306	trials	5.0	4485.199339999999	4486.234235999999	4487.847314	4488.097986	4484.6574279999995	4486.984097999999			1.0	2.0	0.0	3.0					
4490.204	5.650000000000546	trials	5.0	4492.873387999999	4494.008559999999	4495.538718	4495.840238	4492.348902	4494.724053999999			1.0	1.0	0.0	3.0					
4498.864	9.610000000000582	trials	5.0	4504.795354	4505.899143999999			4503.9048379999995	4506.275369999999			2.0		1.0	1.0					
4511.994	8.230000000000473	trials	5.0	4515.381821999999	4516.6942739999995	4518.117329999999	4518.3539359999995	4514.840719999999	4517.278106	4518.984	4520.224	1.0	2.0	1.0	1.0					
4522.249	11.070000000000618	trials	5.0	4526.96692	4529.008567999999	4530.020868	4530.483568	4526.410413999999	4529.280495999999			1.0	2.0	0.0	3.0					
4534.354	13.90099999999984	trials	5.0	4544.541947999999	4545.681103999999			4543.887438	4546.008994			2.0		1.0	1.0					
4551.769	6.610999999999876	trials	5.0	4554.767583999999	4556.794405999999	4558.018857999999	4558.386632	4554.0009359999995	4557.16249			1.0	2.0	0.0	3.0					
4560.355	7.2590000000000146	trials	5.0	4563.8380799999995	4565.6131239999995			4562.934077999999	4565.60014			1.0		0.0	2.0					
4569.621	14.219000000000051	trials	5.0	4579.467401999999	4581.227551999999			4578.799383999999	4581.497068			2.0		1.0	1.0					
4588.308	6.844000000000051	trials	5.0	4590.604804	4591.619409999999	4592.946569999999	4593.315229999999	4589.7298439999995	4592.165631999999			1.0	2.0	0.0	3.0					
4595.274	4.489999999999782	trials	5.0	4597.113022	4597.704857999999			4595.158428	4597.693563999999			1.0		0.0	2.0					
4602.775	9.923999999999978	trials	5.0	4609.7378659999995	4611.099243999999	4612.368226	4612.625891999999	4608.954924	4611.671515999999			1.0	2.0	0.0	3.0					
4614.734	5.954999999999927	trials	5.0	4617.563233999999	4619.029995999999	4620.265657999999	4620.695602	4617.008709999999	4619.502852			1.0	1.0	0.0	3.0					
4624.545	10.97900000000027	trials	5.0	4630.8582639999995	4632.109743999999	4633.357195999999	4633.652501999999	4630.018115999999	4632.649417999999	4634.215	4635.524	1.0	2.0	1.0	1.0					
4638.549	7.706000000000131	trials	5.0	4642.3005379999995	4643.88488	4645.332517999999	4646.25876	4641.6711159999995	4644.552978			1.0	2.0	0.0	3.0					
4649.654	4.725999999999658	trials	5.0	4651.523193999999	4653.012483999999	4654.0568299999995	4654.332063999999	4649.814817999999	4652.981314			1.0	1.0	0.0	3.0					
4658.389	8.030999999999949	trials	5.0	4663.547995999999	4664.829669999999	4666.085348	4666.2674879999995	4662.662724	4665.406043999999			1.0	2.0	0.0	3.0					
4669.434	5.317000000000007	trials	5.0	4672.092419999999	4673.743922	4674.428174	4674.714346	4671.558327999999	4673.772515999999			1.0	1.0	0.0	3.0					
4677.764	16.23700000000008	trials	5.0	4689.179891999999	4690.467581999999	4693.6726499999995	4697.795515999999	4688.463205999999	4693.056535999999			1.0	2.0	0.0	3.0					
4696.009	6.171999999999571	trials	5.0	4699.132669999999	4700.879567999999	4701.849372	4702.190401999999	4698.55348	4701.2914279999995			1.0	1.0	0.0	3.0					
4704.179	16.649999999999636	trials	5.0	4717.979863999999	4719.266393999999	4720.448925999999	4720.836584	4717.200225999999	4719.914483999999			1.0	2.0	0.0	3.0					
4723.804	11.5	trials	5.0	4726.008282	4727.362934	4733.253221999999	4735.312824	4725.351774	4727.803915999999			1.0	2.0	0.0	3.0					
4735.636	5.612999999999374	trials	5.0	4737.323291999999	4738.740245999999			4736.102244	4738.995989999999			2.0		1.0	1.0					
4743.779	8.969999999999345	trials	5.0	4748.782069999999	4750.742724			4748.201464	4750.6747			2.0		1.0	1.0					
4757.269	4.9669999999996435	trials	5.0	4759.314015999999	4760.601275999999	4761.911351999999	4762.162812	4758.473601999999	4761.123404			1.0	1.0	0.0	3.0					
4766.261	5.967999999999847	trials	5.0	4768.004059999999	4769.660588			4767.451703999999	4769.938243999999	4771.779	4772.069	2.0		1.0	1.0					
4775.749	7.475000000000364	trials	5.0	4779.8738459999995	4781.16516	4782.9065279999995	4783.121114	4779.273794	4782.135171999999			1.0	1.0	0.0	3.0					
4786.234	6.234999999999673	trials	5.0	4787.978786	4789.4154	4790.431164	4790.6651679999995	4787.40259	4789.780637999999	4791.269	4792.469	1.0	2.0	1.0	1.0					
4796.534	8.88000000000011	trials	5.0	4800.477169999999	4801.7669319999995	4803.043315999999	4803.4049079999995	4799.782115999999	4802.235811999999	4803.829	4805.414	1.0	2.0	1.0	1.0					
4807.489	12.015000000000327	trials	5.0	4815.805186	4817.241669999999			4815.067536	4817.315686	4819.114	4819.304	2.0		1.0	1.0					
4823.019	7.786999999999352	trials	5.0	4827.2339059999995	4828.5901539999995	4830.461947999999	4830.815449999999	4826.5253999999995	4829.151005999999			1.0	1.0	0.0	3.0					
4833.79	7.033999999999651	trials	5.0	4836.983899999999	4838.315825999999			4835.998275999999	4838.636355999999			2.0		1.0	1.0					
4844.334	9.654999999999745	trials	5.0	4846.994314	4848.205247999999	4850.2370599999995	4850.494847999999	4846.269667999999	4849.028006			1.0	1.0	0.0	3.0					
4854.605	6.641000000000531	trials	5.0	4856.163981999999	4857.885434	4859.0951079999995	4859.345238	4853.996098	4858.338159999999	4859.874	4861.246	1.0	2.0	1.0	1.0					
4863.274	8.489999999999782	trials	5.0	4868.084171999999	4869.280959999999			4867.346723999999	4869.43124	4871.215	4871.764	2.0		1.0	1.0					
4875.779	7.25	trials	5.0	4878.034823999999	4879.67447	4880.748632	4881.043771999999	4877.361755999999	4879.995798	4881.559	4883.029	1.0	2.0	1.0	1.0					
4885.055	17.344999999999345	trials	5.0	4892.157676	4893.830763999999	4900.436355999999	4902.4042739999995	4891.558563999999	4893.863549999999			1.0	2.0	0.0	3.0					
4902.779	5.1599999999998545	trials	5.0	4904.813109999999	4905.881304			4904.123309999999	4905.864597999999			1.0		0.0	2.0					
4910.954	12.265000000000327	trials	5.0	4918.119197999999	4919.871095999999	4920.961047999999	4921.2861219999995	4917.203248	4920.282695999999	4921.795	4923.219	1.0	2.0	1.0	1.0					
4925.261	9.746999999999389	trials	5.0	4929.658216	4931.021397999999	4932.846439999999	4933.035045999999	4928.891245999999	4932.127742	4933.679	4935.008	1.0	2.0	1.0	1.0					
4937.039	20.610000000000582	trials	5.0	4954.030432	4955.332711999999			4953.1607699999995	4955.570956			2.0		1.0	1.0					
4961.136	6.283999999999651	trials	5.0	4963.839559999999	4965.3616139999995			4962.953755999999	4965.355995999999			2.0		0.0	2.0					
4971.454	20.34100000000035	trials	5.0	4988.414655999999	4989.731847999999			4987.456501999999	4989.728206			1.0		0.0	2.0					
4994.809	11.840000000000146	trials	5.0	5003.9147379999995	5005.380295999999	5006.241129999999	5006.655962	5003.289075999999	5005.399592			1.0	1.0	0.0	3.0					
5010.589	17.074999999999818	trials	5.0	5023.3105239999995	5025.10265			5022.542498	5025.408587999999			2.0		1.0	1.0					
5030.196	7.3100000000004	trials	5.0	5033.635117999999	5034.7422879999995	5037.113952	5037.5156959999995	5033.047043999999	5036.359463999999			1.0	2.0	0.0	3.0					
5039.444	8.764999999999418	trials	5.0	5044.285575999999	5045.4469659999995			5043.608037999999	5046.0220039999995			2.0		1.0	1.0					
5050.73	7.554000000000087	trials	5.0	5053.931562	5055.268034			5053.345872	5056.074285999999			2.0		1.0	1.0					
5061.808	7.614999999999782	trials	5.0	5064.5116499999995	5065.921493999999	5067.153953999999	5067.390202	5064.005773999999	5066.34977	5067.92	5069.423	1.0	2.0	1.0	1.0					
5071.474	10.220000000000255	trials	5.0	5076.806785999999	5078.273308	5079.48334	5079.725925999999	5076.015337999999	5078.735973999999	5080.204	5081.694	1.0	2.0	1.0	1.0					
5085.715	7.493999999999687	trials	5.0	5090.385033999999	5091.7319	5092.880595999999	5093.152259999999	5089.39381	5092.042227999999			1.0	2.0	0.0	3.0					
5096.259	7.569999999999709	trials	5.0	5099.442445999999	5101.417404	5103.456614	5103.836614	5098.656405999999	5102.208554			1.0	1.0	0.0	3.0					
5105.779	5.704999999999927	trials	5.0	5107.34491	5109.269131999999	5110.455019999999	5111.493278	5106.061635999999	5109.642089999999			1.0	2.0	0.0	3.0					
5112.779	11.989999999999782	trials	5.0	5118.4682219999995	5119.980229999999	5121.739425999999	5122.162711999999	5117.501361999999	5120.607483999999			1.0	1.0	0.0	3.0					
5126.094	12.826000000000022	trials	5.0	5135.757051999999	5136.917555999999			5135.0587399999995	5136.907197999999			1.0		0.0	2.0					
5142.933	7.747000000000298	trials	5.0	5146.176226	5147.512917999999	5148.495191999999	5148.742896	5145.282335999999	5147.840447999999	5149.234	5150.68	1.0	2.0	1.0	1.0					
5153.699	9.50500000000011	trials	5.0	5160.5208059999995	5161.643779999999	5162.888107999999	5163.1426839999995	5159.810023999999	5162.137881999999			1.0	2.0	0.0	3.0					
5166.215	11.5	trials	5.0	5174.915467999999	5176.467175999999	5177.454126	5177.6225939999995	5174.027082	5176.647078			1.0	1.0	0.0	3.0					
5180.724	12.59099999999944	trials	5.0	5186.330657999999	5187.752183999999	5189.574457999999	5193.3223259999995	5185.6773299999995	5188.841283999999			1.0	2.0	0.0	3.0					
5193.919	5.96100000000024	trials	5.0	5195.915489999999	5197.372318			5194.3441139999995	5197.691752			2.0		1.0	1.0					
5203.415	18.13000000000011	trials	5.0	5207.894284	5209.819984	5221.226557999999	5221.4896659999995	5207.248055999999	5210.282622			1.0	2.0	0.0	3.0					
5225.554	12.979999999999563	trials	5.0	5232.960953999999	5234.453721999999	5236.420673999999	5236.708903999999	5231.96189	5235.617592	5237.084	5238.534	1.0	2.0	1.0	1.0					
5240.557	11.609000000000378	trials	5.0	5247.411356	5248.757565999999	5252.113211999999	5252.559858	5246.646433999999	5251.437169999999			1.0	2.0	0.0	3.0					
5254.449	868.0560000000005	BlockDesign														1.0	438.0	508.0	90.0	50.0
5254.449	6.971000000000458	trials	6.0	5257.45091	5259.422194			5256.569379999999	5259.4139079999995			1.0		0.0	2.0					
5263.429	12.488999999999578	trials	6.0	5273.135851999999	5274.269372	5275.524979999999	5275.923661999999	5272.503315999999	5274.8709739999995			1.0	2.0	0.0	3.0					
5278.854	13.661000000000058	trials	6.0	5287.152373999999	5289.22941	5290.573799999999	5290.818421999999	5286.469638	5289.676925999999	5291.249	5292.515	1.0	1.0	1.0	1.0					
5295.558	9.074999999999818	trials	6.0	5299.554472	5301.073342	5302.531166	5302.847946	5298.783632	5301.6641119999995	5303.304	5304.633	1.0	1.0	1.0	1.0					
5307.659	9.971000000000458	trials	6.0	5313.296033999999	5314.704277999999			5312.5696419999995	5315.177572	5316.87	5317.63	2.0		1.0	1.0					
5320.649	10.68499999999949	trials	6.0	5325.94161	5327.9496819999995	5328.963401999999	5329.296737999999	5325.172202	5328.233248	5329.784	5331.334	1.0	2.0	1.0	1.0					
5334.354	9.634999999999309	trials	6.0	5338.7561	5340.660972	5341.766226	5342.047597999999	5338.160019999999	5341.1106119999995			1.0	2.0	0.0	3.0					
5346.094	6.076000000000022	trials	6.0	5348.004857999999	5349.918156			5346.10189	5349.940285999999			2.0		1.0	1.0					
5354.734	12.682999999999993	trials	6.0	5358.8573719999995	5360.889267999999	5366.081302	5366.586882	5358.017159999999	5361.220519999999			1.0	2.0	0.0	3.0					
5368.468	6.08600000000024	trials	6.0	5370.006974	5371.414825999999	5372.389659999999	5372.671648	5367.427959999999	5371.750451999999	5373.034	5374.554	1.0	1.0	1.0	1.0					
5376.454	11.097999999999956	trials	6.0	5382.511743999999	5384.399643999999	5385.469093999999	5385.704452	5381.751356	5384.762135999999	5386.367	5387.552	1.0	1.0	1.0	1.0					
5390.584	8.49499999999989	trials	6.0	5394.001563999999	5395.070753999999	5396.880913999999	5397.190221999999	5393.480587999999	5395.919502	5397.668	5399.079	1.0	1.0	1.0	1.0					
5403.141	9.283000000000357	trials	6.0	5406.680345999999	5407.835263999999			5405.964207999999	5407.821911999999			2.0		0.0	2.0					
5412.849	7.121999999999389	trials	6.0	5415.118473999999	5416.733579999999	5417.829301999999	5418.0763099999995	5412.4291379999995	5416.923368	5418.809	5419.971	1.0	2.0	1.0	1.0					
5423.014	8.979999999999563	trials	6.0	5427.66541	5429.404122			5427.1128739999995	5429.714918			2.0		1.0	1.0					
5434.48	6.690000000000509	trials	6.0	5438.1121219999995	5439.678281999999	5440.844298	5441.089749999999	5437.182838	5440.068345999999			1.0	2.0	0.0	3.0					
5443.183	6.096000000000458	trials	6.0	5445.152442	5446.968459999999			5444.527292	5447.073966			2.0		1.0	1.0					
5451.804	8.863999999999578	trials	6.0	5455.487169999999	5457.388499999999	5458.591565999999	5458.823186	5454.555436	5457.856916	5459.354	5460.668	1.0	2.0	1.0	1.0					
5464.714	9.234999999999673	trials	6.0	5471.037101999999	5472.608119999999	5473.605097999999	5473.9246379999995	5470.503994	5473.0081279999995			1.0	2.0	0.0	3.0					
5476.934	4.820999999999913	trials	6.0	5478.5810759999995	5479.695134			5477.3876359999995	5479.686635999999			1.0		0.0	2.0					
5485.794	83.15499999999975	trials	6.0	5562.08883	5563.671543999999	5564.654423999999	5564.85003	5561.094257999999	5564.037834			1.0	2.0	0.0	3.0					
5569.021	6.028000000000247	trials	6.0	5570.8378379999995	5572.726288			5568.96069	5572.8120819999995			2.0		1.0	1.0					
5577.558	8.190999999999804	trials	6.0	5580.752533999999	5582.474036	5583.645963999999	5583.942107999999	5579.762753999999	5583.025696	5584.414	5585.749	1.0	2.0	1.0	1.0					
5589.774	6.48700000000008	trials	6.0	5591.326212	5592.869581999999	5594.124567999999	5594.38278	5590.5107499999995	5593.380369999999	5594.929	5596.261	1.0	2.0	1.0	1.0					
5600.293	6.7960000000002765	trials	6.0	5602.434256	5603.545227999999	5604.789057999999	5605.084456	5601.768083999999	5604.075916	5605.539	5607.089	1.0	2.0	1.0	1.0					
5611.152	7.8969999999999345	trials	6.0	5614.177454	5615.778708	5616.736263999999	5616.982856	5613.431721999999	5616.12313	5617.539	5619.049	1.0	2.0	1.0	1.0					
5621.075	6.844000000000051	trials	6.0	5625.113601999999	5626.624625999999	5627.562555999999	5627.9261639999995	5624.33494	5626.875512			1.0	2.0	0.0	3.0					
5630.899	5.3159999999998035	trials	6.0	5632.77291	5634.16498			5631.172065999999	5634.162004			1.0		0.0	2.0					
5640.261	13.0049999999992	trials	6.0	5649.334239999999	5651.065243999999	5652.265289999999	5652.513395999999	5648.677475999999	5651.5187639999995			1.0	2.0	0.0	3.0					
5656.569	5.38799999999992	trials	6.0	5658.979528	5660.105492	5661.61666	5661.951716	5658.469544	5660.883946			1.0	1.0	0.0	3.0					
5663.949	12.346000000000458	trials	6.0	5672.329621999999	5673.471132			5671.401195999999	5674.013375999999			2.0		1.0	1.0					
5680.805	9.898999999999432	trials	6.0	5685.398622	5687.295074	5688.677115999999	5688.995322	5684.811943999999	5687.831823999999	5689.529	5690.704	1.0	1.0	1.0	1.0					
5693.779	8.6899999999996	trials	6.0	5696.693593999999	5698.225154	5699.484375999999	5701.491571999999	5696.007963999999	5698.735016			1.0	2.0	0.0	3.0					
5702.819	6.520999999999731	trials	6.0	5704.458269999999	5705.66044	5707.336417999999	5707.651793999999	5702.481242	5706.706647999999	5707.994	5709.34	1.0	1.0	1.0	1.0					
5713.433	8.631000000000313	trials	6.0	5717.378237999999	5718.666853999999	5720.056532	5720.253225999999	5716.403225999999	5719.308448	5720.859	5722.064	1.0	1.0	1.0	1.0					
5726.129	8.199999999999818	trials	6.0	5729.023842	5731.016395999999	5732.157321999999	5732.334511999999	5728.062349999999	5731.399739999999	5732.939	5734.329	1.0	2.0	1.0	1.0					
5736.374	7.5700000000006185	trials	6.0	5740.851339999999	5742.4603179999995	5743.621515999999	5743.88523	5740.151484	5742.859132			1.0	2.0	0.0	3.0					
5745.969	10.470000000000255	trials	6.0	5752.485481999999	5753.687341999999			5751.93341	5754.314316			2.0		1.0	1.0					
5759.964	7.210000000000036	trials	6.0	5763.00101	5764.175319999999	5765.772878	5766.198683999999	5762.063171999999	5764.994119999999			1.0	2.0	0.0	3.0					
5769.099	5.443999999999505	trials	6.0	5770.673776	5771.941489999999			5767.186328	5772.220955999999			2.0		1.0	1.0					
5776.974	8.990999999999985	trials	6.0	5780.71357	5782.621859999999	5783.772741999999	5784.028989999999	5779.784089999999	5783.023949999999	5784.549	5785.965	1.0	1.0	1.0	1.0					
5789.028	10.251999999999498	trials	6.0	5794.668729999999	5796.768153999999			5794.092825999999	5797.132629999999			2.0		1.0	1.0					
5801.859	8.25	trials	6.0	5805.454661999999	5807.014413999999	5807.97048	5808.235486	5804.593703999999	5807.308384	5808.709	5810.109	1.0	1.0	1.0	1.0					
5812.185	13.10399999999936	trials	6.0	5820.395337999999	5822.300968	5823.133253999999	5823.360175999999	5819.8650259999995	5822.553637999999	5824.159	5825.289	1.0	1.0	1.0	1.0					
5828.359	7.764999999999418	trials	6.0	5831.770812	5832.850469999999	5833.895933999999	5834.19813	5831.193141999999	5833.239051999999	5834.744	5836.124	1.0	1.0	1.0	1.0					
5840.169	11.930000000000291	trials	6.0	5847.668973999999	5849.2464979999995			5846.942907999999	5849.768859999999			2.0		1.0	1.0					
5856.584	5.83600000000024	trials	6.0	5858.574884	5860.425837999999			5857.313711999999	5860.417855999999			1.0		0.0	2.0					
5864.454	5.104000000000269	trials	6.0	5866.484692	5867.5421719999995			5864.831673999999	5867.53414			1.0		0.0	2.0					
5872.574	24.61500000000069	trials	6.0	5892.629128	5894.6303339999995			5891.838943999999	5895.010063999999			2.0		1.0	1.0					
5900.719	4.880000000000109	trials	6.0	5902.618262	5904.304883999999	5905.288422	5905.544086	5901.799163999999	5904.569648			1.0	2.0	0.0	3.0					
5907.636	5.902999999999338	trials	6.0	5909.280043999999	5910.3670999999995	5911.459159999999	5911.789718	5907.828234	5910.855108	5912.249	5913.539	1.0	1.0	1.0	1.0					
5917.569	6.561999999999898	trials	6.0	5919.819863999999	5920.956265999999	5921.851618	5922.22351	5918.83455	5921.355046	5922.715	5924.131	1.0	1.0	1.0	1.0					
5928.183	9.426000000000386	trials	6.0	5932.7534399999995	5934.79645	5935.479831999999	5935.690368	5931.792943999999	5934.920287999999	5936.179	5937.609	1.0	1.0	1.0	1.0					
5939.683	10.180999999999585	trials	6.0	5944.714689999999	5946.482822	5947.258032	5947.503342	5944.061395999999	5946.610447999999	5948.069	5949.864	1.0	1.0	1.0	1.0					
5952.464	6.755000000000109	trials	6.0	5956.125634	5957.224802			5955.144499999999	5957.2102079999995			1.0		0.0	2.0					
5962.274	9.449999999999818	trials	6.0	5967.34474	5969.471701999999			5966.413861999999	5969.689211999999			2.0		1.0	1.0					
5976.249	6.140000000000327	trials	6.0	5977.814522	5979.341296	5980.239205999999	5980.522649999999	5977.061583999999	5979.600619999999	5980.88	5982.389	1.0	1.0	1.0	1.0					
5986.409	7.846000000000458	trials	6.0	5989.721157999999	5991.759249999999			5988.889311999999	5992.008166			2.0		1.0	1.0					
5996.774	5.349999999999454	trials	6.0	5999.469837999999	6001.0416399999995	6001.810555999999	6002.133473999999	5998.609036	6001.065967999999			1.0	1.0	0.0	3.0					
6005.169	8.296000000000276	trials	6.0	6008.320784	6010.087715999999	6011.384434	6011.904783999999	6007.799905999999	6010.502455999999			1.0	2.0	0.0	3.0					
6014.719	4.911000000000058	trials	6.0	6016.708927999999	6017.632465999999			6013.476193999999	6017.622993999999			1.0		0.0	2.0					
6021.634	5.845000000000255	trials	6.0	6023.584911999999	6025.484304			6022.837443999999	6025.466004			1.0		0.0	2.0					
6030.484	8.469999999999345	trials	6.0	6033.96009	6035.566868	6036.812833999999	6037.1549319999995	6033.00927	6036.213435999999	6037.524	6038.954	1.0	1.0	1.0	1.0					
6041.058	7.765999999999622	trials	6.0	6044.955378	6046.301906			6044.023847999999	6046.750854			2.0		1.0	1.0					
6053.355	6.264000000000124	trials	6.0	6054.990629999999	6057.012331999999			6053.4128519999995	6057.285924			2.0		1.0	1.0					
6062.069	7.367999999999483	trials	6.0	6064.888558	6066.095259999999	6067.234638	6067.44637	6063.980159999999	6066.586675999999	6068.079	6069.437	1.0	1.0	1.0	1.0					
6073.496	6.713999999999942	trials	6.0	6076.017344	6077.58339	6078.233716	6078.4411199999995	6075.12984	6077.717374	6078.87	6080.21	1.0	1.0	1.0	1.0					
6083.224	6.764999999999418	trials	6.0	6087.190761999999	6088.242375999999	6089.568477999999	6090.003	6086.666662	6088.94025			1.0	1.0	0.0	3.0					
6093.894	7.3049999999993815	trials	6.0	6096.286017999999	6097.997498	6099.027666	6099.222043999999	6095.643864	6098.128377999999	6099.869	6101.199	1.0	2.0	1.0	1.0					
6103.23	9.494000000000597	trials	6.0	6107.930149999999	6109.8587179999995	6110.527619999999	6110.722561999999	6107.226218	6109.860279999999	6111.309	6112.724	1.0	1.0	1.0	1.0					
6116.749	5.756000000000313	trials	6.0	6118.397319999999	6119.6178979999995	6120.491784	6120.664972	6117.814633999999	6119.885673999999	6121.255	6122.505	1.0	1.0	1.0	1.0					
6125.554	2842.59	BlockDesign														1.0	509.0	702.0	50.0	10.0
6125.554	6.854999999999563	trials	7.0	6128.87599	6130.359457999999			6128.34931	6130.349813999999			1.0		0.0	2.0					
6135.42	13.903999999999542	trials	7.0	6145.805316	6147.38243	6148.596243999999	6149.203321999999	6145.150307999999	6147.7219239999995			1.0	2.0	0.0	3.0					
6152.949	7.5	trials	7.0	6156.115905999999	6157.3722419999995	6158.409076	6158.710136	6155.522083999999	6157.823597999999	6159.119	6160.449	1.0	1.0	1.0	1.0					
6164.479	7.050000000000182	trials	7.0	6167.155852	6168.547444	6169.391196	6169.613114	6166.191734	6168.896244	6170.119	6171.529	1.0	1.0	1.0	1.0					
6174.574	7.1340000000000146	trials	7.0	6177.971946	6179.1984139999995			6177.041911999999	6179.566196			2.0		1.0	1.0					
6185.231	6.302999999999884	trials	7.0	6188.115002	6189.539578			6187.256673999999	6189.53111			1.0		0.0	2.0					
6193.543	9.746000000000095	trials	7.0	6198.877553999999	6200.4130159999995			6198.255267999999	6200.975869999999			2.0		1.0	1.0					
6205.694	6.669999999999163	trials	7.0	6209.734477999999	6210.934923999999	6212.037262	6212.248611999999	6208.897171999999	6211.394421999999			1.0	1.0	0.0	3.0					
6215.375	9.28399999999965	trials	7.0	6220.187731999999	6221.896498	6222.82769	6223.272502	6219.422141999999	6222.038471999999			1.0	2.0	0.0	3.0					
6225.155	4.699000000000524	trials	7.0	6226.833339999999	6227.86018	6228.587595999999	6228.643963999999	6224.672947999999	6227.845503999999			1.0		0.0	2.0					
6232.859	10.929999999999382	trials	7.0	6239.81294	6240.979668			6238.978397999999	6241.553673999999			2.0		1.0	1.0					
6247.261	5.9429999999993015	trials	7.0	6249.421093999999	6250.587979999999			6248.820019999999	6251.084084			2.0		1.0	1.0					
6256.611	7.2979999999997744	trials	7.0	6260.1580859999995	6261.4397819999995	6263.59193	6263.764534	6259.2561	6262.942223999999			1.0	1.0	0.0	3.0					
6265.919	6.46100000000024	trials	7.0	6267.666458	6269.1690579999995	6270.2753379999995	6270.49944	6266.936862	6269.187457999999	6271.019	6272.38	1.0	2.0	1.0	1.0					
6274.404	8.704999999999927	trials	7.0	6279.403695999999	6281.0583879999995			6278.5819599999995	6281.047476			1.0		0.0	2.0					
6287.152	30.40599999999995	trials	7.0	6314.571822	6316.297505999999	6317.184952	6317.47142	6313.909618	6316.634103999999			1.0	2.0	0.0	3.0					
6319.569	4.645999999999731	trials	7.0	6321.4267	6322.975546	6323.697673999999	6324.227081999999	6320.519058	6323.117071999999			1.0	1.0	0.0	3.0					
6328.029	11.819999999999709	trials	7.0	6336.598935999999	6338.439074	6339.523224	6339.786558	6335.8686259999995	6338.847113999999			1.0	1.0	0.0	3.0					
6343.854	9.335000000000036	trials	7.0	6346.922328	6348.334681999999	6349.169652	6349.39827	6345.943281999999	6348.557639999999			1.0	2.0	0.0	3.0					
6353.514	16.88000000000011	trials	7.0	6359.431594	6361.025302	6368.061417999999	6368.728863999999	6358.772107999999	6361.4709139999995	6368.859	6370.394	1.0	1.0	1.0	1.0					
6372.449	5.516000000000531	trials	7.0	6374.9832719999995	6376.494736	6377.64624	6377.799708	6374.1345679999995	6376.903559999999			1.0	2.0	0.0	3.0					
6379.974	5.869999999999891	trials	7.0	6381.901898	6383.083785999999			6380.732606	6383.721726			2.0		1.0	1.0					
6388.369	9.4350000000004	trials	7.0	6392.123611999999	6394.054832			6391.166273999999	6394.051296			1.0		0.0	2.0					
6400.059	9.204999999999927	trials	7.0	6406.663626	6407.204796			6405.660677999999	6407.192639999999			1.0		0.0	2.0					
6412.279	12.894999999999527	trials	7.0	6418.592011999999	6420.294701999999	6421.568076	6421.919876	6417.8843959999995	6420.850552			1.0	1.0	0.0	3.0					
6425.918	5.826000000000022	trials	7.0	6427.917345999999	6429.128811999999			6425.191927999999	6429.550396			2.0		1.0	1.0					
6434.204	8.030000000000655	trials	7.0	6436.935226	6438.893779999999	6440.093024	6440.32589	6436.330059999999	6439.3595	6440.724	6442.234	1.0	1.0	1.0	1.0					
6444.277	9.846999999999753	trials	7.0	6449.102129999999	6450.503935999999	6452.017141999999	6452.274222	6448.440935999999	6451.304802	6452.92	6454.124	1.0	1.0	1.0	1.0					
6457.149	8.295000000000073	trials	7.0	6462.483138	6463.999398	6465.131153999999	6465.443009999999	6461.506345999999	6464.4144			1.0	1.0	0.0	3.0					
6468.454	7.994999999999891	trials	7.0	6471.895517999999	6473.764138	6475.4172	6475.650233999999	6471.353716	6474.581629999999			1.0	2.0	0.0	3.0					
6477.749	8.275000000000546	trials	7.0	6482.60219	6484.502326	6485.609909999999	6486.038729999999	6481.684711999999	6484.942356			1.0	1.0	0.0	3.0					
6487.924	5.8149999999996	trials	7.0	6490.2670339999995	6491.483201999999	6493.425528	6493.612695999999	6489.558177999999	6492.8724999999995			1.0	2.0	0.0	3.0					
6496.749	6.105999999999767	trials	7.0	6498.3276319999995	6500.0189439999995			6497.596184	6500.004677999999			2.0		0.0	2.0					
6505.043	35.681000000000495	trials	7.0	6536.2379439999995	6537.869773999999			6535.29292	6538.231029999999	6539.974	6540.724	2.0		1.0	1.0					
6542.744	11.6850000000004	trials	7.0	6549.5210799999995	6551.309604	6552.224405999999	6552.518753999999	6548.579586	6551.588609999999	6553.064	6554.429	1.0	1.0	1.0	1.0					
6556.454	8.011000000000422	trials	7.0	6561.363382	6563.050486	6564.154826	6564.4328239999995	6560.540747999999	6563.5687259999995			1.0	1.0	0.0	3.0					
6568.473	5.104000000000269	trials	7.0	6570.364963999999	6572.099249999999	6573.260699999999	6573.492071999999	6569.030878	6572.49713			1.0	2.0	0.0	3.0					
6576.59	5.622000000000298	trials	7.0	6578.1093519999995	6579.854694			6577.461131999999	6580.039535999999			2.0		1.0	1.0					
6586.651	5.418000000000575	trials	7.0	6588.929233999999	6590.816384	6591.7473039999995	6591.980238	6588.363546	6591.101126			1.0	1.0	0.0	3.0					
6594.105	6.204000000000633	trials	7.0	6596.888133999999	6598.816333999999	6599.884925999999	6600.3240479999995	6596.154579999999	6599.194799999999			1.0	2.0	0.0	3.0					
6603.199	7.455000000000837	trials	7.0	6605.958192	6607.784936	6608.5788999999995	6608.884829999999	6604.969975999999	6608.025006	6609.484	6610.654	1.0	1.0	1.0	1.0					
6612.679	8.86999999999989	trials	7.0	6617.423148	6618.9420039999995			6616.723786	6619.2223859999995			2.0		1.0	1.0					
6626.005	6.289999999999964	trials	7.0	6629.543404	6630.889917999999	6631.97883	6632.248274	6628.71581	6631.28155			1.0	1.0	0.0	3.0					
6636.324	7.045000000000073	trials	7.0	6638.347862	6640.325897999999	6641.169797999999	6641.7236379999995	6636.470518	6640.352454	6641.86	6643.369	1.0	1.0	1.0	1.0					
6645.414	7.2960000000002765	trials	7.0	6650.0530739999995	6651.135144	6652.112147999999	6652.727878	6649.5042539999995	6651.5535979999995			1.0	1.0	0.0	3.0					
6655.484	17.297999999999774	trials	7.0	6669.853368	6671.28464	6672.479465999999	6672.756289999999	6669.129142	6671.654533999999			1.0	2.0	0.0	3.0					
6676.789	8.720000000000255	trials	7.0	6681.034497999999	6682.237814	6683.374809999999	6683.702633999999	6680.216649999999	6682.712131999999	6684.149	6685.509	1.0	1.0	1.0	1.0					
6689.569	7.484999999999673	trials	7.0	6692.774917999999	6694.495524	6696.759634	6697.059888	6692.173859999999	6696.08041			1.0	1.0	0.0	3.0					
6700.064	6.269999999999527	trials	7.0	6702.193901999999	6703.836566			6701.383436	6704.225554			2.0		1.0	1.0					
6710.871	7.423999999999978	trials	7.0	6713.902184	6714.991136	6716.155127999999	6716.405293999999	6713.2779359999995	6715.409847999999	6716.999	6718.295	1.0	1.0	1.0	1.0					
6722.339	7.675000000000182	trials	7.0	6725.815272	6727.462549999999			6725.112271999999	6727.832461999999			2.0		1.0	1.0					
6733.545	9.170000000000073	trials	7.0	6739.489245999999	6741.157819999999	6742.418506	6742.696721999999	6738.794833999999	6741.578039999999			1.0	1.0	0.0	3.0					
6744.769	6.420000000000073	trials	7.0	6747.337774	6748.4378			6746.467005999999	6748.952657999999			2.0		1.0	1.0					
6755.704	9.84100000000035	trials	7.0	6759.784041999999	6761.171993999999	6762.287375999999	6762.51915	6759.255668	6761.568216			1.0	2.0	0.0	3.0					
6766.609	4.779999999999745	trials	7.0	6768.2593799999995	6769.3311539999995	6770.129423999999	6770.531378	6765.561355999999	6769.324715999999			1.0		0.0	2.0					
6773.399	13.199999999999818	trials	7.0	6781.369556	6783.319379999999	6784.436103999999	6784.7081419999995	6780.542713999999	6783.719643999999	6785.085	6786.599	1.0	2.0	1.0	1.0					
6789.652	7.86200000000008	trials	7.0	6793.874618	6795.015442			6793.1060879999995	6795.301922			2.0		1.0	1.0					
6801.034	7.329999999999927	trials	7.0	6803.569474	6805.217852	6806.483603999999	6807.069845999999	6802.745677999999	6805.707205999999			1.0	2.0	0.0	3.0					
6809.829	6.145000000000437	trials	7.0	6811.464048	6812.999575999999	6813.81345	6814.095611999999	6808.383109999999	6813.288806	6814.584	6815.974	1.0	1.0	1.0	1.0					
6818.995	8.373999999999796	trials	7.0	6823.730114	6825.317856			6822.877795999999	6825.309926			1.0		0.0	2.0					
6829.374	4.989999999999782	trials	7.0	6830.978803999999	6832.373341999999			6829.437096	6832.3605259999995			1.0		0.0	2.0					
6838.418	17.951000000000022	trials	7.0	6852.550448	6854.32184			6851.672871999999	6854.316628			2.0		0.0	2.0					
6859.423	23.52599999999984	trials	7.0	6879.654141999999	6881.6616699999995	6882.635523999999	6882.890589999999	6878.703372	6881.996904			1.0	2.0	0.0	3.0					
6884.959	6.1909999999998035	trials	7.0	6886.769064	6888.051455999999			6886.21552	6888.820143999999			2.0		1.0	1.0					
6895.605	6.999000000000706	trials	7.0	6897.224861999999	6898.306154	6900.319245999999	6900.648232	6896.232857999999	6899.491254	6901.069	6902.604	1.0	1.0	1.0	1.0					
6906.63	7.460000000000036	trials	7.0	6909.869782	6911.846884			6909.005104	6912.079557999999			2.0		1.0	1.0					
6917.664	8.240000000000691	trials	7.0	6922.125489999999	6923.91267			6921.145759999999	6923.903743999999			1.0		0.0	2.0					
6928.962	11.511999999999716	trials	7.0	6935.62487	6937.243954	6938.267738	6938.546249999999	6934.723169999999	6937.379747999999	6938.979	6940.474	1.0	2.0	1.0	1.0					
6942.527	11.256999999999607	trials	7.0	6947.354566	6949.243406	6950.156881999999	6950.569013999999	6946.665783999999	6949.3876359999995			1.0	2.0	0.0	3.0					
6954.479	4.104999999999563	trials	7.0	6956.088392	6957.456765999999	6958.150131999999	6958.600938	6953.802663999999	6957.5309959999995			1.0	1.0	0.0	3.0					
6960.465	5.088999999999942	trials	7.0	6962.965069999999	6964.021323999999	6965.111567999999	6965.573635999999	6962.1292539999995	6964.419153999999			1.0	2.0	0.0	3.0					
6968.434	5.7150000000001455	trials	7.0	6970.970023999999	6971.996996	6973.8341279999995	6974.120206	6970.030605999999	6973.045295999999			1.0	1.0	0.0	3.0					
6976.16	43.64400000000023	trials	7.0	7016.1754679999995	7017.356812	7019.137225999999	7019.823257999999	7015.424795999999	7018.378924			1.0	1.0	0.0	3.0					
7021.496	6.0090000000000146	trials	7.0	7023.769945999999	7025.447778			7023.146945999999	7025.419023999999			2.0		1.0	1.0					
7031.984	7.9099999999998545	trials	7.0	7034.2454339999995	7036.13688	7037.572402	7038.128699999999	7033.660448	7036.655499999999	7038.479	7039.894	1.0	1.0	1.0	1.0					
7042.92	10.420000000000073	trials	7.0	7047.000671999999	7048.421047999999	7049.763929999999	7050.048331999999	7046.246496	7048.9814719999995			1.0	2.0	0.0	3.0					
7054.09	6.368999999999687	trials	7.0	7055.7302819999995	7057.101569999999	7058.338334	7058.551641999999	7053.357905999999	7057.743584	7059.189	7060.459	1.0	1.0	1.0	1.0					
7062.494	8.829999999999927	trials	7.0	7068.017793999999	7069.0691799999995	7070.909425999999	7071.341591999999	7067.241453999999	7070.289629999999			1.0	1.0	0.0	3.0					
7074.246	6.653000000000247	trials	7.0	7076.590434	7078.648802			7076.063689999999	7078.708897999999			2.0		1.0	1.0					
7085.424	8.395000000000437	trials	7.0	7088.086687999999	7089.4821759999995	7090.796327999999	7090.973768	7087.275298	7089.91346			1.0	1.0	0.0	3.0					
7094.153	5.730999999999767	trials	7.0	7095.821489999999	7097.3190939999995			7093.835423999999	7097.583299999999			2.0		1.0	1.0					
7103.389	8.394999999999527	trials	7.0	7106.855168	7107.997969999999	7109.692416	7109.818152	7105.880899999999	7108.823778	7110.384	7111.784	1.0	1.0	1.0	1.0					
7115.804	6.595000000000255	trials	7.0	7119.111508	7120.60722	7122.091329999999	7122.387375999999	7118.528559999999	7121.3263799999995			1.0	1.0	0.0	3.0					
7124.418	23.662000000000262	trials	7.0	7142.916475999999	7144.544115999999	7145.417304	7145.632019999999	7142.226409999999	7144.787284			1.0	2.0	0.0	3.0					
7148.724	13.722999999999956	trials	7.0	7159.212815999999	7160.783943999999	7161.83598	7162.4684099999995	7158.459948	7161.1229299999995			1.0	2.0	0.0	3.0					
7164.183	42.96900000000005	trials	7.0	7202.621233999999	7203.9778799999995	7205.179367999999	7205.67332	7202.028839999999	7204.47819	7205.88	7207.152	1.0	1.0	1.0	1.0					
7211.183	6.381000000000313	trials	7.0	7214.450843999999	7215.819954	7217.259823999999	7217.427291999999	7213.540875999999	7216.512065999999			1.0	2.0	0.0	3.0					
7219.574	10.06500000000051	trials	7.0	7225.836632	7227.64862			7225.235773999999	7227.635549999999			1.0		0.0	2.0					
7233.683	7.52599999999984	trials	7.0	7236.226435999999	7237.46891	7239.007941999999	7239.550342	7235.707654	7238.349988	7239.749	7241.209	1.0	1.0	1.0	1.0					
7243.224	8.604999999999563	trials	7.0	7248.021134	7249.083283999999			7247.066202	7249.740125999999			2.0		1.0	1.0					
7255.354	5.369999999999891	trials	7.0	7257.851075999999	7258.963195999999	7260.369078	7260.744995999999	7257.219018	7259.649089999999			1.0	1.0	0.0	3.0					
7263.679	13.068000000000211	trials	7.0	7270.653268	7272.338621999999			7269.667566	7272.335872			1.0		0.0	2.0					
7277.431	4.4890000000004875	trials	7.0	7279.227515999999	7279.933761999999			7276.768962	7279.928175999999			1.0		0.0	2.0					
7285.98	13.275000000000546	trials	7.0	7294.471388	7295.498728	7297.119306	7297.394719999999	7293.586503999999	7296.367447999999	7297.779	7299.255	1.0	2.0	1.0	1.0					
7303.279	8.725999999999658	trials	7.0	7307.798113999999	7309.188558			7307.216468	7309.784028			2.0		1.0	1.0					
7314.539	11.429000000000087	trials	7.0	7318.684493999999	7320.608801999999	7321.923282	7322.255983999999	7317.799792	7321.164575999999			1.0	1.0	0.0	3.0					
7326.244	6.221000000000458	trials	7.0	7327.966906	7329.279071999999	7330.513668	7332.482016	7325.986365999999	7329.734509999999			1.0	2.0	0.0	3.0					
7332.855	7.9890000000004875	trials	7.0	7337.1685019999995	7338.798913999999			7336.323161999999	7338.792378			2.0		0.0	2.0					
7342.855	15.325000000000728	trials	7.0	7355.095455999999	7356.704092	7357.811916	7358.202608	7354.332488	7357.096452			1.0	2.0	0.0	3.0					
7360.139	7.104000000000269	trials	7.0	7363.222233999999	7364.744756			7362.650323999999	7365.014024			2.0		1.0	1.0					
7371.779	4.857999999999265	trials	7.0	7373.422779999999	7374.769778	7376.274461999999	7376.653953999999	7372.592209999999	7375.492259999999			1.0	1.0	0.0	3.0					
7379.594	5.904999999999745	trials	7.0	7381.981588	7383.514208	7385.020971999999	7385.521065999999	7381.097436	7384.203479999999			1.0	2.0	0.0	3.0					
7388.34	5.22400000000016	trials	7.0	7391.181842	7391.574799999999			7390.359472	7391.568777999999			1.0		0.0	2.0					
7395.574	7.190000000000509	trials	7.0	7399.712149999999	7401.178825999999	7402.385139999999	7402.783662	7398.928931999999	7401.641953999999			1.0	1.0	0.0	3.0					
7405.699	32.715000000000146	trials	7.0	7434.343546	7435.455704			7433.468451999999	7436.203963999999	7437.764	7438.414	2.0		1.0	1.0					
7441.444	8.74499999999989	trials	7.0	7445.836601999999	7447.62932			7444.830623999999	7447.968337999999			2.0		1.0	1.0					
7452.649	6.9299999999993815	trials	7.0	7456.374185999999	7457.735304	7459.260198	7459.559605999999	7455.783235999999	7458.362674			1.0	1.0	0.0	3.0					
7463.59	5.943999999999505	trials	7.0	7465.238907999999	7466.934036			7464.284382	7467.315532			2.0		1.0	1.0					
7472.005	9.318999999999505	trials	7.0	7476.187153999999	7477.829604	7479.0244299999995	7479.282834	7475.528482	7478.237636	7479.704	7481.324	1.0	1.0	1.0	1.0					
7484.355	10.614000000000487	trials	7.0	7489.6283459999995	7491.850052	7492.852926	7493.27889	7488.9462379999995	7491.979018	7493.639	7494.969	1.0	1.0	1.0	1.0					
7496.996	10.983000000000175	trials	7.0	7503.052969999999	7504.704981999999	7505.741295999999	7505.997515999999	7502.5433299999995	7505.094002	7506.499	7507.979	1.0	1.0	1.0	1.0					
7509.999	8.6850000000004	trials	7.0	7515.932543999999	7517.374613999999	7518.380926	7518.604436	7514.9854	7517.766716			1.0	1.0	0.0	3.0					
7522.693	5.162999999999556	trials	7.0	7525.1576239999995	7526.269183999999	7527.325664	7527.8794179999995	7524.493369999999	7526.375583999999			1.0	2.0	0.0	3.0					
7531.634	8.5	trials	7.0	7536.678075999999	7538.1496959999995			7535.962073999999	7538.135396			1.0		0.0	2.0					
7543.139	23.420000000000073	trials	7.0	7562.823358	7564.064624			7562.2135579999995	7564.423943999999			2.0		1.0	1.0					
7571.139	7.130000000000109	trials	7.0	7573.191279999999	7574.909529999999	7576.081711999999	7576.2905599999995	7572.51217	7575.4035539999995	7576.709	7578.269	1.0	1.0	1.0	1.0					
7581.339	10.100000000000364	trials	7.0	7586.442282	7587.8407799999995	7589.189151999999	7589.426063999999	7585.916507999999	7588.414117999999	7590.09	7591.439	1.0	1.0	1.0	1.0					
7595.484	9.174999999999272	trials	7.0	7599.353292	7600.93975	7602.1639159999995	7602.511165999999	7598.633067999999	7601.301909999999	7602.974	7604.659	1.0	2.0	1.0	1.0					
7607.68	10.418999999999869	trials	7.0	7614.187947999999	7616.111884			7613.5426259999995	7616.102155999999			1.0		0.0	2.0					
7622.109	5.9669999999996435	trials	7.0	7624.498781999999	7626.042079999999			7623.598223999999	7626.028711999999			1.0		0.0	2.0					
7630.105	71.42900000000009	trials	7.0	7696.383927999999	7698.346399999999	7699.331835999999	7699.646847999999	7695.473411999999	7698.720249999999	7700.079	7701.534	1.0	2.0	1.0	1.0					
7705.559	5.894999999999527	trials	7.0	7708.604411999999	7709.851773999999	7710.985205999999	7711.4764079999995	7708.090367999999	7710.288258			1.0	2.0	0.0	3.0					
7713.295	8.993999999999687	trials	7.0	7717.379343999999	7719.312828	7720.07879	7720.365876	7716.4031939999995	7719.27478	7720.904	7722.289	1.0	1.0	1.0	1.0					
7724.387	9.140000000000327	trials	7.0	7729.949285999999	7731.534694			7729.19965	7731.52499			2.0		0.0	2.0					
7735.542	10.166999999999462	trials	7.0	7742.929021999999	7744.42454	7745.396686	7745.689493999999	7742.404565999999	7744.851944			1.0	2.0	0.0	3.0					
7747.749	5.704000000000633	trials	7.0	7749.749162	7751.045905999999			7748.925754	7751.328095999999			2.0		1.0	1.0					
7756.884	6.206000000000131	trials	7.0	7759.86543	7761.077362	7762.374539999999	7763.113249999999	7759.249613999999	7761.752747999999			1.0	1.0	0.0	3.0					
7765.684	5.130000000000109	trials	7.0	7767.575508	7768.831982			7766.023104	7768.821007999999			1.0		0.0	2.0					
7773.819	6.984999999999673	trials	7.0	7776.009671999999	7777.68606	7778.591194	7779.024987999999	7775.458005999999	7778.0548579999995	7779.34	7780.804	1.0	1.0	1.0	1.0					
7784.831	8.555000000000291	trials	7.0	7790.284625999999	7792.067391999999	7793.086053999999	7793.390637999999	7789.541684	7792.364274			1.0	2.0	0.0	3.0					
7797.379	5.980000000000473	trials	7.0	7799.000376	7800.368597999999	7801.244199999999	7801.5489179999995	7797.812027999999	7800.709626	7801.889	7803.359	1.0	1.0	1.0	1.0					
7807.38	5.875	trials	7.0	7811.139368	7811.27131			7810.485731999999	7811.266239999999			2.0		0.0	2.0					
7817.293	6.124000000000706	trials	7.0	7819.675155999999	7820.921387999999			7818.936379999999	7821.2326539999995			2.0		1.0	1.0					
7826.949	13.468000000000757	trials	7.0	7835.035833999999	7837.028765999999	7838.049983999999	7838.360702	7834.12399	7837.476823999999	7838.84	7840.417	1.0	1.0	1.0	1.0					
7842.454	15.345000000000255	trials	7.0	7854.659846	7856.096277999999	7857.118109999999	7857.823257999999	7854.115233999999	7856.503632			1.0	1.0	0.0	3.0					
7860.435	5.41399999999976	trials	7.0	7862.669669999999	7863.860763999999	7865.500389999999	7865.871808	7861.855697999999	7864.6356			1.0	2.0	0.0	3.0					
7869.855	6.219000000000051	trials	7.0	7872.429466	7874.002138			7871.6981559999995	7873.992494			1.0		0.0	2.0					
7878.054	13.4399999999996	trials	7.0	7888.210792	7889.957167999999	7891.0343219999995	7891.517287999999	7887.408547999999	7890.352534			1.0	1.0	0.0	3.0					
7893.355	7.025000000000546	trials	7.0	7895.314326	7897.115421999999	7898.188112	7899.073321999999	7894.736674	7897.513572			1.0	2.0	0.0	3.0					
7901.509	6.175000000000182	trials	7.0	7903.491827999999	7904.789155999999	7905.699626	7905.974686	7900.400481999999	7905.1586179999995	7906.499	7907.684	1.0	1.0	1.0	1.0					
7911.734	8.614999999999782	trials	7.0	7915.612609999999	7917.083747999999	7918.1591659999995	7918.437526	7914.683905999999	7917.493461999999	7918.959	7920.349	1.0	1.0	1.0	1.0					
7923.364	8.38000000000011	trials	7.0	7928.797995999999	7930.442289999999	7931.439898	7931.63551	7927.79126	7930.811382			1.0	1.0	0.0	3.0					
7935.759	5.175000000000182	trials	7.0	7937.8938419999995	7939.567104	7940.636017999999	7940.893163999999	7937.338019999999	7939.741771999999			1.0	2.0	0.0	3.0					
7942.969	8.042000000000371	trials	7.0	7945.93017	7947.775761999999	7948.714994	7949.085057999999	7945.102219999999	7948.066685999999	7949.459	7951.011	1.0	1.0	1.0	1.0					
7954.918	8.361000000000786	trials	7.0	7958.409022	7959.610503999999	7960.917573999999	7961.400086	7957.892943999999	7960.277504	7961.649	7963.279	1.0	1.0	1.0	1.0					
7965.344	10.826000000000022	trials	7.0	7971.594975999999	7973.618947999999			7970.965185999999	7973.903801999999			2.0		1.0	1.0					
7978.644	9.519999999999527	trials	7.0	7983.656865999999	7985.622673999999			7983.046501999999	7986.100183999999			2.0		1.0	1.0					
7991.719	7.644999999999527	trials	7.0	7995.454416	7996.810965999999			7994.85916	7997.172876			2.0		1.0	1.0					
8001.904	8.342999999999847	trials	7.0	8007.301857999999	8008.771878	8009.902402	8010.270173999999	8006.61821	8009.166326			1.0	1.0	0.0	3.0					
8013.229	5.0659999999998035	trials	7.0	8015.117139999999	8016.3075659999995			8014.282203999999	8016.300372			1.0		0.0	2.0					
8021.339	50.42500000000018	trials	7.0	8066.830867999999	8068.0380239999995	8069.611821999999	8069.944051999999	8066.072699999999	8068.990759999999	8070.374	8071.764	1.0	1.0	1.0	1.0					
8075.808	7.9520000000002256	trials	7.0	8078.784061999999	8080.606489999999	8081.412345999999	8081.965227999999	8078.126956	8080.895253999999	8082.159	8083.76	1.0	1.0	1.0	1.0					
8085.824	9.800000000000182	trials	7.0	8092.322733999999	8094.199208	8095.255127999999	8095.631857999999	8091.397451999999	8094.572201999999			1.0	2.0	0.0	3.0					
8098.578	5.352999999999156	trials	7.0	8100.435844	8102.453436	8103.224252	8103.954315999999	8099.773907999999	8102.671734			1.0	1.0	0.0	3.0					
8105.553	13.001000000000204	trials	7.0	8115.729413999999	8117.299042	8118.284411999999	8118.573676	8114.870551999999	8117.638288			1.0	2.0	0.0	3.0					
8121.549	11.965000000000146	trials	7.0	8129.395772	8130.964488			8128.632323999999	8131.229643999999			2.0		1.0	1.0					
8135.988	9.935999999999694	trials	7.0	8140.0727099999995	8141.4327619999995	8142.494095999999	8142.736833999999	8139.207412	8141.835244			1.0	1.0	0.0	3.0					
8146.839	4.9650000000001455	trials	7.0	8148.620975999999	8149.818372			8145.95044	8149.805677999999			1.0		0.0	2.0					
8155.84	55.82500000000073	trials	7.0	8205.772972	8207.734736	8208.672974000001	8209.001414	8205.039	8208.100858000002			1.0	1.0	0.0	3.0					
8212.029	17.0	trials	7.0	8225.06016	8226.155782000002			8224.402332000001	8226.822516			2.0		1.0	1.0					
8233.454	5.845000000001164	trials	7.0	8236.108046000001	8237.534336	8238.80067	8239.299072000002	8235.222432	8238.069930000001			1.0	2.0	0.0	3.0					
8242.149	5.2520000000004075	trials	7.0	8244.491384	8245.694796000002	8247.072138000001	8247.349782000001	8243.917962000001	8246.279124			1.0	1.0	0.0	3.0					
8250.414	17.659999999999854	trials	7.0	8264.723766000001	8265.949158000001	8267.729348	8268.00516	8263.946926	8267.114568			1.0	2.0	0.0	3.0					
8270.079	11.17699999999968	trials	7.0	8276.038638	8277.704128000001	8279.144742	8279.567134	8275.313818	8278.450682	8279.965	8281.256	1.0	1.0	1.0	1.0					
8285.294	7.645000000000437	trials	7.0	8289.058896	8290.935738			8288.081698	8290.923382			2.0		0.0	2.0					
8294.964	14.020000000000437	trials	7.0	8306.558624000001	8307.644626000001	8308.605434000001	8308.987106	8305.666734	8307.932876			1.0	2.0	0.0	3.0					
8311.985	26.963999999999942	trials	7.0	8335.725142000001	8336.881614000002			8335.157214	8336.87448			1.0		0.0	2.0					
8341.959	31.799999999999272	trials	7.0	8370.67381	8372.600712000001	8373.430438000001	8373.711528000002	8369.838244	8372.955912000001			1.0	2.0	0.0	3.0					
8377.764	19.83300000000054	trials	7.0	8395.198670000002	8396.336648	8397.256112000001	8397.522532	8394.649434	8396.666454			1.0	2.0	0.0	3.0					
8400.605	12.019000000000233	trials	7.0	8408.458658000001	8410.110796			8407.449676	8410.437896000001			2.0		1.0	1.0					
8415.144	13.518000000000029	trials	7.0	8423.224364000002	8424.95633	8426.526036000001	8426.916954	8422.605252000001	8425.832562000001	8427.354	8428.662	1.0	1.0	1.0	1.0					
8432.719	7.766000000001441	trials	7.0	8437.157050000002	8439.030294	8439.976502000001	8440.486062	8436.256796000001	8439.309050000002			1.0	2.0	0.0	3.0					
8443.314	13.514999999999418	trials	7.0	8453.66955	8455.545798000001	8456.465202000001	8456.831538	8452.801364	8455.913438000001			1.0	1.0	0.0	3.0					
8458.824	8.140999999999622	trials	7.0	8462.933004	8464.35214			8462.358786	8464.750684			2.0		1.0	1.0					
8471.419	8.260000000000218	trials	7.0	8475.196358000001	8476.590926	8477.51978	8477.822074000002	8474.192608000001	8476.921972	8478.434	8479.679	1.0	1.0	1.0	1.0					
8483.73	8.123999999999796	trials	7.0	8487.69923	8488.976738000001	8489.732186000001	8490.124506	8487.136662	8489.08372	8490.569	8491.854	1.0	1.0	1.0	1.0					
8493.884	13.985000000000582	trials	7.0	8504.712446000001	8506.547362000001	8507.359898	8507.871420000001	8503.988628000001	8506.822676000002			1.0	1.0	0.0	3.0					
8510.704	27.261000000000422	trials	7.0	8532.712976	8533.912686000001	8535.253784	8535.855288	8532.163840000001	8533.906556000002			1.0		0.0	2.0					
8537.999	57.38999999999942	trials	7.0	8591.265408000001	8593.031232000001			8590.658056	8593.190600000002			2.0		1.0	1.0					
8597.824	27.084999999999127	trials	7.0	8621.120154	8622.277266000001			8620.529212000001	8622.787318			2.0		1.0	1.0					
8627.349	5.670000000000073	trials	7.0	8629.825324000001	8631.289402	8632.484502000001	8633.021204	8629.300786000002	8631.911154000001			1.0	1.0	0.0	3.0					
8635.824	5.479999999999563	trials	7.0	8638.709906	8640.018372	8640.984158000001	8641.238682000001	8638.150894	8640.189740000002			1.0	2.0	0.0	3.0					
8645.339	17.251000000000204	trials	7.0	8657.512364	8659.109426	8660.309364	8660.828408000001	8656.903728000001	8659.611602	8661.045	8662.59	1.0	1.0	1.0	1.0					
8664.604	10.279000000000451	trials	7.0	8671.200406	8673.204214000001	8674.424102	8674.884128000002	8670.490794000001	8673.765192			1.0	1.0	0.0	3.0					
8678.807	12.756999999999607	trials	7.0	8686.01698	8687.251164000001	8689.022022000001	8689.509706	8685.325842	8688.007834	8689.789	8691.564	1.0	1.0	1.0	1.0					
8694.605	11.71900000000096	trials	7.0	8700.476400000001	8702.42566	8703.997644000001	8704.2584	8699.880796000001	8703.172162	8704.729	8706.324	1.0	1.0	1.0	1.0					
8710.344	8.930000000000291	trials	7.0	8714.120798	8715.716998	8716.950018000001	8717.336432	8713.590214000002	8716.239282	8717.784	8719.274	1.0	1.0	1.0	1.0					
8722.324	10.735999999998967	trials	7.0	8726.771642000002	8728.839292	8730.909142	8731.114430000001	8726.139838000001	8729.224300000002	8731.664	8733.06	1.0	1.0	1.0	1.0					
8736.079	12.579999999999927	trials	7.0	8743.18056	8744.264192	8746.327882000001	8746.607252000002	8742.417658	8745.52945	8747.124	8748.659	1.0	1.0	1.0	1.0					
8750.684	13.893000000000029	trials	7.0	8760.505758000001	8762.037996000001	8764.058808000002	8764.579586000002	8759.919766	8763.290294			1.0	1.0	0.0	3.0					
8766.397	18.8179999999993	trials	7.0	8782.276114	8783.382586000002	8784.880424	8788.710796000001	8781.750486	8784.011506			1.0	2.0	0.0	3.0					
8787.278	21.71600000000035	trials	7.0	8803.956954000001	8805.388568	8806.445578	8806.734984	8803.300762	8805.867224000001	8807.429	8808.994	1.0	1.0	1.0	1.0					
8811.043	141.46199999999953	trials	7.0	8948.7522	8949.904768			8947.758242	8950.212624000002			2.0		1.0	1.0					
8955.026	13.118000000000393	trials	7.0	8962.839968	8964.920656	8965.874950000001	8966.394654000002	8962.049732000001	8965.324214	8966.644	8968.144	1.0	1.0	1.0	1.0					
8970.174	1172.9169999999995	BlockDesign														1.0	703.0	773.0	50.0	90.0
8970.174	8.469999999999345	trials	8.0	8974.716742	8976.07913			8974.199260000001	8976.448966			2.0		1.0	1.0					
8981.199	8.299999999999272	trials	8.0	8985.803998000001	8986.984386			8985.21001	8987.481430000002			2.0		1.0	1.0					
8992.058	9.750999999998385	trials	8.0	8996.752382	8998.560072	8999.668406	8999.925430000001	8996.015418	8999.066858	9000.42	9001.809	1.0	1.0	1.0	1.0					
9004.834	9.43499999999949	trials	8.0	9009.002086	9010.405404000001	9013.887630000001	9014.275558000001	9008.052456000001	9010.392416			2.0		0.0	2.0					
9016.449	10.090000000000146	trials	8.0	9021.057196000002	9022.866952	9024.130632	9024.43699	9020.529506	9023.370474000001	9025.029	9026.539	1.0	1.0	1.0	1.0					
9030.569	8.470000000001164	trials	8.0	9035.625956000002	9037.744494	9038.707618	9038.96555	9034.633698000001	9038.1167			1.0	1.0	0.0	3.0					
9041.079	11.085000000000946	trials	8.0	9046.757478000001	9048.454406	9049.816584	9050.109386	9045.784512	9048.77388	9050.569	9052.164	1.0	2.0	1.0	1.0					
9055.184	38.780000000000655	trials	8.0	9090.913084000002	9092.735924	9093.604008	9093.796686000002	9089.924908	9092.938426			1.0	1.0	0.0	3.0					
9095.964	17.7450000000008	trials	8.0	9109.219210000001	9110.749762000001	9111.555308	9111.845824	9108.646100000002	9110.867966000002	9112.284	9113.709	1.0	2.0	1.0	1.0					
9116.775	17.60400000000118	trials	8.0	9128.613452000001	9129.526054000002	9132.995438000002	9134.387152000001	9127.6893	9129.519654000002			2.0		0.0	2.0					
9134.543	14.570999999999913	trials	8.0	9145.639564000001	9147.115186			9144.808634	9147.102402			2.0		0.0	2.0					
9153.152	10.961999999999534	trials	8.0	9160.273738	9162.111594000002			9159.669432	9162.099646			1.0		0.0	2.0					
9167.169	44.64799999999923	trials	8.0	9208.555278	9210.001126000001	9211.255746	9211.82233	9207.660494000002	9210.652170000001			1.0	1.0	0.0	3.0					
9215.59	6.766999999999825	trials	8.0	9218.305048	9219.36065	9220.317360000001	9220.567734	9217.398268	9219.687128000001	9221.074	9222.357	1.0	2.0	1.0	1.0					
9224.38	11.984000000000378	trials	8.0	9230.536608	9232.530686	9233.944004	9234.404890000002	9229.816086	9233.197004000001	9234.774	9236.364	1.0	1.0	1.0	1.0					
9239.442	12.777000000000044	trials	8.0	9247.141906	9249.064274	9250.045564	9250.307628	9246.150582	9249.370098000001	9250.829	9252.219	1.0	2.0	1.0	1.0					
9256.234	8.649999999999636	trials	8.0	9261.798786000001	9263.076774000001	9264.555254	9264.891882	9261.081052000001	9263.712822000001			1.0	1.0	0.0	3.0					
9268.918	6.781000000000859	trials	8.0	9270.520042	9272.307608000001	9273.334482	9273.588168	9269.696834	9272.67555	9274.149	9275.699	1.0	2.0	1.0	1.0					
9278.761	13.552999999999884	trials	8.0	9287.114426	9288.850296	9289.795558000002	9290.217874000002	9286.153018	9288.962382000002	9290.644	9292.314	1.0	2.0	1.0	1.0					
9294.383	11.207000000000335	trials	8.0	9301.725542	9303.590466000001			9301.074934	9303.579278000001			1.0		0.0	2.0					
9307.599	21.65599999999904	trials	8.0	9323.699696000001	9325.590936	9326.576626	9326.79404	9322.94805	9325.55491	9327.34	9329.255	1.0	2.0	1.0	1.0					
9332.316	9.722999999999956	trials	8.0	9338.05608	9339.422444			9337.133594	9339.790178000001			2.0		1.0	1.0					
9345.527	10.924999999999272	trials	8.0	9351.154498	9352.861584	9354.003154000002	9354.257016000001	9350.611302000001	9353.295364000001	9354.86	9356.452	1.0	2.0	1.0	1.0					
9360.489	16.056000000000495	trials	8.0	9373.366198000002	9374.487312000001			9372.558864	9374.471654			1.0		0.0	2.0					
9380.56	10.878000000000611	trials	8.0	9386.504330000002	9388.064246000002	9389.154672	9389.521822	9385.640536	9388.4617	9389.84	9391.438	1.0	1.0	1.0	1.0					
9393.459	12.579999999999927	trials	8.0	9400.784834	9402.260680000001	9403.65222	9403.910166000001	9400.038990000001	9402.942996000002	9404.489	9406.039	1.0	2.0	1.0	1.0					
9408.064	12.389999999999418	trials	8.0	9415.695148	9416.937912000001	9418.102706000001	9418.377316	9415.185904000002	9417.389462000001	9418.944	9420.454	1.0	2.0	1.0	1.0					
9424.474	8.521999999999025	trials	8.0	9429.695044	9431.635248	9432.623392000001	9432.981306000001	9428.726352000001	9431.714806			1.0	2.0	0.0	3.0					
9435.965	12.03399999999965	trials	8.0	9444.976734	9446.280840000001	9447.557680000002	9448.008268000001	9444.190344	9446.901772000001			1.0	1.0	0.0	3.0					
9449.889	7.625	trials	8.0	9452.380108000001	9453.957844	9455.141916	9455.520986000001	9451.825552	9454.454422	9455.834	9457.514	1.0	2.0	1.0	1.0					
9461.534	12.170000000000073	trials	8.0	9470.000356	9471.38147			9469.199524000001	9471.460352			2.0		1.0	1.0					
9477.183	9.815999999998894	trials	8.0	9482.135658000001	9483.484176000002	9484.620208	9484.923144	9481.429228	9483.892686000001	9485.439	9486.999	1.0	2.0	1.0	1.0					
9491.079	11.975000000000364	trials	8.0	9499.590578000001	9501.053284000001			9498.865144000001	9501.043048000001			1.0		0.0	2.0					
9505.109	6.15599999999904	trials	8.0	9507.006382000001	9508.166466	9508.980066	9509.257636	9505.240360000002	9508.378014000002	9509.67	9511.265	1.0	1.0	1.0	1.0					
9515.308	11.290999999999258	trials	8.0	9523.79166	9524.867554	9526.270304000001	9526.584654	9522.969568	9525.595216000002			1.0	1.0	0.0	3.0					
9529.609	18.414999999999054	trials	8.0	9545.010898	9545.953788			9544.086172000001	9545.949980000001			1.0		0.0	2.0					
9551.034	13.085000000000946	trials	8.0	9560.073188	9561.592232	9562.652152	9563.02641	9559.323176000002	9561.97657			1.0	1.0	0.0	3.0					
9564.996	11.347999999999956	trials	8.0	9570.96584	9572.722062	9573.983800000002	9574.338720000002	9570.073116000001	9573.261458	9574.859	9576.344	1.0	2.0	1.0	1.0					
9579.364	10.726000000000568	trials	8.0	9585.969376000001	9588.012844			9585.438412000001	9587.994896	9589.659	9590.045	2.0		1.0	1.0					
9592.634	9.206000000000131	trials	8.0	9597.947362	9599.533026000001			9597.40567	9599.554824			2.0		1.0	1.0					
9604.359	16.795000000000073	trials	8.0	9611.411338000002	9613.383884	9614.780896	9615.352082000001	9610.886936	9613.537614	9615.509	9621.154	1.0	1.0	1.0	1.0					
9624.179	7.939000000000306	trials	8.0	9628.0897	9629.497724			9627.141780000002	9629.851524000002			2.0		1.0	1.0					
9636.524	4.760000000000218	trials	8.0	9638.367156	9639.568106	9640.957994	9641.213800000001	9637.817018000002	9640.092962			1.0	1.0	0.0	3.0					
9645.325	4.983000000000175	trials	8.0	9647.326210000001	9648.238928			9645.449464000001	9648.225158000001			1.0		0.0	2.0					
9654.314	12.561999999999898	trials	8.0	9658.166070000001	9659.708156	9664.617304000001	9664.92127	9657.343958000001	9659.727472	9665.554	9666.876	1.0	2.0	1.0	1.0					
9669.914	7.09099999999853	trials	8.0	9674.308156000001	9675.453236000001	9676.632086000001	9677.013454	9673.406246	9675.871834000001			1.0	2.0	0.0	3.0					
9679.969	6.270000000000437	trials	8.0	9681.707016	9683.628264			9681.108728000001	9683.960526			2.0		1.0	1.0					
9689.699	9.039999999999054	trials	8.0	9692.821544	9694.078252000001	9695.766142	9695.98895	9691.989278000001	9694.814774	9696.534	9698.739	1.0	2.0	1.0	1.0					
9700.793	15.46600000000035	trials	8.0	9711.566830000002	9712.826722000002	9714.009674	9714.316050000001	9710.906136000001	9713.256552	9714.894	9716.259	1.0	2.0	1.0	1.0					
9718.321	11.407999999999447	trials	8.0	9724.581506	9726.122992	9727.229826	9727.391524	9723.689644	9726.058048	9727.92	9729.729	1.0	2.0	1.0	1.0					
9731.774	14.960000000000946	trials	8.0	9741.656802000001	9743.103496000002	9744.048554	9744.289848	9740.968718	9743.300898000001	9744.889	9746.734	1.0	2.0	1.0	1.0					
9750.605	21.498999999999796	trials	8.0	9768.471632	9770.107772000001			9767.633734000001	9770.09663			2.0		0.0	2.0					
9775.114	9.614999999999782	trials	8.0	9782.014802000002	9782.733422000001			9781.01901	9782.722846			1.0		0.0	2.0					
9787.746	11.558000000000902	trials	8.0	9793.402252	9794.423752	9796.105498	9798.05407	9792.843812000001	9794.413818			1.0		0.0	2.0					
9799.444	22.274999999999636	trials	8.0	9817.902346	9819.104412			9817.126306	9819.578580000001	9821.314	9821.574	2.0		1.0	1.0					
9826.165	8.345999999999549	trials	8.0	9831.527458	9832.45982			9830.716286	9832.449576			1.0		0.0	2.0					
9838.558	24.511999999998807	trials	8.0	9858.5931	9859.914494	9860.905942000001	9861.090962	9857.609904	9860.292014	9861.549	9863.07	1.0	2.0	1.0	1.0					
9865.105	11.504000000000815	trials	8.0	9873.519056000001	9875.335914000001	9876.287318	9876.566414	9872.94562	9875.409152			1.0	2.0	0.0	3.0					
9879.637	16.836999999999534	trials	8.0	9891.809464000002	9893.134960000001	9894.135568000002	9894.45075	9890.886596	9893.456708000002	9894.819	9896.474	1.0	2.0	1.0	1.0					
9900.499	12.175000000001091	trials	8.0	9909.188254	9910.619914			9908.35505	9910.617384000001			1.0		0.0	2.0					
9916.679	30.93000000000029	trials	8.0	9943.088278000001	9944.124706	9945.279068	9945.499020000001	9942.276898	9944.572736	9946.124	9947.609	1.0	2.0	1.0	1.0					
9949.63	17.294000000001688	trials	8.0	9962.243546000002	9963.349674000001	9964.596386000001	9964.767214000001	9961.35129	9963.883762000001	9965.279	9966.924	1.0	2.0	1.0	1.0					
9968.984	21.935999999999694	trials	8.0	9985.278356	9987.054	9988.224418000002	9988.80837	9984.5818	9987.505538000001	9989.104	9990.92	1.0	2.0	1.0	1.0					
9992.944	23.88500000000022	trials	8.0	10012.993604000001	10014.831950000002			10012.384412000001	10014.822358000001			1.0		0.0	2.0					
10018.84	12.423999999999069	trials	8.0	10027.793218	10029.200962			10026.840738	10029.192476			2.0		0.0	2.0					
10034.308	8.071999999998297	trials	8.0	10037.743992000002	10039.067406	10040.099172	10040.447774	10036.952640000001	10039.409858	10040.894	10042.38	1.0	2.0	1.0	1.0					
10045.418	12.361000000000786	trials	8.0	10054.185372	10055.465976000001			10053.506164	10055.71039			2.0		1.0	1.0					
10061.269	7.2960000000002765	trials	8.0	10064.855034	10066.566864			10064.281574	10066.559458000002			1.0		0.0	2.0					
10071.579	36.94000000000051	trials	8.0	10100.539572000001	10101.699376			10099.580156	10102.10999	10106.899	10108.519	2.0		1.0	1.0					
10108.719	21.695000000001528	trials	8.0	10125.334048	10127.21615	10127.919724000001	10128.166920000001	10124.604762	10127.269558	10128.795	10130.414	1.0	2.0	1.0	1.0					
10134.434	8.657000000001062	trials	8.0	10138.134284000002	10139.479542000001	10140.578168	10140.710064	10137.455012	10139.804524000001	10141.314	10143.091	1.0	2.0	1.0	1.0					
