onset	duration	nwb_table	block	tone_on_time	tone_off_time	action_on_time	action_off_time	pokeC_on_time	pokeC_off_time	reward_on_time	reward_off_time	state	action	reward	result	FinishedBlock	FirstTrial	LastTrial	RewardRule_L	RewardRule_R
2.372	903.69	BlockDesign														1.0	1.0	43.0	50.0	10.0
2.372	11.597	trials	1.0	11.040972	11.857765			10.477341000000001	11.854827			2.0		0.0	2.0					
16.987	14.806000000000001	trials	1.0	28.757766	30.29563	31.462351	31.791573000000003	28.097	30.842724			1.0	2.0	0.0	3.0					
35.852	14.005000000000003	trials	1.0	45.93169	47.168760000000006	48.349024	48.583859000000004	45.142678000000004	47.96085000000001	49.102	49.857	1.0	1.0	1.0	1.0					
51.907	8.155000000000001	trials	1.0	57.311409999999995	58.825109	59.4136	59.639539	56.35369300000001	58.946298999999996			1.0	1.0	0.0	3.0					
61.737	19.294999999999995	trials	1.0	78.156469	79.839565	80.733505	81.035583	77.47785	80.310783			1.0	1.0	0.0	3.0					
84.053	18.483000000000004	trials	1.0	98.486458	100.273237			97.753293	100.422088			2.0		1.0	1.0					
105.048	13.879000000000005	trials	1.0	110.73206499999999	111.813237	117.228403	117.689823	109.929309	112.187896	117.992	118.927	1.0	1.0	1.0	1.0					
121.947	7.125	trials	1.0	124.923142	126.09867	127.40318400000001	127.63896199999999	123.954004	126.87902499999998	128.162	129.072	1.0	1.0	1.0	1.0					
131.117	8.534999999999997	trials	1.0	136.82659	138.427357	138.94384	139.139999	135.946417	138.489325			1.0	1.0	0.0	3.0					
143.328	26.683999999999997	trials	1.0	166.423499	167.765302	168.52535699999999	168.86063099999998	165.55347	168.03892199999999	169.322	170.012	1.0	2.0	1.0	1.0					
174.073	5.709000000000003	trials	1.0	176.577094	178.635589	179.344399	179.783301	175.821201	178.589629			1.0	2.0	0.0	3.0					
181.677	27.849999999999994	trials	1.0	205.246726	206.98640699999999	207.845025	208.182426	204.551524	207.396544	208.532	209.527	1.0	1.0	1.0	1.0					
212.547	8.61099999999999	trials	1.0	218.23704899999998	219.854215	220.82398899999998	221.143158	217.585785	220.367637			1.0	1.0	0.0	3.0					
225.157	16.264999999999986	trials	1.0	236.967493	238.797916			236.384629	239.158486			2.0		1.0	1.0					
243.878	7.619000000000028	trials	1.0	247.282432	248.823843	249.820156	250.069189	246.484348	249.356146	250.577	251.497	1.0	1.0	1.0	1.0					
254.559	6.753000000000014	trials	1.0	257.50849500000004	259.06585600000005	259.63824400000004	259.96447500000005	256.991686	259.08533400000005	260.402	261.312	1.0	1.0	1.0	1.0					
264.282	51.22500000000002	trials	1.0	299.312383	300.34472400000004	313.62861000000004	314.03542500000003	298.61706300000003	300.81021400000003	314.347	315.507	1.0	1.0	1.0	1.0					
317.527	13.175000000000011	trials	1.0	324.027399	325.72191100000003	328.748919	329.13430200000005	323.026361	326.064296	329.418	330.702	1.0	1.0	1.0	1.0					
333.764	10.70799999999997	trials	1.0	341.023564	342.466219			340.335342	342.463634			2.0		0.0	2.0					
347.482	51.36999999999995	trials	1.0	395.037703	396.84580800000003	397.379813	397.579247	394.25383600000004	396.829829			1.0		0.0	2.0					
402.862	18.989999999999952	trials	1.0	419.00923800000004	420.220409	421.52436400000005	421.834153	418.14358500000003	420.830217			1.0	2.0	0.0	3.0					
423.862	24.694999999999993	trials	1.0	444.51813100000004	445.98739900000004			443.85946900000005	446.27477700000003			2.0		1.0	1.0					
453.027	12.259999999999991	trials	1.0	460.16760600000003	462.025701	464.92023	465.29125000000005	459.50191900000004	464.106574			1.0	2.0	0.0	3.0					
468.257	20.201000000000022	trials	1.0	484.448549	486.200109			483.756769	486.266538			2.0		1.0	1.0					
492.995	5.72199999999998	trials	1.0	495.663133	497.460373	498.301957	498.72157500000003	494.846558	497.813035			1.0	1.0	0.0	3.0					
502.642	50.690999999999974	trials	1.0	550.863349	551.972272	553.001439	553.277371	549.9548570000001	552.3420530000001			1.0	2.0	0.0	3.0					
555.393	22.668999999999983	trials	1.0	573.681183	575.0257720000001	576.2313730000001	576.588936	573.0968750000001	575.7965350000001	577.043	578.062	1.0	1.0	1.0	1.0					
579.907	8.879999999999995	trials	1.0	584.328357	586.2206630000001			583.533456	586.526929			2.0		1.0	1.0					
592.282	6.439999999999941	trials	1.0	594.833491	596.1511750000001			594.0350950000001	596.435818			2.0		1.0	1.0					
603.191	13.101999999999975	trials	1.0	609.425392	611.0666550000001			608.711134	611.063831			2.0		0.0	2.0					
617.087	3.9700000000000273	trials	1.0	618.708849	619.0004200000001	619.433812	619.6810300000001	616.298839	618.9945710000001			1.0		0.0	2.0					
625.067	63.65999999999997	trials	1.0	684.559335	685.967737			684.000937	686.510699	681.472	681.487	2.0		1.0	1.0					
692.327	8.009999999999991	trials	1.0	696.0907030000001	698.0707130000001	698.656159	698.91853	695.1327610000001	698.1496040000001	699.442	700.337	1.0	1.0	1.0	1.0					
703.407	15.829999999999927	trials	1.0	715.0906570000001	716.527737	717.4963650000001	717.752517	714.397953	717.107253	718.293	719.237	1.0	1.0	1.0	1.0					
721.257	8.565000000000055	trials	1.0	726.159627	727.816513	728.288598	728.5521170000001	725.1591900000001	727.801552			1.0		0.0	2.0					
733.833	23.375	trials	1.0	754.5443300000001	755.764642	756.877862	757.209725	753.5708480000001	756.524847			1.0	1.0	0.0	3.0					
761.217	13.805000000000064	trials	1.0	770.386158	772.0578800000001	773.4621040000001	773.745483	769.7541610000001	773.04567	774.262	775.022	1.0	1.0	1.0	1.0					
777.043	27.239000000000033	trials	1.0	800.169846	801.8459260000001	802.6483870000001	802.910353	799.179657	802.234355	803.362	804.282	1.0	1.0	1.0	1.0					
808.307	7.6299999999999955	trials	1.0	812.654797	814.391707	815.523169	815.942569	811.816056	815.0477510000001			1.0	1.0	0.0	3.0					
817.857	27.335000000000036	trials	1.0	841.11486	842.681908			840.385365	842.997787			2.0		1.0	1.0					
847.722	8.524999999999977	trials	1.0	852.470758	854.13094	855.926014	856.237074	851.603593	855.211533			1.0	2.0	0.0	3.0					
858.255	23.072000000000003	trials	1.0	878.595678	880.12176	880.999999	881.2652800000001	877.839876	880.6017850000001			1.0	1.0	0.0	3.0					
884.335	21.726999999999975	trials	1.0	901.7946890000001	903.797812	904.441018	904.716664	901.093159	904.025536	905.217	906.062	1.0	1.0	1.0	1.0					
908.106	620.211	BlockDesign														1.0	44.0	70.0	90.0	50.0
908.106	7.937000000000012	trials	2.0	912.535119	913.7041750000001	914.472652	914.726005	911.674678	914.014978	915.208	916.043	1.0	1.0	1.0	1.0					
919.012	10.730000000000018	trials	2.0	926.4271	927.571135	928.1663570000001	928.395858	925.687936	927.7156610000001	928.937	929.742	1.0	1.0	1.0	1.0					
931.762	33.47000000000003	trials	2.0	960.856077	962.370912			960.342073	963.021213			2.0		1.0	1.0					
968.705	6.34699999999998	trials	2.0	970.920376	972.382074	973.4394490000001	973.6618060000001	970.39171	973.055913	974.262	975.052	1.0	1.0	1.0	1.0					
978.122	27.850000000000023	trials	2.0	1002.165732	1003.6578880000001			1001.5969180000001	1003.8242730000001			2.0		1.0	1.0					
1008.458	12.82400000000007	trials	2.0	1013.842512	1015.5020460000001	1019.573659	1019.965905	1013.082624	1015.970404	1020.322	1021.282	1.0	1.0	1.0	1.0					
1025.343	31.894000000000005	trials	2.0	1051.471681	1053.429164	1055.2580229999999	1055.6190119999999	1050.580726	1054.010221	1055.932	1057.237	1.0	1.0	1.0	1.0					
1059.297	19.889999999999873	trials	2.0	1072.3709939999999	1074.202939	1078.997602	1079.04205	1071.401541	1074.1941399999998			2.0		0.0	2.0					
1079.263	28.84400000000005	trials	2.0	1102.321628	1104.0876309999999	1106.468052	1106.6908979999998	1101.7343609999998	1106.006209	1107.397	1108.107	1.0	1.0	1.0	1.0					
1111.187	16.65000000000009	trials	2.0	1125.24662	1126.650035	1127.4001119999998	1127.846314	1124.689353	1126.970497			1.0	1.0	0.0	3.0					
1129.747	28.894999999999982	trials	2.0	1154.826601	1156.0345169999998	1156.969969	1157.197716	1154.282569	1156.616454	1157.677	1158.642	1.0	1.0	1.0	1.0					
1161.662	11.315000000000055	trials	2.0	1169.281659	1170.473518	1171.5384609999999	1171.740075	1168.5155399999999	1171.05702	1172.307	1172.977	1.0	1.0	1.0	1.0					
1177.017	63.25499999999988	trials	2.0	1182.751419	1184.0188469999998	1213.4540339999999	1213.7814879999999	1182.1670709999999	1184.84413	1186.782	1240.272	2.0		1.0	1.0					
1241.848	65.32400000000007	trials	2.0	1301.812635	1303.0880339999999	1304.3610039999999	1304.6002919999999	1301.2182389999998	1303.9882799999998	1245.137	1307.172	1.0	1.0	1.0	1.0					
1309.84	7.36200000000008	trials	2.0	1312.617208	1314.457066	1315.539744	1315.78489	1311.9516569999998	1315.0767839999999	1316.302	1317.202	1.0	1.0	1.0	1.0					
1321.298	9.785000000000082	trials	2.0	1325.812927	1327.7878799999999	1329.9796589999999	1330.213585	1324.9625219999998	1329.4537209999999			1.0	1.0	1.0	1.0					
1333.543	33.86900000000014	trials	2.0	1363.002348	1364.9011509999998			1362.139383	1365.2694339999998			2.0		1.0	1.0					
1369.997	6.586000000000013	trials	2.0	1373.747566	1375.5221399999998	1376.094838	1376.359074	1373.124625	1375.6043399999999			1.0	1.0	0.0	3.0					
1379.422	27.370999999999867	trials	2.0	1403.1829539999999	1404.474843			1402.27144	1404.5288739999999			2.0		1.0	1.0					
1411.294	8.708999999999833	trials	2.0	1415.528807	1417.464286	1418.295316	1418.5792979999999	1414.87603	1417.7033139999999	1419.003	1420.003	1.0	1.0	1.0	1.0					
1423.069	7.764000000000124	trials	2.0	1427.53315	1428.82899			1426.5707949999999	1428.815637			1.0		0.0	2.0					
1433.892	20.75499999999988	trials	2.0	1446.433378	1447.5737729999998	1452.9213909999999	1453.277016	1445.593813	1448.017688	1453.692	1454.647	1.0	1.0	1.0	1.0					
1458.577	7.8250000000000455	trials	2.0	1462.158136	1463.8649739999998	1464.7320009999999	1464.9716529999998	1461.203485	1464.2682869999999	1465.418	1466.402	1.0	1.0	1.0	1.0					
1468.468	9.353999999999814	trials	2.0	1473.2380839999998	1474.8515579999998	1476.111586	1476.414394	1472.665832	1475.0602629999998	1476.702	1477.822	1.0	1.0	1.0	1.0					
1481.842	20.544999999999845	trials	2.0	1495.969463	1497.220866	1500.760597	1501.073698	1495.3526459999998	1497.7706489999998	1493.522	1502.387	1.0	1.0	1.0	1.0					
1506.452	5.910000000000082	trials	2.0	1508.353854	1509.830788	1510.39039	1510.618348	1507.058331	1509.7661309999999	1511.092	1512.362	1.0	1.0	1.0	1.0					
1515.432	12.884999999999991	trials	2.0	1524.334204	1525.6005759999998	1526.209404	1526.437185	1523.815777	1525.817042	1527.027	1528.317	1.0	1.0	1.0	1.0					
1531.347	7133.115	BlockDesign														1.0	71.0	338.0	10.0	50.0
1531.347	7.789999999999964	trials	3.0	1537.2084519999999	1538.306322	1538.8140369999999	1539.0993159999998	1536.306999	1538.2951839999998			1.0	1.0	0.0	3.0					
1543.142	14.360999999999876	trials	3.0	1554.20848	1555.508418			1553.2286	1555.497925			1.0		0.0	2.0					
1560.559	16.423000000000002	trials	3.0	1573.5481929999999	1575.4756719999998	1576.655073	1576.9815159999998	1572.967758	1576.132995			1.0	1.0	0.0	3.0					
1580.992	31.341000000000122	trials	3.0	1608.0591359999999	1609.9958339999998	1610.520881	1610.9258499999999	1607.0598519999999	1610.0246439999999	1600.602	1612.333	1.0	1.0	1.0	1.0					
1615.352	18.559999999999945	trials	3.0	1630.0957509999998	1631.408002			1629.335989	1631.684358			2.0		1.0	1.0					
1636.481	7.686999999999898	trials	3.0	1641.3543989999998	1642.800382	1643.677315	1644.175951	1640.3721719999999	1643.237142			1.0	1.0	0.0	3.0					
1648.042	15.736000000000104	trials	3.0	1658.16852	1659.303579	1663.432498	1663.7539029999998	1657.6022169999999	1660.2201249999998			1.0	1.0	0.0	3.0					
1665.793	25.054000000000087	trials	3.0	1686.8192829999998	1688.2891379999999			1686.2060709999998	1688.547369	1674.237	1674.267	2.0		1.0	1.0					
1693.31	5.372000000000071	trials	3.0	1696.10941	1697.4160049999998	1698.36871	1698.6308199999999	1695.572804	1697.959054			1.0	1.0	0.0	3.0					
1700.737	22.712999999999965	trials	3.0	1719.970905	1721.436784			1719.288276	1721.425698			2.0		0.0	2.0					
1725.46	4.821999999999889	trials	3.0	1727.208979	1728.3611489999998	1729.916019	1730.266128	1726.342017	1729.4197439999998			1.0	1.0	0.0	3.0					
1733.263	19.86500000000001	trials	3.0	1749.919117	1751.731333	1752.8111159999999	1753.07335	1749.1239389999998	1752.2739299999998			1.0	1.0	0.0	3.0					
1756.137	16.02500000000009	trials	3.0	1768.144849	1769.6549049999999			1767.2295849999998	1769.9309409999998			2.0		1.0	1.0					
1776.673	6.579999999999927	trials	3.0	1779.065097	1780.9113849999999			1778.497018	1781.006805			2.0		1.0	1.0					
1787.736	6.5659999999998035	trials	3.0	1791.1148349999999	1792.7384319999999	1793.998457	1794.280818	1790.195473	1793.3256729999998			1.0	1.0	0.0	3.0					
1796.312	50.52500000000009	trials	3.0	1841.174701	1843.1558699999998	1843.8902369999998	1844.258551	1840.340765	1843.353901			1.0	2.0	0.0	3.0					
1848.208	23.464999999999918	trials	3.0	1868.9317629999998	1870.164904	1871.32186	1871.6130099999998	1868.2721549999999	1870.81272			1.0	1.0	0.0	3.0					
1873.687	11.7650000000001	trials	3.0	1882.075093	1883.66581	1885.090642	1885.461732	1881.118203	1884.4546409999998			1.0	2.0	0.0	3.0					
1888.418	15.534000000000106	trials	3.0	1900.750014	1902.553117	1903.633396	1903.953906	1899.974821	1903.187326			1.0	1.0	0.0	3.0					
1906.998	22.999000000000024	trials	3.0	1923.3210749999998	1924.926849	1929.590874	1930.0080369999998	1922.513647	1925.504706			1.0	1.0	0.0	3.0					
1933.92	9.62299999999982	trials	3.0	1940.4863579999999	1942.211838	1943.2271939999998	1943.489308	1939.520767	1942.8210869999998			1.0	1.0	0.0	3.0					
1947.557	17.195999999999913	trials	3.0	1960.8702609999998	1962.136879			1960.1574429999998	1962.478155			2.0		1.0	1.0					
1968.213	22.348999999999933	trials	3.0	1987.097065	1988.7144329999999	1990.1903639999998	1990.5724	1986.5242349999999	1989.5918829999998			1.0	2.0	0.0	3.0					
1993.507	12.819999999999936	trials	3.0	2002.6821909999999	2004.730648	2005.976205	2006.328799	2001.719866	2005.5644889999999			1.0	1.0	0.0	3.0					
2008.347	48.3900000000001	trials	3.0	2051.656077	2052.793029	2055.181098	2055.38913	2050.9740300000003	2054.823648	2055.897	2056.737	1.0	1.0	1.0	1.0					
2058.81	7.871999999999844	trials	3.0	2063.5976250000003	2065.5483830000003	2066.307625	2066.667484	2063.089865	2065.908316			1.0	1.0	0.0	3.0					
2069.637	19.3449999999998	trials	3.0	2082.8210040000004	2083.938153	2088.455113	2088.994752	2081.935977	2085.0461520000003			1.0	1.0	0.0	3.0					
2091.812	23.990000000000236	trials	3.0	2109.413532	2110.858561	2115.48277	2115.7500480000003	2108.8785040000002	2112.397231			1.0	1.0	0.0	3.0					
2119.812	9.940000000000055	trials	3.0	2126.0412490000003	2127.79057	2129.430889	2129.7660100000003	2125.261147	2128.4499800000003			1.0	2.0	0.0	3.0					
2131.802	15.201000000000022	trials	3.0	2144.301066	2145.83307	2146.687104	2146.9668340000003	2143.472338	2146.2961910000004			1.0	1.0	0.0	3.0					
2151.017	19.740000000000236	trials	3.0	2168.0317250000003	2169.2511750000003	2170.448887	2170.7678650000003	2167.066981	2169.9668140000003			1.0	2.0	0.0	3.0					
2172.77	10.101999999999862	trials	3.0	2179.9119960000003	2181.7310340000004	2182.5651350000003	2182.8706620000003	2178.9327550000003	2182.1588140000003			1.0	1.0	0.0	3.0					
2184.882	16.434999999999945	trials	3.0	2197.807984	2199.0131020000003			2197.221795	2199.2199720000003			2.0		1.0	1.0					
2203.842	25.835000000000036	trials	3.0	2223.287061	2224.8234810000004	2229.2818580000003	2229.6891680000003	2222.445541	2226.2386850000003			1.0	1.0	0.0	3.0					
2231.592	464.7999999999997	trials	3.0	2692.604611	2694.080727			2692.0511380000003	2694.164028	2600.237	2600.592	2.0		1.0	1.0					
2700.887	81.36999999999989	trials	3.0	2776.351153	2777.3468230000003			2775.4789	2777.339829			2.0		0.0	2.0					
2782.407	5.125	trials	3.0	2784.561432	2786.3571070000003	2787.194101	2787.5145150000003	2782.271331	2786.723184			1.0	1.0	0.0	3.0					
2790.544	97.83400000000029	trials	3.0	2879.959848	2881.817743			2879.1148430000003	2882.25115			2.0		1.0	1.0					
2888.837	4.5900000000001455	trials	3.0	2890.8154990000003	2891.841706	2893.123998	2893.4191800000003	2888.395951	2892.403968			1.0	2.0	0.0	3.0					
2896.437	56.7800000000002	trials	3.0	2949.960379	2951.3222490000003	2952.7617290000003	2953.234303	2949.1966340000004	2952.172044			1.0	2.0	0.0	3.0					
2957.083	11.018999999999778	trials	3.0	2964.375763	2966.292166	2967.4234410000004	2968.11592	2963.6298890000003	2966.9509120000002			1.0	1.0	0.0	3.0					
2971.786	10.342000000000098	trials	3.0	2977.3583000000003	2979.382371			2976.630219	2979.9616180000003			2.0		1.0	1.0					
2984.647	8.146000000000186	trials	3.0	2988.8122740000003	2990.684757	2991.868147	2992.22458	2988.2121500000003	2991.3916550000004			1.0	1.0	0.0	3.0					
2995.187	58.03700000000026	trials	3.0	3049.3429840000003	3051.137694	3051.599413	3051.724137	3048.653682	3051.1317750000003			1.0		0.0	2.0					
3055.237	5.766000000000076	trials	3.0	3058.543079	3059.619661	3060.666877	3060.9439580000003	3058.278611	3060.145493			1.0	2.0	0.0	3.0					
3065.044	41.76800000000003	trials	3.0	3096.725495	3098.446968	3099.500708	3099.837849	3096.152	3098.9878190000004	3090.342	3106.737	1.0	2.0	1.0	1.0					
3108.708	68.61400000000003	trials	3.0	3128.450538	3129.556802	3142.801773	3143.109101	3127.830914	3130.066259			2.0		1.0	1.0					
3179.349	5.1030000000000655	trials	3.0	3180.979655	3182.775173	3183.722255	3184.4506880000004	3179.3897380000003	3183.2770760000003			1.0	1.0	0.0	3.0					
3187.107	96.22600000000011	trials	3.0	3276.0363850000003	3277.9647250000003	3281.199101	3281.473121	3275.5188860000003	3280.478263			1.0	2.0	1.0	1.0					
3285.788	14.590000000000146	trials	3.0	3295.9465090000003	3297.6715350000004	3298.4695220000003	3298.8199480000003	3295.168864	3297.972448	3290.107	3300.378	1.0	2.0	1.0	1.0					
3303.399	10.867999999999938	trials	3.0	3308.347193	3309.9430310000002	3311.48635	3311.7589120000002	3307.365416	3310.880177			1.0	2.0	0.0	3.0					
3315.858	17.644999999999982	trials	3.0	3330.4323280000003	3332.1258980000002	3333.175161	3333.486863	3329.824603	3332.701136			1.0	1.0	0.0	3.0					
3337.517	12.2800000000002	trials	3.0	3341.807436	3343.0773050000003	3349.484479	3352.9373170000003	3341.212625	3343.482215			1.0	1.0	0.0	3.0					
3352.809	6.648999999999887	trials	3.0	3355.451528	3356.648756	3357.756398	3358.075906	3354.807949	3357.0303400000003	3358.442	3359.458	1.0	2.0	1.0	1.0					
3361.515	18.521999999999935	trials	3.0	3376.126585	3377.7020860000002	3379.721957	3379.890735	3375.333517	3379.1972480000004			1.0	1.0	0.0	3.0					
3382.087	24.559999999999945	trials	3.0	3402.291599	3404.3034860000002	3405.1221840000003	3405.4202290000003	3401.323582	3404.6750420000003	3405.772	3406.647	1.0	2.0	1.0	1.0					
3409.757	6.065000000000055	trials	3.0	3412.702337	3413.814827			3411.847964	3413.809231			1.0		0.0	2.0					
3419.833	10.875	trials	3.0	3426.6471850000003	3428.07407	3430.384822	3430.5963500000003	3426.0817540000003	3429.8925440000003			1.0	1.0	0.0	3.0					
3432.757	8.989999999999782	trials	3.0	3437.673917	3438.7727090000003	3440.189999	3440.473382	3436.872631	3439.725119	3440.972	3441.747	1.0	2.0	1.0	1.0					
3443.767	32.57100000000037	trials	3.0	3472.6923140000004	3474.238652	3475.914055	3476.343764	3471.688435	3475.420805			1.0	2.0	0.0	3.0					
3480.242	16.909999999999854	trials	3.0	3493.9523750000003	3495.226751	3496.7432630000003	3497.156546	3493.0954380000003	3496.185829			1.0	2.0	0.0	3.0					
3500.083	15.625	trials	3.0	3511.372484	3512.7511000000004	3515.3119460000003	3515.7097310000004	3510.7274540000003	3514.8338120000003			1.0	1.0	0.0	3.0					
3517.643	30.985999999999876	trials	3.0	3545.5178410000003	3546.968228	3548.2982380000003	3548.625376	3544.9200370000003	3547.8924580000003			1.0	1.0	0.0	3.0					
3551.628	19.579999999999927	trials	3.0	3562.822963	3564.172309			3561.912616	3564.436			2.0		1.0	1.0					
3571.262	4.9659999999998945	trials	3.0	3572.998141	3574.2167360000003	3575.1900050000004	3575.375153	3571.2106240000003	3574.213835			1.0		0.0	2.0					
3580.282	45.085000000000036	trials	3.0	3621.393253	3622.8551260000004			3620.582907	3623.148905			2.0		1.0	1.0					
3628.922	10.855000000000018	trials	3.0	3635.063884	3636.547844	3638.159051	3638.434986	3634.1187480000003	3637.5709190000002	3638.833	3639.777	1.0	2.0	1.0	1.0					
3641.797	13.00799999999981	trials	3.0	3648.7030910000003	3650.6522480000003	3654.478253	3654.800849	3647.804561	3651.195747			1.0	1.0	0.0	3.0					
3658.807	6.916000000000167	trials	3.0	3661.2740000000003	3663.095498	3665.384711	3665.726642	3660.625582	3664.7983360000003			1.0	2.0	0.0	3.0					
3667.717	18.572999999999865	trials	3.0	3682.6187990000003	3683.7216070000004			3681.988709	3684.0060670000003			2.0		1.0	1.0					
3689.844	8.577999999999975	trials	3.0	3694.4587690000003	3695.8614020000005			3693.629342	3696.1385990000003			2.0		1.0	1.0					
3701.987	7.5099999999997635	trials	3.0	3704.8683220000003	3705.953054	3707.6865470000002	3707.9554700000003	3703.996803	3707.19257	3708.492	3709.497	1.0	1.0	1.0	1.0					
3713.513	7.719000000000051	trials	3.0	3717.1635050000004	3718.467641			3716.576468	3719.004616			2.0		1.0	1.0					
3724.763	5.72400000000016	trials	3.0	3727.1938560000003	3728.453554	3730.054665	3730.488589	3726.6842030000003	3729.447067			1.0	2.0	0.0	3.0					
3732.387	21.59999999999991	trials	3.0	3748.789674	3750.217145	3752.286862	3752.5093450000004	3748.1157860000003	3751.79054	3753.047	3753.987	1.0	1.0	1.0	1.0					
3755.919	7.428000000000338	trials	3.0	3760.635596	3762.0258160000003	3762.955433	3763.349137	3759.628113	3762.4463750000004			1.0	1.0	0.0	3.0					
3767.307	19.420000000000073	trials	3.0	3782.8092650000003	3784.133291			3781.8987800000004	3784.4869500000004			2.0		1.0	1.0					
3790.208	7.098999999999705	trials	3.0	3793.484168	3794.957158	3796.992068	3797.265158	3792.8066830000002	3796.468946			1.0	1.0	0.0	3.0					
3799.317	15.074999999999818	trials	3.0	3810.7841340000004	3812.30351	3814.0797930000003	3814.3595830000004	3810.07589	3812.8536630000003			1.0	2.0	0.0	3.0					
3816.402	21.50500000000011	trials	3.0	3834.6896140000003	3836.592498	3837.575089	3837.7850630000003	3833.741027	3837.13554			1.0	1.0	0.0	3.0					
3841.918	29.338999999999942	trials	3.0	3856.0842700000003	3857.943627	3868.767068	3869.2635680000003	3855.2177060000004	3858.1026920000004			1.0	1.0	0.0	3.0					
3873.128	10.263999999999669	trials	3.0	3879.180182	3881.1726000000003	3881.6698730000003	3882.112424	3878.425318	3881.122949	3873.722	3883.392	1.0	1.0	1.0	1.0					
3886.412	11.480000000000018	trials	3.0	3895.0199270000003	3896.6240860000003	3897.5788300000004	3897.8156200000003	3894.413969	3897.119912			1.0	1.0	0.0	3.0					
3900.909	12.833000000000084	trials	3.0	3910.404509	3912.143494	3913.412177	3913.734518	3909.508385	3912.9365540000003			1.0	1.0	0.0	3.0					
3916.737	15.840000000000146	trials	3.0	3928.6696840000004	3930.266981			3927.675533	3930.315103			2.0		1.0	1.0					
3937.137	29.08999999999969	trials	3.0	3962.8413410000003	3964.152004			3962.1014130000003	3964.148945			2.0		1.0	1.0					
3968.715	14.711999999999989	trials	3.0	3976.795222	3978.0064460000003			3975.795956	3981.010192	3982.727	3983.427	2.0		1.0	1.0					
3986.447	7.307999999999993	trials	3.0	3990.3456020000003	3991.5136660000003	3993.403486	3993.7558390000004	3989.658874	3992.615513			1.0	2.0	0.0	3.0					
3996.737	13.80600000000004	trials	3.0	4007.4954770000004	4008.5744210000003	4010.226356	4010.4377170000002	4006.552888	4009.709115			1.0	1.0	0.0	3.0					
4012.553	19.713999999999942	trials	3.0	4028.7621320000003	4029.9038290000003	4031.899468	4032.273517	4028.123939	4031.3345560000002			1.0	1.0	0.0	3.0					
4036.253	11.56399999999985	trials	3.0	4044.1155280000003	4045.8129200000003			4043.1730310000003	4045.810151			2.0		0.0	2.0					
4050.872	5.595000000000255	trials	3.0	4052.9042210000002	4054.8852610000004	4056.122956	4056.467869	4052.29658	4055.716291			1.0	1.0	0.0	3.0					
4058.508	17.825000000000273	trials	3.0	4072.1713640000003	4073.772535			4071.290194	4074.128404			2.0		1.0	1.0					
4080.907	10.96499999999969	trials	3.0	4084.4153890000002	4086.1032130000003			4083.7500370000002	4086.093991			2.0		0.0	2.0					
4092.117	4.454999999999927	trials	3.0	4093.650809	4094.938191	4096.258904	4096.503592	4091.8753720000004	4095.823647			1.0	1.0	0.0	3.0					
4099.608	34.28899999999976	trials	3.0	4130.391543	4132.073521	4133.589709	4133.881853	4129.86289	4133.145392			1.0	1.0	0.0	3.0					
4135.912	17.484999999999673	trials	3.0	4149.302807	4151.225039	4153.072706	4153.351567	4148.727604	4152.590539000001			1.0	2.0	0.0	3.0					
4156.452	9.6899999999996	trials	3.0	4162.456340000001	4163.960018	4165.816735	4166.055233	4161.513122	4165.385423			1.0	1.0	0.0	3.0					
4168.152	13.069999999999709	trials	3.0	4177.661252	4179.328012	4180.543301	4181.228911	4176.944666	4180.07			1.0	1.0	0.0	3.0					
4183.937	21.43000000000029	trials	3.0	4201.076362	4202.4992680000005	4204.935941	4205.3746	4200.086059	4204.440203			1.0	2.0	0.0	3.0					
4207.212	40.14499999999953	trials	3.0	4243.9163180000005	4245.635645	4247.038955	4247.329738	4242.931253000001	4246.609829			1.0	1.0	0.0	3.0					
4251.372	24.625	trials	3.0	4271.802929	4273.533295	4275.689462	4275.995369	4270.928019	4275.101884			1.0	2.0	0.0	3.0					
4280.007	24.765000000000327	trials	3.0	4300.263494000001	4301.703352	4303.318031000001	4303.633384000001	4299.3748510000005	4302.802174	4304.083	4304.772	1.0	2.0	1.0	1.0					
4306.843	7.6840000000001965	trials	3.0	4311.201968	4312.684053	4314.2086150000005	4314.479426	4310.515526	4313.731508			1.0	1.0	0.0	3.0					
4316.537	28.34099999999944	trials	3.0	4341.232194	4343.273501	4344.482705	4344.883441	4340.300188	4343.943889			1.0	1.0	0.0	3.0					
4347.807	26.30500000000029	trials	3.0	4364.178664	4365.336946	4369.81034	4370.213384000001	4363.568464	4366.298466			1.0	1.0	0.0	3.0					
4374.147	37.414999999999964	trials	3.0	4404.502178000001	4405.668786	4410.045838	4410.341375	4403.739691000001	4407.394919	4410.708	4411.562	1.0	2.0	1.0	1.0					
4413.583	7.2280000000000655	trials	3.0	4417.366014	4419.321161	4420.490523	4420.81606	4416.529384	4419.960241000001			1.0	2.0	0.0	3.0					
4424.807	56.76000000000022	trials	3.0	4477.782617	4479.565654			4476.779194000001	4479.555865			2.0		0.0	2.0					
4483.622	5.844999999999345	trials	3.0	4485.594194	4487.386007	4489.107094	4489.463105000001	4484.786023000001	4488.598172			1.0	1.0	0.0	3.0					
4492.468	23.213999999999942	trials	3.0	4511.98322	4513.424749			4511.005448	4513.623242			2.0		1.0	1.0					
4519.212	6.514999999999418	trials	3.0	4521.587513	4522.855390000001	4525.309202	4525.737536000001	4520.661031	4524.766063			1.0	1.0	0.0	3.0					
4527.637	44.20000000000073	trials	3.0	4568.394001000001	4570.188845000001	4571.299991	4571.846272000001	4567.675712	4570.81211			1.0	2.0	0.0	3.0					
4573.622	9.224999999999454	trials	3.0	4579.103828	4580.338121000001	4582.533625	4582.759756	4578.501836	4582.119995			1.0	1.0	0.0	3.0					
4584.862	22.789999999999964	trials	3.0	4604.033753	4605.937288	4607.156932	4607.658644	4603.497986	4606.733147			1.0	1.0	0.0	3.0					
4610.489	28.228000000000065	trials	3.0	4635.353776	4637.382635	4638.404209	4638.712766000001	4634.677624	4637.999298000001			1.0	1.0	0.0	3.0					
4642.732	9.25	trials	3.0	4648.5643	4650.29507	4651.657435	4651.945536	4648.002215	4651.234748			1.0	2.0	0.0	3.0					
4655.017	31.895000000000437	trials	3.0	4682.484257	4684.142797	4685.523341	4685.789609	4681.9583410000005	4684.822475	4686.253	4686.912	1.0	2.0	1.0	1.0					
4688.927	9.762000000000626	trials	3.0	4695.7541710000005	4697.335694	4698.313712	4698.65894	4694.906956000001	4697.85163			1.0	1.0	0.0	3.0					
4701.647	13.38000000000011	trials	3.0	4710.029959	4711.8630220000005	4713.730324	4713.950962	4709.521567	4713.30569	4714.387	4715.027	1.0	2.0	1.0	1.0					
4718.047	14.740000000000691	trials	3.0	4728.320078000001	4730.0577140000005	4731.486499000001	4731.649075	4727.774983	4730.961722	4732.242	4732.787	1.0	2.0	1.0	1.0					
4734.812	9.792999999999665	trials	3.0	4740.6192710000005	4742.354543			4739.821256	4742.50652			2.0		1.0	1.0					
4747.137	7.805000000000291	trials	3.0	4750.971217	4752.686436			4750.039016000001	4752.919252			2.0		1.0	1.0					
4759.552	5.186999999999898	trials	3.0	4761.909848	4763.086088	4764.334854000001	4764.744677000001	4761.023083	4763.802527			1.0	2.0	0.0	3.0					
4767.668	19.485000000000582	trials	3.0	4783.299005	4784.388166000001			4782.365152	4784.900905			2.0		1.0	1.0					
4791.708	5.7390000000004875	trials	3.0	4794.434758	4795.601456	4796.923012	4797.457006000001	4793.642743	4796.416558			1.0	1.0	0.0	3.0					
4800.238	45.54500000000007	trials	3.0	4842.66509	4844.451238	4845.461207	4845.720637	4841.880098	4844.945114			1.0	1.0	0.0	3.0					
4849.797	14.25500000000011	trials	3.0	4859.3504140000005	4861.388111	4862.7040990000005	4862.915936	4858.703896	4862.217611	4850.492	4864.052	1.0	2.0	1.0	1.0					
4868.117	6.706000000000131	trials	3.0	4870.615237	4872.313601			4870.107055	4872.751022			2.0		1.0	1.0					
4879.34	5.027000000000044	trials	3.0	4881.174605	4882.6523990000005	4883.967683	4884.378235	4880.606051000001	4883.432447			1.0	2.0	0.0	3.0					
4887.297	846.7060000000001	trials	3.0	5729.674958	5731.315256	5732.312276000001	5732.711224000001	5728.799075000001	5731.763741000001	5732.899	5734.003	1.0	2.0	1.0	1.0					
5737.937	27.875	trials	3.0	5761.311638	5763.216242	5764.250899000001	5764.598011	5760.390403	5763.575097000001	5765.012	5765.812	1.0	2.0	1.0	1.0					
5769.842	6.201000000000022	trials	3.0	5771.980678	5773.2413990000005			5771.431144	5773.859288			2.0		1.0	1.0					
5779.547	7.806000000000495	trials	3.0	5782.665374	5784.131935	5785.639534	5785.9609629999995	5782.039538	5784.996150000001	5786.342	5787.353	1.0	2.0	1.0	1.0					
5790.293	13.389000000000124	trials	3.0	5798.546661	5800.427003000001	5802.042134	5802.3169450000005	5797.576514	5801.11457	5803.007	5803.682	1.0	2.0	1.0	1.0					
5805.585	7.726999999999862	trials	3.0	5809.360514	5810.769293			5808.70076	5811.0993610000005			2.0		1.0	1.0					
5816.85	4.5679999999993015	trials	3.0	5818.594925	5820.103567	5821.112561	5821.431431	5817.885593	5820.56923			1.0	2.0	0.0	3.0					
5825.424	25.988000000000284	trials	3.0	5847.805129	5849.706965	5851.033697000001	5851.427824	5847.182678	5850.560579			1.0	1.0	0.0	3.0					
5853.352	10.730999999999767	trials	3.0	5859.581141000001	5861.337992000001			5858.9179970000005	5861.844844			2.0		1.0	1.0					
5867.637	6.065000000000509	trials	3.0	5870.617028000001	5872.366406	5873.3965339999995	5873.656436	5869.745986	5872.917284			1.0	2.0	0.0	3.0					
5875.757	23.480000000000473	trials	3.0	5890.552773	5892.371309			5889.947039000001	5892.732289			2.0		1.0	1.0					
5899.437	4.484999999999673	trials	3.0	5901.397334	5902.910243	5903.578579	5903.937131000001	5899.251202	5902.992073			1.0	1.0	0.0	3.0					
5906.902	10.301000000000386	trials	3.0	5913.515892	5914.792312	5916.894976	5917.195985	5912.687789	5916.424469			1.0	1.0	0.0	3.0					
5919.253	8.954999999999927	trials	3.0	5923.081198	5924.57585	5926.751819	5927.042696	5922.3980090000005	5926.277512000001	5927.427	5928.208	1.0	2.0	1.0	1.0					
5932.252	11.884999999999309	trials	3.0	5940.7958419999995	5942.347448	5943.8256280000005	5944.11169	5940.115643	5943.400585			1.0	1.0	0.0	3.0					
5946.153	22.85399999999936	trials	3.0	5965.1118129999995	5966.465236			5964.516737	5966.7295300000005			2.0		1.0	1.0					
5973.542	8.058999999999287	trials	3.0	5975.941527000001	5977.2483059999995	5981.2849129999995	5981.6133740000005	5975.122171	5977.849357			1.0	1.0	0.0	3.0					
5984.597	15.164999999999964	trials	3.0	5996.501509	5998.405339000001	5999.450246	5999.752562	5995.743998	5998.924239			1.0	2.0	0.0	3.0					
6001.777	7.829999999999927	trials	3.0	6005.602889	6007.423108	6009.304066000001	6009.614843	6005.069066	6008.688215			1.0	2.0	0.0	3.0					
6011.65	7.277000000000044	trials	3.0	6015.266596	6016.569109			6014.573566	6016.769875			2.0		1.0	1.0					
6021.428	8.524000000000342	trials	3.0	6026.671322	6028.72039	6029.636656000001	6029.959847	6025.819861	6029.089519			1.0	1.0	0.0	3.0					
6033.958	18.809000000000196	trials	3.0	6042.978727	6044.307346	6048.700976	6049.125379	6042.406006	6044.948622			1.0	1.0	0.0	3.0					
6053.022	39.35599999999977	trials	3.0	6085.197479	6086.266927000001	6091.063681	6091.700194	6084.683321	6087.805682			1.0	1.0	0.0	3.0					
6093.402	4.1899999999996	trials	3.0	6095.421934	6095.553604000001	6096.146363	6096.433481	6092.393339	6095.548775			1.0		0.0	2.0					
6100.598	75.66899999999987	trials	3.0	6172.3424	6173.605576	6174.923417	6175.150532000001	6171.362	6174.453227	6175.592	6176.267	1.0	2.0	1.0	1.0					
6179.287	6.229999999999563	trials	3.0	6182.165233000001	6183.699362	6185.19375	6185.408237000001	6181.616852	6184.398443			1.0	1.0	0.0	3.0					
6188.527	9.135000000000218	trials	3.0	6194.810616000001	6196.317084	6197.303338000001	6197.661625000001	6193.8397700000005	6196.777135			1.0	1.0	0.0	3.0					
6200.672	14.124000000000706	trials	3.0	6210.480613000001	6212.381559	6213.494923	6213.760094	6209.695853	6213.028045	6214.212	6214.796	1.0	2.0	1.0	1.0					
6217.867	9.25500000000011	trials	3.0	6223.120139000001	6224.4235340000005	6225.758506	6225.9919	6222.1860560000005	6225.323792	6226.567	6227.122	1.0	2.0	1.0	1.0					
6231.142	10.190999999999804	trials	3.0	6238.885912000001	6240.302684	6241.008289	6241.187749000001	6237.905470000001	6240.551788000001			1.0	2.0	0.0	3.0					
6245.378	28.454999999999927	trials	3.0	6266.035826	6267.192553			6265.342717	6267.562817			2.0		1.0	1.0					
6274.257	10.371000000000095	trials	3.0	6276.080616	6277.923939	6281.9646920000005	6282.485029	6273.833081000001	6278.2961000000005			1.0	1.0	0.0	3.0					
6285.333	25.63500000000022	trials	3.0	6307.466249	6308.540660000001	6309.488082	6309.7014260000005	6306.953915	6309.023258	6310.253	6310.968	1.0	2.0	1.0	1.0					
6314.793	5.003999999999905	trials	3.0	6316.712738	6318.601013	6319.483037	6319.776332	6315.532965	6319.046564			1.0	2.0	0.0	3.0					
6321.807	8.350000000000364	trials	3.0	6327.155968	6328.082782			6326.181014	6328.075562			2.0		0.0	2.0					
6332.168	10.809000000000196	trials	3.0	6339.7578490000005	6340.851253	6342.558315	6342.9774290000005	6339.207526	6342.0289330000005			1.0	1.0	0.0	3.0					
6346.892	7.805000000000291	trials	3.0	6350.686078000001	6352.607827	6354.377267	6354.604298	6349.913784	6353.992967			1.0	2.0	0.0	3.0					
6358.708	10.739000000000487	trials	3.0	6365.7764290000005	6367.744181	6369.115549	6369.4097600000005	6365.198825	6368.623088			1.0	1.0	0.0	3.0					
6373.458	16.389000000000124	trials	3.0	6384.092014	6385.915263	6389.464814	6389.847425	6383.33808	6386.232849			1.0	1.0	0.0	3.0					
6392.793	33.939000000000306	trials	3.0	6423.915968	6425.278123	6426.4058540000005	6426.593222	6423.3026660000005	6425.998457000001			1.0	2.0	0.0	3.0					
6429.767	6.4409999999998035	trials	3.0	6432.761614	6434.723585000001	6435.876836	6436.18526	6431.976224	6435.389299			1.0	1.0	0.0	3.0					
6440.262	29.425000000000182	trials	3.0	6465.342047	6466.544384	6468.145117	6468.389981	6464.419915	6467.6847880000005	6468.782	6469.687	1.0	1.0	1.0	1.0					
6471.708	8.944000000000415	trials	3.0	6477.361576	6479.003176	6480.305353000001	6480.426248	6476.746160000001	6479.836379			1.0	1.0	0.0	3.0					
6483.662	12.795999999999367	trials	3.0	6492.508565	6493.946855			6491.978657000001	6494.302079			2.0		1.0	1.0					
6500.033	7.568999999999505	trials	3.0	6503.897932	6505.023793			6503.302684	6505.329469			2.0		1.0	1.0					
6510.085	8.402000000000044	trials	3.0	6513.281768	6515.078431	6516.966925000001	6517.239083	6512.767373000001	6516.2066780000005	6517.687	6518.487	1.0	2.0	1.0	1.0					
6521.577	8.050999999999476	trials	3.0	6525.807176	6527.054059			6524.914823	6527.387207			2.0		1.0	1.0					
6532.137	8.125	trials	3.0	6536.303302	6537.573987	6538.770085	6538.896211	6535.506278	6538.221366	6539.538	6540.262	1.0	2.0	1.0	1.0					
6542.287	9.239999999999782	trials	3.0	6548.372171	6549.524873			6547.463744000001	6549.519149			1.0		0.0	2.0					
6553.54	10.712999999999738	trials	3.0	6560.262712000001	6561.738475			6559.490897000001	6562.044087			2.0		1.0	1.0					
6566.782	6.152000000000044	trials	3.0	6569.666768	6570.978266	6572.572037	6572.911136000001	6568.775938000001	6572.111713			1.0	1.0	0.0	3.0					
6574.943	10.298999999999978	trials	3.0	6580.667168	6582.650638	6583.489549	6583.753796	6580.0082170000005	6582.987619	6584.227	6585.242	1.0	2.0	1.0	1.0					
6588.937	10.8100000000004	trials	3.0	6592.0224020000005	6593.559809			6591.039290000001	6593.893817			2.0		1.0	1.0					
6600.607	19.204999999999927	trials	3.0	6616.6342970000005	6618.349082000001	6619.482364	6619.754809	6615.9992680000005	6618.995317			1.0	1.0	0.0	3.0					
6623.867	17.960000000000036	trials	3.0	6637.867567	6639.662567	6640.525158	6640.754923	6637.062427	6640.097602	6641.157	6641.827	1.0	2.0	1.0	1.0					
6643.874	9.498000000000502	trials	3.0	6648.877424	6650.224702	6651.789272	6651.961207	6648.303047	6651.35213	6652.562	6653.372	1.0	2.0	1.0	1.0					
6655.182	9.6850000000004	trials	3.0	6661.808518	6663.345461	6664.390265	6664.869804	6661.235291	6663.903903			1.0	2.0	0.0	3.0					
6667.727	36.909999999999854	trials	3.0	6700.04975	6702.055534			6699.451406	6702.330032			2.0		1.0	1.0					
6709.092	6.536000000000058	trials	3.0	6712.368211	6714.224672	6715.309355	6715.543316	6711.836078	6714.721925			1.0	2.0	0.0	3.0					
6717.637	14.030999999999949	trials	3.0	6727.718603	6729.669511	6731.120404	6731.376297000001	6727.059709	6730.619782			1.0	1.0	0.0	3.0					
6733.532	16.06999999999971	trials	3.0	6746.043268	6747.155015	6748.068567	6748.2930910000005	6745.3403450000005	6747.5322750000005	6748.708	6749.602	1.0	1.0	1.0	1.0					
6752.627	17.67999999999938	trials	3.0	6763.593606	6765.084782	6769.756903	6770.3128750000005	6762.754948	6765.490616			1.0	1.0	0.0	3.0					
6774.087	19.83099999999922	trials	3.0	6790.103903	6791.915645	6792.45581	6792.684895	6789.324545	6791.908350000001			1.0		0.0	2.0					
6797.937	16.86499999999978	trials	3.0	6810.863447	6812.290421000001	6813.449289	6813.6867010000005	6809.895598	6812.963067000001	6814.293	6814.802	1.0	2.0	1.0	1.0					
6817.825	7.407000000000153	trials	3.0	6821.760123	6823.226225			6820.935964	6823.218662			2.0		0.0	2.0					
6828.238	12.923999999999978	trials	3.0	6838.158725	6839.245289	6840.70421	6841.166546	6837.468863	6840.292091			1.0	2.0	0.0	3.0					
6844.048	17.29399999999987	trials	3.0	6857.3592690000005	6858.572501000001	6859.897444	6860.102021000001	6856.659062000001	6859.448507	6860.507	6861.342	1.0	2.0	1.0	1.0					
6863.449	8.70300000000043	trials	3.0	6869.158682	6870.885872	6871.823602	6872.0812430000005	6868.2236840000005	6871.377953			1.0	1.0	0.0	3.0					
6874.187	48.5600000000004	trials	3.0	6919.719892	6921.516602000001	6922.4252320000005	6922.640485	6918.856940000001	6921.98989			1.0	2.0	0.0	3.0					
6925.757	11.985000000000582	trials	3.0	6933.314798	6934.620958	6936.424321	6936.594667	6932.808161	6935.994368000001	6937.117	6937.742	1.0	2.0	1.0	1.0					
6941.797	10.350000000000364	trials	3.0	6948.294151	6950.0074620000005	6950.806973000001	6950.992163	6947.562605	6950.433365	6951.427	6952.147	1.0	2.0	1.0	1.0					
6956.168	24.429000000000087	trials	3.0	6977.926397	6979.035164	6980.279471	6980.528303	6977.231041	6979.8233470000005			1.0	2.0	0.0	3.0					
6982.649	11.69799999999941	trials	3.0	6990.93602	6992.343305			6990.226115	6992.3355200000005			2.0		0.0	2.0					
6996.358	14.795000000000073	trials	3.0	7007.809832	7009.525065	7010.8249000000005	7011.047867	7007.080538	7010.360825			1.0	2.0	0.0	3.0					
7014.203	24.178999999999178	trials	3.0	7034.566330000001	7035.7818560000005			7033.758244000001	7036.236674			2.0		1.0	1.0					
7041.907	6.364999999999782	trials	3.0	7044.319972	7045.715363			7043.606304	7046.057677000001			2.0		1.0	1.0					
7050.788	13.769000000000233	trials	3.0	7056.435076	7058.098866	7064.145497	7064.561828	7055.8252600000005	7060.16095			1.0	1.0	0.0	3.0					
7067.512	7.335000000000036	trials	3.0	7071.075376000001	7072.911872000001	7074.532394	7074.760288	7070.350802	7073.992297000001			1.0	1.0	0.0	3.0					
7078.865	30.86200000000008	trials	3.0	7106.455487	7108.451975	7109.397279000001	7109.62868	7105.9022620000005	7108.944529			1.0	1.0	0.0	3.0					
7112.743	10.65899999999965	trials	3.0	7119.136639	7121.138018000001			7118.232311	7121.364611			2.0		1.0	1.0					
7126.918	5.904000000000451	trials	3.0	7128.945676	7130.317549	7131.3405250000005	7131.599582	7128.081908	7130.876674	7132.087	7132.822	1.0	2.0	1.0	1.0					
7136.842	12.3100000000004	trials	3.0	7144.99561	7146.158182	7147.637483	7147.923497	7144.007819	7147.20498	7148.322	7149.152	1.0	2.0	1.0	1.0					
7152.103	10.073999999999614	trials	3.0	7158.271187	7159.617298			7157.710451	7159.972019000001			2.0		1.0	1.0					
7166.747	7.310999999999694	trials	3.0	7170.335489	7171.80017			7169.335807	7171.805973			2.0		1.0	1.0					
7177.578	10.549999999999272	trials	3.0	7181.365891	7182.554111	7187.546924	7188.1336550000005	7180.819709	7183.805028000001			1.0	1.0	0.0	3.0					
7190.872	12.164999999999964	trials	3.0	7199.040772	7200.429191	7201.706918	7201.9504400000005	7198.330459000001	7201.042643000001	7202.552	7203.037	1.0	2.0	1.0	1.0					
7205.107	8.060999999999694	trials	3.0	7209.891013	7211.118193	7211.599409	7211.856752	7208.945095	7211.110099			1.0		0.0	2.0					
7215.182	11.985999999999876	trials	3.0	7223.641167	7225.171907	7225.803436	7225.94996	7222.835114	7225.161875			1.0		0.0	2.0					
7231.177	10.65100000000075	trials	3.0	7238.646616	7240.320214	7241.435288000001	7241.8332040000005	7237.663154	7240.98505			1.0	1.0	0.0	3.0					
7245.767	10.485999999999876	trials	3.0	7252.441067	7254.215392	7254.949997	7255.158504	7251.489513	7254.523657	7255.617	7256.253	1.0	2.0	1.0	1.0					
7258.315	7.792000000000371	trials	3.0	7262.177543	7263.507821			7261.269073	7263.8049550000005			2.0		1.0	1.0					
7268.583	7.420000000000073	trials	3.0	7272.036283	7273.357946	7274.545907	7274.778437	7271.256716	7274.07223	7275.257	7276.003	1.0	2.0	1.0	1.0					
7278.022	10.49499999999989	trials	3.0	7285.302737	7286.901576	7288.024877	7288.521953	7284.458314	7287.570848			1.0	2.0	0.0	3.0					
7291.342	11.780000000000655	trials	3.0	7299.846601	7301.622386	7302.802771000001	7303.023692000001	7299.297226000001	7302.324581000001			1.0	1.0	0.0	3.0					
7307.172	17.725000000000364	trials	3.0	7322.062259	7323.915635	7324.581658	7324.839197	7321.0743680000005	7324.198324			1.0	2.0	0.0	3.0					
7326.947	28.930999999999585	trials	3.0	7352.006713000001	7353.299008			7351.3600050000005	7353.586147			2.0		1.0	1.0					
7359.333	8.960000000000036	trials	3.0	7364.661452	7366.08767	7367.893891	7368.299855	7364.1322310000005	7367.235974			1.0	2.0	0.0	3.0					
7370.212	25.495999999999185	trials	3.0	7392.296858	7394.262426	7395.340978	7395.715745	7391.570158	7394.833402			1.0	2.0	0.0	3.0					
7399.662	17.579999999999927	trials	3.0	7412.7669860000005	7414.508909	7416.919372	7417.206551	7412.137558	7416.318826000001			1.0	1.0	0.0	3.0					
7419.253	18.503999999999905	trials	3.0	7433.1119960000005	7434.269426000001	7437.427763	7437.754355	7432.17551	7436.836484			1.0	2.0	0.0	3.0					
7441.801	20.320999999999913	trials	3.0	7457.5539100000005	7459.248031	7460.754082	7460.9740600000005	7456.967488	7460.157997	7461.497	7462.122	1.0	2.0	1.0	1.0					
7464.142	12.646999999999935	trials	3.0	7473.038051	7474.190621			7472.262874	7474.437271000001			2.0		1.0	1.0					
7480.247	5.994999999999891	trials	3.0	7482.678895	7484.413844000001	7485.921646000001	7486.155977	7482.161480000001	7485.009323			1.0	1.0	0.0	3.0					
7489.278	492.96900000000005	trials	3.0	7977.615376	7979.264395	7980.482965	7980.759358	7976.706812	7979.9563180000005	7981.168	7982.247	1.0	2.0	1.0	1.0					
7984.152	12.100999999999658	trials	3.0	7990.3300850000005	7991.526466	7995.835966000001	7996.262531	7989.5895040000005	7992.137633			1.0	1.0	0.0	3.0					
8000.198	8.118999999999687	trials	3.0	8002.356945	8003.716894	8006.94728	8007.156742	8001.787591	8006.503249	8007.692	8008.317	1.0	2.0	1.0	1.0					
8011.338	7.9890000000004875	trials	3.0	8016.0458	8017.798817000001	8019.014485	8019.268765000001	8015.537653	8018.4243400000005			1.0	2.0	0.0	3.0					
8023.337	21.014999999999418	trials	3.0	8041.165804	8042.2825760000005	8044.043138	8044.315237000001	8040.309512	8043.545891			1.0	2.0	0.0	3.0					
8048.392	9.74499999999989	trials	3.0	8054.0263	8055.237532	8057.770738	8058.14645	8053.404065000001	8057.219230000001			1.0	1.0	0.0	3.0					
8061.137	24.113000000000284	trials	3.0	8081.175362	8082.693109			8080.2022910000005	8083.046405			2.0		1.0	1.0					
8089.727	100.6850000000004	trials	3.0	8095.021511	8096.770009	8097.735613000001	8097.974849	8094.099340000001	8097.278215	8092.878	8190.412	1.0	2.0	1.0	1.0					
8191.933	9.320000000000618	trials	3.0	8196.996818	8198.70554			8196.106639	8199.083638			2.0		1.0	1.0					
8203.782	9.930000000000291	trials	3.0	8207.147041	8208.328544	8213.360408	8213.726279	8206.235114	8212.580867			1.0	1.0	0.0	3.0					
8216.677	29.729999999999563	trials	3.0	8242.727659	8243.903951			8241.974143	8244.350413			2.0		1.0	1.0					
8248.932	7.809999999999491	trials	3.0	8252.744062	8254.679203	8256.317738	8256.755705	8252.041544	8255.627047			1.0	2.0	0.0	3.0					
8259.657	36.465000000000146	trials	3.0	8291.01884	8293.08935	8294.680955	8294.895146	8290.384364	8294.186873	8295.333	8296.122	1.0	2.0	1.0	1.0					
8298.191	10.480999999999767	trials	3.0	8304.232795	8305.823315	8307.169937	8307.338155000001	8303.299098	8306.647663	8307.842	8308.672	1.0	2.0	1.0	1.0					
8310.702	9.18500000000131	trials	3.0	8316.058855	8317.328509			8315.530279	8317.683698			2.0		1.0	1.0					
8324.403	14.023999999999432	trials	3.0	8334.292699	8335.869229			8333.784556	8336.172266			2.0		1.0	1.0					
8342.942	13.835000000000946	trials	3.0	8352.273383	8353.678989	8355.259302	8355.453478	8351.406350000001	8354.791376000001	8356.032	8356.777	1.0	2.0	1.0	1.0					
8358.812	14.170000000000073	trials	3.0	8368.637049	8370.514013	8371.370729	8371.573531	8367.834407	8370.940268	8372.112	8372.982	1.0	2.0	1.0	1.0					
8375.032	9.69000000000051	trials	3.0	8380.563071	8382.413865	8383.229189	8383.443607000001	8379.980665	8382.769136	8383.992	8384.722	1.0	2.0	1.0	1.0					
8387.767	8.135000000000218	trials	3.0	8392.252697	8393.593112			8391.56675	8393.821715			2.0		1.0	1.0					
8399.392	11.090000000000146	trials	3.0	8404.887554	8406.334589	8410.044146	8410.475749000001	8404.277983	8406.789221			1.0	1.0	0.0	3.0					
8414.492	7.520000000000437	trials	3.0	8418.948238	8420.819982	8421.709363	8421.946090000001	8418.218044000001	8421.28661			1.0	2.0	0.0	3.0					
8426.023	10.829000000001543	trials	3.0	8433.363436	8435.173861	8436.417211	8436.865515000001	8432.403862	8436.004501			1.0	2.0	0.0	3.0					
8439.737	14.530000000000655	trials	3.0	8450.883065	8452.889698	8453.925940000001	8454.278443	8450.227930000001	8453.444186			1.0	1.0	0.0	3.0					
8457.252	10.739999999999782	trials	3.0	8465.328253	8466.405061000001	8467.69136	8467.932003	8464.753727	8467.271317			1.0	2.0	0.0	3.0					
8470.003	17.039999999999054	trials	3.0	8483.644601	8485.682729	8486.733254	8487.043226	8482.840233	8486.231209			1.0	2.0	0.0	3.0					
8490.062	18.69499999999971	trials	3.0	8504.158696	8506.105728	8507.251823	8507.438555	8503.442891	8506.716185000001	8507.934	8508.757	1.0	2.0	1.0	1.0					
8512.614	8.21900000000096	trials	3.0	8517.323809000001	8519.306204	8520.523532	8520.799787	8516.444702	8519.991188			1.0	1.0	0.0	3.0					
8522.882	8.90899999999965	trials	3.0	8528.253359	8530.168373	8531.438947	8531.748799	8527.356137	8530.857581			1.0	1.0	0.0	3.0					
8534.8	18.067000000000917	trials	3.0	8549.604118	8551.136517	8552.413709	8552.879734	8548.954816000001	8551.979291			1.0	2.0	0.0	3.0					
8556.747	21.46100000000115	trials	3.0	8574.319171	8576.240837000001	8577.905845000001	8578.170338	8573.757043	8577.420821			1.0	2.0	0.0	3.0					
8581.217	37.2549999999992	trials	3.0	8615.95193	8617.156113000001	8618.061272	8618.488484000001	8615.082606	8617.554436			1.0	2.0	0.0	3.0					
8621.402	9.485000000000582	trials	3.0	8627.639228	8629.258075	8630.582902	8630.763691	8626.767761	8629.896041			1.0	2.0	0.0	3.0					
8634.907	9.93500000000131	trials	3.0	8640.869512000001	8642.590822			8639.98643	8642.760314			2.0		1.0	1.0					
8647.417	17.045000000000073	trials	3.0	8660.399722	8661.496216	8663.128941	8663.392218	8659.796641	8662.712279	8663.887	8664.462	1.0	2.0	1.0	1.0					
8666.487	479.9850000000006	BlockDesign														1.0	339.0	365.0	50.0	90.0
8666.487	48.03100000000086	trials	4.0	8710.049468000001	8711.676027000001	8712.85847	8713.118878000001	8709.497598	8712.261578	8713.587	8714.518	1.0	2.0	1.0	1.0					
8718.437	16.1200000000008	trials	4.0	8723.315232	8724.966644	8731.336694	8731.756648	8722.355836	8726.103695			1.0	1.0	0.0	3.0					
8734.708	24.85899999999856	trials	4.0	8754.936162	8756.580167	8758.03327	8758.352834000001	8754.30263	8757.492475	8758.712	8759.567	1.0	2.0	1.0	1.0					
8763.587	10.295000000000073	trials	4.0	8770.230666	8771.322071			8769.546193	8771.663693			2.0		1.0	1.0					
8776.449	10.08299999999872	trials	4.0	8782.650203000001	8783.787836	8785.001752	8785.276877	8782.109729	8784.408671000001	8785.657	8786.532	1.0	2.0	1.0	1.0					
8789.602	13.619999999998981	trials	4.0	8798.825120000001	8800.277249	8801.73698	8802.013762	8798.216905000001	8801.184961	8802.407	8803.222	1.0	2.0	1.0	1.0					
8806.242	10.159999999999854	trials	4.0	8811.865631	8813.535557	8814.831040000001	8815.102583	8811.282731	8814.273542	8815.467	8816.402	1.0	2.0	1.0	1.0					
8819.437	11.274999999999636	trials	4.0	8826.170518	8828.164775000001			8825.554277	8828.484716			2.0		1.0	1.0					
8834.252	5.6299999999992	trials	4.0	8836.365577	8838.412058	8839.403797	8839.897529	8835.847979	8838.914677			1.0	2.0	0.0	3.0					
8841.722	13.270000000000437	trials	4.0	8851.510216	8853.141905	8854.619807	8855.009144	8850.78256	8854.156657			1.0	2.0	0.0	3.0					
8858.927	67.01499999999942	trials	4.0	8922.647128	8924.29268	8925.628143	8925.892901	8922.035602	8925.054671			1.0	1.0	0.0	3.0					
8928.997	21.954999999999927	trials	4.0	8945.791432	8946.82305	8949.353398	8949.600144	8945.14487	8948.824133	8949.972	8950.952	1.0	2.0	1.0	1.0					
8954.987	7.505000000001019	trials	4.0	8958.602503	8959.939551			8958.016559	8960.38348			2.0		1.0	1.0					
8965.057	11.8849999999984	trials	4.0	8971.305774	8972.872919000001	8975.404469000001	8975.704043	8970.611876	8974.849202000001	8976.087	8976.942	1.0	2.0	1.0	1.0					
8981.002	7.665999999999258	trials	4.0	8984.496109	8985.72221	8987.290217	8987.468962	8983.903679	8986.705478	8988.012	8988.668	1.0	2.0	1.0	1.0					
8990.702	9.805000000000291	trials	4.0	8996.496518	8997.918164			8995.838296	8998.317640000001			2.0		1.0	1.0					
9002.962	14.600000000000364	trials	4.0	9013.24628	9015.307762	9016.228598	9016.410439	9012.475696000001	9015.731201	9016.987	9017.562	1.0	2.0	1.0	1.0					
9020.627	9.049999999999272	trials	4.0	9025.221697	9027.187543			9024.245846	9027.600544			2.0		1.0	1.0					
9034.212	5.020000000000437	trials	4.0	9035.812844	9037.238065	9037.791083	9038.071217	9034.668796	9037.225777			1.0		0.0	2.0					
9043.242	7.270000000000437	trials	4.0	9046.985662	9048.484324000001	9050.154583	9050.490248	9046.220441000001	9049.494902			1.0	1.0	0.0	3.0					
9052.512	13.514999999999418	trials	4.0	9061.666775	9063.070667	9064.115179	9064.381076	9061.050953	9063.651578	9064.897	9066.027	1.0	2.0	1.0	1.0					
9068.09	9.906999999999243	trials	4.0	9073.563403	9074.973398	9077.59087	9077.717822	9072.594556	9074.968745			2.0		0.0	2.0					
9080.037	15.225000000000364	trials	4.0	9089.551454	9091.133662	9092.963392	9093.276232	9088.696907	9092.358808	9093.577	9095.262	1.0	2.0	1.0	1.0					
9098.327	8.025000000001455	trials	4.0	9102.556828	9104.076896	9104.804236	9104.985623	9101.81915	9104.358342	9105.587	9106.352	1.0	2.0	1.0	1.0					
9110.232	9.56500000000051	trials	4.0	9115.612349	9117.218479	9118.286866	9118.50682	9114.673034	9117.783939	9118.947	9119.797	1.0	2.0	1.0	1.0					
9121.827	11.71600000000035	trials	4.0	9129.317273	9131.11969	9132.20447	9132.385024	9128.761604	9131.677576	9132.857	9133.543	1.0	2.0	1.0	1.0					
9136.65	9.822000000000116	trials	4.0	9142.648465	9144.337334	9145.070846	9145.254497	9142.035188	9144.619954	9145.817	9146.472	1.0	2.0	1.0	1.0					
9148.493	2702.099	BlockDesign														1.0	366.0	485.0	50.0	10.0
9148.493	12.003999999998996	trials	5.0	9156.787679000001	9158.489683	9158.996869	9159.226774	9155.94848	9158.472415			1.0		0.0	2.0					
9163.547	8.135000000000218	trials	5.0	9167.516714000001	9169.128274			9166.739674	9169.455034			2.0		1.0	1.0					
9174.152	7.931000000000495	trials	5.0	9179.955375000001	9180.11597	9181.756704000001	9181.994296	9166.739674	9181.229993			1.0	1.0	0.0	3.0					
9186.09	11.881999999999607	trials	5.0	9195.003243000001	9196.702462000001	9197.633151000002	9197.971437000002	9194.106851	9197.110080000002			1.0	2.0	0.0	3.0					
9200.027	48.590000000000146	trials	5.0	9244.882805000001	9246.042762000001			9243.919559000002	9246.315188			2.0		1.0	1.0					
9252.12	5.821999999998297	trials	5.0	9254.368253	9256.356113000002	9257.607080000002	9257.840496	9253.655547000002	9257.061807000002			1.0	2.0	0.0	3.0					
9261.999	12.043999999999869	trials	5.0	9270.031977	9271.373780000002	9273.627577000001	9274.041849000001	9269.127762000002	9272.419154000001			1.0	2.0	0.0	3.0					
9276.012	14.545000000000073	trials	5.0	9286.422708000002	9288.483230000002	9290.228664000002	9290.557079000002	9285.811514	9289.748238000002			1.0	1.0	0.0	3.0					
9293.617	37.20499999999993	trials	5.0	9327.507993000001	9328.899290000001	9330.501507	9330.803454	9326.613316	9329.939925			1.0	2.0	0.0	3.0					
9333.829	19.413000000000466	trials	5.0	9348.608002	9349.930215000002	9351.661158	9351.947814000001	9347.933514000002	9351.094364	9352.337	9353.242	1.0	2.0	1.0	1.0					
9355.128	35.04399999999987	trials	5.0	9386.233295000002	9388.200704	9389.552991	9390.171578000001	9385.540349	9389.073881000002			1.0	2.0	0.0	3.0					
9392.933	14.72899999999936	trials	5.0	9403.388219000002	9405.053853000001			9402.737424	9405.370907000002			2.0		1.0	1.0					
9411.107	6.174999999999272	trials	5.0	9414.283053000001	9415.720251	9416.955809000001	9417.271553	9413.748436000002	9416.329356000002			1.0	2.0	0.0	3.0					
9421.297	14.334999999999127	trials	5.0	9432.505191000002	9434.180361	9435.233625	9435.630807000001	9431.808246	9434.641817000002			1.0	2.0	0.0	3.0					
9439.607	33.5049999999992	trials	5.0	9469.078416000002	9471.040457000001			9468.505045000002	9471.034347			2.0		0.0	2.0					
9475.168	8.699000000000524	trials	5.0	9480.170492000001	9481.741042000001	9483.434394000002	9483.866819	9479.393488000002	9482.797077000001			1.0	2.0	0.0	3.0					
9486.778	38.638999999999214	trials	5.0	9521.835186000002	9523.530383000001	9525.093708000002	9525.362244000002	9521.051769000002	9524.551230000001			1.0	2.0	0.0	3.0					
9528.432	18.894999999998618	trials	5.0	9544.078664	9545.423585	9547.006239000002	9547.250691000001	9543.319496000002	9546.490382000002			1.0	2.0	0.0	3.0					
9549.338	18.023999999999432	trials	5.0	9563.054258000002	9564.978042	9567.045256000001	9567.351101000002	9562.544028000002	9566.565495			1.0	2.0	0.0	3.0					
9571.407	9.860000000000582	trials	5.0	9575.179555	9576.337328000001	9579.619854	9580.011275	9574.190801	9578.891077000002	9580.322	9581.267	1.0	1.0	1.0	1.0					
9584.284	7.6120000000009895	trials	5.0	9589.131135000001	9590.368066	9591.472240000001	9591.890342	9588.457818	9590.976135			1.0	1.0	0.0	3.0					
9595.803	17.21900000000096	trials	5.0	9608.784378000002	9610.450812000001			9607.892733	9610.792668000002			2.0		1.0	1.0					
9615.558	6.253999999998996	trials	5.0	9618.319386000001	9619.762926000001	9621.529161000002	9621.809970000002	9617.461269000001	9620.967964000001			1.0	2.0	0.0	3.0					
9623.842	451.9969999999994	trials	5.0	10071.376395000001	10072.950014000002	10075.464864000001	10075.825665000002	10070.548215	10074.945596000001			1.0	2.0	0.0	3.0					
10079.797	31.19499999999971	trials	5.0	10106.092977000002	10107.260864000002			10105.417391	10108.529372	10110.597	10110.992	2.0		1.0	1.0					
10115.017	9.594999999999345	trials	5.0	10121.117283000001	10123.136454000001	10124.273840000002	10124.611926000001	10120.325696000002	10123.555970000001			1.0	2.0	0.0	3.0					
10126.642	9.635000000000218	trials	5.0	10132.299071000001	10133.790129	10134.863217000002	10135.122828000001	10131.52518	10134.304277000001	10135.583	10136.277	1.0	2.0	1.0	1.0					
10138.309	10.319000000001324	trials	5.0	10144.549104000002	10145.805494000002			10144.041311	10146.348156000002			2.0		1.0	1.0					
10152.097	6.420000000000073	trials	5.0	10154.692521	10155.739368000002	10157.967522	10158.187475	10153.733180000001	10157.404461000002			1.0	2.0	0.0	3.0					
10162.302	16.752000000000407	trials	5.0	10175.282802000002	10176.906279	10178.719749000002	10179.050715000001	10174.449798000001	10177.303778000001			1.0	2.0	0.0	3.0					
10182.053	11.825000000000728	trials	5.0	10190.077608000001	10191.663228000001	10193.507094	10193.878886000002	10189.100480000001	10192.918961000001			1.0	1.0	0.0	3.0					
10196.847	16.850000000000364	trials	5.0	10210.397691000002	10212.084221000001	10213.385348000002	10213.659175	10209.429644000002	10212.814349000002			1.0	2.0	0.0	3.0					
10215.708	13.363999999999578	trials	5.0	10224.617510000002	10225.741977000001			10223.980067	10226.882811000001			2.0		1.0	1.0					
10231.522	8.674999999999272	trials	5.0	10236.013248000001	10237.940127000002			10235.127029000001	10238.020056000001			2.0		1.0	1.0					
10244.722	12.6200000000008	trials	5.0	10246.634217	10247.886326000002	10254.899687000001	10255.378473	10245.858096000002	10248.877040000001	10255.652	10257.342	1.0	1.0	1.0	1.0					
10260.837	7.305000000000291	trials	5.0	10264.907825000002	10266.619778000002	10267.821966000001	10268.124578	10264.046550000001	10267.260141			1.0	2.0	0.0	3.0					
10270.157	24.140000000001237	trials	5.0	10289.728249000002	10291.749725000001	10293.887383000001	10294.299831000002	10288.743381000002	10293.235632000002			1.0	2.0	0.0	3.0					
10298.222	10.479999999999563	trials	5.0	10304.604050000002	10306.185488000001			10303.731741000001	10306.524381000001			2.0		1.0	1.0					
10313.257	9.395000000000437	trials	5.0	10318.808892000001	10320.089532000002	10322.301278	10322.653895000001	10318.184273	10321.678350000002			1.0	1.0	0.0	3.0					
10324.678	13.950000000000728	trials	5.0	10333.719246	10334.886471000002	10337.058116000002	10337.437503000001	10332.747118000001	10336.28021	10337.887	10338.628	1.0	1.0	1.0	1.0					
10341.686	20.47099999999955	trials	5.0	10357.090493000002	10358.880030000002	10360.545515000002	10360.771123000002	10356.472332000001	10360.038207000001	10361.208	10362.157	1.0	1.0	1.0	1.0					
10366.2	10.066999999999098	trials	5.0	10371.894375000002	10373.502751000002			10371.077528000002	10374.240464000002			2.0		1.0	1.0					
10378.809	7.484000000000378	trials	5.0	10382.300714	10383.351704	10384.61655	10384.872492000002	10381.300725000001	10384.126914	10385.392	10386.293	1.0	1.0	1.0	1.0					
10389.357	10.385000000000218	trials	5.0	10395.983925	10397.752365000002	10399.424507000002	10399.738164000002	10395.180543000002	10398.420977000002			1.0	1.0	0.0	3.0					
10402.782	27.846000000001368	trials	5.0	10422.635448	10424.471372000002	10428.990917000001	10429.427304	10421.808897	10425.167273000001	10429.958	10430.628	1.0	1.0	1.0	1.0					
10432.672	9.594999999999345	trials	5.0	10437.998907000001	10439.495547000002	10440.611403	10440.864587000002	10437.451323000001	10440.142311000001	10441.562	10442.267	1.0	1.0	1.0	1.0					
10446.319	10.39600000000064	trials	5.0	10453.590868000001	10454.950788000002	10456.377258	10456.701983	10452.778541000001	10455.780158000001			1.0	1.0	0.0	3.0					
10459.717	17.795000000000073	trials	5.0	10474.219916000002	10475.524533000002	10477.197398000002	10477.432544000001	10473.245363000002	10476.671184			1.0	2.0	0.0	3.0					
10480.543	40.71900000000096	trials	5.0	10516.999491000002	10518.601700000001	10520.950230000002	10521.241862	10516.436289000001	10520.481929000001			1.0	2.0	0.0	3.0					
10524.312	14.30999999999949	trials	5.0	10534.595033000001	10536.109412000002			10534.040513000002	10536.532905000002			2.0		1.0	1.0					
10543.149	6.167999999999665	trials	5.0	10544.984519000001	10546.182282000002	10547.469366000001	10547.768604	10543.921998000002	10546.950762	10548.253	10549.317	1.0	1.0	1.0	1.0					
10551.347	10.380000000001019	trials	5.0	10557.704663	10559.471853000001	10560.058395000002	10560.391985000002	10556.803995000002	10559.582804000001	10560.793	10561.727	1.0	1.0	1.0	1.0					
10564.742	8.171000000000276	trials	5.0	10569.959721000001	10570.907013000002			10569.333339	10570.900772			1.0		0.0	2.0					
10574.922	21.182999999999083	trials	5.0	10592.841952	10594.676964000002	10595.735222000001	10596.063404	10592.222882000002	10595.166315000002			1.0	2.0	0.0	3.0					
10599.102	15.18499999999949	trials	5.0	10610.180414000002	10611.776240000001			10609.596857	10612.208713000002			2.0		1.0	1.0					
10618.857	5.8799999999992	trials	5.0	10620.560657000002	10622.089161000002	10623.292230000001	10623.487007000002	10619.053623000002	10622.91012	10624.147	10624.737	1.0	1.0	1.0	1.0					
10627.802	7.6599999999998545	trials	5.0	10631.254887000001	10632.889592000001			10630.688693000002	10633.275237000002			2.0		1.0	1.0					
10638.913	5.778999999998632	trials	5.0	10640.815529000001	10641.871679000002			10639.739774000001	10642.410815000001			2.0		1.0	1.0					
10648.152	5.2450000000008	trials	5.0	10650.805449000001	10652.544895	10652.983896000002	10653.400863	10650.128057000002	10652.519396000002			1.0	1.0	0.0	3.0					
10657.312	13.917999999999665	trials	5.0	10667.320355000002	10668.723078			10666.656824000002	10668.993003000001			2.0		1.0	1.0					
10673.747	7.33600000000115	trials	5.0	10677.341702000002	10679.077449000002	10679.891243000002	10680.468321000002	10676.367402000002	10679.071234000001			1.0		0.0	2.0					
10684.093	15.623999999999796	trials	5.0	10696.571439000001	10697.887479	10699.394182000002	10699.709571000001	10696.033788	10698.941343000002			1.0	2.0	0.0	3.0					
10701.727	19.2599999999984	trials	5.0	10714.691604000001	10716.357729000001	10717.636253	10717.963794000001	10714.140827000001	10717.199121000001			1.0	2.0	0.0	3.0					
10721.962	8.356999999999971	trials	5.0	10727.115831000001	10728.358185000001	10729.986684000001	10730.255879000002	10726.150486000002	10729.568761000002			1.0	1.0	0.0	3.0					
10732.333	8.91399999999885	trials	5.0	10737.830768000002	10738.937796000002			10736.994263	10739.177551			2.0		1.0	1.0					
10743.81	4.983000000000175	trials	5.0	10745.990997	10747.152438000001	10748.480384000002	10748.729891	10745.489244000002	10747.939016000002			1.0	2.0	0.0	3.0					
10751.802	42.375	trials	5.0	10790.795701000001	10792.127552000002			10790.078066000002	10792.125090000001			1.0		0.0	2.0					
10796.184	16.88800000000083	trials	5.0	10809.195968000002	10811.186852	10812.754329000001	10813.050661000001	10808.656451	10812.247997000002			1.0	2.0	0.0	3.0					
10817.079	7.972999999999956	trials	5.0	10820.670987000001	10822.382251	10823.235845000001	10823.642343000001	10819.717740000002	10822.841228000001	10823.997	10825.052	1.0	1.0	1.0	1.0					
10828.872	5.31000000000131	trials	5.0	10831.255647000002	10832.787345	10833.647661	10834.188182000002	10830.491634000002	10833.234807			1.0	1.0	0.0	3.0					
10835.967	24.06999999999971	trials	5.0	10856.146919	10857.729075000001			10855.401989000002	10857.915755000002			2.0		1.0	1.0					
10862.562	7.094999999999345	trials	5.0	10865.751417000001	10867.594766000002	10868.019488000002	10868.147142000002	10864.772135000001	10867.589238			1.0		0.0	2.0					
10873.672	61.35999999999876	trials	5.0	10931.331542000002	10933.360631000001	10934.611581000001	10935.039718000002	10930.811321000001	10934.112294000002			1.0	2.0	0.0	3.0					
10936.942	13.330000000001746	trials	5.0	10943.617173000002	10944.978908000001	10948.754063000002	10949.131975000002	10942.869659000002	10945.589067	10949.567	10950.272	1.0	1.0	1.0	1.0					
10953.293	6.863999999999578	trials	5.0	10957.322147	10958.522766000002	10959.698405000001	10959.880116000002	10956.71715	10959.28397			1.0	1.0	0.0	3.0					
10964.012	45.10999999999876	trials	5.0	11005.042202	11006.772260000002	11007.655952000001	11007.955767000001	11004.322287	11007.105579000001	11008.427	11009.122	1.0	2.0	1.0	1.0					
11012.142	6.719999999999345	trials	5.0	11015.667018000002	11017.413740000002	11018.556215	11018.855728000002	11014.842254000001	11017.923686000002			1.0	2.0	0.0	3.0					
11022.872	10.078000000001339	trials	5.0	11029.042146000002	11030.234342000002	11031.500058000001	11031.702570000001	11028.056078000001	11031.084242	11032.267	11032.95	1.0	1.0	1.0	1.0					
11034.872	39.31500000000051	trials	5.0	11071.572411000001	11072.959047000002	11073.876980000001	11074.175912	11070.618312000002	11073.421343000002			1.0	1.0	0.0	3.0					
11076.233	27.895000000000437	trials	5.0	11099.912948000001	11101.575503000002			11099.053037000001	11101.858985			2.0		1.0	1.0					
11108.701	7.606000000001586	trials	5.0	11112.139809000002	11113.636029000001	11114.913561000001	11115.157518000002	11111.209632000002	11114.46945	11115.717	11116.307	1.0	2.0	1.0	1.0					
11119.325	8.967999999998938	trials	5.0	11124.778004000002	11126.624411	11127.969860000001	11128.214364000001	11124.183005	11127.490682000001			1.0	2.0	0.0	3.0					
11131.342	17.664999999999054	trials	5.0	11145.047925	11146.379181000002	11147.582823	11147.823915	11144.239698000001	11147.087693000001	11148.378	11149.007	1.0	2.0	1.0	1.0					
11151.027	7.700000000000728	trials	5.0	11155.873259000002	11157.607618000002	11158.414214	11158.624392000002	11154.902921	11157.971805000001			1.0	2.0	0.0	3.0					
11162.742	10.80999999999949	trials	5.0	11169.783312000001	11171.041793000002			11168.806700000001	11171.353418			2.0		1.0	1.0					
11178.083	28.058999999999287	trials	5.0	11202.358724000002	11203.810494000001	11205.816122000002	11206.099733000001	11201.796977000002	11205.368876			1.0	1.0	0.0	3.0					
11209.197	17.289999999999054	trials	5.0	11218.890047	11220.685475000002	11224.679871000002	11225.152118000002	11218.353551000002	11221.230926000002	11225.362	11226.487	1.0	1.0	1.0	1.0					
11228.317	13.400000000001455	trials	5.0	11238.893895000001	11240.270671000002	11241.405405000001	11241.707111000002	11237.974364000002	11240.898774000001			1.0	1.0	0.0	3.0					
11245.732	9.986000000000786	trials	5.0	11251.828364	11253.872243000002	11255.408009000002	11255.665323000001	11251.224661000002	11254.994613			1.0	1.0	0.0	3.0					
11257.747	17.5	trials	5.0	11270.578338000001	11272.337990000002	11273.433933	11273.741452000002	11269.829996	11273.016070000001	11274.412	11275.247	1.0	1.0	1.0	1.0					
11277.187	14.14600000000064	trials	5.0	11287.503819000001	11288.820767000001			11286.59595	11289.163096000002			2.0		1.0	1.0					
11294.857	9.31500000000051	trials	5.0	11300.123649000001	11302.110357000001			11299.475564	11302.064199			2.0		1.0	1.0					
11308.63	42.62300000000141	trials	5.0	11329.10409	11330.349990000002	11350.316478	11351.259586000002	11328.121487	11330.389859			1.0	2.0	0.0	3.0					
11353.647	7.855999999999767	trials	5.0	11358.149483000001	11360.010701000001	11360.788956	11361.062892000002	11357.358673000002	11360.335563			1.0	2.0	0.0	3.0					
11364.152	8.489999999999782	trials	5.0	11368.249214000001	11369.973075000002	11370.924588000002	11371.272219000002	11367.401420000002	11370.468563000002	11371.672	11372.642	1.0	1.0	1.0	1.0					
11374.669	8.41400000000067	trials	5.0	11379.774037000001	11381.086332	11381.655763000002	11381.692364000002	11379.062177000002	11381.07889			1.0		0.0	2.0					
11385.137	17.729999999999563	trials	5.0	11397.939915	11399.892801000002	11401.119291	11401.363830000002	11397.250905	11400.678633000001	11401.822	11402.867	1.0	1.0	1.0	1.0					
11404.758	7.568999999999505	trials	5.0	11408.655133000002	11409.766887000002			11407.897006000001	11410.053541000001			2.0		1.0	1.0					
11415.795	5.146999999999025	trials	5.0	11418.060159	11419.503126000001	11420.637137000002	11420.895444000002	11417.287368000001	11420.109468000002			1.0	2.0	0.0	3.0					
11424.952	14.632000000001426	trials	5.0	11436.254455000002	11438.298456	11439.258572000002	11439.592251000002	11435.603989000001	11438.795218000001			1.0	1.0	0.0	3.0					
11442.583	12.868999999998778	trials	5.0	11451.759459	11453.535663000002	11455.136669000001	11455.447931000002	11450.910983000002	11454.641454			1.0	1.0	0.0	3.0					
11459.467	19.704999999999927	trials	5.0	11475.550654000002	11476.723736000002	11478.840237	11479.103556000002	11474.948247	11478.428384			1.0	1.0	0.0	3.0					
11482.221	18.261000000000422	trials	5.0	11492.320049000002	11493.643378			11491.555381000002	11493.923778			2.0		1.0	1.0					
11500.733	5.2739999999994325	trials	5.0	11502.664890000002	11504.176736000001	11505.178989000002	11506.018151000002	11500.494201000001	11504.617355000002			1.0	2.0	0.0	3.0					
11509.532	17.426000000001295	trials	5.0	11522.440389000001	11524.149249000002	11525.257062	11525.687555	11521.531566000001	11524.767105	11525.932	11526.958	1.0	1.0	1.0	1.0					
11528.977	9.299999999999272	trials	5.0	11534.700359000002	11535.772146000001			11533.755243000001	11536.235967			2.0		1.0	1.0					
11542.807	6.394999999998618	trials	5.0	11545.885010000002	11547.770012	11548.881541000002	11549.205264000002	11545.366775000002	11548.429239000001			1.0	1.0	0.0	3.0					
11552.197	8.0049999999992	trials	5.0	11555.200071000001	11556.831686000001	11558.192030000002	11558.197050000002	11554.360488000002	11557.358019000001			2.0		0.0	4.0					
11563.218	9.213999999999942	trials	5.0	11568.210394000002	11569.416929	11570.786721	11571.132915000002	11567.468964000002	11570.208768	11571.692	11572.432	1.0	1.0	1.0	1.0					
11574.347	13.430000000000291	trials	5.0	11584.347018	11585.717229000002			11583.463083000002	11585.713309000002			1.0		0.0	2.0					
11589.788	20.2549999999992	trials	5.0	11606.230683000002	11607.489693000001	11609.734741000002	11609.987210000001	11605.408896	11609.286561			1.0	2.0	0.0	3.0					
11612.097	7.045000000000073	trials	5.0	11616.146124	11617.903112000002	11618.805927000001	11619.146952000001	11615.249670000001	11618.385368000001			1.0	1.0	0.0	3.0					
11621.12	37.47199999999975	trials	5.0	11655.19136	11657.037738	11658.129017000001	11658.604842	11654.596412	11657.719038000001			1.0	1.0	0.0	3.0					
11660.496	16.52600000000166	trials	5.0	11670.090524000001	11671.985106000002	11675.216046000001	11675.71901	11669.185694000002	11671.956041000001	11675.982	11677.022	1.0	1.0	1.0	1.0					
11680.852	21.264999999999418	trials	5.0	11698.776348000001	11700.445786000002	11701.523591000001	11702.127183	11697.856665000001	11701.08357			1.0	1.0	0.0	3.0					
11705.892	12.844999999999345	trials	5.0	11711.783778	11713.405041000002	11717.197137000001	11717.587964000002	11711.015414000001	11713.968270000001	11717.918	11718.737	1.0	1.0	1.0	1.0					
11721.762	31.358000000000175	trials	5.0	11749.916349000001	11751.930396000002	11752.799244000002	11753.132928	11748.967064	11752.385094000001			1.0	1.0	0.0	3.0					
11755.117	68.51100000000042	trials	5.0	11813.857182000002	11815.463871000002	11819.689722000001	11820.279585000002	11813.286348000001	11815.413123000002			1.0	1.0	0.0	3.0					
11824.012	13.070999999999913	trials	5.0	11833.982052000001	11835.091935			11833.105350000002	11835.085809000002			2.0		0.0	2.0					
11840.097	10.4950000000008	trials	5.0	11845.067096000002	11846.154017	11848.944431000002	11849.240241000001	11844.337326	11848.555226	11849.543	11850.592	1.0	1.0	1.0	1.0					
11854.613	1844.1800000000003	BlockDesign														1.0	486.0	564.0	10.0	50.0
11854.613	18.60400000000118	trials	6.0	11870.466747000002	11871.917712000002	11872.889279	11873.142083000002	11869.645480000001	11872.421925000002			1.0	1.0	0.0	3.0					
11875.277	15.649999999999636	trials	6.0	11886.505191000002	11887.880342	11889.286715000002	11889.658119000002	11885.517592000002	11888.827235	11890.132	11890.927	1.0	2.0	1.0	1.0					
11892.95	9.891999999999825	trials	6.0	11899.082283000002	11900.794044000002			11898.178938000001	11900.787439000002			1.0		0.0	2.0					
11906.878	15.763999999999214	trials	6.0	11918.407528000002	11920.151516000002	11921.238557	11921.501573000001	11917.433330000002	11920.727234000002	11922.037	11922.642	1.0	2.0	1.0	1.0					
11926.667	18.725000000000364	trials	6.0	11942.559093000002	11943.984260000001	11944.918061	11945.402390000001	11941.799759000001	11944.528728000001			1.0	2.0	0.0	3.0					
11947.237	25.165000000000873	trials	6.0	11968.368521	11969.900247000001			11967.701457000001	11970.334788000002			2.0		1.0	1.0					
11975.942	6.391000000001441	trials	6.0	11978.127506	11979.484541000002	11980.888945000002	11981.115735000001	11977.148445	11980.423065	11981.557	11982.333	1.0	2.0	1.0	1.0					
11985.356	8.201000000000931	trials	6.0	11990.492499000002	11991.975884000001	11992.955178000002	11993.229443000002	11989.705578000001	11992.419188000002			1.0	2.0	0.0	3.0					
11997.272	9.044999999998254	trials	6.0	12000.808968000001	12002.134271	12004.005776000002	12004.311649000001	11999.86338	12003.560537000001			1.0	2.0	0.0	3.0					
12006.337	10.93500000000131	trials	6.0	12014.197898000002	12015.507793	12016.716536000002	12017.283021000001	12013.402341	12016.284031000001			1.0	1.0	0.0	3.0					
12019.033	17.28900000000067	trials	6.0	12033.372884	12035.164583000002	12036.011683	12036.265392000001	12032.595083000002	12035.520839			1.0	2.0	0.0	3.0					
12038.333	12.113999999999578	trials	6.0	12046.443575000001	12047.886678			12045.74696	12048.199761000002			2.0		1.0	1.0					
12053.918	6.2739999999994325	trials	6.0	12056.797529000001	12058.853087000001	12059.826135000001	12060.202752000001	12055.957467000002	12059.310557			1.0	2.0	0.0	3.0					
12063.147	11.5049999999992	trials	6.0	12069.996773	12072.061523			12069.434348000003	12072.436263000001			2.0		1.0	1.0					
12077.163	14.523999999999432	trials	6.0	12087.644321000002	12089.631509			12087.028760000001	12089.624616000001			2.0		1.0	1.0					
12095.209	7.427999999999884	trials	6.0	12098.154178	12099.794664000001	12100.960781000002	12101.217684000001	12097.39544	12100.510727	12101.592	12102.637	1.0	1.0	1.0	1.0					
12105.657	17.515000000001237	trials	6.0	12120.678066	12122.136369000002	12122.872400000002	12123.120721000001	12119.962146000002	12122.454806000002			1.0	1.0	0.0	3.0					
12125.188	29.79899999999907	trials	6.0	12147.293445000001	12149.279695000001			12146.323803000001	12149.477982			2.0		1.0	1.0					
12155.118	4.53899999999885	trials	6.0	12156.997834000002	12157.666107000001	12158.225436	12158.496933000002	12154.998316000001	12157.657203000002			1.0		0.0	2.0					
12163.712	14.010000000000218	trials	6.0	12174.603852000002	12175.646946	12177.421146	12177.721147000002	12174.026700000002	12176.937653			1.0	1.0	0.0	3.0					
12181.732	10.479999999999563	trials	6.0	12187.895364000002	12189.561738	12191.850498000002	12192.226402	12187.326218000002	12191.348499000002			1.0	2.0	0.0	3.0					
12196.187	14.260000000000218	trials	6.0	12207.503952000001	12209.086131000002	12210.135249	12210.434333000001	12206.844144000002	12209.763704			1.0	1.0	0.0	3.0					
12212.458	26.644000000000233	trials	6.0	12236.060788000003	12237.333635	12238.672429000002	12239.117959000001	12235.104201000002	12238.116611000001			1.0	2.0	0.0	3.0					
12242.007	13.583000000000538	trials	6.0	12252.020069999999	12253.722077999999	12255.215178	12255.571005	12251.275886	12254.745885			1.0	1.0	0.0	3.0					
12258.543	19.523999999999432	trials	6.0	12274.179995	12275.501226			12273.327	12275.965761			2.0		1.0	1.0					
12282.587	6.541000000001077	trials	6.0	12285.836438999999	12287.744831	12288.805611	12289.061255999999	12285.012218	12288.332859			1.0	2.0	0.0	3.0					
12291.142	10.4950000000008	trials	6.0	12297.275054	12299.126215999999			12296.507077	12299.49375			2.0		1.0	1.0					
12306.162	12.30999999999949	trials	6.0	12314.991552	12316.602245	12318.063681	12318.471484	12314.418475	12317.623388			1.0	1.0	0.0	3.0					
12321.387	23.834999999999127	trials	6.0	12341.105724	12342.4155	12343.74986	12344.085002	12340.339595	12343.285113	12344.402	12345.222	1.0	2.0	1.0	1.0					
12347.287	10.114999999999782	trials	6.0	12352.860563999999	12354.633719	12355.675829	12355.992228	12352.081251	12355.150086	12356.357	12357.402	1.0	2.0	1.0	1.0					
12359.325	9.786999999998443	trials	6.0	12365.355419	12366.797617999999			12364.518164	12367.040380999999			2.0		1.0	1.0					
12372.587	5.825000000000728	trials	6.0	12374.720777999999	12375.842525	12376.922451	12377.148366	12374.116521	12376.474008	12377.527	12378.412	1.0	2.0	1.0	1.0					
12380.472	10.040000000000873	trials	6.0	12386.415595999999	12388.157044			12385.593315	12388.250645			2.0		1.0	1.0					
12392.989	5.925000000001091	trials	6.0	12396.520845	12397.633708	12398.584681999999	12398.905238	12395.604768	12398.129659999999			1.0	2.0	0.0	3.0					
12400.918	28.309000000001106	trials	6.0	12426.494576	12427.597646	12428.912151	12429.171605	12425.673525999999	12428.524404			1.0	1.0	0.0	3.0					
12433.252	24.049999999999272	trials	6.0	12453.776408	12455.298104			12452.884936	12455.285472			1.0		0.0	2.0					
12460.357	17.11499999999978	trials	6.0	12473.051352	12474.638159	12476.132706	12476.418678	12472.149722	12475.516394999999	12462.947	12477.472	1.0	2.0	1.0	1.0					
12479.492	6.479999999999563	trials	6.0	12482.701144999999	12484.452427999999	12485.405531	12485.971859	12482.062998	12484.917108			1.0	2.0	0.0	3.0					
12489.732	6.655000000000655	trials	6.0	12492.825995	12494.723120999999	12495.810679999999	12496.030734	12492.197613	12495.331691			1.0	2.0	0.0	3.0					
12500.185	36.97199999999975	trials	6.0	12533.401501999999	12534.896515999999			12532.85519	12534.995039			2.0		1.0	1.0					
12540.728	5.564000000000306	trials	6.0	12542.626239	12544.283564			12541.841541	12544.279569999999			2.0		0.0	2.0					
12548.333	6.3840000000000146	trials	6.0	12550.173357	12551.940677999999	12553.163128	12553.623244999999	12549.144733	12552.659722999999	12553.887	12554.717	1.0	2.0	1.0	1.0					
12557.792	5.985000000000582	trials	6.0	12560.661293	12562.112414	12563.282745	12563.777151	12560.118573	12562.849876999999			1.0	1.0	0.0	3.0					
12566.612	26.600000000000364	trials	6.0	12590.392032	12591.538199999999	12592.761445	12593.213811	12589.565122	12592.318524			1.0	2.0	0.0	3.0					
12597.087	7.880000000001019	trials	6.0	12602.231904	12603.978756999999	12604.543451	12604.967555	12601.348579	12604.100289			1.0	1.0	0.0	3.0					
12608.882	17.5	trials	6.0	12621.376277	12623.267375	12624.594041	12624.845492999999	12620.736825	12624.154736			1.0	2.0	0.0	3.0					
12626.929	15.333000000000538	trials	6.0	12639.108204	12640.488651	12641.789632	12642.263348999999	12638.356679999999	12641.336972			1.0	2.0	0.0	3.0					
12646.117	19.3799999999992	trials	6.0	12661.30755	12662.723885	12664.132776999999	12664.353609	12660.451885999999	12663.611729	12664.862	12665.497	1.0	2.0	1.0	1.0					
12669.559	9.128000000000611	trials	6.0	12675.372162	12677.379621	12678.374259	12678.620273999999	12674.450853	12677.892644			1.0	1.0	0.0	3.0					
12681.702	14.230000000001382	trials	6.0	12692.842730999999	12694.379256	12695.610665	12695.911291999999	12692.118555	12695.130549			1.0	1.0	0.0	3.0					
12698.942	12.444000000001324	trials	6.0	12707.456747	12709.199181	12711.014508	12711.343635	12706.682835	12710.564246			1.0	2.0	0.0	3.0					
12714.347	21.395000000000437	trials	6.0	12731.562386	12733.418819999999			12730.885301999999	12733.630953			2.0		1.0	1.0					
12740.297	6.074999999998909	trials	6.0	12743.246976	12745.111116	12745.900343	12746.374421999999	12742.418058	12745.4319			1.0	2.0	0.0	3.0					
12750.224	55.83100000000013	trials	6.0	12803.412607999999	12804.93152	12805.713869	12806.057982	12802.673639999999	12805.233671			1.0	2.0	0.0	3.0					
12808.052	24.13500000000022	trials	6.0	12828.303494	12829.569830999999			12827.627222	12829.921930999999			2.0		1.0	1.0					
12834.597	22.795000000000073	trials	6.0	12854.433778999999	12855.50541	12857.056047	12857.394744	12853.708037999999	12856.608611			1.0	1.0	0.0	3.0					
12861.428	10.239999999999782	trials	6.0	12868.768886	12870.159936	12871.344305999999	12871.601838999999	12868.077741	12870.892613			1.0	2.0	0.0	3.0					
12874.674	20.672999999998865	trials	6.0	12892.30884	12893.823326	12894.916294999999	12895.350242999999	12891.590595	12894.413892999999			1.0	1.0	0.0	3.0					
12899.267	13.700000000000728	trials	6.0	12909.513761	12910.905284			12908.85267	12910.90056			2.0		0.0	2.0					
12914.977	5.884999999998399	trials	6.0	12916.761475	12918.230271999999	12919.389615	12919.679594	12915.780745	12918.873647999999	12920.097	12920.862	1.0	2.0	1.0	1.0					
12923.922	11.885000000000218	trials	6.0	12932.18364	12933.505039			12931.599952	12933.779954			2.0		1.0	1.0					
12940.337	9.305000000000291	trials	6.0	12945.998499	12947.371373	12948.219261	12948.546513	12945.335949	12947.776998	12949.032	12949.642	1.0	2.0	1.0	1.0					
12951.672	12.81499999999869	trials	6.0	12961.980011	12963.212457	12964.167679	12964.375725	12961.16325	12963.702301			1.0	2.0	0.0	3.0					
12966.532	20.761000000000422	trials	6.0	12983.689362	12985.289912	12986.727915	12986.971367999999	12983.00728	12985.278758999999			2.0		0.0	2.0					
12991.299	18.50799999999981	trials	6.0	13004.029096999999	13005.963542	13008.264551999999	13008.507151	13003.129938	13007.589601	13008.912	13009.807	1.0	2.0	1.0	1.0					
13011.832	7.869999999998981	trials	6.0	13016.333804	13018.345506	13019.231158999999	13019.706929	13015.365188	13018.741366999999			1.0	2.0	0.0	3.0					
13022.577	23.070000000001528	trials	6.0	13041.175785	13042.758362999999	13043.721754	13044.027494	13040.407594	13043.259011	13044.527	13045.647	1.0	1.0	1.0	1.0					
13047.719	9.26300000000083	trials	6.0	13053.729668	13054.976733			13053.038283	13054.969348999999			1.0		0.0	2.0					
13060.992	57.36999999999898	trials	6.0	13114.539619	13115.859881999999	13116.858537	13117.147283999999	13113.634929	13116.45659	13117.572	13118.362	1.0	2.0	1.0	1.0					
13120.267	9.15099999999984	trials	6.0	13126.034571	13127.108271			13125.03923	13127.31027			2.0		1.0	1.0					
13133.017	7.270000000000437	trials	6.0	13136.680116	13138.231747			13135.69501	13138.226588			1.0		0.0	2.0					
13143.337	421.4400000000005	trials	6.0	13560.482221	13562.338576999999	13563.29669	13563.538311	13559.830149	13562.806481	13564.097	13564.777	1.0	2.0	1.0	1.0					
13566.797	11.199999999998909	trials	6.0	13572.751841	13574.797523	13576.4684	13576.712867999999	13572.201464	13575.924836999999	13577.317	13577.997	1.0	2.0	1.0	1.0					
13581.043	9.484000000000378	trials	6.0	13586.102549	13588.165061	13588.966911	13589.167378999999	13585.178655	13588.546973	13589.647	13590.527	1.0	2.0	1.0	1.0					
13593.547	8.295000000000073	trials	6.0	13598.888912999999	13600.659028999999	13601.515453	13601.791056	13598.272729999999	13601.051147999999			1.0	2.0	0.0	3.0					
13604.895	24.358000000000175	trials	6.0	13627.242698999999	13627.254474			13626.532162	13627.242812999999			1.0		0.0	2.0					
13633.267	11.561999999999898	trials	6.0	13641.597485999999	13643.430987	13644.535869	13644.833432	13640.981297999999	13644.008634			1.0	2.0	0.0	3.0					
13647.827	41.11499999999978	trials	6.0	13685.337479	13686.6251			13684.55724	13686.861284999999			2.0		1.0	1.0					
13693.407	5.386000000000422	trials	6.0	13694.974236	13696.044503	13697.187668999999	13697.454421999999	13693.745895	13696.580249999999	13697.948	13698.793	1.0	2.0	1.0	1.0					
13701.872	2547.256000000001	BlockDesign														1.0	565.0	662.0	90.0	50.0
13701.872	7.725000000000364	trials	7.0	13706.353388	13708.056347	13709.281181	13709.604132	13705.639298	13708.75614			1.0	2.0	0.0	3.0					
13713.628	12.183999999999287	trials	7.0	13719.743187	13721.230136	13722.850325	13723.316724	13719.182004	13722.338129	13723.512	13725.812	1.0	1.0	1.0	1.0					
13727.877	11.989999999999782	trials	7.0	13734.943548	13736.239985			13734.385712	13737.659335999999			2.0		1.0	1.0					
13743.301	5.761000000000422	trials	7.0	13746.007786999999	13747.400636	13748.74134	13748.971383	13745.176336	13748.186784			1.0	1.0	0.0	3.0					
13751.072	15.645000000000437	trials	7.0	13761.930119999999	13763.365362	13764.873022	13765.358175	13761.044439	13764.340062	13765.509	13766.717	1.0	1.0	1.0	1.0					
13768.628	9.188999999998487	trials	7.0	13773.973935	13775.815739	13776.507896	13776.559473	13773.3886	13775.809686			1.0		0.0	2.0					
13780.827	35.43000000000029	trials	7.0	13813.32866	13814.346943999999	13815.931668	13816.197021	13812.604623	13815.392397			1.0	2.0	0.0	3.0					
13820.278	9.439000000000306	trials	7.0	13825.479444	13826.707895			13824.960944999999	13827.5291			2.0		1.0	1.0					
13833.292	8.010000000000218	trials	7.0	13836.29832	13838.200658			13835.767322	13838.331415999999			2.0		1.0	1.0					
13845.763	6.601999999998952	trials	7.0	13848.099548	13849.760285	13850.824257	13851.144062	13847.154026	13850.259522	13851.628	13852.365	1.0	2.0	1.0	1.0					
13854.407	10.875	trials	7.0	13860.618906	13862.673605			13859.999993	13862.936615999999			2.0		1.0	1.0					
13867.722	8.145000000000437	trials	7.0	13871.494095	13873.463457	13874.271352	13874.644176	13870.500306	13873.760420999999	13874.932	13875.867	1.0	2.0	1.0	1.0					
13879.884	8.128000000000611	trials	7.0	13884.994204999999	13886.717996	13887.696398	13887.902306	13884.058616999999	13887.134022			1.0	2.0	0.0	3.0					
13891.022	14.360999999998967	trials	7.0	13901.829281999999	13903.807649999999	13904.997124	13905.377183999999	13901.039123999999	13904.516572			1.0	2.0	0.0	3.0					
13908.376	14.940999999998894	trials	7.0	13919.391265	13920.995868			13918.585509	13921.191281			2.0		1.0	1.0					
13925.858	7.8989999999994325	trials	7.0	13929.224703	13931.132534	13932.277651999999	13932.533768	13928.378725999999	13931.681708	13932.962	13933.757	1.0	2.0	1.0	1.0					
13935.822	12.950999999999112	trials	7.0	13941.754257	13943.248733	13947.027149	13947.384696	13940.775371	13943.765728999999	13947.697	13948.773	1.0	1.0	1.0	1.0					
13951.828	11.679000000000087	trials	7.0	13957.039526999999	13958.690762			13956.216072	13961.26223			2.0		1.0	1.0					
13967.032	7.420000000000073	trials	7.0	13969.810155	13970.958713	13972.798094	13973.041908	13969.223849	13972.251080999999	13973.572	13974.452	1.0	1.0	1.0	1.0					
13976.516	7.9760000000005675	trials	7.0	13980.810884999999	13982.426435	13982.983026	13983.276362	13979.870327999999	13982.423267999999			1.0		0.0	2.0					
13988.547	14.795000000000073	trials	7.0	13998.334851	14000.062188	14001.519957	14001.917228999999	13997.354414	14001.051212999999	14002.242	14003.342	1.0	1.0	1.0	1.0					
14005.168	10.463999999999942	trials	7.0	14012.160591	14013.238749	14014.023887	14014.313306	14011.220927999999	14013.659205	14014.777	14015.632	1.0	1.0	1.0	1.0					
14019.672	8.164999999999054	trials	7.0	14023.84626	14025.196692	14026.253568	14026.507706999999	14022.970005	14025.819791	14027.062	14027.837	1.0	1.0	1.0	1.0					
14031.89	6.092000000000553	trials	7.0	14034.641254999999	14035.982898	14036.592515999999	14036.899992999999	14033.762238	14035.972364			1.0		0.0	2.0					
14041.992	5.559999999999491	trials	7.0	14044.280616	14046.077001	14047.173599	14047.534394	14043.668592	14046.649743			1.0	2.0	0.0	3.0					
14050.507	28.954999999999927	trials	7.0	14075.079983	14076.987278	14077.871513999999	14078.119633999999	14074.278233	14077.384155	14078.597	14079.462	1.0	1.0	1.0	1.0					
14083.513	9.069999999999709	trials	7.0	14088.330237	14089.866946999999	14090.823534	14091.032529	14087.496509999999	14090.353031999999	14091.607	14092.583	1.0	1.0	1.0	1.0					
14095.342	17.63299999999981	trials	7.0	14109.325823	14110.348625999999	14111.537937	14111.720123	14108.686461	14111.113804999999	14112.317	14112.975	1.0	1.0	1.0	1.0					
14116.062	7.183999999999287	trials	7.0	14119.420703	14120.737471999999			14118.735638999999	14121.050021			2.0		1.0	1.0					
14125.772	8.079999999999927	trials	7.0	14129.915678	14131.729383	14132.259463999999	14132.501322	14129.082182999999	14131.781688	14133.047	14133.852	1.0	1.0	1.0	1.0					
14136.907	8.409999999999854	trials	7.0	14142.185984	14143.321856999999	14143.959743	14144.116719	14141.466188999999	14143.312103			1.0		0.0	2.0					
14149.367	9.5049999999992	trials	7.0	14154.976125	14156.596494	14157.443828	14157.617672999999	14154.158693	14157.011423	14158.192	14158.872	1.0	1.0	1.0	1.0					
14161.887	16.93999999999869	trials	7.0	14174.451194	14176.407581	14177.224865	14177.411704999999	14173.945005	14176.818788999999	14177.992	14178.827	1.0	1.0	1.0	1.0					
14181.843	15.949999999998909	trials	7.0	14193.356372999999	14195.159894999999	14196.091516999999	14196.286436999999	14192.401088999999	14195.63346	14196.753	14197.793	1.0	1.0	1.0	1.0					
14201.827	22.02599999999984	trials	7.0	14220.336132	14221.854158999999			14219.571758	14221.849232999999			2.0		0.0	2.0					
14225.872	5.095000000001164	trials	7.0	14227.566665999999	14228.788043999999	14229.239286	14229.46839	14226.355325999999	14228.820842	14230.022	14230.967	1.0	1.0	1.0	1.0					
14233.938	7.128999999998996	trials	7.0	14238.036188999999	14239.073085	14239.633913	14240.121693	14237.329139	14239.061033			1.0		0.0	2.0					
14245.077	9.010000000000218	trials	7.0	14250.621527	14251.861485	14252.657135	14252.818288999999	14249.907444	14252.278420999999	14253.392	14254.087	1.0	1.0	1.0	1.0					
14258.005	7.132000000001426	trials	7.0	14261.59824	14263.078690999999	14263.603635	14263.634286	14260.778405	14263.068372			2.0		0.0	2.0					
14268.147	14.18199999999888	trials	7.0	14279.371616999999	14281.053883999999	14281.942824	14282.342201	14278.475844	14281.458128			1.0	2.0	0.0	3.0					
14284.307	26.854999999999563	trials	7.0	14307.026674	14308.813565999999			14306.418189	14309.050635			2.0		1.0	1.0					
14313.612	6.4650000000001455	trials	7.0	14316.353516	14318.028685	14318.546268	14318.856206	14315.459625	14318.026047			1.0		0.0	2.0					
14322.106	11.897000000000844	trials	7.0	14329.676358	14331.629997	14332.543271999999	14332.808692999999	14329.075625	14332.033607	14333.222	14334.003	1.0	2.0	1.0	1.0					
14336.047	19.30500000000029	trials	7.0	14353.006644	14354.043567	14354.991542	14355.357353	14352.454828999998	14354.553475			1.0	2.0	0.0	3.0					
14359.307	28.292999999999665	trials	7.0	14384.216783	14385.88218	14387.111448	14387.324306999999	14383.381377	14386.654145			1.0	2.0	0.0	3.0					
14389.45	17.36699999999837	trials	7.0	14403.817887	14405.399333	14406.477549	14406.830595	14402.979564	14405.929313999999			1.0	2.0	0.0	3.0					
14410.843	11.909999999999854	trials	7.0	14417.95695	14419.969332	14420.957752999999	14421.370843	14417.228471999999	14420.554682999998	14421.687	14422.753	1.0	1.0	1.0	1.0					
14425.793	1013.5740000000005	trials	7.0	15434.21133	15436.080282	15437.29844	15437.844584	15433.602	15436.717788			2.0		0.0	4.0					
15442.378	19.414999999999054	trials	7.0	15455.185342	15456.40666	15460.088631	15460.461433	15454.642628000001	15458.282728	15460.747	15461.793	1.0	2.0	1.0	1.0					
15463.714	13.933000000000902	trials	7.0	15473.119822	15475.088529			15472.440862000001	15475.376901000001			2.0		1.0	1.0					
15482.172	9.465000000000146	trials	7.0	15486.115338000001	15487.991982000001	15489.671025000001	15490.096998	15485.235298000001	15489.023254000002	15490.418	15491.637	1.0	1.0	1.0	1.0					
15493.702	11.700000000000728	trials	7.0	15501.57501	15502.946502	15504.278931	15504.521715	15500.650618000001	15503.782605			1.0	1.0	1.0	1.0					
15507.862	20.42500000000109	trials	7.0	15523.422016	15525.449086	15527.119281000001	15527.63292	15522.912724000002	15526.104084			1.0	1.0	0.0	3.0					
15529.497	23.56500000000051	trials	7.0	15548.435896	15550.295877	15551.172652000001	15551.547921000001	15547.62621	15550.746975	15551.958	15553.062	1.0	1.0	1.0	1.0					
15554.964	10.147999999999229	trials	7.0	15559.995872000001	15561.539607	15563.165717	15563.427004000001	15559.475016	15562.663882	15564.047	15565.112	1.0	1.0	1.0	1.0					
15568.142	8.600000000000364	trials	7.0	15572.632101000001	15574.227756			15571.876194	15574.578369			2.0		1.0	1.0					
15580.317	9.386000000000422	trials	7.0	15585.785853000001	15587.602828000001	15588.23247	15588.377470000001	15584.888713	15587.599477000002			1.0		0.0	2.0					
15593.757	17.530000000000655	trials	7.0	15606.901039	15608.424046	15609.765156000001	15610.014827	15606.039198	15609.156329000001	15610.503	15611.287	1.0	2.0	1.0	1.0					
15613.396	31.195999999999913	trials	7.0	15639.797802000001	15641.726745	15643.019767000002	15643.28614	15639.217886	15642.583654	15643.747	15644.592	1.0	2.0	1.0	1.0					
15648.705	10.707000000000335	trials	7.0	15656.030967	15657.403737	15658.059333000001	15658.339963	15655.183003	15657.394485			1.0		0.0	2.0					
15662.462	21.545000000000073	trials	7.0	15681.306943000001	15682.793886000001	15683.688409	15683.974564	15680.700593000001	15683.23161			1.0	2.0	0.0	3.0					
15686.017	12.159999999999854	trials	7.0	15693.496426000002	15694.594394000002	15696.16047	15696.388086	15692.932758	15695.801650000001	15696.922	15698.177	1.0	1.0	1.0	1.0					
15700.202	7.579999999999927	trials	7.0	15704.276571	15705.774066	15706.523356000002	15706.675102000001	15703.334481	15705.767049			1.0		0.0	2.0					
15711.812	42.23999999999978	trials	7.0	15749.592304000002	15751.483468			15748.983906000001	15751.817283			2.0		1.0	1.0					
15758.529	5.032999999999447	trials	7.0	15760.143283000001	15761.823369000002	15762.869633	15763.171159000001	15759.628645	15762.372607000001			1.0	2.0	0.0	3.0					
15766.252	8.68999999999869	trials	7.0	15770.862060000001	15772.147524	15773.169118000002	15773.455813	15769.997392000001	15772.738047	15773.817	15774.942	1.0	1.0	1.0	1.0					
15778.977	17.68499999999949	trials	7.0	15793.001543	15794.543512	15795.033121	15795.247095	15792.224473	15794.58919	15795.692	15796.662	1.0	1.0	1.0	1.0					
15799.652	8.174999999999272	trials	7.0	15804.581841000001	15805.81926	15806.449514	15806.541252	15803.945383	15805.812613			1.0		0.0	2.0					
15810.843	33.71399999999994	trials	7.0	15840.831762000002	15842.498845	15842.960101	15843.213874000001	15840.085138	15842.492692			1.0		0.0	2.0					
15848.608	9.548999999999069	trials	7.0	15853.157403000001	15855.094453000002	15856.380307000001	15856.723374000001	15852.209446	15855.831569	15857.097	15858.157	1.0	1.0	1.0	1.0					
15861.097	10.31500000000051	trials	7.0	15867.487656000001	15868.590898			15866.902677	15869.263349			2.0		1.0	1.0					
15875.912	7.039999999999054	trials	7.0	15879.21436	15880.430543			15878.444784000001	15880.777333			2.0		1.0	1.0					
15885.507	8.194999999999709	trials	7.0	15889.597916	15891.40064	15891.914362000001	15892.33184	15888.769033	15891.411493000001	15892.617	15893.702	1.0	1.0	1.0	1.0					
15895.777	10.265999999999622	trials	7.0	15902.612947000001	15904.043853000001			15901.697434000002	15904.036843000002			1.0		0.0	2.0					
15909.067	18.665000000000873	trials	7.0	15922.862854	15924.698092	15925.868238000001	15926.124163	15922.291182	15925.345456000001	15926.702	15927.732	1.0	1.0	1.0	1.0					
15929.637	9.58599999999933	trials	7.0	15935.417702	15936.710104000002			15934.905056000001	15936.990793			2.0		1.0	1.0					
15943.832	6.270000000000437	trials	7.0	15945.393688	15947.341517			15944.791054000001	15947.922459000001			2.0		1.0	1.0					
15953.622	5.81000000000131	trials	7.0	15955.359623	15956.716108	15957.865641	15958.158328000001	15954.85078	15957.266672000002	15958.722	15959.432	1.0	2.0	1.0	1.0					
15963.452	6.6599999999998545	trials	7.0	15967.252681	15968.716233000001	15969.781501000001	15970.047141000001	15966.535843000001	15969.204664			1.0	2.0	0.0	3.0					
15974.157	12.825000000000728	trials	7.0	15982.479119000001	15984.451070000001	15985.282276	15985.487808000002	15981.559224	15984.835982	15986.083	15986.982	1.0	1.0	1.0	1.0					
15991.092	8.729999999999563	trials	7.0	15996.063568000001	15997.464843000002			15995.187165000001	15997.676615			2.0		1.0	1.0					
16002.293	7.020000000000437	trials	7.0	16005.493606	16006.625184	16007.573071	16007.789596	16004.629593000001	16007.096440000001	16008.418	16009.313	1.0	1.0	1.0	1.0					
16012.334	16.0729999999985	trials	7.0	16024.343858	16025.901268000001			16023.786556000001	16026.235402			2.0		1.0	1.0					
16032.939	10.243000000000393	trials	7.0	16039.353496000002	16040.881467000001	16041.506043000001	16041.736522000001	16038.743332	16040.918647	16042.102	16043.182	1.0	1.0	1.0	1.0					
16047.212	9.805000000000291	trials	7.0	16054.34592	16056.136735	16056.6946	16056.917508	16053.615836	16056.211829			1.0	1.0	0.0	3.0					
16060.068	9.350000000000364	trials	7.0	16065.003414	16066.860566000001			16064.487604	16067.196465			2.0		1.0	1.0					
16074.031	6.290999999999258	trials	7.0	16076.135353000001	16077.813625			16075.472293	16078.281355000001			2.0		1.0	1.0					
16083.838	19.014000000001033	trials	7.0	16099.104265	16100.237703	16101.25791	16101.509256000001	16098.573838	16100.789764000001	16102.022	16102.852	1.0	1.0	1.0	1.0					
16104.922	8.354999999999563	trials	7.0	16110.149005000001	16111.265822000001	16111.768249	16112.011665	16109.289217000001	16111.253939			1.0		0.0	2.0					
16116.332	11.164999999999054	trials	7.0	16123.550478000001	16125.02086	16126.044387	16126.240491	16122.965646	16125.601836000002	16126.687	16127.497	1.0	1.0	1.0	1.0					
16130.56	16.577000000001135	trials	7.0	16143.439347000001	16145.07099			16142.554716	16145.065908			2.0		0.0	2.0					
16149.172	13.404999999998836	trials	7.0	16158.309598	16160.328076000002	16160.968178000001	16161.159547000001	16157.555804000001	16160.517681000001	16161.742	16162.577	1.0	1.0	1.0	1.0					
16164.437	8.284999999999854	trials	7.0	16168.444675	16170.153839			16167.727477	16170.470753000001			2.0		1.0	1.0					
16176.222	28.861000000000786	trials	7.0	16200.784483000001	16202.50072	16203.314656	16203.523137	16199.988888	16202.894609	16203.912	16205.083	1.0	1.0	1.0	1.0					
16206.897	8.224999999998545	trials	7.0	16211.885941	16213.061745	16214.195167000002	16214.305943000001	16211.022249000001	16213.058856000001			1.0		0.0	2.0					
16217.143	8.40899999999965	trials	7.0	16221.624034	16223.351529000001	16224.098977000001	16224.456984	16220.987365	16223.640768000001	16224.802	16225.552	1.0	2.0	1.0	1.0					
16228.572	8.645000000000437	trials	7.0	16233.28496	16234.887996000001	16235.741079000001	16235.966392	16232.651547000001	16235.312541000001	16236.442	16237.217	1.0	1.0	1.0	1.0					
16241.242	7.886000000000422	trials	7.0	16246.199399000001	16247.727174000001	16249.042648	16249.482767000001	16245.462577	16248.553057000001			1.0	1.0	0.0	3.0					
16251.433	5572.999	BlockDesign														1.0	663.0	895.0	50.0	90.0
16251.433	13.819999999999709	trials	8.0	16260.981922	16262.116907000001	16263.397783	16263.779957	16260.399016000001	16262.89118	16264.112	16265.253	1.0	1.0	1.0	1.0					
16269.272	9.964999999998327	trials	8.0	16275.504448000002	16276.621653	16277.775142	16277.912446	16274.628522	16277.351122	16278.532	16279.237	1.0	1.0	1.0	1.0					
16281.255	8.785000000001673	trials	8.0	16286.664453000001	16287.987094			16286.115385000001	16287.982482000001			1.0		0.0	2.0					
16293.098	26.058999999999287	trials	8.0	16315.020489	16316.636731			16314.284712	16317.112159			2.0		1.0	1.0					
16323.677	5.826000000000931	trials	8.0	16325.636365	16327.236981	16328.007907000001	16328.227902	16325.092915000001	16327.641337000001	16328.682	16329.503	1.0	1.0	1.0	1.0					
16332.565	7.351999999998952	trials	8.0	16337.085169	16338.703014	16339.595425000001	16339.821584000001	16336.502268	16339.207726			1.0	1.0	0.0	3.0					
16341.968	23.99699999999939	trials	8.0	16363.105873	16364.929390000001	16365.594748000001	16365.925911	16362.307021	16365.175446000001			1.0	1.0	0.0	3.0					
16367.967	16.720000000001164	trials	8.0	16380.480658	16381.60238	16383.019396000002	16383.323705	16379.526231	16382.555947	16383.692	16384.687	1.0	2.0	1.0	1.0					
16388.708	6.283999999999651	trials	8.0	16391.080377000002	16392.74727	16393.533319000002	16393.802118	16390.43391	16393.103638	16394.247	16394.992	1.0	2.0	1.0	1.0					
16397.058	8.248999999999796	trials	8.0	16401.80611	16403.252355			16401.268687	16403.247			1.0		0.0	2.0					
16409.342	7.880000000001019	trials	8.0	16413.250885	16414.963974000002			16412.293273	16415.161221000002			2.0		1.0	1.0					
16420.742	15.801000000003114	trials	8.0	16432.890847000002	16434.042676	16435.006561000002	16435.288628000002	16432.159027	16434.559929	16435.793	16436.543	1.0	2.0	1.0	1.0					
16440.562	6.184999999997672	trials	8.0	16443.295717	16444.652742000002	16445.274127	16445.600649	16442.408197	16444.649756			1.0		0.0	2.0					
16448.782	7.490000000001601	trials	8.0	16452.575812	16453.804021	16454.617741000002	16454.914674	16451.745876	16454.226387000002	16455.387	16456.272	1.0	1.0	1.0	1.0					
16458.312	8.454999999998108	trials	8.0	16463.580835	16464.712933000003			16462.809847	16464.70677			1.0		0.0	2.0					
16468.797	23.485000000000582	trials	8.0	16488.20118	16489.773022			16487.526778	16490.095516			2.0		1.0	1.0					
16496.802	7.974999999998545	trials	8.0	16500.856537	16502.448	16503.172587	16503.448382000002	16500.102621	16502.761563	16503.857	16504.777	1.0	2.0	1.0	1.0					
16507.715	7.641999999999825	trials	8.0	16511.467722	16512.825606000002	16513.810332	16514.007639	16510.596993	16513.393845000002	16514.537	16515.357	1.0	1.0	1.0	1.0					
16519.378	8.114999999997963	trials	8.0	16524.231549	16525.438402			16523.667598	16525.433784			1.0		0.0	2.0					
16530.552	8.290000000000873	trials	8.0	16534.566555	16536.540017			16533.648222	16536.736819			2.0		1.0	1.0					
16541.432	7.009999999998399	trials	8.0	16544.021739	16546.035184	16546.933065	16547.139664000002	16543.499200000002	16546.499626	16547.577	16548.442	1.0	2.0	1.0	1.0					
16551.357	6.470000000001164	trials	8.0	16555.506217000002	16556.653326	16557.405286	16557.832212	16554.581389	16556.956144			1.0	2.0	0.0	3.0					
16560.731	100.25600000000122	trials	8.0	16656.732127	16657.910373	16659.059739	16659.489497000002	16656.118743	16658.654896	16659.872	16660.987	1.0	1.0	1.0	1.0					
16664.077	7.9099999999998545	trials	8.0	16668.286767	16669.988881	16670.487118	16670.651746	16667.566189	16669.97838			1.0		0.0	2.0					
16675.036	79.0010000000002	trials	8.0	16749.662701	16751.47684			16748.970432000002	16751.905			2.0		1.0	1.0					
16758.512	21.070999999999913	trials	8.0	16775.219647	16777.262037			16774.303635	16777.461913			2.0		1.0	1.0					
16782.032	14.630000000001019	trials	8.0	16792.304352	16794.279771	16795.194415	16795.499124	16791.415585000002	16794.643297000002	16795.938	16796.662	1.0	2.0	1.0	1.0					
16800.682	5.889999999999418	trials	8.0	16802.997532	16804.155691	16805.031825000002	16805.278898	16802.121439000002	16804.52847	16805.737	16806.572	1.0	2.0	1.0	1.0					
16808.592	7.270000000000437	trials	8.0	16812.947916	16814.354728000002	16815.191202	16815.869379	16812.063294	16814.708644000002			1.0	2.0	0.0	3.0					
16818.543	6.834999999999127	trials	8.0	16821.188223	16822.779759			16820.437344	16823.212602			2.0		1.0	1.0					
16828.863	5.344999999997526	trials	8.0	16830.73333	16832.204929	16832.811954	16833.226192000002	16829.715537	16832.196082000002			1.0		0.0	2.0					
16838.217	6.974999999998545	trials	8.0	16841.008086	16842.087858	16843.574634	16843.849783	16840.392644	16843.104495	16844.277	16845.192	1.0	2.0	1.0	1.0					
16848.294	7.697999999996682	trials	8.0	16852.208167	16853.549561	16854.344241	16854.610885000002	16851.21048	16853.871045	16855.022	16855.992	1.0	2.0	1.0	1.0					
16857.892	7.3400000000001455	trials	8.0	16862.393350000002	16863.549348	16864.812633	16865.047435	16861.826161	16864.349338			1.0	1.0	0.0	3.0					
16869.142	8.104999999999563	trials	8.0	16872.54792	16874.536518	16875.540435000003	16875.823593	16871.773203	16875.079162	16876.337	16877.247	1.0	2.0	1.0	1.0					
16879.264	8.083000000002357	trials	8.0	16883.889877	16885.340052			16883.0683	16885.334395			1.0		0.0	2.0					
16890.392	11.145000000000437	trials	8.0	16897.723933	16898.960037	16899.931308	16900.155903	16896.923139000002	16899.398482	16900.56	16901.537	1.0	2.0	1.0	1.0					
16905.342	10.370999999999185	trials	8.0	16911.533272	16912.910304			16910.999061000002	16913.552182			2.0		1.0	1.0					
16920.282	6.940000000002328	trials	8.0	16922.304969	16923.890896	16924.953333	16925.296062	16921.701394	16924.446687			1.0	1.0	0.0	3.0					
16927.328	10.013999999999214	trials	8.0	16933.448676	16934.784736			16932.691227	16935.146857			2.0		1.0	1.0					
16941.892	5.31000000000131	trials	8.0	16943.474167	16944.641794			16942.205263	16945.004845			2.0		1.0	1.0					
16949.708	7.295000000001892	trials	8.0	16952.854170000002	16953.936004	16955.543415	16955.767858	16951.987090000002	16955.046873	16956.208	16957.003	1.0	2.0	1.0	1.0					
16959.026	8.550999999999476	trials	8.0	16963.458316	16965.189063	16966.473955	16966.712839	16962.928522000002	16965.963007000002			1.0	1.0	1.0	1.0					
16971.005	13.652999999998428	trials	8.0	16980.618742000002	16982.216439	16984.307743	16984.545509	16979.980788	16983.817404			1.0	1.0	0.0	3.0					
16987.71	11.152000000001863	trials	8.0	16990.538796	16992.56079	16994.182317	16994.546951	16989.917421000002	16993.697881	16995.012	16998.862	1.0	1.0	1.0	1.0					
16999.069	7.8729999999995925	trials	8.0	17003.220576	17004.936539000002	17005.882953	17005.974204000002	17002.333603	17004.930532000002			1.0		0.0	2.0					
17008.947	31.700000000000728	trials	8.0	17037.628663	17039.465631	17040.325960000002	17040.540003000002	17036.947494	17039.938703			1.0	1.0	0.0	3.0					
17043.694	14.58299999999872	trials	8.0	17050.147232	17051.227138000002			17049.587359	17051.524024000002			2.0		1.0	1.0					
17058.364	4.557999999997264	trials	8.0	17060.034199	17061.811156	17062.540474	17062.93225	17058.283768	17062.116774000002			1.0	1.0	0.0	3.0					
17065.872	9.279999999998836	trials	8.0	17071.694442	17073.35146	17074.844445000002	17075.048881000002	17070.989445	17074.377669			1.0	1.0	0.0	3.0					
17079.203	21.924999999999272	trials	8.0	17097.194704	17098.620979			17096.310757	17098.966539			2.0		1.0	1.0					
17103.674	5.903000000002066	trials	8.0	17106.391281	17107.972953	17109.150778	17109.586911000002	17105.469022	17108.667541000003			1.0	1.0	0.0	3.0					
17112.515	18.5679999999993	trials	8.0	17126.056306000002	17127.372199	17129.675245000002	17129.873938	17125.525951	17129.221248	17130.432	17131.083	1.0	2.0	1.0	1.0					
17133.147	8.054000000000087	trials	8.0	17137.471035000002	17138.591371000002			17136.666688	17138.969321			2.0		1.0	1.0					
17144.809	6.847999999998137	trials	8.0	17147.980077	17149.298973	17150.188674	17150.492896	17147.150206000002	17149.703536	17150.878	17151.657	1.0	2.0	1.0	1.0					
17155.677	7.701000000000931	trials	8.0	17159.229919	17160.627618000002			17158.287765	17161.194817			2.0		1.0	1.0					
17167.948	5.54399999999805	trials	8.0	17169.964366	17171.179693000002			17168.598618	17171.386537000002			2.0		1.0	1.0					
17178.012	5.265999999999622	trials	8.0	17179.649964	17180.811249000002	17181.732819	17181.936879	17178.678376	17181.24481	17182.657	17183.278	1.0	2.0	1.0	1.0					
17185.202	10.895000000000437	trials	8.0	17192.16144	17193.639531	17194.588486	17194.822239	17191.266948	17194.066201	17195.347	17196.097	1.0	2.0	1.0	1.0					
17199.142	8.334999999999127	trials	8.0	17203.535055	17204.88834			17203.008426	17205.309331			2.0		1.0	1.0					
17211.947	6.224999999998545	trials	8.0	17214.025141000002	17215.735360000002	17216.686663	17216.867946000002	17213.084782	17216.002219	17217.447	17218.172	1.0	2.0	1.0	1.0					
17221.228	8.494000000002416	trials	8.0	17226.12519	17227.367712	17228.320192	17228.582118000002	17225.536308000002	17227.855642000002	17228.987	17229.722	1.0	2.0	1.0	1.0					
17231.747	7.720000000001164	trials	8.0	17234.985234	17236.921861000003	17237.798438	17238.070845000002	17234.346755000002	17237.30001	17238.458	17239.467	1.0	2.0	1.0	1.0					
17241.432	7.219999999997526	trials	8.0	17245.420129000002	17246.651848			17244.515002	17246.642991			1.0		0.0	2.0					
17252.662	5.68500000000131	trials	8.0	17254.641817	17255.98333	17256.884406	17257.169805	17253.895771	17256.452305	17257.543	17258.347	1.0	1.0	1.0	1.0					
17261.392	8.145000000000437	trials	8.0	17266.630219000002	17267.817256000002	17269.22838	17269.427142	17265.998898	17268.801885			1.0	1.0	0.0	3.0					
17271.588	14.97899999999936	trials	8.0	17278.84059	17280.006949000002			17278.070193	17280.295511			2.0		1.0	1.0					
17287.09	27.447000000000116	trials	8.0	17311.031896	17312.197077			17310.232365	17312.434282000002			2.0		1.0	1.0					
17317.028	5.754000000000815	trials	8.0	17319.347412	17320.833065	17321.306775	17321.557557	17318.658435	17320.86625	17322.022	17322.782	1.0	1.0	1.0	1.0					
17324.827	7.774999999997817	trials	8.0	17330.255539	17331.538512	17331.966739	17332.195243000002	17329.612498000002	17331.556842			1.0	1.0	0.0	3.0					
17336.337	11.029999999998836	trials	8.0	17344.965885	17346.25383	17347.046816000002	17347.245286	17344.252951000002	17346.617139			1.0	1.0	0.0	3.0					
17349.378	6.879000000000815	trials	8.0	17354.311721000002	17355.372667	17355.927674000002	17356.259552	17353.410562	17355.518350000002			1.0	1.0	0.0	3.0					
17359.262	51.29500000000189	trials	8.0	17406.49595	17407.685253	17409.075361	17409.307528	17405.573574000002	17408.559757000003	17409.737	17410.557	1.0	2.0	1.0	1.0					
17412.622	6.756000000001222	trials	8.0	17416.8714	17418.238073	17418.964719	17419.387725	17416.107149	17418.519104			1.0	2.0	0.0	3.0					
17422.328	22.73899999999776	trials	8.0	17441.760990000002	17443.373048	17444.648964	17445.076168	17441.186111000003	17444.197490000002			1.0	1.0	0.0	3.0					
17449.008	49.518999999996595	trials	8.0	17494.522082	17496.262918	17497.173499	17497.381981000002	17493.938612	17496.700229000002	17497.902	17498.527	1.0	2.0	1.0	1.0					
17501.592	7.079999999998108	trials	8.0	17504.827168	17506.208911	17507.219091	17507.5282	17503.971942	17506.73856	17507.977	17508.672	1.0	2.0	1.0	1.0					
17511.708	8.318999999999505	trials	8.0	17515.916926	17517.288442	17518.204948	17518.456334000002	17515.224007	17517.768135000002	17518.833	17520.027	1.0	1.0	1.0	1.0					
17521.941	11.576000000000931	trials	8.0	17529.116904000002	17530.978852	17532.042124	17532.308692	17528.474023000002	17531.558002	17532.717	17533.517	1.0	1.0	1.0	1.0					
17535.616	11.13799999999901	trials	8.0	17542.511833	17543.700972	17545.066384	17545.303557	17541.765782000002	17544.611412000002	17545.822	17546.754	1.0	2.0	1.0	1.0					
17550.612	6.854999999999563	trials	8.0	17554.657215	17556.51233	17557.036516	17557.479406000002	17553.980036	17556.469317			1.0	1.0	0.0	3.0					
17560.378	11.095000000001164	trials	8.0	17567.532973	17569.242478	17570.113072	17570.273559	17566.912329	17569.638949	17570.752	17571.473	1.0	2.0	1.0	1.0					
17574.407	7.096000000001368	trials	8.0	17578.027281000002	17579.357899000002	17580.149644	17580.339274	17577.393166	17579.673746	17580.862	17581.503	1.0	2.0	1.0	1.0					
17584.596	6.260999999998603	trials	8.0	17587.247397	17588.514168	17589.434419	17589.646228	17586.554209	17588.956725	17590.187	17590.857	1.0	2.0	1.0	1.0					
17594.897	7.730999999999767	trials	8.0	17599.292003000002	17600.584069	17601.26586	17601.30265	17598.519877	17600.579761			1.0		0.0	2.0					
17605.637	40.29500000000189	trials	8.0	17635.262456	17636.627722	17642.145283	17643.192133	17634.514032	17637.032094000002			1.0	1.0	0.0	3.0					
17646.458	12.41400000000067	trials	8.0	17655.822916	17657.556895	17658.563544	17658.790221	17654.848661	17658.161953000003			1.0	1.0	0.0	3.0					
17661.882	20.45499999999811	trials	8.0	17678.118046	17680.034673000002			17677.487963	17680.158627			2.0		1.0	1.0					
17685.819	7.491000000001804	trials	8.0	17689.773324	17691.271135000003			17689.008585	17691.265441			1.0		0.0	2.0					
17697.362	6.93999999999869	trials	8.0	17700.552481	17701.75602			17699.953822	17702.025382			2.0		1.0	1.0					
17708.857	5.444999999999709	trials	8.0	17710.427592	17711.634239	17712.906774	17713.107801000002	17709.635145	17712.445321	17713.612	17714.302	1.0	2.0	1.0	1.0					
17718.363	6.5789999999979045	trials	8.0	17721.412081000002	17722.889445			17720.600358	17722.886462000002			2.0		0.0	2.0					
17726.993	4.760000000002037	trials	8.0	17728.903574	17729.759836			17727.359757000002	17729.747531			1.0		0.0	2.0					
17735.759	43.574000000000524	trials	8.0	17775.225181	17776.90749	17777.283996000002	17777.49826	17774.386728	17776.838137			2.0		0.0	4.0					
17781.343	8.16400000000067	trials	8.0	17785.158344	17786.593318	17788.111687	17788.373481000002	17784.255805	17787.681591	17788.777	17789.507	1.0	2.0	1.0	1.0					
17792.522	11.575000000000728	trials	8.0	17799.173098	17801.061941	17803.663632	17804.11134	17798.627199000002	17803.210785			1.0	2.0	0.0	3.0					
17806.032	30.76100000000224	trials	8.0	17833.185072	17834.543059			17832.442848	17834.604255000002			2.0		1.0	1.0					
17839.327	4.9869999999973516	trials	8.0	17841.523711	17842.276792			17840.599052	17842.266232			2.0		0.0	2.0					
17847.371	13.367000000002008	trials	8.0	17856.59996	17857.900741	17859.278791	17859.486483	17855.68327	17858.637929	17859.972	17860.738	1.0	2.0	1.0	1.0					
17864.694	36.34300000000076	trials	8.0	17897.879221	17898.991165	17899.506695	17899.588201000002	17896.93719	17898.988359000003			1.0		0.0	2.0					
17903.077	15.395000000000437	trials	8.0	17914.319461	17915.989426	17916.585148000002	17916.871181000002	17913.516904	17916.089521	17917.347	17918.472	1.0	1.0	1.0	1.0					
17921.394	5.8879999999990105	trials	8.0	17924.458977000002	17925.286978			17923.525399000002	17925.283621000002			1.0		0.0	2.0					
17929.335	23.507000000001426	trials	8.0	17948.668884	17950.384761	17951.310767000003	17951.514577	17948.007288	17950.910752	17952.083	17952.842	1.0	2.0	1.0	1.0					
17954.706	9.741000000001804	trials	8.0	17960.73496	17962.451321			17959.867318	17962.441303			1.0		0.0	2.0					
17966.502	11.604999999999563	trials	8.0	17973.770494	17975.228422	17976.451191	17976.764104	17972.940046	17976.05215	17977.327	17978.107	1.0	2.0	1.0	1.0					
17980.217	17.529999999998836	trials	8.0	17994.424114	17995.45105	17996.3391	17996.631813	17993.897521	17995.937926	17997.017	17997.747	1.0	2.0	1.0	1.0					
18001.827	16.24499999999898	trials	8.0	18014.544409000002	18015.711088			18013.977259	18015.980718			2.0		1.0	1.0					
18020.558	13.238999999997759	trials	8.0	18029.494458	18031.453196000002	18032.026687	18032.364621	18028.860319	18031.583734	18032.827	18033.797	1.0	1.0	1.0	1.0					
18037.602	6.100000000002183	trials	8.0	18040.325758	18041.738942	18042.154524	18042.424816	18039.723862	18041.717512	18042.907	18043.702	1.0	2.0	1.0	1.0					
18045.731	6.703000000001339	trials	8.0	18049.610886000002	18051.151752	18052.104598	18052.447942	18049.058761	18051.704638			1.0	2.0	0.0	3.0					
18055.452	36.099999999998545	trials	8.0	18088.900228000002	18089.511366			18088.267915	18089.507028			1.0		0.0	2.0					
18093.562	6.79399999999805	trials	8.0	18096.726506	18097.761534			18095.814733	18098.045877			2.0		1.0	1.0					
18104.822	5.084999999999127	trials	8.0	18106.855491000002	18107.912038000002	18108.324666	18108.454399000002	18105.003343	18107.897139			1.0		0.0	2.0					
18112.918	17.068999999999505	trials	8.0	18125.695166	18126.762718	18128.390658	18128.753676	18124.954428	18127.092024	18129.002	18129.987	1.0	2.0	1.0	1.0					
18133.052	6.733000000000175	trials	8.0	18135.950482	18137.527249	18138.325445000002	18138.587865	18135.005187000002	18137.887221	18139.168	18139.785	1.0	2.0	1.0	1.0					
18143.84	7.186999999998079	trials	8.0	18146.537275000002	18147.703747	18148.71757	18148.998016	18145.805827	18148.260337	18149.378	18151.027	1.0	2.0	1.0	1.0					
18153.992	8.380000000001019	trials	8.0	18158.865503	18160.327288			18158.282424	18160.322067			2.0		0.0	2.0					
18166.392	64.6150000000016	trials	8.0	18227.005541000002	18228.438081	18229.272312	18229.564612000002	18226.239835	18228.843864000002	18230.072	18231.007	1.0	1.0	1.0	1.0					
18234.032	6.014999999999418	trials	8.0	18237.696127	18238.722328	18239.670781	18240.050624	18236.77996	18239.262363			1.0	1.0	0.0	3.0					
18244.043	15.462999999999738	trials	8.0	18256.795882000002	18258.198111	18259.147357	18259.494404	18255.878086	18258.688755			1.0	1.0	0.0	3.0					
18262.483	25.554000000000087	trials	8.0	18284.171094	18285.828414	18286.410702	18286.727641	18283.50499	18285.818889000002	18276.407	18288.037	1.0	2.0	1.0	1.0					
18291.097	17.57999999999811	trials	8.0	18304.510816	18305.879992000002			18303.700647	18306.53976			2.0		1.0	1.0					
18311.187	7.114999999997963	trials	8.0	18314.165917000002	18315.992227000002			18313.254205	18316.055056			2.0		1.0	1.0					
18321.767	5.315999999998894	trials	8.0	18324.251237	18325.038273000002			18323.704474000002	18325.034298			1.0		0.0	2.0					
18329.087	11.225000000002183	trials	8.0	18336.421177	18337.958197	18338.787037000002	18338.999298000002	18335.820776	18338.35853	18339.628	18340.312	1.0	2.0	1.0	1.0					
18343.34	7.766999999999825	trials	8.0	18347.077024000002	18348.61885	18349.351345	18349.663615	18346.443772	18348.956983	18350.052	18351.107	1.0	2.0	1.0	1.0					
18353.056	13.666000000001077	trials	8.0	18362.813641999997	18364.211559	18365.23705	18365.545935	18362.597754	18364.726229	18365.942	18366.722	1.0	2.0	1.0	1.0					
18368.743	8.644000000000233	trials	8.0	18374.799380999997	18376.075279999997	18377.037201	18377.077394	18374.198664	18376.644479			1.0	2.0	0.0	3.0					
18381.367	17.645000000000437	trials	8.0	18396.38452	18397.911759	18398.680254	18398.904521999997	18395.672	18398.24445			1.0	2.0	0.0	3.0					
18403.032	10.395000000000437	trials	8.0	18410.295561	18411.42051			18409.540279999997	18411.411262999998			2.0		0.0	2.0					
18416.437	6.540999999997439	trials	8.0	18418.974316	18420.599594	18421.090147	18421.498667	18418.101189999998	18420.581092999997	18421.833	18422.978	1.0	1.0	1.0	1.0					
18426.933	12.235000000000582	trials	8.0	18435.170519	18436.847783999998			18434.435394	18437.046819			2.0		1.0	1.0					
18442.678	5.7740000000012515	trials	8.0	18444.31415	18446.120390999997			18443.712183	18446.356529999997			2.0		1.0	1.0					
18452.903	6.064000000002125	trials	8.0	18455.715228999998	18457.351598999998	18458.641545	18458.872752	18455.185480999997	18458.168691			1.0	1.0	0.0	3.0					
18462.022	10.744999999998981	trials	8.0	18470.034379999997	18471.321009	18472.444885999997	18472.737935999998	18469.349632999998	18471.981345			1.0	1.0	0.0	3.0					
18474.782	12.726000000002387	trials	8.0	18484.494219	18486.352256	18487.141660999998	18487.365006	18483.932286	18486.736038			1.0	1.0	0.0	3.0					
18490.517	14.694999999999709	trials	8.0	18502.404537	18503.98134	18504.879602999998	18505.19808	18501.878493	18504.395927999998			1.0	1.0	0.0	3.0					
18507.26	21.387000000002445	trials	8.0	18524.769583999998	18526.587764			18523.830415999997	18526.583395999998			1.0		0.0	2.0					
18531.702	13.739999999997963	trials	8.0	18540.9299	18542.897324999998	18543.704786	18543.928869	18539.995559	18543.270565	18544.382	18545.442	1.0	1.0	1.0	1.0					
18547.402	22.4900000000016	trials	8.0	18566.099716999997	18567.684717999997	18568.447867	18568.704188	18565.574977999997	18568.035917999998	18569.262	18569.892	1.0	2.0	1.0	1.0					
18573.958	6.75	trials	8.0	18577.259932999998	18578.633737999997			18576.398087999998	18578.619059999997			1.0		0.0	2.0					
18582.731	22.53099999999904	trials	8.0	18601.075266	18602.991519			18600.427782	18603.229719			2.0		1.0	1.0					
18607.809	10.398999999997613	trials	8.0	18613.364765	18614.638679	18615.824472	18616.07863	18612.361838999997	18615.391623	18616.472	18618.208	1.0	2.0	1.0	1.0					
18622.277	7.595000000001164	trials	8.0	18625.475285999997	18627.105903	18628.056975	18628.398065999998	18624.582492999998	18627.504861999998	18628.762	18629.872	1.0	2.0	1.0	1.0					
18631.892	9.705000000001746	trials	8.0	18637.896072	18639.581871			18637.209952999998	18639.530616			2.0		1.0	1.0					
18644.157	6.31000000000131	trials	8.0	18646.925655	18648.455942999997			18645.923246	18648.449363			1.0		0.0	2.0					
18653.502	6.81499999999869	trials	8.0	18656.615257999998	18658.303761			18656.084958	18658.295210999997			2.0		0.0	2.0					
18664.364	12.9529999999977	trials	8.0	18673.115004	18674.470433	18675.874581	18676.101347	18672.515069999998	18675.435875	18676.708	18677.317	1.0	2.0	1.0	1.0					
18681.382	14.575999999997293	trials	8.0	18691.885724	18693.568481	18694.510600999998	18694.766759	18691.372971999997	18694.121443	18695.237	18695.958	1.0	2.0	1.0	1.0					
18699.997	42.19499999999971	trials	8.0	18738.540089	18740.044201999997	18740.821332	18741.066506	18737.741229	18740.431844	18741.557	18742.192	1.0	1.0	1.0	1.0					
18744.212	9.745999999999185	trials	8.0	18751.190538	18751.90322			18750.260744	18751.891319			1.0		0.0	2.0					
18756.965	17.29699999999866	trials	8.0	18771.525997999997	18773.270138	18773.762483	18774.263477999997	18770.861909	18773.341352			1.0	1.0	0.0	3.0					
18777.142	16.665000000000873	trials	8.0	18790.151149999998	18791.411292999997	18792.208569	18792.488095999997	18789.645043999997	18791.781668	18792.932	18793.807	1.0	2.0	1.0	1.0					
18796.827	16.889999999999418	trials	8.0	18810.587763	18811.707711	18812.220344999998	18812.327563	18809.805249999998	18811.701875			1.0		0.0	2.0					
18815.766	32.00600000000122	trials	8.0	18843.931489	18845.538674	18846.294068	18846.555965	18842.946368999998	18845.962571	18826.442	18847.772	1.0	2.0	1.0	1.0					
18851.793	16.23399999999674	trials	8.0	18863.922662999998	18865.406559			18862.995279	18865.69887			2.0		1.0	1.0					
18871.477	5.941000000002532	trials	8.0	18873.686663999997	18875.102142			18873.046537	18875.295610999998			2.0		1.0	1.0					
18881.026	8.165999999997439	trials	8.0	18885.213141	18887.101773	18887.582133	18887.808047	18884.693526	18887.182313999998	18888.347	18889.192	1.0	1.0	1.0	1.0					
18893.304	30.927999999999884	trials	8.0	18921.066923	18922.224239	18922.644339	18922.765864999998	18920.243409	18922.21709			1.0		0.0	2.0					
18928.242	18.570000000003347	trials	8.0	18944.052615999997	18944.804601			18943.045414	18944.799257			1.0		0.0	2.0					
18950.857	21.22599999999875	trials	8.0	18968.441679	18969.574782			18967.651467	18969.995132			2.0		1.0	1.0					
18974.662	6.584999999999127	trials	8.0	18977.126633	18979.175045	18979.845762999998	18980.120453	18976.569699	18979.46951	18980.607	18981.247	1.0	2.0	1.0	1.0					
18983.293	8.039999999997235	trials	8.0	18987.508814999997	18988.931144	18989.673531	18989.879936999998	18986.799776	18989.275265	18990.387	18991.333	1.0	1.0	1.0	1.0					
18993.356	12.272000000000844	trials	8.0	19003.117385999998	19004.233953	19004.89302	19005.060408999998	19002.259808	19004.508917			1.0	1.0	0.0	3.0					
19008.267	25.10099999999875	trials	8.0	19030.183022999998	19031.309714			19029.228624	19031.306919			1.0		0.0	2.0					
19035.382	30.411000000000058	trials	8.0	19062.207054	19063.574837	19064.265242999998	19064.489577	19061.401596	19063.899287999997	19065.012	19065.793	1.0	2.0	1.0	1.0					
19067.812	11.440999999998894	trials	8.0	19075.117210999997	19077.087233	19077.618488	19077.849917	19074.235584	19077.258106999998	19078.382	19079.253	1.0	2.0	1.0	1.0					
19083.128	14.773999999997613	trials	8.0	19094.707060999997	19095.850004	19096.324287	19096.587917999997	19093.921834999997	19095.844929			1.0		0.0	2.0					
19099.942	29.455000000001746	trials	8.0	19125.714043	19127.099855999997	19127.999209999998	19128.141478999998	19125.041161999998	19127.581955999998	19128.692	19129.397	1.0	2.0	1.0	1.0					
19132.467	8.076000000000931	trials	8.0	19137.117951	19138.362093	19139.208143	19139.383350999997	19136.203180999997	19138.779249	19132.967	19140.543	1.0	2.0	1.0	1.0					
19143.562	20.1349999999984	trials	8.0	19161.202591999998	19161.694531999998			19160.486472999997	19161.679904999997			1.0		0.0	2.0					
19165.708	1589.6490000000013	trials	8.0	0.0	0.0	31.462351	31.791573000000003	20747.602	20751.407	20753.128	20755.357	2.0		1.0	1.0					
20758.413	12.008999999998196	trials	8.0	20766.07737	20768.113337	20768.705594	20769.039020999997	20765.548722	20768.153175	20769.497	20770.422	1.0	2.0	1.0	1.0					
20773.333	10.489000000001397	trials	8.0	20778.506994	20779.756138999997	20781.762345	20782.259425999997	20777.703859999998	20781.234131999998			2.0		0.0	4.0					
20787.833	58.63400000000183	trials	8.0	20842.801847	20844.545858999998	20846.154012	20846.409666	20842.267643	20845.609087999997			1.0	2.0	0.0	3.0					
20850.473	8.734999999996944	trials	8.0	20854.782521999998	20855.95377	20857.203234	20857.442882	20853.842262	20856.445408			2.0		0.0	4.0					
20861.212	8.694999999999709	trials	8.0	20864.567787	20865.895765999998	20867.929300999996	20868.367377	20863.932739999997	20867.463651	20868.708	20869.907	1.0	1.0	1.0	1.0					
20873.013	9.869000000002416	trials	8.0	20878.018816999996	20879.129171999997	20880.972089	20881.406872	20877.237447	20880.461849	20881.737	20882.882	1.0	1.0	1.0	1.0					
20884.898	9.437999999998283	trials	8.0	20891.41077	20892.540889999997	20894.025740999998	20894.228413999997	20890.627511	20893.51587			1.0	1.0	0.0	3.0					
20898.389	23.462999999999738	trials	8.0	20918.793036	20920.543145	20921.232517999997	20921.863061	20918.064573	20920.816919999997			1.0	1.0	0.0	3.0					
20925.597	15.875	trials	8.0	20936.938661	20938.91769	20939.520255	20939.583617999997	20936.004245999997	20939.001772	20940.307	20941.472	1.0	1.0	1.0	1.0					
20944.456	7.801000000003114	trials	8.0	20948.177404	20949.701141999998			20947.496322	20950.186435			2.0		1.0	1.0					
20954.797	6.116000000001804	trials	8.0	20958.002948999998	20959.110604999998	20960.558847999997	20960.769311999997	20957.246997	20960.079944999998			1.0	1.0	0.0	3.0					
20962.872	19.275000000001455	trials	8.0	20978.357504	20980.101574999997			20977.528382999997	20980.097483999998			1.0		0.0	2.0					
20985.188	10.994000000002416	trials	8.0	20991.123401999997	20993.021571999998	20994.652456999997	20994.892433999998	20990.479538	20994.100096	20995.307	20996.182	1.0	2.0	1.0	1.0					
20998.202	8.544999999998254	trials	8.0	21002.887703	21003.991084999998			21002.058381	21004.599491999998			2.0		1.0	1.0					
21011.364	5.987999999997555	trials	8.0	21013.168208	21014.539925999998			21011.985368999998	21015.181732999998			2.0		1.0	1.0					
21019.912	8.354999999999563	trials	8.0	21023.743526	21025.179562999998			21023.030663999998	21026.039514			2.0		1.0	1.0					
21031.772	6.959999999999127	trials	8.0	21033.953293	21035.793207	21036.987032999998	21037.251257	21033.159926999997	21036.356545	21037.757	21038.732	1.0	2.0	1.0	1.0					
21040.753	10.281999999999243	trials	8.0	21046.048047999997	21047.900577	21049.512338999997	21049.674272999997	21045.426875999998	21048.912752999997	21050.297	21051.035	1.0	2.0	1.0	1.0					
21053.092	8.459999999999127	trials	8.0	21058.168748999997	21059.960455999997	21061.237535	21061.546548	21057.25035	21060.638166999997			1.0	2.0	0.0	3.0					
21063.562	11.270999999997002	trials	8.0	21070.023972	21071.275483999998			21069.153584	21072.765182			2.0		1.0	1.0					
21077.347	7.254999999997381	trials	8.0	21080.293662	21081.822433999998	21082.738724	21083.074087999998	21079.759347	21082.257673	21083.442	21084.602	1.0	1.0	1.0	1.0					
21087.558	7.4689999999973224	trials	8.0	21092.310514999997	21093.375096	21094.726591	21095.042853	21091.676355	21094.182222			1.0	1.0	0.0	3.0					
21099.034	9.462999999999738	trials	8.0	21104.079529	21105.945977			21103.074233	21106.376016			2.0		1.0	1.0					
21113.003	5.7739999999976135	trials	8.0	21114.824278	21116.034462	21117.228659999997	21117.426442999997	21113.844646999998	21116.715755999998	21117.847	21118.777	1.0	2.0	1.0	1.0					
21121.797	9.880000000001019	trials	8.0	21127.154791999998	21129.195011999996	21130.005223	21130.186068	21126.162838999997	21129.561223999997	21130.747	21131.677	1.0	2.0	1.0	1.0					
21134.502	7.145000000000437	trials	8.0	21138.868874	21139.651673999997			21137.899208	21139.633944999998			1.0		0.0	2.0					
21145.697	9.326000000000931	trials	8.0	21151.639079999997	21153.555442999997	21154.666294	21155.007338	21150.904394999998	21154.217864			1.0	1.0	0.0	3.0					
21159.026	8.47099999999773	trials	8.0	21163.094269999998	21164.276238	21165.917123	21166.11625	21162.318368	21165.367609999998	21166.583	21167.497	1.0	2.0	1.0	1.0					
21170.322	8.040000000000873	trials	8.0	21174.24456	21175.496169	21176.43252	21176.745166999997	21173.378662	21175.978067999997	21177.027	21178.362	1.0	2.0	1.0	1.0					
21181.272	18.25499999999738	trials	8.0	21196.804292999997	21198.047008999998	21199.223041999998	21199.439083999998	21195.825642	21198.742349			1.0	1.0	0.0	3.0					
21201.543	13.253999999997177	trials	8.0	21209.81484	21211.650282	21213.257361	21213.532497	21209.265696	21212.723446999997	21213.972	21214.797	1.0	1.0	1.0	1.0					
21217.817	8.819999999999709	trials	8.0	21221.320044	21223.138286999998			21220.721726	21224.422053			2.0		1.0	1.0					
21230.18	5.761999999998807	trials	8.0	21232.767545	21234.033462	21235.487252	21235.727512999998	21232.022170999997	21234.976037			1.0	1.0	0.0	3.0					
21239.802	6.93999999999869	trials	8.0	21243.21953	21245.071932	21246.439856999998	21246.681034999998	21242.658464	21245.946168			1.0	1.0	0.0	3.0					
21250.753	11.363999999997759	trials	8.0	21257.404865999997	21258.838365	21260.495565999998	21260.716841999998	21256.4727	21260.049066	21261.187	21262.117	1.0	2.0	1.0	1.0					
21266.117	7.966000000000349	trials	8.0	21270.186281	21271.550102999998	21272.668625	21272.885069999997	21269.258345	21272.092087999998	21273.392	21274.083	1.0	2.0	1.0	1.0					
21278.197	9.544999999998254	trials	8.0	21282.990132	21284.931351	21286.147782	21286.302362	21282.138621	21285.661887	21286.815	21287.742	1.0	2.0	1.0	1.0					
21291.543	8.113999999997759	trials	8.0	21295.870447999998	21297.411861	21298.220050999997	21298.393039	21295.05084	21297.750035999998	21298.937	21299.657	1.0	2.0	1.0	1.0					
21301.767	11.264999999999418	trials	8.0	21309.454966999998	21310.907163	21311.521451999997	21311.732043	21308.64577	21311.051434999998	21312.217	21313.032	1.0	2.0	1.0	1.0					
21315.053	9.423999999999069	trials	8.0	21321.561565999997	21322.482251999998			21320.688404999997	21322.473081			1.0		0.0	2.0					
21327.512	16.389999999999418	trials	8.0	21339.976823999998	21341.348786	21342.467872999998	21342.651785	21339.056540999998	21341.992704999997	21343.232	21343.902	1.0	2.0	1.0	1.0					
21346.952	8.596999999997934	trials	8.0	21351.0501	21353.020661	21354.001670999998	21354.421781999998	21350.481422999997	21353.509929	21354.628	21355.549	1.0	2.0	1.0	1.0					
21359.564	6.153000000002066	trials	8.0	21362.936584	21364.458985999998	21365.251970999998	21365.73431	21362.044275	21364.767928999998			1.0	2.0	0.0	3.0					
21367.569	12.052999999999884	trials	8.0	21376.855718	21378.364757	21379.317144	21379.471842	21375.864287999997	21378.84248			1.0	2.0	0.0	3.0					
21381.677	22.84700000000157	trials	8.0	21400.790723	21402.026745	21404.156561	21404.527326	21399.816936	21403.09206			1.0	1.0	0.0	3.0					
21407.527	156.03000000000247	trials	8.0	21558.072127	21560.003417	21561.590534	21561.918464	21557.392	21560.426849	21562.262	21563.557	1.0	2.0	1.0	1.0					
21566.665	69.00300000000061	trials	8.0	21631.662383	21633.000299	21634.061501	21634.279780999997	21630.866469999997	21633.642574999998	21634.878	21635.668	1.0	2.0	1.0	1.0					
21639.732	4.870999999999185	trials	8.0	21641.584414999998	21642.545462			21640.70491	21642.541666999998			1.0		0.0	2.0					
21648.617	42.89500000000044	trials	8.0	21687.497698	21689.266432999997	21689.843925999998	21689.952233	21686.907497	21689.330886	21690.492	21691.512	1.0	2.0	1.0	1.0					
21694.532	7.875	trials	8.0	21698.189647	21699.481472	21700.682122	21700.957533999997	21697.510871	21700.125001	21701.437	21702.407	1.0	2.0	1.0	1.0					
21706.487	6.625	trials	8.0	21708.294842	21710.055097999997	21711.381589999997	21711.602816	21707.760694999997	21710.838208999998	21712.177	21713.112	1.0	1.0	1.0	1.0					
21715.157	8.600000000002183	trials	8.0	21719.992953999998	21721.191439			21719.02955	21721.578321999998			2.0		1.0	1.0					
21728.288	5.175999999999476	trials	8.0	21730.703314	21732.390765999997	21733.080742	21733.441099	21729.824888	21732.352881			1.0	1.0	0.0	3.0					
21735.461	12.96600000000035	trials	8.0	21744.004624999998	21745.912343			21743.110794999997	21746.37838			2.0		1.0	1.0					
21751.947	5.419999999998254	trials	8.0	21753.872640999998	21755.192002	21755.801684	21756.005788	21752.755732999998	21755.279102999997	21756.467	21757.367	1.0	2.0	1.0	1.0					
21760.282	8.139999999999418	trials	8.0	21764.153599999998	21765.861344999998			21763.574144	21766.325663			2.0		1.0	1.0					
21770.959	5.368000000002212	trials	8.0	21773.438613	21774.271807999998	21774.803398	21775.274472999998	21772.530021	21774.263569			1.0		0.0	2.0					
21780.333	6.920000000001892	trials	8.0	21782.259332999998	21783.445616999998	21785.187198	21785.453485	21781.024903999998	21784.53721			2.0		0.0	4.0					
21789.262	13.235000000000582	trials	8.0	21797.903323	21799.55535	21800.705308999997	21800.927218999997	21797.144286	21800.228296999998	21801.503	21802.497	1.0	2.0	1.0	1.0					
21804.223	8.393999999996595	trials	8.0	21809.014081999998	21810.352174			21808.143715	21810.583982			2.0		1.0	1.0					
21816.168	8.263999999999214	trials	8.0	21820.828402	21822.164591999997	21822.945663	21823.037809999998	21820.0866	21822.422506	21823.647	21824.432	1.0	2.0	1.0	1.0					
21826.527	10.638000000002648	trials	9.0	21833.174723999997	21834.915179	21836.824394	21837.162602	21832.253917	21835.499178			1.0	2.0	0.0	3.0					
21826.527	10.638000000002648	BlockDesign														0.0	896.0	896.0	50.0	10.0
