onset	duration	nwb_table	block	tone_on_time	tone_off_time	action_on_time	action_off_time	pokeC_on_time	pokeC_off_time	reward_on_time	reward_off_time	state	action	reward	result	FinishedBlock	FirstTrial	LastTrial	RewardRule_L	RewardRule_R
2.339	1326.69	BlockDesign														1.0	1.0	91.0	50.0	90.0
2.339	15.755	trials	1.0	10.078961000000003	11.472274000000002			9.139202000000003	11.483242000000002			2.0		1.0	1.0					
18.293	19.221000000000004	trials	1.0	20.439320000000002	21.850780000000004	34.35475600000001	34.385536	18.094	21.841358000000003	35.0	37.514	1.0	2.0	1.0	1.0					
41.545	8.189	trials	1.0	44.694002	46.505656	47.770514000000006	48.236323999999996	44.122552	47.071724	48.46	49.734	1.0	1.0	1.0	1.0					
51.804	7.714999999999996	trials	1.0	56.57889800000001	57.745988	58.986631	59.519475	55.93921	58.289409000000006			1.0	1.0	0.0	3.0					
62.299	9.619999999999997	trials	1.0	68.03883	69.57293600000001			67.152557	69.817982			2.0		1.0	1.0					
76.419	6.768000000000001	trials	1.0	78.729921	79.907864	81.04403	81.70812500000001	77.776362	80.30645000000001	81.854	83.187	1.0	1.0	1.0	1.0					
85.219	8.491	trials	1.0	90.15437600000001	91.42253500000001	92.96490100000001	93.71534500000001	89.50975700000001	92.066393			1.0	1.0	0.0	3.0					
96.375	9.903999999999996	trials	1.0	102.28421800000001	103.471615			101.38549900000001	104.165147			2.0		1.0	1.0					
108.819	6.444999999999993	trials	1.0	112.09081400000001	113.481919	114.822787	115.26612200000001	111.137411	113.98168700000001			1.0	1.0	0.0	3.0					
117.149	12.115000000000009	trials	1.0	125.32427799999999	126.75106600000001			124.48597000000001	127.20569			2.0		1.0	1.0					
131.799	7.525999999999982	trials	1.0	135.58445600000002	137.302082	138.20804800000002	138.570266	134.81168300000002	137.297009			1.0		0.0	2.0					
141.383	16.826999999999998	trials	1.0	153.595019	154.95600100000001	156.26334500000002	156.778367	153.05551300000002	155.482729	157.0	158.21	1.0	1.0	1.0	1.0					
161.284	7.756	trials	1.0	164.31975400000002	165.361319	167.084303	167.53084900000002	163.619135	166.243714	167.799	169.04	1.0	1.0	1.0	1.0					
171.104	10.395999999999987	trials	1.0	177.070117	178.90544500000001			176.30706800000002	179.261156			2.0		1.0	1.0					
184.954	8.805999999999983	trials	1.0	187.310608	188.987782	193.172562	193.765343	186.65256200000002	189.529601			1.0	1.0	0.0	3.0					
197.514	11.280000000000001	trials	1.0	203.195095	204.58270100000001	206.730539	207.302228	202.31816600000002	205.899506	207.375	208.794	1.0	1.0	1.0	1.0					
211.859	10.70999999999998	trials	1.0	216.095306	217.267681	220.224557	220.82148800000002	215.44134400000002	219.500797	221.054	222.569	1.0	2.0	1.0	1.0					
226.635	9.084000000000003	trials	1.0	229.640636	231.500619	233.158031	233.951371	229.131562	232.28398900000002	233.799	235.719	1.0	2.0	1.0	1.0					
239.744	8.409999999999997	trials	1.0	244.680643	245.941139	247.478644	248.15525200000002	243.769869	246.737827			1.0	2.0	0.0	3.0					
249.84	14.349000000000018	trials	1.0	258.145154	260.15210299999995	261.777049	262.50242399999996	257.334863	260.889503	262.524	264.189	1.0	2.0	1.0	1.0					
267.244	8.549999999999955	trials	1.0	270.54668699999996	271.627885	273.255724	274.048433	269.86767799999996	272.47777099999996	273.862	275.794	1.0	2.0	1.0	1.0					
278.864	9.840000000000032	trials	1.0	283.070243	284.64478699999995	286.046693	286.79958799999997	282.560906	285.112762	286.744	288.704	1.0	2.0	1.0	1.0					
291.724	8.754999999999995	trials	1.0	296.450492	297.72234299999997			295.75429399999996	298.30015499999996			2.0		1.0	1.0					
305.091	8.312999999999988	trials	1.0	307.842182	309.621892	311.023106	311.637007	306.99118799999997	310.200023	311.79	313.404	1.0	2.0	1.0	1.0					
316.474	9.960000000000036	trials	1.0	321.58142	322.718483	323.77361299999995	324.49472299999996	320.769233	322.92215699999997	324.665	326.434	1.0	2.0	1.0	1.0					
330.465	14.644000000000005	trials	1.0	340.672264	342.03256799999997	344.767003	345.110728	339.718483	342.027563			1.0		0.0	2.0					
346.044	10.800000000000011	trials	1.0	351.46725499999997	353.33025299999997	354.837203	355.38103099999995	350.89205699999997	354.07188499999995	355.689	356.844	1.0	1.0	1.0	1.0					
360.884	4.194999999999993	trials	1.0	362.890939	363.07719799999995			362.23231	363.069955			1.0		0.0	2.0					
368.134	19.079999999999984	trials	1.0	380.705759	382.18101099999996	386.37666199999995	387.218692	379.759467	382.73770099999996			1.0	1.0	0.0	3.0					
388.754	13.504999999999995	trials	1.0	398.165782	399.74717899999996			397.324051	400.22678199999996			2.0		1.0	1.0					
406.829	6.46999999999997	trials	1.0	409.592222	410.794757			408.83924299999995	411.269225			2.0		1.0	1.0					
415.864	8.650000000000034	trials	1.0	421.011673	422.50931099999997			420.32550999999995	422.500499			2.0		0.0	2.0					
427.524	20.024999999999977	trials	1.0	441.80616299999997	443.303092	444.935818	445.63866199999995	440.85570099999995	444.14845099999997	445.669	447.549	1.0	2.0	1.0	1.0					
449.574	12.699999999999989	trials	1.0	455.82106699999997	457.82266	459.21894299999997	460.14261899999997	455.009974	458.379355	459.949	462.274	1.0	2.0	1.0	1.0					
466.29	9.133999999999958	trials	1.0	471.386752	472.657699			470.536754	473.305162			2.0		1.0	1.0					
479.0	7.024000000000001	trials	1.0	481.94019	483.723349			481.165549	483.769406			2.0		1.0	1.0					
490.5	5.444000000000017	trials	1.0	492.846481	493.942892			491.930237	493.932658			1.0		0.0	2.0					
497.954	16.60499999999996	trials	1.0	510.556527	512.4299960000001	513.9081050000001	514.5623780000001	509.730524	513.1747670000001			1.0	2.0	0.0	3.0					
517.274	20.91999999999996	trials	1.0	533.021389	534.073028	535.823113	536.361934	532.4429250000001	534.989219	536.519	538.194	1.0	2.0	1.0	1.0					
542.259	5.419999999999959	trials	1.0	543.9064940000001	545.946956	547.194305	547.682003	543.3352530000001	546.478885			1.0	1.0	0.0	3.0					
550.564	7.514999999999986	trials	1.0	553.611651	555.067585			553.072498	555.8556120000001			2.0		1.0	1.0					
561.606	6.479000000000042	trials	1.0	564.4069910000001	566.1536150000001	567.6315930000001	568.0895310000001	563.805247	566.941534			1.0	1.0	0.0	3.0					
571.954	10.32000000000005	trials	1.0	576.801857	578.63818	580.1338880000001	580.725463	576.232477	579.188618	580.829	582.274	1.0	1.0	1.0	1.0					
584.334	10.720000000000027	trials	1.0	589.101923	590.405648	592.2565940000001	593.050459	588.352223	591.5152320000001	593.009	595.054	1.0	2.0	1.0	1.0					
598.164	8.005999999999972	trials	1.0	602.8364730000001	604.15891			602.135	604.147318			1.0		0.0	2.0					
610.179	21.75400000000002	trials	1.0	626.9368850000001	628.054258	629.400835	630.1192550000001	626.061454	628.6276250000001	630.25	631.933	1.0	2.0	1.0	1.0					
633.949	9.400000000000091	trials	1.0	639.291748	640.5142890000001	642.344026	643.35632	638.7167790000001	641.503907			1.0	1.0	0.0	3.0					
645.714	16.289999999999964	trials	1.0	656.026957	657.708286	659.2822960000001	660.033767	655.2859950000001	658.509938	659.974	662.004	1.0	2.0	1.0	1.0					
666.03	9.44900000000007	trials	1.0	669.067445	670.988605	672.749692	673.68173	668.241166	671.7807230000001	673.404	675.479	1.0	2.0	1.0	1.0					
677.497	8.607000000000085	trials	1.0	683.932534	684.0504920000001			683.33479	684.041746			1.0		0.0	2.0					
689.157	25.406999999999925	trials	1.0	709.7227770000001	710.998813	712.139761	712.986787	709.1233080000001	711.437723	712.989	714.564	1.0	1.0	1.0	1.0					
716.629	9.535999999999945	trials	1.0	720.398764	722.044856	723.830194	724.5940790000001	719.8621430000001	723.0163200000001	724.504	726.165	1.0	1.0	1.0	1.0					
728.229	8.829999999999927	trials	1.0	733.1475270000001	735.0241530000001	736.2776250000001	737.064292	732.4954610000001	735.524255			1.0	1.0	0.0	3.0					
740.634	10.29099999999994	trials	1.0	746.452118	748.164035			745.8958680000001	748.667939			2.0		1.0	1.0					
753.465	10.504000000000019	trials	1.0	757.5627870000001	758.628778	761.2100360000001	762.039715	756.89119	760.383995	761.835	763.969	1.0	2.0	1.0	1.0					
767.009	8.905999999999949	trials	1.0	769.9076610000001	771.154343	773.1103300000001	773.930189	769.3470590000001	772.21411	773.915	775.915	1.0	2.0	1.0	1.0					
777.936	8.502999999999929	trials	1.0	782.768129	784.373377	785.71436	786.4435100000001	782.048089	784.949254			1.0	1.0	0.0	3.0					
788.049	17.860000000000014	trials	1.0	799.3627220000001	801.07246	802.9961840000001	804.035576	798.604645	802.093211	803.809	805.909	1.0	2.0	1.0	1.0					
808.018	9.766999999999939	trials	1.0	812.332633	813.5824200000001	815.083658	815.79601	811.4545830000001	814.3001310000001	815.724	817.785	1.0	2.0	1.0	1.0					
820.854	7.459999999999923	trials	1.0	824.912786	826.3149980000001	827.260702	828.0353670000001	824.310467	826.304312			1.0		0.0	2.0					
830.364	9.644999999999982	trials	1.0	836.603288	838.239667	839.460178	840.015938	835.6134390000001	838.73216			1.0	1.0	0.0	3.0					
842.826	14.45799999999997	trials	1.0	853.474232	854.7256580000001			852.6350100000001	855.1371350000001			2.0		1.0	1.0					
861.764	6.559999999999945	trials	1.0	864.733412	866.699186	867.84514	868.3303920000001	864.1137110000001	867.055073			1.0	1.0	0.0	3.0					
871.214	22.34999999999991	trials	1.0	888.0333410000001	889.5665250000001	891.0616540000001	891.7831100000001	887.3334980000001	890.322209	891.854	893.564	1.0	2.0	1.0	1.0					
897.665	5.719000000000051	trials	1.0	899.783509	901.133149	902.592902	903.392104	899.1057820000001	901.782808			1.0	2.0	0.0	3.0					
904.92	23.519000000000005	trials	1.0	920.2782960000001	922.200103	923.951441	924.929923	919.486891	923.078659	924.604	928.439	1.0	2.0	1.0	1.0					
930.502	13.902000000000044	trials	1.0	938.543477	940.4378360000001	941.909263	942.674206	937.776203	941.095184	942.599	944.404	1.0	2.0	1.0	1.0					
948.489	6.300999999999931	trials	1.0	950.803924	952.238342			950.1835560000001	952.613192			2.0		1.0	1.0					
959.359	5.784999999999968	trials	1.0	961.103869	962.577439			959.97668	963.0429740000001			2.0		1.0	1.0					
968.634	8.730999999999995	trials	1.0	971.5639530000001	972.73486	974.32964	975.238963	970.809217	973.463734	975.009	977.365	1.0	2.0	1.0	1.0					
981.159	8.335000000000036	trials	1.0	985.338487	987.181684			984.569116	987.2976120000001			2.0		1.0	1.0					
993.01	12.240000000000009	trials	1.0	998.543731	1000.3248920000001	1001.702116	1002.6459560000001	997.679968	1000.911902	1002.5	1005.25	1.0	2.0	1.0	1.0					
1009.269	7.677000000000021	trials	1.0	1013.828674	1014.847121			1012.849558	1014.84302			1.0		0.0	2.0					
1019.96	24.384000000000015	trials	1.0	1040.648977	1042.176761	1043.714473	1044.353329	1039.733698	1042.693354			1.0	1.0	0.0	3.0					
1048.029	11.05600000000004	trials	1.0	1052.698918	1054.145941	1056.608621	1057.299258	1051.788415	1055.865431	1057.384	1059.085	1.0	2.0	1.0	1.0					
1061.109	7.30600000000004	trials	1.0	1064.864235	1066.416035			1064.181976	1066.4101			2.0		0.0	2.0					
1071.429	13.099999999999909	trials	1.0	1076.579213	1077.726257	1082.3973680000001	1083.102064	1075.874555	1078.631069	1083.029	1084.529	1.0	1.0	1.0	1.0					
1087.589	7.970000000000027	trials	1.0	1090.039025	1091.7711140000001	1092.964005	1093.861138	1089.096656	1092.2540060000001	1093.654	1095.559	1.0	2.0	1.0	1.0					
1098.575	8.723999999999933	trials	1.0	1102.06457	1103.481638	1106.796106	1107.306427	1101.374399	1103.4757220000001			1.0		0.0	2.0					
1107.5	17.023999999999887	trials	1.0	1120.149614	1122.089917	1123.466963	1124.448691	1119.1706570000001	1122.567932			1.0	2.0	1.0	1.0					
1128.049	12.430000000000064	trials	1.0	1137.119204	1138.4283130000001			1136.436874	1138.414606			1.0		0.0	2.0					
1144.486	38.18299999999999	trials	1.0	1174.5650540000001	1175.791375			1173.803137	1176.186725	1182.625	1182.669	2.0		1.0	1.0					
1182.856	30.702999999999975	trials	1.0	1210.870016	1211.506781			1209.896201	1211.494496			1.0		0.0	2.0					
1217.569	10.516000000000076	trials	1.0	1224.515351	1226.026904	1226.824445	1227.051242	1223.615536	1226.023421			1.0		0.0	2.0					
1230.094	13.740999999999985	trials	1.0	1240.21169	1241.281244			1239.54568	1241.6194970000001			2.0		1.0	1.0					
1247.311	7.708000000000084	trials	1.0	1251.265969	1253.135732	1254.238078	1255.025134	1250.572747	1253.522704			1.0	2.0	0.0	3.0					
1256.575	19.88499999999999	trials	1.0	1270.110488	1271.662975	1273.780012	1274.522848	1269.109979	1272.957011	1274.604	1276.46	1.0	2.0	1.0	1.0					
1278.53	11.713999999999942	trials	1.0	1284.137023	1285.203244	1287.3969200000001	1288.388054	1283.4142160000001	1286.585329	1288.085	1290.244	1.0	2.0	1.0	1.0					
1294.304	7.954999999999927	trials	1.0	1296.670031	1298.579186	1299.757861	1300.463203	1296.009174	1298.956325	1300.449	1302.259	1.0	2.0	1.0	1.0					
1304.319	10.819999999999936	trials	1.0	1310.980508	1312.591744			1310.218554	1312.9404590000001			2.0		1.0	1.0					
1319.634	9.394999999999982	trials	1.0	1322.680993	1324.607366	1325.614114	1326.3797630000001	1321.890934	1324.70792	1326.269	1329.029	1.0	2.0	1.0	1.0					
1332.059	1149.16	BlockDesign														1.0	92.0	155.0	10.0	50.0
1332.059	7.240000000000009	trials	2.0	1335.141607	1336.492835			1334.210783	1337.092547			2.0		1.0	1.0					
1341.791	11.044000000000096	trials	2.0	1347.915248	1349.567602	1351.4552860000001	1352.839945	1346.971688	1350.676022			1.0	2.0	0.0	3.0					
1354.774	11.388000000000147	trials	2.0	1362.890947	1364.153299	1365.219886	1365.420179	1361.952767	1364.149627			1.0		0.0	2.0					
1370.179	19.15599999999995	trials	2.0	1386.302615	1387.397767	1388.65162	1389.346657	1385.295998	1387.748923			1.0	2.0	0.0	3.0					
1391.984	16.595000000000027	trials	2.0	1404.691196	1406.47424	1408.026119	1408.588048	1404.172934	1407.063355			1.0	1.0	0.0	3.0					
1412.36	15.044000000000096	trials	2.0	1422.121019	1423.537732	1425.012178	1425.797525	1421.470256	1424.180494	1425.854	1427.404	1.0	2.0	1.0	1.0					
1429.469	7.044999999999845	trials	2.0	1432.4368670000001	1433.920753			1431.473909	1434.269992			2.0		1.0	1.0					
1438.964	13.246000000000095	trials	2.0	1449.146639	1450.212781			1448.303073	1450.207561			1.0		0.0	2.0					
1456.219	13.384999999999991	trials	2.0	1463.927734	1465.893151	1467.125471	1467.830251	1462.95241	1466.4166910000001	1467.739	1469.604	1.0	2.0	1.0	1.0					
1473.653	8.570999999999913	trials	2.0	1478.9276380000001	1480.617201	1481.707915	1482.235928	1478.372633	1480.905938			1.0	1.0	0.0	3.0					
1484.04	11.409000000000106	trials	2.0	1491.030688	1492.179266	1494.594313	1495.456394	1490.127925	1493.6793830000001			1.0	2.0	0.0	3.0					
1497.939	12.599999999999909	trials	2.0	1506.3481040000001	1507.737715			1505.569152	1508.280938			2.0		1.0	1.0					
1514.115	6.304000000000087	trials	2.0	1517.3647	1518.659345	1520.036269	1520.42788	1516.641013	1519.1783480000001			1.0	1.0	0.0	3.0					
1522.367	30.021999999999935	trials	2.0	1548.276793	1549.579385	1551.803197	1552.397303	1547.696852	1550.9082230000001			1.0	2.0	0.0	3.0					
1555.125	20.179000000000087	trials	2.0	1569.201794	1570.909546	1572.8706320000001	1573.622593	1568.5240840000001	1571.322335	1573.469	1575.304	1.0	2.0	1.0	1.0					
1579.364	8.779999999999973	trials	2.0	1582.081784	1583.528667	1587.5356550000001	1588.15469	1581.079498	1583.96719			1.0	1.0	0.0	3.0					
1589.884	17.389999999999873	trials	2.0	1603.10219	1604.672375			1602.333628	1605.0013000000001			2.0		1.0	1.0					
1611.744	8.179000000000087	trials	2.0	1615.732111	1617.3197930000001			1615.1373350000001	1617.808559			2.0		1.0	1.0					
1624.409	9.840999999999894	trials	2.0	1628.2069430000001	1629.676717	1631.447506	1632.519178	1627.317769	1630.405264	1632.234	1634.25	1.0	2.0	1.0	1.0					
1637.29	6.594000000000051	trials	2.0	1639.546838	1641.11782	1642.898302	1643.896471	1638.829737	1641.913481			1.0	2.0	0.0	3.0					
1645.214	18.465000000000146	trials	2.0	1660.612441	1661.681218			1659.663902	1661.667056			1.0		0.0	2.0					
1666.689	23.935999999999922	trials	2.0	1683.832331	1685.086841	1687.944964	1688.809442	1683.168104	1687.136237	1688.559	1690.625	1.0	2.0	1.0	1.0					
1694.683	8.121000000000095	trials	2.0	1698.5073320000001	1700.556442	1701.944237	1702.81505	1697.8078600000001	1701.1309760000001			1.0	2.0	0.0	3.0					
1704.259	27.039999999999964	trials	2.0	1726.568995	1727.649923	1728.897262	1729.578665	1725.797888	1728.1372000000001	1729.559	1731.299	1.0	2.0	1.0	1.0					
1734.315	6.903999999999996	trials	2.0	1737.6223400000001	1738.874182			1737.0921170000001	1739.153082			2.0		1.0	1.0					
1743.774	7.141000000000076	trials	2.0	1746.858209	1747.921421	1750.153606	1750.927594	1746.245768	1749.419533			1.0	2.0	0.0	3.0					
1752.509	16.75	trials	2.0	1763.893321	1765.184846	1766.842148	1767.568974	1763.078995	1765.851004	1767.564	1769.259	1.0	2.0	1.0	1.0					
1772.314	8.100999999999885	trials	2.0	1776.492698	1777.744177	1779.799178	1780.426978	1775.78536	1778.773742			1.0	1.0	0.0	3.0					
1784.125	22.159000000000106	trials	2.0	1802.789626	1804.413275	1805.955694	1806.2963240000001	1801.867996	1804.945847			1.0	1.0	0.0	3.0					
1810.295	30.773999999999887	trials	2.0	1835.368979	1836.725897	1838.507138	1839.362464	1834.786552	1837.743694	1839.189	1841.069	1.0	2.0	1.0	1.0					
1845.159	9.329999999999927	trials	2.0	1847.202236	1848.8683700000001	1853.939621	1854.501463	1846.422503	1849.314905			1.0	1.0	0.0	3.0					
1856.248	14.090999999999894	trials	2.0	1864.889956	1865.9513650000001	1867.607453	1868.49776	1864.065308	1866.9041240000001	1868.274	1870.339	1.0	2.0	1.0	1.0					
1874.384	7.460000000000036	trials	2.0	1878.978979	1879.850285			1878.112448	1879.835499			1.0		0.0	2.0					
1883.897	22.39300000000003	trials	2.0	1902.118763	1903.9996780000001			1901.24584	1904.171471			2.0		1.0	1.0					
1910.816	10.02299999999991	trials	2.0	1915.5743380000001	1917.093589	1918.097282	1918.976684	1914.641227	1917.129956	1918.769	1920.839	1.0	2.0	1.0	1.0					
1922.864	9.846000000000004	trials	2.0	1929.203839	1930.7105510000001	1931.7789950000001	1931.991952	1928.573446	1930.704616			1.0		0.0	2.0					
1935.724	20.340000000000146	trials	2.0	1952.313887	1953.5093650000001	1955.244187	1956.07531	1951.750286	1954.359298			1.0	2.0	0.0	3.0					
1957.559	53.63000000000011	trials	2.0	2007.534538	2009.191448			2006.555351	2009.181334			1.0		0.0	2.0					
2013.234	16.726000000000113	trials	2.0	2022.984839	2024.695979	2029.414682	2029.969406	2022.181456	2025.244912			1.0	1.0	0.0	3.0					
2031.714	20.809999999999945	trials	2.0	2048.814823	2050.183271			2047.8099499999998	2050.434187			2.0		1.0	1.0					
2056.055	9.713999999999942	trials	2.0	2061.729625	2063.176208			2061.144199	2063.537243			2.0		1.0	1.0					
2070.25	8.0	trials	2.0	2075.034473	2076.256192			2074.193824	2076.252179			2.0		0.0	2.0					
2081.259	18.490999999999985	trials	2.0	2093.689859	2095.5371	2097.389743	2098.052224	2092.758975	2096.064623	2098.119	2099.75	1.0	1.0	1.0	1.0					
2103.775	6.969000000000051	trials	2.0	2106.754132	2108.566562	2110.1517400000002	2110.755599	2105.837942	2109.405932			1.0	2.0	0.0	3.0					
2112.5	24.548999999999978	trials	2.0	2132.794949	2134.796288			2131.995235	2134.848937			2.0		1.0	1.0					
2141.579	7.335999999999785	trials	2.0	2144.864741	2146.862867	2148.292627	2148.929846	2144.066803	2147.461733			1.0	2.0	0.0	3.0					
2151.629	24.68000000000029	trials	2.0	2170.36498	2171.566961	2174.061263	2174.732078	2169.668524	2173.11934	2174.879	2176.309	1.0	2.0	1.0	1.0					
2178.335	14.253999999999905	trials	2.0	2189.2662530000002	2190.3082090000003	2191.861997	2192.602438	2188.36397	2191.031666			1.0	2.0	0.0	3.0					
2195.214	17.451000000000022	trials	2.0	2208.915079	2210.161741			2208.020497	2210.506334			2.0		1.0	1.0					
2216.189	6.710000000000036	trials	2.0	2219.17598	2220.836998	2222.246504	2222.909965	2218.431476	2221.49212			1.0	2.0	0.0	3.0					
2225.549	23.27500000000009	trials	2.0	2241.74995	2243.122249	2248.071291	2248.835249	2241.190171	2243.775317			1.0	1.0	0.0	3.0					
2251.409	18.7199999999998	trials	2.0	2264.735528	2265.850156	2267.398828	2268.46373	2264.004653	2266.5615900000003	2267.974	2270.129	1.0	2.0	1.0	1.0					
2272.149	8.24499999999989	trials	2.0	2275.4768910000003	2276.822206	2277.955946	2278.606349	2274.617444	2277.143876	2278.639	2280.394	1.0	2.0	1.0	1.0					
2282.439	7.785000000000309	trials	2.0	2286.219881	2287.803038	2289.177641	2289.985892	2285.560904	2288.3931390000002			1.0	2.0	1.0	1.0					
2294.767	7.437000000000353	trials	2.0	2298.977447	2300.382032	2301.682643	2302.216669	2298.390869	2300.867133			1.0	2.0	0.0	3.0					
2306.0	19.039999999999964	trials	2.0	2321.4460440000003	2322.9124	2324.541122	2325.055679	2320.608755	2323.631964			1.0	2.0	0.0	3.0					
2328.9	14.974999999999909	trials	2.0	2340.415861	2341.877581			2339.630381	2341.8710690000003			2.0		0.0	2.0					
2347.884	21.47499999999991	trials	2.0	2366.135492	2367.3130850000002			2365.3062370000002	2367.310033			1.0		0.0	2.0					
2372.368	11.766000000000076	trials	2.0	2381.3814310000002	2382.087776			2380.628093	2382.080831			1.0		0.0	2.0					
2386.184	19.56999999999971	trials	2.0	2401.496068	2403.167477			2400.743942	2403.613404			2.0		1.0	1.0					
2409.231	8.667999999999665	trials	2.0	2413.5459610000003	2415.346256			2412.946745	2415.686386			2.0		1.0	1.0					
2421.375	8.653999999999996	trials	2.0	2426.821511	2428.0384910000002			2425.976249	2428.027513			1.0		0.0	2.0					
2432.076	22.41300000000001	trials	2.0	2449.247687	2450.62294	2452.099387	2452.8549510000003	2448.3229340000003	2451.08903	2452.869	2454.489	1.0	2.0	1.0	1.0					
2456.54	24.679000000000087	trials	2.0	2478.216086	2479.604351	2481.148267	2481.89893	2477.535846	2480.415368			1.0	2.0	0.0	3.0					
2485.494	989.2959999999998	BlockDesign														1.0	156.0	204.0	50.0	10.0
2485.494	17.514999999999873	trials	3.0	2499.466319	2500.627866	2502.438725	2503.021711	2498.57662	2501.7711170000002			1.0	2.0	0.0	3.0					
2504.804	27.547000000000025	trials	3.0	2528.612255	2529.810101	2531.729468	2532.364289	2527.970122	2530.938112			1.0	2.0	0.0	3.0					
2535.041	24.73799999999983	trials	3.0	2557.018076	2557.789195			2556.130526	2557.779644			1.0		0.0	2.0					
2561.79	36.335000000000036	trials	3.0	2591.7776870000002	2593.284037	2597.569703	2598.137683	2591.101567	2593.752901			1.0	1.0	0.0	3.0					
2599.939	17.335000000000036	trials	3.0	2613.527606	2615.526368	2616.746071	2617.290016	2612.597048	2615.9293000000002			1.0	2.0	0.0	3.0					
2621.042	43.146999999999935	trials	3.0	2655.032389	2657.082458	2663.652883	2664.20558	2654.108659	2657.531399			1.0	1.0	0.0	3.0					
2667.96	13.32400000000007	trials	3.0	2677.437831	2679.338852	2680.790932	2681.2977260000002	2676.76877	2680.012597			1.0	2.0	0.0	3.0					
2684.137	22.746999999999844	trials	3.0	2701.837424	2703.263945	2704.584692	2705.079713	2701.252439	2703.831793			1.0	2.0	0.0	3.0					
2707.886	19.278999999999996	trials	3.0	2722.684271	2723.94469	2726.540773	2727.180467	2721.794591	2725.456774			1.0	2.0	0.0	3.0					
2730.874	33.04500000000007	trials	3.0	2759.9674	2761.615016	2763.329158	2763.934853	2759.457286	2762.536042			1.0	2.0	0.0	3.0					
2765.677	31.797000000000025	trials	3.0	2793.2697120000003	2795.186315			2792.670307	2795.237059			2.0		1.0	1.0					
2801.95	9.34900000000016	trials	3.0	2805.229481	2806.659799	2808.982462	2809.591877	2804.6200360000003	2808.067502			1.0	2.0	0.0	3.0					
2812.294	23.16000000000031	trials	3.0	2830.9679770000002	2832.179251	2834.867879	2835.470675	2830.016408	2834.051516			1.0	2.0	0.0	3.0					
2838.169	27.75500000000011	trials	3.0	2858.163879	2859.5136	2865.546614	2865.942032	2857.583005	2860.878076			1.0	1.0	0.0	3.0					
2867.862	24.001999999999953	trials	3.0	2881.158741	2882.798731	2891.261525	2891.880721	2880.6331410000003	2883.63545			1.0	1.0	0.0	3.0					
2895.609	12.039999999999964	trials	3.0	2903.443651	2905.061747	2907.246371	2907.664677	2902.489799	2905.957886			1.0	2.0	0.0	3.0					
2910.597	28.766999999999825	trials	3.0	2930.399001	2931.545153	2937.268558	2937.53905	2929.805516	2932.067009	2937.929	2939.364	1.0	1.0	1.0	1.0					
2941.429	9.269999999999982	trials	3.0	2946.668995	2948.200675			2945.959073	2948.618249			2.0		1.0	1.0					
2953.234	9.465000000000146	trials	3.0	2958.348679	2960.150804			2957.417716	2960.536208			2.0		1.0	1.0					
2966.175	9.91399999999976	trials	3.0	2971.450088	2972.625608	2975.421146	2976.10738	2970.506059	2974.602406			1.0	2.0	0.0	3.0					
2978.719	14.590000000000146	trials	3.0	2988.694774	2990.026187	2991.118175	2991.807107	2988.12214	2990.3459470000003	2991.809	2993.309	1.0	1.0	1.0	1.0					
2997.329	8.349999999999909	trials	3.0	3001.463812	3003.350461			3000.738098	3003.621203			2.0		1.0	1.0					
3009.225	8.190000000000055	trials	3.0	3013.548719	3014.616428			3012.748442	3015.116806			2.0		1.0	1.0					
3019.934	7.864999999999782	trials	3.0	3023.589072	3025.295087			3022.953874	3025.705017			2.0		1.0	1.0					
3030.314	6.811000000000149	trials	3.0	3033.763997	3035.254399	3036.402441	3037.139987	3033.089203	3035.734172			1.0	1.0	0.0	3.0					
3040.76	11.983999999999924	trials	3.0	3049.053784	3050.259365	3051.914503	3052.7627350000002	3048.338075	3051.175933			1.0	1.0	0.0	3.0					
3055.266	12.047999999999774	trials	3.0	3063.254747	3064.551771			3062.602411	3065.106847			2.0		1.0	1.0					
3070.835	6.579999999999927	trials	3.0	3073.439303	3074.887921	3076.618593	3077.413426	3072.751654	3075.899158			1.0	1.0	0.0	3.0					
3079.99	43.38500000000022	trials	3.0	3112.4749150000002	3114.226099	3121.22095	3121.935266	3111.96	3114.733129	3121.864	3123.375	1.0	1.0	1.0	1.0					
3125.4	8.889999999999873	trials	3.0	3130.519683	3132.356668	3133.570466	3134.290002	3129.729753	3132.856378			1.0	1.0	0.0	3.0					
3135.945	20.333999999999833	trials	3.0	3150.654903	3152.6281050000002	3153.89727	3154.72032	3149.669892	3153.102802	3154.654	3156.279	1.0	1.0	1.0	1.0					
3158.3	14.678999999999633	trials	3.0	3164.020981	3165.964972	3170.4217	3171.369952	3163.165974	3166.268391	3171.319	3172.979	1.0	1.0	1.0	1.0					
3177.039	8.009999999999764	trials	3.0	3180.948571	3182.494998			3180.404335	3182.801311			2.0		1.0	1.0					
3187.569	9.766000000000076	trials	3.0	3193.574769	3195.3265030000002	3196.229715	3196.448378	3192.698146	3195.3155500000003			1.0		0.0	2.0					
3200.385	15.668999999999869	trials	3.0	3212.525575	3213.739077	3215.612628	3216.053511	3211.69243	3214.882638			1.0	2.0	0.0	3.0					
3219.921	23.57300000000032	trials	3.0	3237.8454460000003	3238.9758150000002	3241.538682	3242.059051	3237.0283600000002	3240.546468	3242.234	3243.494	1.0	1.0	1.0	1.0					
3245.557	10.502000000000407	trials	3.0	3249.712108	3250.992369	3253.54422	3254.249926	3249.110298	3252.711691	3254.224	3256.059	1.0	2.0	1.0	1.0					
3260.109	6.3650000000002365	trials	3.0	3262.815301	3264.457479			3261.935077	3264.4474960000002			2.0		0.0	2.0					
3270.5	11.625	trials	3.0	3276.065674	3277.232206	3281.522731	3282.12406	3275.2605280000002	3278.790363			1.0	2.0	0.0	3.0					
3285.87	11.75500000000011	trials	3.0	3294.63604	3295.749826	3296.780146	3297.621003	3293.899785	3296.066986			1.0	1.0	0.0	3.0					
3300.114	46.88999999999987	trials	3.0	3343.436241	3345.137704	3346.411317	3347.005821	3342.6193240000002	3345.62446			1.0	1.0	0.0	3.0					
3349.784	21.130999999999858	trials	3.0	3367.831221	3368.903359			3367.259371	3368.8993840000003			1.0		0.0	2.0					
3372.969	10.045000000000073	trials	3.0	3380.377481	3381.0102			3379.4544	3380.997972			1.0		0.0	2.0					
3385.031	31.36299999999983	trials	3.0	3413.167839	3414.612827	3415.68142	3416.391457	3412.208605	3415.0816990000003			1.0	1.0	0.0	3.0					
3420.004	8.536000000000058	trials	3.0	3424.506808	3426.03033			3423.6836200000002	3426.452533			2.0		1.0	1.0					
3432.094	8.085000000000036	trials	3.0	3435.821136	3437.235143	3438.22491	3438.765394	3434.861315	3437.5413040000003	3439.019	3440.179	1.0	1.0	1.0	1.0					
3444.199	7.244999999999891	trials	3.0	3447.976495	3449.333011	3450.865505	3451.441379	3447.43711	3450.191491			1.0	1.0	0.0	3.0					
3454.174	7.844000000000051	trials	3.0	3457.941478	3459.252731			3457.198651	3459.841669			2.0		1.0	1.0					
3465.585	9.204999999999927	trials	3.0	3469.840663	3471.226387	3472.635997	3473.325424	3469.15401	3471.907497	3473.279	3474.79	1.0	1.0	1.0	1.0					
3476.84	1272.6890000000003	BlockDesign														1.0	205.0	290.0	90.0	50.0
3476.84	9.348999999999705	trials	4.0	3480.887061	3482.6421100000002	3483.932296	3484.643928	3480.309921	3483.228177	3484.604	3486.189	1.0	1.0	1.0	1.0					
3489.214	6.710000000000036	trials	4.0	3492.361483	3493.888882	3494.690993	3495.133479	3491.404623	3493.876273			1.0		0.0	2.0					
3498.987	14.226999999999862	trials	4.0	3507.918275	3509.069914	3510.950895	3511.596031	3507.159319	3510.264894	3511.654	3513.214	1.0	2.0	1.0	1.0					
3517.234	6.894999999999982	trials	4.0	3519.871837	3521.795419	3523.420737	3524.131432	3519.1741970000003	3522.650931			1.0	1.0	0.0	3.0					
3526.739	14.00500000000011	trials	4.0	3537.2104090000003	3538.343362	3540.134377	3540.743938	3536.455742	3539.390695			1.0	2.0	0.0	3.0					
3542.509	14.5	trials	4.0	3552.628879	3554.0989720000002	3555.077307	3555.64449	3552.011101	3554.383914	3555.755	3557.009	1.0	1.0	1.0	1.0					
3559.034	9.215999999999894	trials	4.0	3563.842362	3565.4935020000003			3563.05221	3565.72597	3567.394	3568.25	2.0		1.0	1.0					
3570.314	27.445000000000164	trials	4.0	3594.357493	3595.684572			3593.408166	3595.678148			1.0		0.0	2.0					
3600.769	38.58000000000038	trials	4.0	3634.492496	3635.674735	3637.303854	3637.8952	3633.825715	3636.607892	3637.994	3639.349	1.0	1.0	1.0	1.0					
3642.389	8.129999999999654	trials	4.0	3645.359485	3646.429938	3648.43166	3649.013956	3644.544652	3647.721008	3649.364	3650.519	1.0	1.0	1.0	1.0					
3652.534	7.989999999999782	trials	4.0	3658.218346	3658.46599	3660.3119690000003	3660.441621	3657.403417	3658.458051			1.0		0.0	2.0					
3663.534	17.029999999999745	trials	4.0	3677.004338	3678.55006	3679.389223	3679.601857	3676.010844	3678.545658			1.0		0.0	2.0					
3684.594	9.795000000000073	trials	4.0	3688.702492	3689.8099270000002	3692.012708	3692.7493050000003	3688.180852	3691.39478	3692.924	3694.389	1.0	2.0	1.0	1.0					
3697.46	10.054000000000087	trials	4.0	3702.452527	3703.63515	3705.18251	3705.91634	3701.816791	3704.422012	3705.924	3707.514	1.0	2.0	1.0	1.0					
3710.534	7.730000000000018	trials	4.0	3714.578501	3715.704769			3713.652434	3716.042362			2.0		1.0	1.0					
3722.784	6.710000000000036	trials	4.0	3725.603467	3726.738378			3724.672255	3727.2620260000003			2.0		1.0	1.0					
3734.045	7.378999999999905	trials	4.0	3737.46465	3739.10379			3736.8550290000003	3739.180654			2.0		1.0	1.0					
3743.928	12.782000000000153	trials	4.0	3751.1301670000003	3752.975425	3754.558707	3755.171409	3750.186373	3753.401032	3755.279	3756.71	1.0	1.0	1.0	1.0					
3758.729	11.789999999999964	trials	4.0	3766.618239	3767.9658090000003			3765.688814	3768.344159			2.0		1.0	1.0					
3775.049	10.554999999999836	trials	4.0	3777.589672	3779.37016	3783.47473	3784.247235	3776.864923	3779.6612020000002	3784.279	3785.604	1.0	1.0	1.0	1.0					
3789.639	7.809999999999945	trials	4.0	3791.808973	3793.209832	3795.045367	3795.827119	3790.9679	3794.1976400000003	3795.704	3797.449	1.0	1.0	1.0	1.0					
3800.521	5.927999999999884	trials	4.0	3803.068801	3804.20971	3805.589943	3806.449756	3802.073155	3804.8668150000003			1.0	2.0	0.0	3.0					
3807.915	12.644999999999982	trials	4.0	3816.953863	3818.020615			3816.271932	3818.396991			2.0		1.0	1.0					
3825.139	9.924999999999727	trials	4.0	3830.638793	3831.868714	3832.801308	3833.4082	3829.954708	3832.182951	3833.489	3835.064	1.0	1.0	1.0	1.0					
3839.11	8.793999999999869	trials	4.0	3842.488554	3844.462361	3845.42829	3846.189577	3841.6096580000003	3844.8483850000002	3846.099	3847.904	1.0	1.0	1.0	1.0					
3849.954	11.58999999999969	trials	4.0	3856.553968	3857.990304	3859.087366	3859.803754	3855.585886	3858.440598	3859.79	3861.544	1.0	1.0	1.0	1.0					
3863.59	11.003999999999905	trials	4.0	3869.380747	3871.000508	3872.077251	3872.767578	3868.482157	3871.360881	3872.75	3874.594	1.0	1.0	1.0	1.0					
3877.704	9.0949999999998	trials	4.0	3881.4339520000003	3883.355476	3884.5415590000002	3885.200734	3880.577032	3883.875252	3885.394	3886.799	1.0	1.0	1.0	1.0					
3889.889	9.445999999999913	trials	4.0	3894.154222	3895.977639	3897.087818	3897.698545	3893.281093	3896.4269910000003	3897.777	3899.335	1.0	1.0	1.0	1.0					
3902.349	8.284999999999854	trials	4.0	3906.689751	3907.820845			3905.78014	3908.396073			2.0		1.0	1.0					
3913.247	10.872000000000298	trials	4.0	3920.249182	3921.842353	3923.3100990000003	3924.119955	3919.349178	3922.496913			1.0	1.0	0.0	3.0					
3925.7	14.175000000000182	trials	4.0	3934.7893670000003	3935.877706	3937.196505	3938.0353130000003	3934.126942	3936.469654	3937.879	3939.875	1.0	2.0	1.0	1.0					
3943.941	5.803000000000338	trials	4.0	3946.562209	3947.7717000000002	3948.976806	3949.7470000000003	3946.011313	3948.197521			1.0	2.0	0.0	3.0					
3952.294	15.38000000000011	trials	4.0	3961.934846	3963.371266	3965.0404980000003	3965.977999	3961.217317	3964.14131	3965.729	3967.674	1.0	2.0	1.0	1.0					
3970.729	7.535000000000309	trials	4.0	3974.305062	3975.7531120000003			3973.540233	3976.128158			2.0		1.0	1.0					
3980.876	11.462999999999738	trials	4.0	3986.999515	3988.803092	3990.1019610000003	3990.760299	3986.38053	3989.394313	3990.869	3992.339	1.0	1.0	1.0	1.0					
3995.449	8.340999999999894	trials	4.0	3998.409556	3999.931675	4001.367792	4002.1369720000002	3997.889478	4000.685605	4002.04	4003.79	1.0	1.0	1.0	1.0					
4005.844	21.8449999999998	trials	4.0	4022.739903	4024.301972	4025.512651	4026.069466	4022.060449	4024.809856	4026.204	4027.689	1.0	1.0	1.0	1.0					
4029.735	12.853999999999814	trials	4.0	4036.489993	4037.408265	4042.115293	4042.593285	4035.530613	4037.401435			2.0		0.0	2.0					
4043.454	23.74499999999989	trials	4.0	4061.702659	4063.278358	4064.831428	4065.579513	4060.846083	4064.060971	4065.704	4067.199	1.0	2.0	1.0	1.0					
4071.219	5.954999999999927	trials	4.0	4073.320035	4074.87475			4072.7108470000003	4075.040748			2.0		1.0	1.0					
4080.744	8.409999999999854	trials	4.0	4083.860479	4085.770491	4086.9040830000004	4087.527234	4082.8613130000003	4086.197302	4087.639	4089.154	1.0	1.0	1.0	1.0					
4092.22	13.079000000000178	trials	4.0	4098.756511	4100.168233	4102.270542	4103.073289	4098.241024	4101.600709	4102.929	4105.299	1.0	2.0	1.0	1.0					
4109.32	6.744000000000597	trials	4.0	4113.0002349999995	4114.4119439999995	4115.492526	4116.065578	4112.096842	4114.8362369999995			1.0	1.0	0.0	3.0					
4118.844	12.445999999999913	trials	4.0	4125.845703	4127.775391	4128.912549000001	4129.645482	4125.053088000001	4128.230631	4129.779	4131.29	1.0	1.0	1.0	1.0					
4133.356	10.19800000000032	trials	4.0	4138.342195	4140.069185	4141.211322	4141.905061	4137.664411	4140.4898570000005	4141.939	4143.554	1.0	1.0	1.0	1.0					
4145.594	11.3149999999996	trials	4.0	4150.772266	4152.59257	4154.119794	4155.062626	4150.138188	4153.455753	4154.854	4156.909	1.0	1.0	1.0	1.0					
4160.925	7.1840000000001965	trials	4.0	4164.013384	4165.0938129999995			4163.362966000001	4165.923966			2.0		1.0	1.0					
4172.679	6.354999999999563	trials	4.0	4174.995730000001	4176.2356660000005			4174.33477	4176.829614			2.0		1.0	1.0					
4183.551	6.652999999999338	trials	4.0	4186.8351330000005	4188.033498	4189.755738	4190.206776	4185.902304	4188.938539			1.0	2.0	0.0	3.0					
4194.054	12.24499999999989	trials	4.0	4200.41526	4202.3599269999995	4203.989487	4204.718785	4199.73648	4203.164109	4204.619	4206.299	1.0	1.0	1.0	1.0					
4208.319	9.390999999999622	trials	4.0	4212.891231	4214.387896	4215.538905	4216.164717	4212.043626000001	4214.888269	4216.399	4217.71	1.0	1.0	1.0	1.0					
4219.779	9.239999999999782	trials	4.0	4223.781056	4225.658725	4226.808721	4227.477276	4222.909219	4226.117985	4227.679	4229.019	1.0	1.0	1.0	1.0					
4233.04	6.875	trials	4.0	4235.236269	4236.76241	4237.816087	4238.412462	4234.545214	4237.173651	4238.564	4239.915	1.0	1.0	1.0	1.0					
4241.939	9.039999999999964	trials	4.0	4247.04759	4248.973480000001	4249.7634880000005	4250.151906	4246.349212	4248.969863			1.0		0.0	2.0					
4253.989	18.316000000000713	trials	4.0	4268.271106	4269.792498			4267.577566	4270.1015640000005			2.0		1.0	1.0					
4274.849	9.065999999999804	trials	4.0	4279.90165	4281.908287			4279.062189	4281.902139			1.0		0.0	2.0					
4287.967	17.032000000000153	trials	4.0	4300.871274	4302.4479630000005			4300.2076720000005	4302.7135450000005			2.0		1.0	1.0					
4309.524	11.015999999999622	trials	4.0	4315.132714	4316.22847	4317.85114	4318.894749	4314.417241	4317.106239	4318.519	4320.54	1.0	2.0	1.0	1.0					
4323.589	8.50500000000011	trials	4.0	4326.816496	4328.280579	4329.531705	4330.296082	4326.129459	4328.701177	4330.299	4332.094	1.0	2.0	1.0	1.0					
4336.152	10.542000000000371	trials	4.0	4343.048377	4344.143643			4342.294333	4344.614998			2.0		1.0	1.0					
4351.299	7.230000000000473	trials	4.0	4354.802197	4355.963038			4354.206999	4356.42625			2.0		1.0	1.0					
4361.012	9.613000000000284	trials	4.0	4365.501769	4366.642294	4368.410905	4369.076238	4364.846263	4367.752443	4369.174	4370.625	1.0	1.0	1.0	1.0					
4374.644	8.045000000000073	trials	4.0	4377.582216	4378.655406	4380.272035	4381.038299	4376.8855810000005	4379.513079	4380.879	4382.689	1.0	1.0	1.0	1.0					
4386.71	6.905999999999949	trials	4.0	4390.008522	4391.566081	4392.308484	4392.5766810000005	4389.3512439999995	4391.556919000001			1.0		0.0	2.0					
4395.629	17.45600000000013	trials	4.0	4404.286972	4406.288299	4410.76434	4411.48864	4403.710230000001	4406.36797	4411.479	4413.085	1.0	1.0	1.0	1.0					
4416.104	5.916000000000167	trials	4.0	4418.241987	4419.878242	4420.968291	4421.6587660000005	4417.627462	4420.312439			1.0	1.0	1.0	1.0					
4425.594	10.320999999999913	trials	4.0	4432.407538	4433.91424	4434.6595529999995	4434.900379000001	4431.689499	4433.904168			1.0		0.0	2.0					
4437.925	18.809000000000196	trials	4.0	4453.423501	4454.694165	4455.955315	4456.741216	4452.690715	4455.286444			1.0	2.0	0.0	3.0					
4459.314	66.1859999999997	trials	4.0	4522.528504	4523.49413	4524.226044	4524.380901	4521.680321	4523.484719			1.0		0.0	2.0					
4529.51	11.699999999999818	trials	4.0	4538.327688	4539.2133539999995			4537.572913	4539.206182			1.0		0.0	2.0					
4544.264	11.305000000000291	trials	4.0	4552.049007	4553.554902	4554.379754	4554.530025	4551.13809	4553.548941			1.0		0.0	2.0					
4557.594	17.335000000000036	trials	4.0	4571.143104	4572.379222			4570.292958	4572.764577			2.0		1.0	1.0					
4578.415	9.670000000000073	trials	4.0	4582.969672	4584.305145	4585.69848	4586.417613	4582.034004	4584.890998	4586.489	4588.085	1.0	2.0	1.0	1.0					
4590.104	11.974999999999454	trials	4.0	4598.068165000001	4599.820689			4597.312998	4599.924969			2.0		1.0	1.0					
4604.65	9.029000000000451	trials	4.0	4608.134728	4610.173936	4611.161344	4611.99279	4607.510301	4610.47123	4612.0	4613.679	1.0	1.0	1.0	1.0					
4616.744	10.225000000000364	trials	4.0	4621.948119000001	4623.509078	4624.919505	4625.40255	4621.314882000001	4624.196197	4625.559	4626.969	1.0	1.0	1.0	1.0					
4629.984	6.369999999999891	trials	4.0	4634.318541000001	4634.350717			4633.356862000001	4634.33751			1.0		0.0	2.0					
4640.369	17.355000000000473	trials	4.0	4653.0234789999995	4654.317921	4655.3238519999995	4656.086123	4652.1350999999995	4654.6652460000005	4656.034	4657.724	1.0	1.0	1.0	1.0					
4659.784	7.641000000000531	trials	4.0	4663.707838	4664.915142			4662.700728	4665.22566			2.0		1.0	1.0					
4670.973	5.86200000000008	trials	4.0	4673.413377	4674.831627	4675.607212	4675.905709000001	4672.628919	4674.820704			1.0		0.0	2.0					
4679.844	18.074999999999818	trials	4.0	4692.550477	4693.700286	4695.466146	4696.289818	4691.714397	4694.797886	4696.254	4697.919	1.0	1.0	1.0	1.0					
4699.954	9.740000000000691	trials	4.0	4704.40822	4706.265343	4707.529036	4708.126432	4703.877999	4706.741664	4708.234	4709.694	1.0	1.0	1.0	1.0					
4712.714	11.795000000000073	trials	4.0	4716.1752209999995	4717.930651000001	4721.964223	4722.980278	4715.394631	4718.3080740000005	4722.619	4724.509	1.0	1.0	1.0	1.0					
4727.579	9.950000000000728	trials	4.0	4731.760597	4733.570656	4734.666556	4735.31871	4730.786182	4733.9980780000005	4735.384	4737.529	1.0	1.0	1.0	1.0					
4741.114	8.415000000000873	trials	4.0	4747.050534	4748.265294	4749.450555	4750.349026	4746.156567	4748.7239580000005			1.0	1.0	0.0	3.0					
4752.83	6407.844000000001	BlockDesign														1.0	291.0	573.0	10.0	50.0
4752.83	9.639000000000124	trials	5.0	4758.623344	4760.575435	4761.781816000001	4762.476889	4757.86803	4761.0681779999995			1.0	1.0	0.0	3.0					
4766.119	20.660000000000764	trials	5.0	4783.583451	4784.7768909999995			4782.689008	4784.770283			1.0		0.0	2.0					
4789.79	16.644000000000233	trials	5.0	4803.5509	4804.432857			4802.650429	4804.4278			1.0		0.0	2.0					
4809.444	19.97099999999955	trials	5.0	4826.189462	4827.352029	4828.241386	4828.376727	4825.340126	4827.343329			1.0		0.0	2.0					
4831.421	25.32299999999941	trials	5.0	4853.155119	4855.086687	4856.147725	4856.752291	4852.364623	4855.468981			1.0	1.0	0.0	3.0					
4858.464	24.576000000000022	trials	5.0	4879.869526	4881.035967	4881.902605	4882.200321	4879.0172999999995	4881.025511			1.0		0.0	2.0					
4886.094	66.36599999999999	trials	5.0	4948.171447	4949.95705			4947.388606	4950.302032			2.0		1.0	1.0					
4955.984	5.654999999999745	trials	5.0	4957.93504	4959.726898	4960.6212510000005	4961.6477429999995	4956.99172	4959.892776000001			1.0	1.0	0.0	3.0					
4964.954	19.46100000000024	trials	5.0	4980.87991	4981.911462			4979.9903620000005	4982.224263			2.0		1.0	1.0					
4986.96	7.98700000000008	trials	5.0	4991.779854	4992.880684	4994.154255	4994.955933	4990.9136849999995	4993.351107			1.0	1.0	0.0	3.0					
4996.516	29.79400000000078	trials	5.0	5018.075641	5019.344520000001	5024.085232	5024.802556000001	5017.544992	5020.059723	5024.779	5026.31	1.0	1.0	1.0	1.0					
5029.349	10.694999999999709	trials	5.0	5031.735595	5033.132320000001	5039.269243	5040.052504	5031.18336	5033.764168			1.0	1.0	0.0	3.0					
5041.585	18.689000000000306	trials	5.0	5055.887044	5057.282157	5059.167238	5060.225334	5055.193635	5058.395866			1.0	2.0	1.0	1.0					
5064.744	17.155000000000655	trials	5.0	5078.735611	5079.896986			5077.996816	5079.881481			1.0		0.0	2.0					
5085.909	18.035000000000764	trials	5.0	5100.067	5101.892986			5099.360206	5101.887132			1.0		0.0	2.0					
5107.954	16.05500000000029	trials	5.0	5120.950896	5121.952787	5122.849954	5123.229658	5119.981153000001	5121.945478			1.0		0.0	2.0					
5127.064	45.69499999999971	trials	5.0	5165.942236	5167.51425	5172.077749	5172.7661800000005	5164.986167999999	5167.677648			1.0	1.0	0.0	3.0					
5176.385	67.39999999999964	trials	5.0	5240.781516999999	5241.783979			5239.85211	5241.773972999999			1.0		0.0	2.0					
5245.844	14.795000000000073	trials	5.0	5257.638363	5258.5784889999995			5257.00981	5258.575081			1.0		0.0	2.0					
5263.677	8.042000000000371	trials	5.0	5267.407375000001	5268.713681	5269.8183850000005	5270.278736	5266.869052	5269.044343	5270.519	5271.719	1.0	1.0	1.0	1.0					
5273.785	7.380000000000109	trials	5.0	5278.01275	5279.103975			5277.027785	5279.096170000001			2.0		0.0	2.0					
5283.214	19.48999999999978	trials	5.0	5298.891822	5300.353464			5298.229008	5300.462530000001			2.0		1.0	1.0					
5305.165	8.694000000000415	trials	5.0	5309.716633	5311.308951999999			5308.910992	5311.6445189999995			2.0		1.0	1.0					
5317.379	8.765000000000327	trials	5.0	5320.612005	5322.585733	5323.673242	5324.464873	5319.669713	5322.855523	5324.434	5326.144	1.0	2.0	1.0	1.0					
5330.174	6.4350000000004	trials	5.0	5333.242038	5334.886651000001	5335.8890200000005	5336.617279	5332.535341000001	5335.213812			1.0	1.0	0.0	3.0					
5340.219	10.725000000000364	trials	5.0	5347.131300999999	5348.6534759999995			5346.310012	5348.700621			2.0		1.0	1.0					
5353.477	9.632000000000517	trials	5.0	5359.647181	5361.188918	5362.438674999999	5363.1203399999995	5358.729161	5361.727924000001			1.0	1.0	0.0	3.0					
5364.799	32.99499999999989	trials	5.0	5388.537075	5390.526435	5395.257012	5396.170956	5387.539771	5390.808742	5396.0	5397.794	1.0	1.0	1.0	1.0					
5400.854	6.509999999999309	trials	5.0	5403.3673	5405.14663	5406.792139	5407.373608	5402.785269	5406.049429000001			1.0	1.0	0.0	3.0					
5411.155	14.333999999999833	trials	5.0	5419.982634	5421.1138	5422.825876	5423.4264490000005	5419.386016	5421.977046			1.0	1.0	0.0	3.0					
5426.174	47.0	trials	5.0	5469.3180250000005	5471.0390879999995	5472.123079	5472.757978	5468.322136000001	5471.374485			1.0	1.0	1.0	1.0					
5476.689	10.0	trials	5.0	5483.537472	5484.6942899999995			5482.611516	5484.684641			1.0		0.0	2.0					
5489.704	14.430000000000291	trials	5.0	5500.783783	5502.127396	5503.5160080000005	5504.147099	5499.809805	5502.751105			1.0	2.0	0.0	3.0					
5507.824	17.605000000000473	trials	5.0	5521.2230500000005	5523.131443			5520.327434000001	5523.248398			2.0		1.0	1.0					
5527.937	10.938000000000102	trials	5.0	5535.432991	5537.056017	5538.2939559999995	5538.881916	5534.470814	5537.607529			1.0	1.0	0.0	3.0					
5540.594	34.29500000000007	trials	5.0	5568.747636	5570.694976000001	5571.948736	5572.7322939999995	5568.121895	5571.179046	5572.71	5574.889	1.0	2.0	1.0	1.0					
5577.735	10.100000000000364	trials	5.0	5582.591145	5584.296672	5585.184225999999	5585.9461630000005	5581.699096	5584.397046	5585.969	5587.835	1.0	2.0	1.0	1.0					
5591.854	8.349999999999454	trials	5.0	5596.273676000001	5597.896981			5595.31581	5598.109557			2.0		1.0	1.0					
5602.704	9.265000000000327	trials	5.0	5608.26862	5609.9600740000005			5607.697545	5609.953855			2.0		0.0	2.0					
5615.984	7.154999999999745	trials	5.0	5620.143381	5621.182189	5622.545196	5623.149568000001	5619.395593	5621.818532			1.0	1.0	0.0	3.0					
5624.899	30.128999999999905	trials	5.0	5650.948945	5652.773361			5650.350234	5652.991344			2.0		1.0	1.0					
5659.581	9.117999999999483	trials	5.0	5662.908256000001	5664.198658	5666.013344999999	5666.995708	5662.054696	5665.2425650000005	5666.634	5668.699	1.0	2.0	1.0	1.0					
5671.719	8.640000000000327	trials	5.0	5676.448539999999	5677.75253	5679.323713	5680.368958	5675.622803	5678.560702000001			1.0	2.0	0.0	3.0					
5682.639	33.375	trials	5.0	5703.964283	5705.758822	5715.257826999999	5716.027051	5703.309127	5706.08551			1.0	1.0	0.0	3.0					
5719.609	18.88499999999931	trials	5.0	5734.3291	5735.451781			5733.753505000001	5736.397166000001			2.0		1.0	1.0					
5742.988	6.335999999999331	trials	5.0	5745.530416	5746.903376	5748.5056110000005	5749.334986	5744.937250999999	5747.732932			1.0	1.0	0.0	3.0					
5750.831	29.753999999999905	trials	5.0	5777.033788000001	5779.065049000001	5780.111913000001	5780.596557	5776.5250510000005	5779.36582			1.0	2.0	0.0	3.0					
5783.454	17.71100000000024	trials	5.0	5798.100737000001	5799.771962000001	5800.687086	5801.176738	5797.1908619999995	5799.918651			1.0	2.0	0.0	3.0					
5805.036	32.32300000000032	trials	5.0	5833.644675	5835.650188	5836.799278	5837.369076	5832.943948	5835.792847000001			1.0	1.0	0.0	3.0					
5839.109	24.549999999999272	trials	5.0	5860.449828000001	5861.785165	5863.208731000001	5863.669215	5859.754102	5862.352946999999			1.0	2.0	0.0	3.0					
5866.519	16.440999999999804	trials	5.0	5878.978263	5880.661534			5878.338602	5880.734485999999			2.0		1.0	1.0					
5885.52	21.368999999999687	trials	5.0	5897.909808	5899.550982000001	5906.263929000001	5906.904759	5897.021557	5899.845446			1.0	1.0	0.0	3.0					
5908.634	14.055000000000291	trials	5.0	5918.7315149999995	5920.140511			5917.866593000001	5920.404388			2.0		1.0	1.0					
5926.154	10.519999999999527	trials	5.0	5931.065292	5932.686684	5934.145395	5934.914473000001	5930.3321049999995	5933.269249	5934.929	5936.674	1.0	2.0	1.0	1.0					
5940.736	5.967999999999847	trials	5.0	5943.198958999999	5944.706829000001			5942.393873999999	5944.70167			2.0		0.0	2.0					
5949.76	14.66399999999976	trials	5.0	5958.879365000001	5960.163229	5961.987625	5962.821698	5958.322726	5961.2417669999995	5962.665	5964.424	1.0	2.0	1.0	1.0					
5966.469	9.670000000000073	trials	5.0	5972.495104	5973.993028	5975.47563	5976.154509	5971.559465	5974.643523000001			1.0	2.0	0.0	3.0					
5979.8	23.574999999999818	trials	5.0	5999.965085	6001.241771999999	6002.73199	6003.386039999999	5999.071738000001	6001.911781000001			1.0	1.0	0.0	3.0					
6006.059	66.75500000000011	trials	5.0	6069.370878	6070.817674			6068.435606999999	6070.814541			2.0		0.0	2.0					
6076.821	5.033999999999651	trials	5.0	6078.86084	6079.808779	6080.7719290000005	6080.908708	6078.067855	6079.805332			1.0		0.0	2.0					
6085.864	24.636000000000422	trials	5.0	6106.940947	6108.844414	6109.97124	6110.512114	6106.039945	6109.07127			1.0	2.0	0.0	3.0					
6112.289	65.76500000000033	trials	5.0	6174.940366000001	6176.436534	6177.384937000001	6178.051772000001	6174.154	6176.5349080000005			1.0	1.0	0.0	3.0					
6179.734	23.0	trials	5.0	6198.815469000001	6200.217329000001			6197.941077	6200.602468000001			2.0		1.0	1.0					
6207.304	11.070999999999913	trials	5.0	6211.346468000001	6212.518771000001	6214.865912000001	6215.531999000001	6210.65483	6213.728723000001	6215.639	6218.375	1.0	2.0	1.0	1.0					
6220.39	8.493999999999687	trials	5.0	6225.341195000001	6226.453211000001	6228.161435000001	6228.881236000001	6224.7364210000005	6227.335366			1.0	2.0	0.0	3.0					
6232.529	19.625	trials	5.0	6245.900903000001	6247.284827	6249.046066000001	6249.891096	6245.33168	6248.240191000001	6249.699	6252.154	1.0	2.0	1.0	1.0					
6256.179	9.55999999999949	trials	5.0	6262.042708000001	6263.798356	6265.220330000001	6265.7359160000005	6261.511015000001	6264.350603000001			1.0	2.0	0.0	3.0					
6268.554	17.30500000000029	trials	5.0	6282.976072	6284.498791000001	6285.419240000001	6285.857537000001	6282.035671000001	6284.557954000001			1.0	2.0	0.0	3.0					
6287.794	24.95600000000013	trials	5.0	6307.2629990000005	6308.827865000001	6309.642418	6310.388638	6306.3113	6308.8847510000005	6310.199	6312.75	1.0	2.0	1.0	1.0					
6315.809	10.769999999999527	trials	5.0	6321.167851000001	6322.9691	6324.145255	6324.913135000001	6320.514982000001	6323.406541	6324.894	6326.579	1.0	1.0	1.0	1.0					
6329.637	7.497000000000298	trials	5.0	6333.252889	6334.375156000001			6332.458619000001	6334.900780000001			2.0		1.0	1.0					
6340.719	11.324999999999818	trials	5.0	6344.816504	6346.281227	6347.949226000001	6349.251836	6344.153870000001	6347.095108	6348.674	6352.044	1.0	2.0	1.0	1.0					
6354.064	11.174999999999272	trials	5.0	6361.686796000001	6363.5536950000005	6364.692476000001	6365.239832000001	6360.833491	6363.986468000001			1.0	1.0	0.0	3.0					
6368.01	17.503999999999905	trials	5.0	6381.361747000001	6382.9542870000005			6380.709506000001	6383.2302310000005			2.0		1.0	1.0					
6388.994	8.410000000000764	trials	5.0	6393.696371000001	6395.285416000001	6396.7150010000005	6397.404386000001	6392.866736000001	6395.921239			1.0	1.0	0.0	3.0					
6401.079	19.57000000000062	trials	5.0	6414.071477	6416.028560000001	6417.708671	6418.525763000001	6413.172239	6416.814124	6418.564	6420.649	1.0	2.0	1.0	1.0					
6422.71	8.850000000000364	trials	5.0	6427.7622280000005	6429.545644000001	6430.438797000001	6430.876947000001	6427.127495000001	6429.536172000001			1.0		0.0	2.0					
6433.574	16.886000000000422	trials	5.0	6447.067393	6448.470353000001	6449.935477000001	6450.460433	6446.330771000001	6449.154483			1.0	1.0	0.0	3.0					
6454.25	58.75	trials	5.0	6509.747206000001	6511.123932	6512.296795	6512.999740000001	6508.945538000001	6511.598516000001			1.0	1.0	0.0	3.0					
6515.614	17.850000000000364	trials	5.0	6530.332337000001	6531.568867000001	6532.815547000001	6533.4635370000005	6529.651831000001	6532.040963			1.0	2.0	0.0	3.0					
6537.168	26.15599999999995	trials	5.0	6557.397793000001	6558.559366	6560.527793000001	6561.294496	6556.782847	6559.6912600000005	6561.234	6563.324	1.0	2.0	1.0	1.0					
6567.384	7.095000000000255	trials	5.0	6570.432638	6571.884956000001			6569.468195	6572.211558000001			2.0		1.0	1.0					
6578.966	10.24499999999989	trials	5.0	6581.812960000001	6583.019217000001	6588.627733	6589.211372000001	6581.299795000001	6584.679505000001			1.0	1.0	0.0	3.0					
6590.954	17.284999999999854	trials	5.0	6604.702774	6606.259258000001	6607.678151000001	6608.238520000001	6603.927632000001	6606.889175			1.0	2.0	0.0	3.0					
6610.0	17.054000000000087	trials	5.0	6623.648291	6625.290896	6626.403226	6627.05399	6622.9980510000005	6625.6130920000005			1.0	1.0	0.0	3.0					
6628.784	37.88100000000031	trials	5.0	6657.572937000001	6658.924127	6664.504211	6665.221843000001	6656.588607000001	6659.604587000001	6665.239	6666.665	1.0	1.0	1.0	1.0					
6669.734	7.5649999999996	trials	5.0	6672.973505000001	6673.994629000001	6676.634687000001	6677.299636000001	6672.381637	6675.589027000001			1.0	2.0	0.0	3.0					
6679.96	20.0	trials	5.0	6694.0186	6695.83931	6697.558768000001	6698.2204360000005	6693.507782000001	6696.794785000001	6698.304	6699.96	1.0	2.0	1.0	1.0					
6702.018	10.396999999999935	trials	5.0	6708.248300000001	6709.850974000001			6707.457443000001	6710.2893220000005			2.0		1.0	1.0					
6714.894	9.43499999999949	trials	5.0	6720.332906000001	6721.870282000001	6723.574687	6724.328475	6719.429512000001	6722.710804			1.0	2.0	0.0	3.0					
6726.918	20.881000000000313	trials	5.0	6744.1533150000005	6745.872347	6747.1534360000005	6747.798782000001	6743.407274000001	6746.415788			1.0	1.0	0.0	3.0					
6750.514	20.414999999999964	trials	5.0	6764.743804000001	6766.125059000001	6768.549823	6769.2603500000005	6764.215801	6767.778880000001	6769.319	6770.929	1.0	2.0	1.0	1.0					
6773.994	7.798999999999978	trials	5.0	6778.554247000001	6779.763298000001			6777.756514000001	6779.76043			1.0		0.0	2.0					
6783.805	18.923999999999978	trials	5.0	6798.493487000001	6800.515803	6802.283084000001	6802.732029000001	6797.813563000001	6801.491099000001			1.0	2.0	0.0	3.0					
6806.594	16.984999999999673	trials	5.0	6819.404127000001	6821.064418000001			6818.893037000001	6821.464309000001			2.0		1.0	1.0					
6828.139	7.625	trials	5.0	6831.327534000001	6832.495732			6830.608580000001	6833.514739			2.0		1.0	1.0					
6839.319	9.890999999999622	trials	5.0	6843.844515000001	6845.678678	6846.818438	6847.512892000001	6842.994691000001	6845.944529	6847.534	6849.21	1.0	2.0	1.0	1.0					
6853.235	8.899000000000342	trials	5.0	6858.373709	6860.126048000001			6857.477236000001	6860.118884			1.0		0.0	2.0					
6865.144	17.774999999999636	trials	5.0	6878.6397210000005	6880.615947			6878.062640000001	6880.818190000001			2.0		1.0	1.0					
6885.415	8.774000000000342	trials	5.0	6890.509632000001	6892.182188000001			6889.818872000001	6892.178009000001			1.0		0.0	2.0					
6896.196	59.77800000000025	trials	5.0	6951.819952000001	6952.887046000001			6951.198927	6953.679908000001			2.0		1.0	1.0					
6958.415	8.085000000000036	trials	5.0	6963.296920000001	6964.731506000001	6966.002102	6966.499601	6962.317244000001	6965.155772000001			1.0	1.0	0.0	3.0					
6969.356	21.288000000000466	trials	5.0	6985.091285	6986.226689000001	6987.8261170000005	6988.915883000001	6984.188233000001	6986.978537000001	6988.574	6990.644	1.0	2.0	1.0	1.0					
6994.665	10.069000000000415	trials	5.0	7000.671382	7002.582665000001	7004.031689	7004.737001	6999.984588000001	7003.186214			1.0	2.0	0.0	3.0					
7007.354	17.704999999999927	trials	5.0	7021.904915000001	7023.0427070000005	7024.4749870000005	7025.061824	7021.301795	7023.66301			1.0	2.0	0.0	3.0					
7027.804	211.875	trials	5.0	7231.646705000001	7232.724644000001	7239.112940000001	7239.683489000001	7230.922991	7232.954858000001			1.0	1.0	0.0	3.0					
7242.45	8.024000000000342	trials	5.0	7246.831453000001	7247.9210840000005			7246.03307	7248.190889			2.0		1.0	1.0					
7253.958	6.186000000000604	trials	5.0	7256.677229000001	7258.678602000001	7259.691337	7260.147175000001	7255.789199000001	7258.8243680000005			1.0	1.0	0.0	3.0					
7262.075	11.944000000000415	trials	5.0	7267.798139	7269.717388000001	7270.858829000001	7271.603878000001	7267.0859980000005	7270.1283920000005	7271.629	7274.019	1.0	2.0	1.0	1.0					
7276.079	7.645000000000437	trials	5.0	7280.451695000001	7281.720251000001	7282.648393	7282.816697	7279.481096	7281.713746			1.0		0.0	2.0					
7286.734	25.924999999999272	trials	5.0	7309.196917000001	7310.328403	7312.251706000001	7312.663766000001	7308.199825000001	7311.427287			1.0	2.0	0.0	3.0					
7314.574	22.725000000000364	trials	5.0	7333.50892	7334.992594000001			7332.954058000001	7335.212561			2.0		1.0	1.0					
7339.844	10.00500000000011	trials	5.0	7344.14698	7346.041889000001	7347.271096	7348.166089	7343.144900000001	7346.448826000001	7348.014	7349.849	1.0	2.0	1.0	1.0					
7353.915	6.104000000000269	trials	5.0	7356.852582	7358.333579	7359.444254000001	7360.022665	7355.865229000001	7358.695259000001			1.0	1.0	0.0	3.0					
7363.769	11.050000000000182	trials	5.0	7371.187391	7372.419482000001	7374.293158	7374.8223020000005	7370.612489000001	7373.377063000001			1.0	2.0	0.0	3.0					
7376.625	17.35400000000027	trials	5.0	7391.017661000001	7392.356257	7393.446212000001	7393.985038000001	7390.3127810000005	7392.720223			1.0	1.0	0.0	3.0					
7396.769	14.904999999999745	trials	5.0	7408.181303000001	7409.668499			7407.245684	7409.657510000001			2.0		0.0	2.0					
7413.684	24.050000000000182	trials	5.0	7433.607529000001	7435.4259680000005			7432.817825000001	7435.5418310000005			2.0		1.0	1.0					
7442.214	7.520000000000437	trials	5.0	7445.773037000001	7447.274197000001	7449.249890000001	7449.737668000001	7445.127121	7448.452946			1.0	2.0	0.0	3.0					
7451.569	29.680999999999585	trials	5.0	7477.837625	7479.580759	7480.586674	7481.255768000001	7476.984131000001	7479.871136000001			1.0	1.0	0.0	3.0					
7484.894	12.239999999999782	trials	5.0	7492.9331680000005	7494.839180000001			7492.121451000001	7494.943382			2.0		1.0	1.0					
7500.699	9.640000000000327	trials	5.0	7504.810138000001	7506.591020000001	7508.003221000001	7508.540773000001	7503.824794	7507.111225000001	7508.814	7510.339	1.0	1.0	1.0	1.0					
7512.059	8.68499999999949	trials	5.0	7516.542845000001	7518.484823000001	7520.2195520000005	7520.750861	7515.964783	7519.362410000001			1.0	2.0	0.0	3.0					
7523.579	18.77100000000064	trials	5.0	7536.264500000001	7537.339138000001	7539.708913	7540.612937000001	7535.314294000001	7538.888900000001	7540.449	7542.35	1.0	2.0	1.0	1.0					
7546.459	7.680000000000291	trials	5.0	7550.648288	7552.1367740000005			7549.7106650000005	7552.129397000001			1.0		0.0	2.0					
7558.146	25.00800000000072	trials	5.0	7576.613606000001	7577.773588000001	7582.545302	7583.160778	7576.085576	7578.393758			1.0	1.0	0.0	3.0					
7586.954	75.35500000000047	trials	5.0	7655.3237690000005	7656.980687000001	7658.950565000001	7659.794753	7654.500487000001	7658.087314	7659.634	7662.309	1.0	2.0	1.0	1.0					
7666.345	8.498999999999796	trials	5.0	7670.274112000001	7672.295034000001			7669.578571000001	7672.549724			2.0		1.0	1.0					
7677.329	12.749000000000706	trials	5.0	7685.713724000001	7687.660721	7689.0212950000005	7689.695954000001	7684.776809000001	7688.1093550000005			1.0	2.0	1.0	1.0					
7693.592	12.118000000000393	trials	5.0	7702.309136000001	7703.920196000001	7705.026697000001	7705.714457000001	7701.396965000001	7704.091465			1.0	2.0	0.0	3.0					
7709.384	21.5649999999996	trials	5.0	7727.609228000001	7728.946252000001			7726.630325000001	7728.941170000001			1.0		0.0	2.0					
7734.96	27.753999999999905	trials	5.0	7759.099669000001	7760.383165000001			7758.265399000001	7760.462533000001			2.0		1.0	1.0					
7766.165	6.4539999999997235	trials	5.0	7769.739482000001	7770.827717	7772.147363000001	7772.627402000001	7768.736152	7771.359515			1.0	2.0	0.0	3.0					
7775.462	23.067000000000007	trials	5.0	7795.551194000001	7797.062530000001	7797.974134000001	7798.537121000001	7794.909359000001	7797.107650000001			1.0	1.0	0.0	3.0					
7800.29	55.564000000000306	trials	5.0	7852.700011000001	7853.852864			7851.877682	7853.845520000001			1.0		0.0	2.0					
7857.889	26.536000000000058	trials	5.0	7880.596676000001	7881.871910000001			7879.884344000001	7882.278598000001			2.0		1.0	1.0					
7886.943	9.195999999999913	trials	5.0	7891.959944	7893.449212	7895.580614	7896.145874000001	7891.200401000001	7894.166401			1.0	2.0	0.0	3.0					
7898.904	31.294999999999163	trials	5.0	7926.704845	7927.860959000001	7929.4385600000005	7930.205123000001	7925.980708000001	7928.547811			1.0	1.0	0.0	3.0					
7931.756	34.65299999999934	trials	5.0	7963.100816	7964.205652000001	7965.848857000001	7966.418905	7962.51932	7964.9988650000005			1.0	2.0	0.0	3.0					
7968.205	36.0590000000002	trials	5.0	7995.865672000001	7997.786894000001	8003.452243000001	8004.273734	7995.0411730000005	7998.080863000001			1.0	1.0	0.0	3.0					
8007.81	20.738999999999578	trials	5.0	8023.356202000001	8024.674442	8026.044583000001	8026.814492	8022.429236000001	8025.140651000001	8026.819	8028.549	1.0	2.0	1.0	1.0					
8031.616	9.353000000000065	trials	5.0	8035.205390000001	8036.952546	8038.355363000001	8039.142473000001	8034.674605	8037.560137	8038.969	8040.969	1.0	1.0	1.0	1.0					
8043.075	9.024000000000342	trials	5.0	8048.505596000001	8049.586426000001			8047.58035	8049.9544160000005			2.0		1.0	1.0					
8056.649	10.509999999999309	trials	5.0	8060.910712000001	8062.072553000001	8066.610600000001	8067.167162000001	8059.929038	8062.174072000001			1.0	1.0	0.0	3.0					
8068.934	17.065999999999804	trials	5.0	8078.670844	8080.1609960000005	8085.354263000001	8086.010279000001	8077.927072	8080.572554			1.0	1.0	0.0	3.0					
8089.677	20.363000000000284	trials	5.0	8104.797157000001	8106.633269000001	8107.667725000001	8108.387873000001	8103.816659000001	8106.987017	8108.369	8110.04	1.0	2.0	1.0	1.0					
8114.109	7.024999999999636	trials	5.0	8116.955861	8118.586867000001			8116.093331000001	8118.866231000001			2.0		1.0	1.0					
8124.704	10.390000000000327	trials	5.0	8128.501130000001	8130.428635	8134.581400000001	8135.102015	8127.977057000001	8130.833942000001			1.0	1.0	0.0	3.0					
8137.889	18.789999999999964	trials	5.0	8151.210908000001	8153.092252	8154.007373	8154.781903000001	8150.302208000001	8153.256788000001	8154.699	8156.679	1.0	2.0	1.0	1.0					
8159.704	9.400000000000546	trials	5.0	8163.723110000001	8164.764899000001	8166.425846	8167.289117	8163.168499	8165.587253000001	8167.269	8169.104	1.0	2.0	1.0	1.0					
8171.129	14.671000000000276	trials	5.0	8181.506002	8183.058635000001	8184.897779000001	8185.811112000001	8180.774508	8184.1567700000005			1.0	2.0	0.0	3.0					
8189.219	8.414999999999964	trials	5.0	8193.388082000001	8195.130722000002			8192.752493	8195.459089			2.0		1.0	1.0					
8200.179	8.469999999999345	trials	5.0	8205.803234	8207.170549	8208.080111000001	8208.657539	8204.973808	8207.334266000002			1.0	1.0	0.0	3.0					
8211.391	26.131999999999607	trials	5.0	8233.652383	8234.976595			8232.774704000001	8235.235072000001			2.0		1.0	1.0					
8241.994	5.519999999998618	trials	5.0	8243.803193	8245.768025000001	8246.663234	8247.523283	8242.312442	8245.734574			1.0	2.0	0.0	3.0					
8249.994	27.06499999999869	trials	5.0	8274.067865	8275.18282	8276.400902000001	8277.071135	8273.202815	8275.369593000001			1.0	2.0	0.0	3.0					
8278.724	29.43499999999949	trials	5.0	8304.392422	8305.655966			8303.760773000002	8306.033825			2.0		1.0	1.0					
8311.674	10.794999999998254	trials	5.0	8316.442453	8318.281771000002	8319.828239	8320.504322	8315.546206	8318.903255000001	8320.594	8322.469	1.0	2.0	1.0	1.0					
8326.489	9.5	trials	5.0	8329.087122	8330.640601000001	8335.39406	8335.999546000001	8328.264107	8330.994284			1.0	1.0	0.0	3.0					
8338.699	16.229999999999563	trials	5.0	8351.514344000001	8352.941351000001	8354.286668	8354.940737	8351.002862000001	8353.369295			1.0	1.0	0.0	3.0					
8358.634	107.44499999999971	trials	5.0	8459.438512	8460.824643	8462.33566	8462.986811	8458.805936	8461.413787000001	8462.989	8466.079	1.0	2.0	1.0	1.0					
8469.099	17.80500000000029	trials	5.0	8483.313694	8485.137863	8486.267586000002	8486.913725	8482.497845000002	8485.39747			1.0	1.0	0.0	3.0					
8490.585	13.819000000001324	trials	5.0	8501.179508000001	8502.450839000001	8503.782679	8504.415947000001	8500.281179000001	8503.022816			1.0	2.0	0.0	3.0					
8508.144	17.844999999999345	trials	5.0	8522.363503	8523.940486000001			8521.763082000001	8523.934862			2.0		0.0	2.0					
8528.004	27.945999999999913	trials	5.0	8547.908687000001	8549.089981000001	8555.407729	8555.958545000001	8547.16544	8549.168255			1.0	1.0	0.0	3.0					
8557.714	28.06999999999971	trials	5.0	8582.224517	8583.691556000002	8585.107742	8585.795044	8581.521159	8584.371733			1.0	2.0	0.0	3.0					
8589.45	28.713999999999942	trials	5.0	8614.038912	8615.156375			8613.053774	8616.002477			2.0		1.0	1.0					
8620.694	9.420000000000073	trials	5.0	8626.535834	8627.838662	8629.613746	8630.125655	8625.94442	8628.855997			1.0	2.0	0.0	3.0					
8632.924	27.18499999999949	trials	5.0	8656.824056000001	8658.455516	8659.453149	8660.119127000002	8656.303363	8658.641596000001			1.0	1.0	0.0	3.0					
8661.764	23.18000000000029	trials	5.0	8681.519594000001	8682.947018			8680.800343	8682.942451			1.0		0.0	2.0					
8688.954	39.41500000000087	trials	5.0	8724.899735	8726.057617			8724.017503000001	8726.290879			2.0		1.0	1.0					
8730.875	9.834999999999127	trials	5.0	8736.659579000001	8738.167164			8736.079727	8738.512712			2.0		1.0	1.0					
8743.184	8.260000000000218	trials	5.0	8748.257597	8749.447099			8747.503427	8749.433059			1.0		0.0	2.0					
8754.456	21.19800000000032	trials	5.0	8772.445051	8773.739692000001	8775.054848	8775.665438	8771.765661000001	8774.236808000001			1.0	1.0	0.0	3.0					
8778.369	20.921000000000276	trials	5.0	8795.855028000002	8797.270411000001	8798.774206	8799.302518	8794.862705	8797.840708			1.0	2.0	0.0	3.0					
8803.109	19.665999999999258	trials	5.0	8815.044667	8816.08624	8822.033899	8822.787961	8814.308434	8817.151906000001			1.0	1.0	0.0	3.0					
8824.335	23.944000000001324	trials	5.0	8844.576494	8846.232152			8843.810329	8846.225528			2.0		0.0	2.0					
8850.294	14.944999999999709	trials	5.0	8861.384456	8862.980028000002	8864.642369000001	8865.251409	8860.86953	8863.82389			1.0	2.0	0.0	3.0					
8867.969	80.84500000000116	trials	5.0	8946.025511	8946.817244000002			8945.492022	8946.806764			1.0		0.0	2.0					
8952.824	14.074999999998909	trials	5.0	8963.370718	8964.76216	8966.068026	8966.911673	8962.816273	8965.348694			1.0	1.0	0.0	3.0					
8969.389	16.7400000000016	trials	5.0	8982.815731	8983.875596000002	8985.356858000001	8986.142465	8982.072494	8984.607968			1.0	1.0	0.0	3.0					
8988.669	18.13000000000102	trials	5.0	9003.772919000001	9005.062896000001	9006.293246000001	9006.815095000002	9003.06358	9005.512036			1.0	1.0	0.0	3.0					
9009.606	29.608000000000175	trials	5.0	9035.231291	9036.586175	9038.435996	9039.229799	9034.61209	9037.582499			1.0	2.0	0.0	3.0					
9040.804	20.420000000000073	trials	5.0	9055.892586000002	9057.785918000001	9059.066545000001	9059.800754	9055.343	9058.226962	9059.984	9061.224	1.0	1.0	1.0	1.0					
9065.29	9.513999999999214	trials	5.0	9068.236453000001	9069.413055	9071.676293	9072.490135	9067.33929	9070.945366	9072.489	9074.804	1.0	2.0	1.0	1.0					
9076.866	8.38800000000083	trials	5.0	9081.541334000001	9082.707346000001			9081.026938	9083.178767000001			2.0		1.0	1.0					
9088.815	8.78399999999965	trials	5.0	9093.456383	9094.509926			9092.488499000001	9095.331158			2.0		1.0	1.0					
9101.099	6.994999999998981	trials	5.0	9104.255764000001	9105.863199000001	9107.22695	9108.110635000001	9103.660067	9106.497614			1.0	1.0	0.0	3.0					
9111.55	13.329000000001543	trials	5.0	9121.605971	9123.077306000001	9124.271162000001	9124.893170000001	9121.032527000001	9123.461453			1.0	1.0	0.0	3.0					
9128.589	31.44000000000051	trials	5.0	9156.376537	9157.733538	9159.310215000001	9160.041157	9155.865341	9158.530202000002			1.0	1.0	0.0	3.0					
9162.625	114.60000000000036	trials	5.0	9270.420458999999	9272.124231	9276.415189	9277.221196999999	9269.699	9272.269557			1.0	1.0	0.0	3.0					
9278.754	16.205999999998312	trials	5.0	9290.890443	9292.163525	9294.574886	9294.956984	9290.092931	9292.543856			1.0	1.0	0.0	3.0					
9298.943	20.756000000001222	trials	5.0	9314.352948	9316.073481	9316.957878	9317.948331	9313.590685	9316.142817	9317.665	9319.699	1.0	2.0	1.0	1.0					
9322.724	6.795000000000073	trials	5.0	9326.065279999999	9327.47217	9328.7678	9329.516132	9325.226207	9327.942219			1.0	2.0	0.0	3.0					
9332.094	18.88000000000102	trials	5.0	9347.846292	9348.962927			9347.025999	9348.950883			1.0		0.0	2.0					
9354.024	34.185999999999694	trials	5.0	9383.870257	9384.922975	9386.186576	9386.694731	9382.938920999999	9385.500579	9386.875	9388.21	1.0	1.0	1.0	1.0					
9390.224	21.8799999999992	trials	5.0	9408.931356	9410.044601			9407.972381	9410.039078			2.0		0.0	2.0					
9416.119	43.34099999999853	trials	5.0	9456.391152	9457.961836999999	9458.92308	9459.455877	9455.54849	9458.052587			1.0	1.0	0.0	3.0					
9463.25	18.167999999999665	trials	5.0	9478.338123	9479.398409	9480.602367	9480.884751	9477.615315	9479.391572			1.0		0.0	2.0					
9483.439	45.11000000000058	trials	5.0	9525.616623	9526.699643	9528.09453	9528.549547999999	9524.89871	9527.111715			1.0	1.0	0.0	3.0					
9532.455	23.40400000000045	trials	5.0	9552.252921	9554.064476	9555.255449	9555.858377999999	9551.45501	9554.420041			1.0	1.0	0.0	3.0					
9558.625	41.59900000000016	trials	5.0	9596.527019	9598.217627			9595.751502	9598.210982			1.0		0.0	2.0					
9602.234	20.799999999999272	trials	5.0	9618.817237	9619.933428	9622.257537	9623.034651	9618.032738	9621.446145			1.0	1.0	0.0	3.0					
9626.584	51.01999999999862	trials	5.0	9673.848101	9675.090676			9673.214333	9675.565808			2.0		1.0	1.0					
9680.169	12.68499999999949	trials	5.0	9689.062473	9690.844821			9688.480034	9690.839186			2.0		0.0	2.0					
9694.864	7.676000000001295	trials	5.0	9697.187253	9699.090481	9699.964700999999	9700.866308	9696.527794	9699.139152	9700.625	9702.54	1.0	2.0	1.0	1.0					
9704.569	14.471000000001368	trials	5.0	9714.817625	9716.235129			9713.918484	9716.756256			2.0		1.0	1.0					
9722.559	9.225000000000364	trials	5.0	9728.158544	9729.775077	9730.839095	9731.475959	9727.292895	9729.766852			1.0		0.0	2.0					
9735.794	15.639999999999418	trials	5.0	9747.817889	9749.501537	9750.791729999999	9751.435569	9746.988566	9750.017468			1.0	1.0	0.0	3.0					
9754.114	17.954999999999927	trials	5.0	9767.037771	9768.691643	9771.543146	9772.071906	9766.277469	9769.222083			1.0	2.0	0.0	3.0					
9775.849	18.816000000000713	trials	5.0	9789.843284999999	9790.924073	9792.638367	9793.189575	9788.91693	9791.78986	9793.364	9794.665	1.0	1.0	1.0	1.0					
9796.729	9.385000000000218	trials	5.0	9802.582568	9803.888664	9805.374602	9806.115916	9801.578204	9804.63835			1.0	1.0	0.0	3.0					
9807.689	15.13299999999981	trials	5.0	9818.73771	9819.930416	9821.968539	9822.822446	9818.112996	9821.260359			1.0	2.0	0.0	3.0					
9824.314	29.101000000000568	trials	5.0	9849.638332999999	9850.779992	9852.651329	9853.413575999999	9848.651091	9852.019028			1.0	2.0	0.0	3.0					
9854.969	23.81000000000131	trials	5.0	9872.143718	9873.592703	9875.056011	9876.339606	9871.485236	9874.115991	9875.794	9878.779	1.0	2.0	1.0	1.0					
9881.84	8.35399999999936	trials	5.0	9886.238243	9887.634974			9885.246045	9887.949599			2.0		1.0	1.0					
9894.747	7.426000000001295	trials	5.0	9897.623415	9899.119872			9897.113549	9899.984022999999			2.0		1.0	1.0					
9906.734	30.157999999999447	trials	5.0	9933.787296	9934.892322	9936.150896	9936.893664	9932.853935	9935.312774			1.0	1.0	0.0	3.0					
9939.484	24.125	trials	5.0	9958.193045	9959.901005	9961.242888	9961.950515	9957.579816	9960.476695	9961.984	9963.609	1.0	2.0	1.0	1.0					
9967.714	6.174999999999272	trials	5.0	9970.215498	9972.070814	9973.341042	9973.891661	9969.676733	9972.528559			1.0	1.0	0.0	3.0					
9975.716	7.8400000000001455	trials	5.0	9979.658685	9981.466881	9982.954308	9983.55409	9978.770283	9982.023582			1.0	1.0	0.0	3.0					
9987.31	11.184000000001106	trials	5.0	9992.823779	9994.686681	9995.895733	9996.834666	9991.940018	9995.14266	9996.599	9998.494	1.0	2.0	1.0	1.0					
10002.551	6.177999999999884	trials	5.0	10004.913514	10006.541282	10008.197872	10008.730409	10004.083905	10006.529165			1.0		0.0	2.0					
10010.606	26.69300000000112	trials	5.0	10031.539009	10032.620607	10034.714729	10035.623789	10030.720209	10033.887188	10035.515	10037.299	1.0	2.0	1.0	1.0					
10040.359	7.744999999998981	trials	5.0	10043.994408	10045.591502			10043.112071	10045.922697			2.0		1.0	1.0					
10051.619	8.904999999998836	trials	5.0	10056.925081	10058.875898	10059.643979	10060.525346999999	10056.214068	10058.892468			1.0	2.0	0.0	3.0					
10062.969	53.345000000001164	trials	5.0	10112.539311	10113.75093			10111.819725	10114.18522			2.0		1.0	1.0					
10118.824	12.615999999999985	trials	5.0	10127.506526	10128.926951			10126.744911	10129.210319			2.0		1.0	1.0					
10134.014	11.010000000000218	trials	5.0	10139.985198	10141.087449	10142.38994	10143.261971	10139.065483	10141.685631	10143.074	10145.024	1.0	2.0	1.0	1.0					
10148.084	10.68999999999869	trials	5.0	10153.360116	10154.753827999999	10156.096357999999	10157.036324	10152.605061	10155.343064	10156.829	10158.774	1.0	2.0	1.0	1.0					
10161.849	11.014999999999418	trials	5.0	10167.850488	10169.826686	10171.466625	10172.384871	10167.053877	10170.709357			1.0	2.0	0.0	3.0					
10175.779	14.994999999998981	trials	5.0	10186.525346999999	10187.972045			10185.718937	10188.507986999999			2.0		1.0	1.0					
10194.25	10.165000000000873	trials	5.0	10199.060366	10200.747896	10201.884801	10202.731649	10198.326992	10201.097976	10202.556	10204.415	1.0	2.0	1.0	1.0					
10206.484	10.18499999999949	trials	5.0	10212.820314	10214.144181	10215.771297	10216.672399	10212.022311	10214.961696			1.0	2.0	0.0	3.0					
10218.094	73.31500000000051	trials	5.0	10288.016378	10289.470089999999	10290.723888	10291.411347	10287.322975	10289.896397			1.0	1.0	0.0	3.0					
10293.04	13.863999999999578	trials	5.0	10303.638102	10305.342827	10306.444433	10306.908182	10302.911419	10305.776226			1.0	2.0	0.0	3.0					
10310.764	14.915000000000873	trials	5.0	10318.460676	10319.917159999999	10325.0008	10325.682381	10317.560572999999	10320.092343			1.0	1.0	0.0	3.0					
10329.359	16.914999999999054	trials	5.0	10342.17251	10343.969111			10341.519296	10344.213044			2.0		1.0	1.0					
10348.765	10.689000000000306	trials	5.0	10355.246153	10356.759762	10358.675318	10359.458292	10354.393501999999	10357.828101			1.0	2.0	0.0	3.0					
10363.004	20.214999999998327	trials	5.0	10379.257428	10380.863037			10378.272623	10381.009367			2.0		1.0	1.0					
10387.661	8.233000000000175	trials	5.0	10390.186217	10392.08077	10393.268346	10394.101537999999	10389.604419	10392.416808	10394.099	10395.894	1.0	2.0	1.0	1.0					
10398.941	8.84900000000016	trials	5.0	10404.231174	10405.836767	10407.366875	10407.79143	10403.609382	10406.562003			1.0	1.0	0.0	3.0					
10409.694	19.590000000000146	trials	5.0	10425.306756	10427.169528	10428.532877	10429.287849	10424.578567	10427.802525			1.0	2.0	0.0	3.0					
10430.889	14.765000000001237	trials	5.0	10441.826444	10443.470793	10445.045614999999	10445.659889999999	10440.993804	10444.279884			1.0	2.0	0.0	3.0					
10448.369	25.829999999999927	trials	5.0	10470.73163	10472.199071			10469.758179	10472.186993			2.0		0.0	2.0					
10476.21	9.569000000001324	trials	5.0	10478.56698	10480.006556	10484.739884999999	10485.785888999999	10477.615373	10480.398057			1.0	1.0	0.0	3.0					
10489.054	9.351000000000568	trials	5.0	10494.36364	10496.184392	10497.681254	10498.410353	10493.694174	10496.869349999999			1.0	1.0	0.0	3.0					
10500.064	27.029999999998836	trials	5.0	10522.947005	10524.588047			10522.332959	10525.020308			2.0		1.0	1.0					
10531.629	21.104999999999563	trials	5.0	10547.692223	10548.828558	10550.009214	10550.900108	10546.838706	10549.282706	10550.764	10552.734	1.0	2.0	1.0	1.0					
10555.753	9.30199999999968	trials	5.0	10560.769689	10562.409036	10564.17552	10565.059623	10560.243837	10563.462411			1.0	2.0	0.0	3.0					
10566.515	14.689000000000306	trials	5.0	10575.782595	10577.46899	10578.566643	10579.478643999999	10575.061923	10577.824648	10579.299	10581.204	1.0	2.0	1.0	1.0					
10584.271	10.25799999999981	trials	5.0	10589.094149	10590.557412	10591.646983999999	10592.686217	10588.139858999999	10590.860409	10592.244	10594.529	1.0	2.0	1.0	1.0					
10598.564	13.06500000000051	trials	5.0	10605.996967	10607.189342	10608.995813	10609.577079	10605.391934	10608.238229	10609.79	10611.629	1.0	1.0	1.0	1.0					
10613.654	11.975000000000364	trials	5.0	10622.06342	10623.641779	10624.808054	10625.63517	10621.272762	10624.068309			1.0	1.0	0.0	3.0					
10628.159	14.395000000000437	trials	5.0	10638.727644	10640.010777			10638.158133	10640.426295			2.0		1.0	1.0					
10647.089	10.290000000000873	trials	5.0	10653.442307	10654.865555			10652.735517	10655.162594			2.0		1.0	1.0					
10660.894	9.719999999999345	trials	5.0	10667.728262999999	10668.838548	10670.206441	10670.620266	10666.756677	10669.175154			1.0	1.0	0.0	3.0					
10673.526	17.59900000000016	trials	5.0	10687.674275	10689.123819	10690.081856	10690.587119	10687.093893	10689.114491			1.0		0.0	2.0					
10694.174	21.240999999999985	trials	5.0	10709.98313	10711.871975	10712.903502	10713.722774	10709.197908	10712.174076	10713.674	10715.415	1.0	2.0	1.0	1.0					
10718.434	9.270000000000437	trials	5.0	10721.558463	10723.372566	10724.45604	10725.319766	10721.030948	10723.788542	10725.139	10727.704	1.0	2.0	1.0	1.0					
10731.724	7.268000000000029	trials	5.0	10735.719818	10737.415977	10738.598797999999	10738.994025	10735.013453	10737.80982			1.0	1.0	0.0	3.0					
10740.964	14.924999999999272	trials	5.0	10750.244333999999	10751.837642	10753.353129	10754.157963	10749.355898	10752.523575	10754.024	10755.889	1.0	2.0	1.0	1.0					
10757.91	9.568999999999505	trials	5.0	10763.573505	10765.420061			10762.995842	10765.414831			1.0		0.0	2.0					
10769.494	14.709999999999127	trials	5.0	10780.543097	10782.431612	10783.523118	10784.209996	10779.783062	10782.758201			1.0	2.0	0.0	3.0					
10786.884	11.625	trials	5.0	10794.748269	10796.509662			10794.139331999999	10796.497853			2.0		0.0	2.0					
10800.519	23.816999999999098	trials	5.0	10820.174937	10822.183326	10823.282759	10824.342231	10819.352508	10822.54402			1.0	2.0	0.0	3.0					
10826.594	14.210000000000946	trials	5.0	10835.578731	10837.05593	10838.219111	10839.043274	10834.800584999999	10837.473977	10838.949	10840.804	1.0	2.0	1.0	1.0					
10842.875	10.90899999999965	trials	5.0	10847.452358999999	10848.726062	10850.903771	10852.189211	10846.859983999999	10850.014163	10851.629	10853.784	1.0	2.0	1.0	1.0					
10857.889	8.695999999999913	trials	5.0	10862.644436	10863.890984	10865.720259	10866.59124	10861.647224	10864.792022			1.0	2.0	0.0	3.0					
10870.04	17.573999999998705	trials	5.0	10884.158918	10885.215089	10886.742946999999	10887.621353999999	10883.28986	10885.928729			1.0	2.0	0.0	3.0					
10890.079	15.520000000000437	trials	5.0	10899.97938	10901.103431	10903.019826	10904.103401	10899.000549	10902.098714	10903.79	10905.599	1.0	2.0	1.0	1.0					
10908.665	11.323999999998705	trials	5.0	10913.769210999999	10915.390883	10917.177755	10918.190408	10913.124770999999	10916.206745	10917.839	10919.989	1.0	2.0	1.0	1.0					
10923.024	14.751000000000204	trials	5.0	10929.960522	10931.446209	10937.243105	10937.781176	10928.981634	10932.593864999999			1.0	1.0	0.0	3.0					
10940.56	16.963999999999942	trials	5.0	10953.239311	10954.323657	10956.28347	10957.533036	10952.576238	10955.496348			1.0	2.0	0.0	3.0					
10959.595	17.834000000000742	trials	5.0	10973.801075	10975.590732	10976.7426	10977.438081	10972.873389	10976.008115999999			1.0	2.0	0.0	3.0					
10979.109	53.414999999999054	trials	5.0	11028.119756	11029.934			11027.491158	11030.193767			2.0		1.0	1.0					
11037.0	8.25	trials	5.0	11041.240001	11042.696043			11040.583358	11043.05816			2.0		1.0	1.0					
11049.719	11.321000000001732	trials	5.0	11057.504853	11058.97712	11060.430693	11061.044152999999	11056.914628999999	11059.475748			1.0	1.0	0.0	3.0					
11063.744	10.680000000000291	trials	5.0	11070.796145	11072.428499	11073.788078	11074.434345	11069.839215	11072.990913			1.0	2.0	0.0	3.0					
11076.15	14.30999999999949	trials	5.0	11086.676911999999	11088.403656			11085.978261	11088.398195			2.0		0.0	2.0					
11094.509	42.215000000000146	trials	5.0	11133.190325	11134.671848			11132.467965	11134.666733			2.0		0.0	2.0					
11140.781	6.988999999999578	trials	5.0	11143.000202	11144.311779	11145.422361	11146.237916	11142.041415	11144.548457	11146.089	11147.77	1.0	2.0	1.0	1.0					
11149.847	10.827000000001135	trials	5.0	11154.465203	11156.165526	11158.096121	11159.019291	11153.917823	11157.362634	11158.844	11160.674	1.0	2.0	1.0	1.0					
11164.744	946.3809999999994	BlockDesign														1.0	574.0	629.0	50.0	90.0
11164.744	9.680000000000291	trials	6.0	11168.826012	11170.209434	11171.862153	11172.705879	11168.214551	11171.121890999999	11172.54	11174.424	1.0	2.0	1.0	1.0					
11177.446	9.997999999999593	trials	6.0	11182.935722	11184.893334			11182.420415999999	11185.355349			2.0		1.0	1.0					
11189.925	16.569000000001324	trials	6.0	11200.9409	11202.341957	11203.984773	11204.730759	11200.413552	11203.312874	11204.779	11206.494	1.0	2.0	1.0	1.0					
11209.567	10.427000000001499	trials	6.0	11214.531078	11216.190215	11217.305953	11218.31745	11213.849781	11216.609885	11218.154	11219.994	1.0	2.0	1.0	1.0					
11223.094	11.650000000001455	trials	6.0	11228.851009	11230.762875	11231.747766	11232.667690999999	11228.273992999999	11231.030397	11232.379	11234.744	1.0	2.0	1.0	1.0					
11238.774	13.235000000000582	trials	6.0	11246.586449999999	11248.439043	11249.578129	11250.420462	11245.769232999999	11248.7779	11250.375	11252.009	1.0	2.0	1.0	1.0					
11256.119	10.375	trials	6.0	11260.955913	11262.836562	11263.757862	11264.653068	11260.045712	11262.934174	11264.494	11266.494	1.0	2.0	1.0	1.0					
11268.543	12.02599999999984	trials	6.0	11275.302713000001	11277.018101	11277.88438	11278.935834	11274.411887	11277.10659	11278.614	11280.569	1.0	2.0	1.0	1.0					
11282.64	11.729000000001179	trials	6.0	11288.411289	11290.192435	11291.671226999999	11292.818648	11287.802652	11290.955762	11292.484	11294.369	1.0	2.0	1.0	1.0					
11296.389	8.278000000000247	trials	6.0	11301.661926	11302.554849	11303.477148	11303.637147	11300.934048	11302.550184			1.0		0.0	2.0					
11308.726	16.377999999998792	trials	6.0	11319.256288	11321.051661	11322.48023	11323.520271	11318.515092	11321.755143	11323.159	11325.104	1.0	2.0	1.0	1.0					
11327.134	10.215000000000146	trials	6.0	11333.041212	11334.842735			11332.047422	11335.165472			2.0		1.0	1.0					
11341.869	11.329999999999927	trials	6.0	11349.357093999999	11350.653430999999			11348.401577	11350.901678999999			2.0		1.0	1.0					
11356.75	10.375	trials	6.0	11363.541611	11365.122867	11365.862151	11366.557281	11362.607305	11365.111703999999			1.0		0.0	2.0					
11370.134	14.979999999999563	trials	6.0	11381.421564	11382.521838	11384.149725	11385.122136	11380.622809	11383.476044			1.0	2.0	0.0	3.0					
11387.46	18.369000000000597	trials	6.0	11402.188768	11404.041970999999	11405.022896999999	11405.839794	11401.377700000001	11404.338533			1.0	2.0	0.0	3.0					
11407.375	26.953999999999724	trials	6.0	11430.528888	11432.502147	11433.68626	11434.340066	11429.753079	11432.763845			1.0	1.0	0.0	3.0					
11436.04	21.03899999999885	trials	6.0	11452.946920999999	11454.778608			11452.138283	11454.966532999999			2.0		1.0	1.0					
11461.625	7.575000000000728	trials	6.0	11465.242454	11466.397545			11464.614039	11466.933707			2.0		1.0	1.0					
11473.689	10.029999999998836	trials	6.0	11477.85779	11479.208658	11480.920513000001	11481.68915	11476.90986	11480.107316	11481.556	11483.719	1.0	2.0	1.0	1.0					
11486.744	10.421000000000276	trials	6.0	11492.952135	11494.850612999999			11492.01417	11495.096258			2.0		1.0	1.0					
11500.629	10.349999999998545	trials	6.0	11505.304122	11506.404601999999	11508.28079	11509.20659	11504.794143	11507.395323	11509.019	11510.979	1.0	2.0	1.0	1.0					
11514.0	10.574000000000524	trials	6.0	11521.157508	11522.576214	11523.516576	11524.167830999999	11520.166185	11522.565892999999			1.0		0.0	2.0					
11528.609	16.44499999999971	trials	6.0	11540.002316	11541.282813	11542.844217	11543.393231	11539.286102	11541.909183	11543.514	11545.054	1.0	1.0	1.0	1.0					
11547.129	24.94999999999891	trials	6.0	11558.772984	11560.174166	11571.340541	11572.090091	11558.017157999999	11560.556949			1.0	1.0	0.0	3.0					
11573.694	9.880000000001019	trials	6.0	11580.162783	11581.649594999999	11582.789754	11583.58739	11579.609478	11582.024976			1.0	1.0	0.0	3.0					
11587.144	36.98099999999977	trials	6.0	11621.429669	11622.125522999999			11620.62385	11622.117161			1.0		0.0	2.0					
11626.134	25.350000000000364	trials	6.0	11648.018675	11649.629829	11650.736307	11651.492703	11647.063811	11649.918984			1.0	1.0	0.0	3.0					
11653.049	12.279999999998836	trials	6.0	11660.908379	11662.779967			11660.116334999999	11663.102926			2.0		1.0	1.0					
11668.814	7.729999999999563	trials	6.0	11673.099710999999	11674.256504	11675.738351	11676.557043	11672.127041	11674.960662			1.0	2.0	0.0	3.0					
11679.089	20.155000000000655	trials	6.0	11694.054689	11695.410319999999	11696.609508	11697.516614	11693.349822	11695.760127	11697.369	11699.244	1.0	2.0	1.0	1.0					
11702.274	8.050000000001091	trials	6.0	11706.548342	11707.777773			11705.626894	11708.101607			2.0		1.0	1.0					
11712.809	11.215000000000146	trials	6.0	11718.203235	11720.465217	11721.573111	11722.409864	11717.315346	11720.79349	11722.464	11724.024	1.0	2.0	1.0	1.0					
11728.044	6.496000000001004	trials	6.0	11731.319327	11732.545277			11730.524318	11732.539499			1.0		0.0	2.0					
11736.564	12.204999999999927	trials	6.0	11745.640118	11747.019287	11748.279684	11748.779059	11745.015889999999	11747.426343			1.0	1.0	0.0	3.0					
11751.594	16.740999999999985	trials	6.0	11763.293557	11764.980739999999	11766.013919	11766.902649	11762.382513	11765.35164	11766.719	11768.335	1.0	2.0	1.0	1.0					
11772.354	7.625	trials	6.0	11774.370304	11776.075466	11777.076422	11778.142013	11773.758335	11776.383995	11777.814	11779.979	1.0	2.0	1.0	1.0					
11782.049	9.06499999999869	trials	6.0	11787.114942	11788.862841			11786.177728999999	11788.993407			2.0		1.0	1.0					
11795.705	5.27599999999984	trials	6.0	11797.644591	11798.981491			11796.901455	11798.969514			2.0		0.0	2.0					
11803.035	16.568999999999505	trials	6.0	11810.283921	11811.881028	11816.822292	11817.893334	11809.316952	11811.880035	11817.614	11819.604	1.0	2.0	1.0	1.0					
11823.667	8.692000000000917	trials	6.0	11827.009001999999	11828.59425	11829.586421	11830.428173	11826.075219	11828.880133999999	11830.314	11832.359	1.0	2.0	1.0	1.0					
11835.429	9.931000000000495	trials	6.0	11839.829477	11841.427233	11842.560921	11843.451219	11839.258001	11841.870576	11843.254	11845.36	1.0	2.0	1.0	1.0					
11849.379	7.139999999999418	trials	6.0	11852.539566	11853.973929			11851.573773	11854.406624			2.0		1.0	1.0					
11859.061	9.243000000000393	trials	6.0	11862.962634	11864.925521	11865.764165	11866.772394	11862.308035	11865.007595	11866.479	11868.304	1.0	2.0	1.0	1.0					
11871.362	10.13800000000083	trials	6.0	11878.314651	11879.456095	11880.291959	11880.63598	11877.343851	11879.451309			1.0		0.0	2.0					
11884.509	44.54999999999927	trials	6.0	11925.601265	11926.956283	11928.34141	11929.070040999999	11924.975419999999	11927.553503			1.0	2.0	0.0	3.0					
11931.654	11.340000000000146	trials	6.0	11939.718969	11941.154693	11942.328389	11943.004377	11938.732532	11941.514973			1.0	1.0	0.0	3.0					
11946.644	11.799999999999272	trials	6.0	11953.685508	11955.172511	11955.84707	11956.832408	11953.087986	11955.158888	11956.569	11958.444	1.0	2.0	1.0	1.0					
11960.474	8.7549999999992	trials	6.0	11964.382902	11965.647324	11966.802305	11967.598527	11963.518640999999	11966.143951	11967.534	11969.229	1.0	2.0	1.0	1.0					
11973.292	8.80199999999968	trials	6.0	11976.219678	11977.776645	11978.803422	11979.919662	11975.431736	11978.124311	11979.549	11982.094	1.0	2.0	1.0	1.0					
11984.119	11.43999999999869	trials	6.0	11991.69513	11993.562513			11990.704448	11993.552383999999			2.0		0.0	2.0					
11998.614	34.125	trials	6.0	12023.835031999999	12025.441407	12030.614144	12031.381797	12022.937913	12025.784126999999	12031.265	12032.739	1.0	1.0	1.0	1.0					
12034.764	9.305000000000291	trials	6.0	12038.589597	12039.652233	12041.106631999999	12042.189627	12037.754735999999	12040.367729	12041.764	12044.069	1.0	2.0	1.0	1.0					
12047.104	33.38500000000022	trials	6.0	12077.695974	12078.492893999999			12076.923435	12078.489677			1.0		0.0	2.0					
12084.496	11.733000000000175	trials	6.0	12090.730685999999	12092.175094999999	12093.718866	12094.640212999999	12090.033618	12092.964436999999	12094.449	12096.229	1.0	2.0	1.0	1.0					
12099.247	11.878000000000611	trials	6.0	12105.760174	12107.212017	12108.539549	12109.485424	12104.951232	12107.826462	12109.145	12111.125	1.0	2.0	1.0	1.0					
12115.16	1866.0390000000007	BlockDesign														1.0	630.0	724.0	50.0	10.0
12115.16	10.924999999999272	trials	7.0	12122.580592999999	12123.697983	12125.309141	12126.097215	12121.808778999999	12124.524508			1.0	2.0	0.0	3.0					
12129.625	14.22400000000016	trials	7.0	12140.505555	12141.537615	12143.031786	12143.861594	12139.785783	12142.333142			1.0	2.0	0.0	3.0					
12146.359	18.556000000000495	trials	7.0	12162.030779	12163.372166	12164.201063	12164.927975999999	12161.334343	12163.413349999999			1.0	2.0	0.0	3.0					
12166.509	19.875	trials	7.0	12181.295441	12183.122599999999	12183.793649	12184.637592	12180.736778	12183.124533	12184.404	12186.384	1.0	2.0	1.0	1.0					
12189.429	15.78099999999904	trials	7.0	12197.135556	12198.572009	12203.010057	12203.759616	12196.234645	12198.939359	12203.76	12205.21	1.0	1.0	1.0	1.0					
12208.29	7.875	trials	7.0	12212.035757	12213.151509	12214.757711999999	12216.179015	12211.31538	12213.940929			1.0	2.0	0.0	3.0					
12219.069	10.465000000000146	trials	7.0	12223.465578	12224.864857	12228.791271	12229.548975	12222.783175	12224.965518			1.0	1.0	0.0	3.0					
12231.125	15.088999999999942	trials	7.0	12240.990181	12242.504031999999	12245.551110999999	12246.217352	12240.311260999999	12244.657291			1.0	2.0	0.0	3.0					
12248.839	22.975000000000364	trials	7.0	12267.925408	12269.553415999999			12267.085	12269.69147			2.0		1.0	1.0					
12275.345	25.269000000000233	trials	7.0	12296.796412	12298.607752999998			12296.175138999999	12298.603114			2.0		0.0	2.0					
12304.625	36.72400000000016	trials	7.0	12338.357716999999	12339.246802	12340.090570999999	12340.620969999998	12337.357633	12339.239797999999			1.0		0.0	2.0					
12343.359	9.734999999998763	trials	7.0	12349.310470999999	12351.361872999998	12352.497292999999	12353.099682999999	12348.371100999999	12351.765948999999			1.0	1.0	0.0	3.0					
12354.814	40.039999999999054	trials	7.0	12391.297036999998	12392.944882	12394.109354999999	12394.857913	12390.671688999999	12393.348415999999			1.0	2.0	0.0	3.0					
12398.417	17.067000000000917	trials	7.0	12412.020376999999	12413.652348999998	12414.827787999999	12415.488717999999	12411.074308	12414.167037			1.0	2.0	0.0	3.0					
12419.19	36.600000000000364	trials	7.0	12452.731595	12453.787675999998			12452.158703	12453.78308			1.0		0.0	2.0					
12458.804	20.7549999999992	trials	7.0	12475.735502	12476.847886999998	12478.875955	12479.564003	12474.874155999998	12478.096043			1.0	2.0	0.0	3.0					
12481.234	15.55999999999949	trials	7.0	12493.396836999998	12494.76278	12496.031379999999	12496.79746	12492.575647999998	12495.25685			1.0	2.0	0.0	3.0					
12499.344	69.76500000000124	trials	7.0	12565.366252	12566.960344	12568.218400999998	12569.113291999998	12564.508622	12567.305341			1.0	1.0	0.0	3.0					
12571.54	11.473999999998341	trials	7.0	12579.071687	12580.252808			12578.244415	12580.978260999998			2.0		1.0	1.0					
12585.61	11.548999999999069	trials	7.0	12591.856226999998	12593.179529	12594.601717999998	12595.45667	12590.860590999999	12593.804681	12595.21	12597.159	1.0	1.0	1.0	1.0					
12601.179	8.510000000000218	trials	7.0	12603.901386999998	12605.394762999998	12607.090046	12608.040538	12603.20582	12606.416753	12607.889	12609.689	1.0	2.0	1.0	1.0					
12613.709	10.394999999998618	trials	7.0	12617.281149999999	12619.183587	12623.368417999998	12624.109218999998	12616.687140999999	12619.625638999998			1.0	1.0	0.0	3.0					
12626.699	11.784999999999854	trials	7.0	12634.556997999998	12636.12659			12633.745696999998	12636.261821999999			2.0		1.0	1.0					
12641.024	8.795000000000073	trials	7.0	12646.212463999998	12647.764018999998			12645.522141999998	12647.760742999999			2.0		0.0	2.0					
12651.827	6.872000000001208	trials	7.0	12655.802285	12656.948632	12658.160068	12658.701765999998	12654.898831999999	12657.311883999999			1.0	2.0	0.0	3.0					
12660.454	14.389999999999418	trials	7.0	12670.611926	12671.993326999998			12669.876395	12672.53256			2.0		1.0	1.0					
12679.352	7.482999999998356	trials	7.0	12682.646938999998	12683.773071999998	12685.895779999999	12686.838215999998	12681.76904	12685.141822999998			1.0	2.0	0.0	3.0					
12688.247	22.936999999999898	trials	7.0	12706.781887	12708.658198	12710.531218999999	12711.189686	12706.268327999998	12709.843813			1.0	2.0	0.0	3.0					
12712.873	28.58100000000013	trials	7.0	12737.772337999999	12738.902234			12736.833849999999	12739.33103			2.0		1.0	1.0					
12743.924	10.28599999999824	trials	7.0	12749.862347999999	12751.479897	12753.389555999998	12754.214602999999	12749.027982999998	12752.516701999999			1.0	2.0	0.0	3.0					
12756.749	17.700000000000728	trials	7.0	12768.893071999999	12770.404309999998	12771.767516999998	12772.473261	12768.008956999998	12770.986284999999	12772.389	12774.449	1.0	1.0	1.0	1.0					
12778.497	8.86200000000099	trials	7.0	12782.552989	12783.915904	12786.002258999999	12787.362783999999	12781.657475999998	12785.098745			1.0	2.0	0.0	3.0					
12788.324	38.2609999999986	trials	7.0	12822.877127999998	12824.542694999998	12826.001893999999	12826.592045	12822.161723	12825.142684999999			1.0	2.0	0.0	3.0					
12830.319	32.04500000000007	trials	7.0	12858.348221999999	12860.247812	12861.727869999999	12862.3699	12857.351650999999	12860.910904999999			1.0	1.0	0.0	3.0					
12865.094	20.725000000000364	trials	7.0	12882.078088999999	12883.204410999999			12881.257872999999	12883.5433			2.0		1.0	1.0					
12890.338	8.421000000000276	trials	7.0	12894.960071	12896.106458999999	12898.117402999998	12898.764517	12894.368722	12897.340552999998			1.0	1.0	0.0	3.0					
12902.494	17.469999999999345	trials	7.0	12912.622470999999	12913.921801999999	12919.126987999998	12919.971721999998	12911.860637	12915.155501			1.0	1.0	0.0	3.0					
12921.475	14.949000000000524	trials	7.0	12930.587721	12932.3867	12933.70616	12934.790691999999	12929.675678	12932.670649999998	12934.454	12936.424	1.0	2.0	1.0	1.0					
12939.439	8.260000000000218	trials	7.0	12943.332967999999	12945.190343999999	12946.868471	12947.705887999999	12942.399934	12946.086792999999			1.0	2.0	0.0	3.0					
12951.231	9.438000000000102	trials	7.0	12955.924831999999	12957.137190999998	12959.865079	12960.674250999999	12955.276397999998	12959.109483999999			1.0	2.0	0.0	3.0					
12963.227	14.55699999999888	trials	7.0	12973.563305	12974.990034999999			12973.054606999998	12975.54891			2.0		1.0	1.0					
12980.314	9.395999999998821	trials	7.0	12985.738076999998	12987.166227999998			12984.897124	12987.483048999999			2.0		1.0	1.0					
12993.229	12.650000000001455	trials	7.0	13000.028301999999	13001.959638999999	13003.383833999998	13004.192823	12999.465803	13002.571252	13004.119	13005.879	1.0	1.0	1.0	1.0					
13009.949	11.125	trials	7.0	13016.943915999998	13018.350514999998	13020.464845999999	13021.080065999999	13016.234359999999	13019.620835			1.0	2.0	0.0	3.0					
13024.824	16.354999999999563	trials	7.0	13036.209452	13037.848130999999	13038.808461999999	13039.587968	13035.411423999998	13037.969659999999	13039.5	13041.179	1.0	1.0	1.0	1.0					
13043.29	11.15899999999965	trials	7.0	13050.773605999999	13052.187360999998			13049.773035999999	13052.264243			2.0		1.0	1.0					
13057.974	13.600000000000364	trials	7.0	13064.243553999999	13066.112453	13070.617315	13071.581214999998	13063.470828	13066.288303			1.0	1.0	0.0	3.0					
13073.961	36.798000000000684	trials	7.0	13106.635488999998	13108.445832			13105.701024999998	13108.458128999999			2.0		1.0	1.0					
13114.264	14.040000000000873	trials	7.0	13122.394675	13123.640608999998	13127.735722999998	13128.313486	13121.536477999998	13126.710378			1.0	2.0	0.0	3.0					
13130.044	21.360000000000582	trials	7.0	13148.713912	13149.402396999998			13147.829323999998	13149.3928			1.0		0.0	2.0					
13153.415	22.576999999999316	trials	7.0	13164.385549999999	13165.682160999999	13167.156550999998	13167.951887	13163.724009999998	13166.374069	13167.835	13175.992	1.0	1.0	1.0	1.0					
13179.011	9.643000000000029	trials	7.0	13185.074176999999	13186.281426999998	13187.991568	13188.663457999999	13184.095111999999	13187.12293			1.0	1.0	0.0	3.0					
13190.365	14.61200000000099	trials	7.0	13200.829581999998	13202.475151999999			13200.123296	13202.742337999998			2.0		1.0	1.0					
13207.514	36.05000000000109	trials	7.0	13238.754384999998	13240.336662999998	13241.425183	13242.112626999999	13237.834286	13240.742165	13242.099	13243.564	1.0	1.0	1.0	1.0					
13245.585	10.854000000001179	trials	7.0	13250.994421	13252.259598999999	13254.280442	13254.842875999999	13250.043738999999	13253.550159999999	13254.964	13256.439	1.0	1.0	1.0	1.0					
13260.46	11.915000000000873	trials	7.0	13268.325003999998	13269.509411	13271.552419	13272.382361999998	13267.78502	13270.802532999998			1.0	1.0	0.0	3.0					
13273.884	14.865999999999985	trials	7.0	13284.754476999999	13286.482052	13288.211764999998	13288.757695999999	13284.166297999998	13287.464004999998			1.0	1.0	0.0	3.0					
13290.529	17.029999999998836	trials	7.0	13303.499776999999	13305.478825999999	13306.829319999999	13307.568087999998	13302.933448	13305.849675999998			1.0	1.0	0.0	3.0					
13310.17	17.78399999999965	trials	7.0	13325.105704	13326.366713	13327.410663999999	13327.964096999998	13324.429675	13326.662272999998			1.0	2.0	0.0	3.0					
13331.724	16.610999999998967	trials	7.0	13339.475661999999	13340.573932	13346.344400999998	13346.894635999999	13338.808896999999	13341.507754999999	13347.099	13348.335	1.0	1.0	1.0	1.0					
13351.45	9.018999999998414	trials	7.0	13355.730731	13357.205085	13359.470341999999	13360.478678	13355.104675999999	13358.826877			1.0	2.0	0.0	3.0					
13362.818	10.036000000000058	trials	7.0	13368.761709999999	13370.347068			13368.222292999999	13370.670729999998			2.0		1.0	1.0					
13375.389	17.350000000000364	trials	7.0	13388.56547	13389.772312	13391.721915999999	13392.385858	13388.016641999999	13390.899624999998			1.0	2.0	0.0	3.0					
13395.04	16.808999999999287	trials	7.0	13405.820461	13407.32722	13410.985357999998	13411.858616	13405.295134999998	13407.450069999999			1.0	1.0	0.0	3.0					
13415.431	14.813000000000102	trials	7.0	13426.596948999999	13427.687777	13429.501479999999	13430.250637	13425.756908	13428.790131999998			1.0	2.0	0.0	3.0					
13432.819	20.110000000000582	trials	7.0	13447.796026999999	13449.768090999998	13450.901038999998	13451.482027999999	13446.864588999999	13450.086671	13451.484	13452.929	1.0	1.0	1.0	1.0					
13456.946	7.853000000000975	trials	7.0	13460.000929999998	13461.760387999999	13463.926193	13464.809484999998	13459.244995	13463.208572			1.0	2.0	0.0	3.0					
13468.238	34.78100000000086	trials	7.0	13499.756002999999	13500.967456999999			13499.045224	13500.961573999999			1.0		0.0	2.0					
13506.029	11.789999999999054	trials	7.0	13515.121087	13515.768661999999			13514.435365	13515.757011999998			1.0		0.0	2.0					
13521.87	11.893999999998414	trials	7.0	13529.501137	13531.007667999998			13528.863175999999	13531.536514			2.0		1.0	1.0					
13538.328	6.126000000000204	trials	7.0	13540.847923	13541.94688			13539.951195999998	13542.291546999999			2.0		1.0	1.0					
13547.974	6.834999999999127	trials	7.0	13551.737142999998	13552.984095999998	13554.403774999999	13554.817625	13551.035735999998	13553.646574999999			1.0	1.0	0.0	3.0					
13556.719	16.33600000000115	trials	7.0	13568.741758999999	13570.551952999998			13567.996604999998	13570.841798999998			2.0		1.0	1.0					
13575.579	7.71100000000115	trials	7.0	13579.752085999999	13581.465214999998	13582.626720999999	13583.301489999998	13579.126177999999	13581.750645999999			1.0	2.0	0.0	3.0					
13584.985	24.80500000000029	trials	7.0	13606.303507999999	13607.797927999998			13605.756780999998	13607.789809999998			2.0		0.0	2.0					
13613.843	30.197000000000116	trials	7.0	13635.21653	13636.839849999998	13641.72626	13642.545622	13634.526842	13637.361970999998	13642.449	13644.04	1.0	1.0	1.0	1.0					
13647.11	8.639999999999418	trials	7.0	13651.263583999998	13653.068777999999	13654.882853	13655.756925999998	13650.684097	13654.237975999999			1.0	2.0	0.0	3.0					
13658.235	17.814000000000306	trials	7.0	13671.022814	13672.618867	13673.808894999998	13674.575047999999	13670.294586999999	13673.125336	13674.524	13676.049	1.0	1.0	1.0	1.0					
13680.119	9.421000000000276	trials	7.0	13684.072487	13686.042666	13687.097947999999	13687.867145999999	13683.526978999998	13686.391027999998	13687.875	13689.54	1.0	1.0	1.0	1.0					
13691.564	10.965000000000146	trials	7.0	13699.197579999998	13700.475727	13701.232999999998	13701.829339999998	13698.30574	13700.462284			1.0		0.0	2.0					
13705.54	18.66399999999885	trials	7.0	13720.402304	13721.655703999999			13719.486706	13721.935313999998			2.0		1.0	1.0					
13726.754	10.7599999999984	trials	7.0	13731.770288	13733.583818	13735.152241999998	13735.946363	13731.078418	13734.471554	13735.79	13737.514	1.0	1.0	1.0	1.0					
13739.534	10.229999999999563	trials	7.0	13746.117736999999	13747.837635999998	13748.978828	13749.775126999999	13745.400330999999	13748.337636999999			1.0	1.0	0.0	3.0					
13751.33	34.72899999999936	trials	7.0	13782.349063999998	13784.060966			13781.71885	13784.054617999998			1.0		0.0	2.0					
13789.072	15.396999999999025	trials	7.0	13797.764659999999	13798.973446999998	13803.508709999998	13804.48043	13797.249536	13799.474545			1.0	1.0	0.0	3.0					
13805.829	17.399999999999636	trials	7.0	13818.313210999999	13819.491901	13820.704192	13821.697219999998	13817.314801999999	13820.03149	13821.351	13823.229	1.0	1.0	1.0	1.0					
13827.25	8.97400000000016	trials	7.0	13832.757447999998	13834.190160999999	13835.721060999998	13836.237178	13832.137669	13835.06345			1.0	1.0	0.0	3.0					
13839.05	10.334000000000742	trials	7.0	13846.258087999999	13847.400099999999	13848.756925999998	13849.396035999998	13845.475456999999	13848.085648999999			1.0	1.0	0.0	3.0					
13851.064	14.819999999999709	trials	7.0	13859.788271	13861.131268	13863.089606	13863.870973	13859.196607999998	13862.275210999998	13863.839	13865.884	1.0	1.0	1.0	1.0					
13869.904	7.045000000000073	trials	7.0	13872.768902	13874.176574	13876.330845999999	13876.958691999998	13872.225621	13875.572419999999			1.0	2.0	0.0	3.0					
13879.637	21.112999999999374	trials	7.0	13894.118317999999	13895.461696999999	13899.959141	13900.761682999999	13893.534493	13896.112489			1.0	1.0	0.0	3.0					
13903.284	22.26000000000022	trials	7.0	13921.765227999998	13923.68162	13924.768951999999	13925.557352	13920.766425999998	13924.091385999998			1.0	1.0	0.0	3.0					
13927.109	18.659999999999854	trials	7.0	13941.784861999999	13943.162419999999			13940.882683999998	13943.657373999999	13945.494	13945.769	2.0		1.0	1.0					
13949.79	10.343999999999141	trials	7.0	13956.268957999999	13957.990022999998	13959.200905	13960.148242	13955.641345999999	13958.509364			1.0	1.0	0.0	3.0					
13963.555	17.644000000000233	trials	7.0	13973.874162999999	13975.29812	13977.035446999998	13977.892123	13973.157980999998	13976.319528999999	13977.75	13981.199	1.0	1.0	1.0	1.0					
13984.279	438.90999999999985	BlockDesign														1.0	725.0	755.0	90.0	50.0
13984.279	13.670000000000073	trials	8.0	13989.694033999998	13991.064251	13995.411949	13996.080283	13989.013200999998	13991.684514999999	13996.169	13997.949	1.0	1.0	1.0	1.0					
14002.0	6.165000000000873	trials	8.0	14004.048964999998	14005.665669999998			14003.444893999998	14006.067606999999			2.0		1.0	1.0					
14011.744	15.854999999999563	trials	8.0	14022.464167999999	14023.985547999999	14025.179074999998	14025.97913	14021.572702999998	14024.514389999998	14025.978	14027.599	1.0	1.0	1.0	1.0					
14031.619	11.949999999998909	trials	8.0	14039.214073	14040.360886999999	14041.255675999999	14041.987753999998	14038.303017999999	14040.674541999999	14041.994	14043.569	1.0	1.0	1.0	1.0					
14046.685	10.34900000000016	trials	8.0	14051.564887999999	14053.584409	14054.610109	14055.403412	14050.765843	14053.955286999999	14055.399	14057.034	1.0	1.0	1.0	1.0					
14059.094	14.25	trials	8.0	14067.609539	14069.553377999999	14070.849857	14071.752464	14066.977109	14070.216406	14071.599	14073.344	1.0	1.0	1.0	1.0					
14077.366	7.667999999999665	trials	8.0	14081.594061999998	14083.236858999999	14084.219614	14085.047514999998	14081.083502	14083.616746			1.0	1.0	0.0	3.0					
14086.525	16.23400000000038	trials	8.0	14097.649945	14099.378031999999	14100.480309999999	14101.212049999998	14097.074803	14099.851510999999	14101.189	14102.759	1.0	1.0	1.0	1.0					
14104.87	10.323999999998705	trials	8.0	14111.204032	14112.682932999998			14110.508065999999	14113.068248			2.0		1.0	1.0					
14118.731	9.597999999999956	trials	8.0	14123.321204	14124.401736999998	14125.98332	14126.722215999998	14122.628942	14125.307728	14126.609	14128.329	1.0	1.0	1.0	1.0					
14130.386	14.477999999999156	trials	8.0	14137.314769999999	14138.882835999999	14142.310249999999	14143.253869999999	14136.403379	14139.402374	14143.049	14144.864	1.0	1.0	1.0	1.0					
14146.974	8.65099999999984	trials	8.0	14150.834356	14151.903610999998	14153.275023999999	14153.997017	14150.299366	14152.641337	14153.984	14155.625	1.0	1.0	1.0	1.0					
14158.704	8.325000000000728	trials	8.0	14162.560953999999	14164.023955999999	14164.696042	14165.365629999998	14161.824454	14164.09117	14165.424	14167.029	1.0	1.0	1.0	1.0					
14169.125	9.983000000000175	trials	8.0	14175.043436	14176.60153			14174.275096999998	14176.895218999998			2.0		1.0	1.0					
14182.696	16.747999999999593	trials	8.0	14195.641248999998	14197.386394			14194.838437999999	14197.381742			1.0		0.0	2.0					
14202.5	11.984000000000378	trials	8.0	14210.115214999998	14211.984685			14209.455640999999	14212.255607			2.0		1.0	1.0					
14217.044	9.770000000000437	trials	8.0	14222.056987	14223.490128999998	14224.242073	14225.291911999999	14221.364028999998	14223.595105999999	14225.014	14226.814	1.0	1.0	1.0	1.0					
14230.879	6.729999999999563	trials	8.0	14234.351824999998	14235.612595999999	14236.225833999999	14236.736491999998	14233.470806	14235.609126			1.0		0.0	2.0					
14241.653	12.675999999999476	trials	8.0	14251.480833999998	14252.992360999999	14253.813354999998	14254.340863	14250.539824	14253.075232			1.0	2.0	0.0	3.0					
14257.179	15.389999999999418	trials	8.0	14267.307225999999	14269.032528999998	14270.133939	14270.798866	14266.558135	14269.464748999999	14270.884	14272.569	1.0	1.0	1.0	1.0					
14276.679	11.264999999999418	trials	8.0	14279.650967	14280.73972	14285.089751	14286.050985999998	14278.876127	14281.638017	14285.694	14287.944	1.0	1.0	1.0	1.0					
14290.019	8.409999999999854	trials	8.0	14293.991500999999	14295.53279	14296.313944	14296.900309999999	14293.178614999999	14295.724903999999	14296.984	14298.429	1.0	1.0	1.0	1.0					
14300.494	9.71599999999853	trials	8.0	14305.370759	14307.116398999999	14307.82649	14308.473796999999	14304.676296999998	14307.221502999999	14308.56	14310.21	1.0	1.0	1.0	1.0					
14314.155	8.135000000000218	trials	8.0	14318.526214999998	14320.297783999999	14321.054633	14321.516512999999	14317.966373	14320.290938999999			1.0		0.0	2.0					
14326.299	15.889999999999418	trials	8.0	14338.606413	14339.872721			14337.963549	14340.149942			2.0		1.0	1.0					
14345.719	7.08600000000115	trials	8.0	14348.840892999999	14350.507270999999			14348.22613	14350.739825999999			2.0		1.0	1.0					
14357.339	7.690000000000509	trials	8.0	14360.465392999999	14362.063407999998	14362.727230999999	14363.469841999999	14359.478219999999	14362.082235999998	14363.484	14365.029	1.0	1.0	1.0	1.0					
14368.094	13.0	trials	8.0	14376.211199	14378.226227	14378.807405	14379.480339999998	14375.569624999998	14378.209502999998	14379.549	14381.094	1.0	1.0	1.0	1.0					
14385.114	7.25	trials	8.0	14388.686661999998	14390.114296999998			14387.841497	14390.30087			2.0		1.0	1.0					
14396.903	9.331000000000131	trials	8.0	14402.526598999999	14404.184677999998	14404.866822	14405.245125999998	14401.946881999998	14404.179626			2.0		0.0	2.0					
14408.244	14.944999999999709	trials	8.0	14418.236218999999	14419.577494	14420.897251999999	14421.627499999999	14417.483526	14419.979668999998	14421.589	14423.189	1.0	2.0	1.0	1.0					
