onset	duration	nwb_table	block	tone_on_time	tone_off_time	action_on_time	action_off_time	pokeC_on_time	pokeC_off_time	reward_on_time	reward_off_time	state	action	reward	result	FinishedBlock	FirstTrial	LastTrial	RewardRule_L	RewardRule_R
3.407	461.17400000000004	BlockDesign														1.0	1.0	38.0	50.0	90.0
3.407	14.729	trials	1.0	14.376	15.730382	16.526697	16.835014	13.634449	15.972392999999999	17.311	18.136	1.0	2.0	1.0	1.0					
20.176	8.816000000000003	trials	1.0	26.069563000000002	26.926809	27.424885000000003	27.868114	25.148055999999997	26.920695000000002			1.0		0.0	2.0					
32.048	9.983999999999995	trials	1.0	39.085315	40.026720999999995			38.356927	40.016726			1.0		0.0	2.0					
44.037	8.584000000000003	trials	1.0	47.170318	49.231546	50.86705	51.154067	46.531918	49.562235	51.666	52.621	1.0	1.0	1.0	1.0					
54.501	7.145000000000003	trials	1.0	57.902947	59.106456	60.129732	60.349236999999995	57.164142999999996	59.560213	60.891	61.646	1.0	2.0	1.0	1.0					
63.676	6.286000000000001	trials	1.0	66.05521900000001	67.708087	68.363512	68.530096	65.30610300000001	67.797739	69.096	69.962	1.0	2.0	1.0	1.0					
72.985	5.811000000000007	trials	1.0	75.455692	76.788656	77.46115300000001	77.762191	74.843327	76.78398700000001			1.0		0.0	2.0					
82.805	11.116	trials	1.0	90.225274	91.61641800000001	92.56087500000001	92.791853	89.34303	92.046048	93.306	93.921	1.0	2.0	1.0	1.0					
96.947	7.5	trials	1.0	100.452313	102.12171400000001			99.865423	102.324021			2.0		1.0	1.0					
108.914	5.257000000000005	trials	1.0	110.52796500000001	111.88702900000001	112.676803	112.95793900000001	109.56980200000001	112.16367100000001	113.441	114.171	1.0	2.0	1.0	1.0					
116.227	6.713999999999999	trials	1.0	119.17554600000001	120.293514	121.337868	121.55706	118.265904	120.684882	122.106	122.941	1.0	2.0	1.0	1.0					
125.961	16.60000000000001	trials	1.0	139.207554	140.49183299999999			138.253729	140.488393			1.0		0.0	2.0					
146.566	30.260999999999996	trials	1.0	174.345917	175.402065	176.37421	176.828623	173.772334	175.688796			1.0	2.0	0.0	3.0					
180.661	14.139999999999986	trials	1.0	189.935937	191.78188899999998	194.483917	194.793418	189.37088599999998	192.284823			1.0	1.0	0.0	3.0					
197.822	9.894000000000005	trials	1.0	204.011497	205.137541			203.045515	205.415749			2.0		1.0	1.0					
210.181	7.5	trials	1.0	213.36122999999998	215.204001	216.136482	216.36209499999998	212.446747	215.52076599999998	216.907	217.681	1.0	2.0	1.0	1.0					
220.697	9.625	trials	1.0	226.360593	227.492148	229.995453	230.247727	225.70954	228.50865			1.0	1.0	0.0	3.0					
233.331	6.505000000000024	trials	1.0	235.356987	237.29285399999998	239.505834	239.65463799999998	234.496092	237.59304			1.0	1.0	0.0	3.0					
241.856	8.539999999999992	trials	1.0	246.761823	247.872738			246.03263199999998	248.169087			2.0		1.0	1.0					
252.926	6.871000000000038	trials	1.0	255.69144400000002	257.15736300000003			254.80455099999998	257.575596			2.0		1.0	1.0					
264.227	7.494000000000028	trials	1.0	267.497654	269.399994			266.62678	269.541424			2.0		1.0	1.0					
274.236	7.240000000000009	trials	1.0	276.845092	278.45452500000005	279.81903400000004	280.07637600000004	276.278212	279.13694100000004	280.657	281.476	1.0	2.0	1.0	1.0					
284.539	7.567000000000007	trials	1.0	288.107191	289.67764600000004	290.48246700000004	290.69248500000003	287.326076	289.94820100000004	291.306	292.106	1.0	2.0	1.0	1.0					
296.167	5.584000000000003	trials	1.0	298.056284	299.74705800000004			296.601196	299.737371			1.0		0.0	2.0					
305.805	7.825999999999965	trials	1.0	309.953047	311.048238			309.267785	311.296573			2.0		1.0	1.0					
318.096	5.795000000000016	trials	1.0	320.336657	321.823143	322.56196500000004	323.05005400000005	319.510855	321.81077100000005			1.0		0.0	2.0					
326.896	11.484999999999957	trials	1.0	334.58565100000004	336.372952			333.87005200000004	336.35897500000004			2.0		0.0	2.0					
341.399	7.026999999999987	trials	1.0	344.131735	346.16079			343.316701	346.204558			2.0		1.0	1.0					
350.941	7.775000000000034	trials	1.0	354.276196	356.18993700000004	357.13779400000004	357.35681500000004	353.7318	356.527468	358.051	358.716	1.0	2.0	1.0	1.0					
362.783	6.286000000000001	trials	1.0	364.489393	366.48798600000003	367.448486	367.608195	363.373066	366.83389900000003	368.341	369.069	1.0	2.0	1.0	1.0					
372.158	6.962999999999965	trials	1.0	374.682222	376.51833100000005	377.550358	377.695329	374.02216300000003	376.84402800000004	378.242	379.121	1.0	2.0	1.0	1.0					
381.146	7.471000000000004	trials	1.0	384.686445	386.61310000000003			383.85013000000004	386.603623			2.0		0.0	2.0					
392.664	18.992999999999995	trials	1.0	407.480116	409.148638			406.54476	409.440871			2.0		1.0	1.0					
414.18	6.815999999999974	trials	1.0	417.159332	418.25282200000004	419.22976600000004	419.44097400000004	416.373192	418.601941	420.066	420.996	1.0	2.0	1.0	1.0					
424.067	7.399000000000001	trials	1.0	427.031431	428.205142	431.10134500000004	431.447193	426.208317	429.023079			1.0	1.0	0.0	3.0					
433.431	9.379999999999995	trials	1.0	438.431866	440.192269	441.07374300000004	441.33826500000004	437.77371	440.540001	441.826	442.811	1.0	2.0	1.0	1.0					
445.841	6.473000000000013	trials	1.0	448.042317	449.530914	450.766461	450.864463	447.38101800000004	450.05599800000005	451.471	452.314	1.0	2.0	1.0	1.0					
455.361	9.220000000000027	trials	1.0	460.85661300000004	462.160936	463.08425400000004	463.19759100000005	460.096222	462.414712	463.806	464.581	1.0	2.0	1.0	1.0					
467.636	1953.5700000000002	BlockDesign														1.0	39.0	148.0	50.0	10.0
467.636	8.034999999999968	trials	2.0	472.502196	474.43347700000004	475.33801800000003	475.50773200000003	471.98008000000004	474.698301			1.0	2.0	0.0	3.0					
477.676	36.565999999999974	trials	2.0	483.498287	484.75498200000004	513.9796240000001	514.1827460000001	482.81167300000004	485.58878400000003			1.0	2.0	0.0	3.0					
516.251	8.245999999999981	trials	2.0	519.203545	520.819302	522.775392	523.073494	518.378479	521.049646	523.451	524.497	1.0	1.0	1.0	1.0					
528.568	10.663000000000011	trials	2.0	535.678326	537.701586	538.582282	538.827844	534.844284	537.977206			1.0	2.0	0.0	3.0					
542.927	24.480000000000018	trials	2.0	563.972333	565.556829	567.02692	567.410133	563.122083	565.823155			1.0	1.0	0.0	3.0					
570.371	7.735000000000014	trials	2.0	573.950472	575.600379			573.331591	575.860795			2.0		1.0	1.0					
582.636	7.509999999999991	trials	2.0	584.598193	586.049692			582.839643	586.0422			2.0		0.0	2.0					
592.151	13.67100000000005	trials	2.0	602.707337	604.185634	605.4117200000001	605.8261150000001	601.996022	604.775251			1.0	2.0	0.0	3.0					
608.764	10.432999999999993	trials	2.0	614.454171	616.139352	617.232078	617.662563	613.660027	616.466165			1.0	2.0	0.0	3.0					
619.606	20.29499999999996	trials	2.0	634.8624970000001	636.32403	638.074941	638.3822680000001	634.286906	637.032015	638.961	639.901	1.0	1.0	1.0	1.0					
643.941	5.800999999999931	trials	2.0	645.545568	647.23366			644.704114	647.5851210000001			2.0		1.0	1.0					
653.277	11.019999999999982	trials	2.0	654.857437	656.819102	662.767663	663.321198	654.154264	657.214641			1.0	1.0	0.0	3.0					
665.101	5.134999999999991	trials	2.0	666.957859	668.151531	669.913762	670.22808	664.301094	668.671867			1.0	1.0	0.0	3.0					
673.251	10.149999999999977	trials	2.0	680.147824	681.375952	682.906464	683.405388	679.537111	682.070745			1.0	2.0	0.0	3.0					
687.236	21.125	trials	2.0	704.9841680000001	706.970089	708.037702	708.249315	704.3384070000001	707.290561			1.0	2.0	0.0	3.0					
712.376	105.88	trials	2.0	815.508633	816.8004080000001	817.691245	817.851454	814.585324	817.113106			1.0	2.0	0.0	3.0					
822.026	19.405000000000086	trials	2.0	837.9549460000001	839.430126			836.9749840000001	839.418132			1.0		0.0	2.0					
843.439	12.677999999999997	trials	2.0	852.859692	854.239827	855.727002	856.1201120000001	852.3243620000001	855.033006			1.0	1.0	0.0	3.0					
858.055	10.583000000000084	trials	2.0	864.93754	866.587935			864.3830770000001	866.5755310000001			2.0		0.0	2.0					
871.649	13.116999999999962	trials	2.0	879.720246	881.157018	883.009422	883.351734	878.892631	882.305787	883.761	884.766	1.0	1.0	1.0	1.0					
887.805	8.961000000000013	trials	2.0	890.728848	892.5302320000001	894.982563	895.2719930000001	890.106495	892.896601	895.576	896.766	1.0	1.0	1.0	1.0					
899.786	8.261000000000081	trials	2.0	903.774271	905.708529	906.463482	906.684126	903.191088	905.7781160000001	907.181	908.047	1.0	2.0	1.0	1.0					
911.066	5.154999999999973	trials	2.0	913.330656	914.821108	915.9013610000001	916.054662	912.5553570000001	915.223291			1.0	2.0	0.0	3.0					
918.259	23.69100000000003	trials	2.0	937.759125	939.357135	940.25956	940.605267	936.823927	939.664209	940.951	941.95	1.0	2.0	1.0	1.0					
943.971	9.620000000000005	trials	2.0	949.849483	951.326901			949.0649090000001	951.534988			2.0		1.0	1.0					
956.149	38.49199999999996	trials	2.0	990.563319	992.3109460000001			989.932098	992.5209110000001			2.0		1.0	1.0					
999.091	4.580000000000041	trials	2.0	1000.893201	1002.065868	1003.1879700000001	1003.676568	1000.1397460000001	1002.4578750000001			1.0	2.0	0.0	3.0					
1006.524	24.89199999999994	trials	2.0	1028.5904309999999	1030.2818439999999	1031.0979699999998	1031.3533269999998	1027.71759	1030.550067			1.0	2.0	0.0	3.0					
1035.431	5.464999999999918	trials	2.0	1037.140217	1038.588448	1040.270953	1040.9008039999999	1036.1894249999998	1039.132017			1.0	1.0	0.0	3.0					
1042.606	18.440000000000055	trials	2.0	1055.474638	1056.8161679999998	1058.1401469999998	1058.3753889999998	1054.7434899999998	1057.511617			1.0	2.0	0.0	3.0					
1061.511	8.560999999999922	trials	2.0	1066.1357699999999	1067.817991			1065.4760339999998	1068.0644949999999			2.0		1.0	1.0					
1073.637	9.639000000000124	trials	2.0	1077.8847549999998	1079.4441339999998	1081.3056	1081.6054829999998	1076.930911	1080.3188229999998	1081.992	1083.276	1.0	1.0	1.0	1.0					
1087.301	11.295000000000073	trials	2.0	1091.1226609999999	1092.311244	1094.702926	1094.900373	1090.334842	1093.575103			1.0	1.0	0.0	3.0					
1099.041	19.92100000000005	trials	2.0	1100.8229379999998	1102.167084	1118.4041829999999	1118.966956	1098.603418	1103.1204249999998			1.0	1.0	0.0	3.0					
1120.746	11.788999999999987	trials	2.0	1127.3077979999998	1129.216813	1130.6557149999999	1130.915065	1126.6492289999999	1129.811053	1131.386	1132.535	1.0	1.0	1.0	1.0					
1135.561	5.490000000000009	trials	2.0	1137.9485849999999	1139.3754079999999	1140.4262669999998	1141.054633	1137.243399	1139.7550139999998			1.0	2.0	0.0	3.0					
1144.761	18.399000000000115	trials	2.0	1160.085189	1161.489817	1162.628871	1163.160586	1159.27678	1161.842308			1.0	1.0	0.0	3.0					
1165.015	7.545999999999822	trials	2.0	1167.922367	1169.097442	1170.733432	1171.017561	1166.962726	1169.947686	1171.471	1172.561	1.0	1.0	1.0	1.0					
1174.587	8.368999999999915	trials	2.0	1178.855034	1180.7025859999999			1178.170956	1180.9381309999999			2.0		1.0	1.0					
1187.486	13.282999999999902	trials	2.0	1197.5749059999998	1199.412355	1200.333627	1200.769918	1196.583433	1199.706227			1.0	2.0	0.0	3.0					
1202.697	6.497000000000071	trials	2.0	1206.2448869999998	1207.2631649999998	1208.626906	1209.1977459999998	1205.455354	1207.672617			1.0	2.0	0.0	3.0					
1211.978	11.727999999999838	trials	2.0	1219.655169	1221.4477479999998			1218.819892	1221.6762299999998			2.0		1.0	1.0					
1228.23	5.921000000000049	trials	2.0	1231.36987	1232.0925189999998			1230.406227	1232.085345			1.0		0.0	2.0					
1237.165	33.17599999999993	trials	2.0	1266.095887	1267.3630229999999	1268.085189	1268.324488	1265.3573259999998	1267.561354			1.0	2.0	0.0	3.0					
1270.461	9.391000000000076	trials	2.0	1276.6702149999999	1278.532189	1279.5073289999998	1279.8294039999998	1276.0122809999998	1278.807498			1.0	2.0	0.0	3.0					
1282.886	27.38000000000011	trials	2.0	1304.535625	1306.0263479999999	1308.4748459999998	1308.7859549999998	1303.859659	1307.431504	1309.216	1310.266	1.0	1.0	1.0	1.0					
1314.321	8.815000000000055	trials	2.0	1319.5608869999999	1320.8736159999999			1318.775631	1321.104781			2.0		1.0	1.0					
1325.682	8.389999999999873	trials	2.0	1329.6307649999999	1331.6001749999998	1333.506929	1334.079112	1328.761716	1332.1523129999998			1.0	1.0	0.0	3.0					
1335.894	9.36200000000008	trials	2.0	1341.3957819999998	1342.7467929999998			1340.647861	1343.1912829999999	1344.966	1345.186	2.0		1.0	1.0					
1348.776	15.689999999999827	trials	2.0	1355.865619	1357.713867	1362.5108519999999	1362.81613	1355.111215	1358.188279	1363.356	1364.466	1.0	1.0	1.0	1.0					
1367.326	55.141000000000076	trials	2.0	1419.082774	1420.6927289999999	1421.9640929999998	1422.471343	1418.4872309999998	1421.0608809999999			1.0	2.0	0.0	3.0					
1424.291	20.970000000000027	trials	2.0	1439.7926499999999	1441.5872279999999	1444.828194	1445.2704219999998	1438.897084	1441.57719			2.0		0.0	2.0					
1447.611	6.532999999999902	trials	2.0	1450.595881	1452.1129019999998	1453.394053	1454.148532	1449.599434	1452.5079489999998			1.0	2.0	0.0	3.0					
1457.724	22.36200000000008	trials	2.0	1475.926714	1477.365353	1479.6109299999998	1480.0913369999998	1475.268891	1478.560857			1.0	1.0	0.0	3.0					
1482.956	5.25	trials	2.0	1484.796586	1486.242745	1487.597317	1488.2130339999999	1484.0509	1486.87774			1.0	2.0	0.0	3.0					
1489.976	12.098999999999933	trials	2.0	1497.011812	1498.46461	1500.358945	1500.739635	1496.125374	1499.6206869999999	1501.242	1502.075	1.0	2.0	1.0	1.0					
1505.121	16.575999999999794	trials	2.0	1518.43268	1520.3436459999998	1521.375402	1521.615889	1517.652171	1520.7257379999999			1.0	2.0	0.0	3.0					
1524.706	33.16500000000019	trials	2.0	1555.003149	1556.3487269999998	1557.252331	1557.877806	1554.371211	1556.671813			1.0	2.0	0.0	3.0					
1560.586	11.690000000000055	trials	2.0	1568.2252469999999	1570.026525			1567.255942	1570.236328			2.0		1.0	1.0					
1575.849	37.40499999999997	trials	2.0	1607.571747	1609.1260209999998	1611.246665	1611.631471	1606.6315749999999	1609.4532869999998	1612.076	1613.254	1.0	1.0	1.0	1.0					
1616.301	32.94100000000003	trials	2.0	1644.958741	1646.913001			1644.136266	1647.120851			2.0		1.0	1.0					
1653.706	14.605000000000018	trials	2.0	1664.632019	1665.7998699999998			1664.0264069999998	1666.235044			2.0		1.0	1.0					
1671.852	6.8449999999998	trials	2.0	1674.4021109999999	1676.090503			1673.451271	1676.3427809999998	1678.346	1678.461	2.0		1.0	1.0					
1683.161	32.41099999999983	trials	2.0	1712.3179329999998	1713.953955	1715.066754	1715.5809809999998	1711.433832	1714.2955299999999			1.0	2.0	0.0	3.0					
1719.414	13.492999999999938	trials	2.0	1728.2239889999998	1729.9061219999999	1731.797584	1732.14962	1727.454462	1730.2921589999999			1.0	1.0	1.0	1.0					
1736.328	7.002999999999929	trials	2.0	1739.893357	1741.2490839999998	1742.825956	1743.3415169999998	1739.0211299999999	1741.7519069999998			1.0	1.0	0.0	3.0					
1747.151	6.439999999999827	trials	2.0	1750.152457	1751.3005739999999	1752.845183	1753.213476	1749.4380119999998	1752.12112			1.0	1.0	0.0	3.0					
1755.182	7.703999999999951	trials	2.0	1758.9593519999999	1760.3753669999999			1758.18456	1760.70543			2.0		1.0	1.0					
1765.414	11.672000000000025	trials	2.0	1773.3829799999999	1775.4316319999998	1776.7360139999998	1777.071864	1772.6699219999998	1775.996365			1.0	2.0	0.0	3.0					
1779.102	14.074999999999818	trials	2.0	1786.669279	1788.5146029999999	1791.4306769999998	1791.6977339999999	1785.841812	1789.174388	1792.176	1793.177	1.0	1.0	1.0	1.0					
1795.201	11.355000000000018	trials	2.0	1802.5607349999998	1804.124952	1806.073584	1806.564357	1801.9572389999998	1805.0049569999999			1.0	1.0	0.0	3.0					
1810.406	7.180000000000064	trials	2.0	1813.928624	1815.3645399999998	1817.050497	1817.5974119999998	1813.0674159999999	1815.8440959999998			1.0	1.0	0.0	3.0					
1819.391	5.954999999999927	trials	2.0	1822.298503	1823.53954	1825.022644	1825.289037	1821.594099	1824.4001139999998			1.0	2.0	0.0	3.0					
1829.359	10.957000000000107	trials	2.0	1833.183343	1834.473642	1839.87549	1840.324027	1832.5303959999999	1838.697753			1.0	1.0	0.0	3.0					
1842.197	7.104000000000042	trials	2.0	1845.482065	1846.7902239999999			1844.556825	1847.123208			2.0		1.0	1.0					
1852.826	28.33400000000006	trials	2.0	1878.0381479999999	1879.781335	1880.534074	1881.164401	1877.2356989999998	1879.978758			1.0	2.0	0.0	3.0					
1882.896	10.971000000000004	trials	2.0	1889.1388359999999	1891.099845	1893.370191	1893.874746	1888.609819	1891.2665009999998			1.0	1.0	0.0	3.0					
1895.701	9.238000000000056	trials	2.0	1900.4637719999998	1902.265269	1904.2259439999998	1904.951026	1899.497844	1903.314085			1.0	2.0	0.0	3.0					
1908.549	14.116999999999962	trials	2.0	1918.94346	1920.217596	1922.347393	1922.663562	1918.208571	1921.395094			1.0	1.0	0.0	3.0					
1926.71	5.7690000000000055	trials	2.0	1928.477394	1930.220709			1926.9551709999998	1930.3875189999999	1932.106	1932.216	2.0		1.0	1.0					
1935.039	9.092000000000098	trials	2.0	1939.768501	1941.0928259999998	1943.821146	1944.071587	1938.8556609999998	1942.6285469999998			1.0	2.0	0.0	3.0					
1946.149	13.937000000000126	trials	2.0	1951.533367	1953.131749	1958.104513	1958.511481	1950.792546	1954.066875	1958.816	1960.086	1.0	1.0	1.0	1.0					
1964.106	9.038999999999987	trials	2.0	1967.094073	1969.1557739999998	1972.7745539999999	1973.157238	1966.1486169999998	1971.2787389999999			1.0	1.0	0.0	3.0					
1975.102	11.158999999999878	trials	2.0	1982.4203249999998	1983.750333			1981.484608	1984.056891	1986.001	1986.226	2.0		1.0	1.0					
1989.782	13.21400000000017	trials	2.0	1999.0289289999998	2000.9455659999999	2002.367409	2003.007289	1998.1594679999998	2001.576609			1.0	2.0	0.0	3.0					
2005.751	14.5	trials	2.0	2016.166458	2017.4952839999999			2015.6520329999998	2018.033755			2.0		1.0	1.0					
2023.771	6.559999999999945	trials	2.0	2026.743651	2027.9406569999999	2029.904944	2030.342199	2026.0152899999998	2028.9706689999998			1.0	1.0	0.0	3.0					
2034.236	13.524999999999864	trials	2.0	2039.4837989999999	2041.3561359999999	2047.321834	2047.772083	2038.8746769999998	2042.0006309999999			1.0	1.0	0.0	3.0					
2049.666	7.155999999999949	trials	2.0	2052.113085	2053.641106	2056.2316690000002	2056.83343	2051.468737	2054.414863			1.0	1.0	0.0	3.0					
2058.57	6.310999999999694	trials	2.0	2062.0148240000003	2063.2757810000003	2064.355834	2064.891477	2061.0966550000003	2063.71399			1.0	2.0	0.0	3.0					
2067.686	14.989999999999782	trials	2.0	2078.1997220000003	2079.4264630000002			2077.341778	2080.4480820000003			2.0		1.0	1.0					
2085.246	12.389999999999873	trials	2.0	2090.6638510000002	2091.74557	2095.787752	2096.123247	2090.131371	2093.4542450000004	2096.461	2097.636	1.0	1.0	1.0	1.0					
2101.695	7.175999999999931	trials	2.0	2104.7108470000003	2106.165543			2104.1126280000003	2106.647613	2108.586	2108.871	2.0		1.0	1.0					
2110.896	11.254999999999654	trials	2.0	2115.890073	2117.918332	2121.721435	2122.162693	2115.130932	2119.727433			1.0	1.0	0.0	3.0					
2125.07	15.315999999999804	trials	2.0	2135.354362	2136.4601030000003	2138.496889	2138.839227	2134.4024440000003	2137.291264	2139.197	2140.386	1.0	1.0	1.0	1.0					
2144.447	37.021999999999935	trials	2.0	2174.3741720000003	2176.146274	2179.729408	2180.006311	2173.641498	2176.602295	2180.521	2181.469	1.0	1.0	1.0	1.0					
2184.501	29.097999999999956	trials	2.0	2209.6947	2211.5266100000003	2213.1939460000003	2213.6059840000003	2208.9015400000003	2211.8517030000003			1.0	1.0	0.0	3.0					
2216.514	12.355999999999767	trials	2.0	2225.410408	2226.7324080000003	2228.1241480000003	2228.879128	2224.6183290000004	2227.1753120000003			1.0	1.0	0.0	3.0					
2230.495	20.593000000000302	trials	2.0	2247.850809	2249.3553030000003	2250.461042	2251.102026	2247.096376	2249.5877760000003			1.0	2.0	0.0	3.0					
2254.787	21.600000000000364	trials	2.0	2271.194841	2273.111749	2274.634057	2274.9717250000003	2270.566024	2273.613996	2275.316	2276.387	1.0	1.0	1.0	1.0					
2279.408	8.432999999999993	trials	2.0	2282.8552050000003	2284.386942	2287.161771	2287.585042	2281.9625060000003	2285.472855			1.0	1.0	0.0	3.0					
2290.511	9.990000000000236	trials	2.0	2296.6864960000003	2297.9417200000003			2296.000842	2298.271408			2.0		1.0	1.0					
2305.039	8.63299999999981	trials	2.0	2310.865416	2312.3673710000003	2313.229048	2313.6855490000003	2310.3337140000003	2312.604643			1.0	2.0	0.0	3.0					
2315.601	25.920000000000073	trials	2.0	2336.015688	2337.973329	2339.625439	2340.0077840000004	2335.5000010000003	2338.730856	2329.285	2341.521	1.0	1.0	1.0	1.0					
2345.557	5.959000000000287	trials	2.0	2347.177995	2349.202056			2346.538249	2349.2621050000002			2.0		1.0	1.0					
2353.996	9.42699999999968	trials	2.0	2359.575562	2361.429991	2363.0692990000002	2363.431461	2358.88974	2361.7717500000003			1.0	2.0	0.0	3.0					
2365.386	8.93600000000015	trials	2.0	2369.7052000000003	2371.262674	2373.792895	2374.3354440000003	2368.9143980000003	2372.6654310000004			1.0	1.0	0.0	3.0					
2376.111	11.421000000000276	trials	2.0	2382.8662480000003	2384.635828	2386.913559	2387.2874420000003	2382.3218380000003	2386.0573050000003			1.0	1.0	0.0	3.0					
2390.242	9.428999999999633	trials	2.0	2393.726709	2395.147252	2399.3517540000003	2399.592909	2392.800111	2396.416299			1.0	1.0	0.0	3.0					
2401.681	19.52500000000009	trials	2.0	2416.1108440000003	2417.808073	2419.308	2419.697764	2415.368301	2418.341158	2419.996	2421.206	1.0	1.0	1.0	1.0					
2423.276	355.9050000000002	BlockDesign														1.0	149.0	175.0	90.0	50.0
2423.276	8.32400000000007	trials	3.0	2427.649198	2428.977612			2426.8949620000003	2429.227612			2.0		1.0	1.0					
2436.036	6.775000000000091	trials	3.0	2438.7309170000003	2440.472721			2438.0876660000004	2440.6306050000003			2.0		1.0	1.0					
2445.314	11.210000000000036	trials	3.0	2448.78082	2450.422993	2454.662194	2454.999361	2448.2040420000003	2452.926234	2455.356	2456.524	1.0	1.0	1.0	1.0					
2458.547	11.634000000000015	trials	3.0	2464.8916590000003	2465.982688	2468.22976	2468.534098	2464.2530380000003	2466.970453	2468.931	2470.181	1.0	1.0	1.0	1.0					
2472.231	8.304999999999836	trials	3.0	2475.33406	2476.474428	2478.460203	2478.807292	2474.6250640000003	2477.388199	2479.121	2480.536	1.0	1.0	1.0	1.0					
2484.572	7.513999999999669	trials	3.0	2488.2412600000002	2490.0514470000003			2487.340435	2490.0370390000003			2.0		0.0	2.0					
2495.121	11.275000000000091	trials	3.0	2501.2408640000003	2502.434968	2504.438125	2504.8164070000003	2500.701345	2503.4752040000003	2505.061	2506.396	1.0	1.0	1.0	1.0					
2510.416	8.897999999999683	trials	3.0	2512.8758430000003	2514.763162	2516.932146	2517.270219	2511.988778	2515.811458	2517.661	2519.314	1.0	1.0	1.0	1.0					
2522.416	9.865999999999985	trials	3.0	2525.656552	2527.648701	2530.39653	2530.720273	2524.7089800000003	2527.99908	2531.056	2532.282	1.0	1.0	1.0	1.0					
2536.316	9.600000000000364	trials	3.0	2539.516492	2541.271861	2543.823198	2544.12433	2538.8803000000003	2542.4664930000004	2544.631	2545.916	1.0	1.0	1.0	1.0					
2548.956	9.451000000000022	trials	3.0	2552.146443	2554.0255810000003	2556.2581450000002	2556.5750580000004	2551.1873920000003	2554.699161	2556.916	2558.407	1.0	1.0	1.0	1.0					
2561.481	10.539999999999964	trials	3.0	2566.316518	2567.7477240000003	2569.9681640000003	2570.309494	2565.730191	2568.87028	2570.661	2572.021	1.0	1.0	1.0	1.0					
2575.039	12.696999999999662	trials	3.0	2583.466624	2584.483467			2582.4981500000004	2585.654286	2587.436	2587.501	2.0		1.0	1.0					
2592.266	7.846000000000004	trials	3.0	2594.1114540000003	2596.133757	2598.0356180000003	2598.416404	2592.3098050000003	2596.3697970000003	2598.796	2600.112	1.0	1.0	1.0	1.0					
2602.131	10.970000000000255	trials	3.0	2607.771624	2608.910224	2611.166847	2611.371904	2606.88877	2610.069583	2611.971	2613.101	1.0	1.0	1.0	1.0					
2617.122	16.048999999999978	trials	3.0	2629.2581680000003	2630.538046	2631.566523	2631.7806880000003	2628.3732870000003	2630.881245	2632.282	2633.171	1.0	2.0	1.0	1.0					
2635.197	8.239000000000033	trials	3.0	2639.776678	2641.44231			2639.0398760000003	2641.432432			1.0		0.0	2.0					
2645.461	22.13000000000011	trials	3.0	2663.123794	2664.5433150000003	2665.771378	2666.1379850000003	2662.250293	2664.9166640000003	2666.383	2667.591	1.0	1.0	1.0	1.0					
2669.611	13.515000000000327	trials	3.0	2678.405683	2679.924477	2681.122954	2681.5550860000003	2677.478473	2680.424943	2681.907	2683.126	1.0	1.0	1.0	1.0					
2686.18	5.901000000000295	trials	3.0	2688.014894	2689.616214	2691.625137	2692.095123	2687.042457	2690.605216			1.0	2.0	0.0	3.0					
2693.991	10.416000000000167	trials	3.0	2698.091761	2699.493382	2702.3960500000003	2702.6066840000003	2697.158422	2700.0624660000003	2703.101	2704.407	1.0	1.0	1.0	1.0					
2707.431	8.960000000000036	trials	3.0	2712.057499	2714.043457			2711.4309900000003	2714.3084040000003			2.0		1.0	1.0					
2720.886	7.800000000000182	trials	3.0	2722.442254	2723.6841950000003	2726.653809	2726.9318470000003	2721.459033	2725.4458600000003	2727.561	2728.686	1.0	1.0	1.0	1.0					
2731.742	8.608999999999924	trials	3.0	2734.3423860000003	2736.1457530000002	2738.2359960000003	2738.6052440000003	2733.720103	2737.081465	2738.891	2740.351	1.0	1.0	1.0	1.0					
2743.371	9.114999999999782	trials	3.0	2746.0272680000003	2747.961181	2750.579278	2750.8191260000003	2745.4945350000003	2748.965589	2751.282	2752.486	1.0	1.0	1.0	1.0					
2756.552	10.253999999999905	trials	3.0	2762.251819	2764.2488390000003			2761.579956	2764.498429	2766.336	2766.806	2.0		1.0	1.0					
2770.664	8.516999999999825	trials	3.0	2774.898846	2776.0341120000003	2777.497675	2777.732294	2773.980204	2776.6011980000003	2778.211	2779.181	1.0	2.0	1.0	1.0					
2781.274	967.9450000000002	BlockDesign														1.0	176.0	236.0	10.0	50.0
2781.274	8.090000000000146	trials	4.0	2784.4847170000003	2786.594821			2783.473818	2786.7530340000003	2788.561	2789.364	2.0		1.0	1.0					
2791.395	7.887000000000171	trials	4.0	2795.887713	2797.793937	2798.723119	2798.9471780000003	2795.196727	2798.0818010000003			1.0	2.0	0.0	3.0					
2801.056	11.150000000000091	trials	4.0	2808.707148	2810.1794640000003	2811.7620770000003	2812.221363	2808.106683	2810.845276			1.0	1.0	0.0	3.0					
2814.096	13.157999999999902	trials	4.0	2822.7677630000003	2824.546128	2826.5933870000003	2826.955332	2822.1250800000003	2824.842316			1.0	1.0	0.0	3.0					
2829.916	9.522999999999683	trials	4.0	2835.955818	2837.86587	2839.012309	2839.451662	2835.0145390000002	2838.3411570000003			1.0	2.0	0.0	3.0					
2841.356	25.059999999999945	trials	4.0	2863.0680270000003	2864.529684	2865.9246470000003	2866.432107	2862.244753	2865.0987130000003			1.0	1.0	0.0	3.0					
2870.258	6.763000000000375	trials	4.0	2873.1805950000003	2874.3001480000003	2876.489611	2877.0325820000003	2872.522797	2875.499511			1.0	1.0	0.0	3.0					
2879.856	14.804999999999836	trials	4.0	2890.330927	2892.1046180000003			2889.5854590000004	2892.391521			2.0		1.0	1.0					
2899.149	17.352000000000317	trials	4.0	2912.598199	2913.934893			2911.7382580000003	2914.287882			2.0		1.0	1.0					
2920.986	8.890000000000327	trials	4.0	2924.9337640000003	2926.4547230000003	2927.9267520000003	2928.153895	2924.243857	2926.848895	2928.631	2929.876	1.0	2.0	1.0	1.0					
2933.896	9.489999999999782	trials	4.0	2938.623345	2940.2015140000003	2942.6134380000003	2943.401124	2937.969724	2941.449919			1.0	1.0	0.0	3.0					
2945.932	8.60400000000027	trials	4.0	2951.067016	2952.400153	2953.934127	2954.5497560000003	2950.2198780000003	2953.1153120000004			1.0	2.0	0.0	3.0					
2956.307	30.82400000000007	trials	4.0	2983.2931820000003	2984.690055	2985.535788	2985.7610280000004	2982.4368200000004	2984.949834	2986.336	2987.131	1.0	2.0	1.0	1.0					
2991.195	6.504999999999654	trials	4.0	2993.509893	2995.079029	2996.151471	2996.304517	2992.861426	2995.334488	2996.886	2997.7	1.0	2.0	1.0	1.0					
2999.716	9.644999999999982	trials	4.0	3004.774395	3007.008913			3004.231918	3007.2521810000003	3009.021	3009.301	2.0		1.0	1.0					
3012.801	8.58199999999988	trials	4.0	3017.1569280000003	3018.176715	3020.832996	3021.396045	3016.307443	3019.511787			1.0	1.0	0.0	3.0					
3024.157	9.429999999999836	trials	4.0	3028.9985220000003	3030.952495	3031.8916090000002	3032.151465	3028.4444940000003	3031.1626220000003	3032.726	3033.587	1.0	2.0	1.0	1.0					
3036.606	8.849999999999909	trials	4.0	3041.473947	3043.4623260000003	3044.745613	3044.8809180000003	3040.5893370000003	3043.997496			1.0	2.0	0.0	3.0					
3049.072	12.085000000000036	trials	4.0	3056.765949	3057.9251830000003	3060.716	3061.157	3055.816	3059.484			1.0	1.0	0.0	3.0					
3064.086	11.534000000000106	trials	4.0	3070.126	3071.76814	3073.7209730000004	3074.1058960000005	3069.5819720000004	3072.9091690000005	3074.532	3075.62	1.0	1.0	1.0	1.0					
3077.641	12.13000000000011	trials	4.0	3084.6658810000004	3086.0880490000004	3087.9165490000005	3088.1349980000005	3083.859659	3086.981693	3088.771	3089.771	1.0	2.0	1.0	1.0					
3091.796	9.41000000000031	trials	4.0	3097.5910670000003	3098.9775680000002	3100.6702510000005	3101.2088470000003	3096.9146000000005	3099.7725860000005			1.0	1.0	0.0	3.0					
3104.04	10.476000000000113	trials	4.0	3109.5544750000004	3110.8694450000003	3112.9032480000005	3113.0016290000003	3109.0097210000004	3111.9280100000005	3113.651	3114.516	1.0	2.0	1.0	1.0					
3118.541	7.004999999999654	trials	4.0	3121.6256780000003	3123.4731340000003			3120.952627	3123.4668830000005			2.0		0.0	2.0					
3129.556	12.914999999999964	trials	4.0	3138.320658	3139.9043260000003			3137.747839	3140.3422160000005			2.0		1.0	1.0					
3145.996	6.514999999999873	trials	4.0	3148.5209390000005	3149.6734450000004	3152.0503150000004	3152.514395	3148.004999	3151.068799			1.0	2.0	0.0	3.0					
3156.392	11.140000000000327	trials	4.0	3162.7358750000003	3164.602882	3167.1960860000004	3167.5094150000004	3162.00748	3166.335653			1.0	1.0	0.0	3.0					
3169.596	9.606000000000222	trials	4.0	3175.4797360000002	3177.217774	3178.708183	3179.205209	3174.952435	3177.6227300000005			1.0	1.0	0.0	3.0					
3183.051	5.445000000000164	trials	4.0	3184.8913150000003	3186.8784920000003	3187.8739180000002	3188.2904750000002	3183.46309	3187.16089			1.0	2.0	0.0	3.0					
3192.205	16.485999999999876	trials	4.0	3204.6378190000005	3206.3472610000003	3208.1188450000004	3208.694041	3203.7677240000003	3207.1644100000003			1.0	1.0	0.0	3.0					
3212.462	5.945000000000164	trials	4.0	3214.441905	3216.1483030000004			3213.6018890000005	3216.4006540000005	3218.157	3218.306	2.0		1.0	1.0					
3220.947	10.483999999999924	trials	4.0	3227.23127	3228.6480280000005			3226.227757	3229.1576080000004			2.0		1.0	1.0					
3235.937	7.09900000000016	trials	4.0	3239.7220960000004	3241.0329850000003	3241.9278160000003	3242.5135550000005	3239.036383	3241.018108			1.0		0.0	2.0					
3246.055	15.673999999999978	trials	4.0	3257.5292860000004	3259.0799930000003	3260.188457	3260.3628980000003	3256.7568480000004	3259.3912720000003	3260.996	3261.729	1.0	2.0	1.0	1.0					
3264.751	6.894999999999982	trials	4.0	3267.9912040000004	3269.6422820000003			3267.042808	3269.6304940000005			1.0		0.0	2.0					
3275.641	4.549999999999727	trials	4.0	3277.55416	3278.1900830000004			3275.641406	3278.177696			1.0		0.0	2.0					
3283.201	13.579999999999927	trials	4.0	3292.682263	3294.193228			3291.672061	3294.5779820000002			2.0		1.0	1.0					
3300.236	12.146999999999935	trials	4.0	3308.2922020000005	3309.910745	3310.7250460000005	3310.9652920000003	3307.299586	3310.0657040000006	3311.631	3312.383	1.0	2.0	1.0	1.0					
3314.403	8.658000000000357	trials	4.0	3319.984894	3321.613193	3322.7368330000004	3322.8617270000004	3319.278365	3322.0035350000003			1.0	2.0	0.0	3.0					
3325.111	18.82300000000032	trials	4.0	3340.0390270000003	3341.5421180000003	3342.3286000000003	3342.535463	3339.3921880000003	3341.71781	3343.086	3343.934	1.0	2.0	1.0	1.0					
3345.992	7.2289999999998145	trials	4.0	3349.123547	3350.8983180000005			3348.382453	3350.9716820000003	3352.806	3353.131	2.0		1.0	1.0					
3356.711	8.520000000000437	trials	4.0	3360.603492	3361.9080320000003	3363.645902	3363.8246750000003	3360.0382440000003	3362.7565550000004	3364.461	3365.231	1.0	2.0	1.0	1.0					
3369.274	10.442000000000007	trials	4.0	3374.3029330000004	3376.3044990000003	3377.7016080000003	3377.7978550000003	3373.2967610000005	3376.8059670000002	3378.331	3379.716	1.0	2.0	1.0	1.0					
3381.778	14.843000000000302	trials	4.0	3387.9985450000004	3389.7991960000004	3396.100542	3396.621822	3387.4294910000003	3390.553013			1.0	1.0	0.0	3.0					
3399.441	6.325000000000273	trials	4.0	3401.7528090000005	3403.50583			3401.2072070000004	3403.7389960000005	3405.492	3405.631	2.0		1.0	1.0					
3408.291	10.694999999999709	trials	4.0	3414.5426260000004	3415.714261	3417.3701680000004	3417.5497940000005	3413.8273610000006	3416.4645910000004	3418.157	3418.986	1.0	2.0	1.0	1.0					
3421.011	11.970000000000255	trials	4.0	3428.401041	3430.1821400000003	3431.288649	3431.476055	3427.4701000000005	3430.5282650000004	3431.996	3432.981	1.0	2.0	1.0	1.0					
3437.021	7.794999999999618	trials	4.0	3440.3657590000003	3441.84529	3444.4964090000003	3444.768371	3439.8343660000005	3442.803029			1.0	1.0	0.0	3.0					
3447.826	6.5900000000001455	trials	4.0	3450.0727540000003	3451.1189930000005	3453.3028550000004	3453.6541540000003	3449.3605480000006	3452.586455			1.0	2.0	0.0	3.0					
3456.681	105.47600000000011	trials	4.0	3559.242599	3560.6303140000005	3561.582686	3562.1575900000003	3558.329798	3561.0125630000002			1.0	2.0	0.0	3.0					
3563.896	18.135999999999967	trials	4.0	3579.0834800000002	3580.6847580000003	3581.545873	3582.0369150000006	3578.3153730000004	3580.9378110000002			1.0	2.0	0.0	3.0					
3584.9	11.27599999999984	trials	4.0	3588.4380560000004	3589.574552			3587.769611	3589.9137980000005	3591.826	3591.921	2.0		1.0	1.0					
3596.626	6.129999999999654	trials	4.0	3598.4635030000004	3600.1999100000003			3596.1795010000005	3600.50327			2.0		1.0	1.0					
3607.282	16.210999999999785	trials	4.0	3618.2734980000005	3619.885063	3622.929958	3623.493574	3617.562245	3620.461717			1.0	1.0	0.0	3.0					
3626.266	5.949999999999818	trials	4.0	3628.6286210000003	3630.609749	3631.8209530000004	3632.219699	3627.6621170000003	3630.9727250000005			1.0	2.0	0.0	3.0					
3636.195	5.911000000000058	trials	4.0	3638.4286700000002	3639.5338220000003			3637.612504	3639.9960050000004			2.0		1.0	1.0					
3645.61	9.280999999999949	trials	4.0	3650.795899	3652.3104110000004	3653.218212	3653.479244	3649.8770030000005	3652.5539360000002	3654.032	3654.891	1.0	2.0	1.0	1.0					
3657.951	8.559999999999945	trials	4.0	3661.2272390000003	3662.9828570000004	3664.3522300000004	3664.562142	3660.515357	3663.581735	3665.136	3666.511	1.0	2.0	1.0	1.0					
3668.532	9.542999999999665	trials	4.0	3673.893507	3675.6902400000004	3677.6066020000003	3678.0738340000003	3673.3001870000003	3676.1179070000003			1.0	1.0	0.0	3.0					
3681.936	5.315000000000055	trials	4.0	3683.9554390000003	3685.336012	3686.4786790000003	3686.6424490000004	3683.2388360000004	3685.788461			1.0	2.0	0.0	3.0					
3690.822	58.396999999999935	trials	4.0	3745.1840450000004	3746.6751730000005	3747.6358920000002	3747.8302660000004	3744.2910170000005	3746.9083360000004	3748.381	3749.219	1.0	2.0	1.0	1.0					
3751.276	769.5430000000006	BlockDesign														1.0	237.0	269.0	50.0	10.0
3751.276	10.740000000000236	trials	5.0	3758.4847210000003	3760.0169180000003			3757.919498	3760.0055570000004			1.0		0.0	2.0					
3766.026	16.789999999999964	trials	5.0	3778.838224	3780.4422860000004			3778.041693	3780.6518270000006			2.0		1.0	1.0					
3785.32	6.528999999999996	trials	5.0	3788.679598	3790.1566080000002	3791.2015840000004	3791.394799	3788.1490830000002	3790.50496			1.0	2.0	0.0	3.0					
3795.557	10.659000000000106	trials	5.0	3802.464817	3803.8862740000004	3805.5488170000003	3806.2199920000003	3801.8405900000002	3804.6394470000005			1.0	1.0	0.0	3.0					
3808.899	11.541999999999916	trials	5.0	3815.4156430000003	3816.8362740000002	3818.4352430000004	3818.8095650000005	3814.6568530000004	3817.6051780000003	3819.121	3820.441	1.0	1.0	1.0	1.0					
3822.32	9.240999999999985	trials	5.0	3827.735141	3829.5599310000002			3826.7562880000005	3829.5494710000003			1.0		0.0	2.0					
3834.572	4.871999999999844	trials	5.0	3836.4648800000004	3837.596159	3838.8886970000003	3839.448745	3834.7371690000004	3838.09943			1.0	2.0	0.0	3.0					
3842.23	295.0440000000003	trials	5.0	4134.252455	4136.107001	4136.938663000001	4137.279907	4133.464553	4136.331839			1.0	2.0	0.0	3.0					
4140.261	40.539999999999964	trials	5.0	4176.164007	4177.222985	4178.6129200000005	4179.227584	4175.522081	4177.858636000001	4179.231	4180.801	1.0	1.0	1.0	1.0					
4183.867	8.65899999999965	trials	5.0	4187.351444	4189.07129	4190.595794000001	4190.91301	4186.754423	4189.735414000001	4191.431	4192.526	1.0	1.0	1.0	1.0					
4196.546	8.079999999999927	trials	5.0	4199.176372	4200.838027	4202.275582	4202.695028	4198.248859	4201.338226	4203.131	4204.626	1.0	1.0	1.0	1.0					
4208.651	6.975000000000364	trials	5.0	4212.461008	4214.072822	4215.308789000001	4215.63259	4211.828210000001	4214.446852			1.0	2.0	0.0	3.0					
4217.641	18.825000000000728	trials	5.0	4232.409610000001	4233.983083	4235.829059000001	4236.472531	4231.712212	4235.08682			1.0	1.0	0.0	3.0					
4238.195	7.3510000000005675	trials	5.0	4241.557226000001	4242.938145			4240.829483	4243.3288250000005			2.0		1.0	1.0					
4248.026	13.5600000000004	trials	5.0	4256.551909	4257.747880000001	4259.44363	4259.820521000001	4255.582537	4258.515380000001	4260.246	4261.586	1.0	1.0	1.0	1.0					
4264.621	8.125	trials	5.0	4268.161135	4270.182044			4267.366202	4270.4474660000005	4272.351	4272.441	2.0		1.0	1.0					
4276.227	10.759000000000015	trials	5.0	4282.686467	4284.65912			4281.919888	4284.895004			2.0		1.0	1.0					
4289.431	9.045000000000073	trials	5.0	4294.201448	4296.237178	4298.052448	4298.4853410000005	4293.606292	4296.616201000001			1.0	1.0	0.0	3.0					
4301.386	8.148999999999432	trials	5.0	4304.73742	4305.8836790000005	4307.533354	4307.858567	4303.813406	4306.506445	4308.276	4309.535	1.0	1.0	1.0	1.0					
4311.556	12.69000000000051	trials	5.0	4315.132931	4317.082858	4323.789662	4324.253992	4314.1283570000005	4317.927401000001			1.0	1.0	0.0	3.0					
4326.121	11.201000000000022	trials	5.0	4330.982686	4332.42791	4335.312356	4335.603821000001	4330.133267	4333.106117	4336.036	4337.322	1.0	1.0	1.0	1.0					
4341.367	6.993999999999687	trials	5.0	4343.6828270000005	4345.503877			4343.153485000001	4346.050879	4347.992	4348.136	2.0		1.0	1.0					
4351.846	8.700000000000728	trials	5.0	4357.503311	4358.648836	4360.086155000001	4360.551814	4356.848063	4359.286816			1.0	2.0	0.0	3.0					
4364.401	16.421000000000276	trials	5.0	4375.177777000001	4376.928998	4378.491752	4378.910801	4374.588593	4377.596513	4379.291	4380.822	1.0	1.0	1.0	1.0					
4384.846	9.545000000000073	trials	5.0	4390.132729000001	4391.595823000001	4393.863714	4394.398687000001	4389.527923000001	4392.9449			1.0	1.0	0.0	3.0					
4398.211	9.75	trials	5.0	4403.942084	4405.058822000001			4403.218951000001	4405.493197	4407.331	4407.961	2.0		1.0	1.0					
4411.711	7.390999999999622	trials	5.0	4415.802558	4417.309747	4418.745631	4419.107065	4415.14306	4417.810764			1.0	2.0	0.0	3.0					
4422.069	37.396999999999935	trials	5.0	4451.902414	4453.929053	4455.301960000001	4456.103479	4451.141464	4454.449295			1.0	1.0	0.0	3.0					
4459.68	7.070999999999913	trials	5.0	4461.45889	4463.130844	4464.605858000001	4464.908753000001	4459.475827	4463.635972	4465.322	4466.751	1.0	1.0	1.0	1.0					
4468.779	8.337999999999738	trials	5.0	4473.548788	4474.83161	4476.459062	4476.776320000001	4472.739002	4475.50748			1.0	1.0	0.0	3.0					
4479.791	17.13500000000022	trials	5.0	4493.044177	4495.093895	4496.504041	4496.934053000001	4492.2235820000005	4495.499683			1.0	1.0	0.0	3.0					
4499.877	4.933999999999287	trials	5.0	4501.508065	4502.81329	4503.629824000001	4503.8632880000005	4500.710803	4502.807119			1.0		0.0	2.0					
4507.816	13.003000000000611	trials	5.0	4515.027635	4516.806004	4520.756974	4521.282067	4514.392883	4518.195358000001			1.0	1.0	0.0	3.0					
4524.133	1866.4679999999998	BlockDesign														1.0	270.0	378.0	50.0	90.0
4524.133	14.304000000000087	trials	6.0	4533.601648	4535.494468000001	4536.542711	4536.935528	4532.8100890000005	4535.853512000001	4537.367	4538.437	1.0	1.0	1.0	1.0					
4540.461	9.63299999999981	trials	6.0	4546.271831	4547.5552720000005	4549.568243000001	4550.097568	4545.6564020000005	4548.517202			1.0	1.0	0.0	3.0					
4552.896	17.25500000000011	trials	6.0	4565.724065	4566.953564	4569.108200000001	4569.568963000001	4565.127854	4568.300321000001			1.0	1.0	0.0	3.0					
4572.451	13.979999999999563	trials	6.0	4581.834638	4583.811077	4584.763349000001	4585.013620000001	4581.261993	4584.002119000001	4585.526	4586.431	1.0	2.0	1.0	1.0					
4588.451	10.425000000000182	trials	6.0	4594.077688	4595.715139	4597.013017	4597.270801000001	4593.2662900000005	4596.165717	4597.816	4598.876	1.0	2.0	1.0	1.0					
4600.914	28.105000000000473	trials	6.0	4622.64983	4624.564984000001	4627.21487	4627.450043000001	4622.097286	4626.093137	4627.971	4629.019	1.0	2.0	1.0	1.0					
4632.055	13.985999999999876	trials	6.0	4642.318135	4643.531981			4641.545147000001	4643.922598			2.0		1.0	1.0					
4650.572	11.759000000000015	trials	6.0	4658.149072	4659.970563000001			4657.464404	4660.105312000001	4661.941	4662.176	2.0		1.0	1.0					
4666.751	11.423999999999978	trials	6.0	4669.788448	4670.900182	4677.643961	4678.179253	4668.7960330000005	4671.337523			1.0	1.0	0.0	3.0					
4681.981	15.070000000000618	trials	6.0	4692.773477000001	4694.289916000001			4692.036446	4694.6598650000005	4696.651	4697.051	2.0		1.0	1.0					
4700.086	11.80999999999949	trials	6.0	4707.604163	4709.156644000001	4710.103522	4710.3454520000005	4706.653792	4709.383213	4710.846	4711.896	1.0	2.0	1.0	1.0					
4713.921	11.644999999999527	trials	6.0	4720.53088	4722.020795	4723.452475	4723.562225000001	4719.765424	4722.659651	4724.141	4725.566	1.0	2.0	1.0	1.0					
4727.227	16.48400000000038	trials	6.0	4739.866898	4741.110139			4739.200963	4741.4268520000005			2.0		1.0	1.0					
4748.182	7.148000000000138	trials	6.0	4751.498371000001	4752.915328	4754.209957	4754.401265	4750.599448000001	4753.351652			1.0	2.0	1.0	1.0					
4759.742	22.809000000000196	trials	6.0	4779.580246	4781.403676	4782.221282	4782.314456	4779.070327	4781.456016			1.0	2.0	0.0	3.0					
4784.57	11.546000000000276	trials	6.0	4791.935368	4793.490689	4795.692214000001	4796.12357	4791.040516	4794.082936000001			1.0	1.0	0.0	3.0					
4798.055	6.871000000000095	trials	6.0	4801.085893	4802.186149	4803.0416350000005	4803.282532	4800.142883	4802.455384000001	4803.661	4804.926	1.0	2.0	1.0	1.0					
4807.951	6.755000000000109	trials	6.0	4811.259395	4812.707165			4810.498699	4812.701327000001			1.0		0.0	2.0					
4817.716	23.824999999999818	trials	6.0	4829.98913	4831.035619	4839.5660020000005	4839.9475090000005	4829.013242	4831.659884000001	4840.322	4841.541	1.0	1.0	1.0	1.0					
4844.556	9.055000000000291	trials	6.0	4849.214894000001	4851.2873930000005			4848.636026	4851.3342760000005			2.0		1.0	1.0					
4857.086	12.43499999999949	trials	6.0	4865.538949	4867.011682			4864.6456450000005	4867.312658000001	4869.231	4869.407	2.0		1.0	1.0					
4874.07	20.079000000000633	trials	6.0	4889.160706000001	4890.4756640000005	4893.806006000001	4894.1345630000005	4888.509635	4891.530265			1.0	1.0	0.0	3.0					
4898.131	6.674999999999272	trials	6.0	4900.327337000001	4902.066283	4903.077902	4903.402417	4899.354412000001	4902.286361	4903.811	4904.806	1.0	2.0	1.0	1.0					
4908.878	11.552999999999884	trials	6.0	4915.890217	4917.825281	4918.871315	4919.0059630000005	4914.886562000001	4918.164881000001	4919.617	4920.431	1.0	2.0	1.0	1.0					
4922.448	12.472999999999956	trials	6.0	4931.854946	4933.841876	4934.595757	4934.761798	4930.977008	4933.873688000001			1.0	2.0	0.0	3.0					
4936.971	9.38000000000011	trials	6.0	4942.7723000000005	4944.651274	4946.028322	4946.344384	4942.124935	4944.701244			1.0	1.0	0.0	3.0					
4950.356	6.789999999999964	trials	6.0	4952.494438000001	4954.3576060000005	4955.597129	4955.808746000001	4951.538531	4954.747618	4956.251	4957.146	1.0	2.0	1.0	1.0					
4959.171	8.461999999999534	trials	6.0	4963.14992	4964.886743	4965.81761	4966.014821000001	4962.339455	4965.134899000001	4966.541	4967.633	1.0	2.0	1.0	1.0					
4970.68	13.440999999999804	trials	6.0	4978.805281000001	4980.437086	4982.306714	4982.5204730000005	4978.054177	4980.96917	4982.947	4984.121	1.0	2.0	1.0	1.0					
4988.192	7.600000000000364	trials	6.0	4991.124779	4992.817009	4994.002334000001	4994.228950000001	4990.542523	4993.322702	4994.686	4995.792	1.0	2.0	1.0	1.0					
4997.806	12.340000000000146	trials	6.0	5005.164613000001	5007.017395000001	5009.779163	5010.156149	5004.311540000001	5007.677684			1.0	1.0	0.0	3.0					
5013.111	7.619999999999891	trials	6.0	5016.6455320000005	5018.227094			5015.7521750000005	5018.501051			2.0		1.0	1.0					
5024.266	8.916000000000167	trials	6.0	5028.619876000001	5030.559388000001	5031.488944000001	5031.603679	5027.785708	5030.619485	5032.276	5033.182	1.0	2.0	1.0	1.0					
5035.206	12.452000000000226	trials	6.0	5040.745576	5041.971563	5045.7932	5046.111521000001	5039.906214000001	5042.801735	5046.586	5047.658	1.0	1.0	1.0	1.0					
5051.671	7.349999999999454	trials	6.0	5053.636204	5054.919833	5057.056717	5057.123561	5052.868187	5055.721435	5057.816	5059.021	1.0	2.0	1.0	1.0					
5061.072	19.045000000000073	trials	6.0	5076.640606000001	5078.123029			5075.796166	5078.109619000001			2.0		0.0	2.0					
5083.152	5.880000000000109	trials	6.0	5085.280313	5086.468232			5084.468965	5086.837888			2.0		1.0	1.0					
5093.566	7.4099999999998545	trials	6.0	5096.591066000001	5098.317124	5099.211386000001	5099.465135	5095.601360000001	5098.616018000001	5099.876	5100.976	1.0	2.0	1.0	1.0					
5103.016	7.3400000000001455	trials	6.0	5106.985613000001	5108.359410000001	5109.202142	5109.55661	5106.052937	5108.35318			1.0		0.0	2.0					
5113.367	14.609999999999673	trials	6.0	5125.105843	5125.9728350000005			5124.308774	5125.963859			1.0		0.0	2.0					
5131.992	16.333999999999833	trials	6.0	5143.8562520000005	5145.088538	5146.748984	5146.969256	5143.279028000001	5145.694577	5147.461	5148.326	1.0	2.0	1.0	1.0					
5152.347	10.748999999999796	trials	6.0	5161.0302870000005	5161.037831			5160.075	5161.021			2.0		0.0	2.0					
5167.109	20.37199999999939	trials	6.0	5183.866045000001	5185.41823			5183.177449000001	5185.4107460000005			1.0		0.0	2.0					
5190.486	16.301000000000386	trials	6.0	5201.366201000001	5203.039094	5204.946893	5205.267305	5200.577833	5203.297879	5205.836	5206.787	1.0	1.0	1.0	1.0					
5208.806	8.033000000000357	trials	6.0	5214.425833	5215.482859	5216.359516	5216.8495570000005	5213.593999000001	5215.770854			1.0	2.0	0.0	3.0					
5219.681	31.355000000000473	trials	6.0	5224.702355	5226.157625	5227.131035	5227.16748	5223.858033	5226.495319	5227.826	5251.036	1.0	2.0	1.0	1.0					
5253.091	31.224999999999454	trials	6.0	5280.85154	5282.2533920000005	5282.918463	5283.4576	5280.130144000001	5282.24578			1.0		0.0	2.0					
5286.326	21.015000000000327	trials	6.0	5302.433021000001	5304.3782710000005	5305.584074	5305.870981	5301.713579	5304.772937	5306.296	5307.341	1.0	2.0	1.0	1.0					
5309.367	57.20499999999993	trials	6.0	5363.67325	5365.058789000001	5366.010284	5366.587079000001	5362.918088	5365.309178			1.0	1.0	0.0	3.0					
5369.326	32.25500000000011	trials	6.0	5398.177584000001	5399.555628			5397.637146000001	5399.545564			2.0		0.0	2.0					
5404.64	8.601999999999862	trials	6.0	5407.982120000001	5409.5540790000005	5411.369867	5411.732342	5407.387360000001	5410.289624000001	5412.206	5413.242	1.0	1.0	1.0	1.0					
5417.289	12.837000000000444	trials	6.0	5426.291962	5427.564343			5425.57099	5427.888068			2.0		1.0	1.0					
5434.591	9.565999999999804	trials	6.0	5439.999976000001	5441.796886			5439.284576	5441.949114000001			2.0		1.0	1.0					
5446.586	18.929000000000087	trials	6.0	5461.702028	5463.148983000001			5460.836692000001	5463.345605	5465.136	5465.451	2.0		1.0	1.0					
5468.947	13.252999999999702	trials	6.0	5478.817771	5480.790178	5481.768773	5482.208963000001	5477.88043	5480.862793			1.0	1.0	0.0	3.0					
5484.076	8.449999999999818	trials	6.0	5487.252163	5488.8493610000005	5490.481735	5490.917875	5486.6552360000005	5489.635921000001	5491.256	5492.526	1.0	2.0	1.0	1.0					
5494.546	19.235999999999876	trials	6.0	5509.4329880000005	5511.0909090000005	5512.074775000001	5512.313483	5508.868833	5511.206203	5512.871	5513.782	1.0	2.0	1.0	1.0					
5517.805	11.680999999999585	trials	6.0	5525.123354	5526.817145000001	5527.8449820000005	5528.044178	5524.1851830000005	5527.1093	5528.706	5529.486	1.0	2.0	1.0	1.0					
5533.506	10.88000000000011	trials	6.0	5539.637643	5541.419323	5542.668047	5542.845071	5539.017866	5541.647852	5543.381	5544.386	1.0	2.0	1.0	1.0					
5546.411	11.215000000000146	trials	6.0	5552.957549000001	5554.546142	5555.895262	5555.947733000001	5552.143106	5554.986728	5556.751	5557.626	1.0	2.0	1.0	1.0					
5560.646	11.11200000000008	trials	6.0	5569.223311	5570.2543940000005	5571.396463000001	5571.759808000001	5568.634405000001	5570.61286			1.0	2.0	0.0	3.0					
5574.721	13.686000000000604	trials	6.0	5583.603014	5584.879166000001	5586.379504	5586.751185000001	5582.992489	5585.293441	5587.091	5588.407	1.0	1.0	1.0	1.0					
5590.478	9.358000000000175	trials	6.0	5595.183808	5596.350465	5597.697496000001	5598.106595	5594.538134	5596.7729770000005	5598.586	5599.836	1.0	1.0	1.0	1.0					
5602.883	39.54899999999998	trials	6.0	5638.903136000001	5640.369974			5638.218583	5640.366832			2.0		0.0	2.0					
5645.441	5.199999999999818	trials	6.0	5647.752927	5648.649923000001	5650.155428	5650.338881	5645.842859	5648.642099000001			1.0		0.0	2.0					
5653.666	6.6599999999998545	trials	6.0	5656.983208	5658.489974	5659.550758	5659.886726000001	5656.024688	5658.785678			1.0	1.0	0.0	3.0					
5662.867	8.269000000000233	trials	6.0	5666.252858	5667.895264000001	5669.207710000001	5669.48044	5665.713491	5668.2628970000005	5669.947	5671.136	1.0	1.0	1.0	1.0					
5674.191	9.574999999999818	trials	6.0	5680.277368000001	5681.7118900000005	5683.198298	5683.736995	5679.2703520000005	5681.701967000001			1.0		0.0	2.0					
5685.776	48.80000000000018	trials	6.0	5730.29117	5731.717109	5732.819391000001	5733.146779000001	5729.513207	5732.076734	5733.617	5734.576	1.0	2.0	1.0	1.0					
5736.626	11.079999999999927	trials	6.0	5743.385059	5744.598233000001	5745.763894	5746.017373000001	5742.67598	5745.053158000001	5746.657	5747.706	1.0	2.0	1.0	1.0					
5750.771	8.770000000000437	trials	6.0	5756.304562	5757.5465730000005			5755.502228	5757.53521			1.0		0.0	2.0					
5763.557	14.364000000000487	trials	6.0	5774.327203000001	5775.420395			5773.533914	5775.832155	5777.486	5777.641	2.0		1.0	1.0					
5782.456	9.345000000000255	trials	6.0	5786.979325	5789.042881	5790.042377	5790.3293570000005	5785.999890000001	5789.396726000001	5790.716	5791.801	1.0	2.0	1.0	1.0					
5795.822	10.519000000000233	trials	6.0	5803.148067	5804.516627000001	5805.477923	5805.956915000001	5802.563105	5804.783984			1.0	2.0	0.0	3.0					
5809.848	22.634000000000015	trials	6.0	5827.6090970000005	5828.779373	5830.497436	5830.844341	5826.99095	5829.46048	5831.242	5832.482	1.0	1.0	1.0	1.0					
5836.526	6.811000000000604	trials	6.0	5838.716096	5840.420554	5841.588138000001	5841.739342000001	5837.976224	5840.733041	5842.356	5843.337	1.0	2.0	1.0	1.0					
5845.356	8.949999999999818	trials	6.0	5850.167353000001	5851.9510820000005			5849.425748	5852.188263			2.0		1.0	1.0					
5856.792	6.614999999999782	trials	6.0	5859.683518	5860.842689000001			5858.7204520000005	5861.257465000001	5863.072	5863.361	2.0		1.0	1.0					
5867.852	9.305000000000291	trials	6.0	5872.410223000001	5874.292738	5875.622846	5875.726661000001	5871.413711	5874.742603000001	5876.436	5877.157	1.0	2.0	1.0	1.0					
5880.181	8.814000000000306	trials	6.0	5884.2392660000005	5885.529684	5887.029488	5887.316695	5883.50417	5886.127373	5887.846	5888.995	1.0	2.0	1.0	1.0					
5891.042	10.407999999999447	trials	6.0	5896.864562000001	5898.863233	5899.774093	5899.872107	5896.006181000001	5899.0233100000005	5900.617	5901.45	1.0	2.0	1.0	1.0					
5903.471	9.415000000000873	trials	6.0	5908.245032000001	5909.565224	5911.206982	5911.412636000001	5907.261185	5910.265247	5911.896	5912.886	1.0	2.0	1.0	1.0					
5914.932	10.173999999999978	trials	6.0	5920.0711	5921.911258	5923.2802280000005	5923.397185	5919.084788	5922.238370000001	5924.131	5925.106	1.0	2.0	1.0	1.0					
5929.166	8.365999999999985	trials	6.0	5932.189753000001	5934.215605	5935.606693	5935.755572	5931.423868	5934.612808	5936.286	5937.532	1.0	2.0	1.0	1.0					
5940.555	23.300999999999476	trials	6.0	5944.084343	5945.561669000001	5963.434028	5963.8734540000005	5943.539693000001	5946.0136600000005			1.0	1.0	0.0	3.0					
5965.761	8.832999999999629	trials	6.0	5970.596641	5971.981831000001	5972.890855	5973.1200180000005	5969.629424000001	5972.152655	5973.666	5974.594	1.0	2.0	1.0	1.0					
5977.626	7.979999999999563	trials	6.0	5981.7654600000005	5983.615568			5981.1797320000005	5983.602947			1.0		0.0	2.0					
5988.658	14.034999999999854	trials	6.0	5996.1805970000005	5997.6921680000005			5995.543030000001	5997.686833			1.0		0.0	2.0					
6002.802	5.395000000000437	trials	6.0	6004.9474740000005	6006.19232			6002.7093540000005	6006.189518			2.0		0.0	2.0					
6010.231	9.230000000000473	trials	6.0	6013.355254	6015.177209	6017.438787000001	6017.797811	6012.561955	6016.741523000001	6018.176	6019.461	1.0	2.0	1.0	1.0					
6023.508	24.814000000000306	trials	6.0	6031.2886610000005	6032.628782	6046.4356210000005	6046.718177000001	6030.485498	6033.3662970000005	6047.191	6048.322	1.0	1.0	1.0	1.0					
6051.352	6.814000000000306	trials	6.0	6054.4103000000005	6056.121898			6053.727945000001	6056.119205000001			2.0		0.0	2.0					
6061.229	9.376999999999498	trials	6.0	6063.490169000001	6065.082529	6068.57908	6069.079657	6062.470773000001	6066.274868	6069.266	6070.606	1.0	1.0	1.0	1.0					
6074.631	6.40099999999984	trials	6.0	6076.699298	6078.432578			6075.875209	6078.715012000001	6080.646	6080.791	2.0		1.0	1.0					
6085.481	13.070000000000618	trials	6.0	6094.2758650000005	6095.818657	6096.7162960000005	6096.958253000001	6093.508198	6096.047837	6097.471	6098.551	1.0	2.0	1.0	1.0					
6101.591	8.394999999999527	trials	6.0	6105.375599000001	6106.573432	6108.07844	6108.285205	6104.578189	6107.234111	6108.736	6109.986	1.0	2.0	1.0	1.0					
6112.013	24.542999999999665	trials	6.0	6121.715461000001	6123.616341	6136.145811	6136.556655	6120.914944	6124.83942			1.0	1.0	0.0	3.0					
6138.492	42.03600000000006	trials	6.0	6176.157	6177.789271000001	6178.983028000001	6179.093757000001	6175.216666	6177.7084030000005	6179.782	6180.528	1.0	2.0	1.0	1.0					
6182.551	79.89099999999962	trials	6.0	6258.509583	6259.995631000001	6260.738682	6260.965719000001	6257.973267	6260.233658	6261.476	6262.442	1.0	2.0	1.0	1.0					
6264.477	7.859000000000378	trials	6.0	6268.565621000001	6269.7631360000005			6267.62435	6270.160144	6271.971	6272.066	2.0		1.0	1.0					
6276.802	7.885000000000218	trials	6.0	6278.372256000001	6279.123141	6284.195764	6284.691312	6277.041045	6279.119072			1.0		0.0	2.0					
6285.206	10.93499999999949	trials	6.0	6292.252359	6294.031175			6291.66463	6294.028974000001	6295.761	6296.072	2.0		1.0	1.0					
6300.602	6.390000000000327	trials	6.0	6303.24048	6304.923555			6302.237266	6304.912438			2.0		0.0	2.0					
6310.006	8.076000000000022	trials	6.0	6312.216396000001	6313.347837	6316.22019	6316.527474	6311.509402000001	6315.4086480000005	6317.076	6318.082	1.0	2.0	1.0	1.0					
6321.145	12.371999999999389	trials	6.0	6324.0424330000005	6325.392591000001	6331.797441000001	6332.062219	6323.138307	6325.453662	6332.546	6333.517	1.0	2.0	1.0	1.0					
6335.536	16.75500000000011	trials	6.0	6348.412704	6349.919177000001			6347.699668	6350.157204	6351.886	6352.101	2.0		1.0	1.0					
6355.731	7.864999999999782	trials	6.0	6359.311299	6360.70565			6358.418244	6360.91449	6362.626	6363.596	2.0		1.0	1.0					
6365.617	12.087999999999738	trials	6.0	6373.8563110000005	6375.107895			6373.120395	6375.391539			2.0		1.0	1.0					
6381.283	9.317999999999302	trials	6.0	6385.916706	6387.1383430000005	6388.176138000001	6388.266743	6385.277326	6387.475867	6388.881	6390.601	1.0	2.0	1.0	1.0					
6393.626	6015.146000000001	BlockDesign														1.0	379.0	581.0	10.0	50.0
6393.626	10.777000000000044	trials	7.0	6399.896356	6401.734582	6402.7370550000005	6402.918061	6399.35893	6401.991114	6403.541	6404.403	1.0	2.0	1.0	1.0					
6407.447	7.568999999999505	trials	7.0	6410.747887	6412.755273000001			6410.195938000001	6412.885834000001	6414.681	6414.911	2.0		1.0	1.0					
6417.551	15.074999999999818	trials	7.0	6429.566581	6430.704976	6431.930113	6432.054696	6429.050950000001	6431.1528180000005			1.0	2.0	0.0	3.0					
6434.274	12.226999999999862	trials	7.0	6442.982456000001	6444.498308	6445.638334	6446.123218000001	6442.0432200000005	6444.482029000001			1.0		0.0	2.0					
6448.515	14.105999999999767	trials	7.0	6451.231764	6453.2600680000005	6458.349235000001	6458.9109690000005	6450.62143	6453.308296			1.0	1.0	0.0	3.0					
6462.686	5.136000000000422	trials	7.0	6464.7063370000005	6465.754197			6462.625612000001	6465.744166			1.0		0.0	2.0					
6469.836	16.688000000000102	trials	7.0	6483.752246	6485.328458	6486.085419	6486.527621	6482.792607	6485.4808330000005			1.0	2.0	0.0	3.0					
6490.416	78.60999999999967	trials	7.0	6565.0254190000005	6566.21374	6567.242879	6567.470797	6564.303324	6566.516902	6568.051	6569.026	1.0	2.0	1.0	1.0					
6571.057	64.45899999999983	trials	7.0	6632.329255000001	6633.514849			6631.704622	6633.499013000001			1.0		0.0	2.0					
6639.521	11.4350000000004	trials	7.0	6647.402632	6648.8900810000005	6649.9983760000005	6650.543352000001	6646.780876000001	6648.884908			1.0		0.0	2.0					
6653.961	5.399999999999636	trials	7.0	6655.82109	6657.295033	6657.938116	6658.501827	6655.0177570000005	6657.289718			1.0		0.0	2.0					
6662.367	19.667999999999665	trials	7.0	6678.852792000001	6680.194374000001	6681.582201	6682.034005	6678.117594	6680.741722000001			1.0	2.0	0.0	3.0					
6685.9	9.17200000000048	trials	7.0	6687.558317	6689.389372000001	6690.772353	6691.217605	6686.994583000001	6689.7018960000005			1.0	1.0	0.0	3.0					
6695.149	5.5479999999997744	trials	7.0	6697.043256	6698.119241			6695.0755	6698.489423			2.0		1.0	1.0					
6703.166	63.17000000000007	trials	7.0	6762.694137	6764.318775000001			6761.730349	6764.284892000001	6766.036	6766.286	2.0		1.0	1.0					
6769.856	8.34100000000035	trials	7.0	6773.072931000001	6774.761337	6776.240302	6776.443387	6772.098745	6775.020273	6777.026	6778.197	1.0	2.0	1.0	1.0					
6782.211	67.61499999999978	trials	7.0	6845.993587	6847.826044			6845.174118000001	6847.814491			1.0		0.0	2.0					
6851.836	5.570999999999913	trials	7.0	6853.733522	6855.095352			6853.102047	6855.298558			2.0		1.0	1.0					
6860.876	8.079999999999927	trials	7.0	6865.188541	6866.336697000001			6864.431889	6866.615155			2.0		1.0	1.0					
6873.371	10.899999999999636	trials	7.0	6878.39124	6880.680639	6883.655872	6884.050105	6877.430643000001	6881.468287000001			1.0	1.0	0.0	3.0					
6886.276	6.300000000000182	trials	7.0	6889.108864	6890.180631			6888.434130000001	6890.4395620000005	6892.117	6892.301	2.0		1.0	1.0					
6897.001	7.434999999999491	trials	7.0	6899.448568000001	6900.852879	6902.58562	6902.788663	6898.800292	6901.790511	6903.301	6904.436	1.0	2.0	1.0	1.0					
6907.461	15.40899999999965	trials	7.0	6918.917236	6920.833532000001	6922.417947	6922.876351000001	6918.154303	6921.391438000001			1.0	2.0	0.0	3.0					
6925.746	68.90499999999975	trials	7.0	6991.28229	6992.636395	6994.133758	6994.657503	6990.491233000001	6993.319947			1.0	2.0	0.0	3.0					
6997.469	24.302999999999884	trials	7.0	7017.274485	7019.101582	7021.330398	7021.77966	7016.372442	7019.596933000001			1.0	1.0	0.0	3.0					
7023.666	9.076000000000022	trials	7.0	7027.920465	7029.59249	7031.2330600000005	7031.426545	7027.314499	7030.479883	7031.921	7032.742	1.0	2.0	1.0	1.0					
7035.803	8.552999999999884	trials	7.0	7039.456032	7041.345952000001	7042.7232730000005	7042.938736	7038.766005	7041.70575	7043.551	7044.356	1.0	2.0	1.0	1.0					
7046.381	70.40099999999984	trials	7.0	7102.159465000001	7103.8647040000005	7112.592961	7112.979741	7101.525935000001	7104.662050000001			1.0	1.0	0.0	3.0					
7116.931	8.164999999999964	trials	7.0	7118.449756	7119.633374			7116.7882500000005	7119.621363			2.0		0.0	2.0					
7125.649	5.845999999999549	trials	7.0	7127.6200260000005	7129.556212	7131.099099	7131.499473	7125.104212	7129.8197470000005			1.0	1.0	0.0	3.0					
7133.416	8.722999999999956	trials	7.0	7136.4600390000005	7137.9585910000005	7140.292708	7140.7433710000005	7135.943806	7139.384934000001	7140.966	7142.139	1.0	2.0	1.0	1.0					
7146.182	32.39900000000034	trials	7.0	7174.145245000001	7175.398135	7176.672552	7176.923488	7173.395521	7175.9731090000005	7177.316	7178.581	1.0	2.0	1.0	1.0					
7181.641	30.601000000000568	trials	7.0	7208.394186	7209.987316000001			7207.505578	7210.181007			2.0		1.0	1.0					
7215.789	82.95300000000043	trials	7.0	7234.642017	7236.1734910000005			7233.941674000001	7236.4932420000005			1.0		0.0	5.0					
7301.751	22.30999999999949	trials	7.0	7319.476434	7321.327482000001	7322.430772000001	7322.688225	7318.813083	7321.7551490000005	7323.197	7324.061	1.0	2.0	1.0	1.0					
7326.082	8.585000000000036	trials	7.0	7331.6813680000005	7332.8003610000005	7334.252316	7334.675155000001	7331.082232000001	7333.5677670000005			1.0	2.0	0.0	3.0					
7336.586	18.274999999999636	trials	7.0	7346.681554000001	7347.854224000001	7354.243879000001	7354.867695000001	7346.168593	7349.204457			1.0	1.0	0.0	3.0					
7358.582	4.438999999999396	trials	7.0	7360.176685	7361.433276	7362.555466	7363.026663000001	7358.891508000001	7361.822416			1.0	2.0	0.0	3.0					
7364.899	46.17999999999938	trials	7.0	7407.336856	7408.597129	7409.55727	7409.742984	7406.640033000001	7409.001627000001	7410.191	7411.079	1.0	2.0	1.0	1.0					
7414.158	7.607999999999265	trials	7.0	7418.029611	7419.763889			7417.059672	7419.758837			1.0		0.0	2.0					
7424.826	11.519999999999527	trials	7.0	7430.266056	7431.493130000001	7433.999538	7434.427809000001	7429.600993	7432.930177	7434.751	7436.346	1.0	1.0	1.0	1.0					
7440.401	6.324999999999818	trials	7.0	7443.382167	7444.826346	7446.4079280000005	7446.617778	7442.570531	7445.330458			1.0	2.0	0.0	3.0					
7450.736	540.0720000000001	trials	7.0	7985.639542000001	7986.9556330000005	7990.491037	7990.546677	7984.895956	7989.477622			1.0	2.0	0.0	3.0					
7992.822	1165.5149999999994	trials	7.0	9152.374937	9153.823669000001	9157.816717	9158.354935	9151.787383	9153.901635			1.0	1.0	0.0	3.0					
9161.142	7.793999999999869	trials	7.0	9165.47593	9167.069436	9168.568555	9168.951636	9164.841076	9167.726124			1.0	1.0	0.0	3.0					
9171.899	7.447000000000116	trials	7.0	9176.640601000001	9177.767412000001	9178.95274	9179.36023	9175.968538000001	9178.248217			1.0	1.0	0.0	3.0					
9182.282	6.504000000000815	trials	7.0	9185.185499	9186.773318			9184.460783999999	9186.767063			2.0		0.0	2.0					
9192.796	5.195999999999913	trials	7.0	9194.508483	9195.984449	9196.575671	9197.115108	9192.804662999999	9195.968904			2.0		0.0	2.0					
9200.025	33.42200000000048	trials	7.0	9229.569	9230.743271	9232.449108	9233.018018	9228.574274	9231.042461			1.0	1.0	0.0	3.0					
9234.787	6.511000000000422	trials	7.0	9238.10552	9239.402568	9240.83987	9241.296749	9237.188636	9239.997875			1.0	2.0	0.0	3.0					
9243.171	11.360999999998967	trials	7.0	9249.970887	9251.960337			9249.131005	9252.314027			2.0		1.0	1.0					
9259.006	6.4950000000008	trials	7.0	9261.447351	9262.921922			9260.560857	9263.289756			2.0		1.0	1.0					
9269.966	8.609999999998763	trials	7.0	9274.471161	9275.927648	9278.238542	9278.54435	9273.615667	9276.959225			1.0	1.0	0.0	3.0					
9280.586	15.092000000000553	trials	7.0	9291.904146	9293.433950999999	9295.305933	9295.668302	9291.047424	9294.147767			1.0	1.0	0.0	3.0					
9298.686	7.032999999999447	trials	7.0	9300.230817	9301.503081	9303.825665	9304.234074	9299.660735	9303.136136	9304.581	9305.719	1.0	2.0	1.0	1.0					
9308.789	9.845999999999549	trials	7.0	9314.275755	9316.01609			9313.416791	9316.501404	9318.256	9318.386	2.0		1.0	1.0					
9322.066	10.949999999998909	trials	7.0	9326.900775	9328.694859	9332.546874	9333.011422	9326.39151	9330.376608			1.0	1.0	0.0	3.0					
9336.899	8.481999999999971	trials	7.0	9341.661211999999	9342.954365	9344.593092	9345.377586	9340.698851	9343.846388			1.0	2.0	0.0	3.0					
9346.945	15.54700000000048	trials	7.0	9357.346286	9359.263067	9362.022082	9362.489433	9356.47005	9360.222706999999			1.0	1.0	0.0	3.0					
9364.367	16.443999999999505	trials	7.0	9377.596762	9378.674546	9380.488726	9380.769024	9376.744905	9379.762578			1.0	2.0	0.0	3.0					
9384.829	8.842000000000553	trials	7.0	9387.84161	9389.258489	9393.229455	9393.669539999999	9387.322499	9391.976916			1.0	1.0	0.0	3.0					
9397.586	8.600000000000364	trials	7.0	9399.430041	9400.737471	9404.562979	9404.901258	9398.092331	9402.919763	9405.331	9406.186	1.0	2.0	1.0	1.0					
9410.206	6.760000000000218	trials	7.0	9412.926671	9414.846029	9416.594745	9416.964471	9412.15383	9415.730234999999			1.0	2.0	0.0	3.0					
9419.936	36.70499999999993	trials	7.0	9450.908559	9452.536208	9456.32655	9456.61358	9450.243724	9453.074255			1.0	1.0	0.0	3.0					
9459.664	5.846999999999753	trials	7.0	9461.302236	9462.88798			9460.53864	9463.259442999999	9465.236	9465.496	2.0		1.0	1.0					
9468.958	7.2629999999990105	trials	7.0	9472.646714999999	9474.035289	9475.884435	9476.171624999999	9471.68454	9474.763426			1.0	2.0	0.0	3.0					
9478.228	39.90300000000025	trials	7.0	9513.802274	9515.508803			9512.936399	9515.78048	9501.686	9501.899	2.0		1.0	1.0					
9520.602	6.844999999999345	trials	7.0	9524.140451	9526.06782	9527.120705	9527.299094	9523.233446	9526.43418			1.0	2.0	0.0	3.0					
9531.456	12.295000000000073	trials	7.0	9533.114078	9534.424323	9543.123651	9543.750819	9532.45263	9535.89722			1.0	1.0	0.0	3.0					
9547.469	5.382000000001426	trials	7.0	9549.198849	9550.959678	9552.499026	9552.847633	9548.002865	9551.747442			1.0	2.0	0.0	3.0					
9555.827	25.445000000001528	trials	7.0	9577.243848	9579.195464			9576.672927	9579.187491			2.0		0.0	2.0					
9585.307	7.1819999999988795	trials	7.0	9588.587394	9589.912302			9587.865421999999	9590.177853			2.0		1.0	1.0					
9595.942	12.634000000000015	trials	7.0	9605.887549	9607.085703	9608.197112	9608.576176	9605.182953	9607.514358			1.0	2.0	0.0	3.0					
9610.542	15.049000000000888	trials	7.0	9621.761377	9623.344614	9625.126518	9625.588948999999	9620.885802	9624.038484			1.0	2.0	0.0	3.0					
9628.471	8.560999999999694	trials	7.0	9633.138969	9634.265286			9632.147442	9634.778277			2.0		1.0	1.0					
9639.57	11.604999999999563	trials	7.0	9646.522847	9648.481122	9649.548303	9649.774997	9645.632193	9648.829478	9650.276	9651.175	1.0	2.0	1.0	1.0					
9653.202	10.168999999999869	trials	7.0	9658.324687	9659.661861999999	9662.891013	9663.372153	9657.807255	9661.179055999999			1.0	1.0	0.0	3.0					
9665.242	10.829999999999927	trials	7.0	9672.270996	9673.556613	9675.575474	9676.073171	9671.442567	9674.703222			1.0	2.0	0.0	3.0					
9678.914	20.711999999999534	trials	7.0	9695.307978	9696.508276	9699.295659	9699.611427	9694.688897	9697.052533			1.0	1.0	0.0	3.0					
9703.636	6.719999999999345	trials	7.0	9705.338524	9707.076377	9708.691725	9708.958622	9704.11774	9707.838584	9709.532	9710.356	1.0	2.0	1.0	1.0					
9713.386	9.579999999999927	trials	7.0	9719.513421	9720.960310999999	9722.637744	9722.802528	9718.907648	9721.793453			1.0	2.0	0.0	3.0					
9724.976	16.85399999999936	trials	7.0	9736.967215	9738.765245	9741.43848	9741.82628	9736.168308	9739.577437			1.0	1.0	0.0	3.0					
9745.766	14.950000000000728	trials	7.0	9757.233411	9758.707142			9756.556220999999	9758.697447			1.0		0.0	2.0					
9762.731	19.516999999999825	trials	7.0	9779.149795	9780.989812	9781.74346	9782.041557	9778.204079	9781.023213			1.0	2.0	0.0	3.0					
9784.121	10.564000000000306	trials	7.0	9790.459512	9792.065037			9789.807779	9792.342402			2.0		1.0	1.0					
9799.166	12.226000000000568	trials	7.0	9807.469146	9809.384369			9806.546759	9809.372535			2.0		0.0	2.0					
9813.401	6.954999999999927	trials	7.0	9816.289001	9818.060175	9820.032989	9820.34706	9815.690631	9818.976701			1.0	1.0	0.0	3.0					
9824.386	7.069999999999709	trials	7.0	9827.599664	9828.905526			9826.814229	9829.2669			2.0		1.0	1.0					
9835.021	22.091999999998734	trials	7.0	9852.929251	9853.96592	9855.407047	9855.679988	9851.982651	9854.699967	9856.242	9857.113	1.0	2.0	1.0	1.0					
9861.151	10.375	trials	7.0	9867.181347	9868.537393999999	9870.532971	9871.527682	9866.579509	9869.602542			1.0	2.0	0.0	3.0					
9873.861	31.795999999998457	trials	7.0	9902.663957	9904.235697	9905.23397	9905.496838	9901.90994	9904.559526			1.0	2.0	0.0	3.0					
9908.576	15.465000000000146	trials	7.0	9920.407514	9921.667241			9919.494623	9921.801541	9923.621	9923.742	2.0		1.0	1.0					
9927.511	13.942999999999302	trials	7.0	9936.724456	9938.671282	9939.819688	9940.051011	9935.88608	9939.029048	9940.676	9941.454	1.0	2.0	1.0	1.0					
9944.511	8.635000000000218	trials	7.0	9949.830797999999	9951.588395	9952.829678	9952.989575	9949.130058	9952.016666			1.0	2.0	0.0	3.0					
9956.157	34.75	trials	7.0	9973.183455	9975.15081	9990.53112	9990.906468	9972.209618	9975.943203			1.0	1.0	0.0	3.0					
9992.932	6.7479999999995925	trials	7.0	9995.719802	9997.313571			9995.177307	9997.522281			2.0		1.0	1.0					
10002.176	8.710000000000946	trials	7.0	10005.855053	10007.416829	10009.183623	10009.394754	10004.937496999999	10008.208752	10009.891	10010.886	1.0	2.0	1.0	1.0					
10013.902	9.19000000000051	trials	7.0	10018.225174	10019.778837	10021.22562	10021.381281	10017.310798999999	10020.321123	10021.901	10023.092	1.0	2.0	1.0	1.0					
10025.126	10.733000000000175	trials	7.0	10032.072952999999	10034.004309	10035.456234	10035.854853	10031.247974	10034.677151			1.0	2.0	0.0	3.0					
10037.842	15.884000000000015	trials	7.0	10051.25521	10051.721507			10050.388475	10051.710816			1.0		0.0	2.0					
10057.746	39.25500000000102	trials	7.0	10093.316711	10094.471938			10092.741675	10094.808391			2.0		1.0	1.0					
10101.533	9.398000000001048	trials	7.0	10104.739715	10106.384339	10110.592213	10110.90842	10103.749275	10106.854548			1.0	1.0	0.0	3.0					
10112.941	8.480999999999767	trials	7.0	10117.1529	10118.541879	10119.863	10120.0151	10116.311192	10119.119801	10120.541	10121.422	1.0	2.0	1.0	1.0					
10125.444	4.981999999999971	trials	7.0	10127.880492	10129.137245	10130.102456	10130.230427	10126.974255	10129.330951			1.0	2.0	0.0	3.0					
10134.437	17.0049999999992	trials	7.0	10147.193264	10148.537492	10150.376286	10150.675487	10146.199095	10149.638487			1.0	2.0	0.0	3.0					
10152.706	11.299999999999272	trials	7.0	10160.167739	10161.381239			10159.326303	10161.743095			2.0		1.0	1.0					
10166.441	11.014999999999418	trials	7.0	10172.425866	10173.748728	10176.775522	10177.062515	10171.919472	10176.026869			1.0	2.0	0.0	3.0					
10180.143	34.263999999999214	trials	7.0	10210.501755	10211.829088999999			10209.501072	10212.100374			2.0		1.0	1.0					
10217.916	9.100000000000364	trials	7.0	10221.007123	10222.797783	10226.52215	10227.018152	10220.384332	10223.167895999999			1.0	1.0	0.0	3.0					
10230.871	7.365000000001601	trials	7.0	10232.427455	10234.296237	10236.566311999999	10236.751713	10231.11476	10235.567504	10237.286	10238.236	1.0	2.0	1.0	1.0					
10241.261	8.8799999999992	trials	7.0	10246.67673	10248.548169	10249.671038	10250.144811	10246.149987	10248.884			1.0	2.0	0.0	3.0					
10254.011	36.788000000000466	trials	7.0	10285.582851	10287.297996	10290.355064	10290.799404	10284.620813	10287.743018			1.0	1.0	0.0	3.0					
10293.697	8.485000000000582	trials	7.0	10296.929352	10298.454644	10301.625058	10302.184323	10296.352824	10299.346431			1.0	1.0	0.0	3.0					
10304.961	8.088999999999942	trials	7.0	10306.626819	10307.938959	10312.665989	10313.048440999999	10305.943938	10309.982598			1.0	2.0	0.0	3.0					
10317.008	18.593000000000757	trials	7.0	10331.167068	10332.968546	10335.157253	10335.602676999999	10330.60527	10333.403789			1.0	1.0	0.0	3.0					
10337.524	9.727000000000771	trials	7.0	10341.064364	10342.184562	10345.564673	10345.836467	10340.383047	10344.394665	10346.311	10347.251	1.0	2.0	1.0	1.0					
10349.307	12.708999999998923	trials	7.0	10356.497832	10357.82271	10359.970889	10360.324136	10355.613847	10359.059271	10360.586	10362.016	1.0	1.0	1.0	1.0					
10365.07	12.445999999999913	trials	7.0	10372.226421	10373.763096	10375.55667	10375.854068	10371.476544	10374.441402	10376.346	10377.516	1.0	1.0	1.0	1.0					
10379.533	10.373999999999796	trials	7.0	10386.123365	10387.297735			10385.280233	10387.651917	10389.516	10389.626	2.0		1.0	1.0					
10392.356	15.25	trials	7.0	10403.946333	10405.059237	10407.00999	10407.608655	10403.173566	10405.488637999999			1.0	1.0	0.0	3.0					
10410.392	9.850000000000364	trials	7.0	10414.95819	10416.591474	10418.640423	10418.869634	10414.385798	10417.63158	10419.386	10420.242	1.0	2.0	1.0	1.0					
10424.261	9.920000000000073	trials	7.0	10430.663422	10431.821268	10433.865528	10433.907126	10429.979093	10432.990475999999			1.0	2.0	0.0	3.0					
10438.191	20.950999999999112	trials	7.0	10454.818662	10456.674209	10458.726533	10459.147839	10454.305894	10457.401509			1.0	1.0	0.0	3.0					
10461.057	8.173999999999069	trials	7.0	10465.873061	10467.123333	10468.536773	10469.235588	10465.054461	10467.610932			1.0	2.0	0.0	3.0					
10472.919	23.897000000000844	trials	7.0	10493.195709	10494.299993			10492.295751	10494.611814			2.0		1.0	1.0					
10501.399	15.76300000000083	trials	7.0	10512.79214	10514.580525	10516.617801	10517.166509	10511.948099	10515.000992			1.0	1.0	0.0	3.0					
10519.956	13.968999999999141	trials	7.0	10531.278821	10532.387572	10533.59306	10533.924147	10530.516972	10532.697324			1.0	2.0	0.0	3.0					
10536.945	18.105999999999767	trials	7.0	10550.900493	10552.469544			10550.256356	10552.809974			2.0		1.0	1.0					
10557.492	11.173999999999069	trials	7.0	10563.097731	10565.074353	10568.08424	10568.657511	10562.200008	10566.609408			1.0	1.0	0.0	3.0					
10570.714	8.192000000000917	trials	7.0	10574.9676	10576.395627			10574.386058	10576.784507			2.0		1.0	1.0					
10582.445	13.11700000000019	trials	7.0	10589.062493	10591.029488	10593.61818	10593.850232	10588.490445	10592.573117	10594.291	10595.562	1.0	2.0	1.0	1.0					
10597.586	9.510000000000218	trials	7.0	10603.343484	10605.034263			10602.652491	10605.031626			2.0		0.0	2.0					
10609.107	9.40899999999965	trials	7.0	10611.112371	10612.334699	10614.387087	10614.982971	10609.300621	10613.242359			1.0	1.0	0.0	3.0					
10618.758	6.564000000000306	trials	7.0	10620.338189	10622.181951	10624.820029999999	10625.328701	10618.520292	10623.662919			1.0	1.0	0.0	3.0					
10629.164	7.382999999999811	trials	7.0	10632.374501	10634.376072	10636.093226	10636.551554	10631.624222999999	10634.89598			1.0	1.0	0.0	3.0					
10639.441	14.18999999999869	trials	7.0	10650.119672	10651.904583	10653.113918	10653.63384	10649.231927	10652.159325			1.0	2.0	0.0	3.0					
10656.447	19.384000000000015	trials	7.0	10671.958373	10673.22483			10671.319641	10673.634936			2.0		1.0	1.0					
10679.282	14.038000000000466	trials	7.0	10690.185978	10691.292771	10692.988007	10693.244231	10689.578846	10692.059061			1.0	2.0	0.0	3.0					
10696.341	30.295000000000073	trials	7.0	10722.3218	10724.125821			10721.760459	10724.427759			2.0		1.0	1.0					
10729.149	10.002000000000407	trials	7.0	10736.164789999999	10737.461465	10738.821722	10739.149388	10735.486233	10737.923201			1.0	2.0	0.0	3.0					
10742.198	25.672999999998865	trials	7.0	10764.317214	10765.501722			10763.809749	10765.71201			2.0		1.0	1.0					
10771.282	70.621000000001	trials	7.0	10837.629741	10839.162927	10840.253684	10840.481306	10836.973514	10839.494894	10840.901	10841.903	1.0	2.0	1.0	1.0					
10845.968	7.677999999999884	trials	7.0	10849.52604	10850.826495	10851.949218	10852.129192	10848.617707	10851.211136	10852.666	10853.646	1.0	2.0	1.0	1.0					
10857.706	33.88500000000022	trials	7.0	10887.728061	10889.576033			10887.035007	10889.564694			1.0		0.0	2.0					
10893.618	5.907999999999447	trials	7.0	10895.720717	10897.120442	10897.954983	10898.09925	10894.767072	10897.162758	10898.731	10899.526	1.0	2.0	1.0	1.0					
10902.541	41.460000000000946	trials	7.0	10941.309662	10942.582607	10943.663416	10944.006224	10940.405865	10942.890615			1.0	2.0	0.0	3.0					
10946.008	13.728000000000975	trials	7.0	10956.010572	10957.121088			10955.398403	10957.375742	10959.331	10959.447	2.0		1.0	1.0					
10962.197	54.75	trials	7.0	11009.109584	11010.38226	11016.562869	11016.952745	11008.262795999999	11010.957746			1.0	2.0	0.0	3.0					
11020.886	7.834999999999127	trials	7.0	11024.689811	11026.016575	11028.313374	11028.725034	11023.971086	11026.446575			1.0	1.0	0.0	3.0					
11032.664	5.53099999999904	trials	7.0	11034.226899	11035.406296	11037.849093	11038.200552	11033.537930999999	11036.616077			1.0	1.0	0.0	3.0					
11040.211	9.780000000000655	trials	7.0	11045.890209	11047.422984			11044.910109	11047.696209			2.0		1.0	1.0					
11052.461	39.585000000000946	trials	7.0	11061.293577	11062.981962	11090.463827	11090.645769	11060.719962	11063.604993	11091.117	11092.046	1.0	2.0	1.0	1.0					
11096.086	28.449000000000524	trials	7.0	11119.630653	11120.771797	11123.970555	11124.349497	11119.061727	11121.629877			1.0	1.0	0.0	3.0					
11126.336	8.085000000000946	trials	7.0	11129.781045	11131.659114	11132.518695	11132.651478	11128.806036	11131.769558	11133.261	11134.421	1.0	2.0	1.0	1.0					
11138.446	10.899999999999636	trials	7.0	11140.620147	11141.993701	11148.76179	11149.352862	11139.740004	11142.447537			1.0	1.0	0.0	3.0					
11152.081	7.7549999999992	trials	7.0	11155.680824	11156.822075	11159.242826	11159.841788	11155.148301	11158.428059			1.0	2.0	0.0	3.0					
11161.576	6.445000000001528	trials	7.0	11163.255869	11164.618583	11167.299387	11167.627691	11162.285649	11165.731388			1.0	1.0	0.0	3.0					
11169.665	10.46599999999853	trials	7.0	11174.715789	11176.333557	11178.340817	11178.563409	11173.77075	11177.553708	11179.121	11180.131	1.0	2.0	1.0	1.0					
11182.161	33.07999999999993	trials	7.0	11203.957253	11205.258225	11212.818195	11212.979442	11203.422032999999	11206.021217			1.0	2.0	0.0	3.0					
11216.149	5.2480000000014115	trials	7.0	11218.06608	11219.084012			11215.246013	11219.306907	11221.176	11221.331	2.0		1.0	1.0					
11225.867	8.503999999998996	trials	7.0	11230.066002	11231.182743	11233.89375	11234.38036	11229.229038	11232.809979			1.0	2.0	0.0	3.0					
11238.222	14.959000000000742	trials	7.0	11248.582376	11250.068103	11252.518433	11253.186795	11248.016657	11250.544251			1.0	1.0	0.0	3.0					
11255.871	9.829000000001543	trials	7.0	11260.792325999999	11261.845998	11264.030705	11264.269094	11260.231464	11263.083182999999	11264.702	11265.7	1.0	2.0	1.0	1.0					
11269.721	44.149999999999636	trials	7.0	11310.119138	11311.508976000001			11309.22827	11311.732273			2.0		1.0	1.0					
11317.302	114.7489999999998	trials	7.0	11367.401636	11369.22543			11366.692475	11369.744934			1.0		0.0	5.0					
11435.056	26.215000000000146	trials	7.0	11453.427419	11455.44356	11457.212064	11457.683657	11452.653886	11456.069646			1.0	1.0	0.0	3.0					
11461.546	5.219999999999345	trials	7.0	11463.191831	11464.475225	11466.28266	11466.772638	11461.278924	11464.952737			1.0	2.0	0.0	3.0					
11469.657	8.134000000000015	trials	7.0	11473.741751	11475.223762			11472.824843999999	11475.539912			2.0		1.0	1.0					
11481.242	5.625	trials	7.0	11484.076732	11485.268895	11486.422523	11486.875398	11483.418004	11485.743978			1.0	2.0	0.0	3.0					
11489.751	9.854999999999563	trials	7.0	11493.24713	11495.243795	11499.172915	11499.615653	11492.266818	11496.89832			1.0	1.0	0.0	3.0					
11501.501	9.899999999999636	trials	7.0	11505.967872	11507.144401	11509.506841999999	11509.867995	11505.328779	11508.638502	11510.197	11511.401	1.0	2.0	1.0	1.0					
11515.445	35.89600000000064	trials	7.0	11547.372255	11549.087187000001			11546.792093	11549.305949	11551.117	11551.173	2.0		1.0	1.0					
11553.861	15.997999999999593	trials	7.0	11559.26442	11560.644543	11568.024809999999	11568.395945	11558.4717	11561.567869999999	11568.641	11569.859	1.0	2.0	1.0	1.0					
11571.899	91.2430000000004	trials	7.0	11658.152949	11659.949536	11662.236548	11662.641851	11657.472271	11660.242258999999			1.0	1.0	0.0	3.0					
11666.598	13.556000000000495	trials	7.0	11676.023226	11677.800348			11675.078354	11678.040715	11679.766	11679.856	2.0		1.0	1.0					
11682.624	17.397000000000844	trials	7.0	11686.459842	11687.734007	11699.050406	11700.032288999999	11685.770162	11688.354432			1.0	1.0	0.0	3.0					
11701.414	5.9869999999991705	trials	7.0	11703.004864999999	11704.895191			11702.037554999999	11705.157486	11707.016	11707.201	2.0		1.0	1.0					
11709.924	20.836999999999534	trials	7.0	11716.863486	11718.350135	11728.616052	11729.245217	11716.307066	11719.153581			1.0	2.0	0.0	3.0					
11731.947	4.863999999999578	trials	7.0	11733.513523	11734.811052000001			11730.770636	11734.804511999999			1.0		0.0	2.0					
11739.841	7.579999999999927	trials	7.0	11742.893618	11744.470358	11745.619997	11746.035338	11742.114980999999	11744.835047	11746.386	11747.421	1.0	2.0	1.0	1.0					
11751.436	20.20100000000093	trials	7.0	11766.77343	11768.233623	11769.903948	11770.101531	11765.953962	11768.987169	11770.606	11771.637	1.0	2.0	1.0	1.0					
11775.657	15.524000000001251	trials	7.0	11784.663495	11786.586864	11787.977001	11788.580103	11783.907314	11787.00315			1.0	2.0	0.0	3.0					
11791.358	91.55799999999908	trials	7.0	11878.532012	11880.561728			11877.635919	11880.807762			2.0		1.0	1.0					
11887.387	7.708999999998923	trials	7.0	11890.604597	11892.469094	11893.380792	11893.564638	11890.027815	11892.70908	11894.051	11895.096	1.0	2.0	1.0	1.0					
11899.126	8.219999999999345	trials	7.0	11903.089604	11905.087416	11906.875214	11907.356226	11902.501263	11905.668696			1.0	2.0	0.0	3.0					
11910.203	82.32899999999972	trials	7.0	11989.173213	11990.324634	11992.215707	11992.267391	11988.338697	11991.28743			1.0	2.0	0.0	3.0					
11996.557	20.498999999999796	trials	7.0	12013.999630999999	12015.262044	12016.584657	12017.068608	12013.174574	12015.558365			1.0	2.0	0.0	3.0					
12018.861	9.5099999999984	trials	7.0	12024.256193	12025.777832	12027.793705	12028.382802	12023.477553	12026.711985			1.0	1.0	0.0	3.0					
12030.126	8.020000000000437	trials	7.0	12034.249413	12035.396625			12033.632472	12035.99051	12037.921	12038.021	2.0		1.0	1.0					
12041.682	9.429000000000087	trials	7.0	12047.704746	12048.81546	12050.730923	12051.123549	12047.038781	12049.816006000001			1.0	2.0	0.0	3.0					
12054.046	47.26599999999962	trials	7.0	12096.279986	12097.928282	12100.255165	12101.323173	12095.397207	12098.394482			1.0	1.0	0.0	3.0					
12103.586	8.115999999999985	trials	7.0	12106.828099999999	12107.953899	12109.975429	12110.261872	12105.960954	12109.033975999999	12110.651	12111.702	1.0	2.0	1.0	1.0					
12113.726	26.61499999999978	trials	7.0	12136.586814	12137.989207			12135.630197999999	12138.174066	12139.891	12140.066	2.0		1.0	1.0					
12142.791	19.94000000000051	trials	7.0	12155.240415	12157.236848	12162.029823	12162.740892	12154.253025	12157.844232			1.0	1.0	0.0	3.0					
12165.346	7.966000000000349	trials	7.0	12167.290178	12168.347513	12171.520961	12171.616055999999	12166.633796	12170.425125	12172.216	12173.312	1.0	2.0	1.0	1.0					
12177.367	29.41400000000067	trials	7.0	12202.63235	12204.180785			12201.883932	12204.436458			2.0		1.0	1.0					
12209.242	53.759000000000015	trials	7.0	12258.176	12259.849517999999	12261.09252	12261.313463999999	12257.435909	12260.333517	12261.871	12263.001	1.0	2.0	1.0	1.0					
12266.021	14.784999999999854	trials	7.0	12269.948978	12271.986966	12279.066453	12279.253212	12269.277363	12272.35833	12279.782	12280.806	1.0	2.0	1.0	1.0					
12284.822	6.809999999999491	trials	7.0	12287.331071999999	12289.363059			12286.408454	12289.607521	12291.367	12291.496	2.0		1.0	1.0					
12294.166	15.299000000000888	trials	7.0	12305.801078999999	12306.971882	12309.122127999999	12309.465372	12305.108404999999	12308.124107			1.0	2.0	0.0	3.0					
12313.477	12.813999999998487	trials	7.0	12322.040777	12324.026682			12321.265839	12324.107133			2.0		1.0	1.0					
12330.872	67.9890000000014	trials	7.0	12393.653921	12394.804697	12397.195197	12397.398465	12393.144672	12396.06482	12397.921	12398.861	1.0	2.0	1.0	1.0					
12400.888	7.8840000000000146	trials	7.0	12405.708686	12407.513657	12408.700175	12409.184823	12404.979742	12407.985642			1.0	2.0	0.0	3.0					
12413.086	1821.473	BlockDesign														1.0	582.0	689.0	90.0	50.0
12413.086	51.26500000000124	trials	8.0	12459.081893	12460.622616	12462.241458	12462.684404	12458.558821999999	12461.324588	12462.941	12464.351	1.0	1.0	1.0	1.0					
12468.376	6.806000000000495	trials	8.0	12470.748047	12472.214081	12473.355792	12473.587109	12469.986426	12472.510277	12474.131	12475.182	1.0	2.0	1.0	1.0					
12478.242	11.363999999999578	trials	8.0	12485.377013	12487.349364			12484.6647	12487.442771	12489.282	12489.401	2.0		1.0	1.0					
12492.131	8.826000000000931	trials	8.0	12497.847081	12499.4387	12500.627579	12500.819331	12497.115699	12499.822446			1.0	2.0	0.0	3.0					
12504.992	13.593999999999141	trials	8.0	12514.221905	12516.210507			12513.58689	12516.231018	12518.216	12518.386	2.0		1.0	1.0					
12521.992	25.22400000000016	trials	8.0	12532.122468	12533.967981	12546.808982	12547.217499	12531.129743	12535.044135			1.0	2.0	0.0	3.0					
12550.167	12.123999999999796	trials	8.0	12556.177356	12558.193281	12560.275282	12560.648604	12555.21284	12558.457338	12561.041	12562.291	1.0	1.0	1.0	1.0					
12565.357	10.424999999999272	trials	8.0	12572.06711	12573.513903	12575.043803999999	12575.313392	12571.297335	12574.082025			1.0	2.0	0.0	3.0					
12578.386	35.37199999999939	trials	8.0	12609.849764999999	12611.714867	12613.379198	12613.745036	12608.925245999999	12612.062028			1.0	1.0	0.0	3.0					
12616.716	5.2849999999998545	trials	8.0	12618.307697	12619.474949	12621.672559999999	12621.929797	12617.260479	12620.835525			1.0	2.0	0.0	3.0					
12626.057	10.523999999999432	trials	8.0	12631.682444	12633.654846	12635.961769	12636.587083	12631.055710999999	12635.031746999999			1.0	2.0	0.0	3.0					
12639.302	154.60200000000077	trials	8.0	12789.948026	12791.829943			12789.409721	12791.75468			2.0		1.0	1.0					
12796.367	9.039999999999054	trials	8.0	12800.33856	12802.164944	12803.347533	12803.76636	12799.642742	12802.532553	12804.111	12805.407	1.0	2.0	1.0	1.0					
12807.301	12.930000000000291	trials	8.0	12814.779509	12816.19212	12818.236066	12818.588796	12814.010688	12817.300556	12818.941	12820.231	1.0	2.0	1.0	1.0					
12823.251	13.125	trials	8.0	12829.263520999999	12830.506635	12834.185481	12834.62081	12828.577718	12831.729417	12834.822	12836.376	1.0	1.0	1.0	1.0					
12838.432	11.06499999999869	trials	8.0	12843.428616	12844.633053	12847.348794	12847.743625	12842.748787999999	12845.935453	12847.971	12849.497	1.0	1.0	1.0	1.0					
12851.511	10.984999999998763	trials	8.0	12856.379074	12858.233927	12860.347554	12860.750028999999	12855.731796	12859.000752	12861.157	12862.496	1.0	1.0	1.0	1.0					
12864.539	8.511999999998807	trials	8.0	12869.728872	12871.651192	12872.721747	12872.965122	12868.925407	12871.662639			1.0	2.0	0.0	3.0					
12877.061	17.76000000000022	trials	8.0	12890.892197	12892.235357			12889.884288	12892.495586	12894.516	12894.631	2.0		1.0	1.0					
12897.311	6.575000000000728	trials	8.0	12900.630147	12902.366927	12903.561813	12903.767676	12899.935253	12902.769798			1.0	2.0	0.0	3.0					
12907.93	13.766999999999825	trials	8.0	12918.023732	12919.432152			12917.252238	12919.674035	12921.431	12921.481	2.0		1.0	1.0					
12924.236	14.548999999999069	trials	8.0	12933.474458	12935.041202	12937.011892999999	12937.310406	12932.758565	12936.042441	12937.822	12938.785	1.0	2.0	1.0	1.0					
12940.841	10.18499999999949	trials	8.0	12946.313871	12947.360568	12949.442652	12949.585632	12945.733476	12948.512129	12950.306	12951.026	1.0	2.0	1.0	1.0					
12955.097	10.634000000000015	trials	8.0	12959.604908	12961.530888	12963.591605	12963.974606	12959.061791	12962.190904	12964.336	12965.731	1.0	1.0	1.0	1.0					
12968.777	11.03399999999965	trials	8.0	12976.125657	12977.306057			12975.516598	12977.629416	12979.556	12979.676	2.0		1.0	1.0					
12984.361	10.744999999998981	trials	8.0	12989.23908	12990.599291	12992.793194	12993.166353999999	12988.386414999999	12991.226214	12993.581	12995.106	1.0	1.0	1.0	1.0					
12997.126	10.699000000000524	trials	8.0	13002.470927	13004.77182	13006.103157	13006.309203	13001.519812999999	13005.256839	13006.816	13007.825	1.0	2.0	1.0	1.0					
13011.867	8.558999999999287	trials	8.0	13015.094533	13016.692406	13018.330791	13018.529231999999	13014.453354	13017.489542			1.0	2.0	0.0	3.0					
13022.697	5.164000000000669	trials	8.0	13024.309755	13025.786063			13020.433847	13025.777018			1.0		0.0	2.0					
13029.867	13.773999999999432	trials	8.0	13037.989235	13039.450709	13041.631914	13042.004574	13037.350892999999	13039.918834	13042.326	13043.641	1.0	1.0	1.0	1.0					
13047.661	7.084999999999127	trials	8.0	13049.36422	13051.320951	13054.119031	13054.750829999999	13048.531239	13053.031955			1.0	1.0	0.0	3.0					
13056.461	8.311999999999898	trials	8.0	13059.515981999999	13061.048067	13064.312958	13064.777277	13058.515934	13061.038671			1.0		0.0	2.0					
13066.072	8.49200000000019	trials	8.0	13069.483356	13071.372828	13072.217235	13072.753171	13068.671202	13071.5523	13072.936	13074.564	1.0	2.0	1.0	1.0					
13077.633	9.453999999999724	trials	8.0	13081.469934	13083.191417	13085.179915	13085.523529	13080.491168999999	13084.004354	13085.791	13087.087	1.0	1.0	1.0	1.0					
13089.106	10.194999999999709	trials	8.0	13095.059868	13096.786125			13094.240593999999	13097.087657	13098.981	13099.201	2.0		1.0	1.0					
13101.852	13.554999999998472	trials	8.0	13111.255118	13113.096701999999			13110.469844	13113.303621	13115.026	13115.216	2.0		1.0	1.0					
13119.909	8.61700000000019	trials	8.0	13124.845293	13125.906443			13124.243718	13126.299133999999	13128.197	13128.407	2.0		1.0	1.0					
13130.961	13.25799999999981	trials	8.0	13139.449588	13141.066641	13142.635166	13142.815781	13138.691439	13141.586516	13143.311	13144.219	1.0	2.0	1.0	1.0					
13147.259	9.706000000000131	trials	8.0	13152.587105999999	13154.597055			13151.636793	13154.806062	13156.506	13156.681	2.0		1.0	1.0					
13159.399	8.40099999999984	trials	8.0	13163.76039	13165.282337			13162.758734	13165.650738	13167.556	13167.631	2.0		1.0	1.0					
13170.341	9.430000000000291	trials	8.0	13175.110406	13176.633098	13178.131745	13178.324172	13174.315497	13177.119521999999	13178.961	13179.771	1.0	2.0	1.0	1.0					
13182.822	13.648999999999432	trials	8.0	13188.791657	13190.000426999999	13194.343734	13194.670748	13188.107837	13190.65398	13195.072	13196.471	1.0	1.0	1.0	1.0					
13199.496	7.730000000001382	trials	8.0	13202.896225	13204.046857	13205.435072	13205.629144999999	13202.137220999999	13204.56006	13206.171	13207.226	1.0	2.0	1.0	1.0					
13210.246	8.520000000000437	trials	8.0	13215.299543	13216.763136			13214.346018	13216.754108			1.0		0.0	2.0					
13221.776	20.759000000000015	trials	8.0	13239.127236	13240.657274	13242.179334	13242.542216	13238.452376	13241.062125			1.0	2.0	0.0	3.0					
13246.471	10.550000000001091	trials	8.0	13251.240651	13252.991876	13255.040348	13255.343931	13250.513447	13253.239607	13255.816	13257.021	1.0	1.0	1.0	1.0					
13259.886	9.18999999999869	trials	8.0	13264.038633	13266.00798	13267.455944	13267.708176	13263.213723	13266.413111	13268.161	13269.076	1.0	2.0	1.0	1.0					
13271.096	9.829999999999927	trials	8.0	13276.71136	13278.603495			13275.876103999999	13278.839189999999			2.0		1.0	1.0					
13285.376	6.32799999999952	trials	8.0	13287.796692	13289.758182	13291.393748999999	13291.6485	13287.25261	13290.02402			1.0	2.0	0.0	3.0					
13295.727	24.661999999998443	trials	8.0	13315.855874	13317.830399	13318.634505	13319.048166	13315.00153	13317.954867	13319.386	13320.389	1.0	2.0	1.0	1.0					
13324.414	8.093999999999141	trials	8.0	13326.962229	13328.437942	13329.524975	13330.081868	13326.064863	13328.811635			1.0	2.0	0.0	3.0					
13332.886	4.594999999999345	trials	8.0	13334.552805	13335.478241			13332.513386999999	13335.47219			1.0		0.0	2.0					
13339.492	55.064000000000306	trials	8.0	13389.279486	13390.528304	13392.520752	13392.953592	13388.707013	13391.700071	13393.236	13394.556	1.0	1.0	1.0	1.0					
13398.586	9.795000000000073	trials	8.0	13400.771832999999	13402.388765	13407.613254	13407.933712	13399.873265	13402.370590999999			2.0		0.0	2.0					
13408.401	87.06999999999971	trials	8.0	13491.567262	13492.623282	13493.961593	13494.201258	13490.60357	13493.210184	13494.731	13495.471	1.0	2.0	1.0	1.0					
13497.511	7.8400000000001455	trials	8.0	13501.407297	13503.078119			13500.845667	13503.291075			2.0		1.0	1.0					
13507.901	13.56500000000051	trials	8.0	13517.631722	13518.77369	13519.759863	13519.996617	13516.631285	13519.125172	13520.436	13521.466	1.0	2.0	1.0	1.0					
13524.481	9.380000000001019	trials	8.0	13529.762706	13531.59881			13528.757561999999	13531.815188	13533.561	13533.787	2.0		1.0	1.0					
13537.401	7.085000000000946	trials	8.0	13540.177536	13542.099204	13543.363479	13543.539605	13539.338304	13542.489099999999			1.0	2.0	1.0	1.0					
13546.931	10.560999999999694	trials	8.0	13553.722286	13554.900008999999	13555.878688	13556.061533	13552.733582	13555.186383	13556.541	13557.492	1.0	2.0	1.0	1.0					
13560.539	10.086999999999534	trials	8.0	13565.842544	13567.494053999999	13568.46602	13569.112142	13564.883154	13567.779299			1.0	2.0	0.0	3.0					
13571.844	8.317000000000917	trials	8.0	13573.597258	13574.564331	13578.760892	13579.142953999999	13570.636509	13574.553534			1.0		0.0	2.0					
13580.626	4.913000000000466	trials	8.0	13582.302631	13583.524473			13580.171817	13583.516946			1.0		0.0	2.0					
13587.551	7.481999999999971	trials	8.0	13589.322805	13591.072656	13593.001836	13593.350748	13588.367573	13591.399703	13593.736	13595.033	1.0	1.0	1.0	1.0					
13598.087	7.334000000000742	trials	8.0	13601.605040999999	13603.567499	13604.93058	13605.07451	13600.933493	13604.036423			1.0	2.0	0.0	3.0					
13609.274	17.887000000000626	trials	8.0	13623.168797	13625.104521	13625.808804	13625.998599	13622.443353999999	13625.101008			1.0		0.0	2.0					
13631.166	17.496000000001004	trials	8.0	13646.022626	13647.089817	13648.292187	13648.668411	13645.494521	13647.698184			1.0	2.0	0.0	3.0					
13650.617	15.10399999999936	trials	8.0	13662.905783	13664.45614	13665.401315	13665.556094	13662.087177	13664.67932			1.0	2.0	0.0	3.0					
13668.729	19.096999999999753	trials	8.0	13684.191633999999	13685.211209	13687.416365	13687.590506	13683.629386999999	13686.303359			1.0	2.0	0.0	3.0					
13689.751	10.899999999999636	trials	8.0	13695.448148	13696.874294	13698.631429	13699.053732	13694.589981	13696.941784999999	13699.346	13700.651	1.0	1.0	1.0	1.0					
13704.711	6.328000000001339	trials	8.0	13707.568121	13708.954373999999	13710.778892999999	13711.03796	13706.695037	13708.951389			1.0		0.0	2.0					
13715.069	8.807000000000698	trials	8.0	13720.589705	13721.829665			13719.72596	13721.823645			2.0		0.0	2.0					
13725.886	18.63500000000022	trials	8.0	13739.411374	13740.668537	13742.729135	13743.117893	13738.717433	13741.922912	13743.421	13744.521	1.0	1.0	1.0	1.0					
13747.586	7.6200000000008	trials	8.0	13751.136376999999	13752.63441			13750.362374	13752.958998	13754.907	13755.206	2.0		1.0	1.0					
13758.226	10.125	trials	8.0	13762.343676	13763.615193	13766.343941	13766.709624	13761.411017999999	13764.153672	13767.136	13768.351	1.0	1.0	1.0	1.0					
13772.417	18.47900000000118	trials	8.0	13777.205574	13779.256433999999	13789.146326	13789.436571	13776.266072999999	13779.200418	13789.907	13790.896	1.0	1.0	1.0	1.0					
13792.917	7.764000000001033	trials	8.0	13796.143511	13797.17525	13798.69569	13799.044511	13795.152854	13797.704151	13799.426	13800.681	1.0	1.0	1.0	1.0					
13803.742	8.90899999999965	trials	8.0	13808.473362	13810.09137			13807.935936	13810.357453999999			2.0		1.0	1.0					
13815.126	6.7549999999992	trials	8.0	13818.111744	13819.567267999999			13817.125301	13819.616209			2.0		1.0	1.0					
13824.399	14.548000000000684	trials	8.0	13834.71365	13836.431112	13838.565443	13838.952629	13833.845265	13836.846245			1.0	1.0	0.0	3.0					
13841.945	11.836999999999534	trials	8.0	13848.755384	13850.82441	13851.850548	13852.329242	13848.194013	13851.131637			1.0	2.0	0.0	3.0					
13854.176	14.225000000000364	trials	8.0	13863.1215	13864.33827	13866.618405	13866.922851	13862.231215	13864.910262	13867.367	13868.401	1.0	1.0	1.0	1.0					
13872.461	8.486000000000786	trials	8.0	13875.019227	13876.954412	13878.632894999999	13879.101838999999	13874.311568	13877.758362	13879.306	13880.947	1.0	1.0	1.0	1.0					
13883.966	9.159999999999854	trials	8.0	13887.269066	13888.830198	13891.013078	13891.411998	13886.295246	13889.918486	13891.716	13893.126	1.0	1.0	1.0	1.0					
13897.196	8.442999999999302	trials	8.0	13901.373964999999	13902.836549			13900.566453	13903.074432	13904.731	13905.639	2.0		1.0	1.0					
13909.57	10.111000000000786	trials	8.0	13912.770288	13913.796036	13917.728189	13918.040774	13912.168911	13915.770443	13918.521	13919.681	1.0	1.0	1.0	1.0					
13922.716	26.07499999999891	trials	8.0	13944.244142	13946.004009	13947.199806	13947.427805	13943.241234	13946.43342	13947.966	13948.791	1.0	2.0	1.0	1.0					
13952.836	7.085000000000946	trials	8.0	13954.49376	13955.552118	13957.42122	13957.844093	13953.735181	13956.410663	13958.216	13959.921	1.0	1.0	1.0	1.0					
13962.596	6.39600000000064	trials	8.0	13965.41025	13966.737163			13964.422418	13966.988651	13968.666	13968.896	2.0		1.0	1.0					
13971.526	9.075000000000728	trials	8.0	13974.594495	13976.495564	13978.576269	13978.863333	13974.081717	13976.868881999999	13979.216	13980.601	1.0	1.0	1.0	1.0					
13984.626	8.561999999999898	trials	8.0	13987.139417	13988.980846999999	13991.092689	13991.381014999999	13986.579443	13989.210804	13991.901	13993.188	1.0	1.0	1.0	1.0					
13995.261	8.654999999998836	trials	8.0	14000.099387	14001.571752			13999.430139	14001.80766	14003.606	14003.691	2.0		1.0	1.0					
14008.371	8.975000000000364	trials	8.0	14013.779258	14015.348625			14013.015707999999	14015.34015			1.0		0.0	2.0					
14020.356	22.916000000001077	trials	8.0	14039.064792	14039.946926	14042.159534999999	14042.558867	14038.466021	14039.936255999999			1.0		0.0	2.0					
14044.072	4.533999999999651	trials	8.0	14045.805865999999	14046.611205	14047.860755	14048.456949	14043.28287	14046.596909			1.0		0.0	2.0					
14051.649	11.192000000000917	trials	8.0	14056.11939	14057.206757	14058.657969	14059.096359	14055.415205	14057.787443			2.0		0.0	4.0					
14063.666	4.385000000000218	trials	8.0	14065.824992	14065.991387			14062.850793	14065.987186999999			1.0		0.0	2.0					
14072.07	23.709000000000742	trials	8.0	14092.726351	14093.772617999999			14092.002693999999	14093.7687			1.0		0.0	2.0					
14099.805	10.125	trials	8.0	14106.279948	14107.41858			14105.616775999999	14107.737278999999			2.0		1.0	1.0					
14112.441	7.554999999998472	trials	8.0	14116.600037	14117.968654			14116.00449	14117.958215999999			1.0		0.0	2.0					
14122.001	25.289999999999054	trials	8.0	14144.401467	14145.29726	14146.613612	14146.828908	14143.542807	14145.281977999999			1.0		0.0	2.0					
14150.305	5.620999999999185	trials	8.0	14152.819074	14153.928296			14152.216643	14153.922422			1.0		0.0	2.0					
14158.961	11.739999999999782	trials	8.0	14165.46222	14167.376561	14168.722797	14169.171029	14164.864307	14167.775778	14169.476	14170.701	1.0	1.0	1.0	1.0					
14172.731	9.34100000000035	trials	8.0	14178.191112	14180.071661	14181.208544	14181.615182	14177.676504	14180.064138			1.0		0.0	2.0					
14184.081	5.700999999999112	trials	8.0	14185.965167999999	14187.281931			14185.449648	14187.598428			2.0		1.0	1.0					
14192.336	12.850000000000364	trials	8.0	14200.495587	14202.312315	14203.570253	14203.773818	14199.602463	14202.689258	14204.311	14205.186	1.0	2.0	1.0	1.0					
14209.256	13.415000000000873	trials	8.0	14216.551005	14218.405853	14220.696156	14221.127805	14215.753197	14218.968867	14221.441	14222.671	1.0	1.0	1.0	1.0					
14224.741	9.817999999999302	trials	8.0	14228.857919	14230.082384	14232.349634	14232.714323	14228.079834	14231.027072	14233.041	14234.559	1.0	1.0	1.0	1.0					
14236.621	591.5010000000002	BlockDesign														1.0	690.0	734.0	50.0	90.0
14236.621	8.233000000000175	trials	9.0	14241.087345	14242.707069	14244.383883	14244.622737	14240.54874	14242.765257			1.0	1.0	0.0	3.0					
14248.661	11.985000000000582	trials	9.0	14254.750579	14256.528624	14258.680776	14258.986619	14253.927732	14257.388759	14259.371	14260.646	1.0	1.0	1.0	1.0					
14263.711	13.756000000001222	trials	9.0	14268.962526	14270.340468	14275.353734	14275.651631	14268.33603	14273.575673	14276.061	14277.467	1.0	1.0	1.0	1.0					
14279.481	8.385000000000218	trials	9.0	14284.241382	14285.544842			14283.642104999999	14285.645249			2.0		1.0	1.0					
14291.367	10.656999999999243	trials	9.0	14298.041009	14299.198452	14301.680934	14301.883742	14297.336341999999	14299.947694			1.0	1.0	0.0	3.0					
14305.07	7.193999999999505	trials	9.0	14309.061246	14310.730306	14311.834619	14312.27057	14308.400282999999	14311.059975			1.0	2.0	0.0	3.0					
14316.195	9.851000000000568	trials	9.0	14321.547797	14323.062821	14324.5155	14324.665088	14320.621137	14323.53945	14325.271	14326.046	1.0	2.0	1.0	1.0					
14328.066	25.279999999998836	trials	9.0	14349.178618	14350.832495999999	14351.83367	14352.029507	14348.371484	14351.109477	14352.536	14353.346	1.0	2.0	1.0	1.0					
14355.399	10.281000000000859	trials	9.0	14359.337867	14361.328142999999	14363.604374	14363.949746	14358.79557	14362.049166	14364.377	14365.68	1.0	1.0	1.0	1.0					
14368.697	6.95299999999952	trials	9.0	14372.2413	14373.39259			14371.634321	14373.57596	14375.296	14375.572	2.0		1.0	1.0					
14379.166	10.256000000001222	trials	9.0	14385.607035	14386.902959			14384.996474	14387.203736			2.0		1.0	1.0					
14391.978	10.50800000000163	trials	9.0	14398.977287	14400.433632			14398.429568	14400.430149			2.0		0.0	2.0					
14405.511	10.898999999999432	trials	9.0	14407.331146	14408.898135	14414.145578	14414.626622	14406.083494	14409.161574	14414.936	14416.41	1.0	1.0	1.0	1.0					
14419.485	7.360999999998967	trials	9.0	14423.165955	14424.484601			14422.212215	14424.60813			2.0		1.0	1.0					
14430.282	10.529000000000451	trials	9.0	14436.281684	14437.498136	14439.005307	14439.209799	14435.76927	14438.269449	14439.711	14440.811	1.0	2.0	1.0	1.0					
14443.883	7.6929999999993015	trials	9.0	14446.441383	14447.749539	14449.160226	14449.445384999999	14445.449754	14448.031825	14449.901	14451.576	1.0	2.0	1.0	1.0					
14455.426	7.915000000000873	trials	9.0	14460.016701	14461.345202			14459.087211	14461.334511			1.0		0.0	2.0					
14467.346	15.89600000000064	trials	9.0	14475.937341	14477.813859	14481.158714	14481.523595999999	14475.246192999999	14478.202064	14481.867	14483.242	1.0	1.0	1.0	1.0					
14485.289	9.07799999999952	trials	9.0	14490.376844999999	14491.998438999999			14489.712466	14492.0297			2.0		1.0	1.0					
14496.805	10.46099999999933	trials	9.0	14501.817117999999	14502.884301	14505.04034	14505.400496	14501.310217999999	14503.533345	14505.761	14507.266	1.0	1.0	1.0	1.0					
14509.291	9.826000000000931	trials	9.0	14513.906778	14515.849173999999	14518.470725	14519.132793	14513.123469	14516.244945			1.0	1.0	0.0	3.0					
14522.852	8.613999999999578	trials	9.0	14526.817342999999	14528.698523	14529.681678	14530.023324	14525.945375	14528.986251	14530.396	14531.466	1.0	2.0	1.0	1.0					
14535.532	7.984000000000378	trials	9.0	14539.072081999999	14540.865098	14541.705092	14541.882593999999	14538.088877999999	14540.966925	14542.386	14543.516	1.0	2.0	1.0	1.0					
14547.579	8.602000000000771	trials	9.0	14551.667232	14553.13454	14554.269681	14554.436118	14550.874193	14553.517283	14554.921	14556.181	1.0	2.0	1.0	1.0					
14558.201	9.130000000001019	trials	9.0	14562.067121	14564.06433	14565.639991	14565.773049	14561.453184	14564.738043	14566.246	14567.331	1.0	2.0	1.0	1.0					
14571.361	8.3849999999984	trials	9.0	14575.155292	14576.876006	14577.959625	14578.176411	14574.202124	14577.161418	14578.657	14579.746	1.0	2.0	1.0	1.0					
14583.789	11.117999999998574	trials	9.0	14590.203031000001	14592.140121	14593.805937	14593.942243	14589.464415	14592.252811999999			1.0	2.0	1.0	1.0					
14599.376	8.765999999999622	trials	9.0	14603.677392	14604.856112	14606.321132	14606.456129	14603.127849	14605.461584	14607.032	14608.142	1.0	2.0	1.0	1.0					
14612.181	7.369999999998981	trials	9.0	14616.577166	14618.119008	14619.150205	14619.564187	14616.039073	14618.41435			1.0	2.0	0.0	3.0					
14622.476	31.519999999998618	trials	9.0	14649.924069	14651.368917	14652.487541999999	14652.545713	14649.189426	14651.711605	14653.316	14653.996	1.0	2.0	1.0	1.0					
14656.056	11.265999999999622	trials	9.0	14661.353297	14662.439967	14663.169441	14663.61761	14660.464149	14662.431928			1.0		0.0	2.0					
14668.501	6.440000000000509	trials	9.0	14670.312756	14671.344752	14673.53793	14673.602847	14667.337872	14671.752843	14674.322	14674.941	1.0	2.0	1.0	1.0					
14677.971	7.8400000000001455	trials	9.0	14682.049078	14683.461842			14681.058977	14683.661254999999			2.0		1.0	1.0					
14688.305	8.450999999999112	trials	9.0	14691.669535	14693.060708	14695.176461	14695.353857	14690.789576	14693.708982	14695.971	14696.756	1.0	2.0	1.0	1.0					
14698.786	8.68499999999949	trials	9.0	14702.58926	14704.119525	14705.81322	14705.975172	14702.002704	14704.591833	14706.601	14707.471	1.0	2.0	1.0	1.0					
14710.491	13.344999999999345	trials	9.0	14715.217686	14716.84655	14723.293413	14723.851908	14714.27804	14717.21144			1.0	1.0	0.0	3.0					
14725.617	9.454999999999927	trials	9.0	14730.803379	14732.709263			14730.200754	14732.745761			2.0		1.0	1.0					
14738.491	6.2450000000008	trials	9.0	14740.888735	14742.4395	14744.12415	14744.751032	14740.058684	14742.607112			1.0	1.0	0.0	3.0					
14747.447	6.804000000000087	trials	9.0	14749.763144	14751.523412999999	14752.567734	14752.782585	14749.02537	14751.842455	14753.291	14754.251	1.0	2.0	1.0	1.0					
14757.271	7.763999999999214	trials	9.0	14759.938449	14761.475264	14763.3441	14763.578181	14759.078609	14762.43096	14763.971	14765.035	1.0	2.0	1.0	1.0					
14768.091	6.895000000000437	trials	9.0	14771.29316	14772.382043			14770.539501	14772.747856	14774.586	14774.666	2.0		1.0	1.0					
14777.43	16.906999999999243	trials	9.0	14788.618225999999	14790.635753999999	14792.142099	14792.201913	14787.815717	14791.124163			1.0	2.0	0.0	3.0					
14795.477	9.72899999999936	trials	9.0	14800.957932	14802.851024			14800.011372	14802.904292			2.0		1.0	1.0					
14809.651	6.77100000000064	trials	9.0	14812.622986999999	14813.869575			14812.080783	14814.291873	14816.111	14816.296	2.0		1.0	1.0					
14820.951	7.1710000000002765	trials	9.0	14823.638109	14825.209629	14826.569211	14826.695717999999	14822.887515	14825.607483	14827.407	14828.122	1.0	2.0	1.0	1.0					
14831.146	886.6080000000002	BlockDesign														0.0	735.0	765.0	50.0	10.0
14831.146	6.559999999999491	trials	10.0	14834.768636	14836.060415	14837.158523	14837.353202999999	14833.857382999999	14836.413734			1.0	2.0	0.0	3.0					
14841.492	19.128999999998996	trials	10.0	14850.708399	14852.584188	14860.063103	14860.63682	14850.124365	14852.926128			1.0	2.0	0.0	3.0					
14862.401	49.280000000000655	trials	10.0	14909.4524	14910.536949	14911.361512	14911.621379	14908.692396	14910.82861			1.0	2.0	0.0	3.0					
14914.711	81.3140000000003	trials	10.0	14992.27469	14993.665833			14991.577908	14993.878751	14995.661	14995.886	2.0		1.0	1.0					
14998.479	65.21800000000076	trials	10.0	15052.639194	15054.267816	15062.594551999999	15063.084106999999	15051.727031999999	15054.65436			1.0	1.0	0.0	3.0					
15065.916	53.19000000000051	trials	10.0	15115.294614	15117.046753999999	15117.931272	15118.259351	15114.536349	15117.038523			1.0		0.0	2.0					
15121.116	6.510000000000218	trials	10.0	15123.626479	15125.017869			15122.936414	15125.277924	15127.226	15127.256	2.0		1.0	1.0					
15130.091	19.225000000000364	trials	10.0	15146.010452999999	15147.792136	15148.921611	15149.329062	15145.09935	15148.019489999999			1.0	2.0	0.0	3.0					
15152.261	16.730999999999767	trials	10.0	15156.366648	15157.388281	15168.656039	15169.004928	15155.788302	15157.403918			1.0	1.0	0.0	3.0					
15171.992	6.318999999999505	trials	10.0	15173.990152999999	15175.461643999999	15178.292768	15178.328599	15172.944945	15175.457354			1.0		0.0	2.0					
15181.521	62.2609999999986	trials	10.0	15235.045007	15236.470416	15241.494156	15242.079732	15234.468021	15237.039701			1.0	1.0	0.0	3.0					
15245.806	4.420000000000073	trials	10.0	15247.70055	15248.236423999999			15243.798338	15248.231307			1.0		0.0	2.0					
15252.236	6.069999999999709	trials	10.0	15254.122323	15254.559225	15257.472254	15257.689193	15252.294707000001	15254.545736			1.0		0.0	2.0					
15259.572	37.58899999999994	trials	10.0	15294.295569	15295.493094	15296.473231	15297.178617	15293.773146	15295.781974			1.0	2.0	0.0	3.0					
15298.836	8.905000000000655	trials	10.0	15303.996658999999	15305.313962999999	15306.904524	15307.743461999999	15303.177033999998	15305.376037999999			1.0	2.0	0.0	3.0					
15309.236	12.054999999998472	trials	10.0	15317.717738	15319.032518999999			15317.100649999998	15319.243197			2.0		1.0	1.0					
15325.811	6.579999999999927	trials	10.0	15327.866	15329.267075999998	15330.569105999999	15330.956295	15327.314230999998	15329.848977	15331.291	15332.391	1.0	2.0	1.0	1.0					
15335.416	65.21000000000095	trials	10.0	15396.531269	15397.689435999999	15400.309168	15400.621695	15395.941073	15398.186795			1.0	2.0	0.0	3.0					
15402.636	40.149999999999636	trials	10.0	15438.407029	15438.748484999998	15441.570171	15441.792431999998	15437.527492	15438.736319			1.0		0.0	2.0					
15443.807	76.96999999999935	trials	10.0	15518.185635	15519.639695	15520.273389	15520.778842	15517.194477	15519.561371999998			1.0	2.0	0.0	3.0					
15524.606	9.680000000000291	trials	10.0	15530.432341999998	15532.025867999999			15529.668690999999	15532.16454			2.0		1.0	1.0					
15538.807	27.599999999998545	trials	10.0	15562.584468	15564.092735999999			15561.923278999999	15564.299008			2.0		1.0	1.0					
15568.945	37.26100000000042	trials	10.0	15601.954644	15603.219765	15604.580968999999	15604.899964999999	15601.173616999999	15603.556883	15605.226	15606.206	1.0	2.0	1.0	1.0					
15610.231	10.886000000000422	trials	10.0	15617.503012	15619.279256999998	15620.612067999999	15621.122299999999	15616.859153	15619.617583			1.0	1.0	0.0	3.0					
15624.947	7.869000000000597	trials	10.0	15628.088639	15629.363141	15630.607630999999	15631.317651	15627.372311	15629.794082999999			1.0	2.0	0.0	3.0					
15633.941	4.779999999998836	trials	10.0	15635.491149	15636.716627999998			15632.821034999999	15636.709443			2.0		0.0	2.0					
15641.726	6.265999999999622	trials	10.0	15644.083297	15645.990027			15642.157281	15645.978717999998			1.0		0.0	2.0					
15650.997	6.168999999999869	trials	10.0	15653.448815999998	15654.639658999999			15652.74743	15654.991268999998			2.0		1.0	1.0					
15661.728	29.293000000001484	trials	10.0	15686.970591	15688.853267999999	15690.56295	15691.024619999998	15686.116347	15689.124385			1.0	2.0	0.0	3.0					
15692.891	10.644000000000233	trials	10.0	15698.553836	15699.791403	15701.216854999999	15701.697042	15697.816745999999	15700.270772999998			1.0	2.0	0.0	3.0					
15705.546	12.208000000000538	trials	10.0	15712.893134	15714.848321	15715.996566	15716.404741999999	15712.249489999998	15715.15683	15716.671	15717.754	1.0	2.0	1.0	1.0					
