onset	duration	nwb_table	block	tone_on_time	tone_off_time	action_on_time	action_off_time	pokeC_on_time	pokeC_off_time	reward_on_time	reward_off_time	state	action	reward	result	FinishedBlock	FirstTrial	LastTrial	RewardRule_L	RewardRule_R
2.268	1841.845	BlockDesign														1.0	1.0	113.0	50.0	90.0
2.268	25.515	trials	1.0	25.475388	26.497255	27.312490999999998	27.780661	24.688	26.725682			1.0	1.0	0.0	3.0					
31.669	7.133999999999997	trials	1.0	35.165761	36.747563			34.27174099999999	36.74237599999999			1.0		0.0	2.0					
42.859	7.125	trials	1.0	46.572068	48.557063	49.469295	49.983982999999995	45.584109999999995	48.823772000000005			1.0	1.0	0.0	3.0					
52.803	13.36	trials	1.0	62.925725	64.122665	65.204459	66.165452	62.036281	64.472252			1.0	2.0	0.0	3.0					
69.518	39.565	trials	1.0	104.52750999999999	106.187477	107.210222	107.69940199999999	103.87813399999999	106.559063	107.813	109.083	1.0	1.0	1.0	1.0					
112.123	7.144999999999996	trials	1.0	115.836236	116.91265999999999	118.661834	119.26989499999999	115.027715	117.99123999999999			1.0	1.0	0.0	3.0					
121.037	29.105999999999995	trials	1.0	146.322931	147.59011900000002			145.419731	147.893852			2.0		1.0	1.0					
153.718	9.405000000000001	trials	1.0	156.980999	158.931374	159.899801	161.062905	156.34966300000002	159.16177100000002	160.533	163.123	1.0	2.0	1.0	1.0					
165.913	9.070999999999998	trials	1.0	170.71445200000002	172.422631			170.182984	172.706692			2.0		1.0	1.0					
179.493	5.314999999999998	trials	1.0	181.22675800000002	182.74866	183.463018	183.801984	180.156404	182.74426300000002			1.0		0.0	2.0					
187.813	16.97	trials	1.0	199.57298	200.89431100000002	202.082749	203.19611500000002	198.88344800000002	201.41996	202.948	204.783	1.0	2.0	1.0	1.0					
206.828	10.294999999999987	trials	1.0	213.376799	214.558274			212.494739	214.85785			2.0		1.0	1.0					
219.666	13.61699999999999	trials	1.0	228.84206	231.228691			227.99980100000002	231.21703000000002			1.0		0.0	2.0					
235.339	14.34899999999999	trials	1.0	246.11313700000002	247.553377	248.97324	249.68752600000002	245.363425	248.061932			1.0	2.0	0.0	3.0					
252.303	19.930999999999983	trials	1.0	267.167306	268.27329799999995	269.445827	270.44001799999995	266.42260699999997	268.74191299999995	264.628	272.234	1.0	2.0	1.0	1.0					
276.274	9.283999999999992	trials	1.0	281.86373399999997	282.995977			281.21428699999996	283.447748			2.0		1.0	1.0					
289.03	8.017000000000053	trials	1.0	293.029108	294.233254			292.024606	294.79461599999996			2.0		1.0	1.0					
300.623	12.310000000000002	trials	1.0	307.377328	309.20048099999997	310.61749399999997	311.38386499999996	306.701194	309.545351	311.228	312.933	1.0	1.0	1.0	1.0					
316.983	9.940999999999974	trials	1.0	322.687051	324.61695			322.14086399999997	324.824435	326.623	326.924	2.0		1.0	1.0					
329.444	11.204999999999984	trials	1.0	335.686868	337.446668	338.244155	339.03705199999996	334.712309	337.64185699999996	338.933	340.649	1.0	1.0	1.0	1.0					
342.708	14.849999999999966	trials	1.0	347.851975	350.10015799999996	351.212084	352.375883	347.144795	350.51	351.933	357.558	1.0	2.0	1.0	1.0					
359.62	12.528999999999996	trials	1.0	366.50260399999996	367.84432499999997	369.03781999999995	370.196243	365.941334	368.245141	369.678	372.149	1.0	2.0	1.0	1.0					
374.213	9.189999999999998	trials	1.0	380.23225399999995	381.339244	382.788572	383.40628	379.67522499999995	382.10193499999997			1.0	1.0	0.0	3.0					
387.123	18.590000000000032	trials	1.0	399.65791099999996	401.40989299999995	402.52689999999996	403.779526	399.070162	401.850164	403.393	405.713	1.0	2.0	1.0	1.0					
408.748	12.841000000000008	trials	1.0	415.574407	417.55447499999997	418.243043	419.50685	414.57169	417.57735199999996	418.923	421.589	1.0	2.0	1.0	1.0					
425.608	10.529999999999973	trials	1.0	430.078447	431.859422	432.962812	434.223823	429.54887199999996	432.23053999999996	433.649	436.138	1.0	2.0	1.0	1.0					
438.203	12.650000000000034	trials	1.0	444.882742	445.991184	447.482144	448.74215599999997	443.897225	446.768938	448.133	450.853	1.0	2.0	1.0	1.0					
454.899	8.353999999999985	trials	1.0	458.998073	460.773854	461.99920699999996	463.25580499999995	458.281433	461.270972			1.0	2.0	0.0	3.0					
464.323	9.350000000000023	trials	1.0	471.01796199999995	472.391122	473.11325899999997	473.677423	470.22241299999996	472.48882599999996			1.0	1.0	0.0	3.0					
477.399	13.76400000000001	trials	1.0	485.683132	487.61641699999996	488.74147999999997	489.47095099999996	485.08663099999995	487.994449	489.514	491.163	1.0	1.0	1.0	1.0					
494.223	27.261000000000024	trials	1.0	515.508636	516.6568599999999	518.3435089999999	519.549078	514.855253	517.6921209999999	519.183	521.484	1.0	2.0	1.0	1.0					
525.591	8.206999999999994	trials	1.0	530.388593	531.920087	533.093134	533.7984319999999	529.883749	532.272626			1.0	1.0	0.0	3.0					
536.438	15.850000000000023	trials	1.0	548.482988	550.282046			547.6553779999999	550.278408			1.0		0.0	2.0					
555.298	23.024	trials	1.0	572.187157	573.391468	574.717805	576.208169	571.1863539999999	573.957776	575.444	578.322	1.0	2.0	1.0	1.0					
580.437	14.245999999999981	trials	1.0	588.518705	590.024995	591.165358	592.45972	587.7099519999999	590.453773	591.918	594.683	1.0	2.0	1.0	1.0					
598.748	7.954999999999927	trials	1.0	602.81891	604.7955499999999	605.831679	606.705301	602.3115829999999	605.141921			1.0	1.0	0.0	3.0					
609.167	14.581000000000017	trials	1.0	619.780579	621.190313			619.133274	621.534843			2.0		1.0	1.0					
627.276	12.107000000000085	trials	1.0	633.7140459999999	635.540078	636.903421	637.7552029999999	632.747719	635.843843	637.578	639.383	1.0	1.0	1.0	1.0					
641.403	10.970000000000027	trials	1.0	646.22429	647.496044	648.643871	650.1849109999999	645.5347909999999	647.961281	649.353	652.373	1.0	2.0	1.0	1.0					
656.419	12.428999999999974	trials	1.0	664.379409	665.631175	666.667888	667.30913	663.395253	665.905583	667.403	668.848	1.0	1.0	1.0	1.0					
670.886	13.5	trials	1.0	680.674572	682.3679539999999			679.88554	682.3642159999999			1.0		0.0	2.0					
687.393	16.92999999999995	trials	1.0	700.733806	702.7677679999999	703.7206669999999	704.325644	700.043483	703.0444239999999			1.0	1.0	0.0	3.0					
707.083	18.004999999999995	trials	1.0	720.991178	722.786786			720.08434	723.005231			2.0		1.0	1.0					
727.618	8.144999999999982	trials	1.0	731.790143	733.157778			731.278409	733.498838			2.0		1.0	1.0					
738.274	8.375	trials	1.0	743.334918	744.980923	746.2441729999999	746.654633	742.7939319999999	745.284466			1.0	1.0	0.0	3.0					
748.605	15.713999999999942	trials	1.0	758.569049	760.32787	761.253439	762.274552	757.683911	760.554297	761.944	764.319	1.0	2.0	1.0	1.0					
767.389	10.019000000000005	trials	1.0	773.274675	774.806769			772.494227	775.0993569999999			2.0		1.0	1.0					
781.889	13.778999999999996	trials	1.0	792.930074	794.323706	795.260265	795.672549	792.183623	794.587754			1.0	1.0	0.0	3.0					
799.625	11.947999999999979	trials	1.0	805.555194	807.41608	808.2133249999999	809.276475	804.785227	807.56754	808.938	811.573	1.0	2.0	1.0	1.0					
815.609	9.069999999999936	trials	1.0	820.399816	822.373927			819.4561219999999	822.470471			2.0		1.0	1.0					
828.251	12.072000000000003	trials	1.0	834.4513	836.101178	837.390479	838.343295	833.6440729999999	836.605207	838.138	840.323	1.0	2.0	1.0	1.0					
842.343	11.620000000000005	trials	1.0	849.749332	851.151701			849.11954	851.695931			2.0		1.0	1.0					
857.461	15.256999999999948	trials	1.0	868.970501	870.801121	871.853075	872.719936	867.979796	871.08061			1.0	1.0	0.0	3.0					
875.163	14.294999999999959	trials	1.0	885.360296	886.886967			884.429525	887.144801			2.0		1.0	1.0					
893.928	9.355000000000018	trials	1.0	899.0505949999999	900.973036			898.200729	901.183814			2.0		1.0	1.0					
907.813	12.860000000000014	trials	1.0	911.630825	913.6333119999999	914.609468	916.02671	910.755062	913.862635	915.458	920.673	1.0	2.0	1.0	1.0					
922.698	11.94500000000005	trials	1.0	928.461107	929.8065339999999	930.674034	932.0153359999999	927.858437	930.031194	931.353	934.643	1.0	2.0	1.0	1.0					
936.704	9.934000000000083	trials	1.0	943.225558	944.707585	945.74687	946.64471	942.4416679999999	945.0290719999999			1.0	1.0	0.0	3.0					
948.064	12.045000000000073	trials	1.0	956.166101	957.557422			955.507895	957.883371			2.0		1.0	1.0					
963.663	10.350000000000023	trials	1.0	970.452061	971.592887	972.6559579999999	974.0179509999999	969.749315	971.982776			1.0	2.0	1.0	1.0					
977.223	15.096000000000004	trials	1.0	986.50715	988.5161469999999	989.21758	990.3955149999999	985.712674	988.494031	989.963	992.319	1.0	2.0	1.0	1.0					
994.373	13.059999999999945	trials	1.0	1001.236147	1002.584564	1003.734686	1004.859395	1000.6557799999999	1003.0157439999999	1004.444	1007.433	1.0	2.0	1.0	1.0					
1009.453	10.274999999999977	trials	1.0	1017.011069	1017.72407			1016.040137	1017.718546			1.0		0.0	2.0					
1023.744	38.329000000000065	trials	1.0	1058.721155	1060.192706	1061.099567	1061.952355	1058.185142	1060.443595			1.0	2.0	0.0	3.0					
1063.484	18.48400000000015	trials	1.0	1076.742694	1077.906933	1079.11846	1080.30864	1075.990115	1078.4492	1079.783	1081.968	1.0	2.0	1.0	1.0					
1084.026	10.791999999999916	trials	1.0	1090.611768	1092.808972			1089.797896	1092.79736			1.0		0.0	2.0					
1098.825	13.597999999999956	trials	1.0	1108.288264	1109.829982			1107.7156009999999	1110.252878			2.0		1.0	1.0					
1114.944	9.44399999999996	trials	1.0	1119.382561	1121.312963	1122.17022	1122.941104	1118.57776	1121.4412	1122.868	1124.388	1.0	1.0	1.0	1.0					
1128.43	13.852999999999838	trials	1.0	1136.752064	1137.784955	1139.022308	1140.386084	1136.197511	1138.1731359999999	1139.723	1142.283	1.0	2.0	1.0	1.0					
1145.339	9.284000000000106	trials	1.0	1150.493674	1152.57296			1149.825895	1152.558861			1.0		0.0	2.0					
1156.643	16.213999999999942	trials	1.0	1169.11856	1170.768776			1168.38259	1170.7662129999999			1.0		0.0	2.0					
1175.873	25.904999999999973	trials	1.0	1194.243367	1196.2190679999999	1199.850638	1200.473462	1193.292665	1196.599393	1200.453	1201.778	1.0	1.0	1.0	1.0					
1204.795	8.252999999999929	trials	1.0	1208.803717	1210.478419			1207.890697	1210.75445			2.0		1.0	1.0					
1216.524	15.134000000000015	trials	1.0	1223.472229	1224.547634	1228.824275	1229.64997	1222.597012	1225.117634	1229.484	1231.658	1.0	1.0	1.0	1.0					
1235.723	6.980000000000018	trials	1.0	1239.034093	1240.902569	1241.878477	1242.707888	1238.384576	1241.245858			1.0	1.0	0.0	3.0					
1245.234	11.879000000000133	trials	1.0	1253.203921	1254.353735			1252.378043	1254.86615			2.0		1.0	1.0					
1261.679	13.374000000000024	trials	1.0	1268.6637699999999	1270.492909	1271.535408	1272.889426	1267.868371	1270.862558	1272.318	1275.053	1.0	2.0	1.0	1.0					
1279.083	9.164999999999964	trials	1.0	1283.4376809999999	1284.564248	1285.713965	1286.591444	1282.52792	1284.963397	1286.348	1288.248	1.0	1.0	1.0	1.0					
1290.274	10.09900000000016	trials	1.0	1296.602791	1298.498824	1299.38546	1300.379165	1295.701964	1298.704324			1.0	1.0	0.0	3.0					
1301.743	11.076000000000022	trials	1.0	1309.588001	1311.194102	1312.216802	1312.825304	1309.01174	1311.571225			1.0	1.0	0.0	3.0					
1315.538	15.629999999999882	trials	1.0	1326.659498	1328.415178	1330.6879099999999	1331.172899	1325.763935	1328.409864			1.0		0.0	2.0					
1333.507	35.90899999999988	trials	1.0	1365.648002	1366.86782			1364.807569	1367.273719			2.0		1.0	1.0					
1371.937	12.511000000000195	trials	1.0	1378.713847	1380.493955	1381.470034	1382.65687	1377.734876	1380.792326	1382.319	1384.448	1.0	2.0	1.0	1.0					
1387.468	12.079999999999927	trials	1.0	1395.3178639999999	1396.996256			1394.498754	1397.313674			2.0		1.0	1.0					
1404.099	9.739000000000033	trials	1.0	1408.272976	1410.128539	1411.09198	1412.167847	1407.745414	1410.445111	1411.788	1413.838	1.0	2.0	1.0	1.0					
1416.883	6.850999999999885	trials	1.0	1420.988438	1422.095351	1423.201517	1423.743978	1420.343209	1422.4890169999999			1.0	1.0	0.0	3.0					
1427.563	27.17099999999982	trials	1.0	1449.74516	1451.005595	1452.087401	1452.646745	1449.062176	1451.3913499999999	1452.808	1454.734	1.0	1.0	1.0	1.0					
1458.792	10.000999999999976	trials	1.0	1461.698479	1463.565308	1464.6813379999999	1466.094673	1461.134114	1463.94059	1465.418	1468.793	1.0	2.0	1.0	1.0					
1470.859	11.219000000000051	trials	1.0	1479.048824	1480.29857	1481.337842	1482.084782	1478.348548	1480.62158			1.0	1.0	0.0	3.0					
1485.658	16.88000000000011	trials	1.0	1496.738854	1498.130743	1499.278654	1500.472187	1496.225972	1498.5045069999999	1500.003	1502.538	1.0	2.0	1.0	1.0					
1505.558	11.7650000000001	trials	1.0	1512.370489	1513.740218	1514.906869	1515.528367	1511.628746	1514.084857	1515.588	1517.323	1.0	1.0	1.0	1.0					
1519.386	11.538000000000011	trials	1.0	1525.010333	1526.535425	1527.532324	1528.6996179999999	1524.254971	1526.817596	1528.238	1530.924	1.0	2.0	1.0	1.0					
1532.944	11.838999999999942	trials	1.0	1538.83981	1540.680916	1541.583402	1542.961517	1537.985803	1540.91276	1542.303	1544.783	1.0	2.0	1.0	1.0					
1546.848	9.855000000000018	trials	1.0	1552.688966	1554.4004889999999			1552.163421	1554.612452			2.0		1.0	1.0					
1559.251	12.376999999999953	trials	1.0	1565.660792	1566.815738	1568.739338	1569.878539	1565.015762	1567.309898	1569.533	1571.628	1.0	2.0	1.0	1.0					
1575.653	10.420000000000073	trials	1.0	1580.694401	1582.10806	1583.0492239999999	1584.335593	1579.972423	1582.4026939999999	1583.748	1586.073	1.0	2.0	1.0	1.0					
1589.099	7.089000000000169	trials	1.0	1592.604715	1594.141421			1591.750537	1594.137884			1.0		0.0	2.0					
1600.194	19.864000000000033	trials	1.0	1614.62609	1615.995437	1617.1061359999999	1618.277092	1613.912227	1616.3889139999999	1617.878	1620.058	1.0	2.0	1.0	1.0					
1623.08	9.788000000000011	trials	1.0	1628.286062	1630.315366			1627.75558	1630.597102			2.0		1.0	1.0					
1637.378	9.145999999999958	trials	1.0	1640.746184	1641.944732	1643.168444	1644.149747	1640.110981	1642.381033	1643.963	1646.524	1.0	2.0	1.0	1.0					
1649.543	13.430000000000064	trials	1.0	1658.95631	1660.421353			1658.337353	1660.6935819999999			2.0		1.0	1.0					
1665.542	13.881000000000085	trials	1.0	1672.429745	1674.367084	1675.42619	1676.99294	1671.882559	1674.717344	1676.198	1679.423	1.0	2.0	1.0	1.0					
1682.444	18.05899999999997	trials	1.0	1696.990111	1698.503194	1699.574801	1700.510695	1696.309138	1698.819592			1.0	2.0	0.0	3.0					
1703.908	11.485000000000127	trials	1.0	1710.855308	1712.636873			1710.267557	1713.256639			2.0		1.0	1.0					
1717.988	10.3599999999999	trials	1.0	1724.525387	1726.095566			1723.739292	1726.2825579999999			2.0		1.0	1.0					
1732.865	7.807999999999993	trials	1.0	1737.385808	1739.142859	1740.198631	1740.680498	1736.733119	1739.484599			1.0	1.0	0.0	3.0					
1743.524	16.825000000000045	trials	1.0	1754.500891	1756.241639	1757.387461	1758.478268	1753.694168	1756.691468	1757.973	1760.349	1.0	2.0	1.0	1.0					
1763.368	10.990999999999985	trials	1.0	1768.880873	1770.517367	1771.506287	1772.423822	1768.010305	1770.851149	1772.328	1774.359	1.0	2.0	1.0	1.0					
1778.403	6.992999999999938	trials	1.0	1781.195164	1783.062787			1780.573058	1783.281005			2.0		1.0	1.0					
1787.899	11.409000000000106	trials	1.0	1793.581997	1795.307831	1796.33546	1797.513604	1792.769955	1795.651108	1797.018	1799.308	1.0	2.0	1.0	1.0					
1802.373	11.355000000000018	trials	1.0	1807.635889	1809.4178709999999	1810.479073	1811.739789	1806.820439	1809.762401	1811.218	1813.728	1.0	2.0	1.0	1.0					
1817.813	11.880999999999858	trials	1.0	1823.372713	1825.09793	1826.364758	1827.6458499999999	1822.852976	1825.70719	1827.024	1829.694	1.0	2.0	1.0	1.0					
1832.768	11.345000000000027	trials	1.0	1840.876478	1842.918604	1844.042739	1844.900081	1839.9522729999999	1843.296434			1.0	2.0	0.0	3.0					
1848.359	599.5529999999999	BlockDesign														1.0	114.0	146.0	50.0	10.0
1848.359	12.57400000000007	trials	2.0	1856.681134	1858.677895			1856.077384	1858.907359			2.0		1.0	1.0					
1863.493	7.076000000000022	trials	2.0	1867.3724829999999	1869.217814	1869.957472	1870.577134	1866.769615	1869.30739			1.0	2.0	0.0	3.0					
1874.294	30.233999999999924	trials	2.0	1899.162815	1900.27682	1901.5382299999999	1902.337385	1898.591846	1900.784417	1902.363	1904.528	1.0	2.0	1.0	1.0					
1907.548	17.371000000000095	trials	2.0	1919.583233	1920.7368549999999	1921.878086	1922.422481	1918.680307	1921.111594	1922.628	1924.919	1.0	1.0	1.0	1.0					
1927.938	34.511999999999944	trials	2.0	1959.333241	1960.403428			1958.408665	1960.398638			1.0		0.0	2.0					
1964.463	13.414999999999964	trials	2.0	1973.74148	1975.477862	1976.9377279999999	1977.889739	1973.028701	1975.940885			1.0	2.0	0.0	3.0					
1981.253	15.779999999999973	trials	2.0	1993.341737	1994.983448			1992.735596	1994.978711			1.0		0.0	2.0					
1999.043	20.310000000000173	trials	2.0	2015.66318	2017.157737	2018.718415	2019.362791	2014.9819009999999	2017.95967			1.0	2.0	0.0	3.0					
2022.079	22.229000000000042	trials	2.0	2039.4986529999999	2041.341266	2042.1827739999999	2042.822402	2038.596283	2041.512046	2042.909	2044.308	1.0	1.0	1.0	1.0					
2047.323	9.8900000000001	trials	2.0	2053.427531	2054.654119			2052.52463	2055.052141			2.0		1.0	1.0					
2060.688	11.914999999999964	trials	2.0	2067.196819	2068.3138129999998	2070.105179	2070.8443819999998	2066.685725	2069.382598	2070.753	2072.603	1.0	1.0	1.0	1.0					
2074.538	12.954999999999927	trials	2.0	2083.172848	2084.938217			2082.555332	2085.289823			2.0		1.0	1.0					
2090.968	10.220000000000255	trials	2.0	2097.717691	2099.198788	2100.575242	2101.19898	2097.108068	2099.591278			1.0	2.0	0.0	3.0					
2102.883	15.490000000000236	trials	2.0	2115.610751	2116.822908	2117.795336	2118.385813	2114.990666	2117.14017			1.0	1.0	0.0	3.0					
2121.16	18.19300000000021	trials	2.0	2134.128207	2135.879949	2136.956473	2137.698868	2133.265637	2136.187336	2137.753	2139.353	1.0	1.0	1.0	1.0					
2141.438	10.900000000000091	trials	2.0	2147.572669	2148.8210599999998	2149.834085	2150.657761	2147.037819	2149.16839	2150.458	2152.338	1.0	1.0	1.0	1.0					
2156.386	10.557999999999993	trials	2.0	2161.548341	2163.468824	2164.482533	2165.209596	2160.847736	2163.79469	2165.218	2166.944	1.0	1.0	1.0	1.0					
2171.006	7.907000000000153	trials	2.0	2174.027749	2175.224774	2176.297817	2177.112307	2173.417268	2175.5888919999998	2177.069	2178.913	1.0	1.0	1.0	1.0					
2182.936	6.597999999999956	trials	2.0	2186.563322	2187.713551	2188.855605	2189.546558	2185.597253	2188.117844			1.0	1.0	0.0	3.0					
2192.173	19.51800000000003	trials	2.0	2206.22787	2208.385421			2205.303917	2208.103531	2210.172	2211.691	2.0		1.0	1.0					
2214.754	15.889000000000124	trials	2.0	2220.968704	2222.31014	2227.316666	2228.28403	2220.181177	2222.664515	2228.024	2230.643	1.0	1.0	1.0	1.0					
2234.413	9.139999999999873	trials	2.0	2240.24999	2242.013939	2242.888331	2243.5633119999998	2239.54921	2242.1755239999998			1.0	1.0	0.0	3.0					
2245.198	13.201000000000022	trials	2.0	2255.253821	2256.600514	2257.565273	2258.410277	2254.377971	2256.893072			1.0	2.0	0.0	3.0					
2259.883	17.52500000000009	trials	2.0	2273.533267	2275.155089			2272.537944	2275.335293			2.0		1.0	1.0					
2279.936	6.7979999999997744	trials	2.0	2283.43891	2285.070041	2286.162839	2286.747697	2282.697484	2285.445742			1.0	2.0	0.0	3.0					
2290.509	13.003999999999905	trials	2.0	2299.553647	2301.2632909999998			2298.568427	2301.334968			2.0		1.0	1.0					
2308.028	44.41000000000031	trials	2.0	2349.078475	2350.670048	2351.768657	2352.452564	2348.370456	2351.067727			1.0	1.0	0.0	3.0					
2355.088	11.614999999999782	trials	2.0	2364.078635	2365.296709	2366.289419	2366.717281	2363.507524	2365.595281			1.0	1.0	0.0	3.0					
2369.598	12.9050000000002	trials	2.0	2378.899148	2380.586242	2382.074792	2382.515086	2378.264537	2381.293616			1.0	2.0	0.0	3.0					
2386.438	18.11999999999989	trials	2.0	2399.35361	2400.488768	2402.432242	2403.176536	2398.521163	2401.277516	2403.048	2404.558	1.0	1.0	1.0	1.0					
2406.618	9.960000000000036	trials	2.0	2411.955314	2413.3463659999998	2414.370595	2415.092734	2411.064746	2413.74962	2415.248	2416.578	1.0	1.0	1.0	1.0					
2418.598	8.980000000000018	trials	2.0	2424.264586	2425.306046	2426.536064	2427.590381	2423.754751	2425.877165			1.0	1.0	0.0	3.0					
2429.859	18.052999999999884	trials	2.0	2445.079192	2446.895824	2447.871664	2448.371321	2444.513035	2447.182978			1.0	1.0	0.0	3.0					
2450.208	918.3449999999998	BlockDesign														1.0	147.0	204.0	90.0	50.0
2450.208	16.389999999999873	trials	3.0	2461.560135	2462.686307	2463.99944	2465.00347	2460.841608	2463.275338	2464.798	2466.598	1.0	2.0	1.0	1.0					
2468.618	13.070000000000164	trials	3.0	2476.800176	2478.731619	2479.594651	2480.268538	2475.89773	2478.923462	2480.383	2481.688	1.0	1.0	1.0	1.0					
2484.703	8.679999999999836	trials	3.0	2488.384907	2490.341963	2491.089742	2491.815205	2487.56774	2490.449033	2491.893	2493.383	1.0	1.0	1.0	1.0					
2496.417	9.661000000000058	trials	3.0	2499.994767	2501.66846	2503.290308	2504.340747	2499.486522	2502.584733	2503.998	2506.078	1.0	1.0	1.0	1.0					
2509.146	27.547999999999774	trials	3.0	2531.137042	2533.116446	2534.080916	2534.870092	2530.328227	2533.4147199999998	2534.714	2536.694	1.0	1.0	1.0	1.0					
2539.798	9.615000000000236	trials	3.0	2545.319819	2547.145361	2548.420115	2549.4275549999998	2544.503123	2547.682805			1.0	2.0	0.0	3.0					
2550.793	17.009999999999764	trials	3.0	2562.205325	2563.467594	2564.901909	2566.039822	2561.2667579999998	2564.21414	2565.588	2567.803	1.0	2.0	1.0	1.0					
2569.823	9.140000000000327	trials	3.0	2574.970669	2576.4106			2574.367064	2576.860473			2.0		1.0	1.0					
2583.487	9.210999999999785	trials	3.0	2587.315373	2589.111817	2590.112297	2590.900184	2586.494342	2589.487052	2590.783	2592.698	1.0	1.0	1.0	1.0					
2596.723	15.574999999999818	trials	3.0	2608.555775	2610.002024			2607.632989	2610.237992			2.0		1.0	1.0					
2615.778	10.595000000000255	trials	3.0	2620.530788	2622.006544	2623.896265	2624.795153	2619.81379	2623.115693	2624.593	2626.373	1.0	2.0	1.0	1.0					
2630.399	8.34900000000016	trials	3.0	2635.131271	2636.749783			2634.186941	2636.740969			1.0		0.0	2.0					
2640.776	8.74200000000019	trials	3.0	2646.245638	2647.362336	2648.631113	2649.530431	2645.442584	2647.940461			1.0	2.0	0.0	3.0					
2650.993	20.865999999999985	trials	3.0	2665.946438	2667.872123	2669.039296	2670.067955	2665.416032	2668.317187	2669.753	2671.859	1.0	2.0	1.0	1.0					
2675.873	9.799999999999727	trials	3.0	2679.466333	2681.152417	2682.5994259999998	2683.718282	2678.504239	2681.950718	2683.444	2685.673	1.0	2.0	1.0	1.0					
2689.694	9.489000000000033	trials	3.0	2693.301088	2695.356046	2696.513212	2697.397148	2692.581949	2695.886275	2697.168	2699.183	1.0	2.0	1.0	1.0					
2701.214	11.583999999999833	trials	3.0	2707.601506	2708.957513	2710.535424	2711.256928	2707.051571	2709.85728	2711.203	2712.798	1.0	1.0	1.0	1.0					
2715.859	22.463999999999942	trials	3.0	2735.446078	2736.277876			2734.52505	2736.275468			1.0		0.0	2.0					
2742.335	34.677000000000135	trials	3.0	2773.371383	2774.508199			2772.707023	2774.830253			2.0		1.0	1.0					
2779.52	10.41800000000012	trials	3.0	2785.732746	2787.441809			2784.961756	2787.717144			2.0		1.0	1.0					
2794.503	6.7599999999997635	trials	3.0	2797.467674	2799.207925	2800.335465	2801.278757	2796.726356	2799.705984			1.0	2.0	0.0	3.0					
2803.643	12.989999999999782	trials	3.0	2811.906979	2813.438984	2814.338231	2815.014676	2811.146477	2813.47478	2815.128	2816.633	1.0	1.0	1.0	1.0					
2818.683	9.86999999999989	trials	3.0	2824.246844	2826.258773			2823.680708	2826.318872			2.0		1.0	1.0					
2832.055	9.148000000000138	trials	3.0	2836.406657	2838.34469	2838.883576	2839.624184	2835.661984	2838.302633	2839.543	2841.203	1.0	1.0	1.0	1.0					
2845.223	11.115000000000236	trials	3.0	2852.397314	2854.068499			2851.552754	2854.1070799999998			2.0		1.0	1.0					
2859.873	11.980000000000018	trials	3.0	2867.112085	2868.439037	2869.509151	2870.301984	2866.43917	2868.789401	2870.223	2871.853	1.0	1.0	1.0	1.0					
2875.918	8.319999999999709	trials	3.0	2879.237215	2880.648973	2881.753117	2882.064814	2878.632695	2881.086868	2882.508	2884.238	1.0	1.0	1.0	1.0					
2886.353	12.340999999999894	trials	3.0	2895.01713	2897.012191	2897.997432	2898.706597	2894.120686	2897.32263			1.0	2.0	0.0	3.0					
2901.314	49.12900000000036	trials	3.0	2946.122137	2948.147966			2945.598977	2948.335237			2.0		1.0	1.0					
2953.998	6.835000000000036	trials	3.0	2957.517995	2959.04921	2960.188792	2960.849068	2956.856195	2959.539739			1.0	2.0	0.0	3.0					
2964.526	15.047000000000025	trials	3.0	2974.227553	2976.074159	2976.927227	2977.846493	2973.5053629999998	2976.285602	2977.694	2979.573	1.0	1.0	1.0	1.0					
2981.593	9.18100000000004	trials	3.0	2985.8976119999998	2987.154512	2988.117383	2989.044559	2984.956796	2987.494466	2988.803	2990.774	1.0	1.0	1.0	1.0					
2992.892	9.876999999999953	trials	3.0	2999.07776	3000.735425			2998.1720139999998	3000.727195			1.0		0.0	2.0					
3006.779	18.44900000000007	trials	3.0	3019.647779	3021.523492	3022.461615	3023.303671	3019.108125	3021.801998	3023.069	3025.228	1.0	1.0	1.0	1.0					
3029.183	12.572999999999865	trials	3.0	3036.938176	3038.1979929999998	3039.2393349999998	3040.205771	3036.147237	3038.532239	3039.988	3041.756	1.0	1.0	1.0	1.0					
3044.849	8.588999999999942	trials	3.0	3050.733506	3051.445478			3049.844068	3051.436933			1.0		0.0	2.0					
3055.484	12.375	trials	3.0	3064.95745	3066.255478	3067.211018	3067.859746	3064.18312	3066.595949			1.0	1.0	0.0	3.0					
3070.528	15.82300000000032	trials	3.0	3080.9721050000003	3082.481699	3083.644136	3084.6958720000002	3080.333	3082.879984	3084.533	3086.351	1.0	2.0	1.0	1.0					
3090.408	7.960000000000036	trials	3.0	3094.266758	3095.776285			3093.432209	3096.076607			2.0		1.0	1.0					
3102.859	6.56899999999996	trials	3.0	3105.332324	3107.128874			3104.601593	3107.3291400000003			2.0		1.0	1.0					
3112.953	9.920000000000073	trials	3.0	3118.232198	3119.499148	3120.505459	3121.06752	3117.319836	3119.849716	3121.234	3122.873	1.0	1.0	1.0	1.0					
3125.892	11.467000000000098	trials	3.0	3133.244501	3135.0537050000003			3132.71489	3135.294992			2.0		1.0	1.0					
3140.863	9.070000000000164	trials	3.0	3144.5778880000003	3146.483759	3147.5737360000003	3148.3942270000002	3143.670336	3146.7903850000002	3148.243	3149.933	1.0	1.0	1.0	1.0					
3153.973	12.909999999999854	trials	3.0	3163.073849	3164.330042			3162.3808790000003	3164.6336890000002			2.0		1.0	1.0					
3169.428	9.190000000000055	trials	3.0	3173.4040760000003	3175.262489	3176.197462	3177.047908	3172.468033	3175.494763	3176.938	3178.618	1.0	1.0	1.0	1.0					
3182.688	9.3449999999998	trials	3.0	3186.34792	3188.331251	3189.3322820000003	3190.413086	3185.675536	3188.6257100000003	3190.133	3192.033	1.0	1.0	1.0	1.0					
3194.089	12.594000000000051	trials	3.0	3201.5958140000002	3202.634437	3203.868292	3204.9069130000003	3200.951943	3203.128181	3204.653	3206.683	1.0	2.0	1.0	1.0					
3208.748	12.965000000000146	trials	3.0	3217.637932	3219.410002			3216.635981	3219.612909			2.0		1.0	1.0					
3225.285	9.713000000000193	trials	3.0	3230.147879	3231.260684	3232.444715	3233.329855	3229.171531	3231.755096	3233.288	3234.998	1.0	1.0	1.0	1.0					
3238.018	12.539999999999964	trials	3.0	3246.552896	3248.518588	3249.6589010000002	3250.561951	3245.973349	3249.01103			1.0	1.0	0.0	3.0					
3251.984	15.72900000000027	trials	3.0	3261.413719	3262.929964	3264.130444	3265.314439	3260.888465	3263.3612590000002	3264.903	3267.713	1.0	2.0	1.0	1.0					
3269.731	11.212999999999738	trials	3.0	3277.19324	3279.156341	3280.2482290000003	3280.945201	3276.2958670000003	3279.514984			1.0	2.0	0.0	3.0					
3282.598	16.11200000000008	trials	3.0	3293.93333	3295.149805	3296.219807	3297.04568	3293.215745	3295.513093	3296.963	3298.71	1.0	1.0	1.0	1.0					
3300.744	12.279999999999745	trials	3.0	3307.413856	3309.277181	3310.311037	3311.371552	3306.508573	3309.592087	3310.988	3313.024	1.0	1.0	1.0	1.0					
3316.043	10.27599999999984	trials	3.0	3321.589304	3322.809808	3323.938823	3324.7221680000002	3320.7141730000003	3323.2858300000003	3324.698	3326.319	1.0	1.0	1.0	1.0					
3330.379	7.855000000000018	trials	3.0	3334.129751	3335.671586			3333.216275	3336.046981			2.0		1.0	1.0					
3341.734	12.628999999999905	trials	3.0	3349.1293220000002	3351.0056720000002	3351.93769	3352.777183	3348.170027	3351.262267	3352.668	3354.363	1.0	1.0	1.0	1.0					
3358.423	10.13000000000011	trials	3.0	3366.155123	3367.299844	3368.473517	3369.224531	3365.271427	3367.749475			1.0	1.0	0.0	3.0					
3371.878	595.3599999999997	BlockDesign														1.0	205.0	238.0	10.0	50.0
3371.878	21.56999999999971	trials	4.0	3387.98369	3389.554381	3390.679109	3391.617206	3386.993578	3389.936373	3391.484	3393.448	1.0	2.0	1.0	1.0					
3396.468	11.565000000000055	trials	4.0	3403.789241	3405.7207240000002			3403.180553	3405.94526			2.0		1.0	1.0					
3412.535	8.968000000000302	trials	4.0	3418.075862	3419.8711000000003	3420.849773	3421.50605	3417.468369	3420.167531			1.0	1.0	0.0	3.0					
3424.188	13.476000000000113	trials	4.0	3433.013717	3434.096261	3435.271609	3436.105249	3432.1780360000002	3434.567776	3435.968	3437.664	1.0	1.0	1.0	1.0					
3441.734	7.385000000000218	trials	4.0	3445.655393	3447.421463	3448.406122	3449.124397	3444.930313	3447.7096930000002			1.0	1.0	0.0	3.0					
3452.772	13.041000000000167	trials	4.0	3462.874481	3464.366531	3465.310106	3465.815344	3462.276104	3464.63729			1.0	1.0	0.0	3.0					
3468.588	32.13999999999987	trials	4.0	3496.505381	3498.485651	3500.365316	3500.729593	3495.6235420000003	3498.785396			1.0	1.0	0.0	3.0					
3504.698	9.715000000000146	trials	4.0	3511.104659	3512.531464	3513.7018390000003	3514.416053	3510.590741	3512.933784			1.0	2.0	0.0	3.0					
3517.063	21.730000000000018	trials	4.0	3533.755208	3535.192009	3536.29075	3537.165054	3533.140152	3535.502699	3537.088	3538.793	1.0	2.0	1.0	1.0					
3542.813	9.49499999999989	trials	4.0	3546.684311	3548.296474	3549.37708	3550.413752	3545.954528	3548.606379	3550.138	3552.308	1.0	2.0	1.0	1.0					
3554.328	11.195999999999913	trials	4.0	3561.6164870000002	3563.469952			3560.654446	3563.414588			2.0		1.0	1.0					
3568.073	10.411000000000058	trials	4.0	3574.541295	3575.841649			3573.932372	3576.362741			2.0		1.0	1.0					
3582.939	10.59900000000016	trials	4.0	3587.509741	3589.061228	3593.04683	3593.543454	3586.6014800000003	3589.7281620000003			1.0	1.0	0.0	3.0					
3597.368	9.034999999999854	trials	4.0	3602.729558	3604.496987	3605.915207	3606.408523	3601.978808	3605.197412			1.0	2.0	0.0	3.0					
3608.278	28.269999999999982	trials	4.0	3632.661705	3633.9040210000003	3635.493535	3636.405675	3632.0284970000002	3634.841261			1.0	2.0	1.0	1.0					
3639.078	17.88000000000011	trials	4.0	3652.781793	3654.646586			3652.085864	3654.888389			2.0		1.0	1.0					
3659.478	10.0949999999998	trials	4.0	3666.715528	3667.912791	3669.022817	3669.579373	3665.729208	3668.298035			1.0	2.0	0.0	3.0					
3671.343	12.684999999999945	trials	4.0	3681.120934	3682.605833	3683.61182	3684.0322610000003	3680.243014	3682.886884			1.0	1.0	0.0	3.0					
3686.925	15.427999999999884	trials	4.0	3698.577218	3700.292559	3701.478827	3702.358595	3697.899183	3700.641089			1.0	2.0	0.0	3.0					
3704.813	12.210999999999785	trials	4.0	3713.890439	3715.599983	3716.604737	3717.0254910000003	3713.2639120000003	3715.923421			1.0	1.0	0.0	3.0					
3718.925	11.88799999999992	trials	4.0	3724.992466	3726.717232	3728.115175	3729.108443	3724.16787	3727.3326770000003	3728.913	3730.813	1.0	2.0	1.0	1.0					
3732.868	9.275000000000091	trials	4.0	3738.105503	3739.7998310000003			3737.484496	3739.998688			2.0		1.0	1.0					
3744.628	8.539999999999964	trials	4.0	3749.610937	3751.01744	3752.513902	3753.171302	3748.791854	3751.784054			1.0	2.0	0.0	3.0					
3755.803	14.30600000000004	trials	4.0	3766.157874	3767.51452			3765.4681840000003	3767.964641			2.0		1.0	1.0					
3774.568	9.603999999999814	trials	4.0	3781.235921	3782.396894	3783.671748	3784.175744	3780.240226	3782.770224			1.0	1.0	0.0	3.0					
3787.044	13.900000000000091	trials	4.0	3795.5278	3796.726561	3797.924887	3799.004522	3794.534051	3797.205211	3798.668	3800.944	1.0	2.0	1.0	1.0					
3804.043	9.46499999999969	trials	4.0	3810.216327	3811.7227940000002	3812.788019	3813.51184	3809.47118	3811.783661			1.0	2.0	0.0	3.0					
3815.153	44.37700000000041	trials	4.0	3854.396613	3855.988715	3857.2398350000003	3857.896529	3853.516151	3856.603634	3858.078	3859.53	1.0	2.0	1.0	1.0					
3862.598	6.795000000000073	trials	4.0	3866.6718840000003	3867.8581130000002	3868.825343	3869.399756	3865.864608	3868.184572			1.0	2.0	0.0	3.0					
3872.173	24.590000000000146	trials	4.0	3892.743401	3893.99908			3891.874287	3894.748942			2.0		1.0	1.0					
3899.292	8.751000000000204	trials	4.0	3904.667612	3905.81837	3907.58963	3908.0508440000003	3903.786755	3906.895642			1.0	2.0	0.0	3.0					
3911.918	14.029999999999745	trials	4.0	3922.351712	3923.363033			3921.454448	3923.716841			2.0		1.0	1.0					
3930.388	8.184999999999945	trials	4.0	3935.186858	3936.2539620000002	3938.010689	3938.580341	3934.62881	3937.321647			1.0	2.0	0.0	3.0					
3941.327	25.910999999999603	trials	4.0	3961.772006	3963.169895	3964.606079	3965.577611	3961.155746	3963.8004140000003	3965.348	3967.238	1.0	2.0	1.0	1.0					
3969.308	1207.085	BlockDesign														1.0	239.0	310.0	50.0	10.0
3969.308	8.570999999999913	trials	5.0	3974.1071110000003	3975.83948			3973.442764	3975.836058			2.0		0.0	2.0					
3980.899	9.872000000000298	trials	5.0	3987.772372	3989.128287	3990.1689340000003	3990.774962	3986.8462010000003	3989.4978490000003			1.0	2.0	0.0	3.0					
3994.493	21.125	trials	5.0	4013.047414	4013.619701			4012.439923	4013.60837			1.0		0.0	2.0					
4018.678	15.11999999999989	trials	5.0	4029.402131	4030.9880350000003	4031.934536	4032.443251	4028.804669	4031.301095	4032.628	4033.798	1.0	1.0	1.0	1.0					
4035.863	11.019999999999982	trials	5.0	4041.6679090000002	4043.253326	4044.313849	4045.230149	4041.103157	4043.677268	4045.063	4046.883	1.0	1.0	1.0	1.0					
4048.903	9.975000000000364	trials	5.0	4054.352627	4056.3173420000003			4053.439069	4056.696125			2.0		1.0	1.0					
4063.353	7.489999999999782	trials	5.0	4068.1281790000003	4069.239149	4070.147843	4070.848555	4067.130053	4069.573549			1.0	1.0	0.0	3.0					
4073.46	14.523999999999887	trials	5.0	4084.30825	4085.9319219999998			4083.363815	4085.921399			1.0		0.0	2.0					
4091.995	26.432999999999993	trials	5.0	4114.664068	4115.915457			4113.79939	4116.359783			2.0		1.0	1.0					
4122.938	6.435999999999694	trials	5.0	4125.129403	4127.117238			4124.454074	4127.356549			2.0		1.0	1.0					
4132.919	8.81500000000051	trials	5.0	4136.619461	4137.935917	4139.074982	4139.978017	4135.861301	4138.380481	4139.953	4141.734	1.0	1.0	1.0	1.0					
4143.774	9.25	trials	5.0	4149.487652	4151.433083	4152.344777	4153.030606	4148.832872	4151.675637			1.0	1.0	0.0	3.0					
4156.713	17.265000000000327	trials	5.0	4169.148371	4170.839489	4171.627964	4172.435314	4168.195954	4171.032367	4172.418	4173.978	1.0	1.0	1.0	1.0					
4177.049	9.623999999999796	trials	5.0	4183.704637	4184.965606	4186.00024	4186.6812979999995	4182.777884	4185.3092560000005			1.0	1.0	0.0	3.0					
4189.355	11.803000000000793	trials	5.0	4197.878776	4199.80032	4200.734087	4201.166894	4196.939548	4200.031031			1.0	1.0	0.0	3.0					
4205.098	18.18000000000029	trials	5.0	4219.120261	4220.940754			4218.144127	4221.172169			2.0		1.0	1.0					
4225.755	10.82300000000032	trials	5.0	4230.983347	4232.30665	4233.823391	4234.856392	4230.125005	4233.124369	4234.683	4236.578	1.0	2.0	1.0	1.0					
4239.64	12.527999999999338	trials	5.0	4249.531432	4250.6078	4251.61309	4252.177109	4248.757931	4250.921695			1.0	2.0	0.0	3.0					
4254.928	21.645000000000437	trials	5.0	4270.724228	4272.771826	4274.118668	4274.908915	4269.92503	4273.24153	4274.878	4276.573	1.0	1.0	1.0	1.0					
4278.62	9.154000000000451	trials	5.0	4284.414479	4286.183069000001	4287.267122	4287.782265	4283.5213	4286.5755850000005			1.0	2.0	0.0	3.0					
4291.574	28.048999999999978	trials	5.0	4316.524096	4317.622795			4315.592002	4317.61466			1.0		0.0	2.0					
4323.638	25.286000000000058	trials	5.0	4345.6138869999995	4347.27573	4348.3503820000005	4348.9306400000005	4345.080592	4347.623861			1.0	2.0	0.0	3.0					
4350.668	33.42500000000018	trials	5.0	4381.354951	4382.4748309999995	4383.556451	4384.1013729999995	4380.785215	4382.7770199999995			1.0	1.0	0.0	3.0					
4386.873	10.090000000000146	trials	5.0	4393.864565	4395.430227	4396.511068	4396.970516	4393.110082	4395.851581			1.0	2.0	0.0	3.0					
4398.839	14.399000000000342	trials	5.0	4408.849571	4410.691541			4408.13534	4410.962842			2.0		1.0	1.0					
4415.799	9.003999999999905	trials	5.0	4420.814743	4422.591163	4424.011478	4424.809354	4419.986161	4423.129489			1.0	2.0	0.0	3.0					
4428.368	20.88499999999931	trials	5.0	4445.2953529999995	4446.705565			4444.746904	4447.094654			2.0		1.0	1.0					
4452.734	7.085000000000036	trials	5.0	4456.849885	4458.177128	4459.384865	4459.827968	4455.899548	4458.562232			1.0	1.0	0.0	3.0					
4462.739	15.389000000000124	trials	5.0	4472.445079	4473.504775	4475.6930950000005	4476.613763	4471.779074	4474.8704720000005	4476.418	4478.128	1.0	1.0	1.0	1.0					
4480.234	15.018999999999323	trials	5.0	4489.825465	4491.802087	4492.82734	4493.671834	4488.8310710000005	4492.072499	4493.468	4495.253	1.0	1.0	1.0	1.0					
4498.323	12.974999999999454	trials	5.0	4506.4116890000005	4507.805213	4508.790706	4509.629695	4505.476351	4508.10689	4509.533	4511.298	1.0	1.0	1.0	1.0					
4515.323	6.460000000000036	trials	5.0	4518.247297	4519.752496	4520.831568	4521.794728	4517.6023669999995	4520.119321			1.0	1.0	0.0	3.0					
4523.153	17.75	trials	5.0	4535.590949	4537.337678	4538.446411	4539.324593	4534.811167	4537.783591	4539.173	4540.903	1.0	1.0	1.0	1.0					
4543.923	8.31500000000051	trials	5.0	4548.542146	4550.506867	4551.544051	4552.247225	4547.886745	4550.85047			1.0	1.0	0.0	3.0					
4553.868	18.826000000000022	trials	5.0	4568.412677	4570.192712			4567.804013	4570.677202			2.0		1.0	1.0					
4577.228	9.506000000000313	trials	5.0	4581.8459920000005	4583.38461	4584.471919	4585.140738	4581.101318	4583.733245	4585.203	4586.734	1.0	1.0	1.0	1.0					
4588.796	11.501999999999498	trials	5.0	4596.556157	4597.716892			4595.941115	4598.145373			2.0		1.0	1.0					
4603.828	11.179999999999382	trials	5.0	4609.667128	4611.677158	4612.658653	4613.499023	4609.135384	4611.9509450000005	4613.383	4615.008	1.0	1.0	1.0	1.0					
4618.098	10.770000000000437	trials	5.0	4623.256188	4625.266424	4626.32582	4627.1730370000005	4622.38363	4625.654869	4627.123	4628.868	1.0	1.0	1.0	1.0					
4630.932	50.71100000000024	trials	5.0	4679.056342	4680.203093	4681.125277	4681.655383	4678.42121	4680.496168			1.0	1.0	0.0	3.0					
4685.468	16.61999999999989	trials	5.0	4698.146506	4699.253708			4697.175193	4699.789408000001			2.0		1.0	1.0					
4704.569	9.35399999999936	trials	5.0	4708.071455	4709.772731	4711.313188	4712.195225	4707.349297	4710.638357	4711.984	4713.923	1.0	2.0	1.0	1.0					
4717.988	7.489999999999782	trials	5.0	4722.46226	4723.646518	4724.881588	4725.48982	4721.6124230000005	4724.153239			1.0	1.0	0.0	3.0					
4728.2	11.288000000000466	trials	5.0	4736.057128	4737.129028	4738.9263040000005	4739.498459	4735.292975	4738.265236			1.0	2.0	0.0	3.0					
4741.248	23.410000000000764	trials	5.0	4760.877665	4762.708579	4764.174698	4764.669721	4760.275436	4763.3894660000005			1.0	2.0	0.0	3.0					
4768.536	16.79200000000037	trials	5.0	4780.748612	4782.780155			4780.237961	4783.065313			2.0		1.0	1.0					
4788.808	7.625	trials	5.0	4792.892273	4794.815767	4795.929118	4796.4429820000005	4792.218359	4795.244883			1.0	1.0	0.0	3.0					
4798.23	16.38300000000072	trials	5.0	4809.30259	4811.054284	4812.814931	4813.25939	4808.458217	4811.963104			1.0	2.0	0.0	3.0					
4815.13	14.717999999999847	trials	5.0	4826.5839940000005	4828.121579000001	4829.115044	4829.858125	4826.0147990000005	4828.442612			1.0	1.0	0.0	3.0					
4833.443	15.041000000000167	trials	5.0	4843.288804	4845.304531	4846.262884	4846.965412	4842.3722450000005	4845.500203	4847.033	4848.484	1.0	1.0	1.0	1.0					
4851.542	26.060999999999694	trials	5.0	4855.782486	4857.4918	4877.293588	4877.33706	4854.845243	4857.701503			1.0	2.0	0.0	3.0					
4881.613	9.3149999999996	trials	5.0	4887.017552	4888.364206			4886.331104	4888.780906			2.0		1.0	1.0					
4893.441	9.106999999999971	trials	5.0	4898.49257	4900.044980000001			4897.643338	4900.431545			2.0		1.0	1.0					
4905.063	12.220000000000255	trials	5.0	4912.38299	4914.103033	4915.061711	4915.838915	4911.782708	4914.321187	4915.774	4917.283	1.0	1.0	1.0	1.0					
4920.303	17.230999999999767	trials	5.0	4934.249402	4935.528842	4936.802291	4937.5461190000005	4933.519868	4936.216318			1.0	1.0	0.0	3.0					
4939.123	13.090000000000146	trials	5.0	4948.893505	4950.887557	4951.704374	4952.225377	4948.123867	4951.05545			1.0	1.0	0.0	3.0					
4956.048	10.945000000000618	trials	5.0	4963.393285	4964.451964			4962.6892609999995	4964.764778			2.0		1.0	1.0					
4970.522	7.871000000000095	trials	5.0	4974.99992	4977.010238	4977.890188	4978.405621	4974.168758	4977.2432420000005			1.0	1.0	0.0	3.0					
4981.245	10.193000000000211	trials	5.0	4987.298459	4988.636102			4986.690775	4989.144574			2.0		1.0	1.0					
4993.913	13.1850000000004	trials	5.0	4997.97871	4999.284968	5004.488308	5005.302872	4997.260432	4999.848005	5005.143	5007.098	1.0	1.0	1.0	1.0					
5011.124	6.47400000000016	trials	5.0	5014.934011	5016.015268	5017.0962739999995	5017.611677	5014.198402	5016.421356			1.0	1.0	0.0	3.0					
5019.418	14.640000000000327	trials	5.0	5030.088809	5031.779986			5029.466407	5032.044298			2.0		1.0	1.0					
5038.609	6.539999999999964	trials	5.0	5041.643488	5042.868184	5044.52888	5045.164213	5041.111876	5043.7603070000005			1.0	2.0	0.0	3.0					
5046.838	15.210000000000036	trials	5.0	5059.165538	5060.445451	5061.599137	5062.061969	5058.428551	5060.83924			1.0	2.0	0.0	3.0					
5064.912	17.475999999999658	trials	5.0	5079.839092	5081.065328000001	5081.840825	5082.399413	5079.09004	5081.131796			1.0	1.0	0.0	3.0					
5085.153	12.050000000000182	trials	5.0	5092.210753	5094.206095	5095.227427	5095.820425	5091.419297	5094.467662	5095.988	5097.203	1.0	1.0	1.0	1.0					
5101.258	6.460000000000036	trials	5.0	5103.125575	5104.340998	5105.33698	5106.095796	5102.592455	5104.653382	5105.963	5107.718	1.0	1.0	1.0	1.0					
5110.784	11.240000000000691	trials	5.0	5117.214588000001	5118.511154	5119.614689	5120.373616	5116.219951	5118.919078	5120.518	5122.024	1.0	1.0	1.0	1.0					
5125.039	10.899000000000342	trials	5.0	5132.094585000001	5133.421337			5131.273633000001	5133.726598			2.0		1.0	1.0					
5139.468	10.00500000000011	trials	5.0	5144.434546	5146.084355999999	5147.129477	5147.947480000001	5143.452047000001	5146.4449779999995	5147.833	5149.473	1.0	1.0	1.0	1.0					
5153.538	9.455000000000837	trials	5.0	5158.314196	5159.636759	5160.627809	5161.38373	5157.714155	5159.9877830000005	5161.338	5162.993	1.0	1.0	1.0	1.0					
5167.053	9.340000000000146	trials	5.0	5170.76948	5172.682276	5173.372991	5174.28743	5169.879704	5172.747868	5174.138	5176.393	1.0	1.0	1.0	1.0					
5178.433	2117.7160000000003	BlockDesign														1.0	311.0	434.0	50.0	90.0
5178.433	54.710000000000036	trials	6.0	5227.265986	5228.401701000001	5230.565742000001	5231.231489	5226.739045	5228.785739	5231.293	5233.143	1.0	2.0	1.0	1.0					
5235.183	87.03999999999996	trials	6.0	5317.296679	5318.6101180000005	5319.499997	5320.198073	5316.36836	5318.856428	5320.274	5322.223	1.0	1.0	1.0	1.0					
5326.292	17.34599999999955	trials	6.0	5340.627538000001	5341.86716	5343.0583910000005	5343.650128	5340.064301	5342.4111680000005			1.0	1.0	0.0	3.0					
5347.424	11.328999999999724	trials	6.0	5352.230487000001	5353.942397000001	5355.277487	5355.981134	5351.602940000001	5354.522119	5356.001	5358.753	1.0	2.0	1.0	1.0					
5362.774	12.210000000000036	trials	6.0	5370.555662000001	5372.240610000001			5369.759550000001	5372.772143			2.0		1.0	1.0					
5379.518	8.274999999999636	trials	6.0	5384.526731	5385.916259	5387.355955999999	5387.805674	5383.7351770000005	5386.374139			1.0	2.0	0.0	3.0					
5390.688	15.71100000000024	trials	6.0	5401.057199	5402.411408	5403.724035	5404.671484	5400.086711	5403.048503	5404.293	5406.399	1.0	2.0	1.0	1.0					
5408.418	12.914999999999964	trials	6.0	5415.900711	5417.417282	5418.266465000001	5419.421015	5415.328006	5417.4735789999995	5418.883	5421.333	1.0	2.0	1.0	1.0					
5423.399	8.923999999999978	trials	6.0	5429.066035	5430.328573000001	5431.128617	5432.257589000001	5428.255427	5430.322319			1.0		0.0	2.0					
5435.333	11.566000000000713	trials	6.0	5441.401379	5442.886542	5443.709877	5444.970391000001	5440.5489560000005	5443.074850999999	5444.573	5446.899	1.0	2.0	1.0	1.0					
5450.013	12.359999999999673	trials	6.0	5455.866403	5457.794529000001	5458.765382	5460.118972	5455.010145	5458.068392	5459.448	5462.373	1.0	2.0	1.0	1.0					
5466.028	9.029999999999745	trials	6.0	5471.3382409999995	5472.507853			5470.344362	5472.887275			2.0		1.0	1.0					
5477.578	12.174999999999272	trials	6.0	5484.177509	5485.589764	5486.815565	5487.664213	5483.538017	5486.058812	5487.513	5489.753	1.0	1.0	1.0	1.0					
5493.817	9.805999999999585	trials	6.0	5497.9374370000005	5499.872717	5501.036687	5501.815463	5497.3362099999995	5500.34753	5501.748	5503.623	1.0	1.0	1.0	1.0					
5507.688	8.389000000000124	trials	6.0	5511.966987	5513.228333			5511.422198	5513.917694			2.0		1.0	1.0					
5518.563	13.194999999999709	trials	6.0	5525.809896000001	5527.223721	5528.766101	5529.8850729999995	5525.273486	5528.088935	5529.503	5531.758	1.0	2.0	1.0	1.0					
5534.823	10.75500000000011	trials	6.0	5541.131944000001	5542.25147			5540.272618	5543.3186989999995			2.0		1.0	1.0					
5549.117	10.135999999999513	trials	6.0	5552.952245	5554.883897	5556.211409	5557.371784	5552.428019	5555.53147	5557.118	5559.253	1.0	2.0	1.0	1.0					
5562.274	11.28399999999965	trials	6.0	5567.4514899999995	5569.355452	5570.4108909999995	5571.604735	5566.669274	5569.737143	5571.138	5573.558	1.0	2.0	1.0	1.0					
5576.623	12.015000000000327	trials	6.0	5584.0624339999995	5585.155274000001	5586.194334	5586.983491	5583.101387000001	5585.441669	5586.843	5588.638	1.0	1.0	1.0	1.0					
5592.708	12.861000000000786	trials	6.0	5600.597126000001	5602.325084	5603.010346	5603.84871	5600.026102	5602.362728	5603.783	5605.569	1.0	1.0	1.0	1.0					
5607.589	10.864000000000487	trials	6.0	5615.317717	5616.7365979999995	5617.642057999999	5618.467852	5614.397371999999	5617.000667			1.0	1.0	0.0	3.0					
5619.958	9.725000000000364	trials	6.0	5625.473068	5627.184254			5624.773877	5627.634748			2.0		1.0	1.0					
5633.223	8.039999999999964	trials	6.0	5638.206806	5640.080999	5640.788307000001	5641.2791689999995	5637.674774	5640.102627			1.0	1.0	0.0	3.0					
5643.103	16.48999999999978	trials	6.0	5655.747416	5657.061735			5654.775502	5657.559352			2.0		1.0	1.0					
5663.124	8.614000000000487	trials	6.0	5668.022702	5669.73433	5670.777038	5671.753747000001	5667.33695	5670.120814			1.0	2.0	0.0	3.0					
5673.088	15.385000000000218	trials	6.0	5684.263364	5686.124016			5683.651754	5686.270235			2.0		1.0	1.0					
5692.929	8.278999999999542	trials	6.0	5697.532838	5699.479603	5700.494461	5701.223329	5696.9280739999995	5699.829496			1.0	1.0	0.0	3.0					
5704.873	13.710000000000036	trials	6.0	5713.112621	5714.299094	5715.309665000001	5716.421717	5712.146066	5714.613365	5716.063	5718.583	1.0	2.0	1.0	1.0					
5722.603	6.9399999999996	trials	6.0	5725.8078160000005	5727.550895			5724.867319	5727.5392329999995			1.0		0.0	2.0					
5732.597	12.77100000000064	trials	6.0	5741.093279000001	5743.068191			5740.577722	5743.221614			2.0		1.0	1.0					
5747.893	10.475000000000364	trials	6.0	5754.772846	5756.555572	5757.682078	5758.387069	5753.848633	5756.96783			1.0	1.0	0.0	3.0					
5760.984	10.03399999999965	trials	6.0	5767.448435	5768.649502	5769.850048	5771.034194	5766.851153	5769.133672			1.0	2.0	0.0	3.0					
5774.199	17.9950000000008	trials	6.0	5787.108792999999	5788.225971	5791.54377	5792.212998999999	5786.321259	5788.597806			1.0	1.0	0.0	3.0					
5795.899	80.34899999999925	trials	6.0	5872.028906	5873.527964	5874.254713	5874.836994	5871.315114999999	5873.657918	5839.663	5876.248	1.0	1.0	1.0	1.0					
5879.31	8.832999999999629	trials	6.0	5882.99722	5884.93567	5885.857213	5886.560326000001	5882.467245	5885.199456	5886.428	5888.143	1.0	1.0	1.0	1.0					
5891.211	9.586999999999534	trials	6.0	5894.509123	5896.0109840000005	5897.143037	5898.075301	5893.553438	5896.404041	5897.893	5900.798	1.0	2.0	1.0	1.0					
5903.814	8.368999999999687	trials	6.0	5908.559506	5909.93462			5907.759667	5910.12607			2.0		1.0	1.0					
5915.742	21.907000000000153	trials	6.0	5932.470023	5934.489287	5935.299364	5936.128936	5931.836717	5934.659312	5935.883	5937.649	1.0	1.0	1.0	1.0					
5939.668	7.345000000000255	trials	6.0	5943.3738730000005	5945.022447			5942.841244	5945.01083			1.0		0.0	2.0					
5949.067	19.957000000000335	trials	6.0	5964.3945889999995	5965.701023	5966.601127	5967.465475	5963.503847	5965.981103	5967.359	5969.024	1.0	1.0	1.0	1.0					
5973.045	6.2979999999997744	trials	6.0	5975.604628	5976.785936			5974.627043	5977.145769000001			2.0		1.0	1.0					
5982.859	9.884000000000015	trials	6.0	5988.9211940000005	5990.205369			5988.27321	5990.469867			2.0		1.0	1.0					
5995.279	11.333999999999833	trials	6.0	6001.436077	6002.500945			6000.638825	6003.434456999999	6005.248	6006.613	2.0		1.0	1.0					
6009.683	9.265000000000327	trials	6.0	6012.844931	6014.0792409999995	6015.829309000001	6016.924655000001	6012.283625	6015.113921	6016.703	6018.948	1.0	2.0	1.0	1.0					
6021.055	10.063000000000102	trials	6.0	6028.229867	6029.591689	6030.6276020000005	6031.136092000001	6027.5299749999995	6029.978399			1.0	1.0	0.0	3.0					
6034.926	13.216999999999643	trials	6.0	6042.429895	6044.115917	6045.243308	6046.320735	6041.510395	6044.501414	6045.918	6048.143	1.0	2.0	1.0	1.0					
6050.163	11.615000000000691	trials	6.0	6055.350337	6057.746234	6058.884223999999	6059.916328	6054.509762	6058.199966	6059.555	6061.778	1.0	2.0	1.0	1.0					
6065.798	5.9450000000006185	trials	6.0	6067.82081	6069.8424190000005	6070.787544000001	6071.759804	6066.679349	6070.1171890000005			1.0	2.0	0.0	3.0					
6074.138	12.534999999999854	trials	6.0	6081.770144	6083.478378	6084.200504	6084.96293	6081.045715	6083.552398	6084.944	6086.673	1.0	1.0	1.0	1.0					
6088.72	40.70799999999963	trials	6.0	6125.023955000001	6126.346066	6127.304723	6127.8856940000005	6124.078364	6126.645999	6128.063	6129.428	1.0	1.0	1.0	1.0					
6131.448	9.609999999999673	trials	6.0	6137.5309910000005	6139.482603	6140.421937	6141.061646	6136.8113410000005	6139.762841			1.0	1.0	0.0	3.0					
6144.764	9.543999999999869	trials	6.0	6151.189354	6152.247028			6150.194	6152.234172			1.0		0.0	2.0					
6157.314	17.923999999999978	trials	6.0	6170.688743	6172.311481	6174.586945	6175.243724	6169.940341	6172.582183			1.0	1.0	0.0	3.0					
6176.908	11.05999999999949	trials	6.0	6184.7449400000005	6186.735444	6187.433951	6187.972316	6183.859415	6186.826793			1.0	1.0	0.0	3.0					
6189.803	13.210000000000036	trials	6.0	6198.039764	6199.238072	6200.2465600000005	6201.093158000001	6197.108299	6199.601862	6200.813	6203.013	1.0	2.0	1.0	1.0					
6206.029	21.548999999999978	trials	6.0	6222.544502	6224.006188	6224.977085	6225.845612	6221.743489	6224.28838	6225.868	6227.578	1.0	1.0	1.0	1.0					
6231.643	7.479999999999563	trials	6.0	6235.31944	6236.5710260000005			6234.56188	6236.878258			2.0		1.0	1.0					
6243.691	8.952000000000226	trials	6.0	6246.520057	6248.1015560000005	6250.025594	6250.964632	6245.975813	6248.443927	6250.678	6252.643	1.0	2.0	1.0	1.0					
6255.708	11.40100000000075	trials	6.0	6260.974672	6263.143699	6264.289669	6265.1564	6260.174155000001	6263.543863	6264.973	6267.109	1.0	2.0	1.0	1.0					
6270.133	8.335000000000036	trials	6.0	6274.385245	6275.661152000001			6273.420023000001	6276.302111			2.0		1.0	1.0					
6281.043	24.545000000000073	trials	6.0	6301.495838	6303.252335			6300.58299	6303.43739			2.0		1.0	1.0					
6309.109	6.818999999999505	trials	6.0	6311.8097020000005	6313.373607			6311.053799	6313.72166			2.0		1.0	1.0					
6318.417	9.865999999999985	trials	6.0	6322.965112	6324.4049780000005	6325.5635090000005	6326.524046	6322.35574	6324.893425	6326.243	6328.283	1.0	2.0	1.0	1.0					
6330.343	10.159999999999854	trials	6.0	6334.85497	6336.747737	6337.842583000001	6338.812585000001	6334.098566000001	6337.208458	6338.603	6340.503	1.0	2.0	1.0	1.0					
6343.524	10.759000000000015	trials	6.0	6350.491856000001	6351.9321580000005			6349.743083	6352.201973			2.0		1.0	1.0					
6358.774	5.983999999999469	trials	6.0	6361.801025	6363.183877	6364.182368	6364.762616	6360.808553	6363.576152000001			1.0	2.0	0.0	3.0					
6366.508	13.789999999999964	trials	6.0	6377.491718	6378.616225	6379.764786	6380.301785000001	6376.83889	6379.051554			1.0	1.0	0.0	3.0					
6382.139	103.35899999999947	trials	6.0	6477.032354	6478.61221	6483.691876	6484.178099	6476.233925	6478.859693	6484.493	6485.498	1.0	1.0	1.0	1.0					
6489.528	7.519999999999527	trials	6.0	6492.525837	6493.85152	6494.661515	6495.403985	6491.918182	6494.075741000001	6495.408	6497.048	1.0	1.0	1.0	1.0					
6499.113	10.88000000000011	trials	6.0	6506.2711580000005	6507.9927020000005			6505.345037	6507.983122000001			1.0		0.0	2.0					
6514.042	9.21599999999944	trials	6.0	6519.412415	6520.710397			6518.882414	6521.111279			2.0		1.0	1.0					
6527.783	9.55999999999949	trials	6.0	6532.456946	6533.835221	6534.847951	6535.781948	6531.816128	6534.2104420000005	6535.558	6537.343	1.0	2.0	1.0	1.0					
6539.408	9.589999999999236	trials	6.0	6544.09706	6545.670719	6546.695182	6547.439716	6543.506018	6546.014017	6547.468	6548.998	1.0	1.0	1.0	1.0					
6552.069	8.393999999999323	trials	6.0	6556.587002	6558.423503			6555.605194	6558.419			1.0		0.0	2.0					
6563.509	16.40399999999954	trials	6.0	6574.211639	6575.660237	6576.994178	6578.008702	6573.408983	6576.317411	6577.741	6579.913	1.0	2.0	1.0	1.0					
6583.929	26.29399999999987	trials	6.0	6603.811766	6605.238195	6606.961217	6607.762366	6603.068383	6606.236439	6607.623	6610.223	1.0	2.0	1.0	1.0					
6613.285	18.31800000000021	trials	6.0	6626.167474	6627.974054	6629.045858	6629.947559	6625.234828000001	6628.2950900000005	6629.713	6631.603	1.0	2.0	1.0	1.0					
6633.653	8.979999999999563	trials	6.0	6638.777002	6640.372682			6638.110942	6640.589801			2.0		1.0	1.0					
6645.163	8.693000000000211	trials	6.0	6649.972342	6651.1001750000005			6649.122956	6651.690312000001			2.0		1.0	1.0					
6658.413	8.910000000000764	trials	6.0	6663.432215	6665.709122	6666.6689480000005	6667.328671	6662.84018	6666.0537810000005			1.0	2.0	0.0	3.0					
6669.028	17.074999999999818	trials	6.0	6681.35753	6682.4593620000005	6683.547998	6684.534221	6680.407238	6682.885262	6684.328	6686.103	1.0	2.0	1.0	1.0					
6688.123	10.225000000000364	trials	6.0	6693.288008	6694.934135	6695.969354	6696.776422	6692.634798	6695.349014	6696.678	6698.348	1.0	1.0	1.0	1.0					
6700.387	11.332000000000335	trials	6.0	6705.807204000001	6707.906939	6708.886429	6710.028614	6705.224357	6708.191159	6709.673	6711.719	1.0	2.0	1.0	1.0					
6715.736	6.757000000000517	trials	6.0	6718.283899	6719.695403			6717.568987000001	6720.252298			2.0		1.0	1.0					
6726.059	8.398999999999432	trials	6.0	6730.667966	6732.456557			6729.706054	6732.443864			2.0		0.0	2.0					
6738.468	9.650000000000546	trials	6.0	6742.062622	6744.09062	6745.046732	6746.269698	6741.153824	6744.352815	6745.774	6748.118	1.0	2.0	1.0	1.0					
6751.138	8.829999999999927	trials	6.0	6756.263186	6757.970108			6755.675263	6757.961323			1.0		0.0	2.0					
6762.978	11.444999999999709	trials	6.0	6769.401038	6771.028071000001	6772.133342	6772.870197	6768.732986	6771.503391	6772.873	6774.423	1.0	1.0	1.0	1.0					
6778.484	7.608999999999469	trials	6.0	6780.994268	6782.764878	6783.642752	6784.588598	6780.080348	6783.047593	6784.399	6786.093	1.0	1.0	1.0	1.0					
6788.109	7.908999999999651	trials	6.0	6792.303055	6793.937925	6795.008051	6796.026122	6791.588384000001	6794.396242			1.0	1.0	0.0	3.0					
6797.333	15.039999999999964	trials	6.0	6807.322472	6808.879349	6809.907416	6810.898675	6806.789055	6809.227461	6810.658	6812.373	1.0	1.0	1.0	1.0					
6816.437	8.065999999999804	trials	6.0	6821.88361	6822.960512	6823.89196	6824.5107100000005	6820.906452	6823.278071000001			1.0	1.0	0.0	3.0					
6827.234	14.023999999999432	trials	6.0	6835.403411	6837.265061	6838.365505	6839.5554	6834.4515200000005	6837.745261	6839.153	6841.258	1.0	2.0	1.0	1.0					
6844.278	9.121000000000095	trials	6.0	6848.044135	6849.440087	6850.430136	6851.672383	6847.118297	6849.52442	6851.208	6853.399	1.0	2.0	1.0	1.0					
6856.488	10.121000000000095	trials	6.0	6860.959083	6862.010255	6863.617655	6864.82241	6860.270542	6862.965261	6864.303	6866.609	1.0	2.0	1.0	1.0					
6868.667	10.580999999999221	trials	6.0	6873.608045	6875.472619	6876.466607	6877.541929	6872.993248	6875.870677	6877.098	6879.248	1.0	2.0	1.0	1.0					
6882.268	9.539999999999964	trials	6.0	6885.978704	6887.5345370000005	6888.608107	6889.813982	6885.244637	6887.958755	6889.338	6891.808	1.0	2.0	1.0	1.0					
6895.83	6.217999999999847	trials	6.0	6898.143374	6900.046361000001	6900.732071	6901.68736	6897.155207	6900.0297390000005			1.0		0.0	2.0					
6906.063	11.46100000000024	trials	6.0	6911.9383370000005	6913.638038			6911.3349530000005	6913.602735	6909.613	6917.524	2.0		1.0	1.0					
6921.543	11.74499999999989	trials	6.0	6928.169176	6929.669629	6930.533166	6931.554317	6927.193053	6929.937182	6931.274	6933.288	1.0	2.0	1.0	1.0					
6936.388	11.414999999999964	trials	6.0	6942.823294	6944.501049	6945.427883	6946.265471000001	6941.949755	6944.795752	6946.041	6947.803	1.0	1.0	1.0	1.0					
6949.839	11.118999999999687	trials	6.0	6958.160383	6959.426026	6960.376664	6960.9673250000005	6957.186004	6959.788912			1.0	1.0	0.0	3.0					
6963.688	14.019999999999527	trials	6.0	6973.374818	6975.407667			6972.762559	6975.466618			2.0		1.0	1.0					
6982.256	10.317000000000007	trials	6.0	6985.294281	6987.041474	6988.0648	6989.136217	6984.6963000000005	6987.412262	6988.823	6992.573	1.0	2.0	1.0	1.0					
6994.594	7.5090000000000146	trials	6.0	6998.773873	7000.101776			6997.977569000001	7000.091593			1.0		0.0	2.0					
7005.113	16.246000000000095	trials	6.0	7015.71471	7017.400643	7018.403011	7019.484576	7014.875978	7017.661355	7019.069	7021.359	1.0	2.0	1.0	1.0					
7025.417	8.481999999999971	trials	6.0	7028.956094	7030.924046			7028.036309	7031.110955	7032.944	7033.899	2.0		1.0	1.0					
7037.918	9.664999999999964	trials	6.0	7042.1047100000005	7043.561512	7044.857047	7045.972024000001	7041.468685	7044.122575	7045.51	7047.583	1.0	2.0	1.0	1.0					
7049.653	28.889999999999418	trials	6.0	7074.889579000001	7076.542496			7074.013845	7076.532722			1.0		0.0	2.0					
7080.597	11.641000000000531	trials	6.0	7087.029571	7088.522897	7089.493221000001	7090.549877	7086.206852	7088.7836210000005	7090.226	7092.238	1.0	2.0	1.0	1.0					
7095.292	9.606999999999971	trials	6.0	7098.420619	7099.50043	7100.550273	7101.721652	7097.499907	7099.868493	7101.278	7104.899	1.0	2.0	1.0	1.0					
7107.92	8.377999999999702	trials	6.0	7112.8716620000005	7114.466282	7115.429806	7116.305698	7111.870714000001	7114.74485			1.0	2.0	0.0	3.0					
7118.788	14.230000000000473	trials	6.0	7128.146723	7129.951423	7130.70266	7131.56923	7127.473526	7129.953373	7131.473	7133.018	1.0	2.0	1.0	1.0					
7136.058	9.854999999999563	trials	6.0	7142.25046	7143.367873			7141.5620180000005	7143.670241			2.0		1.0	1.0					
7149.465	8.332999999999629	trials	6.0	7153.645192	7155.294109			7152.670972	7155.675029			2.0		1.0	1.0					
7160.368	6.089999999999236	trials	6.0	7163.985187	7164.417689			7163.10472	7164.412316			1.0		0.0	2.0					
7170.464	41.814000000000306	trials	6.0	7208.405077	7209.732323			7207.41982	7209.987673			2.0		1.0	1.0					
7214.813	8.484999999999673	trials	6.0	7219.544536	7221.21809			7218.94537	7221.214213			1.0		0.0	2.0					
7225.328	11.424999999999272	trials	6.0	7233.005853000001	7234.982948	7235.814764000001	7236.762597	7232.106846000001	7235.217193			1.0	1.0	0.0	3.0					
7239.123	11.289999999999964	trials	6.0	7246.731104	7248.414718			7246.154174	7248.407492			1.0		0.0	2.0					
7253.423	13.534999999999854	trials	6.0	7261.716118	7263.207849	7264.275785	7265.315384	7260.776618	7263.584874	7265.024	7266.958	1.0	2.0	1.0	1.0					
7269.024	13.085000000000036	trials	6.0	7276.45781	7278.218559	7279.2489860000005	7280.439477	7275.470782	7278.60635	7279.899	7282.109	1.0	2.0	1.0	1.0					
7284.178	11.971000000000458	trials	6.0	7289.71655	7291.544059	7292.954138	7294.018468	7289.193454	7292.2575830000005	7293.748	7296.149	1.0	2.0	1.0	1.0					
7298.198	3990.575999999999	BlockDesign														1.0	435.0	630.0	10.0	50.0
7298.198	10.130999999999403	trials	7.0	7304.9911250000005	7306.44176	7307.534879	7308.341408	7304.327715	7306.839032			1.0	1.0	0.0	3.0					
7310.846	10.187000000000808	trials	7.0	7317.896806000001	7319.088965	7320.163549	7321.045514	7317.097249	7319.527529			1.0	2.0	0.0	3.0					
7324.526	18.60699999999997	trials	7.0	7338.731129	7340.241116	7341.152674	7341.747343	7337.949193	7340.503757	7341.908	7343.133	1.0	1.0	1.0	1.0					
7347.194	8.0	trials	7.0	7352.056472	7353.3933560000005	7354.444399	7355.20534	7351.359237000001	7353.787729			1.0	2.0	0.0	3.0					
7357.798	14.936000000000604	trials	7.0	7369.413308	7371.198008	7372.203109	7372.74283	7368.833243	7371.530143			1.0	1.0	0.0	3.0					
7374.573	52.76999999999953	trials	7.0	7424.071979	7426.036475	7426.825823	7427.352467000001	7423.31315	7426.242799			1.0	1.0	0.0	3.0					
7431.133	11.5	trials	7.0	7437.937495	7439.098822	7440.063445	7440.987259	7436.9816	7439.42861	7440.738	7442.633	1.0	2.0	1.0	1.0					
7444.706	12.011999999999716	trials	7.0	7453.712879000001	7454.883625	7455.978347	7456.730593	7452.84778	7455.276047			1.0	1.0	0.0	3.0					
7458.329	11.168999999999869	trials	7.0	7465.73191	7466.951114			7464.960641	7467.299902000001			2.0		1.0	1.0					
7472.034	10.213999999999942	trials	7.0	7479.202316	7480.354942	7481.508355	7482.257962	7478.429663	7480.832596			1.0	2.0	0.0	3.0					
7483.878	16.405000000000655	trials	7.0	7496.084064000001	7497.729217			7495.370521	7498.046148	7499.838	7500.115	2.0		1.0	1.0					
7504.743	8.490999999999985	trials	7.0	7510.107249000001	7511.444522	7512.629722	7513.247170000001	7509.443966	7511.913754			1.0	1.0	0.0	3.0					
7514.984	13.428999999999178	trials	7.0	7524.777242	7525.906894			7523.935654	7526.321677	7528.051	7528.258	2.0		1.0	1.0					
7531.938	11.595000000000255	trials	7.0	7539.878126	7541.603137	7542.723098	7543.543895000001	7538.934474	7542.008633			1.0	1.0	0.0	3.0					
7547.063	9.399999999999636	trials	7.0	7551.463618	7552.889348000001	7553.933836	7554.841738	7550.720997	7553.289785	7554.563	7556.463	1.0	2.0	1.0	1.0					
7560.533	10.625	trials	7.0	7565.367673000001	7567.418917	7568.547124000001	7569.448547	7564.567462	7567.890437	7569.234	7571.158	1.0	2.0	1.0	1.0					
7574.178	11.425000000000182	trials	7.0	7582.039307	7583.545993			7581.278496	7583.524195			2.0		1.0	1.0					
7589.078	11.969999999999345	trials	7.0	7595.509025	7596.975041	7598.346694	7599.375916	7594.859411	7597.668601	7598.968	7601.048	1.0	2.0	1.0	1.0					
7604.069	5.948999999999614	trials	7.0	7606.978177	7608.371495	7609.303352	7610.032315	7606.286555000001	7608.6549620000005			1.0	2.0	0.0	3.0					
7612.629	12.81500000000051	trials	7.0	7621.834478000001	7623.715226	7624.853863	7625.457233	7621.132835	7624.196717			1.0	2.0	0.0	3.0					
7629.213	14.284999999999854	trials	7.0	7638.483394	7639.696931	7640.889755	7641.905793	7637.97061	7640.174809	7641.578	7643.498	1.0	2.0	1.0	1.0					
7646.524	8.003999999999905	trials	7.0	7650.794858	7652.270462			7649.963234	7652.46686			2.0		1.0	1.0					
7658.109	7.063999999999396	trials	7.0	7661.153588	7662.345011			7660.517330000001	7663.008854			2.0		1.0	1.0					
7667.618	9.194999999999709	trials	7.0	7673.803544	7675.624433	7676.246119	7676.827394	7673.14325	7675.610917			1.0	1.0	0.0	3.0					
7680.558	12.670000000000073	trials	7.0	7689.562613	7691.235628			7688.883408	7691.226611			1.0		0.0	2.0					
7695.275	10.644000000000233	trials	7.0	7702.535188	7704.487184	7705.359149	7705.933342	7701.684155	7704.682684			1.0	1.0	0.0	3.0					
7708.678	45.56999999999971	trials	7.0	7751.399446	7752.775900000001	7753.724297000001	7754.263182000001	7750.464455	7753.096398			1.0	1.0	0.0	3.0					
7758.064	13.698999999999614	trials	7.0	7768.444301	7769.560967	7770.704168	7771.547084	7767.501185	7770.043804			1.0	2.0	1.0	1.0					
7774.263	10.694999999999709	trials	7.0	7781.985896	7783.292092	7784.266919	7784.970757	7781.310797	7783.629868			1.0	2.0	0.0	3.0					
7787.569	15.403999999999542	trials	7.0	7797.544831	7799.049764	7800.180053	7801.273256	7796.673095	7799.490544	7800.833	7802.973	1.0	2.0	1.0	1.0					
7807.077	11.166000000000167	trials	7.0	7812.564532	7814.271119	7815.445610000001	7816.495215	7811.598259	7814.792544	7816.253	7818.243	1.0	2.0	1.0	1.0					
7822.263	8.346000000000458	trials	7.0	7826.185072	7828.054907	7829.810685	7830.620693	7825.642688	7829.118676			1.0	2.0	0.0	3.0					
7832.123	26.210000000000036	trials	7.0	7852.944356	7854.221803	7855.542217	7856.635142	7851.973081	7854.910085	7856.214	7858.333	1.0	2.0	1.0	1.0					
7861.394	11.578999999999724	trials	7.0	7867.4945960000005	7868.673718	7869.955852	7871.106092	7866.500525	7869.231531	7870.734	7872.973	1.0	2.0	1.0	1.0					
7877.033	9.240999999999985	trials	7.0	7880.590558	7882.252894			7879.78189	7882.531814	7884.468	7886.274	2.0		1.0	1.0					
7889.355	11.783000000000357	trials	7.0	7896.555293	7898.248415			7895.814572	7898.403646000001	7900.194	7901.138	2.0		1.0	1.0					
7903.173	12.538000000000466	trials	7.0	7911.510539	7913.206049			7910.509202	7913.490805			2.0		1.0	1.0					
7920.238	5.710000000000036	trials	7.0	7922.5907720000005	7924.406959	7925.270456	7925.963540000001	7921.677458	7924.601113000001			1.0	1.0	0.0	3.0					
7929.636	10.041999999999462	trials	7.0	7935.666964	7937.355302			7934.776921000001	7937.521862			2.0		1.0	1.0					
7943.123	11.600000000000364	trials	7.0	7951.070468	7952.731238			7950.178789	7952.720252			1.0		0.0	2.0					
7956.734	15.47899999999936	trials	7.0	7967.195329	7968.421461	7971.8057690000005	7972.22837	7966.31746	7969.295383000001			1.0	2.0	0.0	3.0					
7974.118	10.514999999999418	trials	7.0	7981.8507850000005	7983.18231	7984.069763	7984.64906	7981.170482	7983.492898			1.0	1.0	0.0	3.0					
7986.388	15.295000000000073	trials	7.0	7996.240601	7997.773441	7999.011934	7999.962652	7995.370440000001	7998.333226000001	7999.678	8001.683	1.0	2.0	1.0	1.0					
8004.748	12.105000000000473	trials	7.0	8012.221612	8013.3478190000005	8014.648063000001	8015.444503000001	8011.358351	8013.906104	8015.413	8016.853	1.0	1.0	1.0	1.0					
8018.87	37.89300000000003	trials	7.0	8051.910964000001	8053.492306	8054.792111000001	8055.4001260000005	8051.214122	8054.108990000001	8055.569	8056.763	1.0	1.0	1.0	1.0					
8058.837	7.106999999999971	trials	7.0	8062.091144	8063.905001			8061.303577000001	8063.884816			2.0		1.0	1.0					
8070.478	7.9099999999998545	trials	7.0	8074.976594	8076.861379	8077.782491	8078.402942000001	8074.335961000001	8077.152706			1.0	2.0	0.0	3.0					
8080.086	14.734999999999673	trials	7.0	8091.356425	8093.218282	8094.10351	8094.832024	8090.829866	8093.47716			1.0	1.0	0.0	3.0					
8097.434	18.753999999999905	trials	7.0	8112.691595	8114.452196	8115.582753000001	8116.20445	8111.912795	8114.9210570000005			1.0	2.0	0.0	3.0					
8118.938	14.96100000000024	trials	7.0	8128.431565	8130.17354	8131.23211	8132.13518	8127.7158500000005	8130.557288	8131.953	8133.899	1.0	2.0	1.0	1.0					
8137.958	10.27600000000075	trials	7.0	8141.70616	8143.693090000001	8145.154729	8146.350826	8141.087162	8144.456158	8145.768	8148.234	1.0	2.0	1.0	1.0					
8151.298	7.375	trials	7.0	8154.571847	8155.870724			8153.831795	8156.402986			2.0		1.0	1.0					
8163.194	7.844999999999345	trials	7.0	8166.882502	8168.291147			8166.186362	8168.956255			2.0		1.0	1.0					
8175.618	8.484999999999673	trials	7.0	8179.951231	8181.54571			8179.341227000001	8181.910297			2.0		1.0	1.0					
8186.603	8.884999999999309	trials	7.0	8191.923541	8193.785493	8194.910082	8195.503218	8191.389223	8194.229783			1.0	1.0	0.0	3.0					
8198.234	12.058999999999287	trials	7.0	8204.892791	8206.655832	8207.675159	8208.5602	8204.164972	8207.030973	8208.498	8210.293	1.0	2.0	1.0	1.0					
8213.308	11.659999999999854	trials	7.0	8219.121776	8220.554492	8221.803095	8222.946398	8218.251305	8221.10783	8222.569	8224.968	1.0	2.0	1.0	1.0					
8229.044	8.979999999999563	trials	7.0	8234.372589999999	8235.522301			8233.653589	8235.95039			2.0		1.0	1.0					
8241.563	9.255999999999403	trials	7.0	8246.732451	8248.677647	8249.749198	8250.837671000001	8245.980449	8249.007881			1.0	2.0	0.0	3.0					
8252.058	11.994999999998981	trials	7.0	8259.723023	8261.20856			8258.921231	8261.838353			2.0		1.0	1.0					
8268.496	7.122000000001208	trials	7.0	8271.632699	8273.259206	8274.315532	8275.633468	8271.098303	8273.572994			1.0	2.0	0.0	3.0					
8276.654	13.148999999999432	trials	7.0	8286.672955	8287.960111	8289.117761	8289.819698	8286.099086	8288.489981			1.0	2.0	0.0	3.0					
8291.413	129.78099999999904	trials	7.0	8418.082577000001	8419.150115			8417.130011000001	8419.14554			1.0		0.0	2.0					
8423.203	7.220000000001164	trials	7.0	8426.528374	8428.292405	8429.953615	8430.439516	8425.670353	8428.720163			1.0	1.0	0.0	3.0					
8434.258	29.810999999999694	trials	7.0	8459.170186	8460.765782			8458.506814	8461.136891	8463.098	8464.069	2.0		1.0	1.0					
8466.128	10.329999999999927	trials	7.0	8472.828099	8474.467208			8472.255392	8474.450987			1.0		0.0	2.0					
8479.468	11.149999999999636	trials	7.0	8485.130083	8486.400444	8487.587414	8488.558055	8484.259772000001	8486.761525	8488.263	8490.618	1.0	2.0	1.0	1.0					
8494.638	10.104999999999563	trials	7.0	8501.144	8502.691626	8503.729283	8504.76251	8500.455242	8502.989811			1.0	2.0	0.0	3.0					
8508.024	11.824000000000524	trials	7.0	8514.313996	8515.595878	8516.789911	8517.761789	8513.622508	8516.025241	8517.488	8519.848	1.0	2.0	1.0	1.0					
8522.913	15.05999999999949	trials	7.0	8532.288854	8533.320734	8534.760518	8535.920972	8531.751965	8533.901048	8535.534	8537.973	1.0	2.0	1.0	1.0					
8540.033	13.701000000000931	trials	7.0	8550.804612	8552.176391	8553.246123	8553.75011	8550.008182	8552.503721000001			1.0	1.0	0.0	3.0					
8555.544	19.31999999999971	trials	7.0	8566.424555	8568.243603	8574.319212	8574.884591	8565.908102000001	8568.579604			1.0	1.0	0.0	3.0					
8577.623	10.570999999999913	trials	7.0	8584.699405	8586.641090000001	8587.565078	8588.214433000001	8584.125502	8586.847652			1.0	2.0	0.0	3.0					
8590.878	16.68000000000029	trials	7.0	8603.309651	8605.076219999999	8607.19814	8607.575473	8602.375733	8605.07011			1.0		0.0	2.0					
8609.13	11.833000000000538	trials	7.0	8618.099409	8618.972647			8617.127844999999	8618.95556			1.0		0.0	2.0					
8623.973	38.22099999999955	trials	7.0	8658.175295000001	8659.656169			8657.393095	8660.145403			2.0		1.0	1.0					
8665.714	9.35399999999936	trials	7.0	8671.334596	8673.077864			8670.614621	8673.073888			1.0		0.0	2.0					
8679.078	17.570999999999913	trials	7.0	8693.709788	8694.793571	8695.844913	8696.666765	8692.743019	8695.242901			1.0	1.0	0.0	3.0					
8698.158	16.165000000000873	trials	7.0	8708.865113	8709.946841	8711.35965	8712.271859	8708.150903	8710.646719	8712.093	8714.323	1.0	2.0	1.0	1.0					
8718.343	8.584999999999127	trials	7.0	8723.874539	8725.012121	8726.270968	8726.945781	8723.319709	8725.480455			1.0	2.0	0.0	3.0					
8730.583	15.614999999999782	trials	7.0	8742.710176	8744.593928	8745.55402	8746.219244	8741.855827	8744.854982			1.0	1.0	0.0	3.0					
8749.848	24.2450000000008	trials	7.0	8770.975751	8772.804772	8773.576763000001	8774.111026999999	8770.130773	8772.835088			1.0	1.0	0.0	3.0					
8777.883	21.710000000000946	trials	7.0	8796.330396000001	8797.227974000001	8798.804002	8799.613962	8795.334	8797.223575			1.0		0.0	2.0					
8801.248	429.505000000001	trials	7.0	9226.970151	9228.743015			9226.013	9228.736806			1.0		0.0	2.0					
9233.778	12.655000000000655	trials	7.0	9240.710264	9241.972195	9243.273929	9243.954225	9239.90535	9242.501782	9244.053	9246.433	1.0	2.0	1.0	1.0					
9248.498	14.456000000000131	trials	7.0	9258.810333	9260.187453			9258.13509	9260.704904			2.0		1.0	1.0					
9266.533	13.655000000000655	trials	7.0	9272.966022	9274.574061	9275.942677000001	9276.858645	9272.290181	9275.125533	9276.643	9280.188	1.0	2.0	1.0	1.0					
9283.263	14.885999999998603	trials	7.0	9293.175453	9294.238953	9295.90553	9296.436738	9292.202742	9294.680709	9296.543	9298.149	1.0	1.0	1.0	1.0					
9301.168	11.670000000000073	trials	7.0	9308.416422	9309.747527			9307.880435000001	9310.309859	9312.243	9312.838	2.0		1.0	1.0					
9315.899	10.795000000000073	trials	7.0	9322.890762	9324.138929			9322.063184	9324.52852			2.0		1.0	1.0					
9330.27	9.88799999999901	trials	7.0	9335.765517	9337.587389			9334.926489	9337.880615			2.0		1.0	1.0					
9342.643	10.295000000000073	trials	7.0	9349.277777	9350.524808	9351.715286	9352.569519	9348.523749	9350.940208			1.0	2.0	0.0	3.0					
9354.048	14.760000000000218	trials	7.0	9364.931555	9366.283114	9368.19603	9368.806944	9364.290716	9367.502592			1.0	1.0	0.0	3.0					
9370.514	13.564000000000306	trials	7.0	9380.591081	9381.828592	9383.065356	9384.079001	9379.976436	9382.356201			1.0	2.0	0.0	3.0					
9386.388	17.44999999999891	trials	7.0	9400.601144	9401.949048	9403.090161	9403.837634	9399.766646	9402.395511			1.0	1.0	0.0	3.0					
9407.444	10.454999999999927	trials	7.0	9412.685949	9414.590141			9412.050626	9415.017314	9416.848	9417.899	2.0		1.0	1.0					
9419.918	11.950000000000728	trials	7.0	9426.15325	9427.413977	9429.471704	9430.132255	9425.630645	9427.99853	9430.123	9431.868	1.0	1.0	1.0	1.0					
9435.908	8.076000000000931	trials	7.0	9439.891925	9441.638503			9439.033203	9441.740447			2.0		1.0	1.0					
9448.529	6.088999999999942	trials	7.0	9450.903774	9452.594406	9454.012968000001	9454.62084	9450.365231	9453.31463			1.0	1.0	0.0	3.0					
9458.328	11.284999999999854	trials	7.0	9464.14623	9465.703095	9469.025894	9469.615569	9463.550537	9466.162458			1.0	2.0	0.0	3.0					
9471.338	13.81500000000051	trials	7.0	9481.593122	9483.494061	9484.588768	9485.153503	9480.694950000001	9483.810528			1.0	1.0	0.0	3.0					
9487.953	21.25	trials	7.0	9502.007195	9503.093781	9505.22683	9506.282109	9501.139709000001	9504.418364	9505.909	9509.203	1.0	2.0	1.0	1.0					
9511.223	8.781000000000859	trials	7.0	9516.182189	9517.31859	9519.0843	9520.004786	9515.655365	9518.269791			1.0	2.0	0.0	3.0					
9522.439	22.084999999999127	trials	7.0	9538.797962	9539.917949	9541.373385	9542.525745	9538.041968	9540.539744	9542.133	9544.524	1.0	2.0	1.0	1.0					
9548.569	11.394000000000233	trials	7.0	9553.528875	9555.544337	9556.715448	9557.81663	9552.928251	9555.943055	9557.428	9559.963	1.0	2.0	1.0	1.0					
9561.999	17.235000000000582	trials	7.0	9572.842796	9574.225239	9575.463786	9576.551037	9571.878667	9574.55021	9576.274	9579.234	1.0	2.0	1.0	1.0					
9581.258	12.655000000000655	trials	7.0	9587.802326	9589.170438000001	9590.613999	9591.721733	9586.977663	9589.825658	9591.399	9593.913	1.0	2.0	1.0	1.0					
9596.975	7.907999999999447	trials	7.0	9600.864378	9602.569196			9600.04311	9602.826165	9604.558	9604.678	2.0		1.0	1.0					
9609.434	11.744000000000597	trials	7.0	9615.043287	9616.43459	9617.535917	9618.64686	9614.034511	9616.766684	9618.258	9621.178	1.0	2.0	1.0	1.0					
9623.288	17.18000000000029	trials	7.0	9632.967642	9634.531665	9635.935136	9637.418987000001	9632.045765	9635.063243	9636.649	9640.468	1.0	2.0	1.0	1.0					
9643.533	11.125	trials	7.0	9650.154593	9651.226333			9649.228466	9651.946143	9653.783	9654.658	2.0		1.0	1.0					
9656.678	12.050999999999476	trials	7.0	9665.473146	9666.870137	9668.073053	9668.729039	9664.514763	9667.273072			1.0	1.0	0.0	3.0					
9672.404	14.418999999999869	trials	7.0	9682.643254	9684.130226	9685.72313	9686.826008	9681.904889	9684.985092			1.0	2.0	0.0	3.0					
9690.048	14.045000000000073	trials	7.0	9700.530155	9701.77521	9703.278871	9704.095745	9699.619423	9702.525079000001			1.0	2.0	0.0	3.0					
9706.609	36.625	trials	7.0	9739.848696000001	9741.180066	9742.514727	9743.237439	9739.240293	9741.810297			1.0	1.0	0.0	3.0					
9746.798	78.21999999999935	trials	7.0	9821.53946	9822.961777			9820.676014	9822.955789			1.0		0.0	2.0					
9828.073	38.31999999999971	trials	7.0	9861.660362	9862.851171			9860.843417	9863.145197	9865.038	9866.393	2.0		1.0	1.0					
9870.458	13.619999999998981	trials	7.0	9874.143978	9875.337209	9883.473345	9884.081331	9873.487811	9875.703126			1.0	2.0	0.0	3.0					
9886.796	13.927999999999884	trials	7.0	9896.814124	9898.677231			9896.096448	9898.664906			1.0		0.0	2.0					
9903.734	15.609000000000378	trials	7.0	9915.684789	9917.084823			9914.909811	9917.064294			2.0		1.0	1.0					
9921.915	15.612999999999374	trials	7.0	9930.830144	9932.41641	9934.824384	9935.63714	9929.925639000001	9932.785788	9935.688	9937.528	1.0	2.0	1.0	1.0					
9941.564	9.843999999999141	trials	7.0	9947.920542	9949.768083	9950.823189	9951.414037	9947.012166	9950.04495			1.0	2.0	0.0	3.0					
9955.136	15.61199999999917	trials	7.0	9966.935954	9968.026573	9970.230367	9970.755167	9966.233361	9969.195578			1.0	1.0	0.0	3.0					
9972.553	49.23999999999978	trials	7.0	10018.327197	10019.488783			10017.649010000001	10019.727008	10021.498	10021.698	2.0		1.0	1.0					
10024.329	9.918999999999869	trials	7.0	10030.395431	10032.391607	10033.507418	10034.254163	10029.796391	10032.74319			1.0	1.0	0.0	3.0					
10035.838	12.375	trials	7.0	10044.570315	10046.172426000001			10043.726349	10046.16824			2.0		0.0	2.0					
10051.234	13.584999999999127	trials	7.0	10057.225715	10059.127584	10060.507725	10061.337125	10056.491183	10059.721897	10061.328	10064.819	1.0	2.0	1.0	1.0					
10067.877	12.691999999999098	trials	7.0	10073.555723	10074.846087	10076.208909	10077.263914	10072.899588	10075.356801	10077.033	10080.569	1.0	2.0	1.0	1.0					
10083.6	9.958000000000538	trials	7.0	10090.400823	10091.72262	10092.892608	10093.560607	10089.647624	10092.076791			1.0	1.0	0.0	3.0					
10095.213	15.875	trials	7.0	10105.242062	10106.647572	10107.789554	10108.851699	10104.518745	10107.028326	10108.543	10111.088	1.0	2.0	1.0	1.0					
10114.153	12.0	trials	7.0	10122.541505	10123.982253	10125.474084	10126.159486	10121.73937	10124.639274000001			1.0	2.0	0.0	3.0					
10127.843	23.19499999999971	trials	7.0	10147.176504	10149.079277	10150.195583	10151.045042	10146.437865	10149.520785			1.0	1.0	0.0	3.0					
10153.523	13.3650000000016	trials	7.0	10163.121794	10164.357696			10162.503378	10164.826902			2.0		1.0	1.0					
10170.423	11.529999999998836	trials	7.0	10178.355861	10180.054062	10181.211426	10181.957133	10177.590162	10180.473558			1.0	2.0	0.0	3.0					
10183.544	39.23400000000038	trials	7.0	10219.550525999999	10221.430515	10222.157846	10222.786347	10218.703538	10221.568386			1.0	1.0	0.0	3.0					
10226.522	14.690999999998894	trials	7.0	10235.011488	10236.390116	10237.8624	10238.889587	10234.074485000001	10237.106613	10238.678	10241.213	1.0	2.0	1.0	1.0					
10243.274	10.804000000000087	trials	7.0	10250.221763	10251.787244			10249.271834	10251.829083			2.0		1.0	1.0					
10256.613	11.630000000001019	trials	7.0	10264.317042	10266.258782	10267.564266	10268.251234	10263.531243	10266.819663			1.0	2.0	0.0	3.0					
10271.883	14.0	trials	7.0	10282.106846	10283.955852	10285.285073	10285.88955	10281.449153	10284.36105			1.0	1.0	0.0	3.0					
10287.609	14.15899999999965	trials	7.0	10297.932807000001	10299.393906	10301.267986	10301.775437	10297.234008	10299.748784			1.0	2.0	0.0	3.0					
10303.573	34.54999999999927	trials	7.0	10334.703581	10336.08918	10337.4374	10338.130452	10333.967432	10336.781088			1.0	1.0	0.0	3.0					
10341.748	17.320999999999913	trials	7.0	10355.856962	10357.354046	10358.536257	10359.071621	10354.956458	10357.785315000001			1.0	2.0	0.0	3.0					
10361.848	15.409999999999854	trials	7.0	10371.917877	10373.870346	10374.851556	10375.447845	10371.237966	10374.13938	10375.763	10377.258	1.0	1.0	1.0	1.0					
10381.322	6.511000000000422	trials	7.0	10383.788426	10385.279152			10383.160205	10385.651991			2.0		1.0	1.0					
10391.319	8.28399999999965	trials	7.0	10395.713079000001	10397.478273	10398.931377	10399.610403	10394.811276	10398.140964			1.0	1.0	0.0	3.0					
10403.248	11.425000000001091	trials	7.0	10411.417865	10412.884437	10414.167476	10414.678856	10410.715832	10413.417083			1.0	2.0	0.0	3.0					
10417.484	14.093999999999141	trials	7.0	10427.833556	10429.799596	10431.051827	10431.584975	10427.288174	10430.320035			1.0	2.0	0.0	3.0					
10435.361	36.12299999999959	trials	7.0	10468.744359	10469.99783	10470.978038	10471.493184	10467.974572	10470.307115			1.0	1.0	0.0	3.0					
10474.324	10.443999999999505	trials	7.0	10481.072652	10482.457409			10480.395951	10482.647822			2.0		1.0	1.0					
10488.265	8.143000000000029	trials	7.0	10492.763076	10494.422232	10495.890854	10496.414807000001	10492.00847	10495.010754			1.0	1.0	0.0	3.0					
10499.214	11.694999999999709	trials	7.0	10506.126508	10508.027297			10505.511612	10508.243373	10509.868	10510.909	2.0		1.0	1.0					
10512.928	8.360000000000582	trials	7.0	10518.120303	10519.585758000001	10520.75285	10521.294806	10517.507823	10519.925649			1.0	1.0	0.0	3.0					
10525.078	14.715000000000146	trials	7.0	10533.603656	10534.853876000001	10536.160211	10537.243326	10532.632119	10535.390724	10536.899	10539.793	1.0	2.0	1.0	1.0					
10541.853	14.660000000001673	trials	7.0	10549.509655	10550.875134	10552.437117	10553.479199	10548.788135	10551.601797	10553.018	10556.513	1.0	2.0	1.0	1.0					
10560.536	10.82300000000032	trials	7.0	10567.679250000001	10568.845565	10570.842905	10571.364003	10566.936879	10570.011899000001			1.0	2.0	0.0	3.0					
10573.188	18.568999999999505	trials	7.0	10587.643535	10588.950224			10586.668236	10589.624004			2.0		1.0	1.0					
10596.283	12.125	trials	7.0	10601.069207	10602.321599	10604.43296	10605.479034	10600.339476000001	10603.627776	10605.194	10608.408	1.0	2.0	1.0	1.0					
10610.44	11.143000000000029	trials	7.0	10617.929889	10619.609832	10620.875723000001	10621.592609	10617.168798	10620.03374			1.0	2.0	0.0	3.0					
10623.229	13.364000000001397	trials	7.0	10632.348883999999	10634.026227			10631.698971	10634.377617			2.0		1.0	1.0					
10639.068	12.666000000001077	trials	7.0	10648.339575	10649.939154	10651.292382	10651.738403	10647.465971	10650.52278			1.0	2.0	0.0	3.0					
10653.626	15.662000000000262	trials	7.0	10665.759261	10667.705664000001	10668.533808	10669.296392	10664.944852	10667.751086			1.0	1.0	0.0	3.0					
10672.883	15.575000000000728	trials	7.0	10684.54629	10685.648042			10683.989301	10686.229953			2.0		1.0	1.0					
10691.928	11.534999999999854	trials	7.0	10698.974337	10700.497495	10702.905752	10703.471403	10698.410136	10702.150964			1.0	2.0	0.0	3.0					
10706.228	10.785000000001673	trials	7.0	10713.084966	10714.707848			10712.350614	10714.699689000001			2.0		0.0	2.0					
10720.768	10.354999999999563	trials	7.0	10728.264822000001	10729.083021			10727.56475	10729.079649			1.0		0.0	2.0					
10733.133	44.72600000000057	trials	7.0	10774.549964	10776.243821	10777.15773	10777.86666	10773.653579	10776.366867			1.0	1.0	0.0	3.0					
10780.473	16.780000000000655	trials	7.0	10792.890317	10794.208340000001	10795.272965	10795.853336	10791.921047	10794.561978	10796.003	10797.253	1.0	1.0	1.0	1.0					
10799.319	10.614999999999782	trials	7.0	10806.371906	10807.628871			10805.580105000001	10807.81086			2.0		1.0	1.0					
10813.509	8.264999999999418	trials	7.0	10818.143832	10820.016794	10821.080634	10821.783876	10817.407727	10820.278964000001			1.0	1.0	0.0	3.0					
10825.388	14.984999999998763	trials	7.0	10836.722415	10838.723793000001	10839.581576	10840.382417	10835.799012	10838.842701			1.0	1.0	0.0	3.0					
10843.903	12.770000000000437	trials	7.0	10852.490195	10854.083591			10851.827492	10854.355916	10856.338	10856.673	2.0		1.0	1.0					
10859.778	12.045000000000073	trials	7.0	10865.720894	10867.023087	10868.381567	10869.512474	10865.10933	10867.58708	10869.149	10871.823	1.0	2.0	1.0	1.0					
10875.843	10.305999999998676	trials	7.0	10881.707571	10882.722771	10885.595505	10886.156732	10880.880626	10882.719140000001			1.0		0.0	2.0					
10888.743	11.2549999999992	trials	7.0	10896.806025	10898.573322	10899.545598	10900.005825	10896.001046	10898.761097			1.0	2.0	0.0	3.0					
10901.868	19.38500000000022	trials	7.0	10914.570827	10916.405735	10917.508599	10918.760186	10913.722599	10916.658761	10918.288	10921.253	1.0	2.0	1.0	1.0					
10924.274	11.75	trials	7.0	10930.74066	10932.192387	10933.177901	10934.034203	10930.134501	10932.475043	10933.883	10936.024	1.0	2.0	1.0	1.0					
10939.122	9.681000000000495	trials	7.0	10945.551449	10946.763471	10947.684723	10948.767487000001	10945.033587	10946.753024			1.0		0.0	2.0					
10952.858	14.21099999999933	trials	7.0	10961.241246	10962.418335	10963.763759	10964.815083	10960.351215	10963.061825	10964.513	10967.069	1.0	2.0	1.0	1.0					
10969.109	14.0	trials	7.0	10975.967051	10977.923681	10979.28267	10980.408533	10975.257422	10978.600526	10980.018	10983.109	1.0	2.0	1.0	1.0					
10985.123	8.604999999999563	trials	7.0	10990.372754	10991.723214			10989.54068	10991.717682			2.0		0.0	2.0					
10996.761	10.67699999999968	trials	7.0	11001.114725	11003.0133	11004.148982	11005.303478	11000.149307	11003.377575	11004.888	11007.438	1.0	2.0	1.0	1.0					
11010.455	9.433000000000902	trials	7.0	11015.571492	11017.793609	11019.044187	11019.900093	11014.968302	11018.307332			1.0	2.0	0.0	3.0					
11022.368	19.090000000000146	trials	7.0	11037.616682	11039.459715	11040.70953	11041.471083	11036.857992	11040.033896			1.0	1.0	0.0	3.0					
11043.024	9.91400000000067	trials	7.0	11049.766976	11051.21226	11052.207648	11052.949904000001	11049.119142	11051.514016000001			1.0	2.0	0.0	3.0					
11056.538	51.875	trials	7.0	11104.941681	11106.32943	11107.69536	11108.425065	11104.409001	11106.945512			1.0	1.0	0.0	3.0					
11112.013	10.519999999998618	trials	7.0	11119.542276	11120.868375	11122.017096	11122.547192	11118.995021	11121.344504			1.0	2.0	0.0	3.0					
11125.338	17.159999999999854	trials	7.0	11138.887616	11140.497953			11138.131703	11140.482374			1.0		0.0	2.0					
11144.508	15.685999999999694	trials	7.0	11156.79771	11158.549328000001	11159.430225	11160.203076	11156.159826	11158.844586			1.0	1.0	0.0	3.0					
11163.748	11.079999999999927	trials	7.0	11168.538674	11170.391429	11171.601578	11172.711002	11167.536395	11170.860765	11172.323	11174.828	1.0	2.0	1.0	1.0					
11177.941	11.006999999999607	trials	7.0	11182.418181000001	11184.198227	11185.490025	11186.595674	11181.444008	11184.704622	11186.258	11188.948	1.0	2.0	1.0	1.0					
11190.973	8.194999999999709	trials	7.0	11195.874258	11197.733906	11198.497374	11199.180285	11195.079464	11197.830153			1.0	2.0	0.0	3.0					
11200.819	20.23400000000038	trials	7.0	11214.642449	11216.385933	11217.605144000001	11218.697763	11213.73024	11216.86638	11218.293	11221.053	1.0	2.0	1.0	1.0					
11224.078	21.40600000000086	trials	7.0	11240.668382	11242.526181000001			11239.721016	11242.856407	11244.958	11245.484	2.0		1.0	1.0					
11249.548	9.429999999998472	trials	7.0	11255.108312	11256.416208			11254.493924	11256.71099			2.0		1.0	1.0					
11262.494	10.03899999999885	trials	7.0	11267.228214	11268.726362	11269.712917	11270.576904	11266.331782000001	11269.043819	11270.423	11272.533	1.0	2.0	1.0	1.0					
11276.553	12.220999999999549	trials	7.0	11282.317818	11283.807235	11284.778023	11285.590799	11281.410015	11284.162547	11285.448	11288.774	1.0	2.0	1.0	1.0					
11291.878	731.6549999999988	BlockDesign														1.0	631.0	675.0	90.0	50.0
11291.878	8.389999999999418	trials	8.0	11296.36788	11298.220218	11298.967672	11299.700378	11295.658497	11298.214686			1.0		0.0	2.0					
11304.329	8.834000000000742	trials	8.0	11309.118283	11310.854412	11311.962216	11313.175121	11308.138506	11311.252266			1.0	2.0	0.0	3.0					
11314.285	16.103000000000975	trials	8.0	11326.525740000001	11328.390954			11325.566136	11328.380649			1.0		0.0	2.0					
11332.448	69.10100000000057	trials	8.0	11396.943401	11398.658803	11399.371299	11399.921697	11396.098115	11398.679595	11400.113	11401.549	1.0	1.0	1.0	1.0					
11405.569	10.059000000001106	trials	8.0	11409.915706	11411.441574			11409.047011999999	11411.434256			1.0		0.0	2.0					
11416.543	12.2450000000008	trials	8.0	11422.585194	11424.520436	11425.609536	11426.550052999999	11421.666516000001	11424.907439999999	11426.319	11428.788	1.0	2.0	1.0	1.0					
11430.808	8.505999999999403	trials	8.0	11436.165606	11437.266758			11435.163177	11437.261734			1.0		0.0	2.0					
11442.328	47.85500000000138	trials	8.0	11484.91983	11486.926298	11488.013888	11488.493099	11484.407088	11487.363392	11488.718	11490.183	1.0	1.0	1.0	1.0					
11493.199	8.583999999998923	trials	8.0	11497.839903	11499.191073			11497.008951	11499.649914	11501.444	11501.758	2.0		1.0	1.0					
11506.261	7.617000000000189	trials	8.0	11509.004637	11510.311475	11511.539129	11512.269237	11508.470562	11510.85049	11512.313	11513.878	1.0	1.0	1.0	1.0					
11515.939	11.453999999999724	trials	8.0	11523.759792	11525.091704			11523.130563	11525.317565000001			2.0		1.0	1.0					
11529.873	7.361000000000786	trials	8.0	11534.069547	11535.818516	11536.639875	11537.249046	11533.194575	11535.962502			1.0	1.0	0.0	3.0					
11539.963	10.310999999999694	trials	8.0	11546.836535	11547.851345	11549.599863	11550.290337	11545.898427	11548.871965			1.0	2.0	0.0	3.0					
11552.928	18.191000000000713	trials	8.0	11566.079578	11567.653053	11568.48818	11569.017851	11565.362276	11567.843931	11569.109	11571.119	1.0	1.0	1.0	1.0					
11575.138	15.06499999999869	trials	8.0	11585.780004	11586.866231	11587.884998	11588.569796	11584.968768	11587.223259	11588.653	11590.203	1.0	1.0	1.0	1.0					
11592.263	7.920000000000073	trials	8.0	11596.18485	11597.887098			11595.433775	11598.133669			2.0		1.0	1.0					
11603.743	8.635000000000218	trials	8.0	11605.740636	11607.739121	11608.661906000001	11609.775173	11604.432525	11607.914806	11609.323	11612.378	1.0	2.0	1.0	1.0					
11616.439	10.709999999999127	trials	8.0	11621.519054	11622.973649	11624.656121	11625.451843	11620.646215	11623.917175999999	11625.418	11627.149	1.0	1.0	1.0	1.0					
11630.168	8.980999999999767	trials	8.0	11635.541563	11637.530385	11638.635279	11639.165742000001	11634.561299	11637.914376			1.0	2.0	0.0	3.0					
11642.948	13.465000000000146	trials	8.0	11652.542146	11653.866906			11652.001085	11654.298634			2.0		1.0	1.0					
11658.938	10.905000000000655	trials	8.0	11665.910764	11667.591857			11665.209792	11667.782027000001			2.0		1.0	1.0					
11672.399	17.364000000001397	trials	8.0	11684.270886	11686.204341	11687.258781	11688.179808	11683.611627	11686.527906	11687.899	11689.763	1.0	1.0	1.0	1.0					
11693.828	10.805000000000291	trials	8.0	11699.07027	11700.9876	11701.920147	11702.771157	11698.285128	11701.235525	11702.533	11704.633	1.0	1.0	1.0	1.0					
11708.688	11.25	trials	8.0	11714.080829999999	11716.239314	11717.253929999999	11717.950067	11713.518279	11716.573455	11718.038	11719.938	1.0	1.0	1.0	1.0					
11722.053	11.239999999999782	trials	8.0	11727.985983	11729.751109			11727.257802	11730.17877	11731.859	11733.293	2.0		1.0	1.0					
11736.319	7.699000000000524	trials	8.0	11740.615509	11742.027476			11739.703386000001	11742.016527			1.0		0.0	2.0					
11747.068	10.180000000000291	trials	8.0	11753.597133	11755.585797	11756.477912	11757.265043	11752.922957	11755.822501999999			1.0	2.0	0.0	3.0					
11759.776	18.686999999999898	trials	8.0	11772.450948	11773.795611	11775.364123	11776.410523999999	11771.448003	11774.20236	11776.143	11778.463	1.0	2.0	1.0	1.0					
11781.479	11.559000000001106	trials	8.0	11789.421527	11790.537852			11788.544457	11790.992639			2.0		1.0	1.0					
11795.583	11.295000000000073	trials	8.0	11801.756927	11803.06805	11804.067483	11804.896671999999	11801.149979	11803.407926	11804.928	11806.878	1.0	1.0	1.0	1.0					
11810.953	10.59100000000035	trials	8.0	11816.427015000001	11817.838817	11819.012216	11819.731184	11815.560564	11818.364367	11819.683	11821.544	1.0	1.0	1.0	1.0					
11823.609	10.34900000000016	trials	8.0	11828.976689	11830.525329	11831.431314	11832.295449000001	11828.300648	11830.793079	11832.183	11833.958	1.0	1.0	1.0	1.0					
11836.026	14.772000000000844	trials	8.0	11844.766887	11845.941563			11844.139821	11846.528826	11848.303	11850.798	2.0		1.0	1.0					
11854.859	11.118999999998778	trials	8.0	11860.786601	11862.030471	11863.103693000001	11863.881695	11860.042542	11862.479037000001	11863.828	11865.978	1.0	1.0	1.0	1.0					
11869.029	10.539999999999054	trials	8.0	11874.503036	11876.413298	11877.529608	11877.878171	11873.880703	11876.806904000001			2.0		0.0	4.0					
11883.614	9.799000000000888	trials	8.0	11887.196709	11888.813544	11889.986298	11891.103567	11886.339835	11889.276252	11890.758	11893.413	1.0	2.0	1.0	1.0					
11897.453	9.385000000000218	trials	8.0	11901.361923	11903.245568	11904.475544	11905.273739	11900.757416	11903.576315	11905.163	11906.838	1.0	1.0	1.0	1.0					
11909.859	8.949000000000524	trials	8.0	11914.293725	11916.309305			11913.690699	11916.652758			2.0		1.0	1.0					
11921.356	11.378000000000611	trials	8.0	11927.777542	11929.43712	11930.342948	11931.096258	11926.871629000001	11929.66173	11931.018	11932.734	1.0	1.0	1.0	1.0					
11934.774	14.34900000000016	trials	8.0	11944.102653	11945.793518	11946.769399	11947.498307	11943.583317	11946.124356	11947.468	11949.123	1.0	1.0	1.0	1.0					
11952.149	12.84400000000096	trials	8.0	11959.5321	11960.967747	11962.596311000001	11963.325423	11958.914256	11961.935868	11963.359	11964.993	1.0	1.0	1.0	1.0					
11967.058	11.279999999998836	trials	8.0	11973.362085	11974.857721	11975.867405	11976.701997	11972.613665	11975.195142	11976.493	11978.338	1.0	1.0	1.0	1.0					
11981.36	8.992999999998574	trials	8.0	11985.647784	11987.001493	11987.945838	11988.733273	11985.026912000001	11987.321646	11988.843	11990.353	1.0	1.0	1.0	1.0					
11992.373	18.090000000000146	trials	8.0	12005.157212	12007.213262000001	12008.138909000001	12008.798339	12004.421738000001	12007.483818	12008.915	12010.463	1.0	1.0	1.0	1.0					
12014.524	9.009000000000015	trials	8.0	12018.932959	12020.063875	12021.097170000001	12021.813737	12018.126912	12020.487977	12021.778	12023.533	1.0	1.0	1.0	1.0					
12026.558	981.2849999999999	BlockDesign														0.0	676.0	730.0	50.0	90.0
12026.558	9.300999999999476	trials	9.0	12032.63814	12033.885861	12035.028192	12035.874425	12031.640822000001	12034.329353000001			1.0	1.0	0.0	3.0					
12039.333	10.860999999998967	trials	9.0	12043.513284	12044.764808	12046.774209	12047.763138	12042.713516	12046.042019	12047.403	12050.194	1.0	2.0	1.0	1.0					
12054.263	5.184999999999491	trials	9.0	12056.41973	12057.546297	12059.002583	12059.464297999999	12055.62204	12058.401638			1.0	1.0	0.0	3.0					
12063.303	67.10499999999956	trials	9.0	12125.273133	12126.790262999999			12124.581078	12127.344678	12129.223	12130.408	2.0		1.0	1.0					
12132.488	10.25	trials	9.0	12137.528168	12139.385241	12140.331602	12141.078149	12136.641932	12139.686547000001	12141.018	12142.738	1.0	1.0	1.0	1.0					
12144.758	9.094999999999345	trials	9.0	12148.545212	12150.07992	12151.495496	12152.257733	12147.623072	12150.797632	12152.128	12153.853	1.0	1.0	1.0	1.0					
12155.904	8.113999999999578	trials	9.0	12160.438926	12162.458875	12163.347449	12164.035034	12159.755882	12162.722002999999			1.0	1.0	0.0	3.0					
12166.713	9.114999999999782	trials	9.0	12172.448789	12174.030381	12175.330727	12175.843552	12171.878327	12174.651513			1.0	1.0	0.0	3.0					
12178.683	59.20999999999913	trials	9.0	12233.536008	12235.106157			12232.833488	12235.767837	12237.609	12237.728	2.0		1.0	1.0					
12241.442	10.79200000000128	trials	9.0	12246.582634	12248.333245	12249.311547	12250.143806	12245.673386999999	12248.561698	12250.128	12252.234	1.0	2.0	1.0	1.0					
12256.293	5.730999999999767	trials	9.0	12258.3774	12259.461605			12257.708267	12259.838099			2.0		1.0	1.0					
12264.563	10.604999999999563	trials	9.0	12268.352456999999	12269.436179	12271.891755	12272.811941	12267.819	12271.100562	12272.633	12275.168	1.0	2.0	1.0	1.0					
12278.186	12.00799999999981	trials	9.0	12285.266948	12286.784943	12287.718009	12288.491538	12284.466621	12287.076982999999	12288.443	12290.194	1.0	1.0	1.0	1.0					
12293.263	11.489999999999782	trials	9.0	12300.702983	12302.143845			12299.824449	12302.505635			2.0		1.0	1.0					
12309.232	52.810999999999694	trials	9.0	12359.227769	12360.481112	12361.526260999999	12362.0448	12358.411952	12360.790214999999			1.0	1.0	0.0	3.0					
12365.873	10.71100000000115	trials	9.0	12370.418511	12371.578266	12372.93108	12373.961186999999	12369.831006	12372.276939	12373.788	12376.584	1.0	2.0	1.0	1.0					
12380.638	6.549999999999272	trials	9.0	12383.013077	12384.671423			12382.435545	12384.924899			2.0		1.0	1.0					
12389.728	13.6200000000008	trials	9.0	12397.205381	12398.739899	12399.943833	12400.980801	12396.495993	12399.098692	12400.763	12403.348	1.0	2.0	1.0	1.0					
12405.388	7.795000000000073	trials	9.0	12410.182966999999	12411.174878			12409.583496	12411.164567			1.0		0.0	2.0					
12416.189	22.72400000000016	trials	9.0	12431.673395	12433.702616999999	12434.94051	12435.987579	12431.116299	12434.279331	12435.623	12438.913	1.0	2.0	1.0	1.0					
12441.938	18.789999999999054	trials	9.0	12446.022911	12447.468604	12458.299882	12459.014498	12445.116741	12447.706613	12458.993	12460.728	1.0	1.0	1.0	1.0					
12462.748	8.070999999999913	trials	9.0	12467.668497	12469.384065	12470.126328999999	12470.823726	12467.039442	12469.515195			1.0	1.0	0.0	3.0					
12473.453	13.355000000001382	trials	9.0	12480.193512	12482.150228999999	12483.301521	12484.46429	12479.52104	12482.615463	12483.974	12486.808	1.0	2.0	1.0	1.0					
12488.873	21.361000000000786	trials	9.0	12506.240007999999	12507.67887			12505.421156999999	12507.985863			2.0		1.0	1.0					
12514.748	6.3400000000001455	trials	9.0	12517.568847	12519.41274	12520.27701	12521.09259	12516.608693	12519.585262			1.0	1.0	0.0	3.0					
12522.593	35.08499999999913	trials	9.0	12531.304014	12532.934508999999	12533.935298999999	12534.660321	12530.558733	12533.155476	12534.553	12557.678	1.0	2.0	1.0	1.0					
12560.745	9.732999999998356	trials	9.0	12567.273642	12568.471363			12566.414922	12568.458722			1.0		0.0	2.0					
12573.488	9.885000000000218	trials	9.0	12580.240953	12581.681204999999	12582.621207	12583.377419	12579.439167	12581.941386			1.0	1.0	0.0	3.0					
12586.953	15.610000000000582	trials	9.0	12596.406183	12598.309166	12599.110646	12600.169184999999	12595.597364	12598.43252	12599.828	12602.563	1.0	2.0	1.0	1.0					
12606.633	9.630000000001019	trials	9.0	12612.359167999999	12614.338448999999	12615.800984	12616.265847	12611.761817999999	12615.000759			1.0	1.0	0.0	3.0					
12619.172	9.251000000000204	trials	9.0	12625.023996	12626.422016999999	12627.791511	12628.102108	12624.224411	12626.408496			1.0		0.0	2.0					
12630.433	11.914999999999054	trials	9.0	12638.554938	12639.836754			12637.758576	12640.180215			2.0		1.0	1.0					
12644.919	13.835000000000946	trials	9.0	12652.540449	12654.234642	12655.486064	12656.571036	12651.910781999999	12654.747722	12656.234	12658.754	1.0	2.0	1.0	1.0					
12660.798	12.579999999999927	trials	9.0	12667.951547	12669.578099999999	12670.571888999999	12671.501	12666.986307	12669.857919	12671.289	12673.378	1.0	2.0	1.0	1.0					
12677.438	11.58599999999933	trials	9.0	12682.295049	12684.210444	12685.196845	12686.086113	12681.477511	12684.447073	12685.888	12689.024	1.0	2.0	1.0	1.0					
12691.083	14.385000000000218	trials	9.0	12702.040581	12703.152237	12704.720432	12705.473168999999	12701.176806	12703.996887			1.0	1.0	0.0	3.0					
12709.078	10.25	trials	9.0	12713.100342	12714.236999	12715.370305999999	12716.531679	12712.281386999999	12714.627398999999	12716.168	12719.328	1.0	2.0	1.0	1.0					
12721.396	12.136999999998807	trials	9.0	12726.690417	12727.771386	12730.079255999999	12731.050573999999	12726.072159	12728.840552	12730.758	12733.533	1.0	2.0	1.0	1.0					
12736.553	9.8700000000008	trials	9.0	12742.736427	12743.839045			12742.072989	12744.272937	12746.109	12746.283	2.0		1.0	1.0					
12750.883	7.5900000000001455	trials	9.0	12754.966092	12756.472378999999	12757.236477	12757.737863999999	12754.444679	12756.467007			1.0		0.0	2.0					
12760.528	10.209999999999127	trials	9.0	12766.345718999999	12768.153143			12765.646283	12768.524886	12770.313	12770.473	2.0		1.0	1.0					
12774.253	12.90599999999904	trials	9.0	12780.407151	12781.717381999999	12783.735542	12784.7262	12779.507352	12782.989105	12784.533	12787.159	1.0	2.0	1.0	1.0					
12789.208	13.510000000000218	trials	9.0	12796.610472	12798.336545	12799.304021	12800.410724	12795.631256	12798.566357	12799.984	12802.718	1.0	2.0	1.0	1.0					
12805.743	11.264999999999418	trials	9.0	12810.886007	12812.402772	12813.3714	12814.453927999999	12809.929592999999	12812.678151	12814.208	12817.008	1.0	2.0	1.0	1.0					
12820.071	14.447000000000116	trials	9.0	12828.140755999999	12829.999763	12831.005345	12832.175477	12827.57243	12830.247075	12831.658	12834.518	1.0	2.0	1.0	1.0					
12838.553	8.549999999999272	trials	9.0	12842.782176	12844.795694			12841.905315	12845.022044			2.0		1.0	1.0					
12851.618	6.28099999999904	trials	9.0	12853.681069	12855.642709			12852.862707	12855.779741999999			2.0		1.0	1.0					
12862.468	15.549999999999272	trials	9.0	12868.886319	12870.912784	12875.705874	12876.41384	12868.033695	12871.316754	12876.403	12878.018	1.0	1.0	1.0	1.0					
12880.038	11.625	trials	9.0	12885.796156	12887.942776	12888.843326	12889.478282	12884.920512	12888.147793	12889.518	12891.663	1.0	1.0	1.0	1.0					
12893.734	8.664999999999054	trials	9.0	12898.336772999999	12899.847443			12897.344231	12900.230438999999			2.0		1.0	1.0					
12906.003	8.11199999999917	trials	9.0	12908.771502	12910.0032	12911.340651999999	12911.911393	12907.801736	12910.457187	12912.098	12914.115	1.0	1.0	1.0	1.0					
12917.13	13.07300000000032	trials	9.0	12925.061529	12926.388237	12927.274677	12928.008915999999	12924.208331	12926.596739999999	12927.984	12930.203	1.0	1.0	1.0	1.0					
12932.218	44.73099999999977	trials	9.0	12970.667515	12972.266973	12973.396345	12974.369496	12970.021224	12972.602046	12974.093	12976.949	1.0	2.0	1.0	1.0					
12980.973	9.364999999999782	trials	9.0	12987.276327	12988.333951999999			12986.531271	12988.321188			1.0		0.0	2.0					
12992.344	15.499000000001615	trials	9.0	12995.946503	12997.437417	12998.545293	12999.510644	12995.418867	12997.798982	12999.308	13007.843	1.0	2.0	1.0	1.0					
